Time,Series_C
2026-02-21 07:22:01,83.89568499991653
2026-02-21 07:22:31,70.8958335786513
2026-02-21 07:23:01,82.65555058132583
2026-02-21 07:23:31,103.92923795033741
2026-02-21 07:24:01,84.86125223899371
2026-02-21 07:24:31,58.689770552997466
2026-02-21 07:25:01,114.89665646783351
2026-02-21 07:25:31,102.18526921971566
2026-02-21 07:26:01,68.716892675521
2026-02-21 07:26:31,52.584690919631704
2026-02-21 07:27:01,35.75841262089091
2026-02-21 07:27:31,42.07434792153612
2026-02-21 07:28:01,37.06329697963984
2026-02-21 07:28:31,52.86189903845975
2026-02-21 07:29:01,73.24123905670655
2026-02-21 07:29:31,42.862351996964044
2026-02-21 07:30:01,73.4128943418652
2026-02-21 07:30:31,93.68858401487795
2026-02-21 07:31:01,89.62108095653372
2026-02-21 07:31:31,58.13713444044375
2026-02-21 07:32:01,76.82676816138238
2026-02-21 07:32:31,70.93006188437262
2026-02-21 07:33:01,72.48384434192356
2026-02-21 07:33:31,71.24154347123155
2026-02-21 07:34:01,55.034322267945456
2026-02-21 07:34:31,58.24207027869656
2026-02-21 07:35:01,53.35706117804112
2026-02-21 07:35:31,45.42944818463521
2026-02-21 07:36:01,49.17500743128347
2026-02-21 07:36:31,59.72633074846887
2026-02-21 07:37:01,64.2440798188214
2026-02-21 07:37:31,60.10307616314886
2026-02-21 07:38:01,37.62029968288642
2026-02-21 07:38:31,111.0698824011221
2026-02-21 07:39:01,81.41288828410285
2026-02-21 07:39:31,57.82628066825153
2026-02-21 07:40:01,67.03628555678551
2026-02-21 07:40:31,62.10428307343594
2026-02-21 07:41:01,71.10473612034703
2026-02-21 07:41:31,92.06861005260777
2026-02-21 07:42:01,74.48225102065567
2026-02-21 07:42:31,74.82852565500706
2026-02-21 07:43:01,64.48305119029357
2026-02-21 07:43:31,88.27711906429514
2026-02-21 07:44:01,72.31149591685188
2026-02-21 07:44:31,119.48379080823422
2026-02-21 07:45:01,67.07009518086859
2026-02-21 07:45:31,60.655103480581595
2026-02-21 07:46:01,69.44590022337418
2026-02-21 07:46:31,72.34531989692753
2026-02-21 07:47:01,67.86179554995906
2026-02-21 07:47:31,93.3120536115101
2026-02-21 07:48:01,67.00113207471222
2026-02-21 07:48:31,62.45092166088179
2026-02-21 07:49:01,45.44793345647815
2026-02-21 07:49:31,51.551453068846584
2026-02-21 07:50:01,68.44994186998437
2026-02-21 07:50:31,41.62189305589191
2026-02-21 07:51:01,79.51758279949873
2026-02-21 07:51:31,88.69303950348429
2026-02-21 07:52:01,34.654950084176086
2026-02-21 07:52:31,57.7578312097279
2026-02-21 07:53:01,61.79344833023307
2026-02-21 07:53:31,52.208623194890414
2026-02-21 07:54:01,55.93077176264063
2026-02-21 07:54:31,52.586676634839094
2026-02-21 07:55:01,89.03596425175134
2026-02-21 07:55:31,110.58305008564015
2026-02-21 07:56:01,49.2752785316239
2026-02-21 07:56:31,68.76159946374254
2026-02-21 07:57:01,36.79394416478462
2026-02-21 07:57:31,72.48899467996594
2026-02-21 07:58:01,59.379340407159106
2026-02-21 07:58:31,99.00224877032548
2026-02-21 07:59:01,39.416446142506786
2026-02-21 07:59:31,68.27718083534158
2026-02-21 08:00:01,51.53200282852129
2026-02-21 08:00:31,78.20949136030883
2026-02-21 08:01:01,84.48557571353918
2026-02-21 08:01:31,75.69385409774274
2026-02-21 08:02:01,35.79362072242215
2026-02-21 08:02:31,89.52988015135026
2026-02-21 08:03:01,61.52009416554562
2026-02-21 08:03:31,43.48433186293686
2026-02-21 08:04:01,35.276896606747535
2026-02-21 08:04:31,55.55422013658485
2026-02-21 08:05:01,54.829607745052385
2026-02-21 08:05:31,59.82927121854809
2026-02-21 08:06:01,58.86397992165483
2026-02-21 08:06:31,97.00373032668396
2026-02-21 08:07:01,79.44962680815726
2026-02-21 08:07:31,56.17522135927383
2026-02-21 08:08:01,62.796282209766865
2026-02-21 08:08:31,85.0367932054256
2026-02-21 08:09:01,82.07033671365119
2026-02-21 08:09:31,84.6601133042542
2026-02-21 08:10:01,76.65770057158568
2026-02-21 08:10:31,79.45183733033186
2026-02-21 08:11:01,106.72773522865253
2026-02-21 08:11:31,63.79857839400474
2026-02-21 08:12:01,53.41285381385035
2026-02-21 08:12:31,70.38093111636647
2026-02-21 08:13:01,56.96796207799333
2026-02-21 08:13:31,65.27956514891244
2026-02-21 08:14:01,53.55485875610718
2026-02-21 08:14:31,70.62244124051969
2026-02-21 08:15:01,94.07178637692414
2026-02-21 08:15:31,86.95882223008833
2026-02-21 08:16:01,65.06920581935522
2026-02-21 08:16:31,72.79531400315706
2026-02-21 08:17:01,74.45115594614171
2026-02-21 08:17:31,69.79239959916039
2026-02-21 08:18:01,68.58654717298836
2026-02-21 08:18:31,80.2442534571878
2026-02-21 08:19:01,73.75773138389917
2026-02-21 08:19:31,62.587095206161926
2026-02-21 08:20:01,43.00029614027236
2026-02-21 08:20:31,122.44788985636781
2026-02-21 08:21:01,215.03838925161344
2026-02-21 08:21:31,170.03493589934646
2026-02-21 08:22:01,81.03547928919079
2026-02-21 08:22:31,74.48366355483634
2026-02-21 08:23:01,76.82753519778672
2026-02-21 08:23:31,97.82849478748825
2026-02-21 08:24:01,42.758287796545616
2026-02-21 08:24:31,67.27630807129572
2026-02-21 08:25:01,77.37796325625976
2026-02-21 08:25:31,92.20880751072443
2026-02-21 08:26:01,69.51924271733922
2026-02-21 08:26:31,77.99597410543687
2026-02-21 08:27:01,118.8963807050647
2026-02-21 08:27:31,144.3793246596397
2026-02-21 08:28:01,65.34445306117718
2026-02-21 08:28:31,69.4498099667099
2026-02-21 08:29:01,63.48520820822024
2026-02-21 08:29:31,41.96553986498307
2026-02-21 08:30:01,46.31019505858895
2026-02-21 08:30:31,84.65454825047948
2026-02-21 08:31:01,176.14124275776325
2026-02-21 08:31:31,170.23958281760974
2026-02-21 08:32:01,66.17348644782783
2026-02-21 08:32:31,43.82699413546273
2026-02-21 08:33:01,62.10197402605466
2026-02-21 08:33:31,80.4829585600108
2026-02-21 08:34:01,35.656284237612745
2026-02-21 08:34:31,76.31170401357703
2026-02-21 08:35:01,88.47439271883472
2026-02-21 08:35:31,111.48282406933279
2026-02-21 08:36:01,67.41355902706509
2026-02-21 08:36:31,145.10591115860493
2026-02-21 08:37:01,37.99811788571286
2026-02-21 08:37:31,68.79141508302422
2026-02-21 08:38:01,75.75731534255922
2026-02-21 08:38:31,158.5132547116602
2026-02-21 08:39:01,75.17235685875383
2026-02-21 08:39:31,92.55210127504495
2026-02-21 08:40:01,116.27163514791745
2026-02-21 08:40:31,90.86411187470867
2026-02-21 08:41:01,151.68503240672072
2026-02-21 08:41:31,184.30532151691958
2026-02-21 08:42:01,134.99492421839764
2026-02-21 08:42:31,148.1009478830925
2026-02-21 08:43:01,81.1063117211146
2026-02-21 08:43:31,92.34183967512351
2026-02-21 08:44:01,66.48380268702614
2026-02-21 08:44:31,50.861292548895634
2026-02-21 08:45:01,161.3764366289219
2026-02-21 08:45:31,182.00046388322258
2026-02-21 08:46:01,151.2353785046548
2026-02-21 08:46:31,62.20603574414305
2026-02-21 08:47:01,140.6533450938794
2026-02-21 08:47:31,99.96566479937033
2026-02-21 08:48:01,113.27709284067143
2026-02-21 08:48:31,144.16664476614648
2026-02-21 08:49:01,140.34497522793163
2026-02-21 08:49:31,113.10234727917941
2026-02-21 08:50:01,142.03462200463045
2026-02-21 08:50:31,43.140416349346516
2026-02-21 08:51:01,104.64913623300278
2026-02-21 08:51:31,82.7913639566589
2026-02-21 08:52:01,52.61972537885422
2026-02-21 08:52:31,97.31000732781037
2026-02-21 08:53:01,70.000299761857
2026-02-21 08:53:31,54.61839374500164
2026-02-21 08:54:01,58.00068141698495
2026-02-21 08:54:31,61.62464238117036
2026-02-21 08:55:01,60.57992466987184
2026-02-21 08:55:31,43.9076308221371
2026-02-21 08:56:01,81.30311064937649
2026-02-21 08:56:31,41.27148451022705
2026-02-21 08:57:01,83.72205015513188
2026-02-21 08:57:31,100.41961515719089
2026-02-21 08:58:01,52.13223378537636
2026-02-21 08:58:31,69.85919639171884
2026-02-21 08:59:01,85.13592289667173
2026-02-21 08:59:31,81.8629026471376
2026-02-21 09:00:01,55.416882525667134
2026-02-21 09:00:31,43.82683600184223
2026-02-21 09:01:01,99.93058988372351
2026-02-21 09:01:31,58.6858339545838
2026-02-21 09:02:01,35.1038502159973
2026-02-21 09:02:31,112.0311418216215
2026-02-21 09:03:01,81.65539377990832
2026-02-21 09:03:31,77.75453302280576
2026-02-21 09:04:01,58.10287876096377
2026-02-21 09:04:31,70.44714885512093
2026-02-21 09:05:01,40.068321104597175
2026-02-21 09:05:31,56.51728540501827
2026-02-21 09:06:01,73.92925823377486
2026-02-21 09:06:31,84.48263031169886
2026-02-21 09:07:01,55.517796709957246
2026-02-21 09:07:31,76.65511299684856
2026-02-21 09:08:01,66.20661362745301
2026-02-21 09:08:31,91.2396400262619
2026-02-21 09:09:01,55.378109525921204
2026-02-21 09:09:31,83.68716302422435
2026-02-21 09:10:01,83.61992409217697
2026-02-21 09:10:31,77.03263860784395
2026-02-21 09:11:01,64.92947332137521
2026-02-21 09:11:31,87.41183498734404
2026-02-21 09:12:01,77.41124985775869
2026-02-21 09:12:31,75.30934844774686
2026-02-21 09:13:01,100.0690405800553
2026-02-21 09:13:31,94.10189677743294
2026-02-21 09:14:01,79.0672498169173
2026-02-21 09:14:31,68.41252683459473
2026-02-21 09:15:01,71.44562441649988
2026-02-21 09:15:31,48.37889539747552
2026-02-21 09:16:01,76.51684905802409
2026-02-21 09:16:31,92.96193718621291
2026-02-21 09:17:01,80.82653277518209
2026-02-21 09:17:31,84.03473134368443
2026-02-21 09:18:01,82.30770403021135
2026-02-21 09:18:31,76.68894538082583
2026-02-21 09:19:01,67.47958045359753
2026-02-21 09:19:31,83.92855905251155
2026-02-21 09:20:01,94.03357583607851
2026-02-21 09:20:31,57.96280396752051
2026-02-21 09:21:01,45.619966819130134
2026-02-21 09:21:31,50.3077588442571
2026-02-21 09:22:01,139.7601594557468
2026-02-21 09:22:31,105.44288998133149
2026-02-21 09:23:01,121.48157227962926
2026-02-21 09:23:31,78.51434861562907
2026-02-21 09:24:01,77.61916079540633
2026-02-21 09:24:31,91.04662169734405
2026-02-21 09:25:01,72.50789454188796
2026-02-21 09:25:31,65.58475392544743
2026-02-21 09:26:01,69.2052345659464
2026-02-21 09:26:31,57.619812206163154
2026-02-21 09:27:01,63.54806214371922
2026-02-21 09:27:31,110.61853872512476
2026-02-21 09:28:01,76.65187541163858
2026-02-21 09:28:31,128.5836006570135
2026-02-21 09:29:01,138.19800304870108
2026-02-21 09:29:31,146.06706921795964
2026-02-21 09:30:01,73.96552095449084
2026-02-21 09:30:31,43.06687647057147
2026-02-21 09:31:01,91.72077910085683
2026-02-21 09:31:31,48.549387814123826
2026-02-21 09:32:01,98.5019572613916
2026-02-21 09:32:31,42.55047093402742
2026-02-21 09:33:01,67.96277783990386
2026-02-21 09:33:31,233.68560783910604
2026-02-21 09:34:01,207.58291109548512
2026-02-21 09:34:31,77.75698107641868
2026-02-21 09:35:01,59.515001381270906
2026-02-21 09:35:31,65.65403945060672
2026-02-21 09:36:01,34.37786573491015
2026-02-21 09:36:31,82.58678485694631
2026-02-21 09:37:01,119.20392785052564
2026-02-21 09:37:31,72.23644174261895
2026-02-21 09:38:01,98.13607740206434
2026-02-21 09:38:31,80.17368262303222
2026-02-21 09:39:01,107.92658303051195
2026-02-21 09:39:31,60.896561308372995
2026-02-21 09:40:01,70.82494192888853
2026-02-21 09:40:31,71.58287180600588
2026-02-21 09:41:01,42.54981226675114
2026-02-21 09:41:31,84.65462908938404
2026-02-21 09:42:01,98.10541633429638
2026-02-21 09:42:31,128.2400132094342
2026-02-21 09:43:01,41.10333655803714
2026-02-21 09:43:31,50.82512261691241
2026-02-21 09:44:01,88.96387404543317
2026-02-21 09:44:31,49.103183164171305
2026-02-21 09:45:01,172.85399223272307
2026-02-21 09:45:31,123.06416668866767
2026-02-21 09:46:01,103.68671950497881
2026-02-21 09:46:31,98.999436522538
2026-02-21 09:47:01,112.07014986247725
2026-02-21 09:47:31,176.5697093988447
2026-02-21 09:48:01,113.37642699843616
2026-02-21 09:48:31,88.58474926712732
2026-02-21 09:49:01,154.2422238410797
2026-02-21 09:49:31,132.16455246177912
2026-02-21 09:50:01,88.30732833478159
2026-02-21 09:50:31,61.16767223015165
2026-02-21 09:51:01,132.51212524171393
2026-02-21 09:51:31,51.69027357662031
2026-02-21 09:52:01,61.13506319273924
2026-02-21 09:52:31,42.96477775701127
2026-02-21 09:53:01,39.828350817944035
2026-02-21 09:53:31,47.41206668398787
2026-02-21 09:54:01,34.999510238546215
2026-02-21 09:54:31,45.895562508087465
2026-02-21 09:55:01,47.44688961032172
2026-02-21 09:55:31,44.79280740001258
2026-02-21 09:56:01,34.13764213419733
2026-02-21 09:56:31,41.240623192829425
2026-02-21 09:57:01,47.92913451735157
2026-02-21 09:57:31,42.48360532716303
2026-02-21 09:58:01,45.27578367518536
2026-02-21 09:58:31,46.0320798361815
2026-02-21 09:59:01,43.448220004470414
2026-02-21 09:59:31,41.689020323753155
2026-02-21 10:00:01,54.859853879985444
2026-02-21 10:00:31,42.10362665955903
2026-02-21 10:01:01,43.65532228135891
2026-02-21 10:01:31,42.68950300734379
2026-02-21 10:02:01,52.343503100079104
2026-02-21 10:02:31,50.89699299180347
2026-02-21 10:03:01,44.9625293816354
2026-02-21 10:03:31,40.999103512804474
2026-02-21 10:04:01,50.998456725807
2026-02-21 10:04:31,43.65378008983312
2026-02-21 10:05:01,46.971490705471226
2026-02-21 10:05:31,51.535342610534364
2026-02-21 10:06:01,48.42088101958444
2026-02-21 10:06:31,43.51725096609918
2026-02-21 10:07:01,49.275020303900455
2026-02-21 10:07:31,51.0702200820471
2026-02-21 10:08:01,42.1723995863664
2026-02-21 10:08:31,51.241681381771265
2026-02-21 10:09:01,42.96443053876426
2026-02-21 10:09:31,53.65559456045476
2026-02-21 10:10:01,59.688116610513575
2026-02-21 10:10:31,56.48210953716855
2026-02-21 10:11:01,45.03288238139129
2026-02-21 10:11:31,43.653387750332065
2026-02-21 10:12:01,59.41306425506438
2026-02-21 10:12:31,51.72626099537225
2026-02-21 10:13:01,68.89826057079938
2026-02-21 10:13:31,63.551123687442455
2026-02-21 10:14:01,56.37853396222887
2026-02-21 10:14:31,58.96411542116798
2026-02-21 10:15:01,67.8604140280332
2026-02-21 10:15:31,60.34522125603413
2026-02-21 10:16:01,73.79504888245573
2026-02-21 10:16:31,76.8959240156623
2026-02-21 10:17:01,82.10222717655434
2026-02-21 10:17:31,90.44754108171993
2026-02-21 10:18:01,101.61704770743935
2026-02-21 10:18:31,58.48049121943642
2026-02-21 10:19:01,53.65370404555303
2026-02-21 10:19:31,78.20978745442123
2026-02-21 10:20:01,70.85889806060575
2026-02-21 10:20:31,69.20737697592506
2026-02-21 10:21:01,64.10102153768642
2026-02-21 10:21:31,83.72258153851834
2026-02-21 10:22:01,41.62081219759369
2026-02-21 10:22:31,39.51731633551532
2026-02-21 10:23:01,40.41367785038671
2026-02-21 10:23:31,93.58837009526727
2026-02-21 10:24:01,144.65610132408963
2026-02-21 10:24:31,112.54801219391639
2026-02-21 10:25:01,140.6544341477358
2026-02-21 10:25:31,104.5877598678897
2026-02-21 10:26:01,67.3101581734827
2026-02-21 10:26:31,91.75639978504542
2026-02-21 10:27:01,34.13751850074952
2026-02-21 10:27:31,41.999903734345665
2026-02-21 10:28:01,44.86197030968629
2026-02-21 10:28:31,53.27615583349809
2026-02-21 10:29:01,106.72574455374628
2026-02-21 10:29:31,74.58406911991405
2026-02-21 10:30:01,126.30866375653152
2026-02-21 10:30:31,77.41318439919755
2026-02-21 10:31:01,127.65237954071829
2026-02-21 10:31:31,41.68724054654957
2026-02-21 10:32:01,35.517503115331266
2026-02-21 10:32:31,73.41449473090303
2026-02-21 10:33:01,42.55000129750819
2026-02-21 10:33:31,56.17449242380936
2026-02-21 10:34:01,104.27082796520149
2026-02-21 10:34:31,127.34421299737078
2026-02-21 10:35:01,70.96731756849663
2026-02-21 10:35:31,101.75567087385826
2026-02-21 10:36:01,99.92793724173575
2026-02-21 10:36:31,178.4131523145294
2026-02-21 10:37:01,151.5498312232441
2026-02-21 10:37:31,90.38028069064094
2026-02-21 10:38:01,83.25744371407897
2026-02-21 10:38:31,112.92928067874061
2026-02-21 10:39:01,105.45349100206536
2026-02-21 10:39:31,116.2089016474081
2026-02-21 10:40:01,120.13754838279075
2026-02-21 10:40:31,44.72293467333223
2026-02-21 10:41:01,100.21036286601925
2026-02-21 10:41:31,77.23886339103191
2026-02-21 10:42:01,72.10432234135354
2026-02-21 10:42:31,124.5914675769626
2026-02-21 10:43:01,51.82900729300981
2026-02-21 10:43:31,96.75771129536892
2026-02-21 10:44:01,170.13787171067995
2026-02-21 10:44:31,131.24315354456192
2026-02-21 10:45:01,116.89818679318782
2026-02-21 10:45:31,116.96515130173692
2026-02-21 10:46:01,171.83444165631906
2026-02-21 10:46:31,122.71917635501327
2026-02-21 10:47:01,131.21236778521458
2026-02-21 10:47:31,90.31184786879527
2026-02-21 10:48:01,189.6515785411206
2026-02-21 10:48:31,127.10628907972072
2026-02-21 10:49:01,169.61574344162253
2026-02-21 10:49:31,136.34427026294543
2026-02-21 10:50:01,150.9327315617498
2026-02-21 10:50:31,153.72337709385576
2026-02-21 10:51:01,206.24800384884003
2026-02-21 10:51:31,79.99712863506166
2026-02-21 10:52:01,128.7634844745054
2026-02-21 10:52:31,60.13707498199238
2026-02-21 10:53:01,110.76154968845483
2026-02-21 10:53:31,96.20560416478668
2026-02-21 10:54:01,35.5165458402926
2026-02-21 10:54:31,67.89713678625901
2026-02-21 10:55:01,50.656387719960485
2026-02-21 10:55:31,87.3134044272881
2026-02-21 10:56:01,56.376960936635044
2026-02-21 10:56:31,54.24452340351655
2026-02-21 10:57:01,59.37862669273286
2026-02-21 10:57:31,40.99962681019336
2026-02-21 10:58:01,48.62130685132474
2026-02-21 10:58:31,78.20534609265842
2026-02-21 10:59:01,50.139064300834754
2026-02-21 10:59:31,91.82960179397527
2026-02-21 11:00:01,85.2392606595512
2026-02-21 11:00:31,99.55453431092617
2026-02-21 11:01:01,68.13810585554589
2026-02-21 11:01:31,84.03576943492311
2026-02-21 11:02:01,96.10170405948834
2026-02-21 11:02:31,56.930562505924975
2026-02-21 11:03:01,57.38031873295194
2026-02-21 11:03:31,64.68942107216277
2026-02-21 11:04:01,35.41465405412456
2026-02-21 11:04:31,41.691663704106475
2026-02-21 11:05:01,36.65304415070857
2026-02-21 11:05:31,72.62527979173817
2026-02-21 11:06:01,77.34286573364913
2026-02-21 11:06:31,85.4495483731347
2026-02-21 11:07:01,88.20454235392695
2026-02-21 11:07:31,52.99899767947724
2026-02-21 11:08:01,53.51717366570907
2026-02-21 11:08:31,103.86515003038978
2026-02-21 11:09:01,71.34411778453111
2026-02-21 11:09:31,84.34495142294409
2026-02-21 11:10:01,83.48090737712805
2026-02-21 11:10:31,118.72728443192806
2026-02-21 11:11:01,84.3537596784748
2026-02-21 11:11:31,73.09583441270364
2026-02-21 11:12:01,55.035525633809
2026-02-21 11:12:31,41.82774558710763
2026-02-21 11:13:01,40.24170752298275
2026-02-21 11:13:31,87.86403346607884
2026-02-21 11:14:01,72.10236756894129
2026-02-21 11:14:31,63.55065646028931
2026-02-21 11:15:01,79.79388590611667
2026-02-21 11:15:31,79.6886778219532
2026-02-21 11:16:01,99.41670644652054
2026-02-21 11:16:31,97.06560783958437
2026-02-21 11:17:01,75.96544603739426
2026-02-21 11:17:31,62.48165641572165
2026-02-21 11:18:01,68.65514746701015
2026-02-21 11:18:31,83.69136393059054
2026-02-21 11:19:01,98.90002874714563
2026-02-21 11:19:31,86.47585922658139
2026-02-21 11:20:01,83.6888336266634
2026-02-21 11:20:31,57.654319907783425
2026-02-21 11:21:01,89.03586218205437
2026-02-21 11:21:31,81.96574085833751
2026-02-21 11:22:01,53.51670281663541
2026-02-21 11:22:31,64.0353674695954
2026-02-21 11:23:01,72.27536401151971
2026-02-21 11:23:31,50.41481576572602
2026-02-21 11:24:01,35.34375868796991
2026-02-21 11:24:31,38.89754820271112
2026-02-21 11:25:01,36.20707019262917
2026-02-21 11:25:31,45.6202200288202
2026-02-21 11:26:01,185.590605703961
2026-02-21 11:26:31,108.52646831300339
2026-02-21 11:27:01,71.92742598057106
2026-02-21 11:27:31,119.03297989232601
2026-02-21 11:28:01,36.62140435725529
2026-02-21 11:28:31,75.54202198465497
2026-02-21 11:29:01,145.40665713581868
2026-02-21 11:29:31,40.65246753849008
2026-02-21 11:30:01,38.033589826518686
2026-02-21 11:30:31,78.99874445693129
2026-02-21 11:31:01,80.37769094247119
2026-02-21 11:31:31,125.65428318586672
2026-02-21 11:32:01,75.58592997642573
2026-02-21 11:32:31,93.65627240177633
2026-02-21 11:33:01,146.5100803073327
2026-02-21 11:33:31,75.4482770854503
2026-02-21 11:34:01,80.41417125154837
2026-02-21 11:34:31,39.96890913979839
2026-02-21 11:35:01,37.37907734773609
2026-02-21 11:35:31,86.79373135825055
2026-02-21 11:36:01,105.12263928334673
2026-02-21 11:36:31,89.05029663030652
2026-02-21 11:37:01,123.6419132449988
2026-02-21 11:37:31,172.46239650103323
2026-02-21 11:38:01,96.70230521437686
2026-02-21 11:38:31,41.10148055716173
2026-02-21 11:39:01,40.93088471835798
2026-02-21 11:39:31,45.13770396699179
2026-02-21 11:40:01,43.13864691877987
2026-02-21 11:40:31,94.96428898409901
2026-02-21 11:41:01,109.06797646520243
2026-02-21 11:41:31,112.17769835354592
2026-02-21 11:42:01,111.78530857922651
2026-02-21 11:42:31,138.03683142464132
2026-02-21 11:43:01,104.31105603223287
2026-02-21 11:43:31,109.02947950147825
2026-02-21 11:44:01,128.1341441513996
2026-02-21 11:44:31,116.51470659951653
2026-02-21 11:45:01,94.54901334066356
2026-02-21 11:45:31,72.4484400572356
2026-02-21 11:46:01,63.72370048095357
2026-02-21 11:46:31,152.55255905105457
2026-02-21 11:47:01,114.41007647428165
2026-02-21 11:47:31,87.68873253105046
2026-02-21 11:48:01,82.80676390451444
2026-02-21 11:48:31,47.214513770080025
2026-02-21 11:49:01,135.2045876707392
2026-02-21 11:49:31,92.75589439184087
2026-02-21 11:50:01,208.03521465518511
2026-02-21 11:50:31,238.00310033578774
2026-02-21 11:51:01,60.927673222141266
2026-02-21 11:51:31,200.89637850767454
2026-02-21 11:52:01,205.5626038066812
2026-02-21 11:52:31,174.85303620960406
2026-02-21 11:53:01,118.100559309654
2026-02-21 11:53:31,95.13554372141351
2026-02-21 11:54:01,129.3438919053211
2026-02-21 11:54:31,60.58737466808506
2026-02-21 11:55:01,90.8335736715144
2026-02-21 11:55:31,72.58315951792413
2026-02-21 11:56:01,67.86106199307325
2026-02-21 11:56:31,45.68952800569624
2026-02-21 11:57:01,50.207581529301784
2026-02-21 11:57:31,42.20682409262076
2026-02-21 11:58:01,38.619946531506656
2026-02-21 11:58:31,41.24152684358159
2026-02-21 11:59:01,37.96727610551584
2026-02-21 11:59:31,49.58278389414222
2026-02-21 12:00:01,55.34344599392584
2026-02-21 12:00:31,49.241157049696014
2026-02-21 12:01:01,48.447459047390836
2026-02-21 12:01:31,42.00007978511243
2026-02-21 12:02:01,40.58670394719047
2026-02-21 12:02:31,44.758489959744274
2026-02-21 12:03:01,38.89569803370498
2026-02-21 12:03:31,49.482960849979094
2026-02-21 12:04:01,42.82725328516469
2026-02-21 12:04:31,39.58573494931566
2026-02-21 12:05:01,35.895862115124224
2026-02-21 12:05:31,51.621925153924394
2026-02-21 12:06:01,59.10322003600248
2026-02-21 12:06:31,43.41668274117435
2026-02-21 12:07:01,39.86084668686466
2026-02-21 12:07:31,46.61992037635861
2026-02-21 12:08:01,42.54323703733312
2026-02-21 12:08:31,50.231969725612345
2026-02-21 12:09:01,43.999542279917755
2026-02-21 12:09:31,44.93259581020255
2026-02-21 12:10:01,43.23892407383018
2026-02-21 12:10:31,60.79392987859151
2026-02-21 12:11:01,48.44855650949451
2026-02-21 12:11:31,55.44850423190524
2026-02-21 12:12:01,58.242407980852725
2026-02-21 12:12:31,47.584994156452524
2026-02-21 12:13:01,61.59355635032164
2026-02-21 12:13:31,51.681797917093164
2026-02-21 12:14:01,43.17084908663414
2026-02-21 12:14:31,41.413205788839925
2026-02-21 12:15:01,48.550871626750926
2026-02-21 12:15:31,63.79307495944314
2026-02-21 12:16:01,56.58475637712511
2026-02-21 12:16:31,58.06897990330824
2026-02-21 12:17:01,63.96547801948128
2026-02-21 12:17:31,54.82796679249235
2026-02-21 12:18:01,74.58597507142987
2026-02-21 12:18:31,54.379898983107736
2026-02-21 12:19:01,48.48241147919576
2026-02-21 12:19:31,64.4803855036136
2026-02-21 12:20:01,48.5856980215665
2026-02-21 12:20:31,56.45337636136265
2026-02-21 12:21:01,85.46951345688639
2026-02-21 12:21:31,63.37765414846304
2026-02-21 12:22:01,65.13816294563335
2026-02-21 12:22:31,67.48221883644126
2026-02-21 12:23:01,61.75636634736205
2026-02-21 12:23:31,67.17183959895708
2026-02-21 12:24:01,54.55226762946238
2026-02-21 12:24:31,75.20593824756673
2026-02-21 12:25:01,80.06426666798158
2026-02-21 12:25:31,92.58471588707502
2026-02-21 12:26:01,37.17176825432833
2026-02-21 12:26:31,64.30796692081006
2026-02-21 12:27:01,126.62014050531143
2026-02-21 12:27:31,38.89580511787823
2026-02-21 12:28:01,134.43231423092712
2026-02-21 12:28:31,64.93345203474601
2026-02-21 12:29:01,75.75797390569433
2026-02-21 12:29:31,89.27711420399115
2026-02-21 12:30:01,76.20557212053531
2026-02-21 12:30:31,98.51450323179951
2026-02-21 12:31:01,39.34527826615087
2026-02-21 12:31:31,102.6183960905723
2026-02-21 12:32:01,90.68867430566489
2026-02-21 12:32:31,72.4123568330735
2026-02-21 12:33:01,168.8265531341499
2026-02-21 12:33:31,76.37903214752494
2026-02-21 12:34:01,106.44727594797148
2026-02-21 12:34:31,72.06831275177915
2026-02-21 12:35:01,110.0330762662298
2026-02-21 12:35:31,67.86149589888633
2026-02-21 12:36:01,133.27663632355018
2026-02-21 12:36:31,74.0351939015157
2026-02-21 12:37:01,155.2416279185292
2026-02-21 12:37:31,144.3085827063832
2026-02-21 12:38:01,139.51582297252386
2026-02-21 12:38:31,152.034237947843
2026-02-21 12:39:01,78.72595141134916
2026-02-21 12:39:31,39.72140453262773
2026-02-21 12:40:01,67.06723311561537
2026-02-21 12:40:31,68.99860887161483
2026-02-21 12:41:01,66.72497634577581
2026-02-21 12:41:31,162.14099428514345
2026-02-21 12:42:01,142.6188847972465
2026-02-21 12:42:31,190.62732372788227
2026-02-21 12:43:01,142.23389470687877
2026-02-21 12:43:31,133.58830587212637
2026-02-21 12:44:01,131.71723109706
2026-02-21 12:44:31,53.206906083643716
2026-02-21 12:45:01,68.5159917196684
2026-02-21 12:45:31,72.79563272898598
2026-02-21 12:46:01,36.55068732525891
2026-02-21 12:46:31,128.30884804808557
2026-02-21 12:47:01,102.27278976758178
2026-02-21 12:47:31,142.38762726882408
2026-02-21 12:48:01,154.77367722374845
2026-02-21 12:48:31,114.59110503709553
2026-02-21 12:49:01,255.20900893351813
2026-02-21 12:49:31,103.58770293829254
2026-02-21 12:50:01,96.54557124883144
2026-02-21 12:50:31,112.06811537401535
2026-02-21 12:51:01,129.03245693770313
2026-02-21 12:51:31,168.5491583417092
2026-02-21 12:52:01,55.792606553852956
2026-02-21 12:52:31,96.06872538972345
2026-02-21 12:53:01,200.22186965264487
2026-02-21 12:53:31,57.37535113555733
2026-02-21 12:54:01,224.1430109511864
2026-02-21 12:54:31,182.69133322691806
2026-02-21 12:55:01,85.10261486723412
2026-02-21 12:55:31,198.9344749384303
2026-02-21 12:56:01,99.89805237041868
2026-02-21 12:56:31,75.381022839491
2026-02-21 12:57:01,66.86224385751404
2026-02-21 12:57:31,69.92876229630915
2026-02-21 12:58:01,42.96394897899356
2026-02-21 12:58:31,44.06878242985698
2026-02-21 12:59:01,42.31307750750181
2026-02-21 12:59:31,46.37712021878077
2026-02-21 13:00:01,44.03324146147792
2026-02-21 13:00:31,58.86333182771592
2026-02-21 13:01:01,42.00007146934937
2026-02-21 13:01:31,46.13753519598199
2026-02-21 13:02:01,50.79176225043754
2026-02-21 13:02:31,44.48259342692335
2026-02-21 13:03:01,49.17264923982226
2026-02-21 13:03:31,48.3808657406281
2026-02-21 13:04:01,47.1037776617757
2026-02-21 13:04:31,45.34487398823276
2026-02-21 13:05:01,38.03452444031653
2026-02-21 13:05:31,47.138076155974865
2026-02-21 13:06:01,41.61971349956322
2026-02-21 13:06:31,44.93217726914531
2026-02-21 13:07:01,48.36356401319529
2026-02-21 13:07:31,56.33631173049706
2026-02-21 13:08:01,57.100099013765075
2026-02-21 13:08:31,50.75950664427287
2026-02-21 13:09:01,39.8619429995452
2026-02-21 13:09:31,47.13701314929046
2026-02-21 13:10:01,36.37860644970555
2026-02-21 13:10:31,58.79301038976331
2026-02-21 13:11:01,40.10302388498875
2026-02-21 13:11:31,60.241776567062225
2026-02-21 13:12:01,48.171211728523225
2026-02-21 13:12:31,52.27762679167729
2026-02-21 13:13:01,48.757193966206835
2026-02-21 13:13:31,50.79185977506137
2026-02-21 13:14:01,46.03395616444724
2026-02-21 13:14:31,55.06889545577661
2026-02-21 13:15:01,57.654925119928556
2026-02-21 13:15:31,47.89559814940587
2026-02-21 13:16:01,54.55173965348731
2026-02-21 13:16:31,52.24104761109375
2026-02-21 13:17:01,73.89419875552818
2026-02-21 13:17:31,52.724092842186266
2026-02-21 13:18:01,51.72213450321066
2026-02-21 13:18:31,53.96594424728474
2026-02-21 13:19:01,61.61930208588936
2026-02-21 13:19:31,46.69003334864627
2026-02-21 13:20:01,64.44658162059804
2026-02-21 13:20:31,46.44665053297822
2026-02-21 13:21:01,51.108797249397256
2026-02-21 13:21:31,45.92368015756962
2026-02-21 13:22:01,90.3714229394659
2026-02-21 13:22:31,82.82686211640373
2026-02-21 13:23:01,79.27508431757192
2026-02-21 13:23:31,92.72338412202137
2026-02-21 13:24:01,61.7578336180991
2026-02-21 13:24:31,63.10350070122029
2026-02-21 13:25:01,74.03250782053246
2026-02-21 13:25:31,63.20650181196263
2026-02-21 13:26:01,56.926848164422225
2026-02-21 13:26:31,82.08788055001844
2026-02-21 13:27:01,49.376697093974414
2026-02-21 13:27:31,52.5158633895103
2026-02-21 13:28:01,46.654761114847645
2026-02-21 13:28:31,44.20637582517031
2026-02-21 13:29:01,38.1365660993023
2026-02-21 13:29:31,37.242123819676884
2026-02-21 13:30:01,44.343203595271206
2026-02-21 13:30:31,42.65451495644829
2026-02-21 13:31:01,44.931686210099244
2026-02-21 13:31:31,50.82567075422134
2026-02-21 13:32:01,37.65563149330599
2026-02-21 13:32:31,52.861155872324176
2026-02-21 13:33:01,39.035575556398484
2026-02-21 13:33:31,38.826575563408014
2026-02-21 13:34:01,39.82724857836657
2026-02-21 13:34:31,39.20653748902594
2026-02-21 13:35:01,44.58796089053858
2026-02-21 13:35:31,45.48251031659356
2026-02-21 13:36:01,33.62020933585187
2026-02-21 13:36:31,47.96371953198902
2026-02-21 13:37:01,47.65391450932284
2026-02-21 13:37:31,48.31013679753385
2026-02-21 13:38:01,59.82961844065926
2026-02-21 13:38:31,52.514957379261176
2026-02-21 13:39:01,44.138171277875664
2026-02-21 13:39:31,42.99928782487763
2026-02-21 13:40:01,48.92973612078172
2026-02-21 13:40:31,54.65537577215971
2026-02-21 13:41:01,44.55117367243036
2026-02-21 13:41:31,55.03225343510068
2026-02-21 13:42:01,36.31060288978667
2026-02-21 13:42:31,60.30736879948586
2026-02-21 13:43:01,42.999942984371344
2026-02-21 13:43:31,55.82570176483982
2026-02-21 13:44:01,48.44732348635915
2026-02-21 13:44:31,64.13621770703101
2026-02-21 13:45:01,43.8637230851293
2026-02-21 13:45:31,52.13705008287707
2026-02-21 13:46:01,47.27504645045139
2026-02-21 13:46:31,50.75690734456704
2026-02-21 13:47:01,48.103092822535274
2026-02-21 13:47:31,57.342412856639335
2026-02-21 13:48:01,46.96471349403597
2026-02-21 13:48:31,64.41211066960095
2026-02-21 13:49:01,58.24092157279509
2026-02-21 13:49:31,64.82547578624009
2026-02-21 13:50:01,50.757514923444816
2026-02-21 13:50:31,65.9988074492976
2026-02-21 13:51:01,63.58369233639054
2026-02-21 13:51:31,48.89519392734493
2026-02-21 13:52:01,61.99919031403097
2026-02-21 13:52:31,78.27493350284688
2026-02-21 13:53:01,52.93031636270241
2026-02-21 13:53:31,58.75811432784257
2026-02-21 13:54:01,83.58491118672607
2026-02-21 13:54:31,77.10506087360153
2026-02-21 13:55:01,71.34512129431354
2026-02-21 13:55:31,77.96028815470731
2026-02-21 13:56:01,55.75920940707589
2026-02-21 13:56:31,86.5148492090533
2026-02-21 13:57:01,74.58622240662284
2026-02-21 13:57:31,47.62143526651402
2026-02-21 13:58:01,126.87998710082138
2026-02-21 13:58:31,206.17603236172047
2026-02-21 13:59:01,94.21497730457669
2026-02-21 13:59:31,113.99045404765884
2026-02-21 14:00:01,101.54990028544542
2026-02-21 14:00:31,74.27694067878933
2026-02-21 14:01:01,34.68938292111882
2026-02-21 14:01:31,69.38285874158674
2026-02-21 14:02:01,37.931617197758996
2026-02-21 14:02:31,68.00625627179242
2026-02-21 14:03:01,130.00468372692762
2026-02-21 14:03:31,84.21714267435263
2026-02-21 14:04:01,77.68729503885994
2026-02-21 14:04:31,134.00232474637443
2026-02-21 14:05:01,111.13753919193847
2026-02-21 14:05:31,37.75765166538256
2026-02-21 14:06:01,85.13726178001546
2026-02-21 14:06:31,40.242588716767
2026-02-21 14:07:01,91.62823252509243
2026-02-21 14:07:31,41.82226353078599
2026-02-21 14:08:01,89.89349372452979
2026-02-21 14:08:31,37.99960653790457
2026-02-21 14:09:01,145.31145786755783
2026-02-21 14:09:31,99.89350667403231
2026-02-21 14:10:01,180.7597004784086
2026-02-21 14:10:31,41.48161839152114
2026-02-21 14:11:01,66.06777298334964
2026-02-21 14:11:31,40.89831170364572
2026-02-21 14:12:01,90.75771585234713
2026-02-21 14:12:31,42.897706530308916
2026-02-21 14:13:01,57.104751849091784
2026-02-21 14:13:31,41.17261950769773
2026-02-21 14:14:01,109.06326087730996
2026-02-21 14:14:31,101.23877781433153
2026-02-21 14:15:01,118.09981478410052
2026-02-21 14:15:31,137.86067318642148
2026-02-21 14:16:01,118.51791816692034
2026-02-21 14:16:31,115.5134759374555
2026-02-21 14:17:01,39.484108284914676
2026-02-21 14:17:31,46.585777685886356
2026-02-21 14:18:01,105.68697279535667
2026-02-21 14:18:31,46.067042922165854
2026-02-21 14:19:01,119.80836744178053
2026-02-21 14:19:31,88.43362881094218
2026-02-21 14:20:01,76.24397996076924
2026-02-21 14:20:31,157.6952048068937
2026-02-21 14:21:01,116.27305015673002
2026-02-21 14:21:31,122.4803319628052
2026-02-21 14:22:01,71.10431989343621
2026-02-21 14:22:31,117.45368994717171
2026-02-21 14:23:01,74.55060416843651
2026-02-21 14:23:31,174.11854743072047
2026-02-21 14:24:01,138.47014517254698
2026-02-21 14:24:31,89.55391108012675
2026-02-21 14:25:01,156.8792945105969
2026-02-21 14:25:31,168.18546786417338
2026-02-21 14:26:01,173.54695039790823
2026-02-21 14:26:31,89.274037039351
2026-02-21 14:27:01,90.12531807783449
2026-02-21 14:27:31,175.26776434128158
2026-02-21 14:28:01,152.65705873566176
2026-02-21 14:28:31,75.37847812563368
2026-02-21 14:29:01,53.30983718285934
2026-02-21 14:29:31,81.34616182943746
2026-02-21 14:30:01,101.5169110206239
2026-02-21 14:30:31,51.65362793468052
2026-02-21 14:31:01,64.72215348866038
2026-02-21 14:31:31,65.96664337476675
2026-02-21 14:32:01,35.620487551922295
2026-02-21 14:32:31,53.554189209606115
2026-02-21 14:33:01,54.101686179341215
2026-02-21 14:33:31,79.45032587330898
2026-02-21 14:34:01,36.06796696029976
2026-02-21 14:34:31,53.41480862348102
2026-02-21 14:35:01,72.41120113582382
2026-02-21 14:35:31,55.89779323580875
2026-02-21 14:36:01,66.51576598690795
2026-02-21 14:36:31,37.207032136202706
2026-02-21 14:37:01,98.44831894099835
2026-02-21 14:37:31,108.93326528107168
2026-02-21 14:38:01,97.87396826320948
2026-02-21 14:38:31,83.43751154558552
2026-02-21 14:39:01,55.55276471577739
2026-02-21 14:39:31,78.6211487117959
2026-02-21 14:40:01,53.44737463520318
2026-02-21 14:40:31,61.860300936691715
2026-02-21 14:41:01,53.24199172163608
2026-02-21 14:41:31,86.27162220645526
2026-02-21 14:42:01,66.1717540256229
2026-02-21 14:42:31,39.58556367514347
2026-02-21 14:43:01,81.7564603628905
2026-02-21 14:43:31,60.276164130465936
2026-02-21 14:44:01,80.61924506813742
2026-02-21 14:44:31,72.27624736094043
2026-02-21 14:45:01,72.51599890306346
2026-02-21 14:45:31,72.96522125839562
2026-02-21 14:46:01,49.17213321119435
2026-02-21 14:46:31,89.55082764861345
2026-02-21 14:47:01,51.688486408913505
2026-02-21 14:47:31,41.0345624422884
2026-02-21 14:48:01,72.55349595392155
2026-02-21 14:48:31,61.06676029505761
2026-02-21 14:49:01,73.99781703291409
2026-02-21 14:49:31,86.17291092820618
2026-02-21 14:50:01,81.44916422924436
2026-02-21 14:50:31,56.826067870879726
2026-02-21 14:51:01,41.65495603485197
2026-02-21 14:51:31,79.58549950194431
2026-02-21 14:52:01,64.4130298239262
2026-02-21 14:52:31,87.61714166656309
2026-02-21 14:53:01,65.000142761825
2026-02-21 14:53:31,70.2733675289572
2026-02-21 14:54:01,84.15943844682593
2026-02-21 14:54:31,57.88654876156759
2026-02-21 14:55:01,80.23977658123772
2026-02-21 14:55:31,64.06786211800089
2026-02-21 14:56:01,67.103747995242
2026-02-21 14:56:31,76.687557827696
2026-02-21 14:57:01,72.58549712054885
2026-02-21 14:57:31,73.37850663405449
2026-02-21 14:58:01,55.585548227316686
2026-02-21 14:58:31,38.51644120828883
2026-02-21 14:59:01,97.00156010931933
2026-02-21 14:59:31,106.44592288830239
2026-02-21 15:00:01,132.58927959425017
2026-02-21 15:00:31,44.205862124560866
2026-02-21 15:01:01,114.3106042374036
2026-02-21 15:01:31,70.8282069627313
2026-02-21 15:02:01,76.03366960727669
2026-02-21 15:02:31,74.51694416154713
2026-02-21 15:03:01,64.92983002653052
2026-02-21 15:03:31,40.310140343340805
2026-02-21 15:04:01,55.10399414207403
2026-02-21 15:04:31,72.17235914928798
2026-02-21 15:05:01,88.58689780971186
2026-02-21 15:05:31,130.7952557357845
2026-02-21 15:06:01,164.59633967471282
2026-02-21 15:06:31,78.85642259968239
2026-02-21 15:07:01,90.76142106839768
2026-02-21 15:07:31,96.89311787830273
2026-02-21 15:08:01,66.17161360182531
2026-02-21 15:08:31,75.75862686197836
2026-02-21 15:09:01,44.69056247993028
2026-02-21 15:09:31,197.6686635291986
2026-02-21 15:10:01,76.23511590998788
2026-02-21 15:10:31,98.51761363274683
2026-02-21 15:11:01,94.03270287034918
2026-02-21 15:11:31,86.34244964719888
2026-02-21 15:12:01,39.102656453562915
2026-02-21 15:12:31,48.963591066125666
2026-02-21 15:13:01,70.03529975296077
2026-02-21 15:13:31,41.655325838330256
2026-02-21 15:14:01,42.620745599124305
2026-02-21 15:14:31,151.24095979452898
2026-02-21 15:15:01,72.37569110761419
2026-02-21 15:15:31,38.96564809529025
2026-02-21 15:16:01,70.6906683321186
2026-02-21 15:16:31,161.17199896777169
2026-02-21 15:17:01,182.41321427878037
2026-02-21 15:17:31,99.54871254534913
2026-02-21 15:18:01,73.1029798652633
2026-02-21 15:18:31,98.24165883910841
2026-02-21 15:19:01,123.5852521785572
2026-02-21 15:19:31,75.6171821707097
2026-02-21 15:20:01,147.41728322946065
2026-02-21 15:20:31,69.82656843888962
2026-02-21 15:21:01,173.32338296540445
2026-02-21 15:21:31,122.12756334814416
2026-02-21 15:22:01,131.54799903401783
2026-02-21 15:22:31,136.1034067100309
2026-02-21 15:23:01,149.76022479302748
2026-02-21 15:23:31,52.55071705207697
2026-02-21 15:24:01,175.51413470525162
2026-02-21 15:24:31,121.5502593036976
2026-02-21 15:25:01,88.4525567670871
2026-02-21 15:25:31,135.58221430487157
2026-02-21 15:26:01,115.99588853881461
2026-02-21 15:26:31,85.9991843897632
2026-02-21 15:27:01,195.4518253364737
2026-02-21 15:27:31,89.72072083601581
2026-02-21 15:28:01,91.10356964132114
2026-02-21 15:28:31,53.69061721543169
2026-02-21 15:29:01,34.586108261469455
2026-02-21 15:29:31,63.618252228702254
2026-02-21 15:30:01,64.72136642529223
2026-02-21 15:30:31,82.61699546249145
2026-02-21 15:31:01,61.96557434433494
2026-02-21 15:31:31,57.55378368412579
2026-02-21 15:32:01,83.44837934212565
2026-02-21 15:32:31,63.72288834691139
2026-02-21 15:33:01,34.96591799512011
2026-02-21 15:33:31,36.99957198122157
2026-02-21 15:34:01,48.72331990225883
2026-02-21 15:34:31,48.206774116240844
2026-02-21 15:35:01,89.62203218217313
2026-02-21 15:35:31,60.82442711241573
2026-02-21 15:36:01,48.654986995691296
2026-02-21 15:36:31,50.51527246872147
2026-02-21 15:37:01,73.92901793857793
2026-02-21 15:37:31,36.20691086917041
2026-02-21 15:38:01,75.13854699438176
2026-02-21 15:38:31,47.41255899405223
2026-02-21 15:39:01,34.620268777813735
2026-02-21 15:39:31,37.758417427230604
2026-02-21 15:40:01,67.82755900015596
2026-02-21 15:40:31,50.999544650580575
2026-02-21 15:41:01,80.58387052182226
2026-02-21 15:41:31,114.58816425282305
2026-02-21 15:42:01,79.65791573132783
2026-02-21 15:42:31,80.96077213997305
2026-02-21 15:43:01,51.89606785677512
2026-02-21 15:43:31,78.82695495209884
2026-02-21 15:44:01,76.00067190991491
2026-02-21 15:44:31,55.79189552730847
2026-02-21 15:45:01,51.20681218143404
2026-02-21 15:45:31,56.65381821743094
2026-02-21 15:46:01,42.55173979325613
2026-02-21 15:46:31,55.06836746142771
2026-02-21 15:47:01,38.44931754167717
2026-02-21 15:47:31,69.20626048517401
2026-02-21 15:48:01,78.06790017516086
2026-02-21 15:48:31,41.79354580342985
2026-02-21 15:49:01,90.65582646577813
2026-02-21 15:49:31,45.37917601750235
2026-02-21 15:50:01,99.63821390976612
2026-02-21 15:50:31,62.762514008894655
2026-02-21 15:51:01,57.51672189351087
2026-02-21 15:51:31,72.06939007294226
2026-02-21 15:52:01,54.48362549079825
2026-02-21 15:52:31,67.79184905255642
2026-02-21 15:53:01,86.6230108369428
2026-02-21 15:53:31,94.58516900615564
2026-02-21 15:54:01,60.38213696400775
2026-02-21 15:54:31,76.37836995599467
2026-02-21 15:55:01,72.10299059276218
2026-02-21 15:55:31,70.51847579615024
2026-02-21 15:56:01,72.51898344561563
2026-02-21 15:56:31,104.03602386478146
2026-02-21 15:57:01,72.96684081222364
2026-02-21 15:57:31,76.72725463238264
2026-02-21 15:58:01,53.93285152503681
2026-02-21 15:58:31,76.5869834105129
2026-02-21 15:59:01,67.3112295470926
2026-02-21 15:59:31,70.93166009038634
2026-02-21 16:00:01,46.13771468359544
2026-02-21 16:00:31,58.93146260946439
2026-02-21 16:01:01,127.96620578519129
2026-02-21 16:01:31,86.55249354885564
2026-02-21 16:02:01,132.4805153797363
2026-02-21 16:02:31,123.00075508693342
2026-02-21 16:03:01,35.48343882217311
2026-02-21 16:03:31,41.34409518323403
2026-02-21 16:04:01,66.82600958562865
2026-02-21 16:04:31,67.41621892665586
2026-02-21 16:05:01,87.65492753544568
2026-02-21 16:05:31,112.10889459571149
2026-02-21 16:06:01,165.44406086041795
2026-02-21 16:06:31,122.75809905058502
2026-02-21 16:07:01,104.00200141323506
2026-02-21 16:07:31,66.171963166219
2026-02-21 16:08:01,34.276772936414915
2026-02-21 16:08:31,69.6567539447277
2026-02-21 16:09:01,36.449083266354684
2026-02-21 16:09:31,38.79238176812479
2026-02-21 16:10:01,77.31694130065357
2026-02-21 16:10:31,100.93373743486814
2026-02-21 16:11:01,140.44888599880537
2026-02-21 16:11:31,131.695421262685
2026-02-21 16:12:01,108.04156652499088
2026-02-21 16:12:31,36.863253362589774
2026-02-21 16:13:01,93.76206453541147
2026-02-21 16:13:31,37.07084316647929
2026-02-21 16:14:01,134.4181298092294
2026-02-21 16:14:31,83.52195764684878
2026-02-21 16:15:01,74.45157097803424
2026-02-21 16:15:31,99.27837233150615
2026-02-21 16:16:01,100.59053885846816
2026-02-21 16:16:31,134.34817862766752
2026-02-21 16:17:01,144.11165454097517
2026-02-21 16:17:31,102.69436911850491
2026-02-21 16:18:01,127.55747715423078
2026-02-21 16:18:31,67.62164453421508
2026-02-21 16:19:01,134.90330498053896
2026-02-21 16:19:31,75.72593240335638
2026-02-21 16:20:01,120.38375768471694
2026-02-21 16:20:31,85.62367319239978
2026-02-21 16:21:01,207.83905794295933
2026-02-21 16:21:31,115.23150581355821
2026-02-21 16:22:01,130.21942579849267
2026-02-21 16:22:31,82.62075151101239
2026-02-21 16:23:01,41.65699655501835
2026-02-21 16:23:31,147.00683161352032
2026-02-21 16:24:01,96.13723677197285
2026-02-21 16:24:31,85.84322173524394
2026-02-21 16:25:01,133.64108134867604
2026-02-21 16:25:31,163.59285055244328
2026-02-21 16:26:01,181.21118224307628
2026-02-21 16:26:31,100.6228670575742
2026-02-21 16:27:01,56.932894340174414
2026-02-21 16:27:31,210.36185648275026
2026-02-21 16:28:01,96.68940675981402
2026-02-21 16:28:31,92.6925174974577
2026-02-21 16:29:01,136.52361864657726
2026-02-21 16:29:31,142.28757905933497
2026-02-21 16:30:01,124.17278011726786
2026-02-21 16:30:31,58.06943055390317
2026-02-21 16:31:01,37.863581529786394
2026-02-21 16:31:31,108.2814403860624
2026-02-21 16:32:01,80.6587719778385
2026-02-21 16:32:31,51.14034029604867
2026-02-21 16:33:01,79.55280272414507
2026-02-21 16:33:31,94.76219888907208
2026-02-21 16:34:01,120.49035251561111
2026-02-21 16:34:31,72.21099787442246
2026-02-21 16:35:01,94.59102646764602
2026-02-21 16:35:31,69.96947832874194
2026-02-21 16:36:01,59.7255601683648
2026-02-21 16:36:31,85.89970770677236
2026-02-21 16:37:01,74.04965245644817
2026-02-21 16:37:31,65.78574522573226
2026-02-21 16:38:01,75.31324044656532
2026-02-21 16:38:31,77.51969576310505
2026-02-21 16:39:01,70.99956965508596
2026-02-21 16:39:31,80.79717993756395
2026-02-21 16:40:01,101.20956377896431
2026-02-21 16:40:31,41.20752086379555
2026-02-21 16:41:01,78.96973277943411
2026-02-21 16:41:31,111.07350452112135
2026-02-21 16:42:01,113.90023446313093
2026-02-21 16:42:31,76.41630465146538
2026-02-21 16:43:01,55.380086959659124
2026-02-21 16:43:31,56.41496082973093
2026-02-21 16:44:01,50.138000015419884
2026-02-21 16:44:31,38.380162975979374
2026-02-21 16:45:01,51.00247699450744
2026-02-21 16:45:31,45.7950155650561
2026-02-21 16:46:01,45.1049965379522
2026-02-21 16:46:31,40.553007244872965
2026-02-21 16:47:01,86.48670058630145
2026-02-21 16:47:31,71.0311773317739
2026-02-21 16:48:01,56.65537704447855
2026-02-21 16:48:31,40.24067900516475
2026-02-21 16:49:01,52.55277888806713
2026-02-21 16:49:31,72.20576227446625
2026-02-21 16:50:01,77.23985145676583
2026-02-21 16:50:31,63.99906550822402
2026-02-21 16:51:01,60.00020931763488
2026-02-21 16:51:31,52.89609755511936
2026-02-21 16:52:01,56.86131762070289
2026-02-21 16:52:31,58.550174898301854
2026-02-21 16:53:01,42.79589555726692
2026-02-21 16:53:31,100.3111403760401
2026-02-21 16:54:01,63.23894786036624
2026-02-21 16:54:31,96.483335624148
2026-02-21 16:55:01,99.27297645882564
2026-02-21 16:55:31,63.03385021451982
2026-02-21 16:56:01,69.82740795235543
2026-02-21 16:56:31,67.96433776374158
2026-02-21 16:57:01,60.10441150666674
2026-02-21 16:57:31,74.44772538009549
2026-02-21 16:58:01,67.1370262116936
2026-02-21 16:58:31,78.89826170757787
2026-02-21 16:59:01,68.62085260040001
2026-02-21 16:59:31,69.002324772455
2026-02-21 17:00:01,55.62187409406288
2026-02-21 17:00:31,118.51409547311094
2026-02-21 17:01:01,53.758487606871086
2026-02-21 17:01:31,51.24251611775513
2026-02-21 17:02:01,72.61989546623137
2026-02-21 17:02:31,37.690730142607194
2026-02-21 17:03:01,36.51777293521871
2026-02-21 17:03:31,38.41352086552122
2026-02-21 17:04:01,80.68786459837334
2026-02-21 17:04:31,84.48303219737737
2026-02-21 17:05:01,36.721927814004616
2026-02-21 17:05:31,53.20825692107418
2026-02-21 17:06:01,80.46873780354032
2026-02-21 17:06:31,62.84981218220885
2026-02-21 17:07:01,94.20786217852614
2026-02-21 17:07:31,96.0350881253524
2026-02-21 17:08:01,54.379342693648006
2026-02-21 17:08:31,51.17458280455166
2026-02-21 17:09:01,36.37811739922178
2026-02-21 17:09:31,70.96709401469231
2026-02-21 17:10:01,52.034737680382335
2026-02-21 17:10:31,52.20802263746107
2026-02-21 17:11:01,54.415355661007766
2026-02-21 17:11:31,60.2428610393414
2026-02-21 17:12:01,51.55340796753691
2026-02-21 17:12:31,69.2265659031065
2026-02-21 17:13:01,74.51760649977744
2026-02-21 17:13:31,62.62061242883665
2026-02-21 17:14:01,76.3810524031722
2026-02-21 17:14:31,75.44967200657673
2026-02-21 17:15:01,101.48490977994827
2026-02-21 17:15:31,56.10318557453285
2026-02-21 17:16:01,64.65583008573981
2026-02-21 17:16:31,87.9020195402627
2026-02-21 17:17:01,87.41822859455347
2026-02-21 17:17:31,83.72313085689436
2026-02-21 17:18:01,91.65751739087415
2026-02-21 17:18:31,44.92961957389803
2026-02-21 17:19:01,95.62493607091315
2026-02-21 17:19:31,78.68650913369682
2026-02-21 17:20:01,63.76234983634432
2026-02-21 17:20:31,84.76007387674437
2026-02-21 17:21:01,65.1020394056728
2026-02-21 17:21:31,83.41323664955308
2026-02-21 17:22:01,42.278067927977524
2026-02-21 17:22:31,95.89783247993411
2026-02-21 17:23:01,72.38114763365022
2026-02-21 17:23:31,84.31239261323992
2026-02-21 17:24:01,95.06996794927277
2026-02-21 17:24:31,67.96363246666682
2026-02-21 17:25:01,41.92228688056907
2026-02-21 17:25:31,67.9972614228108
2026-02-21 17:26:01,60.517030995480724
2026-02-21 17:26:31,106.37938915112261
2026-02-21 17:27:01,56.715967848516534
2026-02-21 17:27:31,87.65468413935635
2026-02-21 17:28:01,76.1707301999189
2026-02-21 17:28:31,77.07660751012355
2026-02-21 17:29:01,76.46104651692065
2026-02-21 17:29:31,57.27619386523166
2026-02-21 17:30:01,74.98428645444959
2026-02-21 17:30:31,60.2712018355034
2026-02-21 17:31:01,74.86186119639086
2026-02-21 17:31:31,77.3451796185138
2026-02-21 17:32:01,41.41380621472558
2026-02-21 17:32:31,45.79299054003318
2026-02-21 17:33:01,43.86142929213329
2026-02-21 17:33:31,41.79340076730453
2026-02-21 17:34:01,40.79326044372571
2026-02-21 17:34:31,45.03433543539483
2026-02-21 17:35:01,43.41392518319451
2026-02-21 17:35:31,47.54992759173701
2026-02-21 17:36:01,37.2063365579921
2026-02-21 17:36:31,38.44819741242771
2026-02-21 17:37:01,56.17113205058495
2026-02-21 17:37:31,42.61989545120647
2026-02-21 17:38:01,38.10408447862106
2026-02-21 17:38:31,41.96620220492762
2026-02-21 17:39:01,41.55124981150298
2026-02-21 17:39:31,50.2748741622374
2026-02-21 17:40:01,47.34548404773049
2026-02-21 17:40:31,48.68818320085876
2026-02-21 17:41:01,35.620064245025425
2026-02-21 17:41:31,44.13809400824134
2026-02-21 17:42:01,47.343788451263386
2026-02-21 17:42:31,42.20676459604492
2026-02-21 17:43:01,46.6555767477184
2026-02-21 17:43:31,49.829017933014256
2026-02-21 17:44:01,46.34334967242025
2026-02-21 17:44:31,50.96457436052877
2026-02-21 17:45:01,52.76013210090689
2026-02-21 17:45:31,46.75923664431053
2026-02-21 17:46:01,42.068153471107486
2026-02-21 17:46:31,42.448610042274034
2026-02-21 17:47:01,61.55251731128405
2026-02-21 17:47:31,39.792828790319554
2026-02-21 17:48:01,53.89832026851866
2026-02-21 17:48:31,44.586009554794224
2026-02-21 17:49:01,49.92926885828409
2026-02-21 17:49:31,41.65486093345235
2026-02-21 17:50:01,53.069002418015366
2026-02-21 17:50:31,57.241916836933996
2026-02-21 17:51:01,37.61988710152159
2026-02-21 17:51:31,45.51749944315027
2026-02-21 17:52:01,68.55073027643166
2026-02-21 17:52:31,46.86290255988759
2026-02-21 17:53:01,41.9988752421925
2026-02-21 17:53:31,57.72605723729768
2026-02-21 17:54:01,53.23994300823303
2026-02-21 17:54:31,54.3311300933691
2026-02-21 17:55:01,49.52623916305575
2026-02-21 17:55:31,58.20702500692674
2026-02-21 17:56:01,55.38016059433214
2026-02-21 17:56:31,46.86039017260411
2026-02-21 17:57:01,64.72452443245102
2026-02-21 17:57:31,83.44764577556592
2026-02-21 17:58:01,66.83138442711865
2026-02-21 17:58:31,59.1027776981305
2026-02-21 17:59:01,92.34367785530229
2026-02-21 17:59:31,83.51506671471333
2026-02-21 18:00:01,86.7731283517748
2026-02-21 18:00:31,94.51511432813021
2026-02-21 18:01:01,64.68673977594891
2026-02-21 18:01:31,74.51697631821273
2026-02-21 18:02:01,52.51606076211167
2026-02-21 18:02:31,39.37792291796032
2026-02-21 18:03:01,45.481340153068736
2026-02-21 18:03:31,53.48181101403442
2026-02-21 18:04:01,40.03468492451583
2026-02-21 18:04:31,38.48192163909957
2026-02-21 18:05:01,34.860907329402444
2026-02-21 18:05:31,46.51591806433282
2026-02-21 18:06:01,39.44732361370428
2026-02-21 18:06:31,50.03242112884722
2026-02-21 18:07:01,57.03278367751978
2026-02-21 18:07:31,46.79299892214027
2026-02-21 18:08:01,42.17160766664874
2026-02-21 18:08:31,52.89703452548906
2026-02-21 18:09:01,40.206022666805
2026-02-21 18:09:31,51.10201200499177
2026-02-21 18:10:01,35.86193586690984
2026-02-21 18:10:31,46.24223549780378
2026-02-21 18:11:01,43.170750445075875
2026-02-21 18:11:31,45.13641270946323
2026-02-21 18:12:01,37.68962194744002
2026-02-21 18:12:31,41.688493537447265
2026-02-21 18:13:01,44.38027828684964
2026-02-21 18:13:31,42.998061988916106
2026-02-21 18:14:01,42.62109875804758
2026-02-21 18:14:31,52.55017248427292
2026-02-21 18:15:01,43.65378961002179
2026-02-21 18:15:31,51.06869095317441
2026-02-21 18:16:01,51.4821367845708
2026-02-21 18:16:31,49.3775399950082
2026-02-21 18:17:01,47.82762681529056
2026-02-21 18:17:31,46.173590044024536
2026-02-21 18:18:01,47.650643161625766
2026-02-21 18:18:31,42.17881554738652
2026-02-21 18:19:01,46.96476106269542
2026-02-21 18:19:31,57.96555657849507
2026-02-21 18:20:01,47.23906201576221
2026-02-21 18:20:31,45.20564691954373
2026-02-21 18:21:01,55.895499547287265
2026-02-21 18:21:31,51.48456133683488
2026-02-21 18:22:01,44.06619520732415
2026-02-21 18:22:31,52.10275749702772
2026-02-21 18:23:01,68.85995140656127
2026-02-21 18:23:31,63.55150306810157
2026-02-21 18:24:01,52.75790730237922
2026-02-21 18:24:31,71.85904537597146
2026-02-21 18:25:01,70.51648287407556
2026-02-21 18:25:31,54.793038107141
2026-02-21 18:26:01,58.96512612567232
2026-02-21 18:26:31,46.172605281188986
2026-02-21 18:27:01,58.48258508139702
2026-02-21 18:27:31,46.68931875233636
2026-02-21 18:28:01,73.51652561269675
2026-02-21 18:28:31,60.205207049773
2026-02-21 18:29:01,113.24074917216551
2026-02-21 18:29:31,68.06757085681704
2026-02-21 18:30:01,52.41294534245372
2026-02-21 18:30:31,59.550568506366794
2026-02-21 18:31:01,72.99705134509631
2026-02-21 18:31:31,61.551316374628996
2026-02-21 18:32:01,65.51485389182677
2026-02-21 18:32:31,60.48223798441184
2026-02-21 18:33:01,70.2035233872104
2026-02-21 18:33:31,52.38062079323842
2026-02-21 18:34:01,39.06694665216801
2026-02-21 18:34:31,57.551750331461115
2026-02-21 18:35:01,51.65458748574802
2026-02-21 18:35:31,59.03253165446224
2026-02-21 18:36:01,34.62130088991412
2026-02-21 18:36:31,51.5170547634273
2026-02-21 18:37:01,46.79102392891865
2026-02-21 18:37:31,59.18876066883318
2026-02-21 18:38:01,48.18182284465715
2026-02-21 18:38:31,56.27248656847039
2026-02-21 18:39:01,59.68764815080488
2026-02-21 18:39:31,67.72127366839993
2026-02-21 18:40:01,53.65711672415563
2026-02-21 18:40:31,60.2014393292102
2026-02-21 18:41:01,45.484248629919506
2026-02-21 18:41:31,36.72348046369024
2026-02-21 18:42:01,53.034643397977554
2026-02-21 18:42:31,60.648703436259545
2026-02-21 18:43:01,46.31209647018614
2026-02-21 18:43:31,80.2366116172266
2026-02-21 18:44:01,36.378935809786775
2026-02-21 18:44:31,68.34141997448589
2026-02-21 18:45:01,34.51690730472416
2026-02-21 18:45:31,65.89375998112055
2026-02-21 18:46:01,70.7910108283988
2026-02-21 18:46:31,51.10261124850186
2026-02-21 18:47:01,52.06713209495987
2026-02-21 18:47:31,48.758657589618416
2026-02-21 18:48:01,45.61974439686788
2026-02-21 18:48:31,68.27332954625706
2026-02-21 18:49:01,60.44741624376054
2026-02-21 18:49:31,67.24040193619645
2026-02-21 18:50:01,48.75656739196575
2026-02-21 18:50:31,56.550625531908615
2026-02-21 18:51:01,53.16058340157929
2026-02-21 18:51:31,79.39482119336705
2026-02-21 18:52:01,81.44906066894231
2026-02-21 18:52:31,90.19404505423427
2026-02-21 18:53:01,39.73733381090628
2026-02-21 18:53:31,74.88456158665524
2026-02-21 18:54:01,77.59035665765813
2026-02-21 18:54:31,83.06725694161148
2026-02-21 18:55:01,58.274154658656755
2026-02-21 18:55:31,89.79016189641385
2026-02-21 18:56:01,48.102354475622434
2026-02-21 18:56:31,80.9662319315772
2026-02-21 18:57:01,60.68969211205584
2026-02-21 18:57:31,81.20439252801094
2026-02-21 18:58:01,71.95748252512529
2026-02-21 18:58:31,95.88654466731089
2026-02-21 18:59:01,105.96178506264478
2026-02-21 18:59:31,82.51847572872514
2026-02-21 19:00:01,67.82722006485274
2026-02-21 19:00:31,88.72192998305565
2026-02-21 19:01:01,83.62099888637415
2026-02-21 19:01:31,64.96193969249637
2026-02-21 19:02:01,103.1014222605196
2026-02-21 19:02:31,77.44391122351088
2026-02-21 19:03:01,56.9299120843048
2026-02-21 19:03:31,64.79077776629669
2026-02-21 19:04:01,45.37714642624404
2026-02-21 19:04:31,157.06468524399037
2026-02-21 19:05:01,114.0988528134175
2026-02-21 19:05:31,136.96049386347528
2026-02-21 19:06:01,124.65271952710913
2026-02-21 19:06:31,132.44375317541912
2026-02-21 19:07:01,46.06796559420793
2026-02-21 19:07:31,116.51649714821728
2026-02-21 19:08:01,37.30870404041985
2026-02-21 19:08:31,39.688075020658594
2026-02-21 19:09:01,46.13809280011116
2026-02-21 19:09:31,58.20545194123661
2026-02-21 19:10:01,153.10891253557745
2026-02-21 19:10:31,88.92901436799693
2026-02-21 19:11:01,113.61752691097573
2026-02-21 19:11:31,66.65336391492296
2026-02-21 19:12:01,128.55121538283106
2026-02-21 19:12:31,134.89354159078283
2026-02-21 19:13:01,89.03449509291809
2026-02-21 19:13:31,45.06746502627575
2026-02-21 19:14:01,42.96427352683608
2026-02-21 19:14:31,157.3806067059713
2026-02-21 19:15:01,184.9322558314466
2026-02-21 19:15:31,87.88901260958694
2026-02-21 19:16:01,139.4526364390964
2026-02-21 19:16:31,77.48039009955679
2026-02-21 19:17:01,119.37827018890388
2026-02-21 19:17:31,38.37802266427399
2026-02-21 19:18:01,108.78898599124224
2026-02-21 19:18:31,113.48662328959401
2026-02-21 19:19:01,44.89590729608154
2026-02-21 19:19:31,148.99745806066827
2026-02-21 19:20:01,180.93273021789133
2026-02-21 19:20:31,171.34198360563204
2026-02-21 19:21:01,157.17588023993702
2026-02-21 19:21:31,75.44892636397452
2026-02-21 19:22:01,37.68936388949896
2026-02-21 19:22:31,40.68831404992424
2026-02-21 19:23:01,107.2422855075704
2026-02-21 19:23:31,76.48136637249976
2026-02-21 19:24:01,49.448003627743645
2026-02-21 19:24:31,96.20576113529854
2026-02-21 19:25:01,92.8269370970466
2026-02-21 19:25:31,82.03303701536645
2026-02-21 19:26:01,88.1042344553304
2026-02-21 19:26:31,144.0008990863874
2026-02-21 19:27:01,61.65476585189984
2026-02-21 19:27:31,106.1469688184933
2026-02-21 19:28:01,152.81224178482415
2026-02-21 19:28:31,92.44841039496656
2026-02-21 19:29:01,75.41578368035502
2026-02-21 19:29:31,245.40300433821312
2026-02-21 19:30:01,195.00655567047502
2026-02-21 19:30:31,167.02734906281387
2026-02-21 19:31:01,96.20615948131187
2026-02-21 19:31:31,183.2089896326471
2026-02-21 19:32:01,137.96807033733717
2026-02-21 19:32:31,97.65503464840974
2026-02-21 19:33:01,64.55129494389496
2026-02-21 19:33:31,142.8284355757518
2026-02-21 19:34:01,150.20908570384688
2026-02-21 19:34:31,38.17089427840224
2026-02-21 19:35:01,87.75644979532431
2026-02-21 19:35:31,44.344481586251064
2026-02-21 19:36:01,45.99817019749495
2026-02-21 19:36:31,50.24112382783471
2026-02-21 19:37:01,45.861682556432676
2026-02-21 19:37:31,48.55271231157629
2026-02-21 19:38:01,43.06785746645706
2026-02-21 19:38:31,46.93190757504533
2026-02-21 19:39:01,38.19906597410649
2026-02-21 19:39:31,52.06818086104143
2026-02-21 19:40:01,45.210473557119826
2026-02-21 19:40:31,40.89257355680756
2026-02-21 19:41:01,40.37869326701017
2026-02-21 19:41:31,42.86252374712968
2026-02-21 19:42:01,38.46255504343187
2026-02-21 19:42:31,40.379894663313266
2026-02-21 19:43:01,37.385997262146596
2026-02-21 19:43:31,41.65369895299599
2026-02-21 19:44:01,38.99162328084803
2026-02-21 19:44:31,43.948238043272205
2026-02-21 19:45:01,55.96396683454286
2026-02-21 19:45:31,54.03533182542056
2026-02-21 19:46:01,63.93023311992872
2026-02-21 19:46:31,51.310641004913926
2026-02-21 19:47:01,46.96421654096656
2026-02-21 19:47:31,43.55064098244395
2026-02-21 19:48:01,55.068319920242836
2026-02-21 19:48:31,46.5513615115442
2026-02-21 19:49:01,44.55061244491173
2026-02-21 19:49:31,50.55170518174914
2026-02-21 19:50:01,58.82879802908169
2026-02-21 19:50:31,42.27593224056637
2026-02-21 19:51:01,42.55166352868349
2026-02-21 19:51:31,45.37966602710317
2026-02-21 19:52:01,58.7916160187391
2026-02-21 19:52:31,70.58604996203371
2026-02-21 19:53:01,54.10298819184918
2026-02-21 19:53:31,58.8272319592466
2026-02-21 19:54:01,48.75831400623296
2026-02-21 19:54:31,42.758400760061136
2026-02-21 19:55:01,54.34413441234539
2026-02-21 19:55:31,55.62036154143738
2026-02-21 19:56:01,62.206808655621415
2026-02-21 19:56:31,59.27546377936611
2026-02-21 19:57:01,57.99937822063023
2026-02-21 19:57:31,61.79230804531779
2026-02-21 19:58:01,60.62033299527976
2026-02-21 19:58:31,55.067542319926055
2026-02-21 19:59:01,50.89547925277221
2026-02-21 19:59:31,59.72458749255408
2026-02-21 20:00:01,77.34265918571927
2026-02-21 20:00:31,74.72678732101492
2026-02-21 20:01:01,77.72210832699155
2026-02-21 20:01:31,57.310668307014254
2026-02-21 20:02:01,74.17188357906335
2026-02-21 20:02:31,60.58511787117114
2026-02-21 20:03:01,62.48257674766722
2026-02-21 20:03:31,59.1374459359488
2026-02-21 20:04:01,78.413794374135
2026-02-21 20:04:31,80.6515341806334
2026-02-21 20:05:01,44.24086684952147
2026-02-21 20:05:31,45.58826422283119
2026-02-21 20:06:01,44.41003366957351
2026-02-21 20:06:31,47.723114227031374
2026-02-21 20:07:01,44.65406550529664
2026-02-21 20:07:31,40.6884114866348
2026-02-21 20:08:01,38.20685855115044
2026-02-21 20:08:31,48.79310943889136
2026-02-21 20:09:01,43.688372238512265
2026-02-21 20:09:31,47.82773606675056
2026-02-21 20:10:01,40.89563749463509
2026-02-21 20:10:31,60.06893474959729
2026-02-21 20:11:01,41.27414396927537
2026-02-21 20:11:31,47.171818162979065
2026-02-21 20:12:01,43.72379915055454
2026-02-21 20:12:31,47.55059104534457
2026-02-21 20:13:01,48.244140530344055
2026-02-21 20:13:31,45.99693843849739
2026-02-21 20:14:01,53.38032714499425
2026-02-21 20:14:31,52.58230627864518
2026-02-21 20:15:01,35.48228070852021
2026-02-21 20:15:31,58.69042934089133
2026-02-21 20:16:01,47.51820457862224
2026-02-21 20:16:31,52.139336596331084
2026-02-21 20:17:01,50.449269991883604
2026-02-21 20:17:31,54.69168626520883
2026-02-21 20:18:01,41.862938215718316
2026-02-21 20:18:31,44.38033421169062
2026-02-21 20:19:01,61.416578115581245
2026-02-21 20:19:31,48.99899528529148
2026-02-21 20:20:01,36.37903333900601
2026-02-21 20:20:31,59.79340195124364
2026-02-21 20:21:01,55.276066837809424
2026-02-21 20:21:31,57.827585090948816
2026-02-21 20:22:01,44.725186730331366
2026-02-21 20:22:31,50.48348283755618
2026-02-21 20:23:01,55.41408088702917
2026-02-21 20:23:31,43.311154641223574
2026-02-21 20:24:01,72.00075870310447
2026-02-21 20:24:31,40.86292278158619
2026-02-21 20:25:01,55.62233541842879
2026-02-21 20:25:31,59.58797040630577
2026-02-21 20:26:01,55.13942937307977
2026-02-21 20:26:31,54.51633777678479
2026-02-21 20:27:01,49.44855651736522
2026-02-21 20:27:31,65.45028925170165
2026-02-21 20:28:01,70.51728430431163
2026-02-21 20:28:31,66.55164098635147
2026-02-21 20:29:01,42.99989303875288
2026-02-21 20:29:31,45.48370401710106
2026-02-21 20:30:01,63.553950228971765
2026-02-21 20:30:31,77.28220003000405
2026-02-21 20:31:01,69.82776940366439
2026-02-21 20:31:31,58.7228550441188
2026-02-21 20:32:01,79.31213802100106
2026-02-21 20:32:31,91.13704542206796
2026-02-21 20:33:01,77.86304295433011
2026-02-21 20:33:31,62.58571352646898
2026-02-21 20:34:01,86.27354588740658
2026-02-21 20:34:31,80.82811539264154
2026-02-21 20:35:01,67.3447040009999
2026-02-21 20:35:31,47.96487047300578
2026-02-21 20:36:01,42.54998110392243
2026-02-21 20:36:31,48.2064031410393
2026-02-21 20:37:01,35.44728780028477
2026-02-21 20:37:31,46.93004644310636
2026-02-21 20:38:01,38.78409956855838
2026-02-21 20:38:31,42.069391278622064
2026-02-21 20:39:01,46.17167309348292
2026-02-21 20:39:31,50.449165320916876
2026-02-21 20:40:01,42.13741860359809
2026-02-21 20:40:31,41.82736505686609
2026-02-21 20:41:01,54.77224156510396
2026-02-21 20:41:31,48.82676466370008
2026-02-21 20:42:01,46.7605840965889
2026-02-21 20:42:31,44.27090308135749
2026-02-21 20:43:01,51.89744605043055
2026-02-21 20:43:31,41.62102382349839
2026-02-21 20:44:01,45.79260886211291
2026-02-21 20:44:31,40.82666950890768
2026-02-21 20:45:01,38.7229715371327
2026-02-21 20:45:31,37.551362729175366
2026-02-21 20:46:01,50.65595251188273
2026-02-21 20:46:31,47.65511539635888
2026-02-21 20:47:01,44.654898978965235
2026-02-21 20:47:31,41.55163262565576
2026-02-21 20:48:01,39.13740315052522
2026-02-21 20:48:31,47.77209184039633
2026-02-21 20:49:01,36.82900483426897
2026-02-21 20:49:31,48.55302035852648
2026-02-21 20:50:01,47.171350843408895
2026-02-21 20:50:31,60.48373136962893
2026-02-21 20:51:01,45.00004881556832
2026-02-21 20:51:31,48.7231724948165
2026-02-21 20:52:01,43.895696872398396
2026-02-21 20:52:31,48.24108451875774
2026-02-21 20:53:01,37.65351151430779
2026-02-21 20:53:31,53.24095963176405
2026-02-21 20:54:01,49.41338886636773
2026-02-21 20:54:31,55.79308691115157
2026-02-21 20:55:01,37.41305832096753
2026-02-21 20:55:31,51.65423906002482
2026-02-21 20:56:01,61.31016295120183
2026-02-21 20:56:31,56.79353516072984
2026-02-21 20:57:01,48.55313800873002
2026-02-21 20:57:31,55.48071354552798
2026-02-21 20:58:01,46.5868514066959
2026-02-21 20:58:31,71.8286314667735
2026-02-21 20:59:01,56.792114280459586
2026-02-21 20:59:31,73.10368863086416
2026-02-21 21:00:01,50.51786452688282
2026-02-21 21:00:31,91.72258534691116
2026-02-21 21:01:01,71.37926639300906
2026-02-21 21:01:31,77.17614421459842
2026-02-21 21:02:01,71.75658871699724
2026-02-21 21:02:31,66.10767337134669
2026-02-21 21:03:01,68.51582177118854
2026-02-21 21:03:31,81.82947942843818
2026-02-21 21:04:01,71.82834249810031
2026-02-21 21:04:31,81.42611529256187
2026-02-21 21:05:01,74.62109877649691
2026-02-21 21:05:31,106.21154247108787
2026-02-21 21:06:01,62.10486926438977
2026-02-21 21:06:31,38.035987026166076
2026-02-21 21:07:01,43.27604882968535
2026-02-21 21:07:31,48.518845546077614
2026-02-21 21:08:01,45.48445551384599
2026-02-21 21:08:31,43.17325212846979
2026-02-21 21:09:01,46.863425820949864
2026-02-21 21:09:31,55.381283093076725
2026-02-21 21:10:01,42.554397364564196
2026-02-21 21:10:31,40.65641749499076
2026-02-21 21:11:01,39.03505357349003
2026-02-21 21:11:31,45.4152545418437
2026-02-21 21:12:01,49.69078487261018
2026-02-21 21:12:31,45.760272463549406
2026-02-21 21:13:01,36.242643388221644
2026-02-21 21:13:31,51.38008330616526
2026-02-21 21:14:01,43.207512600274555
2026-02-21 21:14:31,38.413545833845596
2026-02-21 21:15:01,38.96732950897054
2026-02-21 21:15:31,52.65597035380567
2026-02-21 21:16:01,48.55250785908648
2026-02-21 21:16:31,38.278178546744535
2026-02-21 21:17:01,54.52003472275958
2026-02-21 21:17:31,50.79432347239504
2026-02-21 21:18:01,45.346843236922005
2026-02-21 21:18:31,49.00091336898677
2026-02-21 21:19:01,35.96632940191743
2026-02-21 21:19:31,38.58721410870765
2026-02-21 21:20:01,39.89796210170618
2026-02-21 21:20:31,67.72816328590939
2026-02-21 21:21:01,47.374837885473525
2026-02-21 21:21:31,51.89776947799428
2026-02-21 21:22:01,57.551667192501895
2026-02-21 21:22:31,46.103032161225165
2026-02-21 21:23:01,38.31095485404094
2026-02-21 21:23:31,56.17256371627247
2026-02-21 21:24:01,47.07005000270456
2026-02-21 21:24:31,53.20731279198665
2026-02-21 21:25:01,55.242118973794796
2026-02-21 21:25:31,51.069730387618996
2026-02-21 21:26:01,50.138547043677114
2026-02-21 21:26:31,58.550612444921114
2026-02-21 21:27:01,53.2756052723838
2026-02-21 21:27:31,54.00150426337396
2026-02-21 21:28:01,59.000831268563694
2026-02-21 21:28:31,46.723520950542984
2026-02-21 21:29:01,48.102893075684925
2026-02-21 21:29:31,59.864292673417395
2026-02-21 21:30:01,59.791052436864064
2026-02-21 21:30:31,71.93450324965043
2026-02-21 21:31:01,51.7570928809181
2026-02-21 21:31:31,65.93853003344881
2026-02-21 21:32:01,76.33847507979587
2026-02-21 21:32:31,103.79468380748979
2026-02-21 21:33:01,77.06916898622366
2026-02-21 21:33:31,82.10360660801315
2026-02-21 21:34:01,62.75820106707412
2026-02-21 21:34:31,66.68915589428632
2026-02-21 21:35:01,54.243063122159676
2026-02-21 21:35:31,76.4804032148448
2026-02-21 21:36:01,102.06957567070776
2026-02-21 21:36:31,78.62303123481075
2026-02-21 21:37:01,42.137532786295075
2026-02-21 21:37:31,65.03352922292699
2026-02-21 21:38:01,143.03553644324057
2026-02-21 21:38:31,154.27838902363328
2026-02-21 21:39:01,84.48506674366662
2026-02-21 21:39:31,143.2829661024206
2026-02-21 21:40:01,122.73955851457563
2026-02-21 21:40:31,66.78743104946172
2026-02-21 21:41:01,38.1369988999028
2026-02-21 21:41:31,65.23979439226181
2026-02-21 21:42:01,39.89650777280103
2026-02-21 21:42:31,50.06787401550681
2026-02-21 21:43:01,85.44797517492238
2026-02-21 21:43:31,37.58582646405619
2026-02-21 21:44:01,74.37693120179846
2026-02-21 21:44:31,115.62567210604588
2026-02-21 21:45:01,87.26997547001692
2026-02-21 21:45:31,90.205580419397
2026-02-21 21:46:01,119.9631737477024
2026-02-21 21:46:31,37.44836150084422
2026-02-21 21:47:01,110.79599896417507
2026-02-21 21:47:31,124.34105963915208
2026-02-21 21:48:01,44.75786210193906
2026-02-21 21:48:31,40.3105089646969
2026-02-21 21:49:01,80.7663515765808
2026-02-21 21:49:31,72.16460143219588
2026-02-21 21:50:01,143.37412764034298
2026-02-21 21:50:31,147.89706571125888
2026-02-21 21:51:01,63.239303342235246
2026-02-21 21:51:31,121.81363730605187
2026-02-21 21:52:01,107.98196383525746
2026-02-21 21:52:31,124.38381248008224
2026-02-21 21:53:01,59.757388878749005
2026-02-21 21:53:31,47.928510283677824
2026-02-21 21:54:01,188.62178266025626
2026-02-21 21:54:31,118.9664733326413
2026-02-21 21:55:01,168.9594332621311
2026-02-21 21:55:31,100.14030221773334
2026-02-21 21:56:01,41.96387880748462
2026-02-21 21:56:31,42.38069924410247
2026-02-21 21:57:01,43.688937080492856
2026-02-21 21:57:31,53.06896556488616
2026-02-21 21:58:01,168.65905886926427
2026-02-21 21:58:31,159.85865054061924
2026-02-21 21:59:01,253.78916464217363
2026-02-21 21:59:31,81.32673535983224
2026-02-21 22:00:01,129.7308393836123
2026-02-21 22:00:31,132.15742878606702
2026-02-21 22:01:01,159.41044130808677
2026-02-21 22:01:31,137.72164695218072
2026-02-21 22:02:01,186.61998718007084
2026-02-21 22:02:31,109.58040351314997
2026-02-21 22:03:01,113.20393951137791
2026-02-21 22:03:31,134.65286225703105
2026-02-21 22:04:01,201.62454125233396
2026-02-21 22:04:31,98.78924111614342
2026-02-21 22:05:01,122.02974226472969
2026-02-21 22:05:31,140.61632130187402
2026-02-21 22:06:01,99.2744127078011
2026-02-21 22:06:31,57.20684430997447
2026-02-21 22:07:01,91.00072780113229
2026-02-21 22:07:31,80.135952739668
2026-02-21 22:08:01,52.20734287542273
2026-02-21 22:08:31,47.137898972117796
2026-02-21 22:09:01,38.862926668677794
2026-02-21 22:09:31,44.89420594523935
2026-02-21 22:10:01,41.27733307922144
2026-02-21 22:10:31,42.65165548112453
2026-02-21 22:11:01,35.06792753999646
2026-02-21 22:11:31,46.481524472183025
2026-02-21 22:12:01,40.204549569947304
2026-02-21 22:12:31,43.10193350485281
2026-02-21 22:13:01,46.20616536039749
2026-02-21 22:13:31,46.46049074595173
2026-02-21 22:14:01,42.298299556527994
2026-02-21 22:14:31,44.34683015213982
2026-02-21 22:15:01,41.48204166480512
2026-02-21 22:15:31,47.62032820870943
2026-02-21 22:16:01,41.723469749633544
2026-02-21 22:16:31,47.688341319489766
2026-02-21 22:17:01,35.27628896753161
2026-02-21 22:17:31,52.34111218589808
2026-02-21 22:18:01,56.17148996608582
2026-02-21 22:18:31,47.4124685399991
2026-02-21 22:19:01,43.27597627831754
2026-02-21 22:19:31,50.98979526615508
2026-02-21 22:20:01,48.328494252846184
2026-02-21 22:20:31,48.65095406079795
2026-02-21 22:21:01,53.51594654346476
2026-02-21 22:21:31,60.61770295819946
2026-02-21 22:22:01,49.7231891088565
2026-02-21 22:22:31,48.65387882700369
2026-02-21 22:23:01,58.032211809809084
2026-02-21 22:23:31,45.30893599213584
2026-02-21 22:24:01,39.20652443654549
2026-02-21 22:24:31,52.96445665168484
2026-02-21 22:25:01,44.27453988995604
2026-02-21 22:25:31,59.824386638760366
2026-02-21 22:26:01,54.758289050426214
2026-02-21 22:26:31,54.79090618384108
2026-02-21 22:27:01,50.589138238053636
2026-02-21 22:27:31,60.37648889412015
2026-02-21 22:28:01,61.68932589785444
2026-02-21 22:28:31,70.02980774247233
2026-02-21 22:29:01,51.99957790795167
2026-02-21 22:29:31,57.75778844110748
2026-02-21 22:30:01,52.48473141445914
2026-02-21 22:30:31,66.0996601633326
2026-02-21 22:31:01,44.758313999911515
2026-02-21 22:31:31,45.93047333141633
2026-02-21 22:32:01,50.827243890024995
2026-02-21 22:32:31,90.58075662474933
2026-02-21 22:33:01,76.99867902566118
2026-02-21 22:33:31,72.61856022610665
2026-02-21 22:34:01,69.10213086023599
2026-02-21 22:34:31,74.79166596453891
2026-02-21 22:35:01,79.54990498773917
2026-02-21 22:35:31,72.13452813209908
2026-02-21 22:36:01,65.998682575424
2026-02-21 22:36:31,81.06692879302193
2026-02-21 22:37:01,73.8517860622213
2026-02-21 22:37:31,86.03418694548266
2026-02-21 22:38:01,56.85898247361858
2026-02-21 22:38:31,55.30968260392783
2026-02-21 22:39:01,44.38050184305791
2026-02-21 22:39:31,42.82481236426886
2026-02-21 22:40:01,36.2398015427042
2026-02-21 22:40:31,47.38018318300743
2026-02-21 22:41:01,42.92975511534274
2026-02-21 22:41:31,58.27510587633654
2026-02-21 22:42:01,42.240058346659154
2026-02-21 22:42:31,46.06899053930944
2026-02-21 22:43:01,42.65234033290744
2026-02-21 22:43:31,44.757412667362274
2026-02-21 22:44:01,63.37747098046671
2026-02-21 22:44:31,42.687834844263115
2026-02-21 22:45:01,52.44745187874894
2026-02-21 22:45:31,51.55035795902363
2026-02-21 22:46:01,39.58401694895845
2026-02-21 22:46:31,41.06919147608851
2026-02-21 22:47:01,43.446189243116116
2026-02-21 22:47:31,51.4466066238095
2026-02-21 22:48:01,47.551016723327876
2026-02-21 22:48:31,53.27393713168285
2026-02-21 22:49:01,43.27430454054796
2026-02-21 22:49:31,47.96579680729155
2026-02-21 22:50:01,53.93001907344739
2026-02-21 22:50:31,43.48300720377344
2026-02-21 22:51:01,41.412649337973406
2026-02-21 22:51:31,43.04688272737287
2026-02-21 22:52:01,43.51634844877447
2026-02-21 22:52:31,42.482149854108506
2026-02-21 22:53:01,51.24224502520003
2026-02-21 22:53:31,47.62248521603435
2026-02-21 22:54:01,48.68918325158897
2026-02-21 22:54:31,45.82578606315803
2026-02-21 22:55:01,44.75902866763864
2026-02-21 22:55:31,52.30923438589685
2026-02-21 22:56:01,50.92915357946289
2026-02-21 22:56:31,51.723806237676115
2026-02-21 22:57:01,39.75812015542869
2026-02-21 22:57:31,60.3082189005578
2026-02-21 22:58:01,67.27741389074443
2026-02-21 22:58:31,56.481906160852176
2026-02-21 22:59:01,69.17330331666187
2026-02-21 22:59:31,65.24500503423047
2026-02-21 23:00:01,60.55534507621636
2026-02-21 23:00:31,159.46982400519022
2026-02-21 23:01:01,57.54988239825085
2026-02-21 23:01:31,54.23967549102918
2026-02-21 23:02:01,62.965035790921185
2026-02-21 23:02:31,52.79345661146755
2026-02-21 23:03:01,59.65323436630713
2026-02-21 23:03:31,57.34495488520318
2026-02-21 23:04:01,70.69017008564103
2026-02-21 23:04:31,81.413662388213
2026-02-21 23:05:01,54.03205841153187
2026-02-21 23:05:31,78.03438414707495
2026-02-21 23:06:01,88.92873377157686
2026-02-21 23:06:31,77.03656731309361
2026-02-21 23:07:01,78.72475876355384
2026-02-21 23:07:31,77.34186699199381
2026-02-21 23:08:01,60.24181826032826
2026-02-21 23:08:31,42.72462196535642
2026-02-21 23:09:01,42.48107026092277
2026-02-21 23:09:31,47.88122126108649
2026-02-21 23:10:01,44.242022628355876
2026-02-21 23:10:31,50.036431811531386
2026-02-21 23:11:01,40.82742097942001
2026-02-21 23:11:31,46.277080907090316
2026-02-21 23:12:01,42.3474960520965
2026-02-21 23:12:31,43.931381729800556
2026-02-21 23:13:01,38.41358510183926
2026-02-21 23:13:31,48.06921882459573
2026-02-21 23:14:01,58.7596957268547
2026-02-21 23:14:31,39.79474682808545
2026-02-21 23:15:01,54.44879793214766
2026-02-21 23:15:31,46.724247378415676
2026-02-21 23:16:01,41.93177299722139
2026-02-21 23:16:31,54.45311701939977
2026-02-21 23:17:01,38.61984906370193
2026-02-21 23:17:31,49.96722366489832
2026-02-21 23:18:01,39.517758659850976
2026-02-21 23:18:31,51.82723189078718
2026-02-21 23:19:01,45.00239610797275
2026-02-21 23:19:31,42.242260488048544
2026-02-21 23:20:01,51.55217373734854
2026-02-21 23:20:31,43.51824148506529
2026-02-21 23:21:01,36.484295057386866
2026-02-21 23:21:31,46.62158749466685
2026-02-21 23:22:01,55.071277208830324
2026-02-21 23:22:31,60.8290845418069
2026-02-21 23:23:01,45.275643306634365
2026-02-21 23:23:31,46.312482928307716
2026-02-21 23:24:01,55.62307750479909
2026-02-21 23:24:31,51.656752742686685
2026-02-21 23:25:01,45.24012969875189
2026-02-21 23:25:31,55.250941080638874
2026-02-21 23:26:01,43.89136328959333
2026-02-21 23:26:31,59.898515134427335
2026-02-21 23:27:01,65.20839013596402
2026-02-21 23:27:31,61.76182421930066
2026-02-21 23:28:01,53.68934970277485
2026-02-21 23:28:31,57.03040701066298
2026-02-21 23:29:01,49.85533990641249
2026-02-21 23:29:31,58.243560231259494
2026-02-21 23:30:01,56.862768163274154
2026-02-21 23:30:31,62.79448401709826
2026-02-21 23:31:01,65.31159943676374
2026-02-21 23:31:31,66.86588253948199
2026-02-21 23:32:01,51.68916300062046
2026-02-21 23:32:31,52.69090023572337
2026-02-21 23:33:01,66.51965888553873
2026-02-21 23:33:31,54.82854472107892
2026-02-21 23:34:01,56.34531870864174
2026-02-21 23:34:31,55.655073751405325
2026-02-21 23:35:01,68.0731454226765
2026-02-21 23:35:31,71.48213085940056
2026-02-21 23:36:01,53.06878369006897
2026-02-21 23:36:31,66.6902177244931
2026-02-21 23:37:01,73.14110125844304
2026-02-21 23:37:31,75.76028792990095
2026-02-21 23:38:01,62.17447812727273
2026-02-21 23:38:31,71.13958634000286
2026-02-21 23:39:01,50.517528086161946
2026-02-21 23:39:31,48.51881694811041
2026-02-21 23:40:01,49.17428196815235
2026-02-21 23:40:31,46.68938530260849
2026-02-21 23:41:01,50.79419274961086
2026-02-21 23:41:31,42.932388931935456
2026-02-21 23:42:01,46.58683475230438
2026-02-21 23:42:31,47.48471951269435
2026-02-21 23:43:01,41.207388900334266
2026-02-21 23:43:31,45.069668338221774
2026-02-21 23:44:01,38.207883524208164
2026-02-21 23:44:31,40.868876898492935
2026-02-21 23:45:01,50.23989667417468
2026-02-21 23:45:31,42.44807024400338
2026-02-21 23:46:01,54.65391811729246
2026-02-21 23:46:31,44.344927542006154
2026-02-21 23:47:01,40.20667421603768
2026-02-21 23:47:31,41.41364569256062
2026-02-21 23:48:01,35.79233804492426
2026-02-21 23:48:31,57.79300132887244
2026-02-21 23:49:01,40.61952216218154
2026-02-21 23:49:31,44.3446599901117
2026-02-21 23:50:01,43.205196332690825
2026-02-21 23:50:31,38.691789695491345
2026-02-21 23:51:01,46.17508704812536
2026-02-21 23:51:31,54.1680004868069
2026-02-21 23:52:01,40.5858359580973
2026-02-21 23:52:31,49.38254958763026
2026-02-21 23:53:01,54.514440146693985
2026-02-21 23:53:31,43.75873844688839
2026-02-21 23:54:01,49.68792878640941
2026-02-21 23:54:31,43.1726029467812
2026-02-21 23:55:01,51.826516187289386
2026-02-21 23:55:31,45.3442783016883
2026-02-21 23:56:01,45.03536870471229
2026-02-21 23:56:31,45.826285454345516
2026-02-21 23:57:01,39.205586297253845
2026-02-21 23:57:31,54.723774217055144
2026-02-21 23:58:01,49.96521292664033
2026-02-21 23:58:31,54.69029857136134
2026-02-21 23:59:01,61.20610844504431
2026-02-21 23:59:31,50.20790615700152
2026-02-22 00:00:01,50.58603812890606
2026-02-22 00:00:31,72.10467308925334
2026-02-22 00:01:01,56.68850784841446
2026-02-22 00:01:31,50.895940628738266
2026-02-22 00:02:01,53.89635917553386
2026-02-22 00:02:31,53.29548573792857
2026-02-22 00:03:01,54.04958137818885
2026-02-22 00:03:31,71.20203245349211
2026-02-22 00:04:01,56.68879202319914
2026-02-22 00:04:31,65.8961629885017
2026-02-22 00:05:01,83.68709408879378
2026-02-22 00:05:31,87.03570641310442
2026-02-22 00:06:01,95.86243535420901
2026-02-22 00:06:31,65.93111064856971
2026-02-22 00:07:01,84.37757915058819
2026-02-22 00:07:31,65.06712257526016
2026-02-22 00:08:01,65.20315610502314
2026-02-22 00:08:31,95.86116302430966
2026-02-22 00:09:01,81.47807411141608
2026-02-22 00:09:31,63.92997630137114
2026-02-22 00:10:01,45.172303231571526
2026-02-22 00:10:31,38.99944477899054
2026-02-22 00:11:01,45.89764574192923
2026-02-22 00:11:31,49.17095252077005
2026-02-22 00:12:01,39.72190072455973
2026-02-22 00:12:31,43.72366720244828
2026-02-22 00:13:01,38.37778011419098
2026-02-22 00:13:31,37.72173027719767
2026-02-22 00:14:01,38.86277056574329
2026-02-22 00:14:31,41.8946327178407
2026-02-22 00:15:01,44.44693114759191
2026-02-22 00:15:31,49.30910715004395
2026-02-22 00:16:01,47.00063265406765
2026-02-22 00:16:31,47.17153159465994
2026-02-22 00:17:01,40.551877645378696
2026-02-22 00:17:31,48.85983726323933
2026-02-22 00:18:01,45.00195647369963
2026-02-22 00:18:31,53.96285990350411
2026-02-22 00:19:01,40.793679163422524
2026-02-22 00:19:31,37.86318573397869
2026-02-22 00:20:01,44.55109159990504
2026-02-22 00:20:31,62.583115622258845
2026-02-22 00:21:01,55.89549717664363
2026-02-22 00:21:31,38.57625711838294
2026-02-22 00:22:01,44.1242207454853
2026-02-22 00:22:31,47.6164677097082
2026-02-22 00:23:01,52.51814986684046
2026-02-22 00:23:31,58.9305048920725
2026-02-22 00:24:01,46.8128631088495
2026-02-22 00:24:31,39.136694515729644
2026-02-22 00:25:01,57.998992926198156
2026-02-22 00:25:31,46.447750432895454
2026-02-22 00:26:01,60.89792160941212
2026-02-22 00:26:31,41.68835203623236
2026-02-22 00:27:01,51.20582055964494
2026-02-22 00:27:31,46.37753639220741
2026-02-22 00:28:01,41.86226045982107
2026-02-22 00:28:31,45.85874829084947
2026-02-22 00:29:01,44.86225806982539
2026-02-22 00:29:31,50.343536396065836
2026-02-22 00:30:01,49.34407852065388
2026-02-22 00:30:31,46.65392752957394
2026-02-22 00:31:01,57.31086571946531
2026-02-22 00:31:31,49.34139150466139
2026-02-22 00:32:01,72.62087166004675
2026-02-22 00:32:31,51.99981580692183
2026-02-22 00:33:01,51.061045676603314
2026-02-22 00:33:31,46.827494672880896
2026-02-22 00:34:01,66.13602153337631
2026-02-22 00:34:31,53.58420941874061
2026-02-22 00:35:01,44.172606554674445
2026-02-22 00:35:31,55.550733746885875
2026-02-22 00:36:01,66.92925694004661
2026-02-22 00:36:31,74.61786351857849
2026-02-22 00:37:01,70.92924626118435
2026-02-22 00:37:31,57.51660884717512
2026-02-22 00:38:01,59.448598212103086
2026-02-22 00:38:31,67.51532597656877
2026-02-22 00:39:01,72.79162560846825
2026-02-22 00:39:31,71.3767279302759
2026-02-22 00:40:01,65.03347806047132
2026-02-22 00:40:31,69.72292171277223
2026-02-22 00:41:01,58.378739632199014
2026-02-22 00:41:31,39.13660173215296
2026-02-22 00:42:01,65.75749124726876
2026-02-22 00:42:31,70.13691443859605
2026-02-22 00:43:01,55.34374680942297
2026-02-22 00:43:31,39.27493111759675
2026-02-22 00:44:01,53.585963199005214
2026-02-22 00:44:31,87.58451864969801
2026-02-22 00:45:01,60.9994103000558
2026-02-22 00:45:31,57.48810886133936
2026-02-22 00:46:01,55.82193760167931
2026-02-22 00:46:31,68.27364109147037
2026-02-22 00:47:01,99.00030097138881
2026-02-22 00:47:31,66.58395259452656
2026-02-22 00:48:01,54.239261709986806
2026-02-22 00:48:31,55.03569335404437
2026-02-22 00:49:01,56.58529021227802
2026-02-22 00:49:31,56.20518921480274
2026-02-22 00:50:01,68.82629377076395
2026-02-22 00:50:31,54.82652214452797
2026-02-22 00:51:01,58.068358056131544
2026-02-22 00:51:31,53.58589068153442
2026-02-22 00:52:01,96.90955353748534
2026-02-22 00:52:31,83.88079728648864
2026-02-22 00:53:01,63.793602978407215
2026-02-22 00:53:31,116.93630826960933
2026-02-22 00:54:01,84.69074051918096
2026-02-22 00:54:31,81.97664320784611
2026-02-22 00:55:01,73.17243998392652
2026-02-22 00:55:31,39.20635675427862
2026-02-22 00:56:01,39.96804775581763
2026-02-22 00:56:31,53.653465059893094
2026-02-22 00:57:01,49.074380142030456
2026-02-22 00:57:31,56.57712771345314
2026-02-22 00:58:01,76.6547705756569
2026-02-22 00:58:31,42.30916651460894
2026-02-22 00:59:01,117.25490331502426
2026-02-22 00:59:31,43.34487761983635
2026-02-22 01:00:01,79.8950136098218
2026-02-22 01:00:31,140.34944733079487
2026-02-22 01:01:01,94.61847934029278
2026-02-22 01:01:31,86.44758152127187
2026-02-22 01:02:01,64.82530950844759
2026-02-22 01:02:31,77.34433304366239
2026-02-22 01:03:01,62.103139153062756
2026-02-22 01:03:31,87.10271476653868
2026-02-22 01:04:01,46.34386337450655
2026-02-22 01:04:31,79.7229073859641
2026-02-22 01:05:01,103.48152350086022
2026-02-22 01:05:31,71.51753044613648
2026-02-22 01:06:01,64.5149216548726
2026-02-22 01:06:31,84.44660777265418
2026-02-22 01:07:01,96.89564452494524
2026-02-22 01:07:31,84.13703812263493
2026-02-22 01:08:01,71.06803693464003
2026-02-22 01:08:31,69.69149477860137
2026-02-22 01:09:01,73.27523197899986
2026-02-22 01:09:31,67.27536510050255
2026-02-22 01:10:01,74.31187407019408
2026-02-22 01:10:31,82.08436159543622
2026-02-22 01:11:01,78.89678607991254
2026-02-22 01:11:31,81.65587654206765
2026-02-22 01:12:01,72.51627474685114
2026-02-22 01:12:31,52.826168992406686
2026-02-22 01:13:01,56.963152368723954
2026-02-22 01:13:31,78.10302858617848
2026-02-22 01:14:01,81.99652708673754
2026-02-22 01:14:31,75.23991806392104
2026-02-22 01:15:01,38.3781261886789
2026-02-22 01:15:31,66.41155790880178
2026-02-22 01:16:01,70.17011781265455
2026-02-22 01:16:31,65.55032111757151
2026-02-22 01:17:01,51.23904062987973
2026-02-22 01:17:31,62.551235462016805
2026-02-22 01:18:01,46.10193230189195
2026-02-22 01:18:31,64.14102518332744
2026-02-22 01:19:01,71.4811666311442
2026-02-22 01:19:31,54.482564898315175
2026-02-22 01:20:01,53.55141262929101
2026-02-22 01:20:31,68.17167900496189
2026-02-22 01:21:01,68.03624742974301
2026-02-22 01:21:31,50.591325191688405
2026-02-22 01:22:01,97.43710127255063
2026-02-22 01:22:31,50.620329410758934
2026-02-22 01:23:01,79.68668034178486
2026-02-22 01:23:31,94.41329260030318
2026-02-22 01:24:01,86.96671711113791
2026-02-22 01:24:31,72.82258674768514
2026-02-22 01:25:01,69.79333892074719
2026-02-22 01:25:31,85.1374781287852
2026-02-22 01:26:01,110.34317489417344
2026-02-22 01:26:31,72.27491802238399
2026-02-22 01:27:01,40.00038052884981
2026-02-22 01:27:31,112.4459299751012
2026-02-22 01:28:01,59.999072656091535
2026-02-22 01:28:31,75.38418972931726
2026-02-22 01:29:01,81.27632109417976
2026-02-22 01:29:31,95.10505611931535
2026-02-22 01:30:01,42.13854704882349
2026-02-22 01:30:31,58.067959700765634
2026-02-22 01:31:01,58.450027672617054
2026-02-22 01:31:31,75.8272045526653
2026-02-22 01:32:01,93.4476195989885
2026-02-22 01:32:31,49.37917125987635
2026-02-22 01:33:01,63.34684315229564
2026-02-22 01:33:31,45.484674322901654
2026-02-22 01:34:01,114.72254584932007
2026-02-22 01:34:31,71.17551154092543
2026-02-22 01:35:01,76.58577532777576
2026-02-22 01:35:31,60.173201083273455
2026-02-22 01:36:01,58.93172423478601
2026-02-22 01:36:31,93.68844475042222
2026-02-22 01:37:01,69.79125223618962
2026-02-22 01:37:31,87.62336166982237
2026-02-22 01:38:01,75.4487812793057
2026-02-22 01:38:31,57.862536328965305
2026-02-22 01:39:01,68.34284455424701
2026-02-22 01:39:31,88.27341639628808
2026-02-22 01:40:01,77.38078849323335
2026-02-22 01:40:31,86.31166713272069
2026-02-22 01:41:01,92.89257451665422
2026-02-22 01:41:31,92.79291329368785
2026-02-22 01:42:01,71.92938296267582
2026-02-22 01:42:31,69.62258154573642
2026-02-22 01:43:01,51.75906427220508
2026-02-22 01:43:31,49.13771583725147
2026-02-22 01:44:01,43.38178616590668
2026-02-22 01:44:31,51.524527956820975
2026-02-22 01:45:01,44.27612249584223
2026-02-22 01:45:31,41.96468283308267
2026-02-22 01:46:01,36.862714691986554
2026-02-22 01:46:31,53.033254562925656
2026-02-22 01:47:01,46.3443139520233
2026-02-22 01:47:31,44.034276077829105
2026-02-22 01:48:01,53.687807537155464
2026-02-22 01:48:31,47.79192519287137
2026-02-22 01:49:01,43.72284916427847
2026-02-22 01:49:31,46.24204646845486
2026-02-22 01:50:01,39.137588701614156
2026-02-22 01:50:31,55.931663624546836
2026-02-22 01:51:01,43.344618352710654
2026-02-22 01:51:31,42.447319969997764
2026-02-22 01:52:01,50.00027593996435
2026-02-22 01:52:31,49.34322603906164
2026-02-22 01:53:01,66.72424745172778
2026-02-22 01:53:31,55.13490389313267
2026-02-22 01:54:01,55.31049946295384
2026-02-22 01:54:31,42.41310593021163
2026-02-22 01:55:01,55.79192041595293
2026-02-22 01:55:31,53.344648067923885
2026-02-22 01:56:01,51.137900160971874
2026-02-22 01:56:31,52.724384100493616
2026-02-22 01:57:01,43.6199239910498
2026-02-22 01:57:31,38.346888408514275
2026-02-22 01:58:01,65.75585391917622
2026-02-22 01:58:31,56.03470887154924
2026-02-22 01:59:01,59.06852091877972
2026-02-22 01:59:31,61.104865719136505
2026-02-22 02:00:01,48.619277146570525
2026-02-22 02:00:31,50.79219149580258
2026-02-22 02:01:01,57.72608694481669
2026-02-22 02:01:31,45.691101154868655
2026-02-22 02:02:01,57.54753444330804
2026-02-22 02:02:31,53.34339602542213
2026-02-22 02:03:01,70.51875750464608
2026-02-22 02:03:31,65.82711663622564
2026-02-22 02:04:01,47.5161249494891
2026-02-22 02:04:31,66.24158516859377
2026-02-22 02:05:01,57.724504221490506
2026-02-22 02:05:31,61.10421415990848
2026-02-22 02:06:01,56.44595853044477
2026-02-22 02:06:31,56.551988310705816
2026-02-22 02:07:01,51.862835977405595
2026-02-22 02:07:31,76.72618202809109
2026-02-22 02:08:01,79.57250367481323
2026-02-22 02:08:31,83.34451624278823
2026-02-22 02:09:01,75.75015175883065
2026-02-22 02:09:31,71.8629299502342
2026-02-22 02:10:01,67.62555572801963
2026-02-22 02:10:31,63.89428907854287
2026-02-22 02:11:01,79.20931054100296
2026-02-22 02:11:31,73.17083723031065
2026-02-22 02:12:01,58.58645194536965
2026-02-22 02:12:31,61.79253867510841
2026-02-22 02:13:01,50.41263623440928
2026-02-22 02:13:31,90.37848757569539
2026-02-22 02:14:01,178.0027497786554
2026-02-22 02:14:31,169.2092916572959
2026-02-22 02:15:01,150.85626316177402
2026-02-22 02:15:31,42.792008412929896
2026-02-22 02:16:01,40.207019096343735
2026-02-22 02:16:31,40.187632351446524
2026-02-22 02:17:01,37.44442851369368
2026-02-22 02:17:31,39.20879801777854
2026-02-22 02:18:01,37.790471085147956
2026-02-22 02:18:31,49.44677061689248
2026-02-22 02:19:01,138.64946885720232
2026-02-22 02:19:31,39.10303094498083
2026-02-22 02:20:01,108.99949735449725
2026-02-22 02:20:31,36.37771832320357
2026-02-22 02:21:01,109.41429502309819
2026-02-22 02:21:31,173.1027803432629
2026-02-22 02:22:01,103.72279560887556
2026-02-22 02:22:31,41.06887759110517
2026-02-22 02:23:01,41.06762091974616
2026-02-22 02:23:31,119.72449471720572
2026-02-22 02:24:01,126.7579525208764
2026-02-22 02:24:31,162.4514071166272
2026-02-22 02:25:01,47.93046736532743
2026-02-22 02:25:31,139.06466253067367
2026-02-22 02:26:01,41.724708706143076
2026-02-22 02:26:31,38.65481337454742
2026-02-22 02:27:01,42.3452284731984
2026-02-22 02:27:31,43.37870991517193
2026-02-22 02:28:01,70.06766000909724
2026-02-22 02:28:31,87.86198475159718
2026-02-22 02:29:01,97.68867789922326
2026-02-22 02:29:31,140.1037709708144
2026-02-22 02:30:01,145.79127364487
2026-02-22 02:30:31,126.10341286825974
2026-02-22 02:31:01,56.14005728600482
2026-02-22 02:31:31,56.377969153796116
2026-02-22 02:32:01,114.75666955696961
2026-02-22 02:32:31,82.06728668818121
2026-02-22 02:33:01,118.27734644694279
2026-02-22 02:33:31,100.61913208166612
2026-02-22 02:34:01,185.79271955409996
2026-02-22 02:34:31,160.75636994337245
2026-02-22 02:35:01,94.27267209489335
2026-02-22 02:35:31,85.96421175012466
2026-02-22 02:36:01,112.72250322343471
2026-02-22 02:36:31,166.51350921678812
2026-02-22 02:37:01,117.65501453241329
2026-02-22 02:37:31,45.827233086681005
2026-02-22 02:38:01,85.93617039418149
2026-02-22 02:38:31,145.4381341207011
2026-02-22 02:39:01,219.4870607904578
2026-02-22 02:39:31,108.51721322407882
2026-02-22 02:40:01,125.58278023885624
2026-02-22 02:40:31,179.27283611557633
2026-02-22 02:41:01,92.87026960696286
2026-02-22 02:41:31,112.8879888593215
2026-02-22 02:42:01,144.198124393303
2026-02-22 02:42:31,58.792645700891576
2026-02-22 02:43:01,103.86281221391265
2026-02-22 02:43:31,124.55350311633313
2026-02-22 02:44:01,44.17195366874403
2026-02-22 02:44:31,81.9986399465267
2026-02-22 02:45:01,104.10158516892032
2026-02-22 02:45:31,65.48438656226713
2026-02-22 02:46:01,90.09952223048997
2026-02-22 02:46:31,55.75813442915908
2026-02-22 02:47:01,82.44994902861627
2026-02-22 02:47:31,55.309398384345954
2026-02-22 02:48:01,39.86251967563463
2026-02-22 02:48:31,67.30788840025544
2026-02-22 02:49:01,97.21331677756542
2026-02-22 02:49:31,41.1693629275333
2026-02-22 02:50:01,68.61951739504518
2026-02-22 02:50:31,50.929874004430985
2026-02-22 02:51:01,38.689349609539164
2026-02-22 02:51:31,80.34541647790564
2026-02-22 02:52:01,85.10276590855078
2026-02-22 02:52:31,98.4483568117572
2026-02-22 02:53:01,69.55307144953804
2026-02-22 02:53:31,83.4111606860536
2026-02-22 02:54:01,109.17153995148756
2026-02-22 02:54:31,76.65436744748494
2026-02-22 02:55:01,66.65506076672423
2026-02-22 02:55:31,38.447466149280125
2026-02-22 02:56:01,67.82701076519875
2026-02-22 02:56:31,53.034869232807566
2026-02-22 02:57:01,72.58651967725268
2026-02-22 02:57:31,69.93017734112455
2026-02-22 02:58:01,100.79057684105581
2026-02-22 02:58:31,39.82839009661883
2026-02-22 02:59:01,91.41163393782634
2026-02-22 02:59:31,70.55059697264682
2026-02-22 03:00:01,86.82350318856327
2026-02-22 03:00:31,84.17314276702804
2026-02-22 03:01:01,79.55180151194836
2026-02-22 03:01:31,61.722851451137764
2026-02-22 03:02:01,43.41422122775839
2026-02-22 03:02:31,43.4133531755362
2026-02-22 03:03:01,60.62316309107827
2026-02-22 03:03:31,63.859367622355514
2026-02-22 03:04:01,108.24168744143417
2026-02-22 03:04:31,99.62135566878587
2026-02-22 03:05:01,74.861496023948
2026-02-22 03:05:31,96.79088359181665
2026-02-22 03:06:01,44.965570792126144
2026-02-22 03:06:31,114.93072779924374
2026-02-22 03:07:01,71.13818680949508
2026-02-22 03:07:31,87.89679683693575
2026-02-22 03:08:01,75.2762486137689
2026-02-22 03:08:31,60.5166648120417
2026-02-22 03:09:01,68.1395803410159
2026-02-22 03:09:31,97.85890990605188
2026-02-22 03:10:01,115.6568692712727
2026-02-22 03:10:31,73.65467308793997
2026-02-22 03:11:01,71.03189432173393
2026-02-22 03:11:31,81.58502154556817
2026-02-22 03:12:01,58.692610180455176
2026-02-22 03:12:31,69.65454465554923
2026-02-22 03:13:01,70.47851169556475
2026-02-22 03:13:31,78.41297744089375
2026-02-22 03:14:01,55.99795970470115
2026-02-22 03:14:31,45.10323666023085
2026-02-22 03:15:01,58.137992913118644
2026-02-22 03:15:31,42.620387745697144
2026-02-22 03:16:01,129.99936299700101
2026-02-22 03:16:31,108.44388608526201
2026-02-22 03:17:01,81.5509489923975
2026-02-22 03:17:31,109.34176238959594
2026-02-22 03:18:01,114.65443409055476
2026-02-22 03:18:31,94.23629777933509
2026-02-22 03:19:01,49.72325926422766
2026-02-22 03:19:31,48.27557791532094
2026-02-22 03:20:01,61.308943075428566
2026-02-22 03:20:31,38.55184431796555
2026-02-22 03:21:01,113.65351501454481
2026-02-22 03:21:31,104.6387535555365
2026-02-22 03:22:01,148.174210544633
2026-02-22 03:22:31,91.16954724246585
2026-02-22 03:23:01,76.68919743550981
2026-02-22 03:23:31,130.34575513158214
2026-02-22 03:24:01,69.58532227102951
2026-02-22 03:24:31,104.06924023556368
2026-02-22 03:25:01,46.10312133014426
2026-02-22 03:25:31,115.86103834107388
2026-02-22 03:26:01,137.1053652362961
2026-02-22 03:26:31,104.7889788608873
2026-02-22 03:27:01,204.20685977288238
2026-02-22 03:27:31,71.3781285036619
2026-02-22 03:28:01,145.07216669187778
2026-02-22 03:28:31,70.20391354799482
2026-02-22 03:29:01,123.00129622345742
2026-02-22 03:29:31,44.82499191256551
2026-02-22 03:30:01,59.93046974796322
2026-02-22 03:30:31,41.51629495059085
2026-02-22 03:31:01,86.75596215694
2026-02-22 03:31:31,143.8937470198363
2026-02-22 03:32:01,79.75863976440552
2026-02-22 03:32:31,94.3450393418468
2026-02-22 03:33:01,48.75869456034698
2026-02-22 03:33:31,136.44783015239938
2026-02-22 03:34:01,153.97310875407766
2026-02-22 03:34:31,40.75761838399253
2026-02-22 03:35:01,124.68827135378575
2026-02-22 03:35:31,123.68899768628243
2026-02-22 03:36:01,89.55195846574782
2026-02-22 03:36:31,245.28029861319348
2026-02-22 03:37:01,84.55377663341284
2026-02-22 03:37:31,132.96775370256583
2026-02-22 03:38:01,180.17932026169302
2026-02-22 03:38:31,74.274141713165
2026-02-22 03:39:01,78.37966716978626
2026-02-22 03:39:31,89.20457450706913
2026-02-22 03:40:01,135.41433903494345
2026-02-22 03:40:31,208.31541169581027
2026-02-22 03:41:01,203.4514512781926
2026-02-22 03:41:31,139.16562350553409
2026-02-22 03:42:01,107.51763513254056
2026-02-22 03:42:31,167.0705864480253
2026-02-22 03:43:01,179.4866103132263
2026-02-22 03:43:31,149.068469794445
2026-02-22 03:44:01,178.5876278730275
2026-02-22 03:44:31,118.48152807262366
2026-02-22 03:45:01,197.66091002613857
2026-02-22 03:45:31,54.96503570686939
2026-02-22 03:46:01,124.79769487703226
2026-02-22 03:46:31,78.31442473047177
2026-02-22 03:47:01,159.8205664704155
2026-02-22 03:47:31,73.44938062098412
2026-02-22 03:48:01,187.90492075905567
2026-02-22 03:48:31,113.51837461073133
2026-02-22 03:49:01,49.2754471149845
2026-02-22 03:49:31,138.5202296587492
2026-02-22 03:50:01,179.52241528472976
2026-02-22 03:50:31,227.3517747767167
2026-02-22 03:51:01,84.38255791706486
2026-02-22 03:51:31,38.27597148616318
2026-02-22 03:52:01,162.76234743403728
2026-02-22 03:52:31,105.89461727650979
2026-02-22 03:53:01,129.0975901275282
2026-02-22 03:53:31,233.00137834167103
2026-02-22 03:54:01,116.27749600148431
2026-02-22 03:54:31,37.62095843150502
2026-02-22 03:55:01,68.86200481488106
2026-02-22 03:55:31,88.06975045907325
2026-02-22 03:56:01,84.71862625738568
2026-02-22 03:56:31,75.11139592981766
2026-02-22 03:57:01,116.13200294446501
2026-02-22 03:57:31,74.30975276740695
2026-02-22 03:58:01,82.86298946082469
2026-02-22 03:58:31,38.068582687765755
2026-02-22 03:59:01,141.68928920709928
2026-02-22 03:59:31,139.9639679822305
2026-02-22 04:00:01,123.17344478260794
2026-02-22 04:00:31,118.55370768165712
2026-02-22 04:01:01,262.59579261297023
2026-02-22 04:01:31,102.99929385731843
2026-02-22 04:02:01,57.27530091107813
2026-02-22 04:02:31,130.75994424678942
2026-02-22 04:03:01,79.4150297931056
2026-02-22 04:03:31,108.24299416321408
2026-02-22 04:04:01,42.48236511529462
2026-02-22 04:04:31,47.44827351231501
2026-02-22 04:05:01,45.378891849181144
2026-02-22 04:05:31,91.07088244249051
2026-02-22 04:06:01,97.3446126286123
2026-02-22 04:06:31,195.48972945439507
2026-02-22 04:07:01,113.44968382895327
2026-02-22 04:07:31,171.9239148585563
2026-02-22 04:08:01,151.8294769723288
2026-02-22 04:08:31,168.06940210730687
2026-02-22 04:09:01,89.93376955292702
2026-02-22 04:09:31,47.79318436730584
2026-02-22 04:10:01,105.79132595936001
2026-02-22 04:10:31,125.48275083307465
2026-02-22 04:11:01,223.282543920046
2026-02-22 04:11:31,138.9277314356459
2026-02-22 04:12:01,155.4130797711229
2026-02-22 04:12:31,93.10267669665477
2026-02-22 04:13:01,158.3490715355793
2026-02-22 04:13:31,99.2759620446775
2026-02-22 04:14:01,105.89277785672596
2026-02-22 04:14:31,61.82654702708504
2026-02-22 04:15:01,85.82590155016644
2026-02-22 04:15:31,38.62151971767589
2026-02-22 04:16:01,129.02943392565237
2026-02-22 04:16:31,53.09422646169705
2026-02-22 04:17:01,85.75832824667006
2026-02-22 04:17:31,38.31105476530296
2026-02-22 04:18:01,76.24014281568265
2026-02-22 04:18:31,91.54978128458441
2026-02-22 04:19:01,54.96556247128617
2026-02-22 04:19:31,63.58383966871378
2026-02-22 04:20:01,97.51638671438666
2026-02-22 04:20:31,66.75747448127379
2026-02-22 04:21:01,73.51592991933394
2026-02-22 04:21:31,40.10241384607773
2026-02-22 04:22:01,70.55110007631053
2026-02-22 04:22:31,51.82709644659717
2026-02-22 04:23:01,71.96387645019746
2026-02-22 04:23:31,55.03473369497489
2026-02-22 04:24:01,62.10357684855925
2026-02-22 04:24:31,62.34575155459613
2026-02-22 04:25:01,39.72260896541677
2026-02-22 04:25:31,70.96778500951709
2026-02-22 04:26:01,61.34483476231143
2026-02-22 04:26:31,101.75646531922067
2026-02-22 04:27:01,86.75524039996331
2026-02-22 04:27:31,81.51904435806541
2026-02-22 04:28:01,65.86006912057361
2026-02-22 04:28:31,37.37935322883628
2026-02-22 04:29:01,52.27693594314976
2026-02-22 04:29:31,41.58447691027191
2026-02-22 04:30:01,51.517454327658264
2026-02-22 04:30:31,40.9651558640277
2026-02-22 04:31:01,88.51763976871317
2026-02-22 04:31:31,83.58757202796788
2026-02-22 04:32:01,74.31037468699124
2026-02-22 04:32:31,56.656330635121634
2026-02-22 04:33:01,79.51116463657402
2026-02-22 04:33:31,95.65284196973025
2026-02-22 04:34:01,53.24197626035112
2026-02-22 04:34:31,60.94896369199701
2026-02-22 04:35:01,40.36681482119732
2026-02-22 04:35:31,43.82709994336729
2026-02-22 04:36:01,47.690061899722494
2026-02-22 04:36:31,56.711092224558016
2026-02-22 04:37:01,73.543108096905
2026-02-22 04:37:31,46.6877611073382
2026-02-22 04:38:01,61.5855672742452
2026-02-22 04:38:31,113.00709567404719
2026-02-22 04:39:01,105.09734187667243
2026-02-22 04:39:31,77.89901913423266
2026-02-22 04:40:01,70.61927365028924
2026-02-22 04:40:31,57.30553671740498
2026-02-22 04:41:01,78.51750079641465
2026-02-22 04:41:31,75.92814765835985
2026-02-22 04:42:01,90.54929625902435
2026-02-22 04:42:31,80.54896820810016
2026-02-22 04:43:01,78.03188957122285
2026-02-22 04:43:31,57.10206552170902
2026-02-22 04:44:01,79.30955531853489
2026-02-22 04:44:31,71.17531998869593
2026-02-22 04:45:01,59.755689834138536
2026-02-22 04:45:31,94.72548889047833
2026-02-22 04:46:01,58.79295377309973
2026-02-22 04:46:31,54.96456128934767
2026-02-22 04:47:01,83.89567193373139
2026-02-22 04:47:31,188.1348493839791
2026-02-22 04:48:01,65.44765174696948
2026-02-22 04:48:31,144.96086110294254
2026-02-22 04:49:01,166.09982981385826
2026-02-22 04:49:31,48.863325910748884
2026-02-22 04:50:01,67.27475514523584
2026-02-22 04:50:31,67.48022132976881
2026-02-22 04:51:01,66.06964568823295
2026-02-22 04:51:31,50.51699411670151
2026-02-22 04:52:01,121.4464710310291
2026-02-22 04:52:31,142.89151296341487
2026-02-22 04:53:01,182.86396454483352
2026-02-22 04:53:31,70.27729861824564
2026-02-22 04:54:01,86.6538692830279
2026-02-22 04:54:31,42.3439572599825
2026-02-22 04:55:01,42.723621926614136
2026-02-22 04:55:31,42.689594567602875
2026-02-22 04:56:01,38.79267312190453
2026-02-22 04:56:31,90.3014100194251
2026-02-22 04:57:01,132.91857809498092
2026-02-22 04:57:31,198.133621032447
2026-02-22 04:58:01,82.72345315051344
2026-02-22 04:58:31,38.516825317480894
2026-02-22 04:59:01,85.8625090257841
2026-02-22 04:59:31,135.96389672920566
2026-02-22 05:00:01,49.4820155476209
2026-02-22 05:00:31,83.20447333805346
2026-02-22 05:01:01,122.71937966744304
2026-02-22 05:01:31,79.82859939513217
2026-02-22 05:02:01,138.13639626196925
2026-02-22 05:02:31,88.27628311484548
2026-02-22 05:03:01,95.17082059230458
2026-02-22 05:03:31,172.44628195625958
2026-02-22 05:04:01,88.8253664210514
2026-02-22 05:04:31,124.55427138767206
2026-02-22 05:05:01,77.23945312836308
2026-02-22 05:05:31,49.102118994793855
2026-02-22 05:06:01,113.00029383267956
2026-02-22 05:06:31,109.44650791292752
2026-02-22 05:07:01,125.31004529575449
2026-02-22 05:07:31,289.1396078812765
2026-02-22 05:08:01,53.24105714925571
2026-02-22 05:08:31,45.93039607170184
2026-02-22 05:09:01,176.65533077193814
2026-02-22 05:09:31,78.75693943710924
2026-02-22 05:10:01,107.62101333536339
2026-02-22 05:10:31,80.93101076559721
2026-02-22 05:11:01,83.41223797013274
2026-02-22 05:11:31,71.89739251470617
2026-02-22 05:12:01,68.82482179058655
2026-02-22 05:12:31,126.40873542158211
2026-02-22 05:13:01,109.24016418835636
2026-02-22 05:13:31,131.1713939097777
2026-02-22 05:14:01,176.48054116521368
2026-02-22 05:14:31,173.21120243131517
2026-02-22 05:15:01,135.65546138952791
2026-02-22 05:15:31,168.657040690103
2026-02-22 05:16:01,107.30657207325595
2026-02-22 05:16:31,51.137838360248736
2026-02-22 05:17:01,108.58664330358081
2026-02-22 05:17:31,99.37975517470774
2026-02-22 05:18:01,87.75709768528831
2026-02-22 05:18:31,39.37907612001623
2026-02-22 05:19:01,56.068174866008476
2026-02-22 05:19:31,70.58820229064273
2026-02-22 05:20:01,58.23728697333669
2026-02-22 05:20:31,37.62020100033149
2026-02-22 05:21:01,40.6897860599529
2026-02-22 05:21:31,53.584656458480474
2026-02-22 05:22:01,47.44826994336588
2026-02-22 05:22:31,119.96583013896907
2026-02-22 05:23:01,71.65855315738351
2026-02-22 05:23:31,40.34286219357203
2026-02-22 05:24:01,40.171971518708034
2026-02-22 05:24:31,52.68853517578056
2026-02-22 05:25:01,94.41146630008345
2026-02-22 05:25:31,54.17551154290736
2026-02-22 05:26:01,67.17424987232808
2026-02-22 05:26:31,82.64978517882643
2026-02-22 05:27:01,61.82744479566181
2026-02-22 05:27:31,57.068663563163724
2026-02-22 05:28:01,94.51283146921016
2026-02-22 05:28:31,39.99937461058911
2026-02-22 05:29:01,85.99978729791776
2026-02-22 05:29:31,57.032910985112416
2026-02-22 05:30:01,97.93205951519244
2026-02-22 05:30:31,91.20333431546148
2026-02-22 05:31:01,87.83174110675958
2026-02-22 05:31:31,38.92836881404762
2026-02-22 05:32:01,84.34438055721488
2026-02-22 05:32:31,112.93003589175596
2026-02-22 05:33:01,73.3434781419809
2026-02-22 05:33:31,60.8625755793205
2026-02-22 05:34:01,78.30836161021996
2026-02-22 05:34:31,82.65554945684184
2026-02-22 05:35:01,60.5857670466108
2026-02-22 05:35:31,62.10291205816723
2026-02-22 05:36:01,90.03305713391
2026-02-22 05:36:31,58.172222389820384
2026-02-22 05:37:01,93.92887294220415
2026-02-22 05:37:31,50.06799767714747
2026-02-22 05:38:01,80.20558986326303
2026-02-22 05:38:31,61.660576099953076
2026-02-22 05:39:01,47.44429532045977
2026-02-22 05:39:31,72.34377302351872
2026-02-22 05:40:01,84.06933532784255
2026-02-22 05:40:31,73.7585448222621
2026-02-22 05:41:01,74.24062911472843
2026-02-22 05:41:31,48.13664814738753
2026-02-22 05:42:01,93.20601792278873
2026-02-22 05:42:31,58.446316380656974
2026-02-22 05:43:01,79.41446261483782
2026-02-22 05:43:31,99.51449610819601
2026-02-22 05:44:01,119.96497749623656
2026-02-22 05:44:31,80.27751851387308
2026-02-22 05:45:01,67.68756612655598
2026-02-22 05:45:31,97.68994534274505
2026-02-22 05:46:01,85.8987350231787
2026-02-22 05:46:31,69.95823511460281
2026-02-22 05:47:01,74.48433422646761
2026-02-22 05:47:31,41.44838407893536
2026-02-22 05:48:01,76.89476825387733
2026-02-22 05:48:31,93.13696916933894
2026-02-22 05:49:01,116.06931046946052
2026-02-22 05:49:31,37.655091599341176
2026-02-22 05:50:01,53.24073847149799
2026-02-22 05:50:31,55.00041977543675
2026-02-22 05:51:01,74.72496557710566
2026-02-22 05:51:31,38.41170171857195
2026-02-22 05:52:01,39.62105711594663
2026-02-22 05:52:31,78.65577780454385
2026-02-22 05:53:01,102.65385031579888
2026-02-22 05:53:31,73.58665520738177
2026-02-22 05:54:01,61.51711299471422
2026-02-22 05:54:31,84.92860302385951
2026-02-22 05:55:01,47.20673139256062
2026-02-22 05:55:31,60.13922124404406
2026-02-22 05:56:01,67.41390136098879
2026-02-22 05:56:31,78.24178370322186
2026-02-22 05:57:01,55.06853997506924
2026-02-22 05:57:31,86.61959944452995
2026-02-22 05:58:01,108.99895502304749
2026-02-22 05:58:31,81.99907378510606
2026-02-22 05:59:01,89.65635204568255
2026-02-22 05:59:31,54.69020582078542
2026-02-22 06:00:01,56.44719506649128
2026-02-22 06:00:31,37.13843047317318
2026-02-22 06:01:01,40.27484573558111
2026-02-22 06:01:31,70.79333661150841
2026-02-22 06:02:01,64.76174575458037
2026-02-22 06:02:31,73.30447635851915
2026-02-22 06:03:01,64.54987287716628
2026-02-22 06:03:31,96.8610179842473
2026-02-22 06:04:01,64.20535559308722
2026-02-22 06:04:31,87.68912857431606
2026-02-22 06:05:01,44.34410943646719
2026-02-22 06:05:31,83.48141982342446
2026-02-22 06:06:01,77.00060532819005
2026-02-22 06:06:31,115.58815834471743
2026-02-22 06:07:01,70.86081463433308
2026-02-22 06:07:31,57.58525458299918
2026-02-22 06:08:01,69.03573609193276
2026-02-22 06:08:31,46.8263793744327
2026-02-22 06:09:01,64.62120105933109
2026-02-22 06:09:31,46.13731752871802
2026-02-22 06:10:01,71.82531296837337
2026-02-22 06:10:31,86.72269807605433
2026-02-22 06:11:01,85.37939139793227
2026-02-22 06:11:31,59.930470902534594
2026-02-22 06:12:01,76.7922842584994
2026-02-22 06:12:31,58.932218887624046
2026-02-22 06:13:01,113.37591103484537
2026-02-22 06:13:31,78.27398823601001
2026-02-22 06:14:01,76.58614632371422
2026-02-22 06:14:31,77.9634781347639
2026-02-22 06:15:01,84.69032352921238
2026-02-22 06:15:31,86.57524611922572
2026-02-22 06:16:01,56.821893231683504
2026-02-22 06:16:31,79.03375524892566
2026-02-22 06:17:01,55.75882403357807
2026-02-22 06:17:31,70.89540792184219
2026-02-22 06:18:01,55.51622006564344
2026-02-22 06:18:31,104.92765791877126
2026-02-22 06:19:01,142.38025933158724
2026-02-22 06:19:31,180.64948778935224
2026-02-22 06:20:01,77.82660416639033
2026-02-22 06:20:31,92.79419392050247
2026-02-22 06:21:01,71.65463869411539
2026-02-22 06:21:31,38.896499454358604
2026-02-22 06:22:01,37.06885019110591
2026-02-22 06:22:31,66.37979791045043
2026-02-22 06:23:01,69.44583609602184
2026-02-22 06:23:31,157.86281946069266
2026-02-22 06:24:01,44.0688953960761
2026-02-22 06:24:31,132.5821502487611
2026-02-22 06:25:01,186.2707748341646
2026-02-22 06:25:31,70.54923361557827
2026-02-22 06:26:01,36.79385028021998
2026-02-22 06:26:31,71.41467557630283
2026-02-22 06:27:01,39.96686097405522
2026-02-22 06:27:31,40.13567558343918
2026-02-22 06:28:01,98.75626524616972
2026-02-22 06:28:31,86.09128387026338
2026-02-22 06:29:01,135.0185650701703
2026-02-22 06:29:31,116.20587056323663
2026-02-22 06:30:01,195.16867690950448
2026-02-22 06:30:31,71.30793003102431
2026-02-22 06:31:01,80.68869573196619
2026-02-22 06:31:31,72.79024882240994
2026-02-22 06:32:01,199.01295657830187
2026-02-22 06:32:31,42.221231550918766
2026-02-22 06:33:01,101.20869094507032
2026-02-22 06:33:31,105.86124500820979
2026-02-22 06:34:01,114.51527863341502
2026-02-22 06:34:31,42.019366091105034
2026-02-22 06:35:01,150.6223891705765
2026-02-22 06:35:31,40.72267198533571
2026-02-22 06:36:01,159.21672609928237
2026-02-22 06:36:31,43.02924222676769
2026-02-22 06:37:01,100.10761036002549
2026-02-22 06:37:31,132.65185037615313
2026-02-22 06:38:01,111.03142003565935
2026-02-22 06:38:31,169.54971380256958
2026-02-22 06:39:01,146.34298827073437
2026-02-22 06:39:31,128.89429976612493
2026-02-22 06:40:01,154.30410885181115
2026-02-22 06:40:31,109.58803464591473
2026-02-22 06:41:01,121.13350347530188
2026-02-22 06:41:31,134.86403567596295
2026-02-22 06:42:01,82.29824212890415
2026-02-22 06:42:31,57.590162097546425
2026-02-22 06:43:01,89.86237117167607
2026-02-22 06:43:31,104.05221958129238
2026-02-22 06:44:01,177.85973967604258
2026-02-22 06:44:31,111.81350231864342
2026-02-22 06:45:01,262.6206615707008
2026-02-22 06:45:31,171.40977457056013
2026-02-22 06:46:01,120.93037105531623
2026-02-22 06:46:31,92.79123088469234
2026-02-22 06:47:01,77.13863628566612
2026-02-22 06:47:31,168.00434973921077
2026-02-22 06:48:01,54.65432585516666
2026-02-22 06:48:31,80.1729395169201
2026-02-22 06:49:01,47.93151014310445
2026-02-22 06:49:31,46.75897033680083
2026-02-22 06:50:01,40.06955774612085
2026-02-22 06:50:31,47.75904172683481
2026-02-22 06:51:01,38.93059812614711
2026-02-22 06:51:31,39.48335440982629
2026-02-22 06:52:01,39.1724316642312
2026-02-22 06:52:31,48.99968969949543
2026-02-22 06:53:01,39.13754937140244
2026-02-22 06:53:31,42.68962912468722
2026-02-22 06:54:01,56.37894538189391
2026-02-22 06:54:31,45.344738429410405
2026-02-22 06:55:01,54.344998840226175
2026-02-22 06:55:31,46.27627950646779
2026-02-22 06:56:01,50.621757507729534
2026-02-22 06:56:31,56.58676713908033
2026-02-22 06:57:01,40.86178602969896
2026-02-22 06:57:31,49.505381116766806
2026-02-22 06:58:01,36.802829972230086
2026-02-22 06:58:31,41.380893101287356
2026-02-22 06:59:01,53.44928547760834
2026-02-22 06:59:31,41.72439840343093
2026-02-22 07:00:01,41.10323786120673
2026-02-22 07:00:31,66.06984901976355
2026-02-22 07:01:01,43.51666240415665
2026-02-22 07:01:31,40.240863349952235
2026-02-22 07:02:01,36.932110718171394
2026-02-22 07:02:31,35.96587279941292
2026-02-22 07:03:01,34.75907733732561
2026-02-22 07:03:31,36.20728782989633
2026-02-22 07:04:01,35.13874914856343
2026-02-22 07:04:31,36.413409074361844
2026-02-22 07:05:01,33.586122530849046
2026-02-22 07:05:31,35.75879314162003
2026-02-22 07:06:01,34.65497269991778
2026-02-22 07:06:31,34.862630293087854
2026-02-22 07:07:01,34.03427001864495
2026-02-22 07:07:31,34.82726163355991
2026-02-22 07:08:01,34.82738175186814
2026-02-22 07:08:31,35.27573604223677
2026-02-22 07:09:01,34.51750660409039
2026-02-22 07:09:31,36.171331839264006
2026-02-22 07:10:01,34.58580145496049
2026-02-22 07:10:31,36.241516082367845
2026-02-22 07:11:01,34.75846617925935
2026-02-22 07:11:31,35.55182524495814
2026-02-22 07:12:01,34.51627486130401
2026-02-22 07:12:31,36.17288824777859
2026-02-22 07:13:01,34.2068299848294
2026-02-22 07:13:31,36.41378251224549
2026-02-22 07:14:01,34.827304517156406
2026-02-22 07:14:31,36.61995842646705
2026-02-22 07:15:01,35.55216298951217
2026-02-22 07:15:31,35.99436670221869
2026-02-22 07:16:01,34.58390156488859
2026-02-22 07:16:31,35.65537337196544
2026-02-22 07:17:01,34.31074556484152
2026-02-22 07:17:31,34.96653879130226
2026-02-22 07:18:01,35.79139489033506
2026-02-22 07:18:31,35.44996442873591
