Time,"__name__=""promtail_custom_block_processed_after_seconds"",container_id=""rskj-miner1"",exported_job=""docker-json-logs"",instance=""host.docker.internal:9080"",job=""promtail"",source=""promtail""","__name__=""promtail_custom_block_processed_after_seconds"",container_id=""rskj-node1"",exported_job=""docker-json-logs"",instance=""host.docker.internal:9080"",job=""promtail"",source=""promtail""","__name__=""promtail_custom_block_processed_after_seconds"",container_id=""rskj-node2"",exported_job=""docker-json-logs"",instance=""host.docker.internal:9080"",job=""promtail"",source=""promtail"""
2026-03-08 12:44:01,0.162949,0.31691,0.355489
2026-03-08 12:44:31,0.165828,0.065619,0.077558
2026-03-08 12:45:01,0.098327,0.102035,0.118762
2026-03-08 12:45:31,0.098327,0.102035,0.118762
2026-03-08 12:46:01,0.098327,0.102035,0.118762
2026-03-08 12:46:31,0.20067,0.163241,0.172365
2026-03-08 12:47:01,0.18743,0.171776,0.232392
2026-03-08 12:47:31,0.266093,0.207364,0.204795
2026-03-08 12:48:01,0.106766,0.071535,0.092563
2026-03-08 12:48:31,0.106766,0.071535,0.092563
2026-03-08 12:49:01,0.161238,0.168018,0.196182
2026-03-08 12:49:31,0.161238,0.168018,0.196182
2026-03-08 12:50:01,0.192723,0.140017,0.162754
2026-03-08 12:50:31,0.035137,0.024556,0.020639
2026-03-08 12:51:01,0.030899,0.014091,0.027405
2026-03-08 12:51:31,0.030899,0.014091,0.027405
2026-03-08 12:52:01,0.281685,0.174228,0.232024
2026-03-08 12:52:31,0.056156,0.174228,0.014319
2026-03-08 12:53:01,0.056156,0.017939,0.014319
2026-03-08 12:53:31,0.056156,0.017939,0.014319
2026-03-08 12:54:01,0.279547,0.18169,0.236174
2026-03-08 12:54:31,0.279547,0.18169,0.236174
2026-03-08 12:55:01,0.282866,0.176725,0.242899
2026-03-08 12:55:31,0.237868,0.263503,0.279085
2026-03-08 12:56:01,0.30487,0.280674,0.402713
2026-03-08 12:56:31,0.30487,0.280674,0.402713
2026-03-08 12:57:01,0.163666,0.175565,0.188156
2026-03-08 12:57:31,0.122239,0.103509,0.13633
2026-03-08 12:58:01,0.122239,0.103509,0.13633
2026-03-08 12:58:31,0.264028,0.245577,0.924672
2026-03-08 12:59:01,0.190866,0.217592,0.221625
2026-03-08 12:59:31,0.190866,0.217592,0.221625
2026-03-08 13:00:01,0.198655,0.232901,0.235815
2026-03-08 13:00:31,0.177648,0.259852,0.290748
2026-03-08 13:01:01,0.158836,0.105813,0.143112
2026-03-08 13:01:31,0.150245,0.10717,0.135519
2026-03-08 13:02:01,0.150245,0.10717,0.135519
2026-03-08 13:02:31,0.382397,0.205104,0.227097
2026-03-08 13:03:01,0.291578,0.301535,0.271066
2026-03-08 13:03:31,0.210342,0.209876,0.341801
2026-03-08 13:04:01,0.2334,0.170255,0.271657
2026-03-08 13:04:31,0.133398,0.067414,0.179771
2026-03-08 13:05:01,0.133398,0.067414,0.179771
2026-03-08 13:05:31,0.133398,0.067414,0.179771
2026-03-08 13:06:01,0.312877,0.257933,0.378881
2026-03-08 13:06:31,0.312877,0.257933,0.378881
2026-03-08 13:07:01,0.223026,0.226293,0.502128
2026-03-08 13:07:31,0.223026,0.226293,0.502128
2026-03-08 13:08:01,0.223026,0.226293,0.502128
2026-03-08 13:08:31,0.115904,,0.063887
2026-03-08 13:09:01,0.155227,0.114071,0.175009
2026-03-08 13:09:31,0.057064,0.030797,0.051553
2026-03-08 13:10:01,0.057064,0.030797,0.051553
2026-03-08 13:10:31,0.224953,0.030797,0.051553
2026-03-08 13:11:01,0.224953,0.13714,0.307445
2026-03-08 13:11:31,0.091036,0.079666,0.154608
2026-03-08 13:12:01,0.09141,0.062535,0.086771
2026-03-08 13:12:31,0.129024,0.147342,0.167116
2026-03-08 13:13:01,0.085598,0.058959,0.079708
2026-03-08 13:13:31,0.303531,0.163178,0.224771
2026-03-08 13:14:01,0.183679,0.180348,0.178224
2026-03-08 13:14:31,0.219223,0.176494,0.209142
2026-03-08 13:15:01,0.184258,0.162582,0.151273
2026-03-08 13:15:31,0.156552,0.145595,0.177835
2026-03-08 13:16:01,0.156552,0.145595,0.177835
2026-03-08 13:16:31,0.118869,0.08682,0.096994
2026-03-08 13:17:01,0.074516,0.074055,0.093134
2026-03-08 13:17:31,0.190644,0.167563,0.199734
2026-03-08 13:18:01,0.190644,0.167563,0.199734
2026-03-08 13:18:31,0.059223,0.038111,0.059881
2026-03-08 13:19:01,0.090667,0.065602,0.071416
2026-03-08 13:19:31,0.074627,0.064593,0.07983
2026-03-08 13:20:01,0.074627,0.064593,0.07983
2026-03-08 13:20:31,0.040324,0.029762,0.038013
2026-03-08 13:21:01,0.167207,0.340759,0.311597
2026-03-08 13:21:31,0.167207,0.340759,0.311597
2026-03-08 13:22:01,0.075096,0.050357,0.065904
2026-03-08 13:22:31,0.19749,0.140629,0.156127
2026-03-08 13:23:01,0.047045,0.021387,0.025869
2026-03-08 13:23:31,0.047045,0.021387,0.025869
2026-03-08 13:24:01,0.082741,0.032846,0.03689
2026-03-08 13:24:31,0.089124,0.022697,0.024079
2026-03-08 13:25:01,0.089124,0.022697,0.024079
2026-03-08 13:25:31,0.091879,0.097467,0.107123
2026-03-08 13:26:01,0.091879,0.097467,0.107123
2026-03-08 13:26:31,0.175469,0.154505,0.204835
2026-03-08 13:27:01,0.175469,0.154505,0.204835
2026-03-08 13:27:31,0.175469,0.154505,0.204835
2026-03-08 13:28:01,0.15183,0.128196,0.145884
2026-03-08 13:28:31,0.076491,0.026213,0.035149
2026-03-08 13:29:01,0.06057,0.015984,0.066231
2026-03-08 13:29:31,0.137059,0.138149,0.163864
2026-03-08 13:30:01,0.137059,0.138149,0.163864
2026-03-08 13:30:31,0.137059,0.138149,0.163864
2026-03-08 13:31:01,0.156644,0.087985,0.142969
2026-03-08 13:31:31,0.216646,0.151548,0.206292
2026-03-08 13:32:01,0.168754,0.101638,0.134344
2026-03-08 13:32:31,0.168754,0.101638,0.134344
2026-03-08 13:33:01,0.206759,0.167114,0.205537
2026-03-08 13:33:31,0.206759,0.167114,0.205537
2026-03-08 13:34:01,0.052263,0.024663,0.034275
2026-03-08 13:34:31,0.031878,0.016805,0.014844
2026-03-08 13:35:01,0.142172,0.147815,0.169213
2026-03-08 13:35:31,0.142172,0.147815,0.169213
2026-03-08 13:36:01,0.142172,0.147815,0.169213
2026-03-08 13:36:31,0.306512,0.204268,0.255965
2026-03-08 13:37:01,0.213135,0.149238,0.500275
2026-03-08 13:37:31,0.246153,0.157611,0.242458
2026-03-08 13:38:01,0.149546,0.122149,0.188201
2026-03-08 13:38:31,0.179031,0.178604,0.230614
2026-03-08 13:39:01,0.179031,0.178604,0.230614
2026-03-08 13:39:31,0.165288,0.168331,0.172046
2026-03-08 13:40:01,0.121025,0.0871,0.133989
2026-03-08 13:40:31,0.075386,0.026664,0.040025
2026-03-08 13:41:01,0.072244,0.022182,0.023294
2026-03-08 13:41:31,0.072244,0.022182,0.023294
2026-03-08 13:42:01,0.074954,0.010918,0.010486
2026-03-08 13:42:31,0.074954,0.010918,0.010486
2026-03-08 13:43:01,0.146229,0.082376,0.271018
2026-03-08 13:43:31,0.093224,0.067226,0.294311
2026-03-08 13:44:01,0.067855,0.066467,0.079339
2026-03-08 13:44:31,0.067855,0.066467,0.079339
2026-03-08 13:45:01,0.067855,0.066467,0.079339
2026-03-08 13:45:31,0.223267,0.201166,0.265518
2026-03-08 13:46:01,0.216643,0.139302,0.178064
2026-03-08 13:46:31,0.071429,0.054918,0.067959
2026-03-08 13:47:01,0.154423,0.266952,0.152819
2026-03-08 13:47:31,0.154423,0.266952,0.152819
2026-03-08 13:48:01,0.245057,0.17754,0.185295
2026-03-08 13:48:31,0.278776,,0.320066
2026-03-08 13:49:01,0.339257,0.201806,0.280206
2026-03-08 13:49:31,0.339257,0.201806,0.280206
2026-03-08 13:50:01,0.404888,0.175669,0.231926
2026-03-08 13:50:31,0.195182,0.192075,0.326377
2026-03-08 13:51:01,0.195182,0.192075,0.326377
2026-03-08 13:51:31,0.298335,0.183485,0.259014
2026-03-08 13:52:01,0.019384,0.01631,0.023186
2026-03-08 13:52:31,0.019384,0.01631,0.023186
2026-03-08 13:53:01,0.019384,0.01631,0.023186
2026-03-08 13:53:31,0.330753,0.180437,0.217162
2026-03-08 13:54:01,0.185988,0.158563,0.210902
2026-03-08 13:54:31,0.093404,0.083087,0.129429
2026-03-08 13:55:01,0.14731,0.215395,0.197469
2026-03-08 13:55:31,0.046936,0.041016,0.053564
2026-03-08 13:56:01,0.28992,0.211596,0.294062
2026-03-08 13:56:31,0.28992,0.211596,0.294062
2026-03-08 13:57:01,0.28202,0.192803,0.21314
2026-03-08 13:57:31,0.130717,0.0921,0.106555
2026-03-08 13:58:01,0.130717,0.0921,0.106555
2026-03-08 13:58:31,0.044041,0.009459,0.01414
2026-03-08 13:59:01,0.171371,0.130397,0.220323
2026-03-08 13:59:31,0.079433,0.03962,0.063502
2026-03-08 14:00:01,0.135494,0.120825,0.153074
2026-03-08 14:00:31,0.135494,0.120825,0.153074
2026-03-08 14:01:01,0.249609,0.225992,0.291741
2026-03-08 14:01:31,0.19072,0.150754,0.337125
2026-03-08 14:02:01,0.097771,0.089292,0.105963
2026-03-08 14:02:31,0.097771,0.089292,0.105963
2026-03-08 14:03:01,0.172017,0.173881,0.223481
2026-03-08 14:03:31,0.03524,0.016038,0.017171
2026-03-08 14:04:01,0.05962,0.0109,0.015659
2026-03-08 14:04:31,0.110666,0.092425,0.118557
2026-03-08 14:05:01,0.088637,0.217551,0.213203
2026-03-08 14:05:31,0.173943,0.100821,0.166513
2026-03-08 14:06:01,0.099053,0.099361,0.122472
2026-03-08 14:06:31,0.13292,0.155597,0.194178
2026-03-08 14:07:01,0.13292,0.155597,0.194178
2026-03-08 14:07:31,0.269823,0.206486,0.204038
2026-03-08 14:08:01,0.173658,0.124473,0.159522
2026-03-08 14:08:31,0.173658,0.124473,0.159522
2026-03-08 14:09:01,0.173658,0.124473,0.159522
2026-03-08 14:09:31,0.17214,0.153727,0.178735
2026-03-08 14:10:01,0.216673,0.230478,0.216241
2026-03-08 14:10:31,0.196342,0.144804,
2026-03-08 14:11:01,0.204863,0.239351,0.270977
2026-03-08 14:11:31,0.226676,0.169588,0.204508
2026-03-08 14:12:01,0.142663,0.135653,0.155889
2026-03-08 14:12:31,0.142663,0.135653,0.155889
2026-03-08 14:13:01,0.166617,0.190167,0.288406
2026-03-08 14:13:31,0.209574,0.194043,0.283899
2026-03-08 14:14:01,0.096412,0.06402,0.153801
2026-03-08 14:14:31,0.096412,0.06402,0.153801
2026-03-08 14:15:01,0.248337,0.183159,0.32435
2026-03-08 14:15:31,0.248337,0.183159,0.32435
2026-03-08 14:16:01,0.178667,0.102597,0.301062
2026-03-08 14:16:31,0.068742,0.020429,0.052429
2026-03-08 14:17:01,0.068742,0.020429,0.052429
2026-03-08 14:17:31,0.260182,0.235863,0.311243
2026-03-08 14:18:01,0.136091,0.118574,0.277073
2026-03-08 14:18:31,0.170172,0.194543,0.256792
2026-03-08 14:19:01,0.041176,0.033736,0.032832
2026-03-08 14:19:31,0.099087,0.079908,0.109061
2026-03-08 14:20:01,0.19295,0.368245,0.203975
2026-03-08 14:20:31,0.206599,0.151865,0.197125
2026-03-08 14:21:01,0.205729,0.147338,0.180119
2026-03-08 14:21:31,0.264384,0.213311,0.204739
2026-03-08 14:22:01,0.264384,0.213311,0.204739
2026-03-08 14:22:31,0.116566,0.081468,0.122702
2026-03-08 14:23:01,0.116566,0.081468,0.122702
2026-03-08 14:23:31,0.116566,0.081468,0.122702
2026-03-08 14:24:01,0.136421,0.089104,0.130293
2026-03-08 14:24:31,0.174963,0.188528,0.210019
2026-03-08 14:25:01,0.174963,0.188528,0.210019
2026-03-08 14:25:31,0.114021,0.051006,0.061034
2026-03-08 14:26:01,0.114021,0.051006,0.061034
2026-03-08 14:26:31,0.13272,0.104869,0.157108
2026-03-08 14:27:01,0.13272,0.104869,0.157108
2026-03-08 14:27:31,0.049393,0.045512,0.057701
2026-03-08 14:28:01,0.087882,0.08401,0.103805
2026-03-08 14:28:31,0.186762,0.120396,0.164691
2026-03-08 14:29:01,0.023046,0.003782,0.005265
2026-03-08 14:29:31,0.150539,0.17588,0.20083
2026-03-08 14:30:01,0.056075,0.034042,0.046954
2026-03-08 14:30:31,0.056075,0.034042,0.046954
2026-03-08 14:31:01,0.257451,0.337328,0.379753
2026-03-08 14:31:31,0.175021,0.193769,0.200098
2026-03-08 14:32:01,0.144068,0.152366,0.161542
2026-03-08 14:32:31,0.052661,0.035496,0.034337
2026-03-08 14:33:01,0.047279,0.024193,0.032579
2026-03-08 14:33:31,0.047279,0.024193,0.032579
2026-03-08 14:34:01,0.277176,0.225602,0.220397
2026-03-08 14:34:31,0.230704,0.221335,0.262278
2026-03-08 14:35:01,0.223156,0.177809,0.189393
2026-03-08 14:35:31,0.070435,0.064209,0.063181
2026-03-08 14:36:01,0.082196,0.0559,0.058525
2026-03-08 14:36:31,0.182519,0.147907,0.213024
2026-03-08 14:37:01,0.182519,0.147907,0.213024
2026-03-08 14:37:31,0.182519,0.147907,0.213024
2026-03-08 14:38:01,0.191494,0.351635,0.246456
2026-03-08 14:38:31,0.04798,0.031936,0.030452
2026-03-08 14:39:01,0.063661,0.050767,0.0532
2026-03-08 14:39:31,0.063661,0.050767,0.0532
2026-03-08 14:40:01,0.063661,0.050767,0.0532
2026-03-08 14:40:31,0.226693,0.199621,0.29585
2026-03-08 14:41:01,0.239091,0.147041,0.17775
2026-03-08 14:41:31,0.232223,0.104246,0.159561
2026-03-08 14:42:01,0.232223,0.104246,0.159561
2026-03-08 14:42:31,0.216188,0.083429,0.169902
2026-03-08 14:43:01,0.216188,0.083429,0.169902
2026-03-08 14:43:31,0.18811,0.210237,0.99351
2026-03-08 14:44:01,0.18811,0.210237,0.99351
2026-03-08 14:44:31,0.152154,0.083474,0.09459
2026-03-08 14:45:01,0.167195,0.151422,0.196359
2026-03-08 14:45:31,0.167195,0.151422,0.196359
2026-03-08 14:46:01,0.181675,0.137304,0.186217
2026-03-08 14:46:31,0.141012,0.131344,0.20365
2026-03-08 14:47:01,0.111541,0.075682,0.086964
2026-03-08 14:47:31,0.032742,0.008999,0.008056
2026-03-08 14:48:01,0.076741,0.068395,0.085349
2026-03-08 14:48:31,0.155163,0.186957,0.194682
2026-03-08 14:49:01,0.155163,0.186957,0.194682
2026-03-08 14:49:31,0.278609,0.15123,0.237456
2026-03-08 14:50:01,0.278609,0.15123,0.237456
2026-03-08 14:50:31,0.241496,0.185554,0.235083
2026-03-08 14:51:01,0.067945,0.040064,0.045037
2026-03-08 14:51:31,0.039273,0.0257,0.028897
2026-03-08 14:52:01,0.235625,0.289935,0.301118
2026-03-08 14:52:31,0.235625,0.289935,0.301118
2026-03-08 14:53:01,0.099314,0.110144,0.14183
2026-03-08 14:53:31,0.021112,0.010166,0.016839
2026-03-08 14:54:01,0.158449,0.265157,0.296681
2026-03-08 14:54:31,0.158449,0.265157,0.296681
2026-03-08 14:55:01,0.191536,0.23014,0.26466
2026-03-08 14:55:31,0.191536,0.23014,0.26466
2026-03-08 14:56:01,0.073388,0.052489,0.068453
2026-03-08 14:56:31,0.04526,0.02832,0.038464
2026-03-08 14:57:01,0.134407,0.215761,0.27096
2026-03-08 14:57:31,0.11076,0.128246,0.16987
2026-03-08 14:58:01,0.053012,0.05843,0.081962
2026-03-08 14:58:31,0.17767,0.224614,0.217196
2026-03-08 14:59:01,0.188398,0.191246,0.639036
2026-03-08 14:59:31,0.188398,0.191246,0.639036
2026-03-08 15:00:01,0.188398,0.191246,0.639036
2026-03-08 15:00:31,0.445796,0.312156,0.278566
2026-03-08 15:01:01,0.445796,0.312156,0.278566
2026-03-08 15:01:31,0.227349,0.204797,0.226254
2026-03-08 15:02:01,0.050947,0.039397,0.077273
2026-03-08 15:02:31,0.046089,0.067595,0.086551
2026-03-08 15:03:01,0.073384,,0.41431
2026-03-08 15:03:31,0.05953,0.050898,0.056659
2026-03-08 15:04:01,0.211464,0.552501,0.241123
2026-03-08 15:04:31,0.131137,0.175738,0.179821
2026-03-08 15:05:01,0.199285,0.315638,0.260183
2026-03-08 15:05:31,0.199285,0.315638,0.260183
2026-03-08 15:06:01,0.199285,0.315638,0.260183
2026-03-08 15:06:31,0.199285,0.315638,0.260183
2026-03-08 15:07:01,0.118051,0.070204,0.090123
2026-03-08 15:07:31,0.050621,0.024248,0.027226
2026-03-08 15:08:01,0.024705,0.010304,0.019367
2026-03-08 15:08:31,0.024705,0.010304,0.019367
2026-03-08 15:09:01,0.024705,0.010304,0.019367
2026-03-08 15:09:31,0.302233,0.167048,0.211278
2026-03-08 15:10:01,0.302233,0.167048,0.211278
2026-03-08 15:10:31,0.062766,0.017245,0.01869
2026-03-08 15:11:01,0.062766,0.017245,0.01869
2026-03-08 15:11:31,0.062766,0.017245,0.01869
2026-03-08 15:12:01,0.180947,0.105382,0.177993
2026-03-08 15:12:31,0.070079,0.009321,0.014904
2026-03-08 15:13:01,0.092819,0.052657,0.066612
2026-03-08 15:13:31,0.199696,0.136288,0.177309
2026-03-08 15:14:01,0.183147,0.143029,0.166836
2026-03-08 15:14:31,0.168453,0.165943,0.17133
2026-03-08 15:15:01,0.168453,0.165943,0.17133
2026-03-08 15:15:31,0.207798,0.152675,0.176804
2026-03-08 15:16:01,0.207798,0.152675,0.176804
2026-03-08 15:16:31,0.211451,0.245814,0.281445
2026-03-08 15:17:01,0.211451,0.245814,0.281445
2026-03-08 15:17:31,0.188497,0.116287,0.18335
2026-03-08 15:18:01,0.188497,0.116287,0.18335
2026-03-08 15:18:31,0.195089,0.190165,0.177812
2026-03-08 15:19:01,0.215085,0.14966,0.177832
2026-03-08 15:19:31,0.08573,0.032591,0.06125
2026-03-08 15:20:01,0.097787,0.082576,0.098051
2026-03-08 15:20:31,0.132076,0.14882,0.159532
2026-03-08 15:21:01,0.132076,0.14882,0.159532
2026-03-08 15:21:31,0.132076,0.14882,0.159532
2026-03-08 15:22:01,0.113767,0.086698,0.090252
2026-03-08 15:22:31,0.105627,0.135435,0.126024
2026-03-08 15:23:01,0.167336,0.147941,0.168177
2026-03-08 15:23:31,0.109865,0.116972,0.132508
2026-03-08 15:24:01,0.184078,0.126613,0.181364
2026-03-08 15:24:31,0.076784,0.056361,0.068535
2026-03-08 15:25:01,0.076784,0.056361,0.068535
2026-03-08 15:25:31,0.095064,0.090031,0.100643
2026-03-08 15:26:01,0.095064,0.090031,0.100643
2026-03-08 15:26:31,0.160488,0.249121,0.144647
2026-03-08 15:27:01,0.170122,0.459825,0.175683
2026-03-08 15:27:31,0.169861,0.186512,0.18626
2026-03-08 15:28:01,0.116608,0.148888,0.150239
2026-03-08 15:28:31,0.077272,0.056675,0.050211
2026-03-08 15:29:01,0.097918,0.096678,0.128967
2026-03-08 15:29:31,0.097918,0.096678,0.128967
2026-03-08 15:30:01,0.122959,0.116422,0.165825
2026-03-08 15:30:31,0.122959,0.116422,0.165825
2026-03-08 15:31:01,0.122959,0.116422,0.165825
2026-03-08 15:31:31,0.195597,0.182088,0.163686
2026-03-08 15:32:01,0.123106,0.106023,0.116954
2026-03-08 15:32:31,0.180702,0.186927,0.196738
2026-03-08 15:33:01,0.159322,0.391822,0.405404
2026-03-08 15:33:31,0.172155,0.209414,0.249469
2026-03-08 15:34:01,0.015082,0.013699,0.011347
2026-03-08 15:34:31,0.015082,0.013699,0.011347
2026-03-08 15:35:01,0.015082,0.013699,0.011347
2026-03-08 15:35:31,0.182373,0.161743,0.163234
2026-03-08 15:36:01,0.15411,0.141617,0.173928
2026-03-08 15:36:31,0.045049,0.039055,0.03062
2026-03-08 15:37:01,0.045049,0.039055,0.03062
2026-03-08 15:37:31,0.083755,0.040647,0.061825
2026-03-08 15:38:01,0.103578,0.071447,0.076346
2026-03-08 15:38:31,0.074584,0.067861,0.061857
2026-03-08 15:39:01,0.074584,0.067861,0.061857
2026-03-08 15:39:31,0.074584,0.067861,0.061857
2026-03-08 15:40:01,0.173901,0.19877,0.193322
2026-03-08 15:40:31,0.101889,0.108417,0.116487
2026-03-08 15:41:01,0.173422,0.169224,0.20664
2026-03-08 15:41:31,0.125097,0.078557,0.098551
2026-03-08 15:42:01,0.125097,0.078557,0.098551
2026-03-08 15:42:31,0.036379,0.005472,0.004895
2026-03-08 15:43:01,0.036379,0.005472,0.004895
2026-03-08 15:43:31,0.110577,0.18331,0.179584
2026-03-08 15:44:01,0.065211,0.006878,0.00825
2026-03-08 15:44:31,0.236808,0.182226,0.190428
2026-03-08 15:45:01,0.236808,0.182226,0.190428
2026-03-08 15:45:31,0.184261,0.196178,0.209722
2026-03-08 15:46:01,0.184261,0.196178,0.209722
2026-03-08 15:46:31,0.19294,0.110415,0.112021
2026-03-08 15:47:01,0.104403,0.069421,0.079086
2026-03-08 15:47:31,0.104524,0.128224,0.12964
2026-03-08 15:48:01,0.167816,0.163572,0.157835
2026-03-08 15:48:31,0.167816,0.163572,0.157835
2026-03-08 15:49:01,0.186553,0.19212,0.229634
2026-03-08 15:49:31,0.163663,,0.143161
2026-03-08 15:50:01,0.049237,0.026693,0.02885
2026-03-08 15:50:31,0.094009,0.133719,0.12668
2026-03-08 15:51:01,0.063499,0.022866,0.026234
2026-03-08 15:51:31,0.063499,0.022866,0.026234
2026-03-08 15:52:01,,0.293514,0.311699
2026-03-08 15:52:31,0.137547,0.157706,0.195867
2026-03-08 15:53:01,0.137547,0.157706,0.195867
2026-03-08 15:53:31,0.340244,0.21939,0.195867
2026-03-08 15:54:01,0.340244,0.21939,
2026-03-08 15:54:31,0.340244,0.21939,
2026-03-08 15:55:01,0.135129,0.092606,0.103715
2026-03-08 15:55:31,0.238962,0.347856,0.379501
2026-03-08 15:56:01,0.126426,0.108942,0.139914
2026-03-08 15:56:31,0.135147,0.126024,0.150288
2026-03-08 15:57:01,0.135147,0.126024,0.150288
2026-03-08 15:57:31,0.22469,0.185953,0.226418
2026-03-08 15:58:01,0.172449,0.157416,0.632899
2026-03-08 15:58:31,0.178277,0.213708,0.225345
2026-03-08 15:59:01,0.135738,0.682483,0.146239
2026-03-08 15:59:31,0.121275,0.224257,0.3651
2026-03-08 16:00:01,0.121275,0.224257,0.3651
2026-03-08 16:00:31,0.206335,0.170446,0.165841
2026-03-08 16:01:01,0.19764,0.132006,0.15919
2026-03-08 16:01:31,0.103163,0.071477,0.080718
2026-03-08 16:02:01,0.103163,0.071477,0.080718
2026-03-08 16:02:31,0.103163,0.071477,0.080718
2026-03-08 16:03:01,0.091109,0.045536,0.056011
2026-03-08 16:03:31,0.227574,0.182535,0.175613
2026-03-08 16:04:01,0.079029,0.100167,0.103891
2026-03-08 16:04:31,0.158298,0.152443,0.159104
2026-03-08 16:05:01,0.101375,0.07588,0.081888
2026-03-08 16:05:31,0.467418,0.230749,0.278733
2026-03-08 16:06:01,0.230946,0.164838,0.189387
2026-03-08 16:06:31,0.208731,0.161005,0.187357
2026-03-08 16:07:01,0.109552,0.097575,0.103508
2026-03-08 16:07:31,0.13516,0.20251,0.191197
2026-03-08 16:08:01,0.13516,0.20251,0.191197
2026-03-08 16:08:31,0.033982,0.01374,0.016902
2026-03-08 16:09:01,0.143971,0.109084,0.132868
2026-03-08 16:09:31,0.143971,0.109084,0.132868
2026-03-08 16:10:01,0.143971,0.109084,0.132868
2026-03-08 16:10:31,0.205197,0.304804,0.291424
2026-03-08 16:11:01,0.151332,0.131071,0.150129
2026-03-08 16:11:31,0.039784,0.004881,0.006706
2026-03-08 16:12:01,0.132901,0.099348,0.103862
2026-03-08 16:12:31,0.132901,0.099348,0.103862
2026-03-08 16:13:01,0.132901,0.099348,0.103862
2026-03-08 16:13:31,0.132901,0.099348,0.103862
2026-03-08 16:14:01,0.132901,0.099348,0.103862
2026-03-08 16:14:31,0.149765,0.16137,0.189342
2026-03-08 16:15:01,0.071912,0.062471,0.07066
2026-03-08 16:15:31,0.128815,0.146054,0.15713
2026-03-08 16:16:01,0.107327,0.098752,0.084924
2026-03-08 16:16:31,0.157478,0.16022,0.230138
2026-03-08 16:17:01,0.18347,0.219626,0.199979
2026-03-08 16:17:31,0.18347,0.219626,0.199979
2026-03-08 16:18:01,0.185981,0.200389,0.227171
2026-03-08 16:18:31,0.185981,0.200389,0.227171
2026-03-08 16:19:01,0.103559,0.102051,0.120508
2026-03-08 16:19:31,0.100807,0.080058,0.086356
2026-03-08 16:20:01,0.100807,0.080058,0.086356
2026-03-08 16:20:31,0.284044,0.245999,0.225559
2026-03-08 16:21:01,0.081056,0.063224,0.068534
2026-03-08 16:21:31,0.057334,0.033252,0.024954
2026-03-08 16:22:01,0.057334,0.033252,0.024954
2026-03-08 16:22:31,0.057334,0.033252,0.024954
2026-03-08 16:23:01,0.149782,0.157714,0.150708
2026-03-08 16:23:31,0.068536,0.058456,0.063644
2026-03-08 16:24:01,0.087951,0.079412,0.089857
2026-03-08 16:24:31,0.090292,0.122948,0.066723
2026-03-08 16:25:01,0.107687,0.06966,0.092594
2026-03-08 16:25:31,0.107687,0.06966,0.092594
2026-03-08 16:26:01,0.053637,0.037541,0.06636
2026-03-08 16:26:31,0.077681,0.034318,0.108299
2026-03-08 16:27:01,0.077681,0.034318,0.108299
2026-03-08 16:27:31,0.077681,0.034318,0.108299
2026-03-08 16:28:01,0.26139,0.174884,0.215371
2026-03-08 16:28:31,0.179764,0.110271,0.174073
2026-03-08 16:29:01,0.179764,0.110271,0.174073
2026-03-08 16:29:31,0.021459,0.005731,0.005503
2026-03-08 16:30:01,0.131436,0.120844,0.15339
2026-03-08 16:30:31,0.069678,0.000475,0.02469
2026-03-08 16:31:01,0.069678,0.000475,0.02469
2026-03-08 16:31:31,0.242355,0.157305,0.149492
2026-03-08 16:32:01,0.242355,0.157305,0.149492
2026-03-08 16:32:31,0.180405,0.108874,0.184157
2026-03-08 16:33:01,0.111594,0.052139,0.083775
2026-03-08 16:33:31,0.121214,0.045955,0.090899
2026-03-08 16:34:01,0.17742,0.191533,0.306641
2026-03-08 16:34:31,,0.180952,0.222828
2026-03-08 16:35:01,,0.180952,0.222828
2026-03-08 16:35:31,0.187134,0.162237,0.26618
2026-03-08 16:36:01,0.112259,0.192388,0.246149
2026-03-08 16:36:31,0.021013,0.012587,0.015033
2026-03-08 16:37:01,0.089944,0.074114,0.147904
2026-03-08 16:37:31,0.029075,0.020771,0.054248
2026-03-08 16:38:01,0.038559,0.038629,0.03846
2026-03-08 16:38:31,0.038559,0.038629,0.03846
2026-03-08 16:39:01,0.202182,0.125685,0.137211
2026-03-08 16:39:31,0.119447,0.111292,0.143915
2026-03-08 16:40:01,0.124052,0.219551,0.165897
2026-03-08 16:40:31,0.081668,0.017545,0.016084
2026-03-08 16:41:01,0.037079,0.019622,0.013602
2026-03-08 16:41:31,0.069918,0.111568,0.1001
2026-03-08 16:42:01,0.095194,0.089265,0.091595
2026-03-08 16:42:31,0.077484,0.0469,0.05107
2026-03-08 16:43:01,0.123269,0.19533,0.142066
2026-03-08 16:43:31,0.048255,0.042121,0.048692
2026-03-08 16:44:01,0.048255,0.042121,0.048692
2026-03-08 16:44:31,0.140371,0.15423,0.148675
2026-03-08 16:45:01,0.140371,0.15423,0.148675
2026-03-08 16:45:31,0.047272,0.053208,0.07134
2026-03-08 16:46:01,0.089787,0.136335,0.142956
2026-03-08 16:46:31,0.089787,0.136335,0.142956
2026-03-08 16:47:01,0.089787,0.136335,0.142956
2026-03-08 16:47:31,0.18996,0.509034,0.195221
2026-03-08 16:48:01,0.080167,0.069588,0.062512
2026-03-08 16:48:31,0.105719,0.246766,0.120258
2026-03-08 16:49:01,0.123613,0.058357,0.052212
2026-03-08 16:49:31,0.056289,0.036498,0.0413
2026-03-08 16:50:01,0.056289,0.036498,0.0413
2026-03-08 16:50:31,0.142453,0.091098,0.089592
2026-03-08 16:51:01,0.091847,0.10025,0.067941
2026-03-08 16:51:31,0.091847,0.10025,0.067941
2026-03-08 16:52:01,0.147817,0.144264,0.122827
2026-03-08 16:52:31,0.176526,0.136392,0.137351
2026-03-08 16:53:01,0.176526,0.136392,0.137351
2026-03-08 16:53:31,0.169651,0.106206,0.097142
2026-03-08 16:54:01,0.169651,0.106206,0.097142
2026-03-08 16:54:31,0.193433,0.329338,0.127458
2026-03-08 16:55:01,0.114595,0.077243,0.092121
2026-03-08 16:55:31,0.209005,0.179052,0.177702
2026-03-08 16:56:01,0.209005,0.179052,0.177702
2026-03-08 16:56:31,0.148469,0.148998,0.159582
2026-03-08 16:57:01,0.049183,0.031154,0.03942
2026-03-08 16:57:31,0.074831,0.063577,0.091277
2026-03-08 16:58:01,0.102485,0.096114,0.091713
2026-03-08 16:58:31,0.102485,0.096114,0.091713
2026-03-08 16:59:01,0.102485,0.096114,0.091713
2026-03-08 16:59:31,0.102485,0.096114,0.091713
2026-03-08 17:00:01,0.2119,0.224785,0.227131
2026-03-08 17:00:31,0.2119,0.224785,0.227131
2026-03-08 17:01:01,0.2119,0.224785,0.227131
2026-03-08 17:01:31,0.2119,0.224785,0.227131
2026-03-08 17:02:01,0.194312,0.14389,0.181029
2026-03-08 17:02:31,0.194312,0.14389,0.181029
2026-03-08 17:03:01,0.194312,0.14389,0.181029
2026-03-08 17:03:31,0.219059,0.21475,0.210728
2026-03-08 17:04:01,0.219059,0.21475,0.210728
2026-03-08 17:04:31,0.183267,0.145674,0.186671
2026-03-08 17:05:01,0.060673,0.010898,0.011528
2026-03-08 17:05:31,0.060673,0.010898,0.011528
2026-03-08 17:06:01,0.134845,0.167889,0.119047
2026-03-08 17:06:31,0.152952,0.143107,0.171049
2026-03-08 17:07:01,0.152952,0.143107,0.171049
2026-03-08 17:07:31,0.172041,0.143704,0.171396
2026-03-08 17:08:01,0.135457,0.172459,0.108061
2026-03-08 17:08:31,0.205746,0.208895,0.316684
2026-03-08 17:09:01,0.167056,0.162729,0.204747
2026-03-08 17:09:31,0.167056,0.162729,0.204747
2026-03-08 17:10:01,0.200289,0.16457,0.406826
2026-03-08 17:10:31,0.084238,0.396308,0.121549
2026-03-08 17:11:01,0.03161,0.000601,0.080227
2026-03-08 17:11:31,0.03161,0.000601,0.080227
2026-03-08 17:12:01,0.03161,0.000601,0.080227
2026-03-08 17:12:31,0.03161,0.000601,0.080227
2026-03-08 17:13:01,0.223106,0.154608,0.215363
2026-03-08 17:13:31,0.223106,0.154608,0.215363
2026-03-08 17:14:01,0.052249,0.027012,0.046163
2026-03-08 17:14:31,0.052249,0.027012,0.046163
2026-03-08 17:15:01,0.259458,0.196135,0.385266
2026-03-08 17:15:31,0.147394,0.282344,0.28258
2026-03-08 17:16:01,0.147394,0.282344,0.28258
2026-03-08 17:16:31,0.147394,0.282344,0.28258
2026-03-08 17:17:01,0.029829,0.010326,0.022783
2026-03-08 17:17:31,0.192372,0.211099,0.258435
2026-03-08 17:18:01,0.167995,0.099479,0.168926
2026-03-08 17:18:31,0.167995,0.099479,0.168926
2026-03-08 17:19:01,0.167995,0.099479,0.168926
2026-03-08 17:19:31,0.167995,0.099479,0.168926
2026-03-08 17:20:01,0.100193,0.116423,0.135708
2026-03-08 17:20:31,0.142936,0.145424,0.154381
2026-03-08 17:21:01,0.07662,0.034173,0.101954
2026-03-08 17:21:31,0.07577,0.045289,0.13229
2026-03-08 17:22:01,0.170338,0.137374,0.158589
2026-03-08 17:22:31,0.058925,0.058706,0.06538
2026-03-08 17:23:01,0.044746,0.02672,0.034037
2026-03-08 17:23:31,0.044746,0.02672,0.034037
2026-03-08 17:24:01,0.044746,0.02672,0.034037
2026-03-08 17:24:31,0.146374,0.118342,0.124132
2026-03-08 17:25:01,0.086825,0.048531,0.059788
2026-03-08 17:25:31,0.086825,0.048531,0.059788
2026-03-08 17:26:01,0.086825,0.048531,0.059788
2026-03-08 17:26:31,0.086825,0.048531,0.059788
2026-03-08 17:27:01,0.137381,0.146594,0.152807
2026-03-08 17:27:31,0.061944,0.02929,0.045525
2026-03-08 17:28:01,0.150791,0.066087,0.085574
2026-03-08 17:28:31,0.119475,0.123407,0.139865
2026-03-08 17:29:01,0.119475,0.123407,0.139865
2026-03-08 17:29:31,0.158162,0.106295,0.117486
2026-03-08 17:30:01,0.090778,0.068805,0.082932
2026-03-08 17:30:31,0.088914,0.115491,0.114834
2026-03-08 17:31:01,0.092284,0.076443,0.086449
2026-03-08 17:31:31,0.176286,0.163269,0.157102
2026-03-08 17:32:01,0.176286,0.163269,0.157102
2026-03-08 17:32:31,0.18296,0.188968,0.17847
2026-03-08 17:33:01,0.18296,0.188968,0.17847
2026-03-08 17:33:31,0.18296,0.188968,0.17847
2026-03-08 17:34:01,0.130435,0.272178,0.283529
2026-03-08 17:34:31,0.14818,0.118899,0.235989
2026-03-08 17:35:01,0.078686,0.104679,0.100652
2026-03-08 17:35:31,0.132068,0.124808,0.163884
2026-03-08 17:36:01,0.132068,0.124808,0.163884
2026-03-08 17:36:31,0.132068,0.124808,0.163884
2026-03-08 17:37:01,0.132068,0.124808,0.163884
2026-03-08 17:37:31,0.180659,0.258532,0.254938
2026-03-08 17:38:01,0.145886,0.089052,0.12262
2026-03-08 17:38:31,0.126282,0.110433,0.104832
2026-03-08 17:39:01,0.109883,0.121002,0.124516
2026-03-08 17:39:31,0.109883,0.121002,0.124516
2026-03-08 17:40:01,0.126003,0.209363,0.219943
2026-03-08 17:40:31,0.054507,0.021122,0.023776
2026-03-08 17:41:01,0.138445,0.143077,0.20487
2026-03-08 17:41:31,0.14784,0.052599,0.061598
2026-03-08 17:42:01,0.14784,0.052599,0.061598
2026-03-08 17:42:31,0.065839,0.011777,0.014243
2026-03-08 17:43:01,0.065839,0.011777,0.014243
2026-03-08 17:43:31,0.035735,0.015919,0.015767
2026-03-08 17:44:01,0.187102,0.193628,0.259736
2026-03-08 17:44:31,0.114149,0.08494,0.191465
2026-03-08 17:45:01,0.114149,0.08494,0.191465
2026-03-08 17:45:31,0.17551,0.370095,0.32495
2026-03-08 17:46:01,0.159248,0.139308,0.207384
2026-03-08 17:46:31,0.029588,0.020517,0.026936
2026-03-08 17:47:01,0.125721,0.111931,0.155239
2026-03-08 17:47:31,0.054751,0.154197,0.176633
2026-03-08 17:48:01,0.054751,0.154197,0.176633
2026-03-08 17:48:31,0.209647,0.102821,0.185001
2026-03-08 17:49:01,0.209647,0.102821,0.185001
2026-03-08 17:49:31,0.143682,0.09969,0.099684
2026-03-08 17:50:01,0.07204,0.054364,0.05925
2026-03-08 17:50:31,0.07204,0.054364,0.05925
2026-03-08 17:51:01,0.07204,0.054364,0.05925
2026-03-08 17:51:31,0.137943,0.104839,0.347032
2026-03-08 17:52:01,0.033669,0.02433,0.026382
2026-03-08 17:52:31,0.11892,0.079071,0.231702
2026-03-08 17:53:01,0.161952,,0.231702
2026-03-08 17:53:31,0.078034,0.062836,0.068602
2026-03-08 17:54:01,0.094594,0.075404,0.097534
2026-03-08 17:54:31,0.056768,0.021934,0.029607
2026-03-08 17:55:01,0.056768,0.021934,0.029607
2026-03-08 17:55:31,0.161397,0.099246,0.116005
2026-03-08 17:56:01,0.161397,0.099246,0.116005
2026-03-08 17:56:31,0.161397,0.099246,0.116005
2026-03-08 17:57:01,0.156789,0.159157,0.143619
2026-03-08 17:57:31,0.156789,0.159157,0.143619
2026-03-08 17:58:01,0.156789,0.159157,0.143619
2026-03-08 17:58:31,0.252505,0.115231,0.143926
2026-03-08 17:59:01,0.041142,0.028632,0.02184
2026-03-08 17:59:31,0.094368,0.041512,0.062809
2026-03-08 18:00:01,0.171681,0.085675,0.178762
2026-03-08 18:00:31,0.053503,0.021992,0.021525
2026-03-08 18:01:01,0.160901,0.124184,0.148343
2026-03-08 18:01:31,0.054623,0.018511,0.033712
2026-03-08 18:02:01,0.115873,0.15126,0.175911
2026-03-08 18:02:31,0.160726,0.295016,0.18643
2026-03-08 18:03:01,0.182409,0.180603,0.180826
2026-03-08 18:03:31,0.14789,0.091836,0.100058
2026-03-08 18:04:01,0.151017,0.07582,0.135657
2026-03-08 18:04:31,0.151017,0.07582,0.135657
2026-03-08 18:05:01,0.151017,0.07582,0.135657
2026-03-08 18:05:31,0.095385,0.09788,0.079478
2026-03-08 18:06:01,0.094445,0.070023,0.081908
2026-03-08 18:06:31,0.094445,0.070023,0.081908
2026-03-08 18:07:01,0.094445,0.070023,0.081908
2026-03-08 18:07:31,0.08031,0.195507,0.047359
2026-03-08 18:08:01,0.095424,0.137476,0.140288
2026-03-08 18:08:31,0.11131,0.009419,0.006657
2026-03-08 18:09:01,0.075738,0.028611,0.024406
2026-03-08 18:09:31,0.128406,0.096871,0.148739
2026-03-08 18:10:01,0.099633,0.083085,0.115981
2026-03-08 18:10:31,0.202595,0.157972,0.19697
2026-03-08 18:11:01,0.170599,0.165913,0.208408
2026-03-08 18:11:31,0.083819,0.10783,0.127355
2026-03-08 18:12:01,0.032783,0.023142,0.035961
2026-03-08 18:12:31,0.032783,0.023142,0.035961
2026-03-08 18:13:01,0.218662,0.255414,0.269789
2026-03-08 18:13:31,0.269492,0.296754,0.296441
2026-03-08 18:14:01,0.269492,0.296754,0.296441
2026-03-08 18:14:31,0.256003,0.190867,0.187835
2026-03-08 18:15:01,0.237353,0.168604,0.138201
2026-03-08 18:15:31,0.209473,0.145903,0.133092
2026-03-08 18:16:01,0.187795,0.223079,0.319644
2026-03-08 18:16:31,0.179749,0.261595,0.213507
2026-03-08 18:17:01,0.094161,0.128581,0.089049
2026-03-08 18:17:31,0.094161,0.128581,0.089049
2026-03-08 18:18:01,0.031663,0.032965,0.009134
2026-03-08 18:18:31,0.031663,0.032965,0.009134
2026-03-08 18:19:01,0.031663,0.032965,0.009134
2026-03-08 18:19:31,0.031663,0.032965,0.009134
2026-03-08 18:20:01,0.033924,0.015778,0.031996
2026-03-08 18:20:31,0.230829,0.15959,0.118553
2026-03-08 18:21:01,0.113019,0.053568,0.049596
2026-03-08 18:21:31,0.016611,0.006266,0.007185
2026-03-08 18:22:01,0.063328,0.047907,0.079276
2026-03-08 18:22:31,0.059674,0.015533,0.017044
2026-03-08 18:23:01,0.059674,0.015533,0.017044
2026-03-08 18:23:31,0.122375,0.100229,0.104269
2026-03-08 18:24:01,0.122375,0.100229,0.104269
2026-03-08 18:24:31,0.157714,0.307578,0.135413
2026-03-08 18:25:01,0.15693,0.095628,0.146558
2026-03-08 18:25:31,0.13715,0.433833,0.141807
2026-03-08 18:26:01,0.167849,0.146312,0.137432
2026-03-08 18:26:31,0.130829,0.144126,0.161453
2026-03-08 18:27:01,0.130829,0.144126,0.161453
2026-03-08 18:27:31,0.145196,0.194165,0.163355
2026-03-08 18:28:01,0.145196,0.194165,0.163355
2026-03-08 18:28:31,0.145196,0.194165,0.163355
2026-03-08 18:29:01,0.142134,0.086047,0.097434
2026-03-08 18:29:31,0.116246,0.13216,0.132004
2026-03-08 18:30:01,0.116246,0.13216,0.132004
2026-03-08 18:30:31,0.152263,0.257677,0.193304
2026-03-08 18:31:01,0.028126,0.011828,0.012599
2026-03-08 18:31:31,0.028126,0.011828,0.012599
2026-03-08 18:32:01,0.028126,0.011828,0.012599
2026-03-08 18:32:31,,0.18838,0.161636
2026-03-08 18:33:01,0.211932,,0.161636
2026-03-08 18:33:31,0.130598,0.214423,0.254718
2026-03-08 18:34:01,0.053578,0.027661,0.026533
2026-03-08 18:34:31,0.053578,0.027661,0.026533
2026-03-08 18:35:01,0.053578,0.027661,0.026533
2026-03-08 18:35:31,0.398686,0.291999,0.530956
2026-03-08 18:36:01,0.114738,0.145564,0.154459
2026-03-08 18:36:31,0.099413,0.119711,0.125211
2026-03-08 18:37:01,0.102689,0.133293,0.139623
2026-03-08 18:37:31,0.031351,0.011596,0.008446
2026-03-08 18:38:01,0.135452,0.159857,0.168668
2026-03-08 18:38:31,0.135452,0.159857,0.168668
2026-03-08 18:39:01,0.232367,0.167584,0.180953
2026-03-08 18:39:31,0.180526,0.247231,0.282579
2026-03-08 18:40:01,0.180526,0.247231,0.282579
2026-03-08 18:40:31,0.233819,0.474842,0.398631
2026-03-08 18:41:01,0.233819,0.474842,0.398631
2026-03-08 18:41:31,0.138487,0.097358,0.107814
2026-03-08 18:42:01,0.082028,0.073081,0.083847
2026-03-08 18:42:31,0.108753,0.101445,0.093821
2026-03-08 18:43:01,0.096299,0.096761,0.096496
2026-03-08 18:43:31,0.14649,0.162596,0.164932
2026-03-08 18:44:01,0.18584,0.127066,0.119902
2026-03-08 18:44:31,0.18584,0.127066,0.119902
2026-03-08 18:45:01,0.346476,0.185212,0.150116
2026-03-08 18:45:31,0.113143,0.141908,0.148682
2026-03-08 18:46:01,0.06543,0.03604,0.039833
2026-03-08 18:46:31,0.093664,0.099289,0.088612
2026-03-08 18:47:01,0.076366,0.064744,0.083535
2026-03-08 18:47:31,0.076366,0.064744,0.083535
2026-03-08 18:48:01,0.167045,0.154006,0.157383
2026-03-08 18:48:31,0.138429,0.219423,0.148993
2026-03-08 18:49:01,0.138429,0.219423,0.148993
2026-03-08 18:49:31,0.190708,0.22172,0.269816
2026-03-08 18:50:01,0.039716,0.029158,0.04643
2026-03-08 18:50:31,0.064572,0.285722,0.291282
2026-03-08 18:51:01,0.033229,0.051335,0.047781
2026-03-08 18:51:31,0.020333,0.010721,0.013067
2026-03-08 18:52:01,0.111038,0.125643,0.131858
2026-03-08 18:52:31,0.17375,0.175669,0.193512
2026-03-08 18:53:01,0.119697,0.091274,0.120295
2026-03-08 18:53:31,0.119697,0.091274,0.120295
2026-03-08 18:54:01,0.119697,0.091274,0.120295
2026-03-08 18:54:31,0.136133,0.098037,0.109477
2026-03-08 18:55:01,0.139678,0.150622,0.152122
2026-03-08 18:55:31,0.139678,0.150622,0.152122
2026-03-08 18:56:01,0.089355,0.085637,0.102854
2026-03-08 18:56:31,0.089355,0.085637,0.102854
2026-03-08 18:57:01,0.031489,0.022544,0.021736
2026-03-08 18:57:31,0.103587,0.112693,0.135916
2026-03-08 18:58:01,0.199761,0.198414,0.184835
2026-03-08 18:58:31,0.088747,0.085455,0.121585
2026-03-08 18:59:01,0.069123,0.044226,0.041909
2026-03-08 18:59:31,0.069123,0.044226,0.041909
2026-03-08 19:00:01,0.158921,0.146164,0.155548
2026-03-08 19:00:31,0.072882,0.057987,0.080634
2026-03-08 19:01:01,0.109816,0.099125,0.355705
2026-03-08 19:01:31,0.110088,0.118576,0.129266
2026-03-08 19:02:01,0.110088,0.118576,0.129266
2026-03-08 19:02:31,0.210169,0.192582,0.202709
2026-03-08 19:03:01,0.121516,0.220832,0.25485
2026-03-08 19:03:31,0.029458,0.01819,0.013874
2026-03-08 19:04:01,0.029458,0.01819,0.013874
2026-03-08 19:04:31,0.029458,0.01819,0.013874
2026-03-08 19:05:01,0.260746,0.155844,0.17827
2026-03-08 19:05:31,0.131979,0.097713,0.133166
2026-03-08 19:06:01,0.037345,0.040497,0.038667
2026-03-08 19:06:31,0.037345,0.040497,0.038667
2026-03-08 19:07:01,0.096191,0.100931,0.099659
2026-03-08 19:07:31,0.124263,0.095264,0.108877
2026-03-08 19:08:01,0.091543,0.105409,0.118233
2026-03-08 19:08:31,0.16529,0.166185,0.199297
2026-03-08 19:09:01,0.028586,0.032143,0.036623
2026-03-08 19:09:31,0.15053,0.173537,0.194641
2026-03-08 19:10:01,0.15053,0.173537,0.194641
2026-03-08 19:10:31,0.15053,0.173537,0.194641
2026-03-08 19:11:01,0.219457,0.155438,0.16642
2026-03-08 19:11:31,0.166028,0.155438,0.16642
2026-03-08 19:12:01,0.06656,,0.031839
2026-03-08 19:12:31,0.046983,0.043275,0.07834
2026-03-08 19:13:01,0.086155,0.146121,0.116075
2026-03-08 19:13:31,0.086155,0.146121,0.116075
2026-03-08 19:14:01,0.086155,0.146121,0.116075
2026-03-08 19:14:31,0.15879,0.205556,0.185576
2026-03-08 19:15:01,0.14207,0.141283,0.178132
2026-03-08 19:15:31,0.125957,0.152069,0.163963
2026-03-08 19:16:01,0.093792,0.075237,0.286016
2026-03-08 19:16:31,0.093792,0.075237,0.286016
2026-03-08 19:17:01,0.073752,0.047313,0.048992
2026-03-08 19:17:31,0.073752,0.047313,0.048992
2026-03-08 19:18:01,0.190301,0.117867,0.150733
2026-03-08 19:18:31,0.133327,0.47623,0.181813
2026-03-08 19:19:01,0.085893,0.064534,0.071843
2026-03-08 19:19:31,0.085893,0.064534,0.071843
2026-03-08 19:20:01,0.151394,0.210788,0.191132
2026-03-08 19:20:31,0.133923,0.366021,0.147868
2026-03-08 19:21:01,0.057869,0.053674,0.04434
2026-03-08 19:21:31,0.057869,0.053674,0.04434
2026-03-08 19:22:01,0.057869,0.053674,0.04434
2026-03-08 19:22:31,0.178238,0.173361,0.179036
2026-03-08 19:23:01,0.064067,0.05925,0.063136
2026-03-08 19:23:31,0.088846,0.089555,0.118884
2026-03-08 19:24:01,0.074739,0.095443,0.100456
2026-03-08 19:24:31,0.074739,0.095443,0.100456
2026-03-08 19:25:01,0.074739,0.095443,0.100456
2026-03-08 19:25:31,0.145546,0.129083,0.146812
2026-03-08 19:26:01,0.124219,0.20684,0.22293
2026-03-08 19:26:31,0.036494,0.032455,0.04116
2026-03-08 19:27:01,0.097352,0.131676,0.150654
2026-03-08 19:27:31,0.097352,0.131676,0.150654
2026-03-08 19:28:01,0.156322,0.128524,0.136004
2026-03-08 19:28:31,0.124422,0.129951,0.152312
2026-03-08 19:29:01,0.058636,0.052407,0.063288
2026-03-08 19:29:31,0.049308,0.047149,0.05355
2026-03-08 19:30:01,0.049308,0.047149,0.05355
2026-03-08 19:30:31,0.195433,0.129104,0.141068
2026-03-08 19:31:01,0.21804,0.129104,0.141068
2026-03-08 19:31:31,0.093026,0.110553,0.129156
2026-03-08 19:32:01,0.093026,0.110553,0.129156
2026-03-08 19:32:31,0.019928,0.010372,0.018433
2026-03-08 19:33:01,0.09971,0.089702,0.12208
2026-03-08 19:33:31,0.095382,0.142495,0.174199
2026-03-08 19:34:01,0.03912,0.023769,0.038458
2026-03-08 19:34:31,0.03912,0.023769,0.038458
2026-03-08 19:35:01,0.203231,0.141469,0.17472
2026-03-08 19:35:31,0.127366,0.122494,0.17116
2026-03-08 19:36:01,0.054323,0.062452,0.072089
2026-03-08 19:36:31,0.065095,0.051194,0.067647
2026-03-08 19:37:01,0.048527,0.040674,0.063443
2026-03-08 19:37:31,0.048527,0.040674,0.063443
2026-03-08 19:38:01,0.056746,0.067664,0.090649
2026-03-08 19:38:31,0.041781,0.016019,0.026704
2026-03-08 19:39:01,0.119937,0.123281,0.165557
2026-03-08 19:39:31,0.053955,0.028927,0.038187
2026-03-08 19:40:01,0.074377,0.181912,0.109127
2026-03-08 19:40:31,0.10031,0.095709,0.104372
2026-03-08 19:41:01,0.10031,0.095709,0.104372
2026-03-08 19:41:31,0.022456,0.010532,0.010203
2026-03-08 19:42:01,0.071367,0.103146,0.128728
2026-03-08 19:42:31,0.071367,0.103146,0.128728
2026-03-08 19:43:01,0.071367,0.103146,0.128728
2026-03-08 19:43:31,0.071367,0.103146,0.128728
2026-03-08 19:44:01,0.117082,0.104174,0.130833
2026-03-08 19:44:31,0.117082,0.104174,0.130833
2026-03-08 19:45:01,0.144843,0.162518,0.167069
2026-03-08 19:45:31,0.14696,0.138985,0.159645
2026-03-08 19:46:01,0.138157,0.256507,0.296486
2026-03-08 19:46:31,0.051106,0.046266,0.046774
2026-03-08 19:47:01,0.10783,0.082251,0.108063
2026-03-08 19:47:31,0.037608,0.037972,0.034736
2026-03-08 19:48:01,0.126365,0.17276,0.175747
2026-03-08 19:48:31,0.125836,0.127598,0.201337
2026-03-08 19:49:01,0.055133,0.030883,0.026368
2026-03-08 19:49:31,0.055133,0.030883,0.026368
2026-03-08 19:50:01,0.075545,0.10388,0.098144
2026-03-08 19:50:31,0.06274,0.041519,0.052254
2026-03-08 19:51:01,0.066138,0.052831,0.057643
2026-03-08 19:51:31,0.066883,0.086476,0.092963
2026-03-08 19:52:01,0.041883,0.014934,0.014907
2026-03-08 19:52:31,0.021811,0.029527,0.025488
2026-03-08 19:53:01,0.052794,0.028992,0.034497
2026-03-08 19:53:31,0.052794,0.028992,0.034497
2026-03-08 19:54:01,0.136003,0.092406,0.107645
2026-03-08 19:54:31,0.061133,0.041967,0.047881
2026-03-08 19:55:01,0.125109,0.077497,0.107311
2026-03-08 19:55:31,0.12744,0.173304,0.239611
2026-03-08 19:56:01,0.125129,0.148253,0.200872
2026-03-08 19:56:31,0.114199,0.21726,0.466315
2026-03-08 19:57:01,0.104271,0.110849,0.122261
2026-03-08 19:57:31,0.104271,0.110849,0.122261
2026-03-08 19:58:01,0.104271,0.110849,0.122261
2026-03-08 19:58:31,0.249847,0.110681,0.112941
2026-03-08 19:59:01,0.122551,0.096572,0.142701
2026-03-08 19:59:31,0.029368,0.016559,0.019849
2026-03-08 20:00:01,0.027305,0.03204,0.019058
2026-03-08 20:00:31,0.123364,0.157271,0.178657
2026-03-08 20:01:01,0.022148,0.01077,0.015972
2026-03-08 20:01:31,0.10745,0.098301,0.129027
2026-03-08 20:02:01,0.044886,0.026325,0.028715
2026-03-08 20:02:31,0.178467,0.135046,0.130922
2026-03-08 20:03:01,0.185484,0.11335,0.113088
2026-03-08 20:03:31,0.145784,0.106195,0.109316
2026-03-08 20:04:01,0.145784,0.106195,0.109316
2026-03-08 20:04:31,0.130418,0.12366,0.126269
2026-03-08 20:05:01,0.130418,0.12366,0.126269
2026-03-08 20:05:31,0.154128,0.151872,0.176158
2026-03-08 20:06:01,0.154128,0.151872,0.176158
2026-03-08 20:06:31,0.051461,0.054231,0.055607
2026-03-08 20:07:01,0.034103,0.015554,0.021722
2026-03-08 20:07:31,0.142883,0.145728,0.173751
2026-03-08 20:08:01,0.146744,0.146728,0.193426
2026-03-08 20:08:31,0.073442,0.085627,0.103229
2026-03-08 20:09:01,0.151511,0.149863,0.157618
2026-03-08 20:09:31,0.103396,0.153471,0.164805
2026-03-08 20:10:01,0.159666,0.147091,0.154779
2026-03-08 20:10:31,0.159666,0.147091,0.154779
2026-03-08 20:11:01,0.159666,0.147091,0.154779
2026-03-08 20:11:31,0.045887,0.03817,0.095407
2026-03-08 20:12:01,0.08549,0.137697,0.135047
2026-03-08 20:12:31,0.08549,0.137697,0.135047
2026-03-08 20:13:01,0.060805,0.066474,0.045703
2026-03-08 20:13:31,0.027966,0.008928,0.011034
2026-03-08 20:14:01,0.027966,0.008928,0.011034
2026-03-08 20:14:31,0.027966,0.008928,0.011034
2026-03-08 20:15:01,0.204165,0.223134,0.221563
2026-03-08 20:15:31,0.103941,0.132685,0.143902
2026-03-08 20:16:01,0.06475,0.052969,0.055087
2026-03-08 20:16:31,0.06475,0.052969,0.055087
2026-03-08 20:17:01,0.245955,0.204844,0.211213
2026-03-08 20:17:31,0.222868,0.109505,0.137033
2026-03-08 20:18:01,0.05618,0.022386,0.029518
2026-03-08 20:18:31,0.137145,0.224896,0.268284
2026-03-08 20:19:01,0.103332,0.155093,0.141073
2026-03-08 20:19:31,0.113145,0.081742,0.080194
2026-03-08 20:20:01,0.135348,0.125198,0.1085
2026-03-08 20:20:31,0.030709,0.016292,0.021718
2026-03-08 20:21:01,0.186309,0.247849,0.265071
2026-03-08 20:21:31,0.186309,0.247849,0.265071
2026-03-08 20:22:01,0.200392,0.178966,0.186198
2026-03-08 20:22:31,0.200392,0.178966,0.186198
2026-03-08 20:23:01,0.159339,0.170279,0.170698
2026-03-08 20:23:31,0.159339,0.170279,0.170698
2026-03-08 20:24:01,0.071873,0.084284,0.074675
2026-03-08 20:24:31,0.114556,0.015537,0.020947
2026-03-08 20:25:01,0.114556,0.015537,0.020947
2026-03-08 20:25:31,0.182517,0.139451,0.146529
2026-03-08 20:26:01,0.273699,0.127484,0.211115
2026-03-08 20:26:31,0.273699,0.127484,0.211115
2026-03-08 20:27:01,0.273699,0.127484,0.211115
2026-03-08 20:27:31,0.273699,0.127484,0.211115
2026-03-08 20:28:01,0.273699,0.127484,0.211115
2026-03-08 20:28:31,0.213617,0.161258,0.156372
2026-03-08 20:29:01,0.16636,0.142499,0.131925
2026-03-08 20:29:31,0.125186,0.138219,0.137804
2026-03-08 20:30:01,0.146654,0.12948,0.169613
2026-03-08 20:30:31,0.122184,,0.082441
2026-03-08 20:31:01,0.093743,0.825469,0.144606
2026-03-08 20:31:31,0.068118,0.064294,0.090931
2026-03-08 20:32:01,0.107437,0.082766,0.094079
2026-03-08 20:32:31,0.184964,0.258833,0.268801
2026-03-08 20:33:01,0.148229,0.143937,0.219849
2026-03-08 20:33:31,0.160282,0.208704,0.281868
2026-03-08 20:34:01,0.154926,0.179471,0.184887
2026-03-08 20:34:31,0.042038,0.038838,0.046816
2026-03-08 20:35:01,0.042038,0.038838,0.046816
2026-03-08 20:35:31,0.042038,0.038838,0.046816
2026-03-08 20:36:01,0.178762,0.157389,0.160297
2026-03-08 20:36:31,0.09508,0.135388,0.163571
2026-03-08 20:37:01,0.09508,0.135388,0.163571
2026-03-08 20:37:31,0.09508,0.135388,0.163571
2026-03-08 20:38:01,0.176018,0.127638,0.212837
2026-03-08 20:38:31,0.219942,0.171791,0.1793
2026-03-08 20:39:01,0.016766,0.008719,0.003814
2026-03-08 20:39:31,0.116972,0.12897,0.160035
2026-03-08 20:40:01,0.045354,0.024832,0.021656
2026-03-08 20:40:31,0.045354,0.024832,0.021656
2026-03-08 20:41:01,0.153167,0.184216,0.310675
2026-03-08 20:41:31,0.030426,0.043009,0.039206
2026-03-08 20:42:01,0.091593,0.116766,0.108555
2026-03-08 20:42:31,0.092392,0.137351,0.153325
2026-03-08 20:43:01,0.166432,0.149381,0.190785
2026-03-08 20:43:31,0.037896,0.026058,0.088553
2026-03-08 20:44:01,0.053682,0.104621,0.738315
2026-03-08 20:44:31,0.047462,0.018573,0.017932
2026-03-08 20:45:01,0.160861,0.140313,0.171781
2026-03-08 20:45:31,0.160861,0.140313,0.171781
2026-03-08 20:46:01,0.160861,0.140313,0.171781
2026-03-08 20:46:31,0.119219,0.158655,0.188498
2026-03-08 20:47:01,0.102242,0.112553,0.136107
2026-03-08 20:47:31,0.086943,0.079969,0.087515
2026-03-08 20:48:01,0.086943,0.079969,0.087515
2026-03-08 20:48:31,0.10357,0.097155,0.108353
2026-03-08 20:49:01,0.084096,0.075955,0.088639
2026-03-08 20:49:31,0.108041,0.139413,0.172353
2026-03-08 20:50:01,0.04404,0.022698,0.034099
2026-03-08 20:50:31,0.170447,0.209717,0.202955
2026-03-08 20:51:01,0.093127,0.071834,0.060006
2026-03-08 20:51:31,0.038494,0.03583,0.039124
2026-03-08 20:52:01,0.038494,0.03583,0.039124
2026-03-08 20:52:31,0.11479,0.377023,0.142315
2026-03-08 20:53:01,0.170593,0.156002,0.154317
2026-03-08 20:53:31,0.021811,0.007911,0.006224
2026-03-08 20:54:01,0.08146,0.07991,0.085469
2026-03-08 20:54:31,0.135086,0.16752,0.173835
2026-03-08 20:55:01,0.037205,0.011075,0.007042
2026-03-08 20:55:31,0.037205,0.011075,0.007042
2026-03-08 20:56:01,0.138985,0.111828,0.163424
2026-03-08 20:56:31,0.162166,0.158055,0.161616
2026-03-08 20:57:01,0.129126,0.173802,0.123241
2026-03-08 20:57:31,0.161339,0.171938,0.153153
2026-03-08 20:58:01,0.152444,0.296447,0.379838
2026-03-08 20:58:31,0.120236,0.077667,0.081528
2026-03-08 20:59:01,0.077729,0.027749,0.025544
2026-03-08 20:59:31,0.067466,0.067948,0.082615
2026-03-08 21:00:01,0.067466,0.067948,0.082615
2026-03-08 21:00:31,0.167151,0.131345,0.131426
2026-03-08 21:01:01,0.034332,0.024484,0.020491
2026-03-08 21:01:31,0.202755,0.175386,0.505824
2026-03-08 21:02:01,0.202755,0.175386,0.505824
2026-03-08 21:02:31,0.202755,0.175386,0.505824
2026-03-08 21:03:01,0.202755,0.175386,0.505824
2026-03-08 21:03:31,0.13572,0.130448,0.206769
2026-03-08 21:04:01,0.019795,0.010437,0.011838
2026-03-08 21:04:31,0.019795,0.010437,0.011838
2026-03-08 21:05:01,0.261198,0.209492,0.186652
2026-03-08 21:05:31,,0.540146,0.549844
2026-03-08 21:06:01,0.218093,0.243859,0.226996
2026-03-08 21:06:31,0.060775,0.052358,0.040617
2026-03-08 21:07:01,0.060775,0.052358,0.040617
2026-03-08 21:07:31,0.074576,0.084631,0.093141
2026-03-08 21:08:01,0.074576,0.084631,0.093141
2026-03-08 21:08:31,0.074576,0.084631,0.093141
2026-03-08 21:09:01,0.181186,0.163299,0.166711
2026-03-08 21:09:31,0.181186,0.163299,0.166711
2026-03-08 21:10:01,0.181186,0.163299,0.166711
2026-03-08 21:10:31,0.181186,0.163299,0.166711
2026-03-08 21:11:01,0.255658,0.248364,0.312205
2026-03-08 21:11:31,0.143827,0.218649,0.214093
2026-03-08 21:12:01,0.143827,0.218649,0.214093
2026-03-08 21:12:31,0.06052,0.01317,0.02074
2026-03-08 21:13:01,0.089786,0.108105,0.131314
2026-03-08 21:13:31,0.165006,0.210869,0.21456
2026-03-08 21:14:01,0.165006,0.210869,0.21456
2026-03-08 21:14:31,0.191889,0.164377,0.218124
2026-03-08 21:15:01,0.219401,0.159419,0.238249
2026-03-08 21:15:31,0.171334,0.279767,0.321139
2026-03-08 21:16:01,0.071715,0.054025,0.061621
2026-03-08 21:16:31,0.148898,0.089727,0.177038
2026-03-08 21:17:01,0.151405,0.173609,0.179096
2026-03-08 21:17:31,0.095243,0.102473,0.08874
2026-03-08 21:18:01,0.083292,0.03919,0.053068
2026-03-08 21:18:31,0.2038,0.196589,0.240185
2026-03-08 21:19:01,0.061945,0.058758,0.061118
2026-03-08 21:19:31,0.219019,0.042023,0.045355
2026-03-08 21:20:01,0.271166,0.184919,0.235652
2026-03-08 21:20:31,0.169041,0.137652,0.217502
2026-03-08 21:21:01,0.169041,0.137652,0.217502
2026-03-08 21:21:31,0.203169,0.169659,0.197535
2026-03-08 21:22:01,0.203169,0.169659,0.197535
2026-03-08 21:22:31,0.033518,0.007249,0.008545
2026-03-08 21:23:01,0.10344,0.110991,0.095373
2026-03-08 21:23:31,0.044896,0.028422,0.036355
2026-03-08 21:24:01,0.123352,0.156964,0.197173
2026-03-08 21:24:31,0.106258,0.044495,0.042387
2026-03-08 21:25:01,0.143612,0.138047,0.127891
2026-03-08 21:25:31,0.075692,0.05581,0.068178
2026-03-08 21:26:01,0.046337,0.030708,0.029164
2026-03-08 21:26:31,0.065887,0.031729,0.033564
2026-03-08 21:27:01,0.035582,0.023243,0.016408
2026-03-08 21:27:31,0.035582,0.023243,0.016408
2026-03-08 21:28:01,0.150944,0.127703,0.136847
2026-03-08 21:28:31,0.150944,0.127703,0.136847
2026-03-08 21:29:01,0.150944,0.127703,0.136847
2026-03-08 21:29:31,0.154735,0.080595,0.117113
2026-03-08 21:30:01,0.15497,0.251315,0.209042
2026-03-08 21:30:31,0.110338,0.67737,0.136283
2026-03-08 21:31:01,0.037591,0.040334,0.032084
2026-03-08 21:31:31,0.037591,0.040334,0.032084
2026-03-08 21:32:01,0.037591,0.040334,0.032084
2026-03-08 21:32:31,0.037591,0.040334,0.032084
2026-03-08 21:33:01,0.037591,0.040334,0.032084
2026-03-08 21:33:31,0.148151,0.112277,0.168401
2026-03-08 21:34:01,0.148151,0.112277,0.168401
2026-03-08 21:34:31,0.148151,0.112277,0.168401
2026-03-08 21:35:01,0.148151,0.112277,0.168401
2026-03-08 21:35:31,0.274706,0.22055,0.229807
2026-03-08 21:36:01,0.165529,0.198358,0.174718
2026-03-08 21:36:31,0.041607,0.02195,0.028677
2026-03-08 21:37:01,0.046858,0.026018,0.028947
2026-03-08 21:37:31,0.069204,0.035695,0.033442
2026-03-08 21:38:01,0.069204,0.035695,0.033442
2026-03-08 21:38:31,0.198598,0.183424,0.184069
2026-03-08 21:39:01,0.367582,0.183424,0.184069
2026-03-08 21:39:31,0.063907,0.064365,0.08221
2026-03-08 21:40:01,0.103767,0.167339,0.161599
2026-03-08 21:40:31,0.39895,0.34412,0.265945
2026-03-08 21:41:01,0.39895,0.34412,0.265945
2026-03-08 21:41:31,0.131449,0.202721,0.175748
2026-03-08 21:42:01,0.042619,0.016669,0.021066
2026-03-08 21:42:31,0.237921,0.203232,0.199626
2026-03-08 21:43:01,0.173395,0.194674,0.210266
2026-03-08 21:43:31,0.173395,0.194674,0.210266
2026-03-08 21:44:01,0.127482,0.191324,0.195136
2026-03-08 21:44:31,0.127482,0.191324,0.195136
2026-03-08 21:45:01,0.174861,,0.214507
2026-03-08 21:45:31,0.233464,0.242319,0.219237
2026-03-08 21:46:01,0.233464,0.242319,0.219237
2026-03-08 21:46:31,0.14315,0.187332,0.204757
2026-03-08 21:47:01,0.086516,0.073136,0.090839
2026-03-08 21:47:31,0.086516,0.073136,0.090839
2026-03-08 21:48:01,0.122424,0.139551,0.189046
2026-03-08 21:48:31,0.170711,0.161896,0.212678
2026-03-08 21:49:01,0.150869,0.116573,0.172025
2026-03-08 21:49:31,0.150869,0.116573,0.172025
2026-03-08 21:50:01,0.150869,0.116573,0.172025
2026-03-08 21:50:31,0.150869,0.116573,0.172025
2026-03-08 21:51:01,0.150869,0.116573,0.172025
2026-03-08 21:51:31,0.237725,0.22824,0.868683
2026-03-08 21:52:01,0.237725,0.22824,0.868683
2026-03-08 21:52:31,0.243842,0.227106,0.321057
2026-03-08 21:53:01,0.223129,0.22169,0.289599
2026-03-08 21:53:31,0.178923,0.173269,0.195567
2026-03-08 21:54:01,0.050189,0.075006,0.099077
2026-03-08 21:54:31,0.050189,0.075006,0.099077
2026-03-08 21:55:01,0.199917,0.157319,0.221459
2026-03-08 21:55:31,0.171719,0.329433,0.310183
2026-03-08 21:56:01,0.102251,0.064375,0.08111
2026-03-08 21:56:31,0.065509,0.085598,0.160316
2026-03-08 21:57:01,0.065509,0.085598,0.160316
2026-03-08 21:57:31,0.065509,0.085598,0.160316
2026-03-08 21:58:01,0.065509,0.085598,0.160316
2026-03-08 21:58:31,0.065509,0.085598,0.160316
2026-03-08 21:59:01,0.052637,0.022366,0.024636
2026-03-08 21:59:31,0.064799,0.028341,0.035628
2026-03-08 22:00:01,0.279278,0.114532,0.124335
2026-03-08 22:00:31,0.267207,0.215732,0.166432
2026-03-08 22:01:01,0.267207,0.215732,0.166432
2026-03-08 22:01:31,0.168497,0.136045,0.141012
2026-03-08 22:02:01,0.185561,0.164667,0.198838
2026-03-08 22:02:31,0.090859,0.037965,0.058705
2026-03-08 22:03:01,0.08249,0.107056,0.105255
2026-03-08 22:03:31,0.08249,0.107056,0.105255
2026-03-08 22:04:01,0.230078,0.172375,0.211934
2026-03-08 22:04:31,0.112697,0.091115,0.109173
2026-03-08 22:05:01,0.112697,0.091115,0.109173
2026-03-08 22:05:31,0.174617,0.171835,0.196257
2026-03-08 22:06:01,0.159216,0.158606,0.134926
2026-03-08 22:06:31,0.159216,0.158606,0.134926
2026-03-08 22:07:01,0.203532,0.15428,0.260971
2026-03-08 22:07:31,0.200001,0.117761,0.167775
2026-03-08 22:08:01,0.200001,0.117761,0.167775
2026-03-08 22:08:31,0.165181,0.223759,0.2528
2026-03-08 22:09:01,0.246707,0.171895,0.320778
2026-03-08 22:09:31,0.099871,0.073539,0.105601
2026-03-08 22:10:01,0.10236,0.081026,0.163072
2026-03-08 22:10:31,0.159157,0.163954,0.351014
2026-03-08 22:11:01,0.150349,0.122445,0.196744
2026-03-08 22:11:31,0.223347,0.214257,0.298789
2026-03-08 22:12:01,0.196628,0.145834,0.213101
2026-03-08 22:12:31,0.196628,0.145834,0.213101
2026-03-08 22:13:01,0.250456,0.166414,0.215763
2026-03-08 22:13:31,0.250456,0.166414,0.215763
2026-03-08 22:14:01,0.272367,0.360872,0.299191
2026-03-08 22:14:31,0.097674,0.09789,0.135438
2026-03-08 22:15:01,0.132608,0.260069,0.259306
2026-03-08 22:15:31,0.051369,0.059023,0.058858
2026-03-08 22:16:01,0.132445,0.155091,0.169419
2026-03-08 22:16:31,0.132445,0.155091,0.169419
2026-03-08 22:17:01,0.226157,0.186986,0.281541
2026-03-08 22:17:31,0.228432,0.209267,0.293721
2026-03-08 22:18:01,0.174076,0.062104,0.106097
2026-03-08 22:18:31,0.10704,0.135748,0.128714
2026-03-08 22:19:01,0.10704,0.135748,0.128714
2026-03-08 22:19:31,0.057355,0.108926,0.124008
2026-03-08 22:20:01,0.152177,0.159072,0.091206
2026-03-08 22:20:31,0.152177,0.159072,0.171594
2026-03-08 22:21:01,0.404735,0.237572,0.38358
2026-03-08 22:21:31,0.06195,0.041803,0.057267
2026-03-08 22:22:01,0.185815,0.223612,0.292603
2026-03-08 22:22:31,0.1293,0.245258,0.197071
2026-03-08 22:23:01,0.072846,0.088088,0.127035
2026-03-08 22:23:31,0.072846,0.088088,0.127035
2026-03-08 22:24:01,0.191585,0.18707,0.444035
2026-03-08 22:24:31,0.191585,0.18707,0.444035
2026-03-08 22:25:01,0.06865,0.049736,0.156574
2026-03-08 22:25:31,0.092368,0.112632,0.135618
2026-03-08 22:26:01,0.182197,,0.173659
2026-03-08 22:26:31,0.182197,,0.173659
2026-03-08 22:27:01,0.182197,,0.173659
2026-03-08 22:27:31,0.367867,0.205768,0.236694
2026-03-08 22:28:01,0.234098,0.151384,0.237171
2026-03-08 22:28:31,0.078055,0.062909,0.117791
2026-03-08 22:29:01,0.043933,0.023787,0.048357
2026-03-08 22:29:31,0.055479,0.046051,0.160546
2026-03-08 22:30:01,0.124286,0.131285,0.120188
2026-03-08 22:30:31,0.071042,0.084251,0.084999
2026-03-08 22:31:01,0.035706,0.062376,0.083703
2026-03-08 22:31:31,0.060391,0.021582,0.033331
2026-03-08 22:32:01,0.139548,0.106772,0.148648
2026-03-08 22:32:31,0.094367,0.10054,0.13113
2026-03-08 22:33:01,0.094367,0.10054,0.13113
2026-03-08 22:33:31,0.215126,0.16832,0.227142
2026-03-08 22:34:01,0.215126,0.16832,0.227142
2026-03-08 22:34:31,0.128742,0.09132,0.117612
2026-03-08 22:35:01,0.128742,0.09132,0.117612
2026-03-08 22:35:31,0.165821,0.150312,0.216457
2026-03-08 22:36:01,0.165821,0.150312,0.216457
2026-03-08 22:36:31,,0.195309,0.26568
2026-03-08 22:37:01,0.179371,0.137283,0.26568
2026-03-08 22:37:31,0.237294,0.228675,0.268321
2026-03-08 22:38:01,0.120527,0.108796,0.108457
2026-03-08 22:38:31,0.134136,0.182837,0.175006
2026-03-08 22:39:01,0.157804,0.124742,0.121852
2026-03-08 22:39:31,0.145405,0.219875,0.186471
2026-03-08 22:40:01,0.118847,0.134814,0.145607
2026-03-08 22:40:31,0.154151,0.08297,0.100464
2026-03-08 22:41:01,0.202612,0.180862,0.20673
2026-03-08 22:41:31,0.173669,0.165865,0.174982
2026-03-08 22:42:01,0.173669,0.165865,0.174982
2026-03-08 22:42:31,0.219939,0.16608,0.181137
2026-03-08 22:43:01,0.155431,0.17176,0.191048
2026-03-08 22:43:31,0.116891,0.063552,0.064335
2026-03-08 22:44:01,0.127683,0.123887,0.120898
2026-03-08 22:44:31,0.11528,0.056443,0.252173
2026-03-08 22:45:01,0.222593,0.224408,0.217006
2026-03-08 22:45:31,0.125423,0.067423,0.095322
2026-03-08 22:46:01,0.075919,0.041051,0.039696
2026-03-08 22:46:31,0.094171,0.070559,0.085425
2026-03-08 22:47:01,0.108334,0.13255,0.139329
2026-03-08 22:47:31,0.124208,0.163131,0.164965
2026-03-08 22:48:01,0.082179,0.223697,0.24048
2026-03-08 22:48:31,0.181467,0.260478,0.251959
2026-03-08 22:49:01,0.227528,0.240246,0.217882
2026-03-08 22:49:31,0.179491,0.189954,0.192981
2026-03-08 22:50:01,0.143822,0.219592,0.195594
2026-03-08 22:50:31,0.150044,0.151087,0.157085
2026-03-08 22:51:01,0.150044,0.151087,0.157085
2026-03-08 22:51:31,0.190739,0.260972,0.235089
2026-03-08 22:52:01,0.190739,0.260972,0.235089
2026-03-08 22:52:31,0.190739,0.260972,0.235089
2026-03-08 22:53:01,0.338543,0.250272,0.244842
2026-03-08 22:53:31,0.132783,0.147381,0.179327
2026-03-08 22:54:01,0.128455,0.155716,0.166408
2026-03-08 22:54:31,0.128455,0.155716,0.166408
2026-03-08 22:55:01,0.18781,0.250339,0.223321
2026-03-08 22:55:31,0.145392,0.235581,0.206582
2026-03-08 22:56:01,0.145392,0.235581,0.206582
2026-03-08 22:56:31,0.211381,0.212575,0.145437
2026-03-08 22:57:01,0.211381,0.212575,0.145437
2026-03-08 22:57:31,0.211381,0.212575,0.145437
2026-03-08 22:58:01,0.211381,0.212575,0.145437
2026-03-08 22:58:31,0.045388,0.020257,0.021036
2026-03-08 22:59:01,0.075449,0.080318,0.077659
2026-03-08 22:59:31,0.12615,0.166523,0.268642
2026-03-08 23:00:01,0.139749,0.157028,0.18149
2026-03-08 23:00:31,0.191777,0.33717,0.433122
2026-03-08 23:01:01,0.152225,0.248058,0.283805
2026-03-08 23:01:31,0.078771,0.256389,0.274055
2026-03-08 23:02:01,0.36775,0.283168,0.224204
2026-03-08 23:02:31,0.36775,0.283168,0.224204
2026-03-08 23:03:01,0.251403,0.221207,0.417615
2026-03-08 23:03:31,0.24914,0.234834,0.192419
2026-03-08 23:04:01,0.251668,0.240899,0.23306
2026-03-08 23:04:31,0.050992,0.040664,0.034178
2026-03-08 23:05:01,0.050992,0.040664,0.034178
2026-03-08 23:05:31,0.105018,0.146573,0.186844
2026-03-08 23:06:01,0.105018,0.146573,0.186844
2026-03-08 23:06:31,0.105018,0.146573,0.186844
2026-03-08 23:07:01,0.286919,0.146573,0.186844
2026-03-08 23:07:31,0.147692,,0.171045
2026-03-08 23:08:01,0.113621,0.121285,0.112798
2026-03-08 23:08:31,0.113621,0.121285,0.112798
2026-03-08 23:09:01,0.229886,0.227363,0.266538
2026-03-08 23:09:31,0.188324,0.17589,0.174538
2026-03-08 23:10:01,0.188324,0.17589,0.174538
2026-03-08 23:10:31,0.2275,0.190446,0.19149
2026-03-08 23:11:01,0.107442,0.055234,0.073475
2026-03-08 23:11:31,0.107442,0.055234,0.073475
2026-03-08 23:12:01,0.121411,0.113442,0.118797
2026-03-08 23:12:31,0.069582,0.043267,0.048816
2026-03-08 23:13:01,0.07566,0.024477,0.024594
2026-03-08 23:13:31,0.232632,0.183955,0.164377
2026-03-08 23:14:01,0.304199,0.563039,0.219991
2026-03-08 23:14:31,0.039556,0.023699,0.018235
2026-03-08 23:15:01,0.353008,0.601991,0.321673
2026-03-08 23:15:31,0.114443,0.069029,0.300517
2026-03-08 23:16:01,0.218644,0.254687,0.286158
2026-03-08 23:16:31,0.218644,0.254687,0.286158
2026-03-08 23:17:01,0.286026,0.179864,0.238336
2026-03-08 23:17:31,0.215472,0.282938,0.249153
2026-03-08 23:18:01,0.215472,0.282938,0.249153
2026-03-08 23:18:31,0.251341,0.190903,0.194216
2026-03-08 23:19:01,0.251341,0.190903,0.194216
2026-03-08 23:19:31,0.204893,0.228905,0.232888
2026-03-08 23:20:01,0.204893,0.228905,0.232888
2026-03-08 23:20:31,0.327393,,0.321866
2026-03-08 23:21:01,,0.344038,0.380498
2026-03-08 23:21:31,0.14147,0.291815,
2026-03-08 23:22:01,0.103527,0.128426,0.116463
2026-03-08 23:22:31,0.056635,0.068835,0.060453
2026-03-08 23:23:01,0.124208,0.162277,0.11992
2026-03-08 23:23:31,0.124208,0.162277,0.11992
2026-03-08 23:24:01,0.124208,0.162277,0.11992
2026-03-08 23:24:31,0.189654,0.198705,0.151985
2026-03-08 23:25:01,0.189654,0.198705,0.151985
2026-03-08 23:25:31,0.189654,0.198705,0.151985
2026-03-08 23:26:01,0.12503,0.152422,0.150043
2026-03-08 23:26:31,0.12503,0.152422,0.150043
2026-03-08 23:27:01,0.165647,0.175389,0.166432
2026-03-08 23:27:31,0.18681,0.214168,0.20619
2026-03-08 23:28:01,0.159037,0.189049,0.163887
2026-03-08 23:28:31,0.159037,0.189049,0.163887
2026-03-08 23:29:01,0.036077,0.027437,0.032958
2026-03-08 23:29:31,0.127668,0.166133,0.183135
2026-03-08 23:30:01,0.1828,0.12305,0.114858
2026-03-08 23:30:31,0.033078,0.010668,0.011456
2026-03-08 23:31:01,0.215339,0.180641,0.263983
2026-03-08 23:31:31,0.069996,0.054722,0.057049
2026-03-08 23:32:01,0.047679,0.050835,0.061038
2026-03-08 23:32:31,0.139296,0.159111,0.190536
2026-03-08 23:33:01,0.166472,0.187553,0.176889
2026-03-08 23:33:31,0.061092,0.118862,0.098166
2026-03-08 23:34:01,0.061092,0.118862,0.098166
2026-03-08 23:34:31,0.111066,0.086754,0.109687
2026-03-08 23:35:01,0.147572,0.164824,0.186846
2026-03-08 23:35:31,0.165217,0.124182,0.1737
2026-03-08 23:36:01,0.165217,0.124182,0.1737
2026-03-08 23:36:31,0.192826,0.19884,0.21139
2026-03-08 23:37:01,0.192826,0.19884,0.21139
2026-03-08 23:37:31,0.211474,0.147129,0.175318
2026-03-08 23:38:01,0.249001,0.123443,0.158173
2026-03-08 23:38:31,0.043512,0.012754,0.01891
2026-03-08 23:39:01,0.033503,0.030985,0.035355
2026-03-08 23:39:31,0.033503,0.030985,0.035355
2026-03-08 23:40:01,0.131945,0.143494,0.201449
2026-03-08 23:40:31,0.042233,0.078192,0.102034
2026-03-08 23:41:01,0.243759,0.179884,0.200514
2026-03-08 23:41:31,0.158942,0.12991,0.171222
2026-03-08 23:42:01,0.320735,0.221729,0.246273
2026-03-08 23:42:31,0.039009,0.02089,0.028742
2026-03-08 23:43:01,0.140285,0.166117,0.181686
2026-03-08 23:43:31,0.047857,0.030565,0.032257
2026-03-08 23:44:01,0.202952,0.188018,0.25304
2026-03-08 23:44:31,0.30759,0.215717,0.21942
2026-03-08 23:45:01,0.30759,0.215717,0.21942
2026-03-08 23:45:31,0.220377,0.248864,0.225929
2026-03-08 23:46:01,0.180862,0.155738,0.172094
2026-03-08 23:46:31,0.180862,0.155738,0.172094
2026-03-08 23:47:01,0.580981,0.133309,0.163055
2026-03-08 23:47:31,0.102374,0.096339,0.115532
2026-03-08 23:48:01,0.078646,0.018184,0.027126
2026-03-08 23:48:31,0.078646,0.018184,0.027126
2026-03-08 23:49:01,0.130137,0.095601,0.125967
2026-03-08 23:49:31,0.130137,0.095601,0.125967
2026-03-08 23:50:01,0.281669,0.197099,0.291418
2026-03-08 23:50:31,0.248164,0.466005,0.585414
2026-03-08 23:51:01,0.34943,0.660156,0.481969
2026-03-08 23:51:31,0.077001,0.041564,0.056798
2026-03-08 23:52:01,0.194458,0.198194,0.256971
2026-03-08 23:52:31,0.255453,0.230485,0.232358
2026-03-08 23:53:01,0.111473,0.14537,0.121999
2026-03-08 23:53:31,0.303648,0.212403,0.278248
2026-03-08 23:54:01,0.224363,0.269536,0.29642
2026-03-08 23:54:31,0.08354,0.088262,0.045377
2026-03-08 23:55:01,0.063823,0.034597,0.041742
2026-03-08 23:55:31,0.055336,0.037618,0.039239
2026-03-08 23:56:01,0.253525,0.15349,0.177607
2026-03-08 23:56:31,0.117228,0.173127,0.181855
2026-03-08 23:57:01,0.142436,0.143978,0.198041
2026-03-08 23:57:31,0.109281,0.198648,0.117108
2026-03-08 23:58:01,0.050226,0.030462,0.038683
2026-03-08 23:58:31,0.211171,0.172074,0.20066
2026-03-08 23:59:01,0.027021,0.013175,0.014004
2026-03-08 23:59:31,0.156769,0.15607,0.166677
2026-03-09 00:00:01,0.182853,0.170691,0.19067
2026-03-09 00:00:31,0.038875,0.039272,0.038347
2026-03-09 00:01:01,0.192271,0.175598,0.194391
2026-03-09 00:01:31,0.038665,0.044286,0.158627
2026-03-09 00:02:01,0.233818,0.209255,0.256999
2026-03-09 00:02:31,0.024044,0.122496,0.147908
2026-03-09 00:03:01,0.145537,0.097146,0.134439
2026-03-09 00:03:31,0.151294,0.134616,0.180138
2026-03-09 00:04:01,0.164414,0.273899,0.278397
2026-03-09 00:04:31,0.128366,0.106779,0.120193
2026-03-09 00:05:01,0.137321,0.14547,0.147379
2026-03-09 00:05:31,0.137321,0.14547,0.147379
2026-03-09 00:06:01,0.243654,0.197643,0.268726
2026-03-09 00:06:31,0.110079,0.116803,0.173102
2026-03-09 00:07:01,0.078683,0.048762,0.076841
2026-03-09 00:07:31,0.057681,0.011358,0.028953
2026-03-09 00:08:01,0.264784,0.242268,0.312714
2026-03-09 00:08:31,0.264784,0.242268,0.312714
2026-03-09 00:09:01,0.150004,0.115762,0.379843
2026-03-09 00:09:31,0.236324,0.115762,0.379843
2026-03-09 00:10:01,0.126906,0.208736,0.28783
2026-03-09 00:10:31,0.126906,0.208736,0.28783
2026-03-09 00:11:01,0.118854,0.159206,0.189611
2026-03-09 00:11:31,0.129553,0.057192,0.040473
2026-03-09 00:12:01,0.070932,0.06831,0.0565
2026-03-09 00:12:31,0.190075,0.15911,0.17779
2026-03-09 00:13:01,0.184971,0.163299,0.292068
2026-03-09 00:13:31,0.036066,0.014699,0.022143
2026-03-09 00:14:01,0.036066,0.014699,0.022143
2026-03-09 00:14:31,0.137829,0.139073,0.136502
2026-03-09 00:15:01,0.041129,0.027732,0.040002
2026-03-09 00:15:31,0.162263,0.138986,0.1845
2026-03-09 00:16:01,0.064331,0.045547,0.036716
2026-03-09 00:16:31,0.178074,0.236741,0.191702
2026-03-09 00:17:01,0.178074,0.236741,0.191702
2026-03-09 00:17:31,0.27535,0.228986,0.309015
2026-03-09 00:18:01,0.211333,0.216968,0.282811
2026-03-09 00:18:31,0.200892,,0.271344
2026-03-09 00:19:01,0.200892,,0.271344
2026-03-09 00:19:31,0.200892,,0.271344
2026-03-09 00:20:01,0.320119,,0.271344
2026-03-09 00:20:31,0.207905,0.143573,0.265425
2026-03-09 00:21:01,0.036275,0.035993,0.038778
2026-03-09 00:21:31,0.042689,0.017305,0.026056
2026-03-09 00:22:01,0.227586,0.13647,0.255886
2026-03-09 00:22:31,0.184238,0.128214,0.208689
2026-03-09 00:23:01,0.184238,0.128214,0.208689
2026-03-09 00:23:31,0.184238,0.128214,0.208689
2026-03-09 00:24:01,0.184238,0.128214,0.208689
2026-03-09 00:24:31,0.148462,0.091428,0.142589
2026-03-09 00:25:01,0.09555,0.082446,0.09226
2026-03-09 00:25:31,0.09555,0.082446,0.09226
2026-03-09 00:26:01,0.305454,0.226304,0.000082
2026-03-09 00:26:31,0.305454,0.226304,0.000082
2026-03-09 00:27:01,0.27203,0.258133,0.161621
2026-03-09 00:27:31,0.157391,0.082155,0.089364
2026-03-09 00:28:01,0.138454,0.126206,0.143311
2026-03-09 00:28:31,0.387613,0.183859,0.198312
2026-03-09 00:29:01,0.158512,0.14094,0.17461
2026-03-09 00:29:31,0.164281,0.173469,0.167186
2026-03-09 00:30:01,0.127807,0.133273,0.143072
2026-03-09 00:30:31,0.180605,0.14103,0.141618
2026-03-09 00:31:01,0.1952,0.163351,0.191875
2026-03-09 00:31:31,0.1952,0.163351,0.191875
2026-03-09 00:32:01,0.29885,0.239422,0.233327
2026-03-09 00:32:31,0.222788,0.175388,0.184197
2026-03-09 00:33:01,0.109906,0.14823,0.186341
2026-03-09 00:33:31,0.120915,0.113537,0.092528
2026-03-09 00:34:01,0.090445,0.04471,0.061348
2026-03-09 00:34:31,0.090445,0.04471,0.061348
2026-03-09 00:35:01,0.14926,0.145209,0.136692
2026-03-09 00:35:31,0.203323,0.109317,0.135252
2026-03-09 00:36:01,0.203323,0.109317,0.135252
2026-03-09 00:36:31,0.218625,0.155569,0.158259
2026-03-09 00:37:01,0.347172,0.170916,0.187438
2026-03-09 00:37:31,0.188193,0.216634,0.284968
2026-03-09 00:38:01,0.092801,0.042459,0.078144
2026-03-09 00:38:31,0.092801,0.042459,0.078144
2026-03-09 00:39:01,0.092801,0.042459,0.078144
2026-03-09 00:39:31,0.09672,0.079311,0.114096
2026-03-09 00:40:01,0.057419,0.018258,0.028813
2026-03-09 00:40:31,0.057419,0.018258,0.028813
2026-03-09 00:41:01,0.162192,0.114847,0.136047
2026-03-09 00:41:31,0.162192,0.114847,0.136047
2026-03-09 00:42:01,0.200212,0.138657,0.18316
2026-03-09 00:42:31,0.200212,0.138657,0.18316
2026-03-09 00:43:01,0.200212,0.138657,0.18316
2026-03-09 00:43:31,0.200212,0.138657,0.18316
2026-03-09 00:44:01,0.24912,0.123817,0.154406
2026-03-09 00:44:31,0.189775,0.13895,0.148712
2026-03-09 00:45:01,0.072247,0.023516,0.032014
2026-03-09 00:45:31,0.13464,0.138906,0.189838
2026-03-09 00:46:01,0.0645,0.026276,0.036264
2026-03-09 00:46:31,0.436353,0.190067,0.203817
2026-03-09 00:47:01,0.2345,0.14067,0.180258
2026-03-09 00:47:31,0.208925,0.220464,0.22609
2026-03-09 00:48:01,0.208925,0.220464,0.22609
2026-03-09 00:48:31,0.208925,0.220464,0.22609
2026-03-09 00:49:01,0.208925,0.220464,0.22609
2026-03-09 00:49:31,0.208925,0.220464,0.22609
2026-03-09 00:50:01,0.28929,0.177933,0.224363
2026-03-09 00:50:31,0.216857,0.138668,0.168923
2026-03-09 00:51:01,0.216857,0.138668,0.168923
2026-03-09 00:51:31,0.243706,0.247091,0.244181
2026-03-09 00:52:01,0.194179,0.221159,0.307522
2026-03-09 00:52:31,0.09686,0.067322,0.072499
2026-03-09 00:53:01,0.099545,0.396302,0.317093
2026-03-09 00:53:31,0.099545,0.396302,0.317093
2026-03-09 00:54:01,0.246876,0.205418,0.284882
2026-03-09 00:54:31,0.243013,0.283517,0.35861
2026-03-09 00:55:01,0.17528,0.221998,0.333473
2026-03-09 00:55:31,0.155177,0.201944,0.267033
2026-03-09 00:56:01,0.297978,0.260355,0.350391
2026-03-09 00:56:31,0.297978,0.260355,0.350391
2026-03-09 00:57:01,0.297978,0.260355,0.350391
2026-03-09 00:57:31,0.060417,0.047081,0.044593
2026-03-09 00:58:01,0.229057,0.289118,0.557546
2026-03-09 00:58:31,0.091423,0.035425,0.086626
2026-03-09 00:59:01,0.039241,0.025682,0.049228
2026-03-09 00:59:31,0.107845,0.173229,0.25878
2026-03-09 01:00:01,0.118029,0.119204,0.114647
2026-03-09 01:00:31,0.060138,0.053778,0.119934
2026-03-09 01:01:01,0.02713,0.023261,0.050384
2026-03-09 01:01:31,,0.545927,0.33397
2026-03-09 01:02:01,0.040092,0.001341,0.003297
2026-03-09 01:02:31,0.299429,0.281874,0.298059
2026-03-09 01:03:01,0.288051,0.149328,0.208627
2026-03-09 01:03:31,0.288051,0.149328,0.208627
2026-03-09 01:04:01,0.102843,0.090581,0.088772
2026-03-09 01:04:31,0.089153,0.070243,0.080904
2026-03-09 01:05:01,0.154155,0.224182,0.196175
2026-03-09 01:05:31,0.235213,0.133863,0.185525
2026-03-09 01:06:01,0.235213,0.133863,0.185525
2026-03-09 01:06:31,0.18317,0.438285,0.248417
2026-03-09 01:07:01,0.195278,0.142532,0.161371
2026-03-09 01:07:31,0.093913,0.083697,0.105832
2026-03-09 01:08:01,0.093913,0.083697,0.105832
2026-03-09 01:08:31,0.238845,0.20355,0.235003
2026-03-09 01:09:01,0.224273,0.195224,0.17791
2026-03-09 01:09:31,0.209016,0.157309,0.205564
2026-03-09 01:10:01,0.209016,0.157309,0.205564
2026-03-09 01:10:31,0.209016,0.157309,0.205564
2026-03-09 01:11:01,0.209016,0.157309,0.205564
2026-03-09 01:11:31,0.240548,0.342002,0.229321
2026-03-09 01:12:01,0.231059,0.17666,0.19897
2026-03-09 01:12:31,0.168853,0.111693,0.136138
2026-03-09 01:13:01,0.168853,0.111693,0.136138
2026-03-09 01:13:31,0.168853,0.111693,0.136138
2026-03-09 01:14:01,0.208434,0.204227,0.199841
2026-03-09 01:14:31,0.127231,0.11575,0.127911
2026-03-09 01:15:01,0.132047,0.123272,0.117534
2026-03-09 01:15:31,0.124703,0.115297,0.128402
2026-03-09 01:16:01,0.199511,0.352414,0.22614
2026-03-09 01:16:31,0.199511,0.352414,0.22614
2026-03-09 01:17:01,0.18346,0.222227,0.262373
2026-03-09 01:17:31,0.100992,0.060721,0.091415
2026-03-09 01:18:01,0.022184,0.008618,0.009583
2026-03-09 01:18:31,0.205392,0.152005,0.200316
2026-03-09 01:19:01,0.17567,0.171135,0.215265
2026-03-09 01:19:31,0.17567,0.171135,0.215265
2026-03-09 01:20:01,0.11214,0.09163,0.094382
2026-03-09 01:20:31,0.03587,0.014433,0.032128
2026-03-09 01:21:01,0.208836,0.150472,0.187496
2026-03-09 01:21:31,0.074721,0.040033,0.079204
2026-03-09 01:22:01,0.074721,0.040033,0.079204
2026-03-09 01:22:31,0.074721,0.040033,0.079204
2026-03-09 01:23:01,0.074721,0.040033,0.079204
2026-03-09 01:23:31,0.319166,0.174824,0.298553
2026-03-09 01:24:01,0.216931,0.196761,0.262886
2026-03-09 01:24:31,0.047447,0.012475,0.017305
2026-03-09 01:25:01,0.287021,0.288678,0.340134
2026-03-09 01:25:31,0.068883,0.048198,0.09091
2026-03-09 01:26:01,0.198444,0.219312,0.311469
2026-03-09 01:26:31,0.234306,0.446823,0.209995
2026-03-09 01:27:01,0.178169,0.171845,0.17704
2026-03-09 01:27:31,0.279933,0.214087,0.184287
2026-03-09 01:28:01,0.159626,0.165129,0.311422
2026-03-09 01:28:31,0.032196,0.010937,0.011641
2026-03-09 01:29:01,0.032196,0.010937,0.011641
2026-03-09 01:29:31,0.357776,0.193496,0.237262
2026-03-09 01:30:01,0.093115,0.095749,0.129344
2026-03-09 01:30:31,0.050174,0.045566,0.041387
2026-03-09 01:31:01,0.099307,0.174103,0.192132
2026-03-09 01:31:31,0.08757,0.062926,0.082805
2026-03-09 01:32:01,0.08757,0.062926,0.082805
2026-03-09 01:32:31,0.08757,0.062926,0.082805
2026-03-09 01:33:01,0.19137,0.198813,0.233576
2026-03-09 01:33:31,0.078285,0.080797,0.112828
2026-03-09 01:34:01,0.141705,0.269992,0.193459
2026-03-09 01:34:31,0.201866,0.191845,0.236182
2026-03-09 01:35:01,0.062005,0.062547,0.084365
2026-03-09 01:35:31,0.089728,0.036004,0.041231
2026-03-09 01:36:01,0.089728,0.036004,0.041231
2026-03-09 01:36:31,0.242568,0.128381,0.161148
2026-03-09 01:37:01,0.242568,0.128381,0.161148
2026-03-09 01:37:31,0.171511,0.098581,0.110447
2026-03-09 01:38:01,0.171511,0.098581,0.110447
2026-03-09 01:38:31,0.156661,0.062649,0.084232
2026-03-09 01:39:01,0.104561,0.123633,0.137364
2026-03-09 01:39:31,0.104561,0.123633,0.137364
2026-03-09 01:40:01,0.248639,0.199208,0.22363
2026-03-09 01:40:31,0.135557,0.131916,0.19283
2026-03-09 01:41:01,0.135557,0.131916,0.19283
2026-03-09 01:41:31,0.122246,0.143274,0.137154
2026-03-09 01:42:01,0.122246,0.143274,0.137154
2026-03-09 01:42:31,0.122246,0.143274,0.137154
2026-03-09 01:43:01,0.108379,0.12003,0.205598
2026-03-09 01:43:31,0.108379,0.12003,0.205598
2026-03-09 01:44:01,0.063542,0.001614,0.021391
2026-03-09 01:44:31,0.141332,0.128717,0.205787
2026-03-09 01:45:01,0.141332,0.128717,0.205787
2026-03-09 01:45:31,0.141332,0.128717,0.205787
2026-03-09 01:46:01,0.244537,0.21337,0.316802
2026-03-09 01:46:31,0.244537,0.21337,0.316802
2026-03-09 01:47:01,0.244537,0.21337,0.316802
2026-03-09 01:47:31,0.142629,0.115305,0.237948
2026-03-09 01:48:01,0.142629,0.115305,0.237948
2026-03-09 01:48:31,0.142629,0.115305,0.237948
2026-03-09 01:49:01,0.265009,0.168169,0.222649
2026-03-09 01:49:31,0.140531,0.098855,0.20529
2026-03-09 01:50:01,0.16416,0.130429,0.251794
2026-03-09 01:50:31,0.123682,0.102449,0.136435
2026-03-09 01:51:01,0.077155,0.038663,0.055877
2026-03-09 01:51:31,0.153193,0.115673,0.166806
2026-03-09 01:52:01,0.153193,0.115673,0.166806
2026-03-09 01:52:31,0.208844,0.173912,0.173919
2026-03-09 01:53:01,0.110209,0.090439,0.10941
2026-03-09 01:53:31,0.092152,0.084083,0.109974
2026-03-09 01:54:01,0.092152,0.084083,0.109974
2026-03-09 01:54:31,0.221918,0.202667,0.245264
2026-03-09 01:55:01,0.182903,0.173041,0.285961
2026-03-09 01:55:31,0.085696,0.280331,0.457172
2026-03-09 01:56:01,0.085696,0.280331,0.457172
2026-03-09 01:56:31,0.181087,0.226137,0.258575
2026-03-09 01:57:01,0.181087,0.226137,0.258575
2026-03-09 01:57:31,0.21759,0.293654,0.351831
2026-03-09 01:58:01,0.163448,0.157481,0.172665
2026-03-09 01:58:31,0.032386,0.012953,0.008899
2026-03-09 01:59:01,0.05561,0.045095,0.043838
2026-03-09 01:59:31,0.180647,0.114931,0.125943
2026-03-09 02:00:01,0.180647,0.114931,0.125943
2026-03-09 02:00:31,0.180647,0.114931,0.125943
2026-03-09 02:01:01,0.245112,0.17992,0.207921
2026-03-09 02:01:31,0.156654,0.20042,0.158598
2026-03-09 02:02:01,0.18257,0.163432,0.180896
2026-03-09 02:02:31,0.080509,0.049442,0.0635
2026-03-09 02:03:01,0.188718,0.182865,0.190822
2026-03-09 02:03:31,0.218216,0.221962,0.24146
2026-03-09 02:04:01,0.218216,0.221962,0.24146
2026-03-09 02:04:31,0.212817,0.182972,0.209358
2026-03-09 02:05:01,0.212817,0.182972,0.209358
2026-03-09 02:05:31,0.244124,0.214841,0.233721
2026-03-09 02:06:01,0.244124,0.214841,0.233721
2026-03-09 02:06:31,0.144205,0.143914,0.137294
2026-03-09 02:07:01,0.219949,0.33123,0.311381
2026-03-09 02:07:31,0.232735,0.20316,0.283479
2026-03-09 02:08:01,0.077495,0.089251,0.188964
2026-03-09 02:08:31,0.050275,0.025785,0.02852
2026-03-09 02:09:01,0.209537,0.228763,0.238392
2026-03-09 02:09:31,0.202941,0.255615,0.28427
2026-03-09 02:10:01,0.194866,0.223795,0.226398
2026-03-09 02:10:31,0.201184,0.217331,0.220918
2026-03-09 02:11:01,0.201184,0.217331,0.220918
2026-03-09 02:11:31,0.192134,0.195858,0.537332
2026-03-09 02:12:01,0.192134,0.195858,0.537332
2026-03-09 02:12:31,0.138795,0.165272,0.206606
2026-03-09 02:13:01,0.138795,0.165272,0.206606
2026-03-09 02:13:31,0.293025,0.197446,0.211909
2026-03-09 02:14:01,0.192091,0.200073,0.171211
2026-03-09 02:14:31,0.192091,0.200073,0.171211
2026-03-09 02:15:01,0.165952,0.146729,0.182135
2026-03-09 02:15:31,0.045446,0.02381,0.038939
2026-03-09 02:16:01,0.075862,0.081652,0.08232
2026-03-09 02:16:31,0.11254,0.107919,0.138271
2026-03-09 02:17:01,0.11254,0.107919,0.138271
2026-03-09 02:17:31,0.144967,0.165239,0.171034
2026-03-09 02:18:01,0.136256,0.139203,0.185067
2026-03-09 02:18:31,0.02268,0.014003,0.090899
2026-03-09 02:19:01,0.018298,0.011198,0.01002
2026-03-09 02:19:31,0.088718,0.103783,0.108274
2026-03-09 02:20:01,0.088718,0.103783,0.108274
2026-03-09 02:20:31,0.188223,0.237231,0.214857
2026-03-09 02:21:01,0.188223,0.237231,0.214857
2026-03-09 02:21:31,0.147289,0.159057,0.174666
2026-03-09 02:22:01,0.147289,0.159057,0.174666
2026-03-09 02:22:31,0.183077,0.187224,0.185612
2026-03-09 02:23:01,0.183077,0.187224,0.185612
2026-03-09 02:23:31,0.202992,0.167594,0.205843
2026-03-09 02:24:01,0.113172,0.155648,0.289186
2026-03-09 02:24:31,0.113172,0.155648,0.289186
2026-03-09 02:25:01,0.253964,0.161716,0.197705
2026-03-09 02:25:31,0.084028,0.066909,0.087824
2026-03-09 02:26:01,0.084028,0.066909,0.087824
2026-03-09 02:26:31,0.077647,0.050522,0.062271
2026-03-09 02:27:01,0.046785,0.031377,0.037669
2026-03-09 02:27:31,0.046785,0.031377,0.037669
2026-03-09 02:28:01,0.03398,0.021017,0.017654
2026-03-09 02:28:31,0.070454,0.036731,0.067447
2026-03-09 02:29:01,0.212253,0.157717,0.169873
2026-03-09 02:29:31,0.12188,0.135133,0.139515
2026-03-09 02:30:01,0.107461,,0.160075
2026-03-09 02:30:31,0.351183,0.137103,0.152173
2026-03-09 02:31:01,0.351183,0.137103,0.152173
2026-03-09 02:31:31,0.165474,0.145488,0.176371
2026-03-09 02:32:01,0.165474,0.145488,0.176371
2026-03-09 02:32:31,0.175727,0.174712,0.198498
2026-03-09 02:33:01,0.100333,0.074217,0.091042
2026-03-09 02:33:31,0.037161,0.012923,0.016557
2026-03-09 02:34:01,0.056142,0.026399,0.031652
2026-03-09 02:34:31,0.15707,0.158897,0.181282
2026-03-09 02:35:01,0.072071,0.017972,0.01995
2026-03-09 02:35:31,0.156957,0.252421,0.231558
2026-03-09 02:36:01,0.231103,0.206422,0.246894
2026-03-09 02:36:31,0.1952,0.223989,0.260347
2026-03-09 02:37:01,0.043525,0.065799,0.153227
2026-03-09 02:37:31,0.043525,0.065799,0.153227
2026-03-09 02:38:01,0.145755,0.161046,0.164313
2026-03-09 02:38:31,0.068755,0.072345,0.079073
2026-03-09 02:39:01,0.120627,0.137619,0.134968
2026-03-09 02:39:31,0.120627,0.137619,0.134968
2026-03-09 02:40:01,0.062812,0.063832,0.063175
2026-03-09 02:40:31,0.149464,0.055539,0.079538
2026-03-09 02:41:01,0.149464,0.055539,0.079538
2026-03-09 02:41:31,0.149464,0.055539,0.079538
2026-03-09 02:42:01,0.143436,0.108615,0.128641
2026-03-09 02:42:31,0.209067,0.108615,0.761199
2026-03-09 02:43:01,0.15725,0.000276,0.286557
2026-03-09 02:43:31,0.089485,0.065364,0.077359
2026-03-09 02:44:01,0.110453,0.120496,0.129799
2026-03-09 02:44:31,0.037284,0.031051,0.031604
2026-03-09 02:45:01,0.054905,0.03575,0.045252
2026-03-09 02:45:31,0.054905,0.03575,0.045252
2026-03-09 02:46:01,0.054905,0.03575,0.045252
2026-03-09 02:46:31,0.183672,0.14591,0.179357
2026-03-09 02:47:01,0.183672,0.14591,0.179357
2026-03-09 02:47:31,0.082083,0.051364,0.135498
2026-03-09 02:48:01,0.082083,0.051364,0.135498
2026-03-09 02:48:31,0.082083,0.051364,0.135498
2026-03-09 02:49:01,0.168402,0.119959,0.164449
2026-03-09 02:49:31,0.168402,0.119959,0.164449
2026-03-09 02:50:01,0.169718,0.185374,0.209575
2026-03-09 02:50:31,0.151153,0.134437,0.160094
2026-03-09 02:51:01,0.124469,0.160488,0.167934
2026-03-09 02:51:31,0.041222,0.038077,0.043827
2026-03-09 02:52:01,0.041222,0.038077,0.043827
2026-03-09 02:52:31,0.041222,0.038077,0.043827
2026-03-09 02:53:01,0.445381,0.2137,0.171499
2026-03-09 02:53:31,0.039733,0.016253,0.016838
2026-03-09 02:54:01,0.039733,0.016253,0.016838
2026-03-09 02:54:31,0.139963,0.139195,0.171263
2026-03-09 02:55:01,0.092664,0.073345,0.09328
2026-03-09 02:55:31,0.132172,0.120876,0.142379
2026-03-09 02:56:01,0.160369,0.098443,0.113523
2026-03-09 02:56:31,0.085521,0.052721,0.12755
2026-03-09 02:57:01,0.188626,0.135391,0.136079
2026-03-09 02:57:31,0.126993,0.095877,0.136673
2026-03-09 02:58:01,0.091419,0.100643,0.099464
2026-03-09 02:58:31,0.190104,0.183964,0.202159
2026-03-09 02:59:01,0.190104,0.183964,0.202159
2026-03-09 02:59:31,0.033048,0.012296,0.013972
2026-03-09 03:00:01,0.033048,0.012296,0.013972
2026-03-09 03:00:31,0.037871,0.020592,0.029138
2026-03-09 03:01:01,0.129684,0.129017,0.142038
2026-03-09 03:01:31,0.129684,0.129017,0.142038
2026-03-09 03:02:01,0.24413,0.248025,0.274583
2026-03-09 03:02:31,0.24413,0.248025,0.274583
2026-03-09 03:03:01,0.273018,0.250063,0.349307
2026-03-09 03:03:31,0.198951,0.204808,0.233586
2026-03-09 03:04:01,0.06874,0.032415,0.046326
2026-03-09 03:04:31,0.06874,0.032415,0.046326
2026-03-09 03:05:01,0.037113,0.012777,0.021067
2026-03-09 03:05:31,0.037113,0.012777,0.021067
2026-03-09 03:06:01,0.037113,0.012777,0.021067
2026-03-09 03:06:31,0.45189,0.236917,0.345019
2026-03-09 03:07:01,0.138801,0.120705,0.138422
2026-03-09 03:07:31,0.056754,0.171834,0.145627
2026-03-09 03:08:01,0.057448,0.052349,0.064011
2026-03-09 03:08:31,0.20228,0.226613,0.267095
2026-03-09 03:09:01,0.191793,0.220405,0.256757
2026-03-09 03:09:31,0.191793,0.220405,0.256757
2026-03-09 03:10:01,0.191793,0.220405,0.256757
2026-03-09 03:10:31,0.191793,0.220405,0.256757
2026-03-09 03:11:01,0.267304,0.154076,0.152423
2026-03-09 03:11:31,0.267304,0.154076,0.152423
2026-03-09 03:12:01,0.204099,0.1935,0.23851
2026-03-09 03:12:31,0.088511,0.074152,0.086925
2026-03-09 03:13:01,0.181526,0.166918,0.19494
2026-03-09 03:13:31,0.185678,0.168471,0.405163
2026-03-09 03:14:01,0.157363,0.155559,0.167278
2026-03-09 03:14:31,0.081452,0.062941,0.117128
2026-03-09 03:15:01,0.081452,0.062941,0.117128
2026-03-09 03:15:31,0.081452,0.062941,0.117128
2026-03-09 03:16:01,0.12646,0.21459,0.219049
2026-03-09 03:16:31,0.12646,0.21459,0.219049
2026-03-09 03:17:01,0.243687,0.245485,0.24072
2026-03-09 03:17:31,0.08765,0.053758,0.058428
2026-03-09 03:18:01,0.070715,0.034409,0.044507
2026-03-09 03:18:31,0.132078,0.099226,0.105351
2026-03-09 03:19:01,0.132078,0.099226,0.105351
2026-03-09 03:19:31,0.258549,0.383857,0.240879
2026-03-09 03:20:01,0.191578,0.204385,0.260255
2026-03-09 03:20:31,0.191578,0.204385,0.260255
2026-03-09 03:21:01,0.130976,0.589625,0.132193
2026-03-09 03:21:31,0.130976,0.589625,0.132193
2026-03-09 03:22:01,0.224139,0.251419,0.259349
2026-03-09 03:22:31,0.075306,0.037412,0.054444
2026-03-09 03:23:01,0.315775,0.309923,0.223719
2026-03-09 03:23:31,0.315775,0.309923,0.223719
2026-03-09 03:24:01,0.108207,0.071283,0.067665
2026-03-09 03:24:31,0.111134,0.092721,0.118786
2026-03-09 03:25:01,0.136822,0.230901,0.241205
2026-03-09 03:25:31,0.16316,0.228206,0.265932
2026-03-09 03:26:01,0.085365,0.067634,0.070086
2026-03-09 03:26:31,0.214644,0.183046,0.186053
2026-03-09 03:27:01,0.214644,0.183046,0.186053
2026-03-09 03:27:31,0.116141,0.134403,0.167441
2026-03-09 03:28:01,0.064124,0.043047,0.052411
2026-03-09 03:28:31,0.064124,0.043047,0.052411
2026-03-09 03:29:01,0.244821,0.334437,0.337456
2026-03-09 03:29:31,0.086132,0.269618,0.150948
2026-03-09 03:30:01,0.106483,0.023476,0.030995
2026-03-09 03:30:31,0.106483,0.023476,0.030995
2026-03-09 03:31:01,0.220177,0.216763,0.296361
2026-03-09 03:31:31,0.220177,0.216763,0.296361
2026-03-09 03:32:01,0.161025,0.158082,0.172731
2026-03-09 03:32:31,0.142918,0.138746,0.153283
2026-03-09 03:33:01,0.142918,0.138746,0.153283
2026-03-09 03:33:31,0.076405,0.057862,0.067111
2026-03-09 03:34:01,0.14671,0.125274,0.182365
2026-03-09 03:34:31,0.134369,0.107751,0.120941
2026-03-09 03:35:01,0.093621,0.08123,0.100291
2026-03-09 03:35:31,0.075767,0.033235,0.041614
2026-03-09 03:36:01,0.075767,0.033235,0.041614
2026-03-09 03:36:31,0.289733,0.232589,0.207643
2026-03-09 03:37:01,0.171463,0.277371,0.256608
2026-03-09 03:37:31,0.079363,0.071436,0.081154
2026-03-09 03:38:01,0.079363,0.071436,0.081154
2026-03-09 03:38:31,0.120755,0.135831,0.177874
2026-03-09 03:39:01,0.032713,0.040819,0.046066
2026-03-09 03:39:31,0.106553,0.093211,0.119337
2026-03-09 03:40:01,0.028159,0.028698,0.02275
2026-03-09 03:40:31,0.191677,0.16407,0.197637
2026-03-09 03:41:01,0.175246,0.12948,0.167592
2026-03-09 03:41:31,0.036869,0.028982,0.028745
2026-03-09 03:42:01,0.195816,0.223829,0.218048
2026-03-09 03:42:31,0.267926,0.149928,0.207199
2026-03-09 03:43:01,0.267926,0.149928,0.207199
2026-03-09 03:43:31,0.267926,0.149928,0.207199
2026-03-09 03:44:01,0.193342,0.199502,0.187118
2026-03-09 03:44:31,0.193342,0.199502,0.187118
2026-03-09 03:45:01,0.252868,0.168534,0.206127
2026-03-09 03:45:31,0.078451,0.08419,0.08961
2026-03-09 03:46:01,0.097109,0.081344,0.088091
2026-03-09 03:46:31,0.097109,0.081344,0.088091
2026-03-09 03:47:01,0.017571,0.008796,0.012061
2026-03-09 03:47:31,0.017571,0.008796,0.012061
2026-03-09 03:48:01,0.13549,0.112851,0.123864
2026-03-09 03:48:31,0.104293,0.137717,0.142419
2026-03-09 03:49:01,0.104293,0.137717,0.142419
2026-03-09 03:49:31,0.104293,0.137717,0.142419
2026-03-09 03:50:01,0.104293,0.137717,0.142419
2026-03-09 03:50:31,0.364395,0.222272,0.233721
2026-03-09 03:51:01,0.084154,0.082637,0.086622
2026-03-09 03:51:31,0.084154,0.082637,0.086622
2026-03-09 03:52:01,0.054504,0.030744,0.033117
2026-03-09 03:52:31,0.054504,0.030744,0.033117
2026-03-09 03:53:01,0.160434,0.143017,0.15314
2026-03-09 03:53:31,0.160434,0.143017,0.15314
2026-03-09 03:54:01,0.035502,0.025582,0.025811
2026-03-09 03:54:31,0.070512,0.039406,0.055618
2026-03-09 03:55:01,0.183294,0.126432,0.229551
2026-03-09 03:55:31,0.181513,0.175686,0.174888
2026-03-09 03:56:01,0.175986,0.221931,0.181898
2026-03-09 03:56:31,0.110036,0.142751,0.163091
2026-03-09 03:57:01,0.128892,,0.161877
2026-03-09 03:57:31,0.147439,0.231275,0.261921
2026-03-09 03:58:01,0.065826,0.103218,0.126051
2026-03-09 03:58:31,0.103801,0.145106,0.137284
2026-03-09 03:59:01,0.103801,0.145106,0.137284
2026-03-09 03:59:31,0.236934,0.218062,0.223177
2026-03-09 04:00:01,0.095032,0.084143,0.092404
2026-03-09 04:00:31,0.095032,0.084143,0.092404
2026-03-09 04:01:01,0.246822,0.159126,0.16748
2026-03-09 04:01:31,0.046166,0.00918,0.009289
2026-03-09 04:02:01,0.050432,0.021581,0.027927
2026-03-09 04:02:31,0.115732,0.112708,0.141157
2026-03-09 04:03:01,0.065733,0.042638,0.079904
2026-03-09 04:03:31,0.035233,0.020602,0.025818
2026-03-09 04:04:01,0.122882,0.108147,0.127168
2026-03-09 04:04:31,0.122882,0.108147,0.127168
2026-03-09 04:05:01,0.10491,0.101733,0.331825
2026-03-09 04:05:31,0.10491,0.101733,0.331825
2026-03-09 04:06:01,0.078191,0.048744,0.057113
2026-03-09 04:06:31,0.08005,0.083645,0.091401
2026-03-09 04:07:01,0.019198,0.305639,0.091401
2026-03-09 04:07:31,0.064607,0.052425,0.051799
2026-03-09 04:08:01,0.064607,0.052425,0.051799
2026-03-09 04:08:31,0.138118,0.185263,0.198208
2026-03-09 04:09:01,0.138118,0.185263,0.198208
2026-03-09 04:09:31,0.128673,0.160397,0.243429
2026-03-09 04:10:01,0.037022,0.054346,0.07311
2026-03-09 04:10:31,0.518999,0.363165,0.416954
2026-03-09 04:11:01,0.103047,0.082703,0.082293
2026-03-09 04:11:31,0.06283,0.044618,0.045928
2026-03-09 04:12:01,0.06283,0.044618,0.045928
2026-03-09 04:12:31,0.06283,0.044618,0.045928
2026-03-09 04:13:01,0.06283,0.044618,0.045928
2026-03-09 04:13:31,0.06283,0.044618,0.045928
2026-03-09 04:14:01,0.138741,0.129801,0.133976
2026-03-09 04:14:31,0.102068,0.016562,0.011842
2026-03-09 04:15:01,0.159022,0.21953,0.271663
2026-03-09 04:15:31,0.107313,0.124213,0.148733
2026-03-09 04:16:01,0.110604,0.157254,0.184166
2026-03-09 04:16:31,0.143752,0.194456,0.193335
2026-03-09 04:17:01,0.143752,0.194456,0.193335
2026-03-09 04:17:31,0.143752,0.194456,0.193335
2026-03-09 04:18:01,0.02662,0.009174,0.009403
2026-03-09 04:18:31,0.082524,0.089593,0.10022
2026-03-09 04:19:01,0.082524,0.089593,0.10022
2026-03-09 04:19:31,0.055178,0.075438,0.064776
2026-03-09 04:20:01,0.075381,0.07644,0.076172
2026-03-09 04:20:31,0.14251,0.209215,0.189937
2026-03-09 04:21:01,0.113502,0.148126,0.126312
2026-03-09 04:21:31,0.219285,0.17654,0.193565
2026-03-09 04:22:01,0.053913,0.031452,0.039559
2026-03-09 04:22:31,0.136792,0.256792,0.189705
2026-03-09 04:23:01,0.136792,0.256792,0.189705
2026-03-09 04:23:31,0.19787,0.2065,0.184073
2026-03-09 04:24:01,0.147987,0.155645,0.178491
2026-03-09 04:24:31,0.043749,0.046018,0.052167
2026-03-09 04:25:01,0.043749,0.046018,0.052167
2026-03-09 04:25:31,0.044415,0.046535,0.046138
2026-03-09 04:26:01,0.108205,0.123655,0.188425
2026-03-09 04:26:31,0.071697,0.080657,0.087451
2026-03-09 04:27:01,0.165345,0.19145,0.207657
2026-03-09 04:27:31,0.159272,0.141231,0.160581
2026-03-09 04:28:01,0.159272,0.141231,0.160581
2026-03-09 04:28:31,0.159272,0.141231,0.160581
2026-03-09 04:29:01,0.159272,0.141231,0.160581
2026-03-09 04:29:31,0.382939,0.191943,0.22149
2026-03-09 04:30:01,0.173011,0.208797,0.26933
2026-03-09 04:30:31,0.191334,0.178501,0.17251
2026-03-09 04:31:01,0.15761,0.154388,0.157345
2026-03-09 04:31:31,0.203212,0.099067,0.099518
2026-03-09 04:32:01,0.203212,0.099067,0.099518
2026-03-09 04:32:31,0.203212,0.099067,0.099518
2026-03-09 04:33:01,0.203212,0.099067,0.099518
2026-03-09 04:33:31,0.200139,0.162451,0.213199
2026-03-09 04:34:01,0.200139,0.162451,0.213199
2026-03-09 04:34:31,0.200139,0.162451,0.213199
2026-03-09 04:35:01,0.211819,0.221539,0.224743
2026-03-09 04:35:31,0.20369,0.292326,0.300023
2026-03-09 04:36:01,0.085052,0.079886,0.091477
2026-03-09 04:36:31,0.155512,0.172641,0.193323
2026-03-09 04:37:01,0.02843,0.063976,0.029431
2026-03-09 04:37:31,0.02843,,0.029431
2026-03-09 04:38:01,0.246309,0.231684,0.211075
2026-03-09 04:38:31,0.246309,0.231684,0.211075
2026-03-09 04:39:01,0.17476,0.211511,0.210421
2026-03-09 04:39:31,0.17476,0.211511,0.210421
2026-03-09 04:40:01,0.042636,0.013026,0.015215
2026-03-09 04:40:31,0.041934,0.0153,0.008408
2026-03-09 04:41:01,0.151431,0.109783,0.108641
2026-03-09 04:41:31,0.090959,0.062149,0.058094
2026-03-09 04:42:01,0.089395,0.146681,0.13173
2026-03-09 04:42:31,0.089395,0.146681,0.13173
2026-03-09 04:43:01,0.089395,0.146681,0.13173
2026-03-09 04:43:31,0.263545,0.276358,0.284517
2026-03-09 04:44:01,0.135888,0.15055,0.138843
2026-03-09 04:44:31,0.135888,0.15055,0.138843
2026-03-09 04:45:01,0.135888,0.15055,0.138843
2026-03-09 04:45:31,0.188081,0.18408,0.168629
2026-03-09 04:46:01,0.188081,0.18408,0.168629
2026-03-09 04:46:31,0.188081,0.18408,0.168629
2026-03-09 04:47:01,0.228002,0.147546,0.151993
2026-03-09 04:47:31,0.101536,0.059179,0.094463
2026-03-09 04:48:01,0.14865,0.184233,0.171601
2026-03-09 04:48:31,0.145906,0.130133,0.159273
2026-03-09 04:49:01,0.145906,0.130133,0.159273
2026-03-09 04:49:31,0.187746,0.144861,0.187088
2026-03-09 04:50:01,0.187746,0.144861,0.187088
2026-03-09 04:50:31,0.204452,0.223558,0.169692
2026-03-09 04:51:01,0.241626,0.223501,0.313987
2026-03-09 04:51:31,0.023807,0.00683,0.010917
2026-03-09 04:52:01,0.023807,0.00683,0.010917
2026-03-09 04:52:31,0.174036,0.176036,0.19349
2026-03-09 04:53:01,0.045562,0.023919,0.027377
2026-03-09 04:53:31,0.045562,0.023919,0.027377
2026-03-09 04:54:01,0.057666,0.015117,0.017045
2026-03-09 04:54:31,0.123814,0.107876,0.142804
2026-03-09 04:55:01,0.043232,0.036753,0.044249
2026-03-09 04:55:31,0.132185,0.181961,0.194656
2026-03-09 04:56:01,0.132185,0.181961,0.194656
2026-03-09 04:56:31,0.083735,0.0494,0.048042
2026-03-09 04:57:01,0.083735,0.0494,0.048042
2026-03-09 04:57:31,0.164618,0.337711,0.377077
2026-03-09 04:58:01,0.062508,0.089167,0.088705
2026-03-09 04:58:31,0.023647,0.012653,0.011981
2026-03-09 04:59:01,0.023647,0.012653,0.011981
2026-03-09 04:59:31,0.070012,0.062497,0.203473
2026-03-09 05:00:01,0.083995,0.081046,0.097626
2026-03-09 05:00:31,0.355539,0.268618,0.261365
2026-03-09 05:01:01,0.139887,0.158521,0.150311
2026-03-09 05:01:31,0.139887,0.158521,0.150311
2026-03-09 05:02:01,0.101279,0.127868,0.135593
2026-03-09 05:02:31,0.148608,0.088169,0.179916
2026-03-09 05:03:01,0.122759,0.257186,0.101714
2026-03-09 05:03:31,0.122759,0.257186,0.101714
2026-03-09 05:04:01,0.122759,0.257186,0.101714
2026-03-09 05:04:31,0.204059,0.207711,0.215011
2026-03-09 05:05:01,0.03321,0.023686,0.019233
2026-03-09 05:05:31,0.03321,0.023686,0.019233
2026-03-09 05:06:01,0.187876,0.182258,0.203221
2026-03-09 05:06:31,0.182675,0.227749,0.2173
2026-03-09 05:07:01,0.08892,0.082101,0.086694
2026-03-09 05:07:31,0.095217,0.095672,0.096942
2026-03-09 05:08:01,0.176712,0.196251,0.213247
2026-03-09 05:08:31,0.081481,0.02844,0.019871
2026-03-09 05:09:01,0.063851,0.038022,0.037627
2026-03-09 05:09:31,0.089282,0.09055,0.095077
2026-03-09 05:10:01,0.089282,0.09055,0.095077
2026-03-09 05:10:31,0.029104,0.096322,0.165187
2026-03-09 05:11:01,0.029104,0.096322,0.165187
2026-03-09 05:11:31,0.191125,0.133216,0.155437
2026-03-09 05:12:01,0.277496,0.175741,0.173003
2026-03-09 05:12:31,0.12471,0.060532,0.062347
2026-03-09 05:13:01,0.046492,0.023083,0.01649
2026-03-09 05:13:31,0.168376,0.348466,0.180479
2026-03-09 05:14:01,0.166071,0.221872,0.188652
2026-03-09 05:14:31,0.142243,0.226715,0.158037
2026-03-09 05:15:01,0.142243,0.226715,0.158037
2026-03-09 05:15:31,0.175698,0.151638,0.160215
2026-03-09 05:16:01,0.129852,0.122105,0.132079
2026-03-09 05:16:31,0.129852,0.122105,0.132079
2026-03-09 05:17:01,0.068582,0.03205,0.045589
2026-03-09 05:17:31,0.035033,0.017655,0.018092
2026-03-09 05:18:01,0.035033,0.017655,0.018092
2026-03-09 05:18:31,0.035033,0.017655,0.018092
2026-03-09 05:19:01,0.149736,0.139968,0.123072
2026-03-09 05:19:31,0.149736,0.139968,0.123072
2026-03-09 05:20:01,0.099032,0.051556,0.059348
2026-03-09 05:20:31,0.094055,0.054583,0.066958
2026-03-09 05:21:01,0.177475,0.172695,0.184805
2026-03-09 05:21:31,0.112437,0.142807,0.152575
2026-03-09 05:22:01,0.108474,0.083735,0.075926
2026-03-09 05:22:31,0.056701,0.041723,0.041652
2026-03-09 05:23:01,0.184689,0.189234,0.19522
2026-03-09 05:23:31,0.186445,0.180728,0.382129
2026-03-09 05:24:01,0.120656,0.157537,0.175149
2026-03-09 05:24:31,0.071875,0.080214,0.10242
2026-03-09 05:25:01,0.122635,0.121353,0.148723
2026-03-09 05:25:31,0.159194,0.373667,0.265427
2026-03-09 05:26:01,0.08592,0.044754,0.048881
2026-03-09 05:26:31,0.08592,0.044754,0.048881
2026-03-09 05:27:01,0.08592,0.044754,0.048881
2026-03-09 05:27:31,0.127852,0.149752,0.170266
2026-03-09 05:28:01,0.029305,0.023724,0.022468
2026-03-09 05:28:31,0.029305,0.023724,0.022468
2026-03-09 05:29:01,0.029305,0.023724,0.022468
2026-03-09 05:29:31,0.129954,0.113271,0.118546
2026-03-09 05:30:01,0.085137,0.078468,0.069339
2026-03-09 05:30:31,0.065039,0.018695,0.020108
2026-03-09 05:31:01,0.116649,0.109517,0.123995
2026-03-09 05:31:31,0.095945,0.088472,0.08787
2026-03-09 05:32:01,0.095945,0.088472,0.08787
2026-03-09 05:32:31,0.095945,0.088472,0.08787
2026-03-09 05:33:01,0.185824,0.16064,0.174297
2026-03-09 05:33:31,0.185824,0.16064,0.174297
2026-03-09 05:34:01,0.185824,0.16064,0.174297
2026-03-09 05:34:31,0.052026,0.01212,0.014955
2026-03-09 05:35:01,0.138304,0.152396,0.132472
2026-03-09 05:35:31,0.020398,0.010601,0.020805
2026-03-09 05:36:01,0.020398,0.010601,0.020805
2026-03-09 05:36:31,0.020398,0.010601,0.020805
2026-03-09 05:37:01,0.020398,0.010601,0.020805
2026-03-09 05:37:31,0.055248,0.052992,0.056399
2026-03-09 05:38:01,0.104845,0.110228,0.245293
2026-03-09 05:38:31,0.034018,0.021737,0.054171
2026-03-09 05:39:01,0.128047,0.148435,0.154229
2026-03-09 05:39:31,0.042643,0.04293,0.053415
2026-03-09 05:40:01,0.042643,0.04293,0.053415
2026-03-09 05:40:31,0.042643,0.04293,0.053415
2026-03-09 05:41:01,0.107847,0.061089,0.122544
2026-03-09 05:41:31,0.098554,0.103258,0.096943
2026-03-09 05:42:01,0.140231,0.219573,0.165434
2026-03-09 05:42:31,0.054662,0.015989,0.017852
2026-03-09 05:43:01,0.109889,0.14006,0.123881
2026-03-09 05:43:31,0.109889,0.14006,0.123881
2026-03-09 05:44:01,0.208602,0.213136,0.218736
2026-03-09 05:44:31,0.060652,0.03909,0.046523
2026-03-09 05:45:01,0.054189,0.024069,0.030429
2026-03-09 05:45:31,0.243841,0.198371,0.186955
2026-03-09 05:46:01,0.243841,0.198371,0.186955
2026-03-09 05:46:31,0.18332,0.163139,0.174292
2026-03-09 05:47:01,0.138717,0.110055,0.119211
2026-03-09 05:47:31,0.138717,0.110055,0.119211
2026-03-09 05:48:01,0.177457,0.1282,0.147085
2026-03-09 05:48:31,0.170259,0.170187,0.178131
2026-03-09 05:49:01,0.149965,0.214331,0.219581
2026-03-09 05:49:31,0.059685,0.037404,0.04973
2026-03-09 05:50:01,0.152767,0.126455,0.147482
2026-03-09 05:50:31,0.152767,0.126455,0.147482
2026-03-09 05:51:01,0.152767,0.126455,0.147482
2026-03-09 05:51:31,0.270559,0.185338,0.175911
2026-03-09 05:52:01,0.270559,0.185338,0.175911
2026-03-09 05:52:31,0.060853,0.053319,0.059796
2026-03-09 05:53:01,0.086936,0.112048,0.124928
2026-03-09 05:53:31,0.093327,0.076227,0.090382
2026-03-09 05:54:01,0.067848,0.052426,0.055051
2026-03-09 05:54:31,0.060391,0.059541,0.079412
2026-03-09 05:55:01,0.045767,0.053517,0.056547
2026-03-09 05:55:31,0.173442,0.179574,0.181405
2026-03-09 05:56:01,0.043753,0.048228,0.062189
2026-03-09 05:56:31,0.043753,0.048228,0.062189
2026-03-09 05:57:01,0.071394,0.052736,0.19283
2026-03-09 05:57:31,0.039118,0.015352,0.017417
2026-03-09 05:58:01,0.125884,0.092518,0.100692
2026-03-09 05:58:31,0.03303,0.169695,0.038304
2026-03-09 05:59:01,0.03303,,0.038304
2026-03-09 05:59:31,0.03303,,0.038304
2026-03-09 06:00:01,0.03303,,0.038304
2026-03-09 06:00:31,0.228819,0.460028,0.443851
2026-03-09 06:01:01,0.228819,0.460028,0.443851
2026-03-09 06:01:31,0.228819,0.460028,0.443851
2026-03-09 06:02:01,0.237713,0.180023,0.251538
2026-03-09 06:02:31,0.237713,0.180023,0.251538
2026-03-09 06:03:01,0.173469,0.20644,0.278166
2026-03-09 06:03:31,0.077301,0.063559,0.072994
2026-03-09 06:04:01,0.193864,0.063559,0.072994
2026-03-09 06:04:31,0.085359,0.070484,0.092715
2026-03-09 06:05:01,0.055298,0.065778,0.049493
2026-03-09 06:05:31,0.055298,0.065778,0.049493
2026-03-09 06:06:01,0.167227,0.191242,0.273343
2026-03-09 06:06:31,0.01963,0.012817,0.000051
2026-03-09 06:07:01,0.127373,0.401566,0.30452
2026-03-09 06:07:31,0.095363,0.1073,0.16586
2026-03-09 06:08:01,0.030988,0.015409,0.01856
2026-03-09 06:08:31,0.030988,0.015409,0.01856
2026-03-09 06:09:01,0.172733,0.249606,0.317268
2026-03-09 06:09:31,0.037889,0.03005,0.056975
2026-03-09 06:10:01,0.037889,0.03005,0.056975
2026-03-09 06:10:31,0.037889,0.03005,0.056975
2026-03-09 06:11:01,0.281487,0.248874,0.345164
2026-03-09 06:11:31,0.03406,0.013398,0.012039
2026-03-09 06:12:01,0.067784,0.013589,0.017958
2026-03-09 06:12:31,0.067784,0.013589,0.017958
2026-03-09 06:13:01,0.216533,0.243104,0.155988
2026-03-09 06:13:31,0.108816,0.092644,0.106106
2026-03-09 06:14:01,0.241224,0.16814,0.151103
2026-03-09 06:14:31,0.241224,0.16814,0.151103
2026-03-09 06:15:01,0.217418,0.278043,0.300822
2026-03-09 06:15:31,0.182292,0.157922,0.158797
2026-03-09 06:16:01,0.183076,0.165244,0.175972
2026-03-09 06:16:31,0.136226,0.148134,0.176389
2026-03-09 06:17:01,0.079925,0.022394,0.021103
2026-03-09 06:17:31,0.060599,0.025502,0.025527
2026-03-09 06:18:01,0.216379,0.144985,0.163238
2026-03-09 06:18:31,0.167093,0.131332,0.154691
2026-03-09 06:19:01,0.167093,0.131332,0.154691
2026-03-09 06:19:31,0.167093,0.131332,0.154691
2026-03-09 06:20:01,0.167093,0.131332,0.154691
2026-03-09 06:20:31,0.167093,0.131332,0.154691
2026-03-09 06:21:01,0.208685,0.19435,0.28269
2026-03-09 06:21:31,0.15212,0.143974,0.156863
2026-03-09 06:22:01,0.118855,0.060428,0.154543
2026-03-09 06:22:31,0.118855,0.060428,0.154543
2026-03-09 06:23:01,0.121077,0.135781,0.118937
2026-03-09 06:23:31,0.0764,0.043981,0.084282
2026-03-09 06:24:01,0.029398,0.008831,0.010269
2026-03-09 06:24:31,0.084313,0.057866,0.07757
2026-03-09 06:25:01,0.084313,0.057866,0.07757
2026-03-09 06:25:31,0.257228,0.381365,0.370158
2026-03-09 06:26:01,0.123232,0.163263,0.244084
2026-03-09 06:26:31,0.081014,0.102675,0.139638
2026-03-09 06:27:01,0.124563,0.216075,0.207173
2026-03-09 06:27:31,0.026501,0.034706,0.027643
2026-03-09 06:28:01,0.026501,0.034706,0.027643
2026-03-09 06:28:31,0.205072,0.236032,0.223069
2026-03-09 06:29:01,0.173071,0.179336,0.199116
2026-03-09 06:29:31,0.173071,0.179336,0.199116
2026-03-09 06:30:01,0.158161,0.214081,0.201706
2026-03-09 06:30:31,0.158161,0.214081,0.201706
2026-03-09 06:31:01,0.247482,0.253166,0.255678
2026-03-09 06:31:31,0.016165,0.008313,0.008978
2026-03-09 06:32:01,0.016165,0.008313,0.008978
2026-03-09 06:32:31,0.238039,0.24088,0.228163
2026-03-09 06:33:01,0.148727,0.219327,0.228539
2026-03-09 06:33:31,0.146322,0.192858,0.190678
2026-03-09 06:34:01,0.146322,0.192858,0.190678
2026-03-09 06:34:31,0.135027,0.136429,0.142255
2026-03-09 06:35:01,0.064258,0.066907,0.058965
2026-03-09 06:35:31,0.064258,0.066907,0.058965
2026-03-09 06:36:01,0.064258,0.066907,0.058965
2026-03-09 06:36:31,0.060592,0.069931,0.075917
2026-03-09 06:37:01,0.097571,0.072094,0.087473
2026-03-09 06:37:31,0.198897,0.176089,0.140407
2026-03-09 06:38:01,0.123066,0.128766,0.155986
2026-03-09 06:38:31,0.123066,0.128766,0.155986
2026-03-09 06:39:01,0.092112,0.071662,0.07448
2026-03-09 06:39:31,0.114552,0.142825,0.165437
2026-03-09 06:40:01,0.04362,0.020777,0.019982
2026-03-09 06:40:31,0.273825,0.222484,0.215252
2026-03-09 06:41:01,0.262057,0.215104,0.188557
2026-03-09 06:41:31,0.221371,0.284707,0.204761
2026-03-09 06:42:01,0.030479,0.023866,0.028276
2026-03-09 06:42:31,0.054704,0.13483,0.146349
2026-03-09 06:43:01,0.054704,0.13483,0.146349
2026-03-09 06:43:31,0.043399,0.067678,0.079809
2026-03-09 06:44:01,0.045737,0.016731,0.016099
2026-03-09 06:44:31,0.142402,,0.200349
2026-03-09 06:45:01,0.198874,0.245197,0.256593
2026-03-09 06:45:31,0.030901,0.011121,0.00938
2026-03-09 06:46:01,0.030901,0.011121,0.00938
2026-03-09 06:46:31,0.099201,0.09384,0.116349
2026-03-09 06:47:01,0.056559,0.064471,0.052847
2026-03-09 06:47:31,0.056559,0.064471,0.052847
2026-03-09 06:48:01,0.056559,0.064471,0.052847
2026-03-09 06:48:31,0.237278,0.176026,0.174944
2026-03-09 06:49:01,0.212576,0.177142,0.175465
2026-03-09 06:49:31,0.123282,0.140537,0.14429
2026-03-09 06:50:01,,0.232812,
2026-03-09 06:50:31,0.078438,0.118995,0.085738
2026-03-09 06:51:01,0.131222,0.172288,0.162111
2026-03-09 06:51:31,0.064268,0.082205,0.072627
2026-03-09 06:52:01,0.064268,0.082205,0.072627
2026-03-09 06:52:31,0.193109,0.178975,0.150338
2026-03-09 06:53:01,0.07131,0.030066,0.023577
2026-03-09 06:53:31,0.180248,0.030066,0.023577
2026-03-09 06:54:01,0.114674,0.138185,0.106103
2026-03-09 06:54:31,0.122207,0.17591,0.164367
2026-03-09 06:55:01,0.132529,0.177814,0.117417
2026-03-09 06:55:31,0.071804,0.046931,0.047353
2026-03-09 06:56:01,0.057418,0.050872,0.046707
2026-03-09 06:56:31,0.158038,0.18695,0.27151
2026-03-09 06:57:01,0.174811,0.31914,0.211944
2026-03-09 06:57:31,0.174811,0.31914,0.211944
2026-03-09 06:58:01,0.212555,0.254354,0.250946
2026-03-09 06:58:31,0.212555,0.254354,0.250946
2026-03-09 06:59:01,0.231414,0.20629,0.204328
2026-03-09 06:59:31,0.049912,0.021908,0.023484
2026-03-09 07:00:01,0.022169,0.0188,0.022866
2026-03-09 07:00:31,0.055524,0.201579,0.060821
2026-03-09 07:01:01,0.037174,0.036294,0.043924
2026-03-09 07:01:31,0.211287,0.187983,0.27904
2026-03-09 07:02:01,0.211287,0.187983,0.27904
2026-03-09 07:02:31,0.211287,0.187983,0.27904
2026-03-09 07:03:01,0.211287,0.187983,0.27904
2026-03-09 07:03:31,0.073227,0.101386,0.095689
2026-03-09 07:04:01,0.125565,0.145454,0.129545
2026-03-09 07:04:31,0.323879,0.330177,0.262388
2026-03-09 07:05:01,0.171359,0.186585,0.151159
2026-03-09 07:05:31,0.175407,0.154972,0.119138
2026-03-09 07:06:01,0.148841,0.157922,0.136926
2026-03-09 07:06:31,0.064163,0.0356,0.032472
2026-03-09 07:07:01,0.12196,0.10804,0.099738
2026-03-09 07:07:31,0.13228,0.167264,0.123017
2026-03-09 07:08:01,0.13228,0.167264,0.123017
2026-03-09 07:08:31,0.08597,0.114689,0.110819
2026-03-09 07:09:01,0.08597,0.114689,0.110819
2026-03-09 07:09:31,0.08597,0.114689,0.110819
2026-03-09 07:10:01,0.08597,0.114689,0.110819
2026-03-09 07:10:31,0.155144,0.172292,0.157232
2026-03-09 07:11:01,0.12395,0.203916,0.143212
2026-03-09 07:11:31,0.086094,0.080604,0.074245
2026-03-09 07:12:01,0.110908,0.139676,0.127635
2026-03-09 07:12:31,0.117525,0.076573,0.07658
2026-03-09 07:13:01,0.117525,0.076573,0.07658
2026-03-09 07:13:31,0.189991,0.209947,0.159857
2026-03-09 07:14:01,0.147127,0.268189,0.283042
2026-03-09 07:14:31,0.147127,0.268189,0.283042
2026-03-09 07:15:01,0.106184,0.137856,
2026-03-09 07:15:31,0.136609,0.149425,0.129379
2026-03-09 07:16:01,0.112591,0.165493,0.14204
2026-03-09 07:16:31,0.036372,0.052513,0.044178
2026-03-09 07:17:01,0.045554,0.01147,0.008285
2026-03-09 07:17:31,0.084208,0.099006,0.084373
2026-03-09 07:18:01,0.110592,0.171306,0.113002
2026-03-09 07:18:31,0.04314,0.023274,0.019332
2026-03-09 07:19:01,0.17658,0.210303,0.161185
2026-03-09 07:19:31,0.235779,0.228814,0.217749
2026-03-09 07:20:01,0.133142,0.1835,0.171988
2026-03-09 07:20:31,0.110743,0.202826,0.178485
2026-03-09 07:21:01,0.185271,0.185661,0.219102
2026-03-09 07:21:31,0.185271,0.185661,0.219102
2026-03-09 07:22:01,0.186963,0.259379,0.221698
2026-03-09 07:22:31,0.049835,0.028853,0.02702
2026-03-09 07:23:01,0.148401,0.153524,0.176749
2026-03-09 07:23:31,0.142958,0.174368,0.141618
2026-03-09 07:24:01,0.262946,0.252251,0.183638
2026-03-09 07:24:31,0.262946,0.252251,0.183638
2026-03-09 07:25:01,0.205648,0.223811,0.175855
2026-03-09 07:25:31,0.205648,0.223811,0.175855
2026-03-09 07:26:01,0.225987,0.193448,0.367862
2026-03-09 07:26:31,0.225987,0.193448,0.367862
2026-03-09 07:27:01,0.176925,0.148254,0.162256
2026-03-09 07:27:31,0.200663,0.210849,0.189228
2026-03-09 07:28:01,0.044788,0.041886,0.021542
2026-03-09 07:28:31,0.057349,0.023372,0.02412
2026-03-09 07:29:01,0.057349,0.023372,0.02412
2026-03-09 07:29:31,0.136009,0.201431,0.156179
2026-03-09 07:30:01,0.207402,0.233577,0.256467
2026-03-09 07:30:31,0.312875,0.20086,0.226957
2026-03-09 07:31:01,0.060028,0.037871,0.070947
2026-03-09 07:31:31,0.186898,0.374265,0.347901
2026-03-09 07:32:01,0.186898,0.374265,0.347901
2026-03-09 07:32:31,0.186898,0.374265,0.347901
2026-03-09 07:33:01,0.293167,0.298774,0.406255
2026-03-09 07:33:31,0.163055,0.164998,0.253451
2026-03-09 07:34:01,0.071998,0.053818,0.046245
2026-03-09 07:34:31,0.071998,0.053818,0.046245
2026-03-09 07:35:01,0.252735,0.255305,0.229462
2026-03-09 07:35:31,0.065123,0.118269,0.111237
2026-03-09 07:36:01,0.045757,0.050596,0.038529
2026-03-09 07:36:31,0.024543,0.014023,0.010685
2026-03-09 07:37:01,0.105762,0.153424,0.150148
2026-03-09 07:37:31,0.112429,0.113245,0.109221
2026-03-09 07:38:01,0.321877,0.353749,0.292646
2026-03-09 07:38:31,0.143872,0.141194,0.118113
2026-03-09 07:39:01,0.086149,0.080892,0.079244
2026-03-09 07:39:31,0.086149,0.080892,0.079244
2026-03-09 07:40:01,0.086149,0.080892,0.079244
2026-03-09 07:40:31,0.488397,0.263934,0.201258
2026-03-09 07:41:01,0.054756,0.040378,0.032782
2026-03-09 07:41:31,0.077527,0.0784,0.079828
2026-03-09 07:42:01,0.077527,0.0784,0.079828
2026-03-09 07:42:31,0.077527,0.0784,0.079828
2026-03-09 07:43:01,0.077527,0.0784,0.079828
2026-03-09 07:43:31,0.157672,0.126822,0.12753
2026-03-09 07:44:01,0.122466,0.168074,0.142099
2026-03-09 07:44:31,0.122466,0.168074,0.142099
2026-03-09 07:45:01,0.055564,0.035411,0.033881
2026-03-09 07:45:31,0.055564,0.035411,0.033881
2026-03-09 07:46:01,0.055367,0.087623,0.155457
2026-03-09 07:46:31,0.052947,0.007822,0.006512
2026-03-09 07:47:01,0.108197,0.109736,0.122609
2026-03-09 07:47:31,0.108197,0.109736,0.122609
2026-03-09 07:48:01,0.170967,0.191605,0.201482
2026-03-09 07:48:31,0.170967,0.191605,0.201482
2026-03-09 07:49:01,0.170967,0.191605,0.201482
2026-03-09 07:49:31,0.188342,0.191007,0.169089
2026-03-09 07:50:01,0.165204,0.184185,0.192522
2026-03-09 07:50:31,0.151908,0.211859,0.243581
2026-03-09 07:51:01,0.122143,0.20406,0.140922
2026-03-09 07:51:31,0.084283,0.060461,0.065124
2026-03-09 07:52:01,0.148663,0.153629,0.140302
2026-03-09 07:52:31,0.148663,0.153629,0.140302
2026-03-09 07:53:01,0.148663,0.153629,0.140302
2026-03-09 07:53:31,0.097688,0.17113,0.143275
2026-03-09 07:54:01,0.097688,0.17113,0.143275
2026-03-09 07:54:31,0.191941,0.252985,0.28712
2026-03-09 07:55:01,0.036205,0.041892,0.013618
2026-03-09 07:55:31,0.034151,0.017678,0.018375
2026-03-09 07:56:01,0.034151,0.017678,0.018375
2026-03-09 07:56:31,0.105509,0.121482,0.135746
2026-03-09 07:57:01,0.056667,0.041973,0.039796
2026-03-09 07:57:31,0.060059,0.024967,0.025654
2026-03-09 07:58:01,0.093625,0.100553,0.092345
2026-03-09 07:58:31,0.209105,0.225577,0.259408
2026-03-09 07:59:01,0.133795,0.231108,0.206752
2026-03-09 07:59:31,0.09292,0.145152,0.128504
2026-03-09 08:00:01,0.121127,0.224764,0.237406
2026-03-09 08:00:31,0.042259,0.224764,0.020977
2026-03-09 08:01:01,0.042259,0.000335,0.020977
2026-03-09 08:01:31,0.200544,0.316576,0.310038
2026-03-09 08:02:01,0.200544,0.316576,0.310038
2026-03-09 08:02:31,0.170556,0.203923,0.209821
2026-03-09 08:03:01,0.079321,,
2026-03-09 08:03:31,0.089445,0.093136,0.097626
2026-03-09 08:04:01,0.089445,0.093136,0.097626
2026-03-09 08:04:31,0.254525,0.322686,0.328202
2026-03-09 08:05:01,0.254525,0.322686,0.328202
2026-03-09 08:05:31,0.254525,0.322686,0.328202
2026-03-09 08:06:01,0.240562,0.606961,0.327918
2026-03-09 08:06:31,0.243368,0.26834,0.405727
2026-03-09 08:07:01,0.132554,0.195192,0.2671
2026-03-09 08:07:31,0.132554,0.195192,0.2671
2026-03-09 08:08:01,0.019407,0.016722,0.067372
2026-03-09 08:08:31,0.019808,0.0106,0.010152
2026-03-09 08:09:01,0.019808,0.0106,0.010152
2026-03-09 08:09:31,0.019808,0.0106,0.010152
2026-03-09 08:10:01,0.040941,0.022484,0.022642
2026-03-09 08:10:31,0.097084,0.152123,0.154354
2026-03-09 08:11:01,0.030061,0.016117,0.012503
2026-03-09 08:11:31,0.100349,0.104607,0.100608
2026-03-09 08:12:01,0.151634,0.204401,0.164268
2026-03-09 08:12:31,0.034155,0.030469,0.029611
2026-03-09 08:13:01,0.034155,0.030469,0.029611
2026-03-09 08:13:31,0.225989,0.245506,0.266066
2026-03-09 08:14:01,0.225989,0.245506,0.266066
2026-03-09 08:14:31,0.22578,0.481446,0.413126
2026-03-09 08:15:01,0.22578,0.481446,0.413126
2026-03-09 08:15:31,0.039974,0.041023,0.042156
2026-03-09 08:16:01,0.014505,0.05059,0.05236
2026-03-09 08:16:31,0.014505,0.05059,0.05236
2026-03-09 08:17:01,0.115778,0.140901,0.141767
2026-03-09 08:17:31,0.141306,0.170374,0.164252
2026-03-09 08:18:01,0.141306,0.170374,0.164252
2026-03-09 08:18:31,0.137513,0.235643,0.194223
2026-03-09 08:19:01,0.170709,0.172711,0.186869
2026-03-09 08:19:31,0.022259,0.009574,0.008274
2026-03-09 08:20:01,0.110374,0.127013,0.149425
2026-03-09 08:20:31,0.110374,0.127013,0.149425
2026-03-09 08:21:01,0.066027,0.047684,0.050127
2026-03-09 08:21:31,0.066027,0.047684,0.050127
2026-03-09 08:22:01,0.197738,0.15643,0.182306
2026-03-09 08:22:31,0.153865,0.166189,0.198704
2026-03-09 08:23:01,0.074392,0.053169,0.096611
2026-03-09 08:23:31,0.074392,0.053169,0.096611
2026-03-09 08:24:01,0.219973,0.185811,0.204411
2026-03-09 08:24:31,0.098818,0.078169,0.107275
2026-03-09 08:25:01,0.098818,0.078169,0.107275
2026-03-09 08:25:31,0.098818,0.078169,0.107275
2026-03-09 08:26:01,0.098818,0.078169,0.107275
2026-03-09 08:26:31,0.084165,0.112635,0.109934
2026-03-09 08:27:01,0.140889,0.163339,0.173145
2026-03-09 08:27:31,0.192845,0.161665,0.197966
2026-03-09 08:28:01,0.166533,0.169777,0.166439
2026-03-09 08:28:31,0.162454,0.142407,0.159215
2026-03-09 08:29:01,0.144917,0.143893,0.145459
2026-03-09 08:29:31,0.144917,0.143893,0.145459
2026-03-09 08:30:01,0.062232,0.064308,0.08052
2026-03-09 08:30:31,0.053428,0.054262,0.06009
2026-03-09 08:31:01,0.053428,0.054262,0.06009
2026-03-09 08:31:31,0.117263,0.09898,0.127957
2026-03-09 08:32:01,0.052642,0.020382,0.022002
2026-03-09 08:32:31,0.112768,0.101832,0.130782
2026-03-09 08:33:01,0.112768,0.101832,0.130782
2026-03-09 08:33:31,0.149715,0.185041,0.263389
2026-03-09 08:34:01,0.149715,0.185041,0.263389
2026-03-09 08:34:31,0.031468,0.01844,0.011
2026-03-09 08:35:01,0.132212,0.208424,0.328502
2026-03-09 08:35:31,0.132212,0.208424,0.328502
2026-03-09 08:36:01,0.100083,0.174645,0.393859
2026-03-09 08:36:31,0.100083,0.174645,0.393859
2026-03-09 08:37:01,0.132339,0.122369,0.115238
2026-03-09 08:37:31,0.073337,0.05629,0.059173
2026-03-09 08:38:01,0.149235,0.147458,0.148127
2026-03-09 08:38:31,0.099863,0.088456,0.091524
2026-03-09 08:39:01,0.263247,0.383011,0.310357
2026-03-09 08:39:31,0.031114,0.100607,0.039074
2026-03-09 08:40:01,0.271781,0.281306,0.219768
2026-03-09 08:40:31,0.029182,0.0251,0.026198
2026-03-09 08:41:01,0.088381,0.108703,0.105077
2026-03-09 08:41:31,0.135472,0.206898,0.161084
2026-03-09 08:42:01,0.109115,0.18496,0.163674
2026-03-09 08:42:31,0.18357,0.241499,0.205861
2026-03-09 08:43:01,0.184461,0.053333,0.06605
2026-03-09 08:43:31,0.158857,0.097362,0.232537
2026-03-09 08:44:01,0.196692,0.505734,0.197235
2026-03-09 08:44:31,0.056216,0.039797,0.063677
2026-03-09 08:45:01,0.056216,0.039797,0.063677
2026-03-09 08:45:31,0.170169,0.104398,0.17474
2026-03-09 08:46:01,0.154703,0.172497,
2026-03-09 08:46:31,0.023327,0.018699,0.011512
2026-03-09 08:47:01,0.137225,0.085131,0.096547
2026-03-09 08:47:31,0.103792,0.064109,0.108906
2026-03-09 08:48:01,0.228349,0.111821,0.157182
2026-03-09 08:48:31,0.228349,0.111821,0.157182
2026-03-09 08:49:01,0.228349,0.111821,0.157182
2026-03-09 08:49:31,0.146995,0.095692,0.133497
2026-03-09 08:50:01,0.111062,0.082166,0.086704
2026-03-09 08:50:31,0.111062,0.082166,0.086704
2026-03-09 08:51:01,0.111062,0.082166,0.086704
2026-03-09 08:51:31,0.1895,0.119821,0.123578
2026-03-09 08:52:01,0.14456,0.05836,0.103613
2026-03-09 08:52:31,0.077871,0.052953,0.090666
2026-03-09 08:53:01,0.077871,0.052953,0.090666
2026-03-09 08:53:31,0.077871,0.052953,0.090666
2026-03-09 08:54:01,0.221166,0.088958,0.153928
2026-03-09 08:54:31,0.221166,0.088958,0.153928
2026-03-09 08:55:01,0.221166,0.088958,0.153928
2026-03-09 08:55:31,0.178761,0.1073,0.142067
2026-03-09 08:56:01,0.178761,0.1073,0.142067
2026-03-09 08:56:31,0.178325,0.132713,0.331025
2026-03-09 08:57:01,0.178325,0.132713,0.331025
2026-03-09 08:57:31,0.178325,0.132713,0.331025
2026-03-09 08:58:01,0.166859,0.127188,0.15992
2026-03-09 08:58:31,0.029722,0.015025,0.025418
2026-03-09 08:59:01,0.047861,0.033333,0.038193
2026-03-09 08:59:31,0.137076,0.1399,0.181979
2026-03-09 09:00:01,0.049467,0.047257,0.026897
2026-03-09 09:00:31,0.139506,0.197758,0.219163
2026-03-09 09:01:01,0.127067,0.188337,0.165958
2026-03-09 09:01:31,0.127067,0.188337,0.165958
2026-03-09 09:02:01,0.127067,0.188337,0.165958
2026-03-09 09:02:31,0.242968,0.125278,0.174491
2026-03-09 09:03:01,0.289921,0.11039,0.137059
2026-03-09 09:03:31,0.18707,0.143021,0.181967
2026-03-09 09:04:01,0.045907,0.032424,0.045543
2026-03-09 09:04:31,0.131724,0.173451,0.339168
2026-03-09 09:05:01,0.131724,0.173451,0.339168
2026-03-09 09:05:31,0.131724,0.173451,0.339168
2026-03-09 09:06:01,0.197986,0.199878,0.233534
2026-03-09 09:06:31,0.088076,0.07342,0.098633
2026-03-09 09:07:01,0.088076,0.07342,0.098633
2026-03-09 09:07:31,0.088076,0.07342,0.098633
2026-03-09 09:08:01,0.088076,0.07342,0.098633
2026-03-09 09:08:31,0.207249,0.148694,0.218705
2026-03-09 09:09:01,0.123829,0.083559,0.12553
2026-03-09 09:09:31,0.169158,0.183795,0.206211
2026-03-09 09:10:01,0.169158,0.183795,0.206211
2026-03-09 09:10:31,0.194291,0.135205,0.176787
2026-03-09 09:11:01,0.184302,0.180707,0.212487
2026-03-09 09:11:31,0.047092,0.029299,0.039003
2026-03-09 09:12:01,0.047473,0.028887,0.036276
2026-03-09 09:12:31,0.054542,0.019863,0.025907
2026-03-09 09:13:01,0.169629,0.14356,0.209684
2026-03-09 09:13:31,0.054887,0.047289,0.058455
2026-03-09 09:14:01,0.166422,0.192819,0.197266
2026-03-09 09:14:31,0.131799,0.138053,0.228132
2026-03-09 09:15:01,0.131799,0.138053,0.228132
2026-03-09 09:15:31,0.190431,0.26156,0.254937
2026-03-09 09:16:01,0.032436,0.023906,0.032024
2026-03-09 09:16:31,0.077176,0.059713,0.069796
2026-03-09 09:17:01,0.04433,0.148324,0.12782
2026-03-09 09:17:31,0.151518,0.194621,0.151042
2026-03-09 09:18:01,0.188881,0.123021,0.138268
2026-03-09 09:18:31,0.140346,0.121011,0.158409
2026-03-09 09:19:01,0.095466,0.07041,0.10213
2026-03-09 09:19:31,0.062957,0.068561,0.090196
2026-03-09 09:20:01,0.062957,0.068561,0.090196
2026-03-09 09:20:31,0.17773,0.13807,0.587346
2026-03-09 09:21:01,0.170565,0.13456,0.196731
2026-03-09 09:21:31,0.130826,0.124333,0.132295
2026-03-09 09:22:01,0.130826,0.124333,0.132295
2026-03-09 09:22:31,0.167992,0.140069,0.207022
2026-03-09 09:23:01,0.167992,0.140069,0.207022
2026-03-09 09:23:31,0.167992,0.140069,0.207022
2026-03-09 09:24:01,0.200369,0.144637,0.173371
2026-03-09 09:24:31,0.181937,0.129513,0.176865
2026-03-09 09:25:01,0.181937,0.129513,0.176865
2026-03-09 09:25:31,0.15537,0.135925,0.158355
2026-03-09 09:26:01,0.106718,0.076653,0.099816
2026-03-09 09:26:31,0.147069,0.125694,0.153571
2026-03-09 09:27:01,0.134491,0.127716,0.133596
2026-03-09 09:27:31,0.134491,0.127716,0.133596
2026-03-09 09:28:01,0.102955,0.045036,0.052543
2026-03-09 09:28:31,0.102955,0.045036,0.052543
2026-03-09 09:29:01,0.01865,0.000026,0.00859
2026-03-09 09:29:31,0.102016,0.09231,0.105492
2026-03-09 09:30:01,0.149277,0.136701,0.160165
2026-03-09 09:30:31,0.162685,0.157873,0.182145
2026-03-09 09:31:01,0.162685,0.157873,0.182145
2026-03-09 09:31:31,0.162685,0.157873,0.182145
2026-03-09 09:32:01,0.216512,0.187016,0.26247
2026-03-09 09:32:31,0.163138,0.14625,0.187813
2026-03-09 09:33:01,0.171299,0.137625,0.253367
2026-03-09 09:33:31,0.075505,0.082965,0.101708
2026-03-09 09:34:01,0.153091,0.141355,0.188859
2026-03-09 09:34:31,0.153091,0.141355,0.188859
2026-03-09 09:35:01,0.175974,0.160224,0.222609
2026-03-09 09:35:31,0.175974,0.160224,0.222609
2026-03-09 09:36:01,0.165179,0.130087,0.202928
2026-03-09 09:36:31,0.11038,0.10159,0.12939
2026-03-09 09:37:01,0.048737,0.034315,0.068403
2026-03-09 09:37:31,0.048737,0.034315,0.068403
2026-03-09 09:38:01,0.121809,0.175242,0.199275
2026-03-09 09:38:31,0.121809,0.175242,0.199275
2026-03-09 09:39:01,0.150061,0.13855,0.350475
2026-03-09 09:39:31,0.041046,0.016236,0.024125
2026-03-09 09:40:01,0.041046,0.016236,0.024125
2026-03-09 09:40:31,0.166849,0.182754,0.310322
2026-03-09 09:41:01,0.045939,0.031863,0.041448
2026-03-09 09:41:31,0.058888,0.036854,0.048162
2026-03-09 09:42:01,0.107066,0.124015,0.142914
2026-03-09 09:42:31,0.049182,0.017405,0.025929
2026-03-09 09:43:01,0.172189,0.155005,0.176804
2026-03-09 09:43:31,0.172189,0.155005,0.176804
2026-03-09 09:44:01,0.095958,0.057386,0.107421
2026-03-09 09:44:31,0.104126,0.087913,0.106472
2026-03-09 09:45:01,0.104126,0.087913,0.106472
2026-03-09 09:45:31,0.182107,0.179462,0.241169
2026-03-09 09:46:01,0.149885,0.101222,0.130331
2026-03-09 09:46:31,0.062474,0.031501,0.037027
2026-03-09 09:47:01,0.091323,0.048802,0.058916
2026-03-09 09:47:31,0.091323,0.048802,0.058916
2026-03-09 09:48:01,0.049501,0.033474,0.059259
2026-03-09 09:48:31,0.367829,0.420748,0.600028
2026-03-09 09:49:01,0.273173,0.217346,0.600028
2026-03-09 09:49:31,0.110889,0.128731,0.122208
2026-03-09 09:50:01,0.110889,0.128731,0.122208
2026-03-09 09:50:31,0.225309,0.195135,0.228413
2026-03-09 09:51:01,0.125252,0.13666,0.173906
2026-03-09 09:51:31,0.087732,0.095613,0.100314
2026-03-09 09:52:01,0.124178,0.15305,0.206926
2026-03-09 09:52:31,0.186992,0.207189,0.240109
2026-03-09 09:53:01,0.153673,0.215809,0.261771
2026-03-09 09:53:31,0.145846,0.157624,0.198631
2026-03-09 09:54:01,0.145846,0.157624,0.198631
2026-03-09 09:54:31,0.148784,0.150472,0.296324
2026-03-09 09:55:01,0.206916,0.150267,
2026-03-09 09:55:31,0.334025,0.262647,0.257998
2026-03-09 09:56:01,0.334025,0.262647,0.257998
2026-03-09 09:56:31,0.204138,0.33985,0.213318
2026-03-09 09:57:01,0.204138,0.33985,0.213318
2026-03-09 09:57:31,0.204138,0.33985,0.213318
2026-03-09 09:58:01,0.241315,0.245547,0.220545
2026-03-09 09:58:31,0.080128,0.068466,0.089278
2026-03-09 09:59:01,0.06069,0.039741,0.052694
2026-03-09 09:59:31,0.06069,0.039741,0.052694
2026-03-09 10:00:01,0.026298,0.015357,0.016034
2026-03-09 10:00:31,0.107202,0.133181,0.13276
2026-03-09 10:01:01,0.090192,0.060851,0.080046
2026-03-09 10:01:31,0.235691,0.194545,0.255333
2026-03-09 10:02:01,0.102883,0.101026,0.10757
2026-03-09 10:02:31,0.079871,0.088747,0.099051
2026-03-09 10:03:01,0.021097,0.017905,0.014503
2026-03-09 10:03:31,0.147461,0.124563,0.135464
2026-03-09 10:04:01,0.097469,0.105657,0.124052
2026-03-09 10:04:31,0.097469,0.105657,0.124052
2026-03-09 10:05:01,0.206093,0.203643,0.212969
2026-03-09 10:05:31,0.090399,0.091789,0.103531
2026-03-09 10:06:01,0.091945,0.091644,0.090622
2026-03-09 10:06:31,0.138113,0.128783,0.157552
2026-03-09 10:07:01,0.184917,0.175641,0.201319
2026-03-09 10:07:31,0.106362,0.060642,0.147796
2026-03-09 10:08:01,0.084703,0.081312,0.11284
2026-03-09 10:08:31,0.084703,0.081312,0.11284
2026-03-09 10:09:01,0.2493,0.208948,0.243346
2026-03-09 10:09:31,0.038269,0.015858,0.017557
2026-03-09 10:10:01,0.10207,0.107196,0.165805
2026-03-09 10:10:31,0.041876,0.016119,0.019668
2026-03-09 10:11:01,0.233881,0.181868,0.194386
2026-03-09 10:11:31,0.156687,0.145578,0.160094
2026-03-09 10:12:01,0.156687,0.145578,0.160094
2026-03-09 10:12:31,0.459529,0.185678,0.175165
2026-03-09 10:13:01,0.19215,0.15479,0.192935
2026-03-09 10:13:31,0.047856,0.032098,0.040498
2026-03-09 10:14:01,0.047856,0.032098,0.040498
2026-03-09 10:14:31,0.052313,0.015644,0.020449
2026-03-09 10:15:01,0.054539,0.019906,0.020311
2026-03-09 10:15:31,0.147687,0.197584,0.319135
2026-03-09 10:16:01,0.038093,0.02059,0.026602
2026-03-09 10:16:31,0.206563,0.1537,0.166792
2026-03-09 10:17:01,0.206563,0.1537,0.166792
2026-03-09 10:17:31,0.206563,0.1537,0.166792
2026-03-09 10:18:01,0.15946,0.124357,0.129817
2026-03-09 10:18:31,0.15946,0.124357,0.129817
2026-03-09 10:19:01,0.158049,0.132791,0.143934
2026-03-09 10:19:31,0.158049,0.132791,0.143934
2026-03-09 10:20:01,0.158049,0.132791,0.143934
2026-03-09 10:20:31,0.194421,0.116792,0.146638
2026-03-09 10:21:01,0.12451,0.112519,0.105735
2026-03-09 10:21:31,0.12451,0.112519,0.105735
2026-03-09 10:22:01,0.147793,0.150631,0.156996
2026-03-09 10:22:31,0.110583,0.09662,0.1159
2026-03-09 10:23:01,0.110583,0.09662,0.1159
2026-03-09 10:23:31,0.209073,0.137858,0.144952
2026-03-09 10:24:01,0.083027,0.106512,0.138519
2026-03-09 10:24:31,0.066186,0.06548,0.070361
2026-03-09 10:25:01,0.222458,0.168633,0.195023
2026-03-09 10:25:31,0.137808,0.149062,0.129584
2026-03-09 10:26:01,0.109505,0.19564,0.164182
2026-03-09 10:26:31,0.033117,0.028774,0.033643
2026-03-09 10:27:01,0.033117,0.028774,0.033643
2026-03-09 10:27:31,0.137897,0.119664,0.11014
2026-03-09 10:28:01,0.115098,0.093252,0.097693
2026-03-09 10:28:31,0.14642,0.159967,0.140532
2026-03-09 10:29:01,0.14642,0.159967,0.140532
2026-03-09 10:29:31,0.14642,0.159967,0.140532
2026-03-09 10:30:01,0.137608,0.111631,0.12601
2026-03-09 10:30:31,0.045161,0.02925,0.025688
2026-03-09 10:31:01,0.112507,0.10614,0.148168
2026-03-09 10:31:31,0.124706,0.684966,0.271245
2026-03-09 10:32:01,0.124706,0.684966,0.271245
2026-03-09 10:32:31,0.124706,0.684966,0.271245
2026-03-09 10:33:01,0.330576,0.246259,0.380639
2026-03-09 10:33:31,0.330576,0.246259,0.380639
2026-03-09 10:34:01,0.330576,0.246259,0.380639
2026-03-09 10:34:31,0.13695,0.111359,0.121749
2026-03-09 10:35:01,0.127398,0.104157,0.116108
2026-03-09 10:35:31,0.066866,0.037043,0.052968
2026-03-09 10:36:01,0.204644,0.301595,0.338778
2026-03-09 10:36:31,0.204644,0.301595,0.338778
2026-03-09 10:37:01,0.264307,0.217519,0.193489
2026-03-09 10:37:31,0.139082,0.124851,0.124314
2026-03-09 10:38:01,0.139082,0.124851,0.124314
2026-03-09 10:38:31,0.197626,0.165464,0.15606
2026-03-09 10:39:01,0.129725,0.150173,0.16113
2026-03-09 10:39:31,0.098391,0.105262,0.120265
2026-03-09 10:40:01,0.098391,0.105262,0.120265
2026-03-09 10:40:31,0.237871,0.402469,0.185955
2026-03-09 10:41:01,0.151495,0.170522,0.193287
2026-03-09 10:41:31,0.188933,0.170553,0.167936
2026-03-09 10:42:01,0.076657,0.067137,0.076429
2026-03-09 10:42:31,0.076657,0.067137,0.076429
2026-03-09 10:43:01,0.076657,0.067137,0.076429
2026-03-09 10:43:31,0.226022,0.253189,0.219764
2026-03-09 10:44:01,0.233317,0.212346,0.212024
2026-03-09 10:44:31,0.023236,0.010158,0.011943
2026-03-09 10:45:01,0.086456,0.058186,0.068087
2026-03-09 10:45:31,0.136876,0.171693,0.157275
2026-03-09 10:46:01,0.136876,0.171693,0.157275
2026-03-09 10:46:31,0.136876,0.171693,0.157275
2026-03-09 10:47:01,0.176302,0.156323,0.156999
2026-03-09 10:47:31,0.142533,0.14104,0.196955
2026-03-09 10:48:01,0.085842,0.054227,0.052998
2026-03-09 10:48:31,0.136145,0.135883,0.146086
2026-03-09 10:49:01,0.030455,0.027092,0.0263
2026-03-09 10:49:31,0.060012,0.077013,0.064478
2026-03-09 10:50:01,0.060012,0.077013,0.064478
2026-03-09 10:50:31,0.060012,0.077013,0.064478
2026-03-09 10:51:01,0.155846,0.083052,0.138159
2026-03-09 10:51:31,0.155846,0.083052,0.138159
2026-03-09 10:52:01,0.156544,0.272077,0.135384
2026-03-09 10:52:31,0.066217,,0.048605
2026-03-09 10:53:01,0.162523,0.130481,0.149355
2026-03-09 10:53:31,0.190535,0.11622,0.127846
2026-03-09 10:54:01,0.247971,0.209002,0.162074
2026-03-09 10:54:31,0.178402,0.130581,0.154912
2026-03-09 10:55:01,0.172719,0.109573,0.151064
2026-03-09 10:55:31,0.083059,0.057586,0.048708
2026-03-09 10:56:01,0.11443,0.152228,0.169068
2026-03-09 10:56:31,0.11443,0.152228,0.169068
2026-03-09 10:57:01,0.11443,0.152228,0.169068
2026-03-09 10:57:31,0.124393,0.093958,0.102202
2026-03-09 10:58:01,0.124393,0.093958,0.102202
2026-03-09 10:58:31,0.159906,0.165715,0.244165
2026-03-09 10:59:01,0.159906,0.165715,0.244165
2026-03-09 10:59:31,0.192518,0.11466,0.16761
2026-03-09 11:00:01,0.109281,0.159875,0.444623
2026-03-09 11:00:31,0.109281,0.159875,0.444623
2026-03-09 11:01:01,0.336499,0.49756,0.683374
2026-03-09 11:01:31,0.212934,0.189085,0.247986
2026-03-09 11:02:01,0.099608,0.091218,0.226001
2026-03-09 11:02:31,0.06686,0.084553,0.115878
2026-03-09 11:03:01,0.06686,0.084553,0.115878
2026-03-09 11:03:31,0.06686,0.084553,0.115878
2026-03-09 11:04:01,0.31687,0.243365,0.270944
2026-03-09 11:04:31,0.071371,0.061831,0.076479
2026-03-09 11:05:01,0.114274,0.140552,0.154913
2026-03-09 11:05:31,0.114274,0.140552,0.154913
2026-03-09 11:06:01,0.277453,0.332924,0.310703
2026-03-09 11:06:31,0.251491,0.18992,0.195997
2026-03-09 11:07:01,0.191265,0.245561,0.219729
2026-03-09 11:07:31,0.064888,0.040851,0.054864
2026-03-09 11:08:01,0.257462,0.249036,0.269629
2026-03-09 11:08:31,0.138047,0.400033,0.238825
2026-03-09 11:09:01,0.14385,0.131879,0.174799
2026-03-09 11:09:31,0.201388,0.154157,0.214337
2026-03-09 11:10:01,0.109136,0.11118,0.111995
2026-03-09 11:10:31,0.199125,0.171618,0.147689
2026-03-09 11:11:01,0.126795,0.116729,0.134149
2026-03-09 11:11:31,0.126795,0.116729,0.134149
2026-03-09 11:12:01,0.236325,0.214402,0.363237
2026-03-09 11:12:31,0.236325,0.214402,0.363237
2026-03-09 11:13:01,0.25091,0.206583,0.279637
2026-03-09 11:13:31,0.25091,0.206583,0.279637
2026-03-09 11:14:01,0.187666,0.189964,0.201169
2026-03-09 11:14:31,0.222946,0.111724,0.116912
2026-03-09 11:15:01,0.068401,0.038219,0.051329
2026-03-09 11:15:31,0.068401,0.038219,0.051329
2026-03-09 11:16:01,0.217279,0.201024,0.427545
2026-03-09 11:16:31,0.249803,0.266913,0.292535
2026-03-09 11:17:01,0.031269,0.010927,0.010564
2026-03-09 11:17:31,0.216188,0.201923,0.197093
2026-03-09 11:18:01,0.110528,0.094448,0.112625
2026-03-09 11:18:31,0.110528,0.094448,0.112625
2026-03-09 11:19:01,0.166871,0.173787,0.193285
2026-03-09 11:19:31,0.023181,0.009954,0.015092
2026-03-09 11:20:01,0.023181,0.009954,0.015092
2026-03-09 11:20:31,0.124731,0.100097,0.106479
2026-03-09 11:21:01,0.151471,0.106226,0.106789
2026-03-09 11:21:31,0.195904,0.129167,0.168965
2026-03-09 11:22:01,0.195904,0.129167,0.168965
2026-03-09 11:22:31,0.190502,0.160608,0.152098
2026-03-09 11:23:01,0.158349,0.134219,0.145258
2026-03-09 11:23:31,0.158349,0.134219,0.145258
2026-03-09 11:24:01,0.12902,0.08336,0.125576
2026-03-09 11:24:31,0.071288,0.019324,0.031667
2026-03-09 11:25:01,0.071288,0.019324,0.031667
2026-03-09 11:25:31,0.178946,0.229376,0.292772
2026-03-09 11:26:01,0.211617,0.214547,0.221911
2026-03-09 11:26:31,0.066027,0.070219,0.06706
2026-03-09 11:27:01,0.090686,0.135658,0.129275
2026-03-09 11:27:31,0.145811,0.110431,0.129417
2026-03-09 11:28:01,0.09675,0.069179,0.068323
2026-03-09 11:28:31,0.051909,0.050785,0.049748
2026-03-09 11:29:01,0.128813,0.134858,0.136852
2026-03-09 11:29:31,0.065093,0.057231,0.064382
2026-03-09 11:30:01,0.100328,0.132354,0.146174
2026-03-09 11:30:31,0.100328,0.132354,0.146174
2026-03-09 11:31:01,0.361182,0.228748,0.313737
2026-03-09 11:31:31,0.073551,0.059713,0.059027
2026-03-09 11:32:01,0.132168,0.125148,0.168991
2026-03-09 11:32:31,0.151286,0.242069,0.249619
2026-03-09 11:33:01,0.191123,0.242069,0.284994
2026-03-09 11:33:31,0.112302,0.132992,0.215011
2026-03-09 11:34:01,0.100929,0.11537,0.126324
2026-03-09 11:34:31,0.229719,0.192635,0.188651
2026-03-09 11:35:01,0.229719,0.192635,0.188651
2026-03-09 11:35:31,0.098941,0.076461,0.092413
2026-03-09 11:36:01,0.054208,0.000611,0.004624
2026-03-09 11:36:31,0.054208,0.000611,0.004624
2026-03-09 11:37:01,0.054208,0.000611,0.004624
2026-03-09 11:37:31,0.054208,0.000611,0.004624
2026-03-09 11:38:01,0.288009,0.219429,0.438486
2026-03-09 11:38:31,0.114717,0.074543,0.104102
2026-03-09 11:39:01,0.071435,0.034568,0.04943
2026-03-09 11:39:31,0.182832,0.227213,0.283158
2026-03-09 11:40:01,0.194197,0.21496,0.257053
2026-03-09 11:40:31,0.194197,0.21496,0.257053
2026-03-09 11:41:01,0.208216,0.172893,0.183363
2026-03-09 11:41:31,0.092952,0.061213,0.098996
2026-03-09 11:42:01,0.123085,0.448859,0.153657
2026-03-09 11:42:31,0.102041,0.092066,0.123574
2026-03-09 11:43:01,0.285982,0.219017,0.309696
2026-03-09 11:43:31,0.132789,0.083084,0.107193
2026-03-09 11:44:01,0.159976,0.122485,0.154541
2026-03-09 11:44:31,0.152262,0.161019,0.18728
2026-03-09 11:45:01,0.10877,0.071027,0.096908
2026-03-09 11:45:31,0.15802,0.188868,0.219583
2026-03-09 11:46:01,0.084601,0.07444,0.08676
2026-03-09 11:46:31,0.194217,0.206517,0.211369
2026-03-09 11:47:01,0.21124,0.227845,0.340808
2026-03-09 11:47:31,0.21124,0.227845,0.340808
2026-03-09 11:48:01,0.21124,0.227845,0.340808
2026-03-09 11:48:31,0.300964,0.209483,0.295429
2026-03-09 11:49:01,0.300964,0.209483,0.295429
2026-03-09 11:49:31,0.241591,0.347788,0.218874
2026-03-09 11:50:01,0.262103,0.217785,0.230054
2026-03-09 11:50:31,0.148315,0.154761,0.192301
2026-03-09 11:51:01,0.043989,0.120535,0.11553
2026-03-09 11:51:31,0.043989,0.120535,0.11553
2026-03-09 11:52:01,0.176273,0.136966,0.173232
2026-03-09 11:52:31,0.118194,0.181004,0.210427
2026-03-09 11:53:01,0.118194,0.181004,0.210427
2026-03-09 11:53:31,0.118194,0.181004,0.210427
2026-03-09 11:54:01,0.207002,0.23895,0.218332
2026-03-09 11:54:31,0.132698,0.096383,0.081398
2026-03-09 11:55:01,0.132698,0.096383,0.081398
2026-03-09 11:55:31,0.193584,0.10775,0.124963
2026-03-09 11:56:01,0.185416,0.061548,0.083965
2026-03-09 11:56:31,0.189313,0.162727,0.175622
2026-03-09 11:57:01,0.114089,0.120361,0.134472
2026-03-09 11:57:31,0.192893,0.169274,0.206366
2026-03-09 11:58:01,0.021387,0.007358,0.008605
2026-03-09 11:58:31,0.133521,0.007358,0.008605
2026-03-09 11:59:01,0.084172,0.168303,0.215698
2026-03-09 11:59:31,0.078338,0.065783,0.070389
2026-03-09 12:00:01,0.066713,0.043439,0.050827
2026-03-09 12:00:31,0.115087,0.13344,0.176116
2026-03-09 12:01:01,0.115087,0.13344,0.176116
2026-03-09 12:01:31,0.2064,0.258644,0.212866
2026-03-09 12:02:01,0.190266,0.104626,0.495975
2026-03-09 12:02:31,0.194732,0.150293,0.189334
2026-03-09 12:03:01,0.165297,0.157895,0.221152
2026-03-09 12:03:31,0.091025,0.062418,0.094026
2026-03-09 12:04:01,0.091025,0.062418,0.094026
2026-03-09 12:04:31,0.091025,0.062418,0.094026
2026-03-09 12:05:01,0.258006,0.208341,0.319209
2026-03-09 12:05:31,0.165972,0.138653,0.188285
2026-03-09 12:06:01,0.165972,0.138653,0.188285
2026-03-09 12:06:31,0.231075,0.313581,0.217183
2026-03-09 12:07:01,0.212962,0.222911,0.242322
2026-03-09 12:07:31,0.140642,0.145125,0.168152
2026-03-09 12:08:01,0.140642,0.145125,0.168152
2026-03-09 12:08:31,0.177807,0.192901,0.186216
2026-03-09 12:09:01,0.177807,0.192901,0.186216
2026-03-09 12:09:31,0.14703,0.144308,0.189905
2026-03-09 12:10:01,0.108986,0.072897,0.094946
2026-03-09 12:10:31,0.108986,0.072897,0.094946
2026-03-09 12:11:01,0.108986,0.072897,0.094946
2026-03-09 12:11:31,0.108986,0.072897,0.094946
2026-03-09 12:12:01,0.284183,0.193975,0.200463
2026-03-09 12:12:31,0.177941,0.264072,0.314869
2026-03-09 12:13:01,0.177941,0.264072,0.314869
2026-03-09 12:13:31,0.177941,0.264072,0.314869
2026-03-09 12:14:01,0.207682,0.218857,0.261517
2026-03-09 12:14:31,0.072356,0.072785,0.085935
2026-03-09 12:15:01,0.072356,0.072785,0.085935
2026-03-09 12:15:31,0.178555,0.19724,0.218288
2026-03-09 12:16:01,0.178555,0.19724,0.218288
2026-03-09 12:16:31,0.178555,0.19724,0.218288
2026-03-09 12:19:01,0.631181,,
2026-03-09 12:19:31,0.237849,0.46042,
2026-03-09 12:20:01,0.077371,0.063312,0.026872
2026-03-09 12:20:31,0.142207,,0.136869
2026-03-09 12:21:01,0.348238,0.439534,0.314729
2026-03-09 12:21:31,0.197576,0.212645,0.346164
2026-03-09 12:22:01,0.238016,0.197928,0.224961
2026-03-09 12:22:31,0.113993,0.056708,0.070465
2026-03-09 12:23:01,0.103516,0.057932,0.05732
2026-03-09 12:23:31,0.315119,0.143333,0.16918
2026-03-09 12:24:01,0.164899,0.113438,0.123965
2026-03-09 12:24:31,0.252706,0.159963,0.129566
2026-03-09 12:25:01,0.28615,0.193934,0.19925
2026-03-09 12:25:31,0.202671,0.146683,0.162013
2026-03-09 12:26:01,0.209091,0.188665,0.164573
2026-03-09 12:26:31,0.269673,0.160912,0.171239
2026-03-09 12:27:01,0.146769,0.092742,0.105656
2026-03-09 12:27:31,0.110405,0.067452,0.070007
2026-03-09 12:28:01,0.046733,0.013274,0.015477
2026-03-09 12:28:31,0.067111,0.01485,0.016332
2026-03-09 12:29:01,0.067111,0.01485,0.016332
2026-03-09 12:29:31,0.067111,0.01485,0.016332
2026-03-09 12:30:01,0.17107,0.096796,0.106208
2026-03-09 12:30:31,0.228004,0.096796,0.106208
2026-03-09 12:31:01,0.067473,0.032024,0.036168
2026-03-09 12:31:31,0.295457,0.265812,0.286153
2026-03-09 12:32:01,,0.066622,0.077293
2026-03-09 12:33:31,0.815829,0.743558,0.737207
2026-03-09 12:34:01,0.815829,0.743558,0.737207
2026-03-09 12:34:31,0.388391,0.564881,0.609435
2026-03-09 12:35:01,0.87789,,
2026-03-09 12:35:31,0.87789,,
2026-03-09 12:36:31,,0.507762,0.776477
2026-03-09 12:37:01,,,0.720695
2026-03-09 12:37:31,,,0.720695
2026-03-09 12:39:01,,0.009467,
2026-03-09 12:39:31,,0.009467,
2026-03-09 12:40:01,0.091567,0.000079,0.004859
2026-03-09 12:40:31,0.747661,0.224601,0.480363
2026-03-09 12:41:01,0.205993,0.355615,0.34637
2026-03-09 12:41:31,0.205993,0.355615,0.34637
2026-03-09 12:42:01,0.38474,0.763687,0.581368
2026-03-09 12:42:31,0.327869,0.443113,0.492141
2026-03-09 12:43:01,0.327869,0.443113,0.492141
2026-03-09 12:43:31,0.118483,0.057906,0.104921
2026-03-09 12:44:01,0.124912,0.048923,0.237717
