Time,Series_C
2026-03-08 12:44:01,44.539750891274785
2026-03-08 12:44:31,36.31103615909068
2026-03-08 12:45:01,39.47235372704295
2026-03-08 12:45:31,55.45546991737448
2026-03-08 12:46:01,39.18251294860683
2026-03-08 12:46:31,38.094980593883996
2026-03-08 12:47:01,40.62102929088001
2026-03-08 12:47:31,43.14771078425869
2026-03-08 12:48:01,47.431660832190495
2026-03-08 12:48:31,41.13536068688266
2026-03-08 12:49:01,45.405218932519034
2026-03-08 12:49:31,42.844713019421036
2026-03-08 12:50:01,45.18604199211939
2026-03-08 12:50:31,42.27094768442275
2026-03-08 12:51:01,44.62570339873777
2026-03-08 12:51:31,66.92358629963576
2026-03-08 12:52:01,31.46813156559663
2026-03-08 12:52:31,24.44630606373019
2026-03-08 12:53:01,46.72167243522058
2026-03-08 12:53:31,45.06679254458643
2026-03-08 12:54:01,47.51183394055348
2026-03-08 12:54:31,40.53102907353383
2026-03-08 12:55:01,43.0856591664086
2026-03-08 12:55:31,50.240885427670065
2026-03-08 12:56:01,43.71395312061557
2026-03-08 12:56:31,45.55575034826341
2026-03-08 12:57:01,43.013627048442466
2026-03-08 12:57:31,37.49624909770745
2026-03-08 12:58:01,40.492635349779604
2026-03-08 12:58:31,62.18871357528053
2026-03-08 12:59:01,37.62189130696903
2026-03-08 12:59:31,70.76831759403393
2026-03-08 13:00:01,51.718004074825544
2026-03-08 13:00:31,97.8336878436194
2026-03-08 13:01:01,39.01072514535016
2026-03-08 13:01:31,42.077280751038174
2026-03-08 13:02:01,49.640933170474234
2026-03-08 13:02:31,47.973195487483
2026-03-08 13:03:01,46.49027581042435
2026-03-08 13:03:31,42.712084803938176
2026-03-08 13:04:01,42.75679894183691
2026-03-08 13:04:31,36.517850583683156
2026-03-08 13:05:01,42.441925062341994
2026-03-08 13:05:31,51.006999684616225
2026-03-08 13:06:01,49.32490061433234
2026-03-08 13:06:31,36.94855830032003
2026-03-08 13:07:01,39.959542026362854
2026-03-08 13:07:31,36.595511352856356
2026-03-08 13:08:01,27.475340333154307
2026-03-08 13:08:31,43.380508507285484
2026-03-08 13:09:01,52.5739339518254
2026-03-08 13:09:31,53.51556336537382
2026-03-08 13:10:01,51.57200472885242
2026-03-08 13:10:31,61.895259355385626
2026-03-08 13:11:01,36.19188045260665
2026-03-08 13:11:31,55.24345352087823
2026-03-08 13:12:01,39.43505227964722
2026-03-08 13:12:31,104.05156608389655
2026-03-08 13:13:01,47.7987652889367
2026-03-08 13:13:31,64.48364110606109
2026-03-08 13:14:01,42.45001555134225
2026-03-08 13:14:31,43.086215204638876
2026-03-08 13:15:01,42.08276508991963
2026-03-08 13:15:31,35.710457711507246
2026-03-08 13:16:01,38.659270642697166
2026-03-08 13:16:31,46.70901065339805
2026-03-08 13:17:01,37.02222245577793
2026-03-08 13:17:31,40.315502973358726
2026-03-08 13:18:01,40.687199838274616
2026-03-08 13:18:31,41.14445448120304
2026-03-08 13:19:01,35.30787881108755
2026-03-08 13:19:31,38.40106483329405
2026-03-08 13:20:01,50.140126861029636
2026-03-08 13:20:31,42.76549983830491
2026-03-08 13:21:01,39.421278418693106
2026-03-08 13:21:31,35.34007512473083
2026-03-08 13:22:01,38.503986834374814
2026-03-08 13:22:31,47.22810703914327
2026-03-08 13:23:01,40.002043802657575
2026-03-08 13:23:31,34.484471231616695
2026-03-08 13:24:01,42.59766966132627
2026-03-08 13:24:31,41.984723800831766
2026-03-08 13:25:01,43.755794441378974
2026-03-08 13:25:31,58.156235613292
2026-03-08 13:26:01,47.61047981505304
2026-03-08 13:26:31,44.013701468390025
2026-03-08 13:27:01,38.7091537690812
2026-03-08 13:27:31,43.2357693987399
2026-03-08 13:28:01,41.779095608085626
2026-03-08 13:28:31,36.823238167178694
2026-03-08 13:29:01,60.92565242944607
2026-03-08 13:29:31,48.307002938864755
2026-03-08 13:30:01,55.14089016794662
2026-03-08 13:30:31,56.20670320553822
2026-03-08 13:31:01,42.31950087016585
2026-03-08 13:31:31,40.766281868269246
2026-03-08 13:32:01,39.24110330359557
2026-03-08 13:32:31,44.82310664606149
2026-03-08 13:33:01,41.6520990402623
2026-03-08 13:33:31,40.7983430025018
2026-03-08 13:34:01,41.809381374195056
2026-03-08 13:34:31,43.82253896596814
2026-03-08 13:35:01,60.70183107687795
2026-03-08 13:35:31,65.72880924646533
2026-03-08 13:36:01,25.19287992145535
2026-03-08 13:36:31,53.377987460929376
2026-03-08 13:37:01,42.36594129861028
2026-03-08 13:37:31,41.63052138092191
2026-03-08 13:38:01,46.55360830832161
2026-03-08 13:38:31,47.340675096875536
2026-03-08 13:39:01,27.541489853208056
2026-03-08 13:39:31,46.9022695530179
2026-03-08 13:40:01,41.508705279276505
2026-03-08 13:40:31,44.85566476020254
2026-03-08 13:41:01,42.89597136394184
2026-03-08 13:41:31,48.51220481457345
2026-03-08 13:42:01,44.984349061077275
2026-03-08 13:42:31,59.7493539454652
2026-03-08 13:43:01,60.67626303807727
2026-03-08 13:43:31,43.24149437204613
2026-03-08 13:44:01,46.773246014915884
2026-03-08 13:44:31,65.88143375691553
2026-03-08 13:45:01,30.277409145075907
2026-03-08 13:45:31,39.54141017434301
2026-03-08 13:46:01,37.9853542790117
2026-03-08 13:46:31,40.520004451961746
2026-03-08 13:47:01,118.50781124699539
2026-03-08 13:47:31,180.39972994130173
2026-03-08 13:48:01,62.662669504530655
2026-03-08 13:48:31,63.45608579966595
2026-03-08 13:49:01,48.527075397909684
2026-03-08 13:49:31,45.72868322860183
2026-03-08 13:50:01,41.72821593430533
2026-03-08 13:50:31,52.39423521876402
2026-03-08 13:51:01,38.77235327989395
2026-03-08 13:51:31,40.8350927817019
2026-03-08 13:52:01,36.08554544765516
2026-03-08 13:52:31,46.28828153302486
2026-03-08 13:53:01,43.83998282129314
2026-03-08 13:53:31,47.28893924780843
2026-03-08 13:54:01,45.23211726463
2026-03-08 13:54:31,35.7193573898865
2026-03-08 13:55:01,43.24084321527204
2026-03-08 13:55:31,63.3784697789344
2026-03-08 13:56:01,71.31876877361023
2026-03-08 13:56:31,47.58041191523696
2026-03-08 13:57:01,47.886775212319286
2026-03-08 13:57:31,42.01147970081382
2026-03-08 13:58:01,37.1369318091491
2026-03-08 13:58:31,47.07293080161923
2026-03-08 13:59:01,46.982337621302946
2026-03-08 13:59:31,50.81339650857437
2026-03-08 14:00:01,41.96586124415322
2026-03-08 14:00:31,59.286960706645274
2026-03-08 14:01:01,52.40886474408938
2026-03-08 14:01:31,39.66315413250113
2026-03-08 14:02:01,40.20054170719979
2026-03-08 14:02:31,36.693607345236444
2026-03-08 14:03:01,37.021261287816124
2026-03-08 14:03:31,40.617382289525594
2026-03-08 14:04:01,35.609310633396994
2026-03-08 14:04:31,50.565796401009166
2026-03-08 14:05:01,57.1232673120443
2026-03-08 14:05:31,72.3610847350937
2026-03-08 14:06:01,44.18305725112227
2026-03-08 14:06:31,56.91552039581852
2026-03-08 14:07:01,69.52222206669094
2026-03-08 14:07:31,37.962510001385134
2026-03-08 14:08:01,39.02135762807226
2026-03-08 14:08:31,40.56528741959847
2026-03-08 14:09:01,39.32647145632485
2026-03-08 14:09:31,34.76826632516464
2026-03-08 14:10:01,104.19163981523181
2026-03-08 14:10:31,94.57890413739433
2026-03-08 14:11:01,55.042223521757236
2026-03-08 14:11:31,56.59903257604157
2026-03-08 14:12:01,44.50693070840737
2026-03-08 14:12:31,39.327787966941656
2026-03-08 14:13:01,43.13795236365219
2026-03-08 14:13:31,40.57088964394564
2026-03-08 14:14:01,36.583868565529116
2026-03-08 14:14:31,49.79663834271467
2026-03-08 14:15:01,52.35279995531524
2026-03-08 14:15:31,46.46053746450041
2026-03-08 14:16:01,48.74768651506951
2026-03-08 14:16:31,147.61788438657314
2026-03-08 14:17:01,52.926722793309345
2026-03-08 14:17:31,47.70576939652214
2026-03-08 14:18:01,45.46758696122531
2026-03-08 14:18:31,39.756573456004915
2026-03-08 14:19:01,37.49214283261468
2026-03-08 14:19:31,98.16971570980297
2026-03-08 14:20:01,66.69522277321536
2026-03-08 14:20:31,38.218930553155516
2026-03-08 14:21:01,48.68366202810034
2026-03-08 14:21:31,48.68153562721352
2026-03-08 14:22:01,40.752424324885254
2026-03-08 14:22:31,37.71977834041472
2026-03-08 14:23:01,44.728070658388944
2026-03-08 14:23:31,41.914861382348654
2026-03-08 14:24:01,38.633856728345506
2026-03-08 14:24:31,37.4097552471201
2026-03-08 14:25:01,43.95298954709157
2026-03-08 14:25:31,38.482244826965264
2026-03-08 14:26:01,36.19241483649176
2026-03-08 14:26:31,40.0196026837599
2026-03-08 14:27:01,44.52687555740671
2026-03-08 14:27:31,42.264197292985436
2026-03-08 14:28:01,41.12917706059625
2026-03-08 14:28:31,46.92327856325491
2026-03-08 14:29:01,40.33533290267861
2026-03-08 14:29:31,47.60145225432198
2026-03-08 14:30:01,38.34898822800041
2026-03-08 14:30:31,50.11776337018576
2026-03-08 14:31:01,92.28651262281893
2026-03-08 14:31:31,42.04072174222857
2026-03-08 14:32:01,43.08897006436892
2026-03-08 14:32:31,40.886983387684424
2026-03-08 14:33:01,55.25900286368055
2026-03-08 14:33:31,62.70962716932165
2026-03-08 14:34:01,52.22396461863139
2026-03-08 14:34:31,42.37385207444657
2026-03-08 14:35:01,44.47605498187529
2026-03-08 14:35:31,44.05945784739371
2026-03-08 14:36:01,34.488666181838624
2026-03-08 14:36:31,45.591129054051265
2026-03-08 14:37:01,39.02000782406601
2026-03-08 14:37:31,59.15736341219986
2026-03-08 14:38:01,47.78924653717379
2026-03-08 14:38:31,37.842473931526136
2026-03-08 14:39:01,51.50591303562162
2026-03-08 14:39:31,75.2945251257612
2026-03-08 14:40:01,25.528445554713812
2026-03-08 14:40:31,26.583759919610394
2026-03-08 14:41:01,46.70121510261183
2026-03-08 14:41:31,52.243539005509966
2026-03-08 14:42:01,53.00889849063418
2026-03-08 14:42:31,35.816213456015674
2026-03-08 14:43:01,44.419185646451375
2026-03-08 14:43:31,84.87798146924452
2026-03-08 14:44:01,40.93375075374078
2026-03-08 14:44:31,41.59806965581746
2026-03-08 14:45:01,35.64263925065328
2026-03-08 14:45:31,40.790398488265495
2026-03-08 14:46:01,45.612524209429125
2026-03-08 14:46:31,41.633616094703704
2026-03-08 14:47:01,35.704380589743614
2026-03-08 14:47:31,37.467147319033515
2026-03-08 14:48:01,39.41937298226039
2026-03-08 14:48:31,41.8686197414879
2026-03-08 14:49:01,47.49732089054722
2026-03-08 14:49:31,41.30986552881764
2026-03-08 14:50:01,40.87811949495176
2026-03-08 14:50:31,52.07975032658917
2026-03-08 14:51:01,33.94904146504204
2026-03-08 14:51:31,151.91849615288874
2026-03-08 14:52:01,79.64464069440885
2026-03-08 14:52:31,58.665259082567665
2026-03-08 14:53:01,50.2608420595949
2026-03-08 14:53:31,42.35527774159162
2026-03-08 14:54:01,50.81742279727977
2026-03-08 14:54:31,48.24852427925118
2026-03-08 14:55:01,39.11734211311542
2026-03-08 14:55:31,46.639490913469274
2026-03-08 14:56:01,38.67263009538032
2026-03-08 14:56:31,47.44632387423474
2026-03-08 14:57:01,77.08491424415335
2026-03-08 14:57:31,60.52288175227483
2026-03-08 14:58:01,69.58894326274853
2026-03-08 14:58:31,58.5698500235048
2026-03-08 14:59:01,58.39706762965869
2026-03-08 14:59:31,49.97292865469602
2026-03-08 15:00:01,70.27479617530503
2026-03-08 15:00:31,104.12837452327719
2026-03-08 15:01:01,48.18411070128401
2026-03-08 15:01:31,40.56722416055103
2026-03-08 15:02:01,40.95711738038883
2026-03-08 15:02:31,43.835243074273286
2026-03-08 15:03:01,84.88752864164825
2026-03-08 15:03:31,63.80949266658044
2026-03-08 15:04:01,74.53229086551191
2026-03-08 15:04:31,44.26690269138408
2026-03-08 15:05:01,45.836018888899396
2026-03-08 15:05:31,49.142997943091665
2026-03-08 15:06:01,45.45025203783225
2026-03-08 15:06:31,33.852776133789
2026-03-08 15:07:01,48.34369627279658
2026-03-08 15:07:31,34.83444700283549
2026-03-08 15:08:01,41.7940397941191
2026-03-08 15:08:31,59.82193631351206
2026-03-08 15:09:01,58.778694001912434
2026-03-08 15:09:31,37.07143235247598
2026-03-08 15:10:01,37.78562504575863
2026-03-08 15:10:31,30.781706769541863
2026-03-08 15:11:01,28.317776410061786
2026-03-08 15:11:31,24.971565917955342
2026-03-08 15:12:01,27.09558510326267
2026-03-08 15:12:31,26.742780477329397
2026-03-08 15:13:01,54.23288554846081
2026-03-08 15:13:31,54.01059115881407
2026-03-08 15:14:01,43.745805648323234
2026-03-08 15:14:31,41.476090704341736
2026-03-08 15:15:01,38.13083971598679
2026-03-08 15:15:31,44.1897074969737
2026-03-08 15:16:01,34.71085996773686
2026-03-08 15:16:31,38.13877000808578
2026-03-08 15:17:01,36.42622108977084
2026-03-08 15:17:31,43.28031128428593
2026-03-08 15:18:01,36.654634012151334
2026-03-08 15:18:31,42.79457227078808
2026-03-08 15:19:01,37.38479422533272
2026-03-08 15:19:31,61.65643920157328
2026-03-08 15:20:01,36.91331519857962
2026-03-08 15:20:31,52.472336291754615
2026-03-08 15:21:01,54.785413462507094
2026-03-08 15:21:31,38.85700882849462
2026-03-08 15:22:01,37.91078299577717
2026-03-08 15:22:31,35.224983366110365
2026-03-08 15:23:01,39.84742176063107
2026-03-08 15:23:31,37.30128646160164
2026-03-08 15:24:01,37.23532517288378
2026-03-08 15:24:31,36.62500199799335
2026-03-08 15:25:01,35.276326194895866
2026-03-08 15:25:31,42.504402489607976
2026-03-08 15:26:01,35.280461867523094
2026-03-08 15:26:31,37.28539666966761
2026-03-08 15:27:01,38.30848547299555
2026-03-08 15:27:31,94.08115783830665
2026-03-08 15:28:01,42.533341329099734
2026-03-08 15:28:31,37.70731507883994
2026-03-08 15:29:01,38.43976295169821
2026-03-08 15:29:31,43.86716409652531
2026-03-08 15:30:01,54.430086897308115
2026-03-08 15:30:31,58.03443512366866
2026-03-08 15:31:01,51.23748159858452
2026-03-08 15:31:31,44.627701562868786
2026-03-08 15:32:01,37.72222886873245
2026-03-08 15:32:31,37.99003482795229
2026-03-08 15:33:01,42.45186016471187
2026-03-08 15:33:31,39.5098864382652
2026-03-08 15:34:01,33.11974728185161
2026-03-08 15:34:31,35.365363315068905
2026-03-08 15:35:01,44.41134040124379
2026-03-08 15:35:31,47.83211386639734
2026-03-08 15:36:01,36.62715708520496
2026-03-08 15:36:31,41.966141155008636
2026-03-08 15:37:01,38.198824765424604
2026-03-08 15:37:31,39.56259801774098
2026-03-08 15:38:01,38.21458649420235
2026-03-08 15:38:31,37.41153772542853
2026-03-08 15:39:01,52.920994131664365
2026-03-08 15:39:31,46.44139396891445
2026-03-08 15:40:01,49.69050389536909
2026-03-08 15:40:31,34.151492197119765
2026-03-08 15:41:01,38.89450650618322
2026-03-08 15:41:31,35.99886636714654
2026-03-08 15:42:01,50.57897413047059
2026-03-08 15:42:31,37.04380988314633
2026-03-08 15:43:01,24.707081408357773
2026-03-08 15:43:31,26.41650311259019
2026-03-08 15:44:01,102.95422798384439
2026-03-08 15:44:31,48.77524484555691
2026-03-08 15:45:01,46.77754472172612
2026-03-08 15:45:31,46.41211004711566
2026-03-08 15:46:01,35.40866703554748
2026-03-08 15:46:31,41.48145945136444
2026-03-08 15:47:01,38.25650445051876
2026-03-08 15:47:31,34.84646032159914
2026-03-08 15:48:01,44.918119323792375
2026-03-08 15:48:31,39.78771408608404
2026-03-08 15:49:01,39.082220842647764
2026-03-08 15:49:31,52.33802375094544
2026-03-08 15:50:01,44.587578669147646
2026-03-08 15:50:31,40.51346484640854
2026-03-08 15:51:01,55.15521278128125
2026-03-08 15:51:31,59.71962621528908
2026-03-08 15:52:01,96.13679941139807
2026-03-08 15:52:31,44.76738461642976
2026-03-08 15:53:01,43.03577348803453
2026-03-08 15:53:31,77.25151314661534
2026-03-08 15:54:01,44.691851200083576
2026-03-08 15:54:31,33.46645533506209
2026-03-08 15:55:01,41.52217837326336
2026-03-08 15:55:31,50.84109325551477
2026-03-08 15:56:01,38.98171978812257
2026-03-08 15:56:31,34.17043571148119
2026-03-08 15:57:01,47.8692125658215
2026-03-08 15:57:31,49.968957532478846
2026-03-08 15:58:01,44.35347939226221
2026-03-08 15:58:31,42.07621109459373
2026-03-08 15:59:01,40.7914644936735
2026-03-08 15:59:31,33.94805405545986
2026-03-08 16:00:01,40.22551272098501
2026-03-08 16:00:31,46.6472990408052
2026-03-08 16:01:01,41.47588472961944
2026-03-08 16:01:31,39.02065986453722
2026-03-08 16:02:01,37.006052968018544
2026-03-08 16:02:31,44.41964062792715
2026-03-08 16:03:01,42.164004114376276
2026-03-08 16:03:31,38.33232331054802
2026-03-08 16:04:01,108.45887917585442
2026-03-08 16:04:31,59.171905062376126
2026-03-08 16:05:01,74.89206545258693
2026-03-08 16:05:31,83.503495957727
2026-03-08 16:06:01,53.91700790358905
2026-03-08 16:06:31,46.0508404025911
2026-03-08 16:07:01,39.500114358381175
2026-03-08 16:07:31,35.87450899405603
2026-03-08 16:08:01,40.107047253579736
2026-03-08 16:08:31,41.78838775504545
2026-03-08 16:09:01,39.471737827040734
2026-03-08 16:09:31,42.58732480468383
2026-03-08 16:10:01,48.56923355784789
2026-03-08 16:10:31,44.998198088324784
2026-03-08 16:11:01,38.96721363796598
2026-03-08 16:11:31,38.07650686040926
2026-03-08 16:12:01,35.317953392048196
2026-03-08 16:12:31,42.546372386440176
2026-03-08 16:13:01,47.307397202969284
2026-03-08 16:13:31,41.709712728999456
2026-03-08 16:14:01,27.266295384773475
2026-03-08 16:14:31,31.05785235771714
2026-03-08 16:15:01,57.83347832009801
2026-03-08 16:15:31,75.0652621368627
2026-03-08 16:16:01,91.61449683849452
2026-03-08 16:16:31,57.83635725699845
2026-03-08 16:17:01,52.807131770840456
2026-03-08 16:17:31,43.62952298406132
2026-03-08 16:18:01,43.37146311275229
2026-03-08 16:18:31,36.301890502599825
2026-03-08 16:19:01,46.25161795797202
2026-03-08 16:19:31,34.546753033159476
2026-03-08 16:20:01,44.40804994823376
2026-03-08 16:20:31,41.68800164865317
2026-03-08 16:21:01,38.730525485984494
2026-03-08 16:21:31,34.809394306347926
2026-03-08 16:22:01,40.87485908420896
2026-03-08 16:22:31,42.49243608882081
2026-03-08 16:23:01,45.158852421441665
2026-03-08 16:23:31,33.19351813467338
2026-03-08 16:24:01,39.01269116148876
2026-03-08 16:24:31,39.50042780514362
2026-03-08 16:25:01,41.466280307692394
2026-03-08 16:25:31,48.24196608124378
2026-03-08 16:26:01,96.30363361016053
2026-03-08 16:26:31,37.66867128200898
2026-03-08 16:27:01,44.43164650464581
2026-03-08 16:27:31,47.02101953918676
2026-03-08 16:28:01,34.762329027731155
2026-03-08 16:28:31,40.02775744771827
2026-03-08 16:29:01,37.07508486918791
2026-03-08 16:29:31,37.026274975855586
2026-03-08 16:30:01,43.18492991259997
2026-03-08 16:30:31,84.44455500166657
2026-03-08 16:31:01,56.704381037412475
2026-03-08 16:31:31,39.41126433437066
2026-03-08 16:32:01,33.77774941414919
2026-03-08 16:32:31,40.61755114653519
2026-03-08 16:33:01,37.78858611109504
2026-03-08 16:33:31,51.34915646649796
2026-03-08 16:34:01,58.64617732031072
2026-03-08 16:34:31,88.82805584421807
2026-03-08 16:35:01,43.027708084621544
2026-03-08 16:35:31,86.60160620735309
2026-03-08 16:36:01,68.04493468883386
2026-03-08 16:36:31,39.346462756555326
2026-03-08 16:37:01,49.76647590317608
2026-03-08 16:37:31,78.85218552977368
2026-03-08 16:38:01,92.8473441444106
2026-03-08 16:38:31,73.52541125128721
2026-03-08 16:39:01,42.868510331404316
2026-03-08 16:39:31,45.94928000732862
2026-03-08 16:40:01,43.67978074850346
2026-03-08 16:40:31,54.671655114096076
2026-03-08 16:41:01,41.04181148772281
2026-03-08 16:41:31,42.7073377279792
2026-03-08 16:42:01,50.04694586010226
2026-03-08 16:42:31,45.829984674903415
2026-03-08 16:43:01,45.673457782772054
2026-03-08 16:43:31,44.958173209070125
2026-03-08 16:44:01,52.280326365763685
2026-03-08 16:44:31,47.33020014770049
2026-03-08 16:45:01,26.85833531730852
2026-03-08 16:45:31,33.107313331281965
2026-03-08 16:46:01,66.30557781719791
2026-03-08 16:46:31,65.59556640978428
2026-03-08 16:47:01,40.39459173883245
2026-03-08 16:47:31,30.689374248315147
2026-03-08 16:48:01,38.623885830710385
2026-03-08 16:48:31,39.78184431028974
2026-03-08 16:49:01,41.78974831302419
2026-03-08 16:49:31,44.14462552855584
2026-03-08 16:50:01,52.98938178588977
2026-03-08 16:50:31,65.35462666221771
2026-03-08 16:51:01,40.80084262705888
2026-03-08 16:51:31,48.17239964249185
2026-03-08 16:52:01,43.2244505716909
2026-03-08 16:52:31,42.41602590687447
2026-03-08 16:53:01,39.78677746499778
2026-03-08 16:53:31,42.44641441105053
2026-03-08 16:54:01,36.58340169124054
2026-03-08 16:54:31,38.3755092287794
2026-03-08 16:55:01,39.091608517193656
2026-03-08 16:55:31,49.497703742969776
2026-03-08 16:56:01,36.034844240883785
2026-03-08 16:56:31,38.41197193013546
2026-03-08 16:57:01,43.14660436285113
2026-03-08 16:57:31,38.33623351155746
2026-03-08 16:58:01,41.24739528645166
2026-03-08 16:58:31,46.599899571131246
2026-03-08 16:59:01,62.00103046641047
2026-03-08 16:59:31,26.326045055294706
2026-03-08 17:00:01,40.1054420383126
2026-03-08 17:00:31,121.96078288334013
2026-03-08 17:01:01,35.01247710551884
2026-03-08 17:01:31,31.227555458833667
2026-03-08 17:02:01,42.299824346508714
2026-03-08 17:02:31,38.475796214381994
2026-03-08 17:03:01,44.98498529674488
2026-03-08 17:03:31,39.98184446632943
2026-03-08 17:04:01,33.42853762738115
2026-03-08 17:04:31,36.762496013742144
2026-03-08 17:05:01,41.11148350605772
2026-03-08 17:05:31,37.957822168896506
2026-03-08 17:06:01,44.663602695852354
2026-03-08 17:06:31,53.08585957531269
2026-03-08 17:07:01,47.018911040805605
2026-03-08 17:07:31,78.83775672502458
2026-03-08 17:08:01,108.33049517500366
2026-03-08 17:08:31,54.283273968711455
2026-03-08 17:09:01,40.35509870407875
2026-03-08 17:09:31,36.11736699009994
2026-03-08 17:10:01,50.657377418606146
2026-03-08 17:10:31,45.15175103539786
2026-03-08 17:11:01,69.44074799158203
2026-03-08 17:11:31,64.51868653339558
2026-03-08 17:12:01,25.81113317309125
2026-03-08 17:12:31,29.69846332270209
2026-03-08 17:13:01,32.796080048826695
2026-03-08 17:13:31,21.885588914609375
2026-03-08 17:14:01,43.48074849222125
2026-03-08 17:14:31,50.242625983697096
2026-03-08 17:15:01,50.657633235862086
2026-03-08 17:15:31,43.95296379078616
2026-03-08 17:16:01,23.977307758987017
2026-03-08 17:16:31,24.94338832070155
2026-03-08 17:17:01,74.5081310829006
2026-03-08 17:17:31,96.78758591252841
2026-03-08 17:18:01,59.600508879136825
2026-03-08 17:18:31,40.15074794680882
2026-03-08 17:19:01,29.958927397760167
2026-03-08 17:19:31,25.915683224106832
2026-03-08 17:20:01,37.940437366067435
2026-03-08 17:20:31,38.030018169703396
2026-03-08 17:21:01,40.47080543309268
2026-03-08 17:21:31,70.21710404178535
2026-03-08 17:22:01,44.02429666549948
2026-03-08 17:22:31,40.39830566128061
2026-03-08 17:23:01,47.12950855855918
2026-03-08 17:23:31,49.743672000702745
2026-03-08 17:24:01,57.698869754663626
2026-03-08 17:24:31,41.138663695825876
2026-03-08 17:25:01,39.786263249701676
2026-03-08 17:25:31,33.160777160296604
2026-03-08 17:26:01,45.83191509810332
2026-03-08 17:26:31,58.59555069736139
2026-03-08 17:27:01,40.85250100835885
2026-03-08 17:27:31,40.88631171959492
2026-03-08 17:28:01,35.9412070041815
2026-03-08 17:28:31,44.52705051389087
2026-03-08 17:29:01,41.2764752713722
2026-03-08 17:29:31,50.869697107799496
2026-03-08 17:30:01,39.39981494739403
2026-03-08 17:30:31,37.76898075118767
2026-03-08 17:31:01,36.143398009879846
2026-03-08 17:31:31,47.86744434079554
2026-03-08 17:32:01,38.58442415836924
2026-03-08 17:32:31,46.94580136979381
2026-03-08 17:33:01,36.090493672794175
2026-03-08 17:33:31,37.786831661335334
2026-03-08 17:34:01,46.70708545358209
2026-03-08 17:34:31,39.39544168000871
2026-03-08 17:35:01,33.84252086505229
2026-03-08 17:35:31,39.859808573393316
2026-03-08 17:36:01,46.49070235238821
2026-03-08 17:36:31,65.36456672707838
2026-03-08 17:37:01,33.182308818597896
2026-03-08 17:37:31,30.759501490145208
2026-03-08 17:38:01,45.608159986645994
2026-03-08 17:38:31,40.28955313956528
2026-03-08 17:39:01,37.45391526144361
2026-03-08 17:39:31,36.296838089086656
2026-03-08 17:40:01,37.548998017751614
2026-03-08 17:40:31,43.670932984926495
2026-03-08 17:41:01,63.78863024688782
2026-03-08 17:41:31,55.690372584550595
2026-03-08 17:42:01,65.02265879645186
2026-03-08 17:42:31,43.33312968064074
2026-03-08 17:43:01,41.07975751654534
2026-03-08 17:43:31,127.28537503591184
2026-03-08 17:44:01,98.08599968568925
2026-03-08 17:44:31,75.38584173715027
2026-03-08 17:45:01,40.34973202398619
2026-03-08 17:45:31,33.00150653053767
2026-03-08 17:46:01,54.64782629302337
2026-03-08 17:46:31,35.84116982624205
2026-03-08 17:47:01,36.26763550204808
2026-03-08 17:47:31,29.50895634407197
2026-03-08 17:48:01,49.01890505299251
2026-03-08 17:48:31,52.284523042458275
2026-03-08 17:49:01,33.963324166548034
2026-03-08 17:49:31,34.348256534127145
2026-03-08 17:50:01,38.6796335220637
2026-03-08 17:50:31,44.775929760964104
2026-03-08 17:51:01,40.605232219150054
2026-03-08 17:51:31,44.45425346258241
2026-03-08 17:52:01,34.90316239881284
2026-03-08 17:52:31,58.83028643286353
2026-03-08 17:53:01,61.10174693876236
2026-03-08 17:53:31,40.484098711542174
2026-03-08 17:54:01,43.765599097200635
2026-03-08 17:54:31,37.529197240026036
2026-03-08 17:55:01,59.07543216219039
2026-03-08 17:55:31,57.109053201608404
2026-03-08 17:56:01,35.12010364896078
2026-03-08 17:56:31,33.82973820849215
2026-03-08 17:57:01,39.27864620778001
2026-03-08 17:57:31,35.22511920055024
2026-03-08 17:58:01,35.10242320561894
2026-03-08 17:58:31,36.13377223143019
2026-03-08 17:59:01,37.495287047481234
2026-03-08 17:59:31,69.31450193771569
2026-03-08 18:00:01,47.33544692298916
2026-03-08 18:00:31,64.96852901113606
2026-03-08 18:01:01,59.44799490515601
2026-03-08 18:01:31,62.858285812953504
2026-03-08 18:02:01,62.40703882702932
2026-03-08 18:02:31,66.5036551591926
2026-03-08 18:03:01,56.03565362389169
2026-03-08 18:03:31,45.847263258382995
2026-03-08 18:04:01,40.68076840149142
2026-03-08 18:04:31,49.84751764052331
2026-03-08 18:05:01,45.75703908966554
2026-03-08 18:05:31,42.602057215756034
2026-03-08 18:06:01,36.47711084056946
2026-03-08 18:06:31,42.8866505041134
2026-03-08 18:07:01,46.590113121858714
2026-03-08 18:07:31,44.264281380160405
2026-03-08 18:08:01,36.15617702042705
2026-03-08 18:08:31,40.25069005262823
2026-03-08 18:09:01,48.87518312983268
2026-03-08 18:09:31,68.26026540125523
2026-03-08 18:10:01,51.831738350460554
2026-03-08 18:10:31,77.80928452436585
2026-03-08 18:11:01,42.37795915217441
2026-03-08 18:11:31,137.82234023963497
2026-03-08 18:12:01,119.05327507267975
2026-03-08 18:12:31,79.40762742135945
2026-03-08 18:13:01,91.85796266624337
2026-03-08 18:13:31,59.67028463620018
2026-03-08 18:14:01,44.802562478329754
2026-03-08 18:14:31,39.28880125948279
2026-03-08 18:15:01,42.46963180298824
2026-03-08 18:15:31,45.23321510343878
2026-03-08 18:16:01,41.15982893627177
2026-03-08 18:16:31,53.56383571466517
2026-03-08 18:17:01,36.28458357314691
2026-03-08 18:17:31,40.78348292423149
2026-03-08 18:18:01,28.135842360238527
2026-03-08 18:18:31,23.51716692446827
2026-03-08 18:19:01,23.19193582516668
2026-03-08 18:19:31,23.820963728421567
2026-03-08 18:20:01,46.40865848070319
2026-03-08 18:20:31,40.75768296171868
2026-03-08 18:21:01,39.4232636173033
2026-03-08 18:21:31,39.92415008170044
2026-03-08 18:22:01,60.75651579520995
2026-03-08 18:22:31,49.33064356737861
2026-03-08 18:23:01,52.17153682751107
2026-03-08 18:23:31,57.37564518011571
2026-03-08 18:24:01,43.20927360872364
2026-03-08 18:24:31,46.287522107653224
2026-03-08 18:25:01,46.864318018391835
2026-03-08 18:25:31,43.212847072219496
2026-03-08 18:26:01,38.19426524879959
2026-03-08 18:26:31,41.058596378732545
2026-03-08 18:27:01,38.43110088326599
2026-03-08 18:27:31,41.10725577123457
2026-03-08 18:28:01,45.79926499201824
2026-03-08 18:28:31,42.5619916833376
2026-03-08 18:29:01,40.92131380898857
2026-03-08 18:29:31,35.413681078810114
2026-03-08 18:30:01,41.80525151824
2026-03-08 18:30:31,43.71655145123184
2026-03-08 18:31:01,36.7284203798452
2026-03-08 18:31:31,48.95455921773932
2026-03-08 18:32:01,46.963610323974095
2026-03-08 18:32:31,130.40916175010278
2026-03-08 18:33:01,114.0623147167845
2026-03-08 18:33:31,74.15280704970904
2026-03-08 18:34:01,40.70298789836855
2026-03-08 18:34:31,41.205944733568636
2026-03-08 18:35:01,48.08323328980151
2026-03-08 18:35:31,65.75861692650945
2026-03-08 18:36:01,35.30202506861518
2026-03-08 18:36:31,38.130949184616505
2026-03-08 18:37:01,39.65588388579328
2026-03-08 18:37:31,52.2487702607048
2026-03-08 18:38:01,52.831611822655134
2026-03-08 18:38:31,65.98990346765987
2026-03-08 18:39:01,40.575458649261016
2026-03-08 18:39:31,42.35065988012438
2026-03-08 18:40:01,45.597218149265714
2026-03-08 18:40:31,50.093033748503345
2026-03-08 18:41:01,40.39787908688937
2026-03-08 18:41:31,41.69029541599999
2026-03-08 18:42:01,37.68049859945175
2026-03-08 18:42:31,39.4387505086364
2026-03-08 18:43:01,34.03031666841319
2026-03-08 18:43:31,40.630608572301455
2026-03-08 18:44:01,40.95749141932256
2026-03-08 18:44:31,36.72199017081642
2026-03-08 18:45:01,41.88204346884076
2026-03-08 18:45:31,41.65422098974178
2026-03-08 18:46:01,35.88719898346304
2026-03-08 18:46:31,39.987085838975275
2026-03-08 18:47:01,46.63421430323411
2026-03-08 18:47:31,67.1045514598292
2026-03-08 18:48:01,41.448057536328086
2026-03-08 18:48:31,62.326599139985774
2026-03-08 18:49:01,61.243053988455955
2026-03-08 18:49:31,45.845828836631846
2026-03-08 18:50:01,30.328934187245547
2026-03-08 18:50:31,25.804976078441932
2026-03-08 18:51:01,31.995392482631217
2026-03-08 18:51:31,43.32607994176233
2026-03-08 18:52:01,47.316565511235034
2026-03-08 18:52:31,49.60089966457317
2026-03-08 18:53:01,41.576645338941404
2026-03-08 18:53:31,46.2691855088247
2026-03-08 18:54:01,42.3921051352498
2026-03-08 18:54:31,33.568025380086866
2026-03-08 18:55:01,42.64561205706809
2026-03-08 18:55:31,37.87285597595511
2026-03-08 18:56:01,39.5428669749823
2026-03-08 18:56:31,37.27044929834231
2026-03-08 18:57:01,39.1343877856534
2026-03-08 18:57:31,107.64503720161507
2026-03-08 18:58:01,37.79879319272113
2026-03-08 18:58:31,51.06012329548659
2026-03-08 18:59:01,47.24068899920299
2026-03-08 18:59:31,54.05930967153739
2026-03-08 19:00:01,52.89919860222868
2026-03-08 19:00:31,83.89694421682402
2026-03-08 19:01:01,49.01015125149445
2026-03-08 19:01:31,44.42444728629107
2026-03-08 19:02:01,57.90947074053516
2026-03-08 19:02:31,46.60183571224727
2026-03-08 19:03:01,40.93551520581917
2026-03-08 19:03:31,41.44155383192839
2026-03-08 19:04:01,49.71003993843203
2026-03-08 19:04:31,37.18634985652816
2026-03-08 19:05:01,41.56672167934135
2026-03-08 19:05:31,38.26615650117875
2026-03-08 19:06:01,36.014900632824244
2026-03-08 19:06:31,52.1418590519209
2026-03-08 19:07:01,47.24049129700287
2026-03-08 19:07:31,35.13760619865631
2026-03-08 19:08:01,37.71182201385733
2026-03-08 19:08:31,48.37177898048798
2026-03-08 19:09:01,36.40679043477938
2026-03-08 19:09:31,46.600472591812135
2026-03-08 19:10:01,65.4761757016653
2026-03-08 19:10:31,22.739716490467163
2026-03-08 19:11:01,38.429015586303336
2026-03-08 19:11:31,37.79450720487036
2026-03-08 19:12:01,46.58307713195099
2026-03-08 19:12:31,37.244903453766234
2026-03-08 19:13:01,35.460934788178065
2026-03-08 19:13:31,40.01096142933761
2026-03-08 19:14:01,55.4783986596157
2026-03-08 19:14:31,46.297797595580995
2026-03-08 19:15:01,42.46630848036298
2026-03-08 19:15:31,40.56163143253884
2026-03-08 19:16:01,79.10776241567837
2026-03-08 19:16:31,34.871511486212896
2026-03-08 19:17:01,40.70860089000689
2026-03-08 19:17:31,49.89221164516482
2026-03-08 19:18:01,45.20714550754203
2026-03-08 19:18:31,41.212406652340114
2026-03-08 19:19:01,39.770127621159695
2026-03-08 19:19:31,35.576316559324326
2026-03-08 19:20:01,42.82660839979408
2026-03-08 19:20:31,41.819834200876
2026-03-08 19:21:01,32.22772819602152
2026-03-08 19:21:31,25.571087071410837
2026-03-08 19:22:01,24.64779105663279
2026-03-08 19:22:31,46.667008953191086
2026-03-08 19:23:01,38.316032528558615
2026-03-08 19:23:31,120.98513414550153
2026-03-08 19:24:01,60.89228279914891
2026-03-08 19:24:31,50.62339904906007
2026-03-08 19:25:01,43.33363812907644
2026-03-08 19:25:31,26.70235418811468
2026-03-08 19:26:01,32.440953704639874
2026-03-08 19:26:31,33.091405326823086
2026-03-08 19:27:01,39.4726023576758
2026-03-08 19:27:31,63.76630643685619
2026-03-08 19:28:01,51.86532469736838
2026-03-08 19:28:31,46.43103037043216
2026-03-08 19:29:01,43.53423985082767
2026-03-08 19:29:31,77.52142196336803
2026-03-08 19:30:01,31.222921352594263
2026-03-08 19:30:31,35.4239864096203
2026-03-08 19:31:01,37.899221167077926
2026-03-08 19:31:31,41.3909317302678
2026-03-08 19:32:01,36.04715725226057
2026-03-08 19:32:31,41.8252840547551
2026-03-08 19:33:01,51.775016857783285
2026-03-08 19:33:31,39.11624139115407
2026-03-08 19:34:01,44.944996375748794
2026-03-08 19:34:31,52.510538321394684
2026-03-08 19:35:01,41.82472690908196
2026-03-08 19:35:31,37.38821335295322
2026-03-08 19:36:01,35.38508646381625
2026-03-08 19:36:31,34.606159990145265
2026-03-08 19:37:01,44.052837160869906
2026-03-08 19:37:31,75.10753387723553
2026-03-08 19:38:01,46.966672761100426
2026-03-08 19:38:31,58.136024661439464
2026-03-08 19:39:01,40.92483346207615
2026-03-08 19:39:31,42.272205817258616
2026-03-08 19:40:01,48.76637698332583
2026-03-08 19:40:31,36.585983521322554
2026-03-08 19:41:01,47.268944875124866
2026-03-08 19:41:31,41.86384151767057
2026-03-08 19:42:01,39.19221660982186
2026-03-08 19:42:31,38.757190810819715
2026-03-08 19:43:01,47.80751973021719
2026-03-08 19:43:31,44.19276968420001
2026-03-08 19:44:01,35.74101269037928
2026-03-08 19:44:31,54.026112913678226
2026-03-08 19:45:01,48.55245467366145
2026-03-08 19:45:31,51.954997267648196
2026-03-08 19:46:01,45.42708129224798
2026-03-08 19:46:31,36.62412695908889
2026-03-08 19:47:01,35.18394076721529
2026-03-08 19:47:31,35.56660197109841
2026-03-08 19:48:01,40.44943286524051
2026-03-08 19:48:31,42.91281777029718
2026-03-08 19:49:01,38.16925652337623
2026-03-08 19:49:31,39.3766750983735
2026-03-08 19:50:01,37.80569993177998
2026-03-08 19:50:31,35.60050639669623
2026-03-08 19:51:01,41.891056645058846
2026-03-08 19:51:31,46.30828932559266
2026-03-08 19:52:01,45.86942565773457
2026-03-08 19:52:31,28.300501590756927
2026-03-08 19:53:01,82.43188772097096
2026-03-08 19:53:31,26.122236473204453
2026-03-08 19:54:01,36.213588700413744
2026-03-08 19:54:31,39.82575287104893
2026-03-08 19:55:01,46.155914310865946
2026-03-08 19:55:31,62.524215388538614
2026-03-08 19:56:01,66.90180562735888
2026-03-08 19:56:31,95.69481033167294
2026-03-08 19:57:01,43.26423415893017
2026-03-08 19:57:31,55.84433980309924
2026-03-08 19:58:01,33.83371783482838
2026-03-08 19:58:31,34.62462476996105
2026-03-08 19:59:01,36.89140274024794
2026-03-08 19:59:31,44.85771927749304
2026-03-08 20:00:01,34.02102466144798
2026-03-08 20:00:31,45.85875485198485
2026-03-08 20:01:01,43.25233464554512
2026-03-08 20:01:31,43.11652071750049
2026-03-08 20:02:01,45.43082686853847
2026-03-08 20:02:31,59.35274906649345
2026-03-08 20:03:01,52.8147440376691
2026-03-08 20:03:31,44.60778768826701
2026-03-08 20:04:01,46.33473612509233
2026-03-08 20:04:31,42.80593523670903
2026-03-08 20:05:01,41.15371938447295
2026-03-08 20:05:31,42.256057924607994
2026-03-08 20:06:01,43.81439810992621
2026-03-08 20:06:31,41.3185667026149
2026-03-08 20:07:01,39.60794900829027
2026-03-08 20:07:31,51.082311355951845
2026-03-08 20:08:01,53.297374074654414
2026-03-08 20:08:31,41.47899539590867
2026-03-08 20:09:01,44.923230891205286
2026-03-08 20:09:31,40.3162247272487
2026-03-08 20:10:01,41.59104443317429
2026-03-08 20:10:31,34.673477560038016
2026-03-08 20:11:01,42.049063177321216
2026-03-08 20:11:31,45.47017078000973
2026-03-08 20:12:01,43.87639453614449
2026-03-08 20:12:31,37.9332196455067
2026-03-08 20:13:01,46.127035015844875
2026-03-08 20:13:31,47.24658654407334
2026-03-08 20:14:01,45.26073007084663
2026-03-08 20:14:31,56.58224487845007
2026-03-08 20:15:01,56.40121831907994
2026-03-08 20:15:31,44.674554550224045
2026-03-08 20:16:01,35.75890621564611
2026-03-08 20:16:31,62.088563119813834
2026-03-08 20:17:01,46.38122090556741
2026-03-08 20:17:31,42.691029328337024
2026-03-08 20:18:01,37.643425604589794
2026-03-08 20:18:31,61.910289039006315
2026-03-08 20:19:01,52.34735606791659
2026-03-08 20:19:31,47.65944282335205
2026-03-08 20:20:01,39.02030189760469
2026-03-08 20:20:31,38.065217409980114
2026-03-08 20:21:01,56.21057685484266
2026-03-08 20:21:31,44.132483267127355
2026-03-08 20:22:01,44.278518946331616
2026-03-08 20:22:31,36.31878353854262
2026-03-08 20:23:01,26.17307527402034
2026-03-08 20:23:31,23.7010653430995
2026-03-08 20:24:01,24.711097034713188
2026-03-08 20:24:31,41.41280238783852
2026-03-08 20:25:01,74.99271845076689
2026-03-08 20:25:31,40.73766972341603
2026-03-08 20:26:01,37.60965744296564
2026-03-08 20:26:31,33.97224378073919
2026-03-08 20:27:01,32.69844334628779
2026-03-08 20:27:31,32.008167517043816
2026-03-08 20:28:01,32.98592818493372
2026-03-08 20:28:31,28.771956019437646
2026-03-08 20:29:01,41.48617434571606
2026-03-08 20:29:31,37.05051040582351
2026-03-08 20:30:01,36.33089845570213
2026-03-08 20:30:31,55.49459459152938
2026-03-08 20:31:01,37.31468970231907
2026-03-08 20:31:31,45.02166970100041
2026-03-08 20:32:01,128.87726977785104
2026-03-08 20:32:31,67.71627964111507
2026-03-08 20:33:01,43.419574727074405
2026-03-08 20:33:31,41.36169018360327
2026-03-08 20:34:01,48.80300598620405
2026-03-08 20:34:31,36.808442246589266
2026-03-08 20:35:01,39.49324716623933
2026-03-08 20:35:31,49.274627398443236
2026-03-08 20:36:01,42.803523154797546
2026-03-08 20:36:31,37.205831306078544
2026-03-08 20:37:01,38.173611579105746
2026-03-08 20:37:31,45.554243267159556
2026-03-08 20:38:01,48.97063283920847
2026-03-08 20:38:31,43.455330131426194
2026-03-08 20:39:01,41.559060666845724
2026-03-08 20:39:31,37.78096400085563
2026-03-08 20:40:01,52.62691403284629
2026-03-08 20:40:31,66.37745998611466
2026-03-08 20:41:01,47.400616340734885
2026-03-08 20:41:31,36.928109276162765
2026-03-08 20:42:01,38.394858636729396
2026-03-08 20:42:31,38.9701834845566
2026-03-08 20:43:01,45.81375625448603
2026-03-08 20:43:31,43.8152934776248
2026-03-08 20:44:01,43.452033918219755
2026-03-08 20:44:31,44.159369215278886
2026-03-08 20:45:01,48.87710175587668
2026-03-08 20:45:31,62.60195644663745
2026-03-08 20:46:01,43.70225560405041
2026-03-08 20:46:31,38.3377139320667
2026-03-08 20:47:01,35.07180704762576
2026-03-08 20:47:31,35.2190903087496
2026-03-08 20:48:01,45.341688081104024
2026-03-08 20:48:31,42.13538000930383
2026-03-08 20:49:01,32.613904809500085
2026-03-08 20:49:31,36.79691864545646
2026-03-08 20:50:01,42.69756499521071
2026-03-08 20:50:31,44.05419038657493
2026-03-08 20:51:01,39.9624572313188
2026-03-08 20:51:31,35.98289044266415
2026-03-08 20:52:01,51.17769046891847
2026-03-08 20:52:31,45.03895836586169
2026-03-08 20:53:01,42.27554623570087
2026-03-08 20:53:31,38.055166443643564
2026-03-08 20:54:01,61.659606957531935
2026-03-08 20:54:31,57.271196359261765
2026-03-08 20:55:01,24.386650028713888
2026-03-08 20:55:31,23.955875110126684
2026-03-08 20:56:01,78.71435494587938
2026-03-08 20:56:31,71.34940853498192
2026-03-08 20:57:01,54.05620271418
2026-03-08 20:57:31,50.302611892206315
2026-03-08 20:58:01,46.735715176139855
2026-03-08 20:58:31,43.828389304188775
2026-03-08 20:59:01,39.04566258053177
2026-03-08 20:59:31,44.59866650227576
2026-03-08 21:00:01,63.90329938820996
2026-03-08 21:00:31,120.16123882153136
2026-03-08 21:01:01,37.38104649101214
2026-03-08 21:01:31,54.487343029508
2026-03-08 21:02:01,50.22432223772771
2026-03-08 21:02:31,52.530012541267546
2026-03-08 21:03:01,27.736771981744486
2026-03-08 21:03:31,44.04671584407821
2026-03-08 21:04:01,45.79962881400721
2026-03-08 21:04:31,71.57991105231012
2026-03-08 21:05:01,56.62705135866383
2026-03-08 21:05:31,108.02288703771245
2026-03-08 21:06:01,63.8102133087181
2026-03-08 21:06:31,40.654135360536195
2026-03-08 21:07:01,53.61058962285979
2026-03-08 21:07:31,65.49852925967224
2026-03-08 21:08:01,49.74055323240797
2026-03-08 21:08:31,60.691120617767126
2026-03-08 21:09:01,43.71881123720801
2026-03-08 21:09:31,45.316666656445356
2026-03-08 21:10:01,55.175739757873046
2026-03-08 21:10:31,46.002151405054555
2026-03-08 21:11:01,35.86955804740012
2026-03-08 21:11:31,42.53572335079139
2026-03-08 21:12:01,39.86732219223846
2026-03-08 21:12:31,40.493522693148
2026-03-08 21:13:01,37.903305216266304
2026-03-08 21:13:31,55.07815434052237
2026-03-08 21:14:01,57.31952884249174
2026-03-08 21:14:31,45.2212775493553
2026-03-08 21:15:01,44.011712351977636
2026-03-08 21:15:31,42.485023519828566
2026-03-08 21:16:01,36.13115347377703
2026-03-08 21:16:31,43.166906971887265
2026-03-08 21:17:01,45.49507649325091
2026-03-08 21:17:31,41.08921700218636
2026-03-08 21:18:01,40.727239696811715
2026-03-08 21:18:31,57.57647283970629
2026-03-08 21:19:01,45.046024783410985
2026-03-08 21:19:31,57.371996414951795
2026-03-08 21:20:01,83.51635304018501
2026-03-08 21:20:31,55.27780696419802
2026-03-08 21:21:01,55.48881291721788
2026-03-08 21:21:31,43.89997985148465
2026-03-08 21:22:01,45.21531883175462
2026-03-08 21:22:31,38.460843552155566
2026-03-08 21:23:01,38.06407007125372
2026-03-08 21:23:31,40.32202341020982
2026-03-08 21:24:01,58.65454294155333
2026-03-08 21:24:31,47.702926974511364
2026-03-08 21:25:01,39.37387331327756
2026-03-08 21:25:31,49.786283581221866
2026-03-08 21:26:01,35.25970126142665
2026-03-08 21:26:31,44.28787755138689
2026-03-08 21:27:01,48.25966840753118
2026-03-08 21:27:31,64.37090978533284
2026-03-08 21:28:01,52.963829230263315
2026-03-08 21:28:31,46.98121252429465
2026-03-08 21:29:01,35.25537417363579
2026-03-08 21:29:31,39.53120630281472
2026-03-08 21:30:01,44.70592458624053
2026-03-08 21:30:31,45.21787386061092
2026-03-08 21:31:01,35.9255914010843
2026-03-08 21:31:31,41.007486748514374
2026-03-08 21:32:01,49.320843318510896
2026-03-08 21:32:31,42.96780781405724
2026-03-08 21:33:01,31.28642230246085
2026-03-08 21:33:31,48.79728460581212
2026-03-08 21:34:01,56.83021382070906
2026-03-08 21:34:31,41.08288695075058
2026-03-08 21:35:01,26.218712434166548
2026-03-08 21:35:31,37.381292489757534
2026-03-08 21:36:01,40.65070932321041
2026-03-08 21:36:31,34.34492020568219
2026-03-08 21:37:01,38.08093591814356
2026-03-08 21:37:31,45.29266208720391
2026-03-08 21:38:01,54.92206019996423
2026-03-08 21:38:31,53.44114876263166
2026-03-08 21:39:01,53.733814370944025
2026-03-08 21:39:31,102.81248139833184
2026-03-08 21:40:01,60.33679516475399
2026-03-08 21:40:31,101.14927578352186
2026-03-08 21:41:01,42.60313186864397
2026-03-08 21:41:31,45.17394261125176
2026-03-08 21:42:01,41.96787762586924
2026-03-08 21:42:31,70.68113220567143
2026-03-08 21:43:01,57.643655314919116
2026-03-08 21:43:31,46.722021176578046
2026-03-08 21:44:01,45.51926867919502
2026-03-08 21:44:31,42.87084444232557
2026-03-08 21:45:01,55.61649741801787
2026-03-08 21:45:31,46.316087946015706
2026-03-08 21:46:01,40.163991761979936
2026-03-08 21:46:31,41.10883097273438
2026-03-08 21:47:01,41.28307054376866
2026-03-08 21:47:31,36.98666393060901
2026-03-08 21:48:01,42.96277268222403
2026-03-08 21:48:31,43.78705294429102
2026-03-08 21:49:01,41.36619250918905
2026-03-08 21:49:31,34.95764073507422
2026-03-08 21:50:01,50.43797308562402
2026-03-08 21:50:31,60.7472076311174
2026-03-08 21:51:01,47.77568591080763
2026-03-08 21:51:31,66.57528954421902
2026-03-08 21:52:01,37.694586085178955
2026-03-08 21:52:31,44.355002819952674
2026-03-08 21:53:01,42.10981487291727
2026-03-08 21:53:31,37.0347161610452
2026-03-08 21:54:01,38.464004364890535
2026-03-08 21:54:31,46.487508363481886
2026-03-08 21:55:01,49.82105628039549
2026-03-08 21:55:31,44.25522597356269
2026-03-08 21:56:01,45.84068426970588
2026-03-08 21:56:31,27.06076393981023
2026-03-08 21:57:01,25.118116404651445
2026-03-08 21:57:31,24.203302426333984
2026-03-08 21:58:01,25.066821709739873
2026-03-08 21:58:31,24.313263311574495
2026-03-08 21:59:01,26.3682373234403
2026-03-08 21:59:31,83.79702777010009
2026-03-08 22:00:01,66.73359217220988
2026-03-08 22:00:31,67.6054961959581
2026-03-08 22:01:01,34.037045092841595
2026-03-08 22:01:31,41.35411642938983
2026-03-08 22:02:01,46.443463047331804
2026-03-08 22:02:31,37.8570472160223
2026-03-08 22:03:01,46.42819323716774
2026-03-08 22:03:31,76.67591308068583
2026-03-08 22:04:01,43.94482909007724
2026-03-08 22:04:31,49.21959579595517
2026-03-08 22:05:01,40.80655306167681
2026-03-08 22:05:31,40.03352069132292
2026-03-08 22:06:01,40.572401704521255
2026-03-08 22:06:31,26.432791415043432
2026-03-08 22:07:01,37.3133988661601
2026-03-08 22:07:31,36.31581723549158
2026-03-08 22:08:01,34.87754869576744
2026-03-08 22:08:31,43.95304603925708
2026-03-08 22:09:01,54.003288053337265
2026-03-08 22:09:31,46.614432486319295
2026-03-08 22:10:01,40.691373353172615
2026-03-08 22:10:31,54.80648986814545
2026-03-08 22:11:01,47.7446136886369
2026-03-08 22:11:31,49.80059740951122
2026-03-08 22:12:01,46.60264364935809
2026-03-08 22:12:31,42.95678209532618
2026-03-08 22:13:01,48.253488406855745
2026-03-08 22:13:31,40.66843025106498
2026-03-08 22:14:01,208.1862623144414
2026-03-08 22:14:31,120.53264061111089
2026-03-08 22:15:01,37.84390147571638
2026-03-08 22:15:31,61.58885543396554
2026-03-08 22:16:01,93.58789108567908
2026-03-08 22:16:31,25.37018851698487
2026-03-08 22:17:01,37.783619995018725
2026-03-08 22:17:31,44.076161666518324
2026-03-08 22:18:01,37.10129422708018
2026-03-08 22:18:31,40.45795572563619
2026-03-08 22:19:01,50.184825092699484
2026-03-08 22:19:31,55.03281602957162
2026-03-08 22:20:01,54.094772109366204
2026-03-08 22:20:31,85.515536605901
2026-03-08 22:21:01,51.09849897050024
2026-03-08 22:21:31,42.452595943403715
2026-03-08 22:22:01,44.26455202745713
2026-03-08 22:22:31,39.240662398374305
2026-03-08 22:23:01,35.50682006621213
2026-03-08 22:23:31,51.057657655691756
2026-03-08 22:24:01,49.8115910592532
2026-03-08 22:24:31,48.03657251608735
2026-03-08 22:25:01,42.073507937349376
2026-03-08 22:25:31,38.00158606917242
2026-03-08 22:26:01,47.78689104181579
2026-03-08 22:26:31,47.94419112466682
2026-03-08 22:27:01,48.15084269791182
2026-03-08 22:27:31,58.29360273998409
2026-03-08 22:28:01,41.988570910608736
2026-03-08 22:28:31,38.39772531560291
2026-03-08 22:29:01,37.512666762072065
2026-03-08 22:29:31,32.450149498492294
2026-03-08 22:30:01,26.088106717044358
2026-03-08 22:30:31,26.04180574979511
2026-03-08 22:31:01,45.16667710150499
2026-03-08 22:31:31,48.74654775966623
2026-03-08 22:32:01,57.38856351415803
2026-03-08 22:32:31,47.37242840166457
2026-03-08 22:33:01,54.13370168139783
2026-03-08 22:33:31,53.09207253291203
2026-03-08 22:34:01,38.33209933711525
2026-03-08 22:34:31,45.43552988883918
2026-03-08 22:35:01,36.82352439385855
2026-03-08 22:35:31,49.083060917068124
2026-03-08 22:36:01,40.87960158094832
2026-03-08 22:36:31,93.3543107401263
2026-03-08 22:37:01,109.94644683341272
2026-03-08 22:37:31,66.43836901746047
2026-03-08 22:38:01,46.969848026419946
2026-03-08 22:38:31,42.751389591192044
2026-03-08 22:39:01,42.953256366404204
2026-03-08 22:39:31,41.83235002850832
2026-03-08 22:40:01,39.611780300138335
2026-03-08 22:40:31,62.88079251421232
2026-03-08 22:41:01,61.13592145232415
2026-03-08 22:41:31,47.19868673594698
2026-03-08 22:42:01,50.74135450083023
2026-03-08 22:42:31,49.51863155047305
2026-03-08 22:43:01,41.821316964051405
2026-03-08 22:43:31,39.512624625951425
2026-03-08 22:44:01,36.507798780212205
2026-03-08 22:44:31,44.3479537538491
2026-03-08 22:45:01,53.04051253167934
2026-03-08 22:45:31,62.407106828013326
2026-03-08 22:46:01,40.795163216280976
2026-03-08 22:46:31,43.75190564446139
2026-03-08 22:47:01,126.80477265058482
2026-03-08 22:47:31,55.96582409851244
2026-03-08 22:48:01,69.94303055069231
2026-03-08 22:48:31,71.36357027376253
2026-03-08 22:49:01,47.50351649895194
2026-03-08 22:49:31,47.86299729911245
2026-03-08 22:50:01,42.79889165056895
2026-03-08 22:50:31,40.387709406472034
2026-03-08 22:51:01,42.17150974332617
2026-03-08 22:51:31,51.664399599084945
2026-03-08 22:52:01,40.53864135676821
2026-03-08 22:52:31,39.545382023209775
2026-03-08 22:53:01,46.64877445591618
2026-03-08 22:53:31,36.006380549462605
2026-03-08 22:54:01,36.13041084477327
2026-03-08 22:54:31,39.10455755408145
2026-03-08 22:55:01,49.91122035878273
2026-03-08 22:55:31,46.39567303671947
2026-03-08 22:56:01,50.89429446269076
2026-03-08 22:56:31,58.799366865381884
2026-03-08 22:57:01,42.40342537584227
2026-03-08 22:57:31,39.964064893933404
2026-03-08 22:58:01,31.134881471999737
2026-03-08 22:58:31,34.356457203822835
2026-03-08 22:59:01,39.51689487884179
2026-03-08 22:59:31,47.38973771650626
2026-03-08 23:00:01,52.30206129287631
2026-03-08 23:00:31,151.19839170281807
2026-03-08 23:01:01,129.04011944556973
2026-03-08 23:01:31,36.45122870565146
2026-03-08 23:02:01,153.4518861166834
2026-03-08 23:02:31,40.46883960910485
2026-03-08 23:03:01,52.552493286820464
2026-03-08 23:03:31,41.712033599436054
2026-03-08 23:04:01,43.38899959470419
2026-03-08 23:04:31,40.18166847917172
2026-03-08 23:05:01,37.3500969219731
2026-03-08 23:05:31,48.8676915686955
2026-03-08 23:06:01,50.304003633282754
2026-03-08 23:06:31,49.37930536824327
2026-03-08 23:07:01,44.83895585439643
2026-03-08 23:07:31,69.04598927093836
2026-03-08 23:08:01,77.10572003376548
2026-03-08 23:08:31,43.700725267986726
2026-03-08 23:09:01,48.1232673657546
2026-03-08 23:09:31,45.69503703990322
2026-03-08 23:10:01,36.043298925998236
2026-03-08 23:10:31,49.04464184937424
2026-03-08 23:11:01,42.82304975664458
2026-03-08 23:11:31,36.358369535595195
2026-03-08 23:12:01,35.86884846356428
2026-03-08 23:12:31,44.28617165675321
2026-03-08 23:13:01,76.444839038616
2026-03-08 23:13:31,64.22943838121662
2026-03-08 23:14:01,61.49482754986785
2026-03-08 23:14:31,43.73742341693931
2026-03-08 23:15:01,56.534842474475944
2026-03-08 23:15:31,58.26342132097798
2026-03-08 23:16:01,102.77169668231272
2026-03-08 23:16:31,71.77490531521688
2026-03-08 23:17:01,45.44965025781808
2026-03-08 23:17:31,52.009966716583946
2026-03-08 23:18:01,43.487964477561306
2026-03-08 23:18:31,46.07364414384582
2026-03-08 23:19:01,40.46439111786144
2026-03-08 23:19:31,40.271059685458944
2026-03-08 23:20:01,36.61817511848788
2026-03-08 23:20:31,221.75359432807994
2026-03-08 23:21:01,89.59979400094186
2026-03-08 23:21:31,55.5849357069346
2026-03-08 23:22:01,41.523303956914795
2026-03-08 23:22:31,51.309355450151436
2026-03-08 23:23:01,49.1738182774536
2026-03-08 23:23:31,51.0798311026121
2026-03-08 23:24:01,53.39349797628618
2026-03-08 23:24:31,35.4990906582231
2026-03-08 23:25:01,39.33088568488149
2026-03-08 23:25:31,52.62798272262215
2026-03-08 23:26:01,47.66510919091735
2026-03-08 23:26:31,51.27490419808019
2026-03-08 23:27:01,40.50730692899565
2026-03-08 23:27:31,44.71589481586063
2026-03-08 23:28:01,39.71792690128135
2026-03-08 23:28:31,41.89590682087535
2026-03-08 23:29:01,36.93687526403491
2026-03-08 23:29:31,39.27523356629119
2026-03-08 23:30:01,38.72329883270472
2026-03-08 23:30:31,41.83155324308588
2026-03-08 23:31:01,58.17022582867274
2026-03-08 23:31:31,56.52963067156889
2026-03-08 23:32:01,26.43893110777456
2026-03-08 23:32:31,47.80092010825698
2026-03-08 23:33:01,60.24856438195283
2026-03-08 23:33:31,50.21966323447843
2026-03-08 23:34:01,60.84086156141333
2026-03-08 23:34:31,51.705101337777705
2026-03-08 23:35:01,43.81631051102446
2026-03-08 23:35:31,47.099429328896186
2026-03-08 23:36:01,55.33961771280096
2026-03-08 23:36:31,44.002735283846874
2026-03-08 23:37:01,41.47761224691041
2026-03-08 23:37:31,39.563979098037535
2026-03-08 23:38:01,34.75325750603641
2026-03-08 23:38:31,36.57677606172965
2026-03-08 23:39:01,47.96136134155672
2026-03-08 23:39:31,68.44568978934149
2026-03-08 23:40:01,43.19253045382692
2026-03-08 23:40:31,45.824863115955594
2026-03-08 23:41:01,51.69229861360386
2026-03-08 23:41:31,47.2271665354946
2026-03-08 23:42:01,47.83412998237385
2026-03-08 23:42:31,36.30938484800146
2026-03-08 23:43:01,38.848074265987606
2026-03-08 23:43:31,60.30166003435059
2026-03-08 23:44:01,54.084244610641875
2026-03-08 23:44:31,56.78508432752607
2026-03-08 23:45:01,39.46267846565463
2026-03-08 23:45:31,45.43580248435976
2026-03-08 23:46:01,43.49658634492183
2026-03-08 23:46:31,42.38528270831236
2026-03-08 23:47:01,42.74524928974083
2026-03-08 23:47:31,41.256829935302875
2026-03-08 23:48:01,37.299653215508194
2026-03-08 23:48:31,53.252143008593514
2026-03-08 23:49:01,53.0759188337934
2026-03-08 23:49:31,88.6992073198185
2026-03-08 23:50:01,55.68769645555821
2026-03-08 23:50:31,52.40184351177255
2026-03-08 23:51:01,123.95115148921609
2026-03-08 23:51:31,47.01705793520997
2026-03-08 23:52:01,50.26088877579126
2026-03-08 23:52:31,49.18617984105254
2026-03-08 23:53:01,45.623292999056936
2026-03-08 23:53:31,53.75830852833832
2026-03-08 23:54:01,49.22802445807078
2026-03-08 23:54:31,36.082298811989396
2026-03-08 23:55:01,39.793129382928754
2026-03-08 23:55:31,63.38863350966062
2026-03-08 23:56:01,55.71694589181199
2026-03-08 23:56:31,67.67812835361981
2026-03-08 23:57:01,52.086594070854794
2026-03-08 23:57:31,41.89713217112266
2026-03-08 23:58:01,40.354927700222284
2026-03-08 23:58:31,48.844078330481025
2026-03-08 23:59:01,43.797584960238886
2026-03-08 23:59:31,45.598356676327825
2026-03-09 00:00:01,48.118993444484296
2026-03-09 00:00:31,56.52624350753277
2026-03-09 00:01:01,49.04094173301931
2026-03-09 00:01:31,48.06326938659105
2026-03-09 00:02:01,55.76897126417643
2026-03-09 00:02:31,36.16693976669651
2026-03-09 00:03:01,46.861227541847825
2026-03-09 00:03:31,50.83078325581335
2026-03-09 00:04:01,41.87264394007353
2026-03-09 00:04:31,35.700158882639954
2026-03-09 00:05:01,35.56509196778482
2026-03-09 00:05:31,50.73394497973559
2026-03-09 00:06:01,65.61706009334412
2026-03-09 00:06:31,43.15642288348413
2026-03-09 00:07:01,34.14311876579006
2026-03-09 00:07:31,49.82425155838145
2026-03-09 00:08:01,55.47344023005998
2026-03-09 00:08:31,50.24435229526585
2026-03-09 00:09:01,41.828375668024734
2026-03-09 00:09:31,43.58426013479013
2026-03-09 00:10:01,42.85073133176573
2026-03-09 00:10:31,50.43410555117956
2026-03-09 00:11:01,43.32015243963191
2026-03-09 00:11:31,34.98390662528658
2026-03-09 00:12:01,42.83373477114702
2026-03-09 00:12:31,48.0302756653375
2026-03-09 00:13:01,46.144230450473366
2026-03-09 00:13:31,42.854018148102035
2026-03-09 00:14:01,61.48654979300936
2026-03-09 00:14:31,59.3390482638865
2026-03-09 00:15:01,46.35767837188632
2026-03-09 00:15:31,74.40714317757525
2026-03-09 00:16:01,49.82431619836878
2026-03-09 00:16:31,79.78822652745158
2026-03-09 00:17:01,60.53739188998887
2026-03-09 00:17:31,42.26810194134794
2026-03-09 00:18:01,40.94191860001857
2026-03-09 00:18:31,142.7149379574996
2026-03-09 00:19:01,48.564513700727346
2026-03-09 00:19:31,38.014631461303594
2026-03-09 00:20:01,43.248371015579
2026-03-09 00:20:31,45.310658894247844
2026-03-09 00:21:01,37.97746249690994
2026-03-09 00:21:31,46.906827392343956
2026-03-09 00:22:01,53.01807603148283
2026-03-09 00:22:31,41.220849868664935
2026-03-09 00:23:01,53.21032715182908
2026-03-09 00:23:31,48.883207379276875
2026-03-09 00:24:01,26.51879423744543
2026-03-09 00:24:31,38.89109383903595
2026-03-09 00:25:01,49.619292599195916
2026-03-09 00:25:31,82.22368739389282
2026-03-09 00:26:01,63.94343493366296
2026-03-09 00:26:31,77.44904819523933
2026-03-09 00:27:01,74.10680994518658
2026-03-09 00:27:31,46.616253681563954
2026-03-09 00:28:01,67.74772955293096
2026-03-09 00:28:31,70.3051833035991
2026-03-09 00:29:01,44.34234406657298
2026-03-09 00:29:31,48.715968386938755
2026-03-09 00:30:01,38.861400496251896
2026-03-09 00:30:31,50.17327231855795
2026-03-09 00:31:01,43.2334448149552
2026-03-09 00:31:31,52.22518389605365
2026-03-09 00:32:01,50.72919387579985
2026-03-09 00:32:31,39.96877625765396
2026-03-09 00:33:01,39.17433267560592
2026-03-09 00:33:31,48.80558270319939
2026-03-09 00:34:01,47.25323036012885
2026-03-09 00:34:31,46.375428177999936
2026-03-09 00:35:01,50.82101389525329
2026-03-09 00:35:31,49.51849199261786
2026-03-09 00:36:01,41.71506868297348
2026-03-09 00:36:31,45.599321638372345
2026-03-09 00:37:01,41.50871042309565
2026-03-09 00:37:31,41.55564000694443
2026-03-09 00:38:01,45.675168816888025
2026-03-09 00:38:31,47.366763779713175
2026-03-09 00:39:01,59.49269491569269
2026-03-09 00:39:31,42.72590298570458
2026-03-09 00:40:01,35.56652976530138
2026-03-09 00:40:31,35.87767068456364
2026-03-09 00:41:01,36.28089636571901
2026-03-09 00:41:31,44.49077363424978
2026-03-09 00:42:01,41.54194290087899
2026-03-09 00:42:31,39.750292602459545
2026-03-09 00:43:01,39.797943098535406
2026-03-09 00:43:31,32.27045150888125
2026-03-09 00:44:01,32.054771375964606
2026-03-09 00:44:31,44.557695251162
2026-03-09 00:45:01,37.01351294897502
2026-03-09 00:45:31,61.51765679010778
2026-03-09 00:46:01,55.186561560522954
2026-03-09 00:46:31,70.49659166151805
2026-03-09 00:47:01,44.18030244372963
2026-03-09 00:47:31,46.03667931442768
2026-03-09 00:48:01,45.01654431416562
2026-03-09 00:48:31,41.28189464598351
2026-03-09 00:49:01,41.30000090494404
2026-03-09 00:49:31,26.469678916961914
2026-03-09 00:50:01,38.0684715716068
2026-03-09 00:50:31,36.55729236665745
2026-03-09 00:51:01,38.57468294915543
2026-03-09 00:51:31,39.17058774527781
2026-03-09 00:52:01,43.913771764710006
2026-03-09 00:52:31,59.03706427461499
2026-03-09 00:53:01,187.99069437407076
2026-03-09 00:53:31,44.2602589770162
2026-03-09 00:54:01,48.89359521939113
2026-03-09 00:54:31,51.082018873327414
2026-03-09 00:55:01,41.34943508177623
2026-03-09 00:55:31,47.51333335693042
2026-03-09 00:56:01,43.808762456380826
2026-03-09 00:56:31,36.45302804716888
2026-03-09 00:57:01,40.87035809702946
2026-03-09 00:57:31,38.8698760409884
2026-03-09 00:58:01,45.658941357540776
2026-03-09 00:58:31,37.738642961544514
2026-03-09 00:59:01,53.12731368111745
2026-03-09 00:59:31,68.42334351436617
2026-03-09 01:00:01,39.60489394508035
2026-03-09 01:00:31,110.04736248925666
2026-03-09 01:01:01,50.268314069192634
2026-03-09 01:01:31,93.77019396272742
2026-03-09 01:02:01,127.08852475082087
2026-03-09 01:02:31,69.36799168622343
2026-03-09 01:03:01,33.85280423262718
2026-03-09 01:03:31,27.00887569142798
2026-03-09 01:04:01,24.655256913971723
2026-03-09 01:04:31,26.06214210329478
2026-03-09 01:05:01,66.3390087201794
2026-03-09 01:05:31,46.54775780869082
2026-03-09 01:06:01,40.906129282027926
2026-03-09 01:06:31,39.54378768611041
2026-03-09 01:07:01,55.31253573166441
2026-03-09 01:07:31,49.84263765894845
2026-03-09 01:08:01,70.44065727628738
2026-03-09 01:08:31,44.06818166384275
2026-03-09 01:09:01,42.48698812515223
2026-03-09 01:09:31,39.87427654748641
2026-03-09 01:10:01,41.36726716359913
2026-03-09 01:10:31,48.766832476523156
2026-03-09 01:11:01,42.838529601599475
2026-03-09 01:11:31,34.24929980436999
2026-03-09 01:12:01,37.12286437682715
2026-03-09 01:12:31,36.50642498066296
2026-03-09 01:13:01,45.417245383212915
2026-03-09 01:13:31,39.72824408898037
2026-03-09 01:14:01,42.590714043608976
2026-03-09 01:14:31,37.88939793557575
2026-03-09 01:15:01,41.452044753138765
2026-03-09 01:15:31,37.0978025774653
2026-03-09 01:16:01,45.27666088160773
2026-03-09 01:16:31,37.22527667529695
2026-03-09 01:17:01,37.85806603001827
2026-03-09 01:17:31,35.69800614234183
2026-03-09 01:18:01,37.593046727435606
2026-03-09 01:18:31,55.716207849485635
2026-03-09 01:19:01,49.726018337326074
2026-03-09 01:19:31,46.78510770214881
2026-03-09 01:20:01,43.46236322259435
2026-03-09 01:20:31,36.384617533405326
2026-03-09 01:21:01,51.89177560847506
2026-03-09 01:21:31,40.53268307282792
2026-03-09 01:22:01,41.940073118465044
2026-03-09 01:22:31,50.86553747890833
2026-03-09 01:23:01,40.233430866137866
2026-03-09 01:23:31,45.49013592644462
2026-03-09 01:24:01,40.750546799756805
2026-03-09 01:24:31,38.05344424243046
2026-03-09 01:25:01,46.25003522334609
2026-03-09 01:25:31,68.19871641842423
2026-03-09 01:26:01,62.264370723771776
2026-03-09 01:26:31,50.872003700329714
2026-03-09 01:27:01,42.84933921497013
2026-03-09 01:27:31,112.85800169708308
2026-03-09 01:28:01,40.756446288929865
2026-03-09 01:28:31,38.1530375507876
2026-03-09 01:29:01,41.81849488068266
2026-03-09 01:29:31,45.46569347432622
2026-03-09 01:30:01,38.44482468679043
2026-03-09 01:30:31,41.29147896899203
2026-03-09 01:31:01,63.20134802665236
2026-03-09 01:31:31,37.33652257056824
2026-03-09 01:32:01,42.96987557106867
2026-03-09 01:32:31,52.41441394641003
2026-03-09 01:33:01,45.16315552937583
2026-03-09 01:33:31,34.91775026208072
2026-03-09 01:34:01,46.887637134870474
2026-03-09 01:34:31,40.4700405201979
2026-03-09 01:35:01,30.17684132177994
2026-03-09 01:35:31,33.97231977799783
2026-03-09 01:36:01,76.95108958188142
2026-03-09 01:36:31,31.926029365786935
2026-03-09 01:37:01,33.6094887425536
2026-03-09 01:37:31,40.0636540176185
2026-03-09 01:38:01,39.85829627326402
2026-03-09 01:38:31,40.37710331271304
2026-03-09 01:39:01,38.99132161350891
2026-03-09 01:39:31,52.83835000122645
2026-03-09 01:40:01,43.71719875854192
2026-03-09 01:40:31,70.8282919816444
2026-03-09 01:41:01,65.68701879509602
2026-03-09 01:41:31,54.9361006344547
2026-03-09 01:42:01,33.18819078910236
2026-03-09 01:42:31,39.92886557725433
2026-03-09 01:43:01,47.25432312134519
2026-03-09 01:43:31,36.77522364161995
2026-03-09 01:44:01,56.62623917556532
2026-03-09 01:44:31,34.66408454483658
2026-03-09 01:45:01,45.90805709833003
2026-03-09 01:45:31,44.08896261823313
2026-03-09 01:46:01,40.9747808433824
2026-03-09 01:46:31,36.450886794716446
2026-03-09 01:47:01,35.402664233318795
2026-03-09 01:47:31,41.62174450804242
2026-03-09 01:48:01,37.75892358805643
2026-03-09 01:48:31,42.84505791021185
2026-03-09 01:49:01,44.08286092314971
2026-03-09 01:49:31,39.995956170500605
2026-03-09 01:50:01,40.67863173402208
2026-03-09 01:50:31,40.35563580635578
2026-03-09 01:51:01,45.35654445412746
2026-03-09 01:51:31,46.28200003314327
2026-03-09 01:52:01,57.785201285256846
2026-03-09 01:52:31,48.04102167403981
2026-03-09 01:53:01,39.43329106201075
2026-03-09 01:53:31,35.77722230306209
2026-03-09 01:54:01,43.582423715444165
2026-03-09 01:54:31,42.815928652121634
2026-03-09 01:55:01,43.061860805721764
2026-03-09 01:55:31,67.94500151373546
2026-03-09 01:56:01,42.592811721025875
2026-03-09 01:56:31,42.389548693213506
2026-03-09 01:57:01,48.52818486867632
2026-03-09 01:57:31,42.73247477227053
2026-03-09 01:58:01,36.77318135152683
2026-03-09 01:58:31,42.0155498301607
2026-03-09 01:59:01,36.58033852353363
2026-03-09 01:59:31,47.90311882021642
2026-03-09 02:00:01,53.074080368942546
2026-03-09 02:00:31,50.55611714519211
2026-03-09 02:01:01,37.02933393626021
2026-03-09 02:01:31,35.08350913218323
2026-03-09 02:02:01,38.46092053881305
2026-03-09 02:02:31,41.07185599569085
2026-03-09 02:03:01,40.873492167024075
2026-03-09 02:03:31,52.83213637486719
2026-03-09 02:04:01,38.02452707276316
2026-03-09 02:04:31,36.03352862803604
2026-03-09 02:05:01,44.98172601836403
2026-03-09 02:05:31,41.086856780391656
2026-03-09 02:06:01,26.410645908328988
2026-03-09 02:06:31,33.436533725519986
2026-03-09 02:07:01,88.83049473663358
2026-03-09 02:07:31,200.5733521176236
2026-03-09 02:08:01,40.907071127860846
2026-03-09 02:08:31,50.63426707173401
2026-03-09 02:09:01,62.91566080146824
2026-03-09 02:09:31,53.77030668720689
2026-03-09 02:10:01,49.335038049881966
2026-03-09 02:10:31,62.109145385929466
2026-03-09 02:11:01,36.02749035264842
2026-03-09 02:11:31,52.419175086949274
2026-03-09 02:12:01,34.780394915573545
2026-03-09 02:12:31,37.79108145568934
2026-03-09 02:13:01,37.96491022474967
2026-03-09 02:13:31,42.76139141150148
2026-03-09 02:14:01,42.5624583572898
2026-03-09 02:14:31,35.80515907302442
2026-03-09 02:15:01,39.064350227434836
2026-03-09 02:15:31,42.729058683755156
2026-03-09 02:16:01,33.58308101466053
2026-03-09 02:16:31,43.78939243466989
2026-03-09 02:17:01,47.95549899499756
2026-03-09 02:17:31,41.44418072535226
2026-03-09 02:18:01,36.380216364921345
2026-03-09 02:18:31,33.748208382807405
2026-03-09 02:19:01,39.64739848480644
2026-03-09 02:19:31,59.627453171438574
2026-03-09 02:20:01,53.9352532146405
2026-03-09 02:20:31,51.905986893966315
2026-03-09 02:21:01,34.09708033298906
2026-03-09 02:21:31,38.613508647729304
2026-03-09 02:22:01,32.76214390106883
2026-03-09 02:22:31,39.89927185306512
2026-03-09 02:23:01,32.51302693839234
2026-03-09 02:23:31,42.579096471415724
2026-03-09 02:24:01,37.40635643353812
2026-03-09 02:24:31,33.311249191591415
2026-03-09 02:25:01,34.88553395981132
2026-03-09 02:25:31,31.006988861719503
2026-03-09 02:26:01,41.04446108890814
2026-03-09 02:26:31,37.7315003371936
2026-03-09 02:27:01,35.76126347662033
2026-03-09 02:27:31,38.031764600134096
2026-03-09 02:28:01,39.340640756240155
2026-03-09 02:28:31,42.72825509154667
2026-03-09 02:29:01,48.0362527590362
2026-03-09 02:29:31,35.424223682514175
2026-03-09 02:30:01,46.95966699434857
2026-03-09 02:30:31,38.245970371853815
2026-03-09 02:31:01,35.94085306467632
2026-03-09 02:31:31,34.79944732073846
2026-03-09 02:32:01,36.686732609522274
2026-03-09 02:32:31,43.150872053313535
2026-03-09 02:33:01,32.86672252232438
2026-03-09 02:33:31,36.28749851045846
2026-03-09 02:34:01,49.69425162499623
2026-03-09 02:34:31,60.11790588026224
2026-03-09 02:35:01,48.55883673817875
2026-03-09 02:35:31,87.32436848136118
2026-03-09 02:36:01,47.80959670165181
2026-03-09 02:36:31,39.14091920644642
2026-03-09 02:37:01,37.38060138286259
2026-03-09 02:37:31,52.075109693342284
2026-03-09 02:38:01,44.49050214616215
2026-03-09 02:38:31,34.59287926037508
2026-03-09 02:39:01,35.47865136643556
2026-03-09 02:39:31,33.47141392325641
2026-03-09 02:40:01,32.328193297609296
2026-03-09 02:40:31,34.038893916117075
2026-03-09 02:41:01,35.85819758163106
2026-03-09 02:41:31,37.22416013781757
2026-03-09 02:42:01,43.201720303628576
2026-03-09 02:42:31,105.10169368908475
2026-03-09 02:43:01,72.73408666397006
2026-03-09 02:43:31,38.39133009060311
2026-03-09 02:44:01,36.246903785457434
2026-03-09 02:44:31,39.94269646739427
2026-03-09 02:45:01,42.54537598846376
2026-03-09 02:45:31,55.63517032535178
2026-03-09 02:46:01,42.990724408013456
2026-03-09 02:46:31,33.948398331393534
2026-03-09 02:47:01,42.4872049684591
2026-03-09 02:47:31,49.516195600397324
2026-03-09 02:48:01,47.166073465400764
2026-03-09 02:48:31,50.67446757310519
2026-03-09 02:49:01,39.17258622309593
2026-03-09 02:49:31,43.80920703467646
2026-03-09 02:50:01,39.73334925184287
2026-03-09 02:50:31,35.91437875326708
2026-03-09 02:51:01,40.083738992248826
2026-03-09 02:51:31,41.50477035442384
2026-03-09 02:52:01,62.13802261037495
2026-03-09 02:52:31,37.0872735086726
2026-03-09 02:53:01,36.681894815612104
2026-03-09 02:53:31,36.05414573290868
2026-03-09 02:54:01,31.56168349124686
2026-03-09 02:54:31,33.68235456870825
2026-03-09 02:55:01,34.255113217498014
2026-03-09 02:55:31,36.84169547590351
2026-03-09 02:56:01,38.26129083639794
2026-03-09 02:56:31,33.493267047152806
2026-03-09 02:57:01,39.6207777768702
2026-03-09 02:57:31,35.122247626013284
2026-03-09 02:58:01,36.77034934172268
2026-03-09 02:58:31,37.39263433554042
2026-03-09 02:59:01,36.61891332294322
2026-03-09 02:59:31,35.34842529772999
2026-03-09 03:00:01,38.38540554993958
2026-03-09 03:00:31,93.36214057679075
2026-03-09 03:01:01,33.28522478466149
2026-03-09 03:01:31,34.814802816936165
2026-03-09 03:02:01,41.91284820456869
2026-03-09 03:02:31,37.12883419008799
2026-03-09 03:03:01,42.411375887420405
2026-03-09 03:03:31,43.84530021920207
2026-03-09 03:04:01,36.23097018283726
2026-03-09 03:04:31,33.93429447511961
2026-03-09 03:05:01,47.87460359783437
2026-03-09 03:05:31,43.62202185591021
2026-03-09 03:06:01,51.567398176243
2026-03-09 03:06:31,38.69238665652108
2026-03-09 03:07:01,33.129444593315206
2026-03-09 03:07:31,33.82033223436523
2026-03-09 03:08:01,42.72693984713998
2026-03-09 03:08:31,59.78393244631792
2026-03-09 03:09:01,41.177226470999116
2026-03-09 03:09:31,36.20579451169937
2026-03-09 03:10:01,46.55549898311778
2026-03-09 03:10:31,32.81997540659524
2026-03-09 03:11:01,38.908696324509116
2026-03-09 03:11:31,39.868364295674475
2026-03-09 03:12:01,38.71375800218026
2026-03-09 03:12:31,52.314365927098805
2026-03-09 03:13:01,43.605323049542456
2026-03-09 03:13:31,46.59142369772541
2026-03-09 03:14:01,42.80262824501319
2026-03-09 03:14:31,47.21446355367972
2026-03-09 03:15:01,58.732353621275514
2026-03-09 03:15:31,31.851025643329507
2026-03-09 03:16:01,39.26836058941981
2026-03-09 03:16:31,40.46672005656251
2026-03-09 03:17:01,44.780263090189095
2026-03-09 03:17:31,34.55717307638442
2026-03-09 03:18:01,35.41950493370171
2026-03-09 03:18:31,40.162206103024495
2026-03-09 03:19:01,50.70426220059973
2026-03-09 03:19:31,38.17704900739598
2026-03-09 03:20:01,34.38018873279869
2026-03-09 03:20:31,43.9177260469557
2026-03-09 03:21:01,42.17001959783225
2026-03-09 03:21:31,32.49794939675249
2026-03-09 03:22:01,40.80807542419972
2026-03-09 03:22:31,34.32662444656463
2026-03-09 03:23:01,56.71446643194918
2026-03-09 03:23:31,36.87260152893989
2026-03-09 03:24:01,34.99471589465443
2026-03-09 03:24:31,33.76027190908572
2026-03-09 03:25:01,35.66280540026833
2026-03-09 03:25:31,39.142190724531304
2026-03-09 03:26:01,33.79965910412896
2026-03-09 03:26:31,39.21313664692209
2026-03-09 03:27:01,34.58421015539513
2026-03-09 03:27:31,34.45561209956121
2026-03-09 03:28:01,34.82563865975893
2026-03-09 03:28:31,33.917824389645034
2026-03-09 03:29:01,36.29821345961412
2026-03-09 03:29:31,109.54705628823743
2026-03-09 03:30:01,46.539066194058364
2026-03-09 03:30:31,41.31579721976016
2026-03-09 03:31:01,36.79449784997054
2026-03-09 03:31:31,33.673369455954344
2026-03-09 03:32:01,41.886448624231356
2026-03-09 03:32:31,38.82465566514309
2026-03-09 03:33:01,37.44664585695696
2026-03-09 03:33:31,37.31748296504032
2026-03-09 03:34:01,33.98963723676854
2026-03-09 03:34:31,33.08730551607062
2026-03-09 03:35:01,33.82599359604194
2026-03-09 03:35:31,40.9597315841832
2026-03-09 03:36:01,43.43916470715874
2026-03-09 03:36:31,50.01950917493716
2026-03-09 03:37:01,37.791283347734364
2026-03-09 03:37:31,29.255709248724166
2026-03-09 03:38:01,24.99815433787824
2026-03-09 03:38:31,26.599133899951973
2026-03-09 03:39:01,40.63422089859936
2026-03-09 03:39:31,55.05865543821582
2026-03-09 03:40:01,35.30400372826504
2026-03-09 03:40:31,90.92832379702516
2026-03-09 03:41:01,45.485317958121136
2026-03-09 03:41:31,47.71969555559005
2026-03-09 03:42:01,52.79226910242421
2026-03-09 03:42:31,42.39561659371313
2026-03-09 03:43:01,36.589767367186376
2026-03-09 03:43:31,39.793687105761585
2026-03-09 03:44:01,33.42700316837877
2026-03-09 03:44:31,32.491992570656905
2026-03-09 03:45:01,41.99123169153018
2026-03-09 03:45:31,41.241815019000846
2026-03-09 03:46:01,34.476886316489946
2026-03-09 03:46:31,35.16497612363148
2026-03-09 03:47:01,39.465045954100916
2026-03-09 03:47:31,50.489931184375806
2026-03-09 03:48:01,39.96552570889302
2026-03-09 03:48:31,34.28355973365314
2026-03-09 03:49:01,37.758349656262155
2026-03-09 03:49:31,45.24246122258839
2026-03-09 03:50:01,40.473382795982836
2026-03-09 03:50:31,37.66251016273941
2026-03-09 03:51:01,37.47377692426214
2026-03-09 03:51:31,32.679349975611885
2026-03-09 03:52:01,38.41061827924503
2026-03-09 03:52:31,32.52572959805822
2026-03-09 03:53:01,35.75786385886741
2026-03-09 03:53:31,33.99840769369353
2026-03-09 03:54:01,38.73048412089675
2026-03-09 03:54:31,36.15210702589608
2026-03-09 03:55:01,58.82907447855219
2026-03-09 03:55:31,46.204829448918815
2026-03-09 03:56:01,47.27175559244249
2026-03-09 03:56:31,38.58152768763408
2026-03-09 03:57:01,44.012984474109686
2026-03-09 03:57:31,34.30474224241327
2026-03-09 03:58:01,34.62555353329319
2026-03-09 03:58:31,39.47952544824196
2026-03-09 03:59:01,65.70936882515008
2026-03-09 03:59:31,46.98587355312193
2026-03-09 04:00:01,39.23743351167725
2026-03-09 04:00:31,48.20473308260378
2026-03-09 04:01:01,44.4076820396397
2026-03-09 04:01:31,39.47706365669644
2026-03-09 04:02:01,73.49588066143905
2026-03-09 04:02:31,62.014905723431866
2026-03-09 04:03:01,54.19345915440428
2026-03-09 04:03:31,45.89428362400033
2026-03-09 04:04:01,43.161966843228626
2026-03-09 04:04:31,41.472727900549266
2026-03-09 04:05:01,42.96655209529605
2026-03-09 04:05:31,32.04416627840445
2026-03-09 04:06:01,33.42063449907575
2026-03-09 04:06:31,36.13372761569526
2026-03-09 04:07:01,38.286102160707514
2026-03-09 04:07:31,36.653338548297555
2026-03-09 04:08:01,33.44375735636515
2026-03-09 04:08:31,37.2936219297405
2026-03-09 04:09:01,27.186280410329665
2026-03-09 04:09:31,102.4415162846865
2026-03-09 04:10:01,67.72512528416075
2026-03-09 04:10:31,44.36176752837251
2026-03-09 04:11:01,35.770966987844794
2026-03-09 04:11:31,35.524110865922246
2026-03-09 04:12:01,40.16674970949137
2026-03-09 04:12:31,40.054483678484786
2026-03-09 04:13:01,26.072052353605695
2026-03-09 04:13:31,27.89302913429557
2026-03-09 04:14:01,35.093237671562036
2026-03-09 04:14:31,40.57340366005558
2026-03-09 04:15:01,51.09970398487611
2026-03-09 04:15:31,53.61936211050554
2026-03-09 04:16:01,50.234404574203005
2026-03-09 04:16:31,51.38189124141812
2026-03-09 04:17:01,44.96994451532269
2026-03-09 04:17:31,39.32343043641472
2026-03-09 04:18:01,34.620204979497345
2026-03-09 04:18:31,31.327932280821813
2026-03-09 04:19:01,41.14632909181242
2026-03-09 04:19:31,34.944246185935825
2026-03-09 04:20:01,38.721439433596665
2026-03-09 04:20:31,49.874173713856415
2026-03-09 04:21:01,42.01557886591289
2026-03-09 04:21:31,46.030413488674085
2026-03-09 04:22:01,35.08136872322798
2026-03-09 04:22:31,38.88638774322446
2026-03-09 04:23:01,34.213766295049645
2026-03-09 04:23:31,39.45853413741592
2026-03-09 04:24:01,37.8288368883845
2026-03-09 04:24:31,33.072462665657575
2026-03-09 04:25:01,35.58396740222275
2026-03-09 04:25:31,38.618420171979814
2026-03-09 04:26:01,46.109416329794804
2026-03-09 04:26:31,41.01653490210714
2026-03-09 04:27:01,47.03916919754634
2026-03-09 04:27:31,39.711957740299994
2026-03-09 04:28:01,37.11083342949424
2026-03-09 04:28:31,44.31832152019819
2026-03-09 04:29:01,31.18001963155464
2026-03-09 04:29:31,32.86569409752028
2026-03-09 04:30:01,43.63319803200332
2026-03-09 04:30:31,38.60637987850015
2026-03-09 04:31:01,38.74735815187348
2026-03-09 04:31:31,36.133818048905866
2026-03-09 04:32:01,35.452400403604464
2026-03-09 04:32:31,39.29571490225948
2026-03-09 04:33:01,41.48351481166546
2026-03-09 04:33:31,35.087566227041016
2026-03-09 04:34:01,34.33797375903667
2026-03-09 04:34:31,34.12843941208345
2026-03-09 04:35:01,36.087382909504214
2026-03-09 04:35:31,46.6784353731733
2026-03-09 04:36:01,35.38417790797917
2026-03-09 04:36:31,37.29459849175003
2026-03-09 04:37:01,34.64960209859167
2026-03-09 04:37:31,54.784749090132145
2026-03-09 04:38:01,39.05003711154669
2026-03-09 04:38:31,38.077028939133314
2026-03-09 04:39:01,34.63935930645031
2026-03-09 04:39:31,36.257177473406614
2026-03-09 04:40:01,29.374481287837312
2026-03-09 04:40:31,36.49572953486725
2026-03-09 04:41:01,40.20577974098468
2026-03-09 04:41:31,40.542197211159504
2026-03-09 04:42:01,46.24261872402722
2026-03-09 04:42:31,46.62161235703381
2026-03-09 04:43:01,64.2314313838504
2026-03-09 04:43:31,35.56469686539574
2026-03-09 04:44:01,35.622437514456635
2026-03-09 04:44:31,35.04623250531532
2026-03-09 04:45:01,32.09285162646607
2026-03-09 04:45:31,44.780782184217486
2026-03-09 04:46:01,30.482658405136203
2026-03-09 04:46:31,32.49583321703409
2026-03-09 04:47:01,33.17748463138974
2026-03-09 04:47:31,34.423019567923454
2026-03-09 04:48:01,36.47524409547337
2026-03-09 04:48:31,38.107814736943126
2026-03-09 04:49:01,34.18211395958792
2026-03-09 04:49:31,37.31946738285228
2026-03-09 04:50:01,42.95555830618405
2026-03-09 04:50:31,44.13667275405586
2026-03-09 04:51:01,39.406109341086854
2026-03-09 04:51:31,35.61217872624901
2026-03-09 04:52:01,37.103926816612244
2026-03-09 04:52:31,39.77283633011391
2026-03-09 04:53:01,44.5322065095503
2026-03-09 04:53:31,36.2172975142936
2026-03-09 04:54:01,39.49240692125162
2026-03-09 04:54:31,68.7070773946329
2026-03-09 04:55:01,38.84307711909554
2026-03-09 04:55:31,49.14034271433706
2026-03-09 04:56:01,44.61470778577112
2026-03-09 04:56:31,38.28275845798681
2026-03-09 04:57:01,38.0088371986955
2026-03-09 04:57:31,46.39650658675458
2026-03-09 04:58:01,37.369701267636096
2026-03-09 04:58:31,34.478015721614405
2026-03-09 04:59:01,40.40214947877354
2026-03-09 04:59:31,48.8422087624273
2026-03-09 05:00:01,41.37875104342127
2026-03-09 05:00:31,135.62002229322684
2026-03-09 05:01:01,39.68535745524619
2026-03-09 05:01:31,38.26004837306899
2026-03-09 05:02:01,37.669311692779814
2026-03-09 05:02:31,37.66591784735722
2026-03-09 05:03:01,43.69243220107367
2026-03-09 05:03:31,52.912895471187916
2026-03-09 05:04:01,38.10437603608277
2026-03-09 05:04:31,42.39418605526277
2026-03-09 05:05:01,35.12878225598219
2026-03-09 05:05:31,33.84271447359393
2026-03-09 05:06:01,38.87652758804781
2026-03-09 05:06:31,43.214816372915784
2026-03-09 05:07:01,32.45713763857485
2026-03-09 05:07:31,34.848061414934115
2026-03-09 05:08:01,35.75191901181224
2026-03-09 05:08:31,32.24327508393631
2026-03-09 05:09:01,33.384119652057834
2026-03-09 05:09:31,40.147107343884414
2026-03-09 05:10:01,57.008356693466354
2026-03-09 05:10:31,44.21341310199689
2026-03-09 05:11:01,57.926482840957085
2026-03-09 05:11:31,50.5424456457392
2026-03-09 05:12:01,39.60881106874907
2026-03-09 05:12:31,41.54993937285172
2026-03-09 05:13:01,55.80397503572978
2026-03-09 05:13:31,49.034441241549246
2026-03-09 05:14:01,52.88411145537544
2026-03-09 05:14:31,53.49780494911215
2026-03-09 05:15:01,36.66594597844109
2026-03-09 05:15:31,45.924724991242066
2026-03-09 05:16:01,34.89724424608872
2026-03-09 05:16:31,36.86559186135746
2026-03-09 05:17:01,44.72715226484136
2026-03-09 05:17:31,46.87077951309079
2026-03-09 05:18:01,49.9556644530149
2026-03-09 05:18:31,26.1946572635679
2026-03-09 05:19:01,32.213383931753505
2026-03-09 05:19:31,34.50894123278932
2026-03-09 05:20:01,38.599811446954455
2026-03-09 05:20:31,32.14696571302209
2026-03-09 05:21:01,44.227034078762
2026-03-09 05:21:31,35.75261567080549
2026-03-09 05:22:01,32.713902401651495
2026-03-09 05:22:31,41.77933841168526
2026-03-09 05:23:01,52.70901320099468
2026-03-09 05:23:31,40.33901125650984
2026-03-09 05:24:01,36.59553827860242
2026-03-09 05:24:31,32.60721987546816
2026-03-09 05:25:01,35.510835249320465
2026-03-09 05:25:31,40.6846585607241
2026-03-09 05:26:01,40.160830794591426
2026-03-09 05:26:31,49.91594557953458
2026-03-09 05:27:01,35.08906963442532
2026-03-09 05:27:31,38.004655306905015
2026-03-09 05:28:01,35.09243428474753
2026-03-09 05:28:31,36.444539076678666
2026-03-09 05:29:01,39.968531643258714
2026-03-09 05:29:31,40.432343386756955
2026-03-09 05:30:01,34.0444022304574
2026-03-09 05:30:31,35.65718629268451
2026-03-09 05:31:01,31.77707238635719
2026-03-09 05:31:31,37.51181378746544
2026-03-09 05:32:01,48.09611157684239
2026-03-09 05:32:31,44.23453694592003
2026-03-09 05:33:01,37.290239391283855
2026-03-09 05:33:31,34.38202871524322
2026-03-09 05:34:01,39.77786544021089
2026-03-09 05:34:31,35.84295097518821
2026-03-09 05:35:01,33.735055630116776
2026-03-09 05:35:31,35.96046150987702
2026-03-09 05:36:01,35.12992550097924
2026-03-09 05:36:31,42.07762607519297
2026-03-09 05:37:01,41.63474398013449
2026-03-09 05:37:31,44.3899692843934
2026-03-09 05:38:01,73.76270740020179
2026-03-09 05:38:31,44.30545081764002
2026-03-09 05:39:01,50.363168917998
2026-03-09 05:39:31,36.13580963217819
2026-03-09 05:40:01,41.83737747540873
2026-03-09 05:40:31,50.93485935941304
2026-03-09 05:41:01,27.577133774533763
2026-03-09 05:41:31,41.981181351664304
2026-03-09 05:42:01,43.71702987887444
2026-03-09 05:42:31,37.09204358620593
2026-03-09 05:43:01,40.33900122069296
2026-03-09 05:43:31,43.554570281016005
2026-03-09 05:44:01,44.20212425792833
2026-03-09 05:44:31,37.56293341098919
2026-03-09 05:45:01,34.827607859311236
2026-03-09 05:45:31,56.452758144395155
2026-03-09 05:46:01,41.861925717691776
2026-03-09 05:46:31,42.88265295139638
2026-03-09 05:47:01,36.18945059177105
2026-03-09 05:47:31,36.471506232855766
2026-03-09 05:48:01,37.016864849474885
2026-03-09 05:48:31,37.12334884234701
2026-03-09 05:49:01,42.951509182063944
2026-03-09 05:49:31,32.16765269555692
2026-03-09 05:50:01,35.294702818065915
2026-03-09 05:50:31,33.40590661400774
2026-03-09 05:51:01,37.505098755995384
2026-03-09 05:51:31,42.16713808562332
2026-03-09 05:52:01,32.848119318459126
2026-03-09 05:52:31,32.779922654470134
2026-03-09 05:53:01,34.05606058007466
2026-03-09 05:53:31,33.413435948378826
2026-03-09 05:54:01,37.717772530293296
2026-03-09 05:54:31,46.310893789619975
2026-03-09 05:55:01,35.93940453396636
2026-03-09 05:55:31,38.92048458107838
2026-03-09 05:56:01,35.80361987720651
2026-03-09 05:56:31,90.91401389471734
2026-03-09 05:57:01,77.96345857760272
2026-03-09 05:57:31,35.67297884574456
2026-03-09 05:58:01,34.73659781669463
2026-03-09 05:58:31,40.05854980818807
2026-03-09 05:59:01,49.433498311942245
2026-03-09 05:59:31,53.42580946425619
2026-03-09 06:00:01,25.277567497907622
2026-03-09 06:00:31,38.583650665033446
2026-03-09 06:01:01,30.960275330590854
2026-03-09 06:01:31,32.09676647880285
2026-03-09 06:02:01,42.09586530419089
2026-03-09 06:02:31,35.633062736759875
2026-03-09 06:03:01,35.49722342258888
2026-03-09 06:03:31,38.521186760455336
2026-03-09 06:04:01,35.63670053740972
2026-03-09 06:04:31,32.20462508472678
2026-03-09 06:05:01,33.486111712086185
2026-03-09 06:05:31,36.74454977823235
2026-03-09 06:06:01,34.792506611823015
2026-03-09 06:06:31,49.49060111990977
2026-03-09 06:07:01,56.14114022245856
2026-03-09 06:07:31,33.231619089152026
2026-03-09 06:08:01,35.291953504935606
2026-03-09 06:08:31,38.290441626194735
2026-03-09 06:09:01,39.05839247685664
2026-03-09 06:09:31,31.54471758407949
2026-03-09 06:10:01,37.092992941236936
2026-03-09 06:10:31,38.17638824304864
2026-03-09 06:11:01,40.96695571406956
2026-03-09 06:11:31,29.49815870541238
2026-03-09 06:12:01,26.703674016122907
2026-03-09 06:12:31,63.741665398108594
2026-03-09 06:13:01,33.849124541803924
2026-03-09 06:13:31,39.251775945109394
2026-03-09 06:14:01,41.73507105839528
2026-03-09 06:14:31,43.93360474535291
2026-03-09 06:15:01,40.08462190686035
2026-03-09 06:15:31,40.91767657587668
2026-03-09 06:16:01,36.199802171426896
2026-03-09 06:16:31,36.594544060659025
2026-03-09 06:17:01,33.7068551668334
2026-03-09 06:17:31,36.98785076691432
2026-03-09 06:18:01,47.61089595604188
2026-03-09 06:18:31,42.91481989798921
2026-03-09 06:19:01,54.837347060958564
2026-03-09 06:19:31,50.069311779347494
2026-03-09 06:20:01,30.909818698551057
2026-03-09 06:20:31,25.81840190958482
2026-03-09 06:21:01,32.57370750116704
2026-03-09 06:21:31,40.82347048256713
2026-03-09 06:22:01,36.79305220528805
2026-03-09 06:22:31,34.53357645849175
2026-03-09 06:23:01,32.14425985814812
2026-03-09 06:23:31,37.25341547211923
2026-03-09 06:24:01,42.532130317662485
2026-03-09 06:24:31,224.93043772787743
2026-03-09 06:25:01,69.12168496765406
2026-03-09 06:25:31,36.474507341043214
2026-03-09 06:26:01,37.60382196155415
2026-03-09 06:26:31,38.2616505210292
2026-03-09 06:27:01,45.17683666362585
2026-03-09 06:27:31,37.31828542621498
2026-03-09 06:28:01,53.76332760866796
2026-03-09 06:28:31,46.83770484152559
2026-03-09 06:29:01,43.903633424492
2026-03-09 06:29:31,63.86594691900884
2026-03-09 06:30:01,42.75245145656548
2026-03-09 06:30:31,46.21279343468891
2026-03-09 06:31:01,41.3535507523942
2026-03-09 06:31:31,36.58751424338617
2026-03-09 06:32:01,37.38470827798822
2026-03-09 06:32:31,45.039441859740684
2026-03-09 06:33:01,36.20703041765022
2026-03-09 06:33:31,36.972476023666786
2026-03-09 06:34:01,35.438863738576075
2026-03-09 06:34:31,38.12572533385768
2026-03-09 06:35:01,41.134102822581156
2026-03-09 06:35:31,36.513345644473674
2026-03-09 06:36:01,48.2667053949602
2026-03-09 06:36:31,43.190077406532815
2026-03-09 06:37:01,32.80704039437922
2026-03-09 06:37:31,38.90018793369428
2026-03-09 06:38:01,41.954094822559895
2026-03-09 06:38:31,47.167436401640195
2026-03-09 06:39:01,51.88395470728817
2026-03-09 06:39:31,37.15002461823181
2026-03-09 06:40:01,55.964828830350214
2026-03-09 06:40:31,60.73145630544599
2026-03-09 06:41:01,59.31205123616291
2026-03-09 06:41:31,46.16800933884055
2026-03-09 06:42:01,41.50919696166415
2026-03-09 06:42:31,26.53542246496891
2026-03-09 06:43:01,23.64544159164669
2026-03-09 06:43:31,24.894580016807573
2026-03-09 06:44:01,50.98746039876573
2026-03-09 06:44:31,58.09636312907047
2026-03-09 06:45:01,55.719715102252046
2026-03-09 06:45:31,41.49601896122475
2026-03-09 06:46:01,45.043349765377386
2026-03-09 06:46:31,51.09240676634206
2026-03-09 06:47:01,49.7637719885185
2026-03-09 06:47:31,66.37161736115225
2026-03-09 06:48:01,32.67699035456948
2026-03-09 06:48:31,39.68213245646478
2026-03-09 06:49:01,37.810736651857844
2026-03-09 06:49:31,42.89337837837159
2026-03-09 06:50:01,65.71206701038243
2026-03-09 06:50:31,42.790464803464964
2026-03-09 06:51:01,65.42108596065461
2026-03-09 06:51:31,69.93277557907587
2026-03-09 06:52:01,51.531566578884046
2026-03-09 06:52:31,39.28819422397598
2026-03-09 06:53:01,43.390014930623806
2026-03-09 06:53:31,56.093590654250946
2026-03-09 06:54:01,43.37718477734172
2026-03-09 06:54:31,40.90669171872782
2026-03-09 06:55:01,40.339333192440904
2026-03-09 06:55:31,42.17263137411145
2026-03-09 06:56:01,34.71737006819675
2026-03-09 06:56:31,40.17986440111311
2026-03-09 06:57:01,64.83383842822934
2026-03-09 06:57:31,40.5473850169682
2026-03-09 06:58:01,43.566980026270755
2026-03-09 06:58:31,40.87961014280596
2026-03-09 06:59:01,45.6156228922203
2026-03-09 06:59:31,39.931935308245436
2026-03-09 07:00:01,36.498293197523246
2026-03-09 07:00:31,101.54761077491956
2026-03-09 07:01:01,58.52640173956416
2026-03-09 07:01:31,78.52011270055034
2026-03-09 07:02:01,81.51317701336171
2026-03-09 07:02:31,26.4284815279866
2026-03-09 07:03:01,26.281845926875764
2026-03-09 07:03:31,44.71122572400526
2026-03-09 07:04:01,75.10207842421605
2026-03-09 07:04:31,61.055807544222226
2026-03-09 07:05:01,51.11529517026191
2026-03-09 07:05:31,54.40960490964716
2026-03-09 07:06:01,39.871173309250665
2026-03-09 07:06:31,36.27223240262102
2026-03-09 07:07:01,43.300035557066735
2026-03-09 07:07:31,43.91400726057136
2026-03-09 07:08:01,56.116377573806176
2026-03-09 07:08:31,37.237903450476836
2026-03-09 07:09:01,45.43883084757605
2026-03-09 07:09:31,49.186477601568306
2026-03-09 07:10:01,29.693423611543146
2026-03-09 07:10:31,40.921173467276795
2026-03-09 07:11:01,34.08664937441655
2026-03-09 07:11:31,34.79748377200536
2026-03-09 07:12:01,36.38221368417112
2026-03-09 07:12:31,37.91577957931308
2026-03-09 07:13:01,44.73524507451573
2026-03-09 07:13:31,44.383286391718244
2026-03-09 07:14:01,28.813569814940877
2026-03-09 07:14:31,24.11004505414809
2026-03-09 07:15:01,54.536839910196356
2026-03-09 07:15:31,52.77641754326008
2026-03-09 07:16:01,40.14111958316695
2026-03-09 07:16:31,37.6936204932864
2026-03-09 07:17:01,46.5660852876886
2026-03-09 07:17:31,50.82411939040811
2026-03-09 07:18:01,46.446507695710935
2026-03-09 07:18:31,42.8129610376839
2026-03-09 07:19:01,60.635553194940904
2026-03-09 07:19:31,52.102298377570754
2026-03-09 07:20:01,41.06971737492624
2026-03-09 07:20:31,40.593816265624774
2026-03-09 07:21:01,44.11372185266947
2026-03-09 07:21:31,42.89563386202005
2026-03-09 07:22:01,40.793639882859964
2026-03-09 07:22:31,71.46697808887127
2026-03-09 07:23:01,39.38274310771029
2026-03-09 07:23:31,42.99055005490259
2026-03-09 07:24:01,51.854094153330536
2026-03-09 07:24:31,48.51671001685888
2026-03-09 07:25:01,50.79038183695648
2026-03-09 07:25:31,54.57989601986952
2026-03-09 07:26:01,39.125019749358195
2026-03-09 07:26:31,34.17798971719833
2026-03-09 07:27:01,35.89487356683498
2026-03-09 07:27:31,40.275060616950064
2026-03-09 07:28:01,35.28596191613457
2026-03-09 07:28:31,38.097367384767416
2026-03-09 07:29:01,47.71607128038304
2026-03-09 07:29:31,57.93308421550819
2026-03-09 07:30:01,44.114749369430115
2026-03-09 07:30:31,134.2573146479247
2026-03-09 07:31:01,69.07494391988791
2026-03-09 07:31:31,59.56176277648129
2026-03-09 07:32:01,42.97069722144519
2026-03-09 07:32:31,45.046867704585004
2026-03-09 07:33:01,42.80623226117682
2026-03-09 07:33:31,46.53191900392862
2026-03-09 07:34:01,32.055369434155914
2026-03-09 07:34:31,38.67268232419351
2026-03-09 07:35:01,44.4371028569957
2026-03-09 07:35:31,34.88657928513548
2026-03-09 07:36:01,34.551237148270516
2026-03-09 07:36:31,47.84554541457492
2026-03-09 07:37:01,65.56830994634885
2026-03-09 07:37:31,54.15705704273043
2026-03-09 07:38:01,60.427556018613956
2026-03-09 07:38:31,40.72863604683069
2026-03-09 07:39:01,49.85676784440195
2026-03-09 07:39:31,42.58390165282203
2026-03-09 07:40:01,61.04138215173237
2026-03-09 07:40:31,51.42094479570098
2026-03-09 07:41:01,38.172214711245374
2026-03-09 07:41:31,45.3271767456438
2026-03-09 07:42:01,67.03509696422091
2026-03-09 07:42:31,29.234271354491053
2026-03-09 07:43:01,26.54147876705587
2026-03-09 07:43:31,47.81709531957546
2026-03-09 07:44:01,43.17511486277231
2026-03-09 07:44:31,42.756420984295765
2026-03-09 07:45:01,26.191596172496123
2026-03-09 07:45:31,29.157547553155077
2026-03-09 07:46:01,43.55562669846784
2026-03-09 07:46:31,48.76445395141869
2026-03-09 07:47:01,55.38481212690054
2026-03-09 07:47:31,66.97371003686466
2026-03-09 07:48:01,55.91151584238381
2026-03-09 07:48:31,50.020877946824925
2026-03-09 07:49:01,39.22400363794559
2026-03-09 07:49:31,40.963934449392234
2026-03-09 07:50:01,44.73559430595732
2026-03-09 07:50:31,43.27254292069836
2026-03-09 07:51:01,37.43192418630287
2026-03-09 07:51:31,53.24505739284614
2026-03-09 07:52:01,37.70989593894606
2026-03-09 07:52:31,40.86737725052397
2026-03-09 07:53:01,47.7308435699521
2026-03-09 07:53:31,45.010548154812184
2026-03-09 07:54:01,35.32419508010236
2026-03-09 07:54:31,42.094823701429256
2026-03-09 07:55:01,38.13065388763612
2026-03-09 07:55:31,41.991860309835545
2026-03-09 07:56:01,38.05850266278644
2026-03-09 07:56:31,41.97493025158691
2026-03-09 07:57:01,45.696134691131874
2026-03-09 07:57:31,61.00811823097442
2026-03-09 07:58:01,51.45800384893102
2026-03-09 07:58:31,66.25355394259141
2026-03-09 07:59:01,47.24464087409982
2026-03-09 07:59:31,38.567394445476424
2026-03-09 08:00:01,36.772925569066665
2026-03-09 08:00:31,22.947656436317565
2026-03-09 08:01:01,24.8524539993596
2026-03-09 08:01:31,44.46683765869853
2026-03-09 08:02:01,47.62505194084255
2026-03-09 08:02:31,42.601371954657715
2026-03-09 08:03:01,239.67249484773026
2026-03-09 08:03:31,101.64213975015097
2026-03-09 08:04:01,42.30511801079883
2026-03-09 08:04:31,56.471329063116634
2026-03-09 08:05:01,43.11065974623285
2026-03-09 08:05:31,41.34333879301948
2026-03-09 08:06:01,74.62471099363111
2026-03-09 08:06:31,40.42562954347616
2026-03-09 08:07:01,38.48824645814698
2026-03-09 08:07:31,40.896306776249354
2026-03-09 08:08:01,48.58543591711144
2026-03-09 08:08:31,82.59885034556474
2026-03-09 08:09:01,71.61789225693873
2026-03-09 08:09:31,26.862569947487046
2026-03-09 08:10:01,49.40879346249152
2026-03-09 08:10:31,37.40915584552069
2026-03-09 08:11:01,44.44811542659954
2026-03-09 08:11:31,46.7421461631265
2026-03-09 08:12:01,50.71335326999502
2026-03-09 08:12:31,52.48245456147966
2026-03-09 08:13:01,52.05856156077403
2026-03-09 08:13:31,39.14001291483334
2026-03-09 08:14:01,34.074827660111474
2026-03-09 08:14:31,42.140638136703615
2026-03-09 08:15:01,47.20872125589359
2026-03-09 08:15:31,41.301249092138896
2026-03-09 08:16:01,32.888681013599744
2026-03-09 08:16:31,44.24706841920675
2026-03-09 08:17:01,51.46192481410983
2026-03-09 08:17:31,36.58129201356153
2026-03-09 08:18:01,35.16844733193141
2026-03-09 08:18:31,41.596184057822164
2026-03-09 08:19:01,45.57632327184254
2026-03-09 08:19:31,35.93765521301936
2026-03-09 08:20:01,35.995903470451246
2026-03-09 08:20:31,38.99391236807853
2026-03-09 08:21:01,36.35648303994876
2026-03-09 08:21:31,45.247367949098795
2026-03-09 08:22:01,47.577327830168244
2026-03-09 08:22:31,41.16715277632682
2026-03-09 08:23:01,40.9083644124137
2026-03-09 08:23:31,40.68903650776836
2026-03-09 08:24:01,43.613260729443475
2026-03-09 08:24:31,39.78736206171272
2026-03-09 08:25:01,41.83823240943545
2026-03-09 08:25:31,40.61488739340277
2026-03-09 08:26:01,32.70568079190662
2026-03-09 08:26:31,59.0411610082142
2026-03-09 08:27:01,79.85413219232795
2026-03-09 08:27:31,63.1245636390652
2026-03-09 08:28:01,46.27770768740393
2026-03-09 08:28:31,44.26462078169059
2026-03-09 08:29:01,40.67663409716448
2026-03-09 08:29:31,38.57237378822575
2026-03-09 08:30:01,41.25519019897623
2026-03-09 08:30:31,40.860757399336975
2026-03-09 08:31:01,42.08575013163935
2026-03-09 08:31:31,47.0080836805474
2026-03-09 08:32:01,39.027084529410814
2026-03-09 08:32:31,49.444373946789476
2026-03-09 08:33:01,46.61997652037461
2026-03-09 08:33:31,73.10233400549386
2026-03-09 08:34:01,52.55885191675789
2026-03-09 08:34:31,37.684359736674864
2026-03-09 08:35:01,35.973701222714624
2026-03-09 08:35:31,38.66623407129344
2026-03-09 08:36:01,42.32293065336709
2026-03-09 08:36:31,37.33733471028704
2026-03-09 08:37:01,44.47108317801344
2026-03-09 08:37:31,35.70198829193384
2026-03-09 08:38:01,39.6301035461563
2026-03-09 08:38:31,42.04913082922629
2026-03-09 08:39:01,98.62135380554118
2026-03-09 08:39:31,68.4648635170131
2026-03-09 08:40:01,40.60652583421788
2026-03-09 08:40:31,41.53305722786902
2026-03-09 08:41:01,41.99023163226895
2026-03-09 08:41:31,36.30698420354504
2026-03-09 08:42:01,37.19660149047079
2026-03-09 08:42:31,40.90746396825952
2026-03-09 08:43:01,59.856006744607846
2026-03-09 08:43:31,57.473481103847035
2026-03-09 08:44:01,55.42352663911737
2026-03-09 08:44:31,48.70030837342577
2026-03-09 08:45:01,51.474890807514065
2026-03-09 08:45:31,36.84638611414758
2026-03-09 08:46:01,46.48343716196119
2026-03-09 08:46:31,27.379689961866294
2026-03-09 08:47:01,36.10106711844783
2026-03-09 08:47:31,49.72236449644474
2026-03-09 08:48:01,51.152177214939776
2026-03-09 08:48:31,43.461585328294305
2026-03-09 08:49:01,47.640336764786404
2026-03-09 08:49:31,36.67042846859479
2026-03-09 08:50:01,36.95298893873036
2026-03-09 08:50:31,41.1977744936692
2026-03-09 08:51:01,44.880848847069274
2026-03-09 08:51:31,39.284513456889535
2026-03-09 08:52:01,36.986495470444154
2026-03-09 08:52:31,35.97527492205966
2026-03-09 08:53:01,37.55556091632832
2026-03-09 08:53:31,40.590188759783324
2026-03-09 08:54:01,44.89405679144832
2026-03-09 08:54:31,41.83255898189643
2026-03-09 08:55:01,32.573363737306984
2026-03-09 08:55:31,37.17078808230412
2026-03-09 08:56:01,33.24789192993164
2026-03-09 08:56:31,40.188562278203634
2026-03-09 08:57:01,43.64540361848864
2026-03-09 08:57:31,33.40171274431354
2026-03-09 08:58:01,41.27543236176975
2026-03-09 08:58:31,37.3020002870567
2026-03-09 08:59:01,39.89738412645726
2026-03-09 08:59:31,49.47703598941685
2026-03-09 09:00:01,45.665530633337
2026-03-09 09:00:31,106.49132015154214
2026-03-09 09:01:01,56.56990064447491
2026-03-09 09:01:31,44.61855985524177
2026-03-09 09:02:01,53.76357752090654
2026-03-09 09:02:31,40.72924283834859
2026-03-09 09:03:01,38.290649484909096
2026-03-09 09:03:31,41.43132915924887
2026-03-09 09:04:01,35.93455533931351
2026-03-09 09:04:31,38.1830090277121
2026-03-09 09:05:01,41.84699114643782
2026-03-09 09:05:31,51.2705887738896
2026-03-09 09:06:01,41.85394568528454
2026-03-09 09:06:31,39.59284535168122
2026-03-09 09:07:01,40.93030197482081
2026-03-09 09:07:31,49.773288571597604
2026-03-09 09:08:01,49.75315810499
2026-03-09 09:08:31,43.07687706609826
2026-03-09 09:09:01,38.97976272744725
2026-03-09 09:09:31,42.712225385775945
2026-03-09 09:10:01,41.14184692704955
2026-03-09 09:10:31,46.74325897755806
2026-03-09 09:11:01,39.05090547612688
2026-03-09 09:11:31,32.99578838353611
2026-03-09 09:12:01,38.74484176181836
2026-03-09 09:12:31,38.674199390756854
2026-03-09 09:13:01,42.93419880118866
2026-03-09 09:13:31,49.79909868154286
2026-03-09 09:14:01,62.00500435441884
2026-03-09 09:14:31,71.54614597064186
2026-03-09 09:15:01,52.473530581329655
2026-03-09 09:15:31,50.65189247517966
2026-03-09 09:16:01,36.930398204333315
2026-03-09 09:16:31,50.023277533408375
2026-03-09 09:17:01,45.82671391829559
2026-03-09 09:17:31,75.20618922858274
2026-03-09 09:18:01,47.36618205958174
2026-03-09 09:18:31,40.95237809629647
2026-03-09 09:19:01,38.00711519882739
2026-03-09 09:19:31,45.34493258866868
2026-03-09 09:20:01,76.1204666636345
2026-03-09 09:20:31,46.54604421157285
2026-03-09 09:21:01,43.7889666822649
2026-03-09 09:21:31,42.05145080840421
2026-03-09 09:22:01,41.40722612139378
2026-03-09 09:22:31,43.22657319854227
2026-03-09 09:23:01,44.79940305543686
2026-03-09 09:23:31,40.42751214214987
2026-03-09 09:24:01,41.37774982663866
2026-03-09 09:24:31,36.9466516664573
2026-03-09 09:25:01,40.80634923810798
2026-03-09 09:25:31,42.32095235006646
2026-03-09 09:26:01,39.800490252924035
2026-03-09 09:26:31,38.10926909893822
2026-03-09 09:27:01,40.404742000715274
2026-03-09 09:27:31,35.311690172668456
2026-03-09 09:28:01,37.05680487055991
2026-03-09 09:28:31,34.81341126739648
2026-03-09 09:29:01,48.4740501583149
2026-03-09 09:29:31,49.14335731459622
2026-03-09 09:30:01,56.127169776096544
2026-03-09 09:30:31,61.27319701930829
2026-03-09 09:31:01,49.40184108638531
2026-03-09 09:31:31,25.244785613548743
2026-03-09 09:32:01,40.99092536373751
2026-03-09 09:32:31,37.884008335542305
2026-03-09 09:33:01,38.53675089785838
2026-03-09 09:33:31,35.782406451352884
2026-03-09 09:34:01,39.810015567220155
2026-03-09 09:34:31,42.61519205698247
2026-03-09 09:35:01,40.482285180323466
2026-03-09 09:35:31,46.64685315838782
2026-03-09 09:36:01,42.35288608474346
2026-03-09 09:36:31,39.754169137507965
2026-03-09 09:37:01,38.708210366838024
2026-03-09 09:37:31,41.725305853574426
2026-03-09 09:38:01,48.745832049818965
2026-03-09 09:38:31,38.33430359462232
2026-03-09 09:39:01,33.590202286392405
2026-03-09 09:39:31,42.59275743143231
2026-03-09 09:40:01,60.91371377223177
2026-03-09 09:40:31,39.19458860315734
2026-03-09 09:41:01,39.26663205489114
2026-03-09 09:41:31,37.994218613992096
2026-03-09 09:42:01,41.5315466488457
2026-03-09 09:42:31,46.45945394816548
2026-03-09 09:43:01,49.08458491860942
2026-03-09 09:43:31,53.8890091971307
2026-03-09 09:44:01,39.639067653400176
2026-03-09 09:44:31,36.43852119848929
2026-03-09 09:45:01,43.96017841647774
2026-03-09 09:45:31,47.45879551457348
2026-03-09 09:46:01,43.36672777227065
2026-03-09 09:46:31,36.90770249764045
2026-03-09 09:47:01,51.97619912223068
2026-03-09 09:47:31,25.67013870301017
2026-03-09 09:48:01,83.92281495939885
2026-03-09 09:48:31,215.40243009673299
2026-03-09 09:49:01,46.09019198391942
2026-03-09 09:49:31,33.8554273716897
2026-03-09 09:50:01,36.285643656115326
2026-03-09 09:50:31,44.70804239401864
2026-03-09 09:51:01,42.94522847064626
2026-03-09 09:51:31,38.04570394916732
2026-03-09 09:52:01,35.54727330915293
2026-03-09 09:52:31,39.54787154012113
2026-03-09 09:53:01,39.95412887641628
2026-03-09 09:53:31,41.69571311302484
2026-03-09 09:54:01,40.331314764514424
2026-03-09 09:54:31,46.05141153164276
2026-03-09 09:55:01,56.10470733296873
2026-03-09 09:55:31,44.13112100859354
2026-03-09 09:56:01,34.984973256652616
2026-03-09 09:56:31,48.03845235744789
2026-03-09 09:57:01,41.04297717462975
2026-03-09 09:57:31,40.183643840700086
2026-03-09 09:58:01,41.6891881747794
2026-03-09 09:58:31,34.71814199705084
2026-03-09 09:59:01,43.895037843827424
2026-03-09 09:59:31,49.72295692145104
2026-03-09 10:00:01,49.114874668425216
2026-03-09 10:00:31,46.03877414648739
2026-03-09 10:01:01,46.356649868427766
2026-03-09 10:01:31,60.69784637085962
2026-03-09 10:02:01,40.51116562747159
2026-03-09 10:02:31,35.767804339500195
2026-03-09 10:03:01,53.803877889934796
2026-03-09 10:03:31,53.02346053423058
2026-03-09 10:04:01,51.79861203314877
2026-03-09 10:04:31,57.953847766924774
2026-03-09 10:05:01,59.05212908748453
2026-03-09 10:05:31,39.44017978374216
2026-03-09 10:06:01,37.346427051020555
2026-03-09 10:06:31,44.171511094371006
2026-03-09 10:07:01,42.53929890501317
2026-03-09 10:07:31,39.981660218974255
2026-03-09 10:08:01,40.76203481861349
2026-03-09 10:08:31,40.47816542796613
2026-03-09 10:09:01,44.6353933831398
2026-03-09 10:09:31,43.73850367507627
2026-03-09 10:10:01,63.42739325996277
2026-03-09 10:10:31,57.30081481192255
2026-03-09 10:11:01,69.54745497065069
2026-03-09 10:11:31,41.31801462247536
2026-03-09 10:12:01,41.150672648419345
2026-03-09 10:12:31,51.2054993035607
2026-03-09 10:13:01,37.33231485538955
2026-03-09 10:13:31,41.89788790677259
2026-03-09 10:14:01,41.459859445377866
2026-03-09 10:14:31,35.797432935769706
2026-03-09 10:15:01,33.41369743077068
2026-03-09 10:15:31,42.55344846886378
2026-03-09 10:16:01,39.11615155870189
2026-03-09 10:16:31,56.69006443404459
2026-03-09 10:17:01,44.81268344705542
2026-03-09 10:17:31,46.51378448363359
2026-03-09 10:18:01,37.65207650476849
2026-03-09 10:18:31,24.064096248150737
2026-03-09 10:19:01,45.169443003933004
2026-03-09 10:19:31,40.08757422861353
2026-03-09 10:20:01,37.04164362828307
2026-03-09 10:20:31,41.852017147126006
2026-03-09 10:21:01,38.46716327825498
2026-03-09 10:21:31,35.001966985788805
2026-03-09 10:22:01,37.51601387989143
2026-03-09 10:22:31,37.21946231276838
2026-03-09 10:23:01,43.09289289509465
2026-03-09 10:23:31,42.059319282754224
2026-03-09 10:24:01,76.85178391470728
2026-03-09 10:24:31,38.19239525181484
2026-03-09 10:25:01,48.521609213482606
2026-03-09 10:25:31,46.97671556218906
2026-03-09 10:26:01,38.62895888538958
2026-03-09 10:26:31,34.14486467374296
2026-03-09 10:27:01,41.877523121877466
2026-03-09 10:27:31,43.21005625122829
2026-03-09 10:28:01,33.88045197902744
2026-03-09 10:28:31,36.05740614574162
2026-03-09 10:29:01,39.31547758798799
2026-03-09 10:29:31,43.412093339084066
2026-03-09 10:30:01,41.41098531358357
2026-03-09 10:30:31,45.31182287563298
2026-03-09 10:31:01,36.466327168576484
2026-03-09 10:31:31,46.902765372175324
2026-03-09 10:32:01,53.749043935069686
2026-03-09 10:32:31,40.6121777636953
2026-03-09 10:33:01,35.878603455938304
2026-03-09 10:33:31,40.526542253414014
2026-03-09 10:34:01,33.250189751432124
2026-03-09 10:34:31,40.531515022935295
2026-03-09 10:35:01,35.94924404802788
2026-03-09 10:35:31,59.766569048864724
2026-03-09 10:36:01,102.33333903409525
2026-03-09 10:36:31,51.180839159841206
2026-03-09 10:37:01,34.53845059918632
2026-03-09 10:37:31,41.596256651488034
2026-03-09 10:38:01,35.92384627726285
2026-03-09 10:38:31,37.84965419001504
2026-03-09 10:39:01,35.96433455053792
2026-03-09 10:39:31,33.67453033873048
2026-03-09 10:40:01,41.33918941352152
2026-03-09 10:40:31,50.793589188736355
2026-03-09 10:41:01,40.804656508348224
2026-03-09 10:41:31,42.283596380091026
2026-03-09 10:42:01,35.56783376303714
2026-03-09 10:42:31,48.23949003536894
2026-03-09 10:43:01,48.29579888114879
2026-03-09 10:43:31,57.156443393964786
2026-03-09 10:44:01,50.14647223052903
2026-03-09 10:44:31,43.667394379336216
2026-03-09 10:45:01,53.54883496471312
2026-03-09 10:45:31,47.65884584702341
2026-03-09 10:46:01,64.82354075830911
2026-03-09 10:46:31,43.70361486898077
2026-03-09 10:47:01,38.64091227868244
2026-03-09 10:47:31,37.287295305859566
2026-03-09 10:48:01,34.07083722575063
2026-03-09 10:48:31,42.570932346841445
2026-03-09 10:49:01,27.06960701540013
2026-03-09 10:49:31,93.05971752533975
2026-03-09 10:50:01,24.998397802236248
2026-03-09 10:50:31,24.506633248247685
2026-03-09 10:51:01,56.818162976063924
2026-03-09 10:51:31,64.2984035888484
2026-03-09 10:52:01,45.53726686476453
2026-03-09 10:52:31,52.20425081583186
2026-03-09 10:53:01,41.97577163598092
2026-03-09 10:53:31,39.99723384277408
2026-03-09 10:54:01,47.843010067676104
2026-03-09 10:54:31,40.11874820389578
2026-03-09 10:55:01,44.433408149248784
2026-03-09 10:55:31,40.29211414217251
2026-03-09 10:56:01,41.15905255590477
2026-03-09 10:56:31,40.40828552506169
2026-03-09 10:57:01,54.14254797344991
2026-03-09 10:57:31,47.26649668633748
2026-03-09 10:58:01,36.12377103796201
2026-03-09 10:58:31,42.191673386303535
2026-03-09 10:59:01,40.5175251676036
2026-03-09 10:59:31,46.00758192037922
2026-03-09 11:00:01,147.58285878556637
2026-03-09 11:00:31,132.2788914195203
2026-03-09 11:01:01,49.80288990748414
2026-03-09 11:01:31,39.46758924996047
2026-03-09 11:02:01,49.2970494378844
2026-03-09 11:02:31,57.92992723266143
2026-03-09 11:03:01,63.88828986595413
2026-03-09 11:03:31,48.12921622373231
2026-03-09 11:04:01,42.374454235388065
2026-03-09 11:04:31,48.13525016121055
2026-03-09 11:05:01,37.933460381290715
2026-03-09 11:05:31,50.04045271237404
2026-03-09 11:06:01,59.25405920807339
2026-03-09 11:06:31,40.27464301848795
2026-03-09 11:07:01,46.473916425277075
2026-03-09 11:07:31,43.47702141464651
2026-03-09 11:08:01,44.27232335540053
2026-03-09 11:08:31,39.07202404298813
2026-03-09 11:09:01,43.36247853350484
2026-03-09 11:09:31,39.29237318059496
2026-03-09 11:10:01,36.4437281072878
2026-03-09 11:10:31,37.98718857140586
2026-03-09 11:11:01,44.52588702537399
2026-03-09 11:11:31,53.58946659435715
2026-03-09 11:12:01,47.17415615888729
2026-03-09 11:12:31,43.77316284197671
2026-03-09 11:13:01,44.95495829539627
2026-03-09 11:13:31,39.99820387622782
2026-03-09 11:14:01,40.60100209647268
2026-03-09 11:14:31,38.473697458712834
2026-03-09 11:15:01,39.78405404276336
2026-03-09 11:15:31,59.55871804568756
2026-03-09 11:16:01,56.82627729107549
2026-03-09 11:16:31,43.123623166178824
2026-03-09 11:17:01,47.28317723383694
2026-03-09 11:17:31,41.873738590324066
2026-03-09 11:18:01,32.93206987900976
2026-03-09 11:18:31,35.98627839604422
2026-03-09 11:19:01,34.91213202045608
2026-03-09 11:19:31,29.06623614972227
2026-03-09 11:20:01,24.03632838765125
2026-03-09 11:20:31,41.76064687766755
2026-03-09 11:21:01,53.531225008728256
2026-03-09 11:21:31,49.61553468972314
2026-03-09 11:22:01,43.54097539116274
2026-03-09 11:22:31,42.44644975102849
2026-03-09 11:23:01,39.33176537175814
2026-03-09 11:23:31,37.460023304028375
2026-03-09 11:24:01,43.47134238289251
2026-03-09 11:24:31,43.006760840573264
2026-03-09 11:25:01,44.184443896698674
2026-03-09 11:25:31,49.28784186251123
2026-03-09 11:26:01,38.22940373633369
2026-03-09 11:26:31,38.33140309542451
2026-03-09 11:27:01,39.271882792352066
2026-03-09 11:27:31,58.674408431961254
2026-03-09 11:28:01,35.53876952594186
2026-03-09 11:28:31,41.106999576208594
2026-03-09 11:29:01,45.41966082230663
2026-03-09 11:29:31,42.639824830124184
2026-03-09 11:30:01,54.68577435051812
2026-03-09 11:30:31,89.01675986626853
2026-03-09 11:31:01,40.28326491378519
2026-03-09 11:31:31,45.86542106440266
2026-03-09 11:32:01,38.84677118651456
2026-03-09 11:32:31,42.14356867567469
2026-03-09 11:33:01,50.60556661967615
2026-03-09 11:33:31,46.29687310295258
2026-03-09 11:34:01,37.741533041743665
2026-03-09 11:34:31,50.29434883455558
2026-03-09 11:35:01,42.853516932954975
2026-03-09 11:35:31,44.6156207152126
2026-03-09 11:36:01,88.1852817610516
2026-03-09 11:36:31,128.641999255382
2026-03-09 11:37:01,41.64058845457238
2026-03-09 11:37:31,48.197248573240046
2026-03-09 11:38:01,42.847394474372095
2026-03-09 11:38:31,42.31402510202271
2026-03-09 11:39:01,34.23422633379527
2026-03-09 11:39:31,54.016013689248865
2026-03-09 11:40:01,44.15542932584636
2026-03-09 11:40:31,49.822839535876575
2026-03-09 11:41:01,51.143570533963654
2026-03-09 11:41:31,41.989733034015146
2026-03-09 11:42:01,36.88479225452313
2026-03-09 11:42:31,41.60680338530693
2026-03-09 11:43:01,47.31859010128151
2026-03-09 11:43:31,39.274567536405094
2026-03-09 11:44:01,35.596784156895126
2026-03-09 11:44:31,38.123175718074116
2026-03-09 11:45:01,44.50272453057332
2026-03-09 11:45:31,48.20270358787826
2026-03-09 11:46:01,48.92329765502941
2026-03-09 11:46:31,61.198031484691626
2026-03-09 11:47:01,89.64109971103034
2026-03-09 11:47:31,41.252471589200326
2026-03-09 11:48:01,39.87402981521899
2026-03-09 11:48:31,41.43165614938065
2026-03-09 11:49:01,35.70012186981842
2026-03-09 11:49:31,39.782923169391125
2026-03-09 11:50:01,41.058714168176564
2026-03-09 11:50:31,34.364199464944065
2026-03-09 11:51:01,34.61716702814371
2026-03-09 11:51:31,69.76360265456299
2026-03-09 11:52:01,56.289288621599
2026-03-09 11:52:31,39.164717127543106
2026-03-09 11:53:01,35.21218611813478
2026-03-09 11:53:31,40.375303831015614
2026-03-09 11:54:01,55.232275830965804
2026-03-09 11:54:31,34.88466277712678
2026-03-09 11:55:01,36.82081480757644
2026-03-09 11:55:31,43.08652016168678
2026-03-09 11:56:01,43.08702513320313
2026-03-09 11:56:31,44.4541694065287
2026-03-09 11:57:01,37.73872406941411
2026-03-09 11:57:31,43.291514345298914
2026-03-09 11:58:01,38.60831711701644
2026-03-09 11:58:31,35.92374002362872
2026-03-09 11:59:01,35.440348804056434
2026-03-09 11:59:31,37.743612368076555
2026-03-09 12:00:01,48.574701701685356
2026-03-09 12:00:31,46.500180672711586
2026-03-09 12:01:01,49.76494192812472
2026-03-09 12:01:31,64.25781044503819
2026-03-09 12:02:01,42.23297398616776
2026-03-09 12:02:31,37.19536315203712
2026-03-09 12:03:01,43.396465600761566
2026-03-09 12:03:31,38.55774709997177
2026-03-09 12:04:01,42.48335247156368
2026-03-09 12:04:31,46.55464989629547
2026-03-09 12:05:01,39.145265610273775
2026-03-09 12:05:31,38.28768425557374
2026-03-09 12:06:01,39.90951402455727
2026-03-09 12:06:31,39.91703644627345
2026-03-09 12:07:01,40.65455540389273
2026-03-09 12:07:31,41.03281068496387
2026-03-09 12:08:01,44.04143252615837
2026-03-09 12:08:31,41.60664769948848
2026-03-09 12:09:01,48.038861679737096
2026-03-09 12:09:31,43.8315445335727
2026-03-09 12:10:01,35.84509769203017
2026-03-09 12:10:31,45.82225572334498
2026-03-09 12:11:01,46.97629690909865
2026-03-09 12:11:31,34.96196628761531
2026-03-09 12:12:01,36.801766182763124
2026-03-09 12:12:31,139.7700943659119
2026-03-09 12:13:01,66.22229009777264
2026-03-09 12:13:31,26.122211069341095
2026-03-09 12:14:01,47.890463173620105
2026-03-09 12:14:31,49.7169480214707
2026-03-09 12:15:01,57.15802007442484
2026-03-09 12:15:31,66.5149354774648
2026-03-09 12:16:01,62.91837967893981
2026-03-09 12:16:31,44.857172131043214
2026-03-09 12:17:01,93.19610227070874
2026-03-09 12:17:31,105.17819770812144
2026-03-09 12:18:01,76.81754309834153
2026-03-09 12:18:31,68.4875155137733
2026-03-09 12:19:01,52.63981638803372
2026-03-09 12:19:31,135.62467429122137
2026-03-09 12:20:01,40.28705547937882
2026-03-09 12:20:31,73.94340765072326
2026-03-09 12:21:01,47.62739354131751
2026-03-09 12:21:31,45.376992506499256
2026-03-09 12:22:01,43.94679033877523
2026-03-09 12:22:31,43.46288997912813
2026-03-09 12:23:01,41.59522603762991
2026-03-09 12:23:31,41.19077849206407
2026-03-09 12:24:01,49.3031983632374
2026-03-09 12:24:31,45.88017715125578
2026-03-09 12:25:01,42.556542955300216
2026-03-09 12:25:31,56.3054350341687
2026-03-09 12:26:01,37.74658841121267
2026-03-09 12:26:31,43.595539459785854
2026-03-09 12:27:01,38.532341949292096
2026-03-09 12:27:31,40.38477670427687
2026-03-09 12:28:01,38.68373765477543
2026-03-09 12:28:31,42.11070077729708
2026-03-09 12:29:01,52.87908381446572
2026-03-09 12:29:31,42.74373998751084
2026-03-09 12:30:01,43.08546650709113
2026-03-09 12:30:31,48.12169282324199
2026-03-09 12:31:01,35.71559581166024
2026-03-09 12:31:31,74.4920870032252
2026-03-09 12:32:01,91.8580027586685
2026-03-09 12:32:31,135.58263534178866
2026-03-09 12:33:01,142.95715008395362
2026-03-09 12:33:31,154.40807809172205
2026-03-09 12:34:01,48.63999621949175
2026-03-09 12:34:31,47.77800825408146
2026-03-09 12:35:01,84.70864501890509
2026-03-09 12:35:31,125.61659038483239
2026-03-09 12:36:01,112.3214234238642
2026-03-09 12:36:31,92.92379609328475
2026-03-09 12:37:01,104.84830576978399
2026-03-09 12:37:31,129.0282926687827
2026-03-09 12:38:01,116.01308896431144
2026-03-09 12:38:31,83.68791305044829
2026-03-09 12:39:01,106.12741542166025
2026-03-09 12:39:31,53.81240135339185
2026-03-09 12:40:01,52.37611617558551
2026-03-09 12:40:31,79.47865014682272
2026-03-09 12:41:01,115.11217183403357
2026-03-09 12:41:31,78.7889197496713
2026-03-09 12:42:01,67.47001529063395
2026-03-09 12:42:31,47.18962896051296
2026-03-09 12:43:01,43.728096007875806
2026-03-09 12:43:31,49.31442026718354
2026-03-09 12:44:01,60.752225287346405
