Time,"__name__=""promtail_custom_block_processed_after_seconds"",container_id=""rskj-miner1"",exported_job=""docker-json-logs"",instance=""host.docker.internal:9080"",job=""promtail"",source=""promtail""","__name__=""promtail_custom_block_processed_after_seconds"",container_id=""rskj-miner2"",exported_job=""docker-json-logs"",instance=""host.docker.internal:9080"",job=""promtail"",source=""promtail""","__name__=""promtail_custom_block_processed_after_seconds"",container_id=""rskj-miner3"",exported_job=""docker-json-logs"",instance=""host.docker.internal:9080"",job=""promtail"",source=""promtail""","__name__=""promtail_custom_block_processed_after_seconds"",container_id=""rskj-miner4"",exported_job=""docker-json-logs"",instance=""host.docker.internal:9080"",job=""promtail"",source=""promtail""","__name__=""promtail_custom_block_processed_after_seconds"",container_id=""rskj-node1"",exported_job=""docker-json-logs"",instance=""host.docker.internal:9080"",job=""promtail"",source=""promtail""","__name__=""promtail_custom_block_processed_after_seconds"",container_id=""rskj-node2"",exported_job=""docker-json-logs"",instance=""host.docker.internal:9080"",job=""promtail"",source=""promtail"""
2026-02-19 04:06:23,0.630236,0.445397,1.217618,0.963108,1.197146,0.692908
2026-02-19 04:06:53,0.177664,0.292908,0.246618,0.128854,0.437878,0.288602
2026-02-19 04:07:23,1.800892,0.832706,0.993716,2.124417,1.520309,1.665526
2026-02-19 04:07:53,1.800892,0.832706,0.993716,2.124417,1.520309,1.665526
2026-02-19 04:08:23,1.800892,0.832706,0.993716,2.124417,1.520309,1.665526
2026-02-19 04:08:53,0.229307,0.013108,0.015158,0.021802,0.014477,0.00896
2026-02-19 04:09:23,0.489763,0.303807,0.805125,0.638156,0.806863,0.499397
2026-02-19 04:09:53,0.614265,1.41339,0.460657,0.508241,0.405648,0.386302
2026-02-19 04:10:23,0.814799,0.63664,0.311196,0.830955,0.614055,0.000064
2026-02-19 04:10:53,0.549037,0.468207,0.754143,0.759957,0.438136,0.465062
2026-02-19 04:11:23,0.722254,0.371445,0.621714,0.830238,0.59477,0.586838
2026-02-19 04:11:53,0.765011,0.714812,0.795099,0.547945,0.494934,0.668038
2026-02-19 04:12:23,0.49033,0.239699,0.482124,0.502974,0.54822,0.388514
2026-02-19 04:12:53,0.651564,0.839993,0.533093,0.88811,0.687057,0.444148
2026-02-19 04:13:23,0.536042,0.84782,0.882494,0.73301,0.47267,0.49995
2026-02-19 04:13:53,0.605333,0.446586,0.505901,1.00024,0.391809,0.836355
2026-02-19 04:14:23,1.085035,0.410279,1.501289,0.000053,5.127586,0.530863
2026-02-19 04:14:53,0.878887,1.070998,0.52317,1.308355,0.477104,0.49606
2026-02-19 04:15:23,5.361932,1.250024,0.634028,0.56808,0.487244,0.000097
2026-02-19 04:15:53,0.785521,0.777213,0.750951,0.56534,0.633657,0.693967
2026-02-19 04:16:23,0.414879,1.17702,0.934163,0.982905,0.95363,0.914985
2026-02-19 04:16:53,0.414879,1.17702,0.934163,0.982905,0.95363,0.914985
2026-02-19 04:17:23,0.77326,0.797454,0.576608,1.038994,0.566406,0.814883
2026-02-19 04:17:53,0.353288,0.597683,0.016178,0.434754,0.561217,0.585304
2026-02-19 04:18:23,0.992591,0.549484,1.199542,0.976084,0.725323,0.692781
2026-02-19 04:18:53,0.945701,0.389608,0.73892,1.115189,0.746841,0.638183
2026-02-19 04:19:23,0.988359,0.845818,1.075067,0.478232,0.594239,0.812659
2026-02-19 04:19:53,0.998174,0.957251,0.705109,0.918433,0.633822,0.71097
2026-02-19 04:20:23,0.678234,0.780071,0.909438,0.97395,0.646736,0.692457
2026-02-19 04:20:53,0.569612,0.904379,1.569227,1.236544,0.71607,1.17298
2026-02-19 04:21:23,0.778312,1.013812,1.152847,0.572562,0.518997,1.072264
2026-02-19 04:21:53,0.520513,0.53391,0.00003,0.521781,0.612864,0.623205
2026-02-19 04:22:23,0.909488,0.542228,0.000241,1.275021,0.000058,0.000143
2026-02-19 04:22:53,0.633658,0.708421,0.374785,0.439523,0.809884,1.000626
2026-02-19 04:23:23,1.133175,1.218343,0.814107,5.782541,0.696722,1.056728
2026-02-19 04:23:53,0.495261,0.510523,0.575193,0.958978,1.46929,0.502759
2026-02-19 04:24:23,0.58216,1.467528,1.256178,1.593583,1.001589,0.773908
2026-02-19 04:24:53,1.805506,1.144311,0.52881,1.561758,1.100282,1.343056
2026-02-19 04:25:23,1.621081,0.91828,1.827753,0.956169,1.333427,1.161071
2026-02-19 04:25:53,1.621081,0.91828,1.827753,0.956169,1.333427,1.161071
2026-02-19 04:26:23,0.667719,1.504998,1.674269,1.728096,1.206716,0.651647
2026-02-19 04:26:53,1.356734,1.518372,1.706605,0.796849,1.129304,3.058803
2026-02-19 04:27:23,0.72212,1.503593,1.483001,1.144846,0.980789,1.144062
2026-02-19 04:27:53,1.202306,0.021517,0.032454,0.014504,0.023887,0.019803
2026-02-19 04:28:23,0.515514,2.288979,0.021625,0.021688,0.011242,0.030893
2026-02-19 04:28:53,0.004314,1.279079,1.951389,2.318748,1.469877,1.698
2026-02-19 04:29:23,0.836577,0.939725,1.676002,2.090769,1.365078,1.356082
2026-02-19 04:29:53,1.818492,1.672853,1.343964,1.977073,1.298295,1.963808
2026-02-19 04:30:23,0.386154,0.622315,0.439232,0.286805,0.807386,0.61648
2026-02-19 04:30:53,1.604644,0.348533,0.29367,0.377854,1.049235,7.97533
2026-02-19 04:31:23,1.561275,0.4115,0.357197,0.497189,1.057202,1.399811
2026-02-19 04:31:53,1.875115,0.372666,0.491154,0.278511,1.461738,1.299584
2026-02-19 04:32:23,0.260934,1.634883,1.624296,1.725001,1.537073,1.831968
2026-02-19 04:32:53,0.765467,2.417225,3.046276,2.635975,1.896542,1.864897
2026-02-19 04:33:23,0.000037,0.009593,0.013708,0.008697,0.008257,0.006412
2026-02-19 04:33:53,2.327576,0.593793,0.619238,0.369672,2.905381,1.87211
2026-02-19 04:34:23,2.036304,1.020476,1.815674,1.736568,1.756557,1.782892
2026-02-19 04:34:53,2.489733,0.000094,0.000373,0.803474,2.667743,0.00006
2026-02-19 04:35:23,2.489733,0.000094,0.000373,0.803474,2.667743,0.00006
2026-02-19 04:35:53,2.25957,0.293073,0.773398,0.549341,2.395589,1.81277
2026-02-19 04:36:23,0.446027,1.643852,1.710954,1.837984,1.381954,1.472749
2026-02-19 04:36:53,0.9402,0.009158,0.010746,0.009656,0.005771,0.005166
2026-02-19 04:37:23,2.003816,0.808774,0.31287,0.659881,1.05811,2.078862
2026-02-19 04:37:53,1.159134,3.232925,0.397333,2.917055,1.123759,1.507991
2026-02-19 04:38:23,0.000034,0.000054,0.659248,0.000296,1.89995,2.206626
2026-02-19 04:38:53,1.273956,0.546744,0.565644,0.483521,1.743885,1.656218
2026-02-19 04:39:23,0.270614,0.362346,0.217325,0.253175,0.004599,0.005823
2026-02-19 04:39:53,0.660873,0.817955,0.828091,0.851714,0.598985,0.768031
2026-02-19 04:40:23,0.42046,0.478003,0.613164,0.45306,0.453803,0.467001
2026-02-19 04:40:53,0.42046,0.478003,0.613164,0.45306,0.453803,0.467001
2026-02-19 04:41:23,0.692905,0.500597,0.36603,0.551722,0.436019,0.555665
2026-02-19 04:41:53,0.381696,0.20112,0.335208,0.40465,0.397689,0.590546
2026-02-19 04:42:23,0.347122,0.574464,0.621779,0.652604,0.535211,0.534442
2026-02-19 04:42:53,0.315494,1.216145,0.04044,0.031844,0.006354,0.009784
2026-02-19 04:43:23,0.500346,0.550096,0.883,0.703147,0.42559,0.631957
2026-02-19 04:43:53,0.500346,0.550096,0.883,0.703147,0.42559,0.631957
2026-02-19 04:44:23,0.477298,1.026488,0.994958,1.225246,0.53908,0.594938
2026-02-19 04:44:53,0.864444,0.535601,0.535569,0.54223,0.769544,0.527803
2026-02-19 04:45:23,0.757498,0.88487,0.96635,0.499964,0.554441,0.556564
2026-02-19 04:45:53,1.105661,0.573217,1.102345,0.911547,0.884448,0.623503
2026-02-19 04:46:23,0.750648,0.610471,0.490861,0.458425,0.673705,0.454098
2026-02-19 04:46:53,0.750648,0.610471,0.490861,0.458425,0.673705,0.454098
2026-02-19 04:47:23,0.231252,0.446258,0.397764,0.253442,0.033358,0.032881
2026-02-19 04:47:53,1.120065,0.646841,0.434735,0.691795,0.000098,0.541578
2026-02-19 04:48:23,0.779985,0.778256,0.770675,0.390617,0.529889,0.539076
2026-02-19 04:48:53,0.779985,0.778256,0.770675,0.390617,0.529889,0.539076
2026-02-19 04:49:23,0.450348,0.942734,0.606224,0.812908,0.638425,0.512551
2026-02-19 04:49:53,0.546685,1.011819,0.927961,0.652155,0.852239,0.557117
2026-02-19 04:50:23,0.772395,1.418488,1.798449,1.236671,0.76629,1.044119
2026-02-19 04:50:53,0.919062,1.223069,2.179185,1.481691,0.821898,0.772773
2026-02-19 04:51:23,0.845372,0.836188,1.451885,0.941771,1.130223,0.590255
2026-02-19 04:51:53,0.630315,0.797107,0.755225,1.250203,0.768201,0.810711
2026-02-19 04:52:23,2.157269,1.194632,0.672927,2.135165,1.436381,0.733382
2026-02-19 04:52:53,1.504658,1.724378,0.64404,1.647328,1.168092,0.790302
2026-02-19 04:53:23,0.629102,1.080815,1.442749,1.466921,1.500742,0.791867
2026-02-19 04:53:53,0.629102,1.080815,1.442749,1.466921,1.500742,0.791867
2026-02-19 04:54:23,1.02573,0.689351,0.313289,1.029214,0.819218,0.515794
2026-02-19 04:54:53,1.02573,0.689351,0.313289,1.029214,0.819218,0.515794
2026-02-19 04:55:23,1.02573,0.689351,0.722775,0.825602,0.819218,0.515794
2026-02-19 04:55:53,1.356795,0.902087,0.810422,1.528393,0.956198,1.495493
2026-02-19 04:56:23,1.338187,1.001537,0.645685,2.006506,1.040267,0.814856
2026-02-19 04:56:53,0.903521,2.489776,2.181425,2.551051,1.734908,0.924928
2026-02-19 04:57:23,0.913743,0.653264,1.268452,0.792164,1.04306,0.612294
2026-02-19 04:57:53,1.17243,0.894106,1.375868,0.65297,0.924755,0.900324
2026-02-19 04:58:23,1.17243,0.790329,1.375868,0.65297,0.924755,0.900324
2026-02-19 04:58:53,0.000059,0.340894,0.309514,0.000073,0.000023,0.000023
2026-02-19 04:59:23,0.422675,0.730795,0.889368,0.509495,0.739027,0.733987
2026-02-19 04:59:53,0.660292,1.43415,1.500125,1.474589,1.060365,0.831804
2026-02-19 05:00:23,4.793075,0.666688,1.283844,0.497695,1.481502,1.065568
2026-02-19 05:00:53,0.987185,1.491279,2.309127,1.226121,2.10558,0.924519
2026-02-19 05:01:23,0.700929,0.612028,1.772764,0.2199,1.270327,0.000066
2026-02-19 05:01:53,0.000027,0.008731,0.006402,0.006966,0.003959,0.003564
2026-02-19 05:02:23,0.003932,0.003262,0.003655,0.003868,0.003335,0.004951
2026-02-19 05:02:53,0.559034,0.011336,0.0107,0.012171,0.00857,0.008899
2026-02-19 05:03:23,0.829314,0.019613,0.016383,0.014009,0.006281,0.008085
2026-02-19 05:03:53,0.73978,0.788196,1.253454,0.798896,0.024219,0.025848
2026-02-19 05:04:23,0.73978,0.788196,1.253454,0.798896,0.024219,0.025848
2026-02-19 05:04:53,1.932622,1.686749,2.03609,0.622886,1.651036,10.219284
2026-02-19 05:05:23,2.65319,2.0611,0.999949,1.686539,2.231843,2.676454
2026-02-19 05:05:53,2.65319,2.0611,0.999949,1.686539,2.231843,2.676454
2026-02-19 05:06:23,1.736922,2.165453,2.26011,1.199931,0.584779,1.634966
2026-02-19 05:06:53,1.372994,1.369109,0.720203,1.394412,1.148601,1.932336
2026-02-19 05:07:23,1.542222,1.287571,1.440597,0.214121,0.620027,1.210566
2026-02-19 05:07:53,1.754181,0.754861,1.484082,2.005455,1.07565,1.36471
2026-02-19 05:08:23,0.910231,2.340254,2.234041,1.659368,1.88962,2.33516
2026-02-19 05:08:53,0.000008,0.007057,0.008372,0.006816,0.004545,0.003458
2026-02-19 05:09:23,0.962684,0.221016,0.322874,0.316246,0.640292,0.996255
2026-02-19 05:09:53,0.343765,0.006648,0.006123,0.007145,0.003922,0.003324
2026-02-19 05:10:23,0.343765,0.006648,0.006123,0.007145,0.003922,0.003324
2026-02-19 05:10:53,0.021794,0.01819,0.032221,0.020463,0.030029,0.019613
2026-02-19 05:11:23,0.004407,0.006447,0.007469,0.004784,0.00804,0.005799
2026-02-19 05:11:53,0.386792,0.902948,0.449752,0.696315,0.486814,0.361114
2026-02-19 05:12:23,0.324922,0.569646,0.931089,0.731799,0.376375,0.352155
2026-02-19 05:12:53,0.413585,0.48977,0.567008,0.755023,0.435122,0.399659
2026-02-19 05:13:23,0.446306,0.58598,0.411855,0.49441,0.40861,0.388749
2026-02-19 05:13:53,0.830925,0.559446,0.810738,0.742626,0.716864,0.535307
2026-02-19 05:14:23,0.436708,0.483779,0.463308,0.611833,0.538583,0.537252
2026-02-19 05:14:53,0.423718,0.939891,1.761149,1.041818,0.855587,0.645172
2026-02-19 05:15:23,0.788455,0.531509,0.739694,0.782747,0.410818,0.610661
2026-02-19 05:15:53,0.788455,0.531509,0.739694,0.782747,0.410818,0.610661
2026-02-19 05:16:23,6.233732,0.732705,0.482033,0.000093,0.000793,0.000068
2026-02-19 05:16:53,0.592294,0.694518,0.597424,0.714531,0.4973,0.666345
2026-02-19 05:17:23,0.721576,1.105463,0.628091,1.067181,0.575962,0.876206
2026-02-19 05:17:53,0.526606,0.461509,0.510824,0.554139,0.433706,0.638565
2026-02-19 05:18:23,0.483646,0.002667,0.00004,0.000223,0.00004,0.739822
2026-02-19 05:18:53,1.099058,0.926121,0.712162,0.819508,0.836054,0.75481
2026-02-19 05:19:23,0.533953,0.520022,0.436884,0.570044,0.594334,0.432395
2026-02-19 05:19:53,0.655874,0.396864,0.311883,0.315933,0.387386,0.415778
2026-02-19 05:20:23,0.225563,0.016331,0.017706,0.021119,0.011697,0.009999
2026-02-19 05:20:53,0.225563,0.016331,0.017706,0.021119,0.011697,0.009999
2026-02-19 05:21:23,0.636772,0.351185,0.731693,0.572958,0.455067,0.436987
2026-02-19 05:21:53,0.322418,0.269182,0.247675,0.404917,0.280317,0.279766
2026-02-19 05:22:23,0.322418,0.269182,0.247675,0.404917,0.280317,0.279766
2026-02-19 05:22:53,0.595865,0.458407,0.35671,0.363366,0.448239,0.647373
2026-02-19 05:23:23,0.595865,0.458407,0.35671,0.363366,0.448239,0.647373
2026-02-19 05:23:53,0.410464,0.611188,0.782243,0.583366,0.564037,0.767661
2026-02-19 05:24:23,0.904029,0.54922,0.980672,1.024176,0.941461,0.655925
2026-02-19 05:24:53,0.933289,0.796904,0.662785,1.272573,0.547929,0.788483
2026-02-19 05:25:23,0.494211,6.868647,1.288679,0.979571,0.673399,0.699321
2026-02-19 05:25:53,0.494211,6.868647,1.288679,0.979571,0.673399,0.699321
2026-02-19 05:26:23,1.045479,0.32703,0.63415,0.628922,0.505802,0.532176
2026-02-19 05:26:53,0.907002,0.678004,1.93538,7.913574,0.000191,0.000054
2026-02-19 05:27:23,4.930659,0.678004,0.901465,0.001124,0.000191,0.000054
2026-02-19 05:27:53,1.118354,1.502662,1.458096,0.00003,0.823631,0.543137
2026-02-19 05:28:23,1.287202,0.829081,1.365285,0.718715,0.719813,0.600719
2026-02-19 05:28:53,1.034118,0.48831,1.357357,0.789574,0.716316,0.645354
2026-02-19 05:29:23,0.555732,0.570545,0.289591,0.575134,0.592452,0.565783
2026-02-19 05:29:53,0.404132,0.009376,0.000107,0.005704,0.004065,0.00544
2026-02-19 05:30:23,0.44525,0.010069,0.417647,0.009664,0.00799,0.005675
2026-02-19 05:30:53,0.692516,1.618182,1.609588,1.950854,1.097323,1.08395
2026-02-19 05:31:23,1.097219,1.198243,1.73137,0.732045,0.567899,0.502268
2026-02-19 05:31:53,1.839191,0.662281,0.000059,1.614006,1.086296,0.000082
2026-02-19 05:32:23,0.52439,0.46915,0.000072,0.603731,0.624147,0.598519
2026-02-19 05:32:53,0.445089,0.527656,0.820279,0.814488,1.000122,0.813077
2026-02-19 05:33:23,0.000052,0.000032,0.796452,0.000034,0.170503,0.176922
2026-02-19 05:33:53,0.320322,0.010365,0.009902,0.010591,0.009574,0.011869
2026-02-19 05:34:23,0.578314,1.155937,1.377014,6.633969,6.401003,0.942318
2026-02-19 05:34:53,0.567446,0.010409,0.013306,0.016554,0.007255,0.008028
2026-02-19 05:35:23,1.413466,0.000033,0.013803,0.016424,0.013311,0.000025
2026-02-19 05:35:53,1.413466,0.000033,0.013803,0.016424,0.013311,0.000025
2026-02-19 05:36:23,1.36537,0.548651,0.455042,0.360895,2.562308,7.415512
2026-02-19 05:36:53,0.326375,0.594942,1.412089,1.000909,0.004904,0.008555
2026-02-19 05:37:23,2.025442,1.104438,1.70904,1.511613,1.308775,1.953562
2026-02-19 05:37:53,0.772478,0.790739,0.423549,0.584311,0.315447,0.570651
2026-02-19 05:38:23,1.504398,1.09904,0.87276,0.7201,0.775813,0.916831
2026-02-19 05:38:53,1.010095,0.279199,0.319726,0.308782,0.443077,0.618042
2026-02-19 05:39:23,0.65334,0.03537,0.014547,0.020183,0.022714,0.033852
2026-02-19 05:39:53,0.532306,0.008852,0.010211,0.015365,0.004294,0.005038
2026-02-19 05:40:23,0.757531,0.01287,0.359621,0.28198,0.009621,0.010721
2026-02-19 05:40:53,0.474681,1.302099,0.739597,0.631563,5.220153,1.766631
2026-02-19 05:41:23,4.313144,1.3453,0.78169,0.299452,2.565383,2.222871
2026-02-19 05:41:53,0.345885,0.634339,0.681193,0.336381,0.011623,2.221303
2026-02-19 05:42:23,0.296752,0.76233,0.296386,0.299071,0.009464,0.00764
2026-02-19 05:42:53,0.756491,0.76233,0.831854,0.808908,0.58164,0.582044
2026-02-19 05:43:23,0.756491,0.76233,0.831854,0.808908,0.58164,0.582044
2026-02-19 05:43:53,0.521124,0.785582,0.835556,0.814919,0.594035,0.549153
2026-02-19 05:44:23,0.801563,0.4023,0.424794,0.634458,0.420479,0.415257
2026-02-19 05:44:53,0.662672,0.524105,0.341586,0.549517,0.695537,0.40339
2026-02-19 05:45:23,0.662672,0.524105,0.341586,0.549517,0.695537,0.40339
2026-02-19 05:45:53,0.585888,1.231212,0.940044,0.50102,0.493354,0.585475
2026-02-19 05:46:23,0.210669,0.304439,0.309473,0.408432,0.459281,0.441214
2026-02-19 05:46:53,0.273244,0.190609,0.434464,0.3875,0.011199,0.009949
2026-02-19 05:47:23,0.28372,0.336455,0.296761,0.330876,0.527883,0.263244
2026-02-19 05:47:53,0.685781,0.390673,0.522458,0.404246,0.767472,0.63244
2026-02-19 05:48:23,0.617376,0.74541,0.568164,0.766286,0.484431,0.463002
2026-02-19 05:48:53,0.647111,0.744018,0.77182,0.784716,0.465198,0.000074
2026-02-19 05:49:23,0.763943,0.817415,0.972162,1.353814,0.83857,0.74518
2026-02-19 05:49:53,0.000046,0.293938,0.223108,0.000029,0.000073,0.000074
2026-02-19 05:50:23,0.441821,0.260737,0.380527,0.347725,0.39371,0.447151
2026-02-19 05:50:53,0.007464,0.00758,0.008688,0.00873,0.003747,0.006259
2026-02-19 05:51:23,0.007464,0.00758,0.008688,0.00873,0.003747,0.006259
2026-02-19 05:51:53,0.006239,0.005992,0.013944,0.008597,0.004213,0.004965
2026-02-19 05:52:23,0.006239,0.005992,0.013944,0.008597,0.004213,0.004965
2026-02-19 05:52:53,0.006239,0.005992,0.013944,0.008597,0.004213,0.004965
2026-02-19 05:53:23,0.492211,0.45227,0.541308,0.691926,0.603897,0.570266
2026-02-19 05:53:53,0.609601,1.025158,0.904729,0.491394,0.799069,0.609517
2026-02-19 05:54:23,0.538065,0.600206,0.716166,0.760584,0.502059,0.720284
2026-02-19 05:54:53,0.720273,0.546558,0.527933,1.031185,0.625982,0.814608
2026-02-19 05:55:23,0.618062,0.411071,0.920109,0.797808,0.800497,0.635058
2026-02-19 05:55:53,0.729549,0.690048,0.681107,0.901697,0.572788,0.649946
2026-02-19 05:56:23,0.738684,0.681126,1.280941,1.104467,0.331925,0.988549
2026-02-19 05:56:53,0.418025,1.189195,1.044853,0.904029,0.589251,0.403871
2026-02-19 05:57:23,0.635915,0.842933,0.373905,0.85976,0.689041,0.692167
2026-02-19 05:57:53,0.635915,0.842933,0.373905,0.85976,0.689041,0.692167
2026-02-19 05:58:23,0.830152,1.208088,0.726513,1.003105,0.895176,1.124061
2026-02-19 05:58:53,0.773635,1.258862,0.932783,0.631928,0.606043,0.825254
2026-02-19 05:59:23,0.696686,0.953962,0.778302,1.10458,0.726731,0.817711
2026-02-19 05:59:53,0.755533,0.694958,0.584084,0.643776,0.450022,0.544638
2026-02-19 06:00:23,0.93921,1.41512,0.636545,0.897861,1.158374,0.853197
2026-02-19 06:00:53,0.516651,0.657556,1.235573,1.225261,0.927822,0.924254
2026-02-19 06:01:23,0.482558,1.505779,1.090272,0.804585,0.894253,0.933002
2026-02-19 06:01:53,0.000128,0.833605,1.238095,1.625751,0.538815,0.960427
2026-02-19 06:02:23,0.000128,0.833605,1.238095,1.625751,0.538815,0.960427
2026-02-19 06:02:53,1.050823,1.690894,1.873387,1.477314,1.298671,1.048683
2026-02-19 06:03:23,1.312226,0.789972,0.973969,1.05514,0.766705,0.704151
2026-02-19 06:03:53,1.312226,0.789972,0.973969,1.05514,0.766705,0.704151
2026-02-19 06:04:23,1.014058,1.105145,0.877984,1.135241,0.826221,1.070207
2026-02-19 06:04:53,0.633612,2.192595,1.412337,1.069273,1.116566,0.922842
2026-02-19 06:05:23,0.326217,0.008573,0.017957,0.393364,0.008837,0.009729
2026-02-19 06:05:53,0.38986,0.006301,0.017775,0.007286,0.00393,0.003849
2026-02-19 06:06:23,0.560421,1.131561,0.699016,0.889857,0.027798,0.023708
2026-02-19 06:06:53,0.000085,0.352199,0.000096,1.433064,2.333242,0.000154
2026-02-19 06:07:23,1.427138,1.590123,0.999599,1.047085,0.709246,1.406878
2026-02-19 06:07:53,1.427138,1.590123,0.999599,1.047085,0.709246,1.406878
2026-02-19 06:08:23,0.97498,2.169476,1.508638,1.796349,1.04471,2.116231
2026-02-19 06:08:53,2.132379,0.997794,1.53044,0.606729,1.482508,1.89624
2026-02-19 06:09:23,1.313396,0.632982,0.321903,1.761622,1.26326,1.577694
2026-02-19 06:09:53,1.166445,0.942274,0.540872,0.721152,0.374609,0.430386
2026-02-19 06:10:23,0.617695,1.287152,0.969875,1.549991,0.960479,1.017133
2026-02-19 06:10:53,0.617695,1.287152,0.969875,1.549991,0.960479,1.017133
2026-02-19 06:11:23,0.70662,1.60189,1.453873,0.888257,0.886581,0.842516
2026-02-19 06:11:53,0.49831,2.051774,1.426429,1.55703,0.0001,0.000084
2026-02-19 06:12:23,0.487759,0.169006,0.262125,0.174763,0.508764,0.678614
2026-02-19 06:12:53,0.015648,0.017407,0.013551,0.016205,0.018866,0.021207
2026-02-19 06:13:23,0.288182,0.283105,0.306722,0.232393,0.320569,0.326205
2026-02-19 06:13:53,0.288182,0.283105,0.306722,0.232393,0.320569,0.326205
2026-02-19 06:14:23,0.601381,0.599183,0.862467,0.800778,0.513404,0.430407
2026-02-19 06:14:53,1.338379,0.926909,0.435188,1.030736,0.703349,0.574034
2026-02-19 06:15:23,1.338379,0.926909,0.435188,1.030736,0.703349,0.574034
2026-02-19 06:15:53,0.367823,0.000054,0.634455,0.281075,0.493464,0.000119
2026-02-19 06:16:23,0.505541,0.360801,0.625367,0.346214,0.012303,0.012942
2026-02-19 06:16:53,0.505541,0.360801,0.625367,0.811268,0.012303,0.012942
2026-02-19 06:17:23,0.468086,1.88066,0.998325,0.613121,0.461937,0.617344
2026-02-19 06:17:53,0.468086,0.273022,0.998325,0.613121,0.461937,0.617344
2026-02-19 06:18:23,0.954511,0.901075,0.757217,0.950678,0.668059,0.593912
2026-02-19 06:18:53,0.954511,0.940904,1.57982,0.950678,0.668059,1.27815
2026-02-19 06:19:23,0.739192,0.595103,1.109127,1.642294,0.696639,0.678178
2026-02-19 06:19:53,0.489548,0.492303,0.464459,0.514992,0.736625,0.546078
2026-02-19 06:20:23,0.280585,0.353409,0.271649,0.300896,0.008273,0.007048
2026-02-19 06:20:53,0.280585,0.353409,0.271649,0.300896,0.008273,0.007048
2026-02-19 06:21:23,0.590783,0.403913,0.979503,0.625071,0.558854,0.592527
2026-02-19 06:21:53,0.657184,0.685316,0.687991,0.645362,0.495098,0.512619
2026-02-19 06:22:23,0.000017,1.047469,1.338487,0.712431,0.60232,0.628828
2026-02-19 06:22:53,0.809114,1.154423,0.811365,0.707435,0.668985,0.666205
2026-02-19 06:23:23,1.019756,1.182682,0.922486,0.674337,0.568914,0.583029
2026-02-19 06:23:53,0.942338,1.285847,0.821052,1.238221,1.149276,1.483894
2026-02-19 06:24:23,0.534864,6.147024,0.960873,0.696121,0.651621,6.045307
2026-02-19 06:24:53,0.74084,1.375502,1.146982,0.548205,0.837243,1.07505
2026-02-19 06:25:23,0.74084,1.375502,0.665667,0.548205,0.837243,1.07505
2026-02-19 06:25:53,0.835901,0.986189,0.631481,6.574328,0.566528,0.664169
2026-02-19 06:26:23,3.712086,0.955873,0.189926,1.164594,0.852999,0.930357
2026-02-19 06:26:53,1.20484,1.393871,1.224213,0.669237,0.743021,0.913788
2026-02-19 06:27:23,0.54316,1.02425,0.862441,0.860277,0.858527,0.806915
2026-02-19 06:27:53,1.576538,0.660698,2.307555,1.599435,0.718939,0.725192
2026-02-19 06:28:23,0.59426,0.976596,0.972976,0.682717,0.786237,0.867208
2026-02-19 06:28:53,0.742508,1.982508,2.035855,2.056246,0.780202,0.769369
2026-02-19 06:29:23,4.966048,0.773802,1.588264,2.206747,0.000029,1.246783
2026-02-19 06:29:53,0.704255,1.307382,1.620604,1.853618,1.479519,1.662502
2026-02-19 06:30:23,1.767786,0.893825,1.604591,0.000078,0.000077,0.000363
2026-02-19 06:30:53,1.16709,0.894773,1.135796,0.590608,0.850792,0.042646
2026-02-19 06:31:23,0.973407,0.823079,0.733755,1.057924,0.607465,0.655988
2026-02-19 06:31:53,1.41042,0.5871,1.376832,1.548417,2.384396,0.705369
2026-02-19 06:32:23,1.63724,0.721279,0.80327,0.810121,0.429239,0.613286
2026-02-19 06:32:53,0.785806,1.081889,0.73093,1.04176,0.034284,0.035715
2026-02-19 06:33:23,2.299775,1.021305,2.093426,1.817901,1.404878,2.227693
2026-02-19 06:33:53,1.94985,1.895579,1.018316,1.681458,1.083266,1.683794
2026-02-19 06:34:23,1.203168,0.924847,1.301641,1.140257,0.937643,1.360095
2026-02-19 06:34:53,1.105982,1.211153,0.784274,0.67013,0.616048,1.053497
2026-02-19 06:35:23,1.290159,1.546781,5.849047,1.406706,0.977733,1.437263
2026-02-19 06:35:53,0.408902,0.344126,0.34766,0.287211,0.540103,0.416019
2026-02-19 06:36:23,0.408902,0.344126,0.34766,0.287211,0.540103,0.416019
2026-02-19 06:36:53,11.652995,0.598134,0.571646,0.797839,0.764708,0.870507
2026-02-19 06:37:23,2.092643,2.482207,0.873781,2.196618,1.095963,1.602227
2026-02-19 06:37:53,1.273132,1.708079,1.268984,1.409148,0.982035,1.25186
2026-02-19 06:38:23,0.916837,0.668621,1.08033,1.662152,0.592969,1.790647
2026-02-19 06:38:53,0.61971,0.501762,0.412076,0.108645,0.450939,0.461007
2026-02-19 06:39:23,0.960247,0.461731,0.557064,0.324733,0.008108,0.008498
2026-02-19 06:39:53,1.51897,0.266526,0.217914,0.291627,0.688718,0.740103
2026-02-19 06:40:23,0.999033,0.369842,0.60224,0.461922,0.009642,0.024401
2026-02-19 06:40:53,0.999033,0.369842,0.60224,0.461922,0.009642,0.024401
2026-02-19 06:41:23,1.024025,0.156399,0.227051,0.255477,0.587777,0.00006
2026-02-19 06:41:53,1.024025,0.156399,0.227051,0.255477,0.587777,0.00006
2026-02-19 06:42:23,0.006574,0.009783,0.008562,0.010607,0.007713,0.003897
2026-02-19 06:42:53,1.447687,0.002937,1.700032,1.82416,1.617728,1.706479
2026-02-19 06:43:23,0.015866,0.016272,0.011192,0.016569,0.028401,0.014332
2026-02-19 06:43:53,0.015866,0.016272,0.011192,0.016569,0.028401,0.014332
2026-02-19 06:44:23,0.340633,0.604746,0.485737,0.589018,0.603355,0.339425
2026-02-19 06:44:53,0.953458,0.738216,0.371978,0.881559,1.156739,0.859872
2026-02-19 06:45:23,0.686098,0.571713,0.776329,0.639194,0.566176,0.452698
2026-02-19 06:45:53,0.721597,0.511652,0.899109,0.668879,0.525149,0.516104
2026-02-19 06:46:23,0.383457,0.192731,0.345768,0.22929,0.012316,0.00588
2026-02-19 06:46:53,0.479445,0.445598,0.799716,0.639199,0.510458,0.644737
2026-02-19 06:47:23,0.328744,0.929109,0.518787,0.743905,0.54219,0.726175
2026-02-19 06:47:53,0.747578,1.185972,0.737569,2.301156,0.675106,0.341962
2026-02-19 06:48:23,0.747578,1.185972,0.737569,2.301156,9.755189,0.341962
2026-02-19 06:48:53,5.868569,0.536258,0.454511,0.707058,1.203714,0.435501
2026-02-19 06:49:23,0.62412,0.539999,0.47123,0.744946,0.606921,0.817017
2026-02-19 06:49:53,0.527561,0.603437,0.70335,0.638288,0.459902,0.468752
2026-02-19 06:50:23,0.457932,0.679219,0.60385,0.325499,0.453582,0.571722
2026-02-19 06:50:53,0.457932,0.679219,0.60385,0.325499,0.453582,0.571722
2026-02-19 06:51:23,0.285736,0.306392,0.25837,0.266687,0.010842,0.009739
2026-02-19 06:51:53,0.359228,0.965718,0.405748,0.473879,0.374125,5.535089
2026-02-19 06:52:23,0.685441,0.691629,3.24882,0.618306,0.585281,1.136546
2026-02-19 06:52:53,0.811607,0.533808,0.392341,1.193944,3.704207,0.632082
2026-02-19 06:53:23,0.811607,0.526465,0.925167,0.885987,0.697179,0.805683
2026-02-19 06:53:53,0.610651,0.530417,0.433229,0.55949,0.744688,0.430845
2026-02-19 06:54:23,0.958673,0.886923,0.906005,0.553953,1.051255,0.635532
2026-02-19 06:54:53,0.413639,0.323123,0.354929,0.000129,0.743644,0.490187
2026-02-19 06:55:23,0.76201,0.815679,0.558669,0.560216,0.69524,0.465166
2026-02-19 06:55:53,0.744779,0.92922,0.566343,0.475645,0.599586,0.560568
2026-02-19 06:56:23,0.707392,0.793697,0.514838,0.895927,0.679151,0.645425
2026-02-19 06:56:53,0.684619,0.637989,0.85753,0.664173,0.629326,0.575976
2026-02-19 06:57:23,0.797159,0.999802,0.454406,1.301403,1.154408,0.679741
2026-02-19 06:57:53,1.182883,0.921862,1.40286,0.621541,1.194484,1.250345
2026-02-19 06:58:23,1.182883,0.921862,1.40286,0.621541,1.194484,1.250345
2026-02-19 06:58:53,0.989141,8.973657,0.702293,1.369059,0.795034,0.002007
2026-02-19 06:59:23,0.984123,1.809222,1.40248,6.563819,6.285291,1.361063
2026-02-19 06:59:53,0.857448,0.879727,0.835347,1.635019,0.971647,1.213307
2026-02-19 07:00:23,0.953917,1.761061,1.304854,0.555828,0.873154,1.027613
2026-02-19 07:00:53,1.357991,0.901611,1.345173,1.327373,1.122502,1.422195
2026-02-19 07:01:23,0.813069,1.392732,0.594911,1.296304,0.885886,0.962067
2026-02-19 07:01:53,0.38733,0.324579,0.500048,0.300784,0.638672,0.582385
2026-02-19 07:02:23,0.38733,0.324579,0.500048,0.300784,0.638672,0.582385
2026-02-19 07:02:53,0.303533,0.270348,0.595359,0.408911,0.628692,0.664451
2026-02-19 07:03:23,1.264082,1.304953,0.632027,1.032502,0.85237,0.925048
2026-02-19 07:03:53,1.381257,1.110184,1.736478,1.406467,1.463473,1.45384
2026-02-19 07:04:23,0.721036,1.900214,2.042579,1.738551,1.28638,1.627632
2026-02-19 07:04:53,0.266569,0.252947,0.313631,0.307157,0.603308,0.584503
2026-02-19 07:05:23,1.421033,1.853674,1.472626,0.828135,1.098302,1.190521
2026-02-19 07:05:53,0.000066,1.219331,0.828307,0.000099,0.965689,0.000126
2026-02-19 07:06:23,1.50955,0.902232,1.710508,0.000043,0.000099,0.000041
2026-02-19 07:06:53,1.088788,1.607485,6.312318,1.574685,0.875224,1.276837
2026-02-19 07:07:23,0.000034,0.009915,0.010931,0.00711,0.005342,0.00745
2026-02-19 07:07:53,1.184849,0.729977,0.644576,0.516821,0.012807,0.017299
2026-02-19 07:08:23,0.000044,0.854807,1.313662,0.000073,1.258169,0.00005
2026-02-19 07:08:53,2.089944,1.601613,0.863196,1.534379,1.140918,1.516872
2026-02-19 07:09:23,2.089944,1.601613,0.863196,1.534379,1.140918,1.516872
2026-02-19 07:09:53,2.369986,2.000493,1.020444,1.327573,1.413381,2.015703
2026-02-19 07:10:23,0.390083,0.543305,0.494947,0.775847,0.501559,0.477207
2026-02-19 07:10:53,1.2216,0.000077,0.693476,0.813166,0.587439,0.763716
2026-02-19 07:11:23,1.437417,1.104424,1.321035,0.537842,0.000095,0.879159
2026-02-19 07:11:53,1.1577,1.104424,1.321035,0.537842,0.000095,0.879159
2026-02-19 07:12:23,1.1577,2.690411,2.166372,1.565119,2.341121,2.639141
2026-02-19 07:12:53,1.942099,1.218912,0.919909,0.943705,1.552087,1.679329
2026-02-19 07:13:23,0.129866,0.306993,0.662854,0.566169,0.367529,0.22712
2026-02-19 07:13:53,0.906124,0.457337,0.659862,0.691206,0.418889,0.426566
2026-02-19 07:14:23,0.43514,0.796038,0.516319,0.271181,0.410718,0.338735
2026-02-19 07:14:53,0.528888,0.442832,1.173938,0.367489,0.557306,0.552361
2026-02-19 07:15:23,0.800864,0.411881,1.015719,0.87094,0.529949,0.635466
2026-02-19 07:15:53,0.848805,0.969426,0.475223,0.990777,0.591692,0.892218
2026-02-19 07:16:23,0.544048,1.431069,2.421739,2.42745,0.733935,1.208017
2026-02-19 07:16:53,0.864652,0.424322,3.4687,0.660131,1.105619,0.448557
2026-02-19 07:17:23,4.642267,0.817593,0.736314,0.923615,0.753309,1.340499
2026-02-19 07:17:53,0.204983,0.474417,0.514331,0.408794,0.017753,0.014005
2026-02-19 07:18:23,0.990732,0.428366,0.450948,0.512604,0.465511,0.467311
2026-02-19 07:18:53,0.661513,0.895955,0.687373,0.955755,1.023882,0.549466
2026-02-19 07:19:23,0.47296,1.207922,1.128673,0.972794,1.02229,0.715466
2026-02-19 07:19:53,0.548117,1.025696,1.046293,0.473473,0.61338,0.533168
2026-02-19 07:20:23,0.674894,0.67346,0.624533,0.91578,0.634049,0.671145
2026-02-19 07:20:53,0.867051,0.855713,0.887412,0.375196,0.57459,0.559048
2026-02-19 07:21:23,0.867051,0.855713,0.887412,0.375196,0.57459,0.559048
2026-02-19 07:21:53,0.57424,0.918559,0.451374,0.797159,0.546873,0.556057
2026-02-19 07:22:23,0.550685,0.984642,1.177246,0.849033,0.566324,0.578946
2026-02-19 07:22:53,1.621847,1.803556,1.400451,0.481401,0.712127,0.782723
2026-02-19 07:23:23,0.561708,0.699492,0.880946,0.519061,0.569143,0.546899
2026-02-19 07:23:53,0.384117,0.939166,0.775695,0.956407,0.630581,0.627032
2026-02-19 07:24:23,0.917413,1.162974,0.603759,1.153799,0.808255,1.174965
2026-02-19 07:24:53,0.89082,1.484534,1.113343,0.574409,0.895551,0.650289
2026-02-19 07:25:23,1.362554,1.484534,1.231499,1.526642,0.672101,1.179505
2026-02-19 07:25:53,0.903332,0.816467,1.10594,0.526597,0.521123,0.741499
2026-02-19 07:26:23,0.806629,0.756189,1.248013,0.675151,0.775006,0.607545
2026-02-19 07:26:53,1.260249,0.324829,0.709799,0.000022,0.65723,0.513906
2026-02-19 07:27:23,0.427583,0.039813,0.536692,0.707615,0.134221,0.000071
2026-02-19 07:27:53,1.223199,1.270891,0.925661,1.532969,5.72951,1.359995
2026-02-19 07:28:23,5.27977,0.000119,0.000069,0.566032,1.080377,0.000172
2026-02-19 07:28:53,0.557755,0.391588,0.64617,0.366294,0.877368,2.052303
2026-02-19 07:29:23,1.30664,1.498549,0.653126,1.532713,0.94013,1.184478
2026-02-19 07:29:53,0.539995,1.258582,1.245882,1.175318,0.802009,0.77311
2026-02-19 07:30:23,0.000052,0.000096,0.864566,0.000046,0.000038,0.000044
2026-02-19 07:30:53,1.273781,1.414251,1.886183,0.947371,0.587586,0.795706
2026-02-19 07:31:23,1.247007,1.604297,1.192557,1.046724,0.599387,0.688743
2026-02-19 07:31:53,1.247007,1.330745,1.192557,1.046724,0.599387,0.688743
2026-02-19 07:32:23,0.380934,0.773157,0.476736,0.805413,0.637707,0.664215
2026-02-19 07:32:53,1.200114,1.925102,1.476673,1.663857,0.922389,1.105037
2026-02-19 07:33:23,0.983658,0.871394,1.267881,1.055238,1.15411,1.031711
2026-02-19 07:33:53,0.360809,0.637151,0.60746,0.619634,0.013632,0.010068
2026-02-19 07:34:23,1.27824,1.614329,0.820379,1.636114,0.985317,1.355137
2026-02-19 07:34:53,1.839002,0.937306,1.842443,2.123724,1.425387,1.566038
2026-02-19 07:35:23,1.180381,1.373509,7.306805,0.000069,0.81214,0.87904
2026-02-19 07:35:53,0.651184,1.377587,2.08384,0.96207,0.936955,1.522704
2026-02-19 07:36:23,0.651184,0.000076,2.08384,0.000306,9.432561,0.000073
2026-02-19 07:36:53,3.127137,0.000316,0.000413,2.630119,1.760091,1.587735
2026-02-19 07:37:23,1.871977,0.41635,0.688355,0.550099,1.454154,1.258857
2026-02-19 07:37:53,0.862336,0.000064,0.000075,0.000088,1.500494,0.848332
2026-02-19 07:38:23,0.933584,1.102127,0.859274,1.08501,0.008269,0.009369
2026-02-19 07:38:53,0.933584,1.102127,0.859274,1.08501,0.008269,0.009369
2026-02-19 07:39:23,2.406246,1.336442,0.962195,1.843786,1.447154,1.040524
2026-02-19 07:39:53,0.107506,0.1601,0.161726,0.165405,0.238416,0.234514
2026-02-19 07:40:23,0.248078,0.005054,0.834726,0.916932,0.717461,0.682019
2026-02-19 07:40:53,0.535181,0.000072,2.047366,0.000076,0.000048,1.283871
2026-02-19 07:41:23,1.094899,0.936923,0.443687,1.193563,0.01187,0.011193
2026-02-19 07:41:53,0.722876,0.936923,0.443687,0.835454,0.01187,0.011193
2026-02-19 07:42:23,1.169548,0.421294,0.40834,0.976835,0.031322,0.070734
2026-02-19 07:42:53,1.009869,0.950966,1.086493,1.588732,4.468909,0.017648
2026-02-19 07:43:23,0.00002,0.008204,0.006878,0.009365,0.005058,0.004859
2026-02-19 07:43:53,0.480499,0.013735,0.022148,0.009026,0.008045,0.017544
2026-02-19 07:44:23,0.448046,0.485961,1.041701,0.692409,0.396786,0.91561
2026-02-19 07:44:53,0.463717,0.420506,0.468241,0.71827,0.470737,0.491447
2026-02-19 07:45:23,0.650991,0.695498,0.73051,0.449972,0.506088,0.510706
2026-02-19 07:45:53,0.664048,0.870867,0.725574,0.702762,0.56614,0.587647
2026-02-19 07:46:23,1.069524,0.611243,1.29401,1.0607,0.708743,0.514373
2026-02-19 07:46:53,1.069524,0.611243,1.29401,1.0607,0.708743,0.514373
2026-02-19 07:47:23,0.225656,0.195699,0.269497,0.298011,0.422573,0.425652
2026-02-19 07:47:53,0.560379,0.592577,0.563121,0.618813,0.594758,0.340923
2026-02-19 07:48:23,0.388263,1.279516,1.434574,1.255835,0.91039,0.83527
2026-02-19 07:48:53,0.566314,1.308058,1.30731,0.964477,0.6589,0.679317
2026-02-19 07:49:23,1.001204,1.084692,0.57822,0.791388,0.844635,0.818277
2026-02-19 07:49:53,0.643585,1.155354,0.761361,1.136625,0.645658,0.593915
2026-02-19 07:50:23,0.591615,0.612683,0.31836,0.85573,0.581115,0.566822
2026-02-19 07:50:53,1.488602,2.175641,0.455344,0.85573,0.581115,1.727497
2026-02-19 07:51:23,1.488602,2.175641,0.455344,0.000234,0.000044,1.727497
2026-02-19 07:51:53,0.842006,2.188619,2.137112,1.182095,1.485171,1.40398
2026-02-19 07:52:23,0.760385,1.258378,1.46963,1.315518,1.167332,1.138706
2026-02-19 07:52:53,0.37869,1.084171,1.286728,1.421286,0.875479,0.803795
2026-02-19 07:53:23,0.607492,0.649289,0.864377,0.954866,0.782862,0.77263
2026-02-19 07:53:53,1.363949,10.953043,1.399821,1.460503,1.076485,0.64875
2026-02-19 07:54:23,1.945856,2.584303,0.502406,1.468243,1.72903,2.200609
2026-02-19 07:54:53,0.864716,0.544244,0.565775,0.64575,1.145036,1.133851
2026-02-19 07:55:23,0.567984,0.517266,0.496435,0.855011,0.583955,0.744428
2026-02-19 07:55:53,0.68484,0.655377,1.173956,1.295047,0.750468,0.935238
2026-02-19 07:56:23,0.592341,0.421948,0.280658,0.484922,1.003971,0.907831
2026-02-19 07:56:53,0.261732,0.514161,0.408527,0.332559,0.010033,0.014951
2026-02-19 07:57:23,0.777517,0.974203,0.446128,0.740017,0.708601,0.757077
2026-02-19 07:57:53,0.769791,0.867588,1.108604,0.880729,1.071617,1.0294
2026-02-19 07:58:23,8.606611,0.993149,1.398746,7.967776,0.000563,0.800657
2026-02-19 07:58:53,2.973877,1.774696,1.782544,1.04182,0.966544,1.286876
2026-02-19 07:59:23,0.301834,0.533098,0.416495,0.448675,0.751885,0.807084
2026-02-19 07:59:53,1.67707,0.938933,0.964202,1.005676,1.079734,0.875343
2026-02-19 08:00:23,0.638203,1.138031,1.119622,1.267928,1.001128,0.808181
2026-02-19 08:00:53,1.691699,6.97675,0.697202,0.923783,1.198627,6.73688
2026-02-19 08:01:23,1.409367,1.560111,0.485638,0.888831,0.875174,0.728
2026-02-19 08:01:53,1.530321,1.150934,2.530413,1.686836,1.086744,1.281668
2026-02-19 08:02:23,0.934514,0.000079,0.000162,0.000071,1.086744,1.089078
2026-02-19 08:02:53,0.934514,0.000079,0.000162,0.000071,5.660112,1.089078
2026-02-19 08:03:23,1.469165,0.665712,1.80771,1.421639,1.32067,0.668753
2026-02-19 08:03:53,1.469165,0.665712,1.80771,1.421639,1.32067,0.668753
2026-02-19 08:04:23,1.697496,1.973676,0.163381,2.609108,1.534146,0.810633
2026-02-19 08:04:53,0.893911,0.955455,1.880859,1.905511,1.472924,0.823679
2026-02-19 08:05:23,0.679099,0.997985,0.000107,0.000058,0.000344,1.11807
2026-02-19 08:05:53,0.438405,0.453275,0.25629,0.21962,0.421245,0.501799
2026-02-19 08:06:23,0.837133,0.812276,1.365154,0.939144,0.006894,0.013647
2026-02-19 08:06:53,0.005918,0.003208,0.006304,0.004306,0.00398,0.003911
2026-02-19 08:07:23,0.005918,0.663653,0.006304,0.650502,0.00398,0.003911
2026-02-19 08:07:53,0.011396,0.008592,0.005986,0.00428,0.005247,0.005367
2026-02-19 08:08:23,1.302616,0.775294,0.778766,0.380643,1.585102,1.005575
2026-02-19 08:08:53,0.592547,0.591477,1.147921,1.299833,0.010616,0.011745
2026-02-19 08:09:23,0.875029,0.615497,2.0264,0.819272,0.006536,0.006447
2026-02-19 08:09:53,1.383888,0.000165,1.793958,0.740431,0.000058,2.285287
2026-02-19 08:10:23,0.909834,0.900804,1.930494,1.619806,1.050767,0.739059
2026-02-19 08:10:53,0.426409,1.550152,0.000099,1.076155,0.000051,1.539113
2026-02-19 08:11:23,0.551236,0.000348,0.293065,1.715965,2.288829,0.000325
2026-02-19 08:11:53,1.240597,2.79348,1.727275,0.327261,1.189094,1.663406
2026-02-19 08:12:23,1.298842,0.883171,0.233228,0.946599,0.912128,1.014735
2026-02-19 08:12:53,0.016221,0.029276,0.021167,0.015493,0.018889,0.020132
2026-02-19 08:13:23,0.400229,1.018595,0.918136,1.151188,1.514536,1.103716
2026-02-19 08:13:53,0.400229,2.827619,4.774197,3.664363,2.562859,2.262968
2026-02-19 08:14:23,0.275825,0.272279,0.172193,0.270534,0.229876,0.210489
2026-02-19 08:14:53,0.11162,0.059699,0.018715,0.115754,0.05149,0.051448
2026-02-19 08:15:23,0.274482,1.035011,0.755767,0.778602,0.393048,0.497877
2026-02-19 08:15:53,0.274482,1.035011,0.755767,0.778602,0.393048,0.497877
2026-02-19 08:16:23,1.012766,0.723189,0.5884,0.362356,0.456344,0.454777
2026-02-19 08:16:53,0.64576,0.792528,0.497991,1.073754,1.11881,0.576483
2026-02-19 08:17:23,0.64576,2.335736,0.497991,1.073754,1.11881,0.576483
2026-02-19 08:17:53,0.584487,0.861515,0.888242,0.854991,0.602024,0.834256
2026-02-19 08:18:23,0.341525,0.574996,0.425069,0.258254,0.393164,0.574343
2026-02-19 08:18:53,0.027327,0.065346,0.083267,0.057369,0.049976,0.050042
2026-02-19 08:19:23,0.425614,0.320233,0.379179,0.65796,0.512867,0.336563
2026-02-19 08:19:53,0.708477,0.834248,0.930645,0.000038,0.503229,0.720147
2026-02-19 08:20:23,0.615873,0.914381,1.749559,1.340075,0.740552,0.76888
2026-02-19 08:20:53,0.521609,0.519285,0.607626,0.549559,0.590968,0.386647
2026-02-19 08:21:23,0.625435,1.020471,0.698678,0.608264,0.556513,0.537884
2026-02-19 08:21:53,0.439501,0.436385,1.269226,1.030584,0.910352,0.64713
2026-02-19 08:22:23,0.000045,0.436385,0.355092,0.877172,0.000097,0.000112
2026-02-19 08:22:53,0.573057,1.047358,0.545127,0.000052,1.089912,0.000235
2026-02-19 08:23:23,0.830134,0.697307,0.750119,0.938665,0.787093,0.498023
2026-02-19 08:23:53,1.002946,0.280173,0.782929,1.713767,0.823511,0.478679
2026-02-19 08:24:23,0.735994,0.617458,1.239086,1.094825,0.00011,0.676909
2026-02-19 08:24:53,0.000087,0.408313,0.794548,0.793894,0.831172,0.947141
2026-02-19 08:25:23,0.955553,1.08931,0.954205,1.090231,1.234505,0.643099
2026-02-19 08:25:53,0.400265,1.009355,0.916424,1.111439,1.274289,1.187219
2026-02-19 08:26:23,0.740997,0.378459,0.69925,0.711461,0.604278,0.840179
2026-02-19 08:26:53,0.750407,0.447583,0.000675,0.000501,0.000141,0.926556
2026-02-19 08:27:23,1.573111,1.289238,1.128487,1.037749,0.000047,6.707574
2026-02-19 08:27:53,1.047664,0.659507,0.618395,0.484315,0.634395,0.553245
2026-02-19 08:28:23,0.731059,0.90352,1.210872,1.394306,0.990044,0.845557
2026-02-19 08:28:53,0.327405,0.545804,0.426324,0.610498,0.576625,0.541595
2026-02-19 08:29:23,0.974635,0.783653,1.835832,1.377286,1.223116,0.937917
2026-02-19 08:29:53,1.01638,0.00012,0.825387,1.508448,1.126671,0.000068
2026-02-19 08:30:23,0.800467,0.875016,0.483307,0.984118,0.559779,0.573751
2026-02-19 08:30:53,0.931122,0.740317,1.458855,1.238197,0.909581,0.847522
2026-02-19 08:31:23,0.958377,1.730735,2.320276,0.841377,1.440261,1.063776
2026-02-19 08:31:53,0.627998,1.542615,2.054228,1.840757,1.222904,1.20273
2026-02-19 08:32:23,0.96289,0.397448,1.113907,0.614782,1.106719,1.038493
2026-02-19 08:32:53,0.259663,0.009802,0.007475,0.007336,0.00405,0.005947
2026-02-19 08:33:23,0.322284,0.498811,0.500798,0.674826,0.007969,0.010972
2026-02-19 08:33:53,0.000155,0.461779,0.654823,0.816741,0.521109,1.54688
2026-02-19 08:34:23,0.788977,0.919802,0.000038,2.853391,1.082742,0.880068
2026-02-19 08:34:53,0.317486,0.371098,0.00934,0.015874,0.005831,0.005275
2026-02-19 08:35:23,0.000146,1.426938,1.398677,8.020449,1.594973,1.669565
2026-02-19 08:35:53,1.835177,1.694568,2.336333,1.38601,1.546073,1.911349
2026-02-19 08:36:23,1.835177,2.640126,2.487325,1.38601,0.000088,1.911349
2026-02-19 08:36:53,0.625424,0.477199,0.731723,0.591092,0.756767,0.707843
2026-02-19 08:37:23,0.681944,1.984112,1.500945,2.230389,1.449015,2.084004
2026-02-19 08:37:53,1.453141,0.705709,0.909777,0.793932,1.131227,1.327769
2026-02-19 08:38:23,1.85942,1.147397,0.381633,1.768015,1.834025,1.848321
2026-02-19 08:38:53,0.352487,0.477226,0.640569,0.444604,0.491197,0.509827
2026-02-19 08:39:23,0.742607,0.477226,0.640569,0.444604,0.491197,0.509827
2026-02-19 08:39:53,1.860412,0.53543,0.724133,0.742391,1.365978,1.341933
2026-02-19 08:40:23,2.358763,1.174526,2.023294,2.056614,1.767087,1.647876
2026-02-19 08:40:53,0.000025,0.755433,0.000104,0.000052,0.000071,0.000043
2026-02-19 08:41:23,1.208201,0.215609,0.41617,0.261532,0.486517,0.459282
2026-02-19 08:41:53,0.216685,0.246891,0.268735,0.267886,0.329461,0.300783
2026-02-19 08:42:23,1.311699,0.165949,0.201117,0.212472,0.000041,0.00008
2026-02-19 08:42:53,1.211188,0.32229,5.931493,6.193711,1.139995,1.031948
2026-02-19 08:43:23,0.39623,1.961614,2.598562,0.000054,0.023891,2.614848
2026-02-19 08:43:53,0.39623,10.00738,1.252501,0.000054,7.067963,2.614848
2026-02-19 08:44:23,1.373424,1.331831,1.695787,2.501302,2.290973,1.253418
2026-02-19 08:44:53,0.627905,2.067589,1.204386,2.21345,0.023447,0.02051
2026-02-19 08:45:23,0.265396,0.378351,0.219158,0.311922,0.005523,0.004791
2026-02-19 08:45:53,1.10127,0.378351,0.219158,0.311922,0.332726,0.466052
2026-02-19 08:46:23,0.498632,0.949812,0.552535,0.765114,0.512965,0.491939
2026-02-19 08:46:53,0.427935,0.419886,0.607814,0.64813,0.849286,0.685696
2026-02-19 08:47:23,0.579962,0.666349,0.760388,0.830141,0.636253,0.450894
2026-02-19 08:47:53,0.333528,0.488507,0.523095,0.708221,0.49955,0.453197
2026-02-19 08:48:23,0.333528,0.488507,0.523095,0.708221,0.49955,0.453197
2026-02-19 08:48:53,0.995897,0.960865,0.628981,1.012839,3.860393,0.630977
2026-02-19 08:49:23,0.995897,0.960865,0.628981,1.012839,3.860393,0.630977
2026-02-19 08:49:53,3.970084,1.34571,1.187235,1.704445,1.595033,0.677987
2026-02-19 08:50:23,0.720482,0.437903,0.747799,0.828328,0.600208,0.608763
2026-02-19 08:50:53,0.304965,0.291166,0.232369,0.376147,0.801547,0.000039
2026-02-19 08:51:23,0.408835,0.785803,0.000077,0.000167,0.000056,0.6248
2026-02-19 08:51:53,0.389825,0.644776,1.132377,1.072121,0.893124,0.640061
2026-02-19 08:52:23,0.000086,0.892002,0.762533,0.952017,0.000051,0.714012
2026-02-19 08:52:53,0.593338,0.900325,0.495694,0.93692,0.932891,0.478157
2026-02-19 08:53:23,0.743178,0.972521,0.364478,0.713291,0.579005,0.000239
2026-02-19 08:53:53,0.857202,0.972521,0.662701,1.213006,0.888601,0.000239
2026-02-19 08:54:23,0.98606,1.041565,0.580363,1.162199,0.922672,0.750903
2026-02-19 08:54:53,0.807839,0.792946,1.150207,0.964013,0.000044,0.584069
2026-02-19 08:55:23,0.679453,0.422479,0.765636,0.641836,0.860858,0.621019
2026-02-19 08:55:53,0.679453,0.422479,0.765636,0.641836,0.860858,0.621019
2026-02-19 08:56:23,0.195203,0.481501,0.304533,0.299079,0.627151,0.425522
2026-02-19 08:56:53,1.071766,0.582681,0.84573,1.231174,1.175057,0.789684
2026-02-19 08:57:23,1.163791,1.326634,1.591198,0.624641,0.920649,0.969475
2026-02-19 08:57:53,1.82212,0.796007,1.635069,1.886178,1.654881,1.371499
2026-02-19 08:58:23,0.000221,0.402713,0.585989,0.468459,0.563805,0.534296
2026-02-19 08:58:53,0.768621,0.428893,0.325964,0.000313,0.719467,0.541371
2026-02-19 08:59:23,0.670837,0.52543,0.648432,0.485214,0.560042,0.39706
2026-02-19 08:59:53,0.825948,0.541574,0.566387,0.612088,0.629893,0.691921
2026-02-19 09:00:23,0.528241,0.487187,0.554925,0.593111,0.032107,0.032671
2026-02-19 09:00:53,0.908762,1.369536,0.665699,1.306501,1.331182,0.77983
2026-02-19 09:01:23,0.33632,0.250294,0.299764,0.321711,0.419007,0.776291
2026-02-19 09:01:53,1.446884,1.841929,1.385608,0.970696,1.347827,0.756553
2026-02-19 09:02:23,0.703362,0.316495,0.240478,0.400375,1.002942,0.891976
2026-02-19 09:02:53,0.930372,0.957205,0.828533,1.085359,0.978425,0.679474
2026-02-19 09:03:23,1.055345,1.048371,0.983914,1.296265,0.951347,0.9315
2026-02-19 09:03:53,0.450235,0.973441,0.026455,0.058799,0.007796,0.006582
2026-02-19 09:04:23,0.289777,0.391047,0.016868,0.016755,0.007232,0.009187
2026-02-19 09:04:53,0.614481,0.82381,2.624338,2.514536,6.560438,0.834781
2026-02-19 09:05:23,0.00007,1.06192,1.853971,1.961245,2.266516,1.146482
2026-02-19 09:05:53,0.73681,2.18137,2.661262,2.797898,1.416515,1.158571
2026-02-19 09:06:23,1.232233,1.129769,2.613716,2.440273,0.714885,0.797899
2026-02-19 09:06:53,2.506876,1.565334,1.775002,0.813669,1.312886,0.877079
2026-02-19 09:07:23,2.506876,1.565334,1.775002,0.813669,1.312886,0.877079
2026-02-19 09:07:53,2.506876,1.565334,1.775002,0.813669,1.312886,0.877079
2026-02-19 09:08:23,0.535166,0.581548,0.563339,0.227683,1.303958,1.294704
2026-02-19 09:08:53,0.263079,0.009287,0.014041,0.008641,0.005226,0.006838
2026-02-19 09:09:23,0.263079,0.009287,0.014041,0.008641,0.005226,0.006838
2026-02-19 09:09:53,0.263079,0.009287,0.014041,0.008641,0.005226,0.006838
2026-02-19 09:10:23,0.750208,1.203178,1.014202,0.684508,0.89516,1.176064
2026-02-19 09:10:53,0.000166,0.714772,2.322335,1.593169,0.781269,0.808653
2026-02-19 09:11:23,1.862879,0.000123,0.906422,1.949625,2.791093,0.00006
2026-02-19 09:11:53,1.184061,1.594479,1.581786,0.595851,0.928425,2.029608
2026-02-19 09:12:23,0.906411,3.858225,3.453189,2.738103,1.695349,2.280518
2026-02-19 09:12:53,1.445984,1.314126,1.50367,0.728108,0.128443,0.046625
2026-02-19 09:13:23,0.624289,1.45606,0.638665,0.995696,0.008899,0.019441
2026-02-19 09:13:53,0.624289,1.45606,0.638665,0.995696,0.008899,0.019441
2026-02-19 09:14:23,0.624289,1.45606,0.638665,0.995696,0.008899,0.019441
2026-02-19 09:14:53,0.822822,1.199699,0.935711,1.03675,0.971036,1.25541
2026-02-19 09:15:23,0.00715,0.008844,0.007439,0.008989,0.004906,0.003977
2026-02-19 09:15:53,0.00715,0.008844,0.007439,0.008989,0.004906,0.003977
2026-02-19 09:16:23,0.04277,0.028622,0.027806,0.029868,0.021661,0.015625
2026-02-19 09:16:53,0.02098,0.011444,0.029812,0.016498,0.013774,0.012928
2026-02-19 09:17:23,0.658083,0.866858,0.447889,1.058225,0.663603,0.680888
2026-02-19 09:17:53,0.613644,0.522523,0.744055,0.507807,0.509499,0.445292
2026-02-19 09:18:23,0.817401,0.979172,0.481155,0.845527,0.482885,0.442816
2026-02-19 09:18:53,0.817401,0.979172,0.481155,0.845527,0.482885,0.442816
2026-02-19 09:19:23,0.553695,0.704909,0.460317,0.663782,0.451527,0.412033
2026-02-19 09:19:53,0.888904,0.749141,0.540674,1.028051,0.725348,0.731581
2026-02-19 09:20:23,0.667629,0.352112,0.898471,0.545819,0.532769,0.732981
2026-02-19 09:20:53,0.484753,0.662982,0.616942,0.547302,0.50651,0.51377
2026-02-19 09:21:23,0.300794,0.298229,0.279516,0.343623,0.005748,0.007115
2026-02-19 09:21:53,0.638856,0.436328,0.762854,0.729527,0.537692,0.523714
2026-02-19 09:22:23,0.766941,0.981117,0.921788,0.486029,0.687863,0.641525
2026-02-19 09:22:53,0.700674,0.431297,0.897926,0.684469,0.632382,0.77239
2026-02-19 09:23:23,0.82948,0.858015,0.898276,0.548255,0.802059,0.922922
2026-02-19 09:23:53,0.898782,0.4684,0.953727,1.020355,0.694935,0.596457
2026-02-19 09:24:23,0.431138,0.549971,0.551954,0.270178,0.411383,0.630728
2026-02-19 09:24:53,1.266063,1.676694,1.179525,0.54726,1.026677,0.476945
2026-02-19 09:25:23,0.885069,0.614752,0.000065,0.933672,1.03775,0.690187
2026-02-19 09:25:53,2.332378,1.509965,1.55694,0.387253,0.000399,0.000112
2026-02-19 09:26:23,0.387384,0.456261,0.517342,0.744914,0.36934,0.491993
2026-02-19 09:26:53,1.207224,1.1583,0.80781,1.536337,0.810808,0.877246
2026-02-19 09:27:23,0.741397,0.406884,1.220626,1.015295,0.663187,0.903236
2026-02-19 09:27:53,0.49625,0.851729,0.706339,0.894653,0.667726,0.653594
2026-02-19 09:28:23,0.59337,0.566155,0.70878,0.564279,0.524034,0.521628
2026-02-19 09:28:53,0.884615,0.665305,1.367732,1.269434,0.701738,0.69451
2026-02-19 09:29:23,0.424952,0.909495,0.745798,0.845117,0.895385,0.67155
2026-02-19 09:29:53,0.892211,1.029499,1.253982,0.62182,1.06545,0.743401
2026-02-19 09:30:23,0.922629,0.62559,0.88898,0.727733,0.662737,0.647713
2026-02-19 09:30:53,0.670019,0.87349,0.741952,0.695051,0.876099,0.591218
2026-02-19 09:31:23,0.670019,0.87349,0.741952,0.695051,0.876099,0.591218
2026-02-19 09:31:53,1.051654,0.95454,1.355905,0.670839,0.724286,0.686995
2026-02-19 09:32:23,0.526275,1.580329,1.405936,1.659795,1.102935,0.790845
2026-02-19 09:32:53,1.749913,2.238358,2.85576,12.144594,1.299922,1.377274
2026-02-19 09:33:23,7.657435,0.974851,1.798501,2.520141,1.218257,0.868501
2026-02-19 09:33:53,0.982632,0.614184,1.815907,1.448284,0.706321,0.962581
2026-02-19 09:34:23,1.143106,1.437542,1.224967,0.00005,0.000057,0.000038
2026-02-19 09:34:53,1.0055,1.051883,1.084829,1.205889,0.778966,0.768666
2026-02-19 09:35:23,1.106191,1.372058,0.942436,1.319223,0.00006,0.76372
2026-02-19 09:35:53,1.106191,1.372058,0.942436,1.319223,0.00006,0.76372
2026-02-19 09:36:23,0.8679,0.516788,0.577862,0.686696,0.618302,0.746493
2026-02-19 09:36:53,0.8679,0.516788,0.577862,0.686696,0.618302,0.746493
2026-02-19 09:37:23,0.709846,0.89003,0.828388,0.968338,0.62321,0.716818
2026-02-19 09:37:53,0.772446,1.53198,4.145779,1.998398,1.484633,1.769206
2026-02-19 09:38:23,3.829201,1.077871,1.744701,2.035471,0.90256,0.839969
2026-02-19 09:38:53,1.069341,0.000034,0.386259,0.000022,0.997445,0.958859
2026-02-19 09:39:23,0.584519,0.776537,1.150017,0.997977,0.027454,0.038474
2026-02-19 09:39:53,1.790119,2.038349,1.906536,1.143364,1.336068,1.982408
2026-02-19 09:40:23,2.572028,1.95894,0.012567,0.81327,2.375157,0.000068
2026-02-19 09:40:53,1.086844,0.948013,1.03376,0.741554,0.278042,0.262672
2026-02-19 09:41:23,1.347088,1.782492,1.636951,1.743585,1.5812,1.437463
2026-02-19 09:41:53,0.954909,1.251519,1.083745,0.953118,0.025082,0.028499
2026-02-19 09:42:23,2.649906,0.842951,1.433578,1.829848,2.12133,0.000071
2026-02-19 09:42:53,3.204014,1.974303,1.971316,0.880353,1.950219,2.692186
2026-02-19 09:43:23,0.989755,2.575834,2.533059,1.934413,1.815854,2.572333
2026-02-19 09:43:53,0.731096,0.597583,0.422352,0.995616,0.007072,0.005748
2026-02-19 09:44:23,2.420539,0.366491,0.421447,2.027936,0.971283,1.112088
2026-02-19 09:44:53,1.576472,0.000059,2.45905,5.416338,0.643928,1.39478
2026-02-19 09:45:23,0.000057,0.000042,0.529745,0.00005,0.000008,0.000059
2026-02-19 09:45:53,0.779241,0.942888,1.187312,1.50734,0.024739,0.011065
2026-02-19 09:46:23,2.614369,0.164662,1.417317,0.989357,1.72991,1.324102
2026-02-19 09:46:53,0.00005,0.007059,0.013961,0.009022,0.008324,0.007659
2026-02-19 09:47:23,0.018231,0.010626,0.009377,0.00762,0.008858,0.005617
2026-02-19 09:47:53,0.035867,0.026923,0.016576,0.030961,0.033676,0.020774
2026-02-19 09:48:23,0.280637,0.7314,0.815387,0.996347,0.541488,0.435081
2026-02-19 09:48:53,0.493113,0.500355,0.623345,0.680696,0.57836,0.363082
2026-02-19 09:49:23,0.446172,0.348509,0.431024,0.346953,0.330456,0.325122
2026-02-19 09:49:53,0.492894,0.710016,0.693715,0.694543,0.427013,0.432075
2026-02-19 09:50:23,0.547042,0.417897,0.404625,0.463545,0.400184,0.418205
2026-02-19 09:50:53,0.296275,0.360632,0.507518,0.250727,0.576281,0.381987
2026-02-19 09:51:23,0.026443,0.027525,0.046793,0.016592,0.038897,0.035005
2026-02-19 09:51:53,0.242138,0.252712,0.253339,0.243117,0.36091,0.360768
2026-02-19 09:52:23,0.36442,0.75661,0.694915,0.606993,0.538108,0.560132
2026-02-19 09:52:53,1.006555,0.668149,0.385953,0.916565,0.838004,0.627203
2026-02-19 09:53:23,0.424067,0.863849,0.816186,0.529121,0.523412,0.812027
2026-02-19 09:53:53,0.458347,0.900525,0.995701,1.007883,0.864371,0.657252
2026-02-19 09:54:23,0.458347,0.900525,0.995701,1.007883,0.864371,0.657252
2026-02-19 09:54:53,0.747088,0.766,0.555886,0.489396,0.558912,0.54085
2026-02-19 09:55:23,0.431764,1.14233,1.267002,1.081899,0.874205,0.786919
2026-02-19 09:55:53,0.579354,0.641029,1.479989,0.953801,0.722031,0.000176
2026-02-19 09:56:23,0.010368,0.009707,0.020172,0.008151,0.003837,0.005961
2026-02-19 09:56:53,0.389953,0.53509,0.484915,0.771959,0.006246,0.0133
2026-02-19 09:57:23,0.526293,0.615942,0.507803,0.596588,0.655315,0.911568
2026-02-19 09:57:53,0.345326,0.493189,0.275713,0.577995,0.506321,0.640002
2026-02-19 09:58:23,0.701879,1.344837,0.775781,1.281212,8.480607,1.171395
2026-02-19 09:58:53,0.825251,0.879048,1.253915,1.523014,1.29137,0.990414
2026-02-19 09:59:23,0.998469,0.850936,1.211292,1.278149,0.673407,0.905464
2026-02-19 09:59:53,0.398327,0.98437,0.977444,2.122576,0.659368,0.681035
2026-02-19 10:00:23,0.885605,0.632524,2.240496,0.829421,0.55896,0.6004
2026-02-19 10:00:53,1.374762,6.656233,1.423844,0.58015,0.000072,6.93151
2026-02-19 10:01:23,0.493837,0.62527,0.840895,0.857599,0.000041,0.597832
2026-02-19 10:01:53,1.329307,1.051144,1.184282,0.586211,1.32842,0.827537
2026-02-19 10:02:23,1.039597,0.642841,1.044389,1.246567,0.544728,0.796805
2026-02-19 10:02:53,0.93257,0.543738,0.784136,0.617499,0.581723,0.974868
2026-02-19 10:03:23,1.112547,0.820502,1.294593,1.076832,0.736359,0.436288
2026-02-19 10:03:53,0.23982,0.367789,0.334452,0.506945,0.418573,0.403251
2026-02-19 10:04:23,0.23982,0.367789,0.334452,0.506945,0.418573,0.403251
2026-02-19 10:04:53,0.23982,0.367789,0.334452,0.506945,0.418573,0.403251
2026-02-19 10:05:23,1.07699,0.989111,0.752623,0.974264,1.03068,0.793812
2026-02-19 10:05:53,1.16003,0.000262,0.738512,1.189351,0.772984,0.00009
2026-02-19 10:06:23,0.751204,0.557777,0.598933,0.330779,0.608458,0.890684
2026-02-19 10:06:53,1.097303,0.741973,1.406079,5.453924,1.078569,0.852636
2026-02-19 10:07:23,0.730407,1.765268,1.080848,1.732263,0.895376,0.784189
2026-02-19 10:07:53,0.639064,1.463138,6.261645,1.969395,1.45151,1.251966
2026-02-19 10:08:23,6.428335,0.000015,1.514104,0.000044,0.000031,0.000067
2026-02-19 10:08:53,1.049049,0.000054,1.892952,2.396404,1.22047,0.000066
2026-02-19 10:09:23,1.720238,1.238481,1.550859,1.205291,0.932176,0.985507
2026-02-19 10:09:53,0.945896,0.341608,0.367831,0.336254,0.685253,0.997349
2026-02-19 10:10:23,1.198678,0.589748,0.31204,0.552025,1.504766,1.386779
2026-02-19 10:10:53,1.795995,1.355772,0.389808,1.338115,0.012669,2.041683
2026-02-19 10:11:23,0.542988,1.767867,1.488528,1.908149,1.433653,1.688267
2026-02-19 10:11:53,0.364385,0.00715,0.016858,0.01102,0.004312,0.005992
2026-02-19 10:12:23,0.520643,1.441119,1.532192,1.234345,1.25417,1.384699
2026-02-19 10:12:53,0.660559,0.075182,0.032384,0.069927,0.045713,0.049283
2026-02-19 10:13:23,1.676264,1.658527,1.104984,1.512337,1.46881,1.849365
2026-02-19 10:13:53,2.125131,2.051753,1.007594,2.019611,1.679791,1.902325
2026-02-19 10:14:23,0.890202,1.208519,0.997669,0.865254,0.537539,0.862158
2026-02-19 10:14:53,0.706489,2.635446,2.621652,2.680826,1.674133,1.822348
2026-02-19 10:15:23,0.840131,0.663895,1.000495,0.85272,0.731546,0.934177
2026-02-19 10:15:53,0.495685,0.524917,0.405757,0.831535,0.031465,0.035857
2026-02-19 10:16:23,1.153506,0.300775,0.261137,0.789024,0.765655,0.738201
2026-02-19 10:16:53,0.338482,0.306569,0.259391,0.796992,0.284849,0.273887
2026-02-19 10:17:23,0.416225,0.000064,0.000339,2.426456,0.284849,2.377877
2026-02-19 10:17:53,0.733346,1.511087,1.79299,0.905349,0.006866,0.012684
2026-02-19 10:18:23,0.892483,0.000098,0.419309,0.307136,0.000077,0.000075
2026-02-19 10:18:53,0.246311,0.248043,0.254495,0.214896,0.008292,0.012263
2026-02-19 10:19:23,0.308707,0.856954,0.820655,0.838482,0.539427,0.491761
2026-02-19 10:19:53,0.308707,0.856954,0.504094,0.838482,0.565463,0.515701
2026-02-19 10:20:23,0.000201,0.858141,0.504094,1.013399,0.565463,0.515701
2026-02-19 10:20:53,0.000201,0.858141,0.504094,1.013399,0.565463,0.515701
2026-02-19 10:21:23,0.750629,0.588162,0.624759,0.365383,0.448938,0.427112
2026-02-19 10:21:53,0.422437,0.762795,0.571491,0.385558,0.536039,0.533529
2026-02-19 10:22:23,0.527067,0.550835,0.585115,0.594342,0.550257,0.507008
2026-02-19 10:22:53,1.029918,0.000065,0.699252,0.000077,0.000065,0.6793
2026-02-19 10:23:23,0.464522,0.687874,0.685548,0.506742,0.517977,0.495072
2026-02-19 10:23:53,1.085981,0.432304,1.0842,1.406908,1.278747,1.032469
2026-02-19 10:24:23,0.726416,0.988329,0.618885,0.733999,0.583582,0.498705
2026-02-19 10:24:53,0.786394,0.83471,1.210744,0.989697,0.717739,0.580849
2026-02-19 10:25:23,1.037976,0.895118,0.915595,1.102385,0.63293,0.587476
2026-02-19 10:25:53,0.564828,0.405307,0.772612,1.081452,0.574608,0.504629
2026-02-19 10:26:23,0.733177,1.102306,0.378037,0.700028,5.800316,0.745376
2026-02-19 10:26:53,2.639469,0.011994,0.011575,0.016346,0.007038,0.00663
2026-02-19 10:27:23,0.010287,0.007258,0.010273,0.015206,0.0048,0.004848
2026-02-19 10:27:53,0.475236,0.364216,0.594834,0.631435,0.00727,0.005185
2026-02-19 10:28:23,0.609611,0.629928,0.878857,0.43555,0.760182,0.625984
2026-02-19 10:28:53,0.47602,0.424982,0.595766,0.490834,0.670575,0.662552
2026-02-19 10:29:23,0.858524,0.668595,0.394084,0.869902,0.554534,5.679973
2026-02-19 10:29:53,0.873934,1.288136,1.197557,0.623684,0.806465,0.632296
2026-02-19 10:30:23,0.873934,1.288136,1.197557,0.623684,0.806465,0.632296
2026-02-19 10:30:53,0.435613,1.343998,1.498093,1.583764,1.035452,0.964614
2026-02-19 10:31:23,0.794357,1.117344,0.869471,1.132172,0.778782,0.71867
2026-02-19 10:31:53,0.555142,0.878466,1.090112,0.533635,0.535911,0.497933
2026-02-19 10:32:23,0.555142,0.878466,1.090112,0.533635,0.535911,0.497933
2026-02-19 10:32:53,0.370912,0.2685,0.129545,0.296037,0.473605,0.215384
2026-02-19 10:33:23,0.000046,0.007444,0.007824,0.021602,0.007898,0.01044
2026-02-19 10:33:53,0.588092,1.36525,1.525787,1.379126,0.757438,0.610147
2026-02-19 10:34:23,0.588092,1.36525,1.525787,1.379126,0.757438,0.610147
2026-02-19 10:34:53,1.225133,0.95862,1.186322,1.142618,0.564669,0.528555
2026-02-19 10:35:23,0.557555,1.386872,1.614683,1.075995,1.029838,0.946836
2026-02-19 10:35:53,0.799873,1.049278,0.987927,1.11582,0.649197,1.114955
2026-02-19 10:36:23,0.437318,0.431655,0.467627,0.417826,0.54596,0.7441
2026-02-19 10:36:53,0.311678,0.372441,0.499804,0.000117,0.523303,0.476915
2026-02-19 10:37:23,0.387374,0.010121,0.028187,0.620654,0.006578,0.00594
2026-02-19 10:37:53,0.422163,0.674341,0.993137,0.724891,0.028564,0.01833
2026-02-19 10:38:23,1.683509,0.743948,2.383898,1.877901,1.072211,0.870507
2026-02-19 10:38:53,1.739795,1.698707,1.229539,1.753656,1.053343,0.896977
2026-02-19 10:39:23,1.535611,1.693725,1.861093,0.984618,0.928049,0.696484
2026-02-19 10:39:53,0.351205,0.715983,0.280567,0.762634,0.776221,0.775605
2026-02-19 10:40:23,1.455036,1.270327,2.035088,1.097729,1.072734,0.770315
2026-02-19 10:40:53,1.725176,1.363482,1.165328,1.086253,1.317036,1.142782
2026-02-19 10:41:23,0.271622,0.366278,0.73013,0.293909,0.731173,0.71576
2026-02-19 10:41:53,0.797799,0.014199,0.030662,0.032002,0.025343,0.028761
2026-02-19 10:42:23,0.00282,0.00398,0.003868,0.003465,0.006012,0.004497
2026-02-19 10:42:53,0.00282,0.00398,0.003868,0.003465,0.006012,0.004497
2026-02-19 10:43:23,0.006947,0.01126,0.010423,0.009122,0.004736,0.00497
2026-02-19 10:43:53,0.553595,1.188591,0.801903,0.707176,0.01329,0.010059
2026-02-19 10:44:23,0.718459,2.74483,2.098783,2.492756,1.51103,2.299319
2026-02-19 10:44:53,1.267526,2.82658,2.192728,1.749427,1.753524,1.427287
2026-02-19 10:45:23,0.423725,2.501975,2.386013,2.149324,1.035548,1.541361
2026-02-19 10:45:53,1.157814,0.470922,1.329997,0.558419,1.197539,2.846827
2026-02-19 10:46:23,0.520376,0.000075,0.00011,0.000089,1.32314,1.138689
2026-02-19 10:46:53,1.46311,0.000075,0.00011,0.000089,1.32314,1.138689
2026-02-19 10:47:23,0.442756,1.95903,2.005244,1.530645,0.647914,0.624073
2026-02-19 10:47:53,0.761422,0.906316,1.395509,1.174066,0.814026,1.635536
2026-02-19 10:48:23,2.136353,1.647848,0.000028,8.58036,0.710822,0.940731
2026-02-19 10:48:53,9.217282,0.656741,1.34806,1.106096,0.000115,1.57579
2026-02-19 10:49:23,0.267968,0.674123,0.455215,0.430434,0.719083,0.772016
2026-02-19 10:49:53,1.623356,0.600723,0.85109,1.039743,0.495649,0.620149
2026-02-19 10:50:23,0.626965,0.587543,0.620649,0.98242,0.452802,0.493015
2026-02-19 10:50:53,0.468402,0.711235,0.718887,0.743717,0.40509,0.445123
2026-02-19 10:51:23,0.657325,0.788494,0.580219,0.717511,0.503095,0.508608
2026-02-19 10:51:53,0.726743,0.515142,0.870854,0.584872,0.4441,0.493487
2026-02-19 10:52:23,0.39722,0.301293,0.898123,0.575441,0.613198,0.751201
2026-02-19 10:52:53,0.39722,0.301293,0.898123,0.575441,0.613198,0.751201
2026-02-19 10:53:23,0.489539,0.301293,1.055275,1.197328,0.672659,0.751201
2026-02-19 10:53:53,0.489539,6.373434,1.055275,1.197328,0.672659,5.584072
2026-02-19 10:54:23,0.709962,0.990439,1.145048,1.280816,0.70801,0.751825
2026-02-19 10:54:53,0.709962,0.990439,1.145048,1.280816,0.70801,0.751825
2026-02-19 10:55:23,0.000101,0.000096,0.715162,1.255914,0.728095,0.000055
2026-02-19 10:55:53,1.85642,0.366534,0.865386,0.949809,0.437474,0.435767
2026-02-19 10:56:23,0.341994,0.615206,0.456283,0.000055,0.565349,0.000115
2026-02-19 10:56:53,1.256819,1.17627,0.555663,1.256902,0.781099,0.601064
2026-02-19 10:57:23,1.256819,1.17627,0.555663,1.256902,0.781099,0.601064
2026-02-19 10:57:53,0.954499,0.860844,0.980224,0.590904,0.573019,0.577749
2026-02-19 10:58:23,1.041183,1.101621,0.619408,0.522227,0.758154,0.859831
2026-02-19 10:58:53,0.695377,0.803969,0.682617,0.664822,0.553479,0.615079
2026-02-19 10:59:23,0.489753,0.651089,0.406606,0.563293,0.483399,0.529394
2026-02-19 10:59:53,0.941528,1.086779,1.004966,0.491174,1.001835,0.739026
2026-02-19 11:00:23,0.827103,0.467329,1.228706,1.190267,0.583714,0.847215
2026-02-19 11:00:53,0.940699,0.595805,0.42468,0.611981,0.683622,0.4758
2026-02-19 11:01:23,5.234102,1.427796,0.703387,0.71899,0.66663,0.78613
2026-02-19 11:01:53,5.234102,1.427796,0.703387,0.71899,0.66663,0.78613
2026-02-19 11:02:23,5.234102,0.897514,0.703387,0.71899,0.66663,0.78613
2026-02-19 11:02:53,0.279094,0.857007,0.711825,0.880017,0.852359,1.271428
2026-02-19 11:03:23,0.242505,0.008372,0.009516,0.008633,0.006094,0.005039
2026-02-19 11:03:53,0.013249,0.017479,0.014223,0.023533,0.01064,0.008879
2026-02-19 11:04:23,0.026035,0.422538,0.012788,0.015926,0.039919,0.026675
2026-02-19 11:04:53,0.785091,1.147579,0.818454,1.072351,0.982557,1.361232
2026-02-19 11:05:23,1.554909,6.596758,0.959531,1.415725,0.864883,5.946196
2026-02-19 11:05:53,0.876969,1.086333,1.048965,0.624678,0.691067,0.653249
2026-02-19 11:06:23,0.876969,1.086333,1.048965,0.624678,0.691067,0.653249
2026-02-19 11:06:53,0.647221,1.253852,1.041212,1.107853,0.749385,1.059126
2026-02-19 11:07:23,0.806803,0.339767,0.45515,0.364061,0.536283,0.518265
2026-02-19 11:07:53,0.87071,0.339767,0.45515,0.364061,0.536283,0.518265
2026-02-19 11:08:23,1.071077,0.000155,1.052333,0.848973,0.000566,0.001732
2026-02-19 11:08:53,1.071077,0.000155,1.052333,0.848973,0.000566,0.001732
2026-02-19 11:09:23,1.071077,0.000155,1.052333,0.848973,0.000566,0.001732
2026-02-19 11:09:53,1.047472,1.904486,1.022936,1.174101,0.986572,0.874365
2026-02-19 11:10:23,1.224278,1.62493,0.986887,1.226876,1.317911,1.027651
2026-02-19 11:10:53,1.513686,0.000071,0.000208,1.010626,1.130049,0.000237
2026-02-19 11:11:23,0.743809,0.705995,1.103868,0.778336,0.790967,0.612323
2026-02-19 11:11:53,1.461465,1.780083,1.391632,0.676288,1.154421,1.208126
2026-02-19 11:12:23,0.622573,1.739824,1.564004,1.96356,1.354731,0.996282
2026-02-19 11:12:53,1.546474,0.738028,1.564004,10.433724,8.248665,1.383428
2026-02-19 11:13:23,1.070837,0.635138,0.649615,0.350565,2.005677,0.944129
2026-02-19 11:13:53,1.289295,0.365544,0.666815,0.000042,0.000048,0.000128
2026-02-19 11:14:23,0.714663,0.564339,0.980608,0.246307,0.025351,0.008268
2026-02-19 11:14:53,0.767405,0.444095,1.647132,0.443964,0.925522,1.206798
2026-02-19 11:15:23,0.807646,1.30998,0.023275,0.014394,0.013235,0.005879
2026-02-19 11:15:53,0.510784,0.991719,0.487604,2.480152,0.03588,0.023117
2026-02-19 11:16:23,0.408687,0.938448,3.001003,1.170547,0.62744,2.207491
2026-02-19 11:16:53,0.511227,1.256459,0.935905,1.591433,0.505787,0.949051
2026-02-19 11:17:23,2.116768,2.692853,2.15654,1.972165,0.849851,1.587474
2026-02-19 11:17:53,1.08813,0.968672,0.956752,0.964488,0.011404,0.007739
2026-02-19 11:18:23,1.207425,1.396191,2.486876,0.566238,1.647759,1.974573
2026-02-19 11:18:53,1.207425,1.396191,2.486876,0.566238,1.647759,1.974573
2026-02-19 11:19:23,1.002775,0.676587,1.469465,1.00466,1.079801,1.735499
2026-02-19 11:19:53,0.340563,0.570322,0.537977,0.54126,0.921831,1.264957
2026-02-19 11:20:23,0.444867,0.448235,1.015102,0.801463,0.44343,0.750639
2026-02-19 11:20:53,0.456678,0.35493,0.513931,0.493144,0.373403,0.356945
2026-02-19 11:21:23,0.351412,0.885538,0.001885,0.00008,0.000067,0.581692
2026-02-19 11:21:53,0.333304,0.742169,0.426767,0.882929,0.611181,0.513895
2026-02-19 11:22:23,0.730005,0.368641,0.503285,0.468617,0.442773,0.603073
2026-02-19 11:22:53,1.097195,1.127119,1.072668,0.549011,1.180991,0.75415
2026-02-19 11:23:23,0.874456,0.489654,0.588539,0.36654,0.820025,0.506894
2026-02-19 11:23:53,0.823122,0.914099,0.494882,0.987254,0.812256,0.457745
2026-02-19 11:24:23,0.823122,0.914099,0.692696,0.987254,0.812256,0.457745
2026-02-19 11:24:53,0.724328,1.131916,0.575298,0.941319,0.581569,0.551982
2026-02-19 11:25:23,0.694848,0.59945,0.000134,1.037538,0.000036,0.000156
2026-02-19 11:25:53,0.628065,0.843162,0.504732,0.96561,0.557539,0.49346
2026-02-19 11:26:23,0.628065,0.843162,0.504732,0.96561,0.557539,0.49346
2026-02-19 11:26:53,0.496157,1.701053,0.403196,0.000099,1.203196,0.567612
2026-02-19 11:27:23,0.606012,0.710806,0.689853,0.000055,0.67728,0.488846
2026-02-19 11:27:53,1.32348,1.083401,1.623788,1.419301,0.662583,0.6597
2026-02-19 11:28:23,0.000132,1.315611,1.200797,1.286908,0.657247,1.181295
2026-02-19 11:28:53,0.80116,0.903869,0.756281,1.280462,0.631781,0.849585
2026-02-19 11:29:23,0.928621,0.752997,0.554381,0.689469,0.676005,0.50026
2026-02-19 11:29:53,0.809146,3.140338,0.000062,1.989582,1.492066,1.111389
2026-02-19 11:30:23,0.953163,0.666952,1.032793,1.166965,1.075285,1.044532
2026-02-19 11:30:53,1.02503,1.324484,1.106286,1.509493,1.002363,0.828951
2026-02-19 11:31:23,0.671787,0.880896,1.027872,1.144832,0.795025,0.612044
2026-02-19 11:31:53,0.671787,1.141932,1.027872,1.144832,0.795025,0.612044
2026-02-19 11:32:23,0.841775,1.236253,0.928082,1.295907,0.953576,0.864832
2026-02-19 11:32:53,0.467468,1.542157,1.335919,1.646544,0.812466,0.769418
2026-02-19 11:33:23,1.048105,1.864719,0.896253,1.517622,0.797473,1.131894
2026-02-19 11:33:53,0.615241,1.820432,1.674686,1.499203,1.056608,0.897476
2026-02-19 11:34:23,0.000095,1.42566,0.884187,0.000051,0.000038,0.638107
2026-02-19 11:34:53,0.000095,1.42566,0.884187,0.000051,0.000038,0.638107
2026-02-19 11:35:23,1.120052,0.605095,1.230682,1.082496,0.782723,0.645948
2026-02-19 11:35:53,0.998652,2.003883,0.901568,1.425182,0.943764,0.930227
2026-02-19 11:36:23,1.398924,1.271462,1.461018,6.979959,0.956848,0.829599
2026-02-19 11:36:53,0.627313,1.918952,6.827059,1.631971,1.029728,1.848048
2026-02-19 11:37:23,1.273882,1.580844,1.378746,1.534359,0.000116,0.657597
2026-02-19 11:37:53,0.942071,1.780418,0.780379,1.533482,1.226295,0.827297
2026-02-19 11:38:23,0.612421,1.715801,1.790456,1.552104,1.338832,0.840542
2026-02-19 11:38:53,1.289649,1.227323,1.949505,1.406655,1.175778,1.692773
2026-02-19 11:39:23,0.554801,0.732832,0.609231,0.931503,0.757921,0.587948
2026-02-19 11:39:53,0.000101,1.279375,0.000048,0.533302,1.289582,0.000159
2026-02-19 11:40:23,0.946485,1.176942,1.207381,0.736343,0.99658,0.94027
2026-02-19 11:40:53,1.266448,1.372948,1.376159,6.904959,1.430676,0.806914
2026-02-19 11:41:23,1.636338,13.841353,2.412052,0.426956,1.349913,1.662701
2026-02-19 11:41:53,2.122656,1.797568,6.454612,5.643777,3.142486,2.094062
2026-02-19 11:42:23,0.000039,0.000055,1.201764,1.714735,0.000076,0.000039
2026-02-19 11:42:53,1.484659,1.026857,0.3508,0.258148,0.655637,0.897968
2026-02-19 11:43:23,1.484659,1.026857,0.3508,0.258148,0.655637,0.897968
2026-02-19 11:43:53,0.764508,0.008719,0.00958,0.024328,0.01381,0.006386
2026-02-19 11:44:23,0.665951,0.015498,0.014851,0.016881,0.016807,0.008201
2026-02-19 11:44:53,0.63173,0.015498,0.014851,0.016881,0.016807,0.008201
2026-02-19 11:45:23,0.346585,2.067091,2.218386,2.034308,1.165623,1.710832
2026-02-19 11:45:53,1.811924,0.659285,0.68816,0.352244,1.258027,1.831845
2026-02-19 11:46:23,1.353677,1.712708,1.496978,1.52145,1.090935,1.453529
2026-02-19 11:46:53,1.13901,1.088412,0.677388,1.048654,0.681637,0.890055
2026-02-19 11:47:23,0.701056,0.52851,1.125503,0.972822,0.780131,0.912339
2026-02-19 11:47:53,0.574285,0.980834,1.006252,0.992759,1.182352,0.816472
2026-02-19 11:48:23,1.081202,1.33466,0.816303,1.30544,1.398584,1.782023
2026-02-19 11:48:53,0.003653,1.381392,0.004115,0.00494,0.006788,0.006702
2026-02-19 11:49:23,0.000013,0.000091,0.007587,0.000357,0.000035,0.000036
2026-02-19 11:49:53,0.010497,0.006022,0.008774,0.00601,0.006122,0.005675
2026-02-19 11:50:23,0.465102,0.794808,0.637584,0.708556,0.475399,0.429918
2026-02-19 11:50:53,0.598527,0.493546,0.630182,4.680657,0.420578,0.428182
2026-02-19 11:51:23,0.659257,0.392918,0.672632,1.088307,0.529392,0.505441
2026-02-19 11:51:53,0.385045,0.000045,0.733351,0.001629,0.495088,0.000071
2026-02-19 11:52:23,0.000069,0.389059,1.104235,0.491467,0.447347,0.804354
2026-02-19 11:52:53,0.000069,0.389059,1.104235,0.491467,0.447347,0.804354
2026-02-19 11:53:23,0.621128,0.264337,0.317752,0.537775,0.948047,1.171598
2026-02-19 11:53:53,0.498837,0.508493,0.194924,0.498585,0.46158,0.472802
2026-02-19 11:54:23,0.030094,0.009615,0.02064,0.022244,0.019953,0.029739
2026-02-19 11:54:53,0.495582,0.528315,0.511433,0.277248,0.023213,0.013902
2026-02-19 11:55:23,0.348758,0.548183,0.66072,0.543853,0.530512,0.580143
2026-02-19 11:55:53,0.290819,0.404145,0.20564,0.260085,0.452262,0.43828
2026-02-19 11:56:23,0.709255,0.928448,0.606231,0.964737,0.597159,0.504286
2026-02-19 11:56:53,0.641216,0.79683,0.582553,0.701877,0.513425,0.65886
2026-02-19 11:57:23,0.303341,0.292708,0.520933,0.324511,0.573871,0.425032
2026-02-19 11:57:53,0.599187,0.455928,0.90696,1.116731,0.495876,0.521721
2026-02-19 11:58:23,0.429724,0.600029,0.509546,0.479943,0.567318,0.428024
2026-02-19 11:58:53,0.79046,1.034569,0.544003,0.830655,0.597572,0.969008
2026-02-19 11:59:23,0.954093,0.815039,0.500631,0.598716,0.71775,0.528478
2026-02-19 11:59:53,0.743404,0.660693,0.645861,0.507216,0.506684,0.514395
2026-02-19 12:00:23,0.743404,0.660693,0.645861,8.288074,0.506684,0.514395
2026-02-19 12:00:53,1.31759,1.420845,1.342994,8.288074,0.754031,1.089282
2026-02-19 12:01:23,0.895229,1.045779,1.086452,0.666552,0.719487,1.136403
2026-02-19 12:01:53,0.611062,0.625471,0.95941,0.484407,0.512854,0.921078
2026-02-19 12:02:23,0.496142,1.079114,0.985835,0.830652,0.98356,0.765737
2026-02-19 12:02:53,1.127491,0.329556,1.263425,0.844708,0.971574,0.52934
2026-02-19 12:03:23,0.00007,2.201946,0.000032,0.917324,0.000045,0.72415
2026-02-19 12:03:53,0.934625,0.681893,0.669316,0.675448,1.2229,0.353783
2026-02-19 12:04:23,0.919132,1.105166,0.927194,0.456331,1.092567,0.729719
2026-02-19 12:04:53,0.743771,0.78701,1.068097,0.519473,0.784244,0.633894
2026-02-19 12:05:23,1.153444,1.121695,0.684078,1.07538,0.986155,0.756838
2026-02-19 12:05:53,2.017179,0.827754,0.000233,1.881964,0.961066,0.90216
2026-02-19 12:06:23,0.858648,1.003433,2.091893,2.159697,0.866424,0.882518
2026-02-19 12:06:53,0.858648,1.003433,2.091893,2.159697,0.866424,0.882518
2026-02-19 12:07:23,1.073788,0.976368,0.984178,1.407369,1.159532,1.057585
2026-02-19 12:07:53,1.073788,0.976368,0.984178,1.407369,1.159532,1.057585
2026-02-19 12:08:23,1.042707,0.726271,1.258249,0.00003,0.541983,0.000038
2026-02-19 12:08:53,0.812478,0.589878,1.049967,1.193039,0.708454,0.718093
2026-02-19 12:09:23,0.926906,0.345821,1.144759,1.49788,0.894353,0.860411
2026-02-19 12:09:53,0.892354,0.345821,1.285224,0.000196,0.932423,1.665513
2026-02-19 12:10:23,1.180654,0.896986,1.178567,0.895901,0.981158,0.765985
2026-02-19 12:10:53,1.702183,1.167965,2.003852,1.315811,1.061237,0.878172
2026-02-19 12:11:23,1.475571,1.170708,0.901429,1.692948,1.606133,1.103169
2026-02-19 12:11:53,1.181385,1.418927,0.898989,1.349077,1.086334,0.792225
2026-02-19 12:12:23,0.833855,0.000397,1.214423,0.99034,0.0132,0.000053
2026-02-19 12:12:53,0.004461,0.018841,0.007314,1.228309,0.011441,0.006522
2026-02-19 12:13:23,0.93873,0.010491,0.000193,0.000016,0.00004,1.680146
2026-02-19 12:13:53,0.236913,0.009662,0.01322,0.017108,0.004497,0.006953
2026-02-19 12:14:23,0.000069,0.318206,0.817052,0.694918,0.000051,0.000047
2026-02-19 12:14:53,0.614499,2.829322,1.813641,2.225194,1.288285,1.542789
2026-02-19 12:15:23,1.780429,2.579062,0.812485,1.781721,1.100872,1.863738
2026-02-19 12:15:53,0.463882,0.887491,0.34134,0.808834,0.673567,2.060893
2026-02-19 12:16:23,0.463882,0.887491,5.525815,0.996185,1.250483,2.060893
2026-02-19 12:16:53,1.392949,1.535848,1.560945,0.891955,0.81912,0.912749
2026-02-19 12:17:23,0.365613,0.469002,0.464904,1.013441,0.972028,0.396303
2026-02-19 12:17:53,1.734093,1.868338,1.603434,1.013441,0.972028,1.081151
2026-02-19 12:18:23,1.140847,1.45491,1.484299,0.820106,0.817898,0.862571
2026-02-19 12:18:53,0.893848,1.148772,1.477625,1.103145,1.188574,1.150687
2026-02-19 12:19:23,0.983909,1.822126,1.491189,1.579492,1.588015,1.857325
2026-02-19 12:19:53,1.006577,1.606424,2.103434,1.84308,0.890911,1.106158
2026-02-19 12:20:23,1.013225,1.341091,1.202581,0.76677,1.396877,1.270928
2026-02-19 12:20:53,0.040074,0.028276,0.024913,0.039181,0.041711,0.032549
2026-02-19 12:21:23,0.301494,0.583106,1.06807,0.510511,0.430929,0.460173
2026-02-19 12:21:53,0.000154,0.636364,0.499836,0.676084,0.428795,0.000069
2026-02-19 12:22:23,0.668451,0.362245,0.498545,0.494588,0.555081,1.014478
2026-02-19 12:22:53,0.624869,0.828308,0.460864,0.959499,0.506289,1.076878
2026-02-19 12:23:23,0.537749,0.766057,0.862483,0.919478,0.846602,0.821324
2026-02-19 12:23:53,0.537749,0.766057,0.862483,0.919478,0.846602,0.821324
2026-02-19 12:24:23,0.528561,0.654459,1.364249,0.907974,0.660559,1.153181
2026-02-19 12:24:53,0.289836,0.417562,0.397239,0.294534,0.416909,0.000029
2026-02-19 12:25:23,0.627978,0.64686,0.52248,0.720226,0.693229,0.508554
2026-02-19 12:25:53,0.83973,0.586371,0.479329,0.615673,0.414121,0.000042
2026-02-19 12:26:23,0.992583,1.12523,1.28214,0.9939,0.753073,0.520392
2026-02-19 12:26:53,0.000154,0.487483,1.042904,0.69082,0.469619,0.000084
2026-02-19 12:27:23,1.463064,0.487483,1.266029,1.364874,0.693055,0.86331
2026-02-19 12:27:53,0.292092,0.362982,0.348659,0.00004,0.469461,0.784119
2026-02-19 12:28:23,0.497802,0.389425,0.587125,0.551504,0.308066,0.438669
2026-02-19 12:28:53,1.014435,0.623128,0.856875,0.545254,0.976117,0.851454
2026-02-19 12:29:23,1.014435,0.623128,0.856875,0.545254,0.976117,0.851454
2026-02-19 12:29:53,0.660089,0.541106,0.350683,0.476513,0.483264,0.496994
2026-02-19 12:30:23,1.129544,0.611343,1.095125,1.286475,0.745218,0.835687
2026-02-19 12:30:53,0.509434,0.828251,0.809357,0.822286,0.598363,0.638517
2026-02-19 12:31:23,0.677713,0.693588,0.677562,1.02364,0.507771,0.541398
2026-02-19 12:31:53,0.455657,1.197868,1.201261,1.212676,0.66619,0.671129
2026-02-19 12:32:23,0.587593,1.331001,0.71965,1.335733,1.2143,0.724305
2026-02-19 12:32:53,0.435939,1.188361,0.529528,0.458785,0.514841,1.397446
2026-02-19 12:33:23,0.934347,1.531381,1.054721,0.834601,1.617832,1.371832
2026-02-19 12:33:53,0.68211,0.51498,0.335465,0.748433,0.986515,1.009559
2026-02-19 12:34:23,1.182056,0.695047,1.476863,1.701722,0.97765,1.038085
2026-02-19 12:34:53,0.198369,1.100264,0.559671,0.407072,0.753819,0.834671
2026-02-19 12:35:23,0.870428,0.62061,0.885769,0.989342,0.754983,0.752407
2026-02-19 12:35:53,0.870428,0.62061,0.885769,0.989342,0.754983,0.752407
2026-02-19 12:36:23,0.541402,1.194326,1.058563,1.444348,1.205738,0.871454
2026-02-19 12:36:53,0.69583,0.696079,0.611585,0.754047,0.727889,0.70545
2026-02-19 12:37:23,0.722766,0.516234,0.644372,0.791116,0.70696,0.840436
2026-02-19 12:37:53,0.722766,0.516234,0.644372,0.791116,0.70696,0.840436
2026-02-19 12:38:23,0.599215,0.800318,0.766874,0.837476,0.696588,0.638475
2026-02-19 12:38:53,1.201646,1.047538,0.596159,0.922267,1.557588,1.321525
2026-02-19 12:39:23,1.201646,1.489475,1.21016,8.500395,1.530792,1.018405
2026-02-19 12:39:53,0.425751,1.104445,1.185835,2.079761,1.208895,1.423937
2026-02-19 12:40:23,0.273946,0.006174,0.006432,0.00727,0.003633,0.003872
2026-02-19 12:40:53,0.273946,0.006174,0.006432,0.00727,0.003633,0.003872
2026-02-19 12:41:23,0.632338,0.513467,0.648904,1.020748,0.033582,0.02933
2026-02-19 12:41:53,1.670089,0.392807,0.000088,2.695174,0.969502,1.596804
2026-02-19 12:42:23,0.881813,1.610534,2.025379,1.466258,0.923875,1.301763
2026-02-19 12:42:53,1.969257,1.610534,1.549482,3.091706,2.579509,2.029545
2026-02-19 12:43:23,0.629698,0.839878,2.263383,1.68605,1.031282,1.345067
2026-02-19 12:43:53,0.685759,1.206644,1.665259,1.717628,1.272379,1.307557
2026-02-19 12:44:23,0.685759,1.206644,1.665259,1.717628,1.272379,1.307557
2026-02-19 12:44:53,0.960303,1.629409,0.357567,0.283964,1.153548,1.011061
2026-02-19 12:45:23,0.538938,0.007879,0.013849,0.015362,0.005334,0.00731
2026-02-19 12:45:53,0.548761,0.013024,0.017862,0.011867,0.004747,0.007883
2026-02-19 12:46:23,0.548761,0.013024,0.017862,0.011867,0.004747,0.007883
2026-02-19 12:46:53,0.548761,0.013024,0.693849,0.011867,0.004747,0.007883
2026-02-19 12:47:23,0.753767,2.112298,2.219869,1.973886,1.838073,1.922411
2026-02-19 12:47:53,0.597543,0.564353,1.102925,2.167043,2.185461,0.02807
2026-02-19 12:48:23,1.026884,2.524614,0.428409,0.38231,0.025498,0.006043
2026-02-19 12:48:53,0.574528,0.78571,0.686493,0.296811,1.003967,0.836838
2026-02-19 12:49:23,0.428911,0.691362,0.596553,0.792202,0.00557,0.007099
2026-02-19 12:49:53,0.423129,0.008757,0.018659,0.011029,0.00881,0.007401
2026-02-19 12:50:23,1.062002,0.67914,1.866364,0.921566,1.314607,1.547822
2026-02-19 12:50:53,0.573817,0.507689,0.782194,0.723832,0.462185,0.519531
2026-02-19 12:51:23,0.573817,0.507689,0.782194,0.723832,0.462185,0.519531
2026-02-19 12:51:53,0.296595,0.158769,0.389885,0.525852,0.643354,0.600664
2026-02-19 12:52:23,0.360208,0.3128,0.000096,0.000054,0.365101,0.306653
2026-02-19 12:52:53,0.434992,0.715365,0.276285,0.253557,0.595969,0.332215
2026-02-19 12:53:23,11.533853,0.70987,0.506859,1.099112,0.976595,0.708792
2026-02-19 12:53:53,0.35325,0.406894,0.33362,0.385805,0.258039,0.000205
2026-02-19 12:54:23,0.392212,0.545877,0.798227,0.767604,0.850481,0.262767
2026-02-19 12:54:53,0.256385,0.780366,0.541497,0.488056,0.499571,0.354882
2026-02-19 12:55:23,0.008597,0.013245,0.014583,0.010472,0.008742,0.00895
2026-02-19 12:55:53,0.440514,0.492565,0.516729,0.446671,0.443297,0.388039
2026-02-19 12:56:23,0.526613,0.639715,0.449589,0.788527,0.263504,0.351313
2026-02-19 12:56:53,0.445813,0.893873,0.820164,0.456775,2.367175,0.287441
2026-02-19 12:57:23,0.758467,3.245553,0.731741,0.692586,0.865494,0.383908
2026-02-19 12:57:53,0.365134,0.936568,0.673831,0.538309,0.490948,0.64098
2026-02-19 12:58:23,0.405495,0.650535,0.501213,0.882552,0.395399,0.401856
2026-02-19 12:58:53,0.405495,0.650535,0.501213,0.882552,0.395399,0.401856
2026-02-19 12:59:23,0.780215,0.722837,1.083149,0.753737,0.631162,0.553424
2026-02-19 12:59:53,0.005907,0.011354,0.008458,0.006531,0.004236,0.004236
2026-02-19 13:00:23,0.31536,0.421008,0.257654,0.427211,0.006014,0.005928
2026-02-19 13:00:53,0.675741,0.525943,0.490075,0.539256,0.451898,0.463687
2026-02-19 13:01:23,0.558211,0.734689,0.63075,0.599999,0.309133,0.481414
2026-02-19 13:01:53,0.541961,1.693418,0.524193,0.48441,0.450017,0.479034
2026-02-19 13:02:23,0.545449,1.326475,0.603384,1.271347,0.528352,0.431206
2026-02-19 13:02:53,0.913803,5.964936,0.760745,0.379626,0.44108,0.45013
2026-02-19 13:03:23,0.690477,0.658194,0.761049,0.684163,0.530469,0.799031
2026-02-19 13:03:53,0.925092,0.532516,0.835754,0.789179,0.560961,0.560459
2026-02-19 13:04:23,0.720764,0.830419,0.612227,0.894247,0.760407,0.757853
2026-02-19 13:04:53,1.186608,0.951126,1.211567,0.456912,0.633851,0.761729
2026-02-19 13:05:23,1.186608,0.752818,1.12067,0.456912,0.000044,0.90083
2026-02-19 13:05:53,0.233041,0.011482,0.223402,0.022053,0.009874,0.007708
2026-02-19 13:06:23,0.000076,0.682436,0.000049,1.309552,0.000095,0.000054
2026-02-19 13:06:53,1.209999,0.795643,1.583435,0.913212,0.888396,1.067526
2026-02-19 13:07:23,1.209999,0.795643,1.583435,0.913212,0.888396,1.067526
2026-02-19 13:07:53,1.209999,0.795643,1.583435,0.913212,0.888396,1.067526
2026-02-19 13:08:23,1.209999,0.795643,1.583435,0.913212,0.888396,1.067526
2026-02-19 13:08:53,0.365608,0.490642,0.33155,0.404823,0.558733,0.483885
2026-02-19 13:09:23,0.658545,1.123712,1.315412,0.416817,0.568528,0.757058
2026-02-19 13:09:53,0.658545,1.950998,1.315412,0.416817,0.856461,0.757058
2026-02-19 13:10:23,0.487346,0.543828,0.182359,0.300594,0.668557,0.805648
2026-02-19 13:10:53,0.487346,9.709794,0.182359,0.300594,0.668557,0.805648
2026-02-19 13:11:23,1.222859,1.384688,1.397989,1.306985,1.10254,1.031106
2026-02-19 13:11:53,0.759001,0.922566,1.099814,1.109744,0.891122,0.765171
2026-02-19 13:12:23,0.690003,0.574154,0.369651,0.394662,0.716737,0.586291
2026-02-19 13:12:53,0.347515,0.618708,0.377503,0.638803,0.568008,0.956167
2026-02-19 13:13:23,1.872246,1.591718,1.463148,0.9948,1.37059,1.360939
2026-02-19 13:13:53,1.141816,0.000154,0.567434,0.924187,0.426535,0.370453
2026-02-19 13:14:23,0.000164,3.190716,0.445772,1.612759,0.000088,0.000058
2026-02-19 13:14:53,1.552015,1.740593,1.439199,0.856004,1.275267,1.257936
2026-02-19 13:15:23,0.573023,1.311283,0.000088,0.431316,0.00007,8.679898
2026-02-19 13:15:53,0.28729,0.604258,0.009772,0.01226,0.009127,0.008765
2026-02-19 13:16:23,0.594242,0.930123,0.048491,0.058432,0.052234,0.030332
2026-02-19 13:16:53,0.742789,1.749007,1.580387,1.611651,1.121185,2.410642
2026-02-19 13:17:23,0.300299,0.308786,0.446994,0.337906,0.433134,0.470015
2026-02-19 13:17:53,5.588337,1.503963,0.607256,4.212702,0.752683,1.367435
2026-02-19 13:18:23,0.276526,0.727029,1.08293,2.263421,0.329488,0.432535
2026-02-19 13:18:53,0.807507,0.54294,6.416159,1.052824,1.356707,1.523848
2026-02-19 13:19:23,0.573802,0.014746,0.009382,0.015158,0.009285,0.013453
2026-02-19 13:19:53,0.486833,0.006794,0.009697,0.011735,0.005976,0.004912
2026-02-19 13:20:23,0.845419,0.927312,1.149106,1.200131,0.505195,0.748083
2026-02-19 13:20:53,0.845419,0.3621,0.702307,1.200131,0.605578,0.748083
2026-02-19 13:21:23,0.759881,0.246563,0.270425,0.177022,0.479866,0.755855
2026-02-19 13:21:53,0.030778,0.008049,0.004885,0.008441,0.013553,0.00903
2026-02-19 13:22:23,0.396435,0.018529,0.01354,0.012135,0.007823,0.012201
2026-02-19 13:22:53,0.397348,2.008692,2.134426,2.139591,1.537563,1.840355
2026-02-19 13:23:23,0.430168,0.257762,0.609616,0.833717,0.000048,0.449144
2026-02-19 13:23:53,0.310767,0.386989,0.431909,0.396354,0.354692,0.633617
2026-02-19 13:24:23,0.64279,0.49532,0.515082,0.627497,0.637409,0.396378
2026-02-19 13:24:53,0.47287,0.931295,0.706691,3.225052,0.433543,0.46123
2026-02-19 13:25:23,0.47287,0.931295,0.706691,3.225052,0.433543,0.46123
2026-02-19 13:25:53,3.695788,0.295733,3.37809,0.570991,0.507068,0.41198
2026-02-19 13:26:23,0.00005,0.300402,0.000059,0.000029,0.498879,0.000037
2026-02-19 13:26:53,0.460446,0.996811,0.317133,0.596972,0.790047,0.515541
2026-02-19 13:27:23,0.515144,0.564843,0.960148,0.762285,0.568445,0.958434
2026-02-19 13:27:53,0.465417,0.947919,0.50063,0.767839,0.556074,0.531237
2026-02-19 13:28:23,0.43137,0.381175,0.427666,0.433918,0.568386,0.00007
2026-02-19 13:28:53,0.398905,0.708651,0.6061,0.634646,0.556941,0.558661
2026-02-19 13:29:23,0.693098,0.666631,0.465176,0.535602,0.518672,0.532093
2026-02-19 13:29:53,0.693098,0.666631,0.774757,0.535602,0.518672,0.532093
2026-02-19 13:30:23,0.264492,0.196075,0.335827,0.245122,0.534701,0.429178
2026-02-19 13:30:53,0.264492,0.196075,0.335827,0.245122,0.534701,0.429178
2026-02-19 13:31:23,0.44748,0.478762,0.540709,0.584026,0.426231,0.497338
2026-02-19 13:31:53,0.409216,0.251727,0.187175,0.317473,0.320287,0.318757
2026-02-19 13:32:23,0.439091,0.443231,0.538151,0.280353,0.373495,0.632423
2026-02-19 13:32:53,0.594171,0.462913,0.341384,0.491222,0.413204,0.426228
2026-02-19 13:33:23,1.099958,0.966164,0.595678,1.228227,0.849086,0.836742
2026-02-19 13:33:53,0.964511,0.795007,0.554868,0.704464,0.667417,0.526327
2026-02-19 13:34:23,0.724002,0.360676,0.742115,0.893911,0.977944,0.430426
2026-02-19 13:34:53,0.819059,0.623494,0.89595,0.000007,0.669415,0.671856
2026-02-19 13:35:23,5.182547,1.284148,0.89595,0.98893,0.721146,0.952957
2026-02-19 13:35:53,0.569774,1.644384,1.55222,1.335598,8.072822,1.649476
2026-02-19 13:36:23,0.362546,0.3172,0.326478,0.031054,0.012061,0.017743
2026-02-19 13:36:53,0.635297,1.478737,0.79117,0.733526,1.579312,0.618147
2026-02-19 13:37:23,0.837068,0.836344,0.417241,0.652352,0.772517,1.729755
2026-02-19 13:37:53,0.450049,0.978537,0.88666,0.762057,0.905868,0.580373
2026-02-19 13:38:23,0.619846,0.822963,0.670142,0.592353,0.648658,0.685838
2026-02-19 13:38:53,0.485288,1.554889,1.428422,1.332174,0.843601,0.756479
2026-02-19 13:39:23,0.485288,1.554889,1.428422,1.332174,0.843601,0.756479
2026-02-19 13:39:53,0.525732,0.81601,0.813679,0.814081,0.766868,0.783597
2026-02-19 13:40:23,0.733976,0.000188,1.068167,1.323494,0.891926,0.000062
2026-02-19 13:40:53,0.733976,0.000188,1.068167,1.323494,0.891926,0.000062
2026-02-19 13:41:23,0.342423,0.084084,0.117959,0.111117,0.15193,0.18719
2026-02-19 13:41:53,0.499616,1.044731,1.075764,0.930997,1.033393,1.269464
2026-02-19 13:42:23,0.486378,0.772194,0.668297,0.636629,0.72307,1.079897
2026-02-19 13:42:53,0.883775,1.810159,0.761739,2.07765,1.674511,1.635024
2026-02-19 13:43:23,0.703793,0.432317,0.612772,0.412866,0.639731,0.71042
2026-02-19 13:43:53,0.774909,0.92276,0.726745,0.000011,0.960936,0.857319
2026-02-19 13:44:23,0.000051,1.277153,7.229109,0.000089,0.000067,1.163548
2026-02-19 13:44:53,1.026023,0.662613,1.531857,1.688498,6.673766,0.882329
2026-02-19 13:45:23,1.247504,0.000061,0.686451,1.346515,2.933724,1.133086
2026-02-19 13:45:53,1.139722,0.000057,0.824397,1.30507,1.416853,1.002498
2026-02-19 13:46:23,1.139722,0.000057,0.824397,1.30507,1.416853,1.002498
2026-02-19 13:46:53,0.635628,0.872534,0.726358,1.031764,0.699994,1.413269
2026-02-19 13:47:23,0.978673,2.463525,0.000072,1.500485,0.000053,0.91947
2026-02-19 13:47:53,1.216425,1.600406,0.293897,0.513942,1.010985,1.000599
2026-02-19 13:48:23,0.95572,1.600406,0.293897,0.513942,1.010985,1.000599
2026-02-19 13:48:53,0.921962,2.252969,2.258236,2.398716,1.461543,1.797316
2026-02-19 13:49:23,0.701776,0.444135,2.327369,1.93591,1.648812,2.07014
2026-02-19 13:49:53,1.08102,0.559611,0.969496,0.845774,0.157946,0.272346
2026-02-19 13:50:23,0.49384,0.009015,0.479155,0.438978,0.006709,0.006258
2026-02-19 13:50:53,0.60822,2.123025,1.879187,2.141463,1.677467,2.126879
2026-02-19 13:51:23,1.040369,0.205628,0.283178,0.332158,0.738771,1.068119
2026-02-19 13:51:53,0.375306,0.475554,0.337613,0.365599,0.006694,0.00731
2026-02-19 13:52:23,1.539045,0.782583,1.666933,1.366584,4.271023,0.045807
2026-02-19 13:52:53,0.252127,0.263084,0.200821,0.274471,0.576729,0.62109
2026-02-19 13:53:23,0.016154,0.027322,0.013241,0.026537,0.046637,0.023208
2026-02-19 13:53:53,0.539058,0.39637,0.292074,0.445169,0.389461,0.40883
2026-02-19 13:54:23,0.383431,0.513761,0.758686,0.534042,0.000037,0.729136
2026-02-19 13:54:53,0.488044,0.466919,0.592914,0.42375,0.366204,0.6294
2026-02-19 13:55:23,0.8668,1.033582,0.700393,1.100791,0.598273,0.522744
2026-02-19 13:55:53,0.630796,0.539672,0.444643,0.516968,0.453004,0.454048
2026-02-19 13:56:23,0.762026,0.000075,0.000306,0.444993,0.000064,0.492535
2026-02-19 13:56:53,0.452448,0.000016,0.888595,0.874829,0.628872,0.636218
2026-02-19 13:57:23,0.63073,0.906512,0.570531,0.678956,0.55655,0.557077
2026-02-19 13:57:53,0.491635,1.563416,1.012488,1.163656,0.746247,0.637652
2026-02-19 13:58:23,0.765424,0.263703,0.328253,0.740041,0.490085,0.654992
2026-02-19 13:58:53,0.540958,1.338499,0.603154,0.487387,0.900354,0.744581
2026-02-19 13:59:23,0.94963,0.901665,0.645178,0.480185,0.590009,0.529005
2026-02-19 13:59:53,0.907975,0.489644,1.05596,0.899027,0.677653,0.940747
2026-02-19 14:00:23,0.443484,0.325019,0.543916,0.592263,0.488562,0.639566
2026-02-19 14:00:53,0.013493,0.028551,0.010177,0.013255,0.009857,0.008213
2026-02-19 14:01:23,0.00997,0.01579,0.011914,0.010484,0.009562,0.005748
2026-02-19 14:01:53,3.112602,1.200396,0.64075,0.54591,1.705111,1.197287
2026-02-19 14:02:23,0.792861,2.078936,1.573314,1.439202,1.006536,1.091848
2026-02-19 14:02:53,0.525434,0.292263,0.212829,0.339956,0.819535,0.471311
2026-02-19 14:03:23,0.632093,0.453028,0.393221,0.45252,0.424401,0.402045
2026-02-19 14:03:53,0.709247,0.695458,0.753726,1.262998,0.58327,0.541998
2026-02-19 14:04:23,0.459018,0.774911,0.640833,0.731469,0.611482,0.83767
2026-02-19 14:04:53,0.476117,1.219088,0.938447,0.719092,0.880225,0.648925
2026-02-19 14:05:23,0.88085,0.717265,0.834062,0.812292,0.615552,0.578154
2026-02-19 14:05:53,0.73721,1.031519,0.705155,0.687161,0.514125,0.520468
2026-02-19 14:06:23,0.467837,0.868112,0.723575,0.367942,0.759417,0.755233
2026-02-19 14:06:53,0.246103,0.67679,0.728927,0.565748,0.866921,5.314586
2026-02-19 14:07:23,0.64443,0.651559,0.649266,0.570338,0.576514,1.070557
2026-02-19 14:07:53,0.667815,1.64681,1.342654,0.570338,1.684736,1.720553
2026-02-19 14:08:23,0.80106,0.57595,1.006306,1.158272,0.866071,0.929002
2026-02-19 14:08:53,0.605556,0.542064,0.999161,0.748183,0.579574,0.597926
2026-02-19 14:09:23,0.612608,0.689808,0.551243,0.663987,0.514373,0.558904
2026-02-19 14:09:53,0.907672,0.786486,1.165503,1.200416,0.730046,0.788848
2026-02-19 14:10:23,0.572295,1.201396,1.700578,1.196123,0.928818,1.166096
2026-02-19 14:10:53,0.38987,0.008027,0.009453,0.436154,0.008815,0.010581
2026-02-19 14:11:23,0.409487,0.025928,0.065863,0.173005,0.047753,0.048893
2026-02-19 14:11:53,0.296395,0.011047,0.009782,0.120412,0.00633,0.004411
2026-02-19 14:12:23,0.297698,0.009118,0.016919,0.139507,0.008611,0.006166
2026-02-19 14:12:53,0.404774,0.016011,0.016772,0.013818,0.005697,0.011325
2026-02-19 14:13:23,0.226991,0.532189,0.680633,0.877275,0.96124,0.677082
2026-02-19 14:13:53,0.579845,0.498174,0.487419,0.821471,1.344154,0.918069
2026-02-19 14:14:23,1.533716,1.273278,1.045667,2.53779,1.54915,0.795355
2026-02-19 14:14:53,0.722929,0.74497,0.817335,1.603729,0.797251,0.481348
2026-02-19 14:15:23,1.515118,8.497815,4.46171,3.503344,4.703871,0.786189
2026-02-19 14:15:53,1.409798,1.543463,2.372644,2.856615,1.633867,1.233765
2026-02-19 14:16:23,0.000059,0.007644,0.015659,0.020294,0.008338,0.004154
2026-02-19 14:16:53,0.989095,0.015186,0.049656,0.064938,0.032471,0.026228
2026-02-19 14:17:23,0.774405,2.083187,1.892266,1.627282,1.419143,2.024729
2026-02-19 14:17:53,0.774405,2.083187,1.892266,1.627282,1.419143,2.024729
2026-02-19 14:18:23,1.294068,1.709532,1.281328,1.882356,0.000045,0.000049
2026-02-19 14:18:53,1.019403,2.308089,2.98236,2.208027,2.244306,0.000066
2026-02-19 14:19:23,1.230226,2.619171,2.364448,1.533133,1.616828,2.415382
2026-02-19 14:19:53,1.869692,0.59688,1.267902,1.447849,1.285941,1.691354
2026-02-19 14:20:23,0.270972,0.916977,1.261545,0.824508,0.776427,1.049729
2026-02-19 14:20:53,1.174299,0.535308,1.082693,1.078792,0.861834,1.335482
2026-02-19 14:21:23,0.505328,2.455962,2.262924,2.246174,1.778941,2.44528
2026-02-19 14:21:53,0.828196,0.408783,0.734444,0.523915,0.004475,0.006276
2026-02-19 14:22:23,1.174126,0.358571,0.753935,0.31639,0.482603,0.77767
2026-02-19 14:22:53,0.483947,2.202773,2.311644,1.922052,1.397192,2.334625
2026-02-19 14:23:23,1.419132,0.395544,0.76255,0.796565,0.919285,0.050333
2026-02-19 14:23:53,0.445136,0.88079,1.203051,0.873978,0.983581,0.456786
2026-02-19 14:24:23,0.000037,0.885177,1.132478,0.492319,0.432854,0.46552
2026-02-19 14:24:53,2.155123,2.090368,0.936396,2.067444,0.992715,0.705734
2026-02-19 14:25:23,1.023303,1.12265,0.976302,0.782584,0.555999,0.521091
2026-02-19 14:25:53,1.515613,0.72817,1.584011,0.782584,0.866829,0.890876
2026-02-19 14:26:23,0.498926,0.568926,0.429405,0.518855,0.574654,0.802906
2026-02-19 14:26:53,0.400865,0.978189,0.843616,0.705146,0.701109,0.704698
2026-02-19 14:27:23,0.736978,0.99442,0.709452,1.027968,0.850944,0.795408
2026-02-19 14:27:53,1.234375,1.556074,1.55685,1.256821,1.218253,0.97145
2026-02-19 14:28:23,1.234375,9.099013,1.622647,1.368142,7.975612,1.412741
2026-02-19 14:28:53,1.319851,1.171059,1.417888,1.191668,0.763323,0.971763
2026-02-19 14:29:23,0.632028,1.167315,0.827073,1.036857,0.744502,0.865595
2026-02-19 14:29:53,0.763734,1.493647,2.048716,1.675495,1.092699,0.000072
2026-02-19 14:30:23,0.805386,0.498762,0.177984,0.70795,0.725016,1.463849
2026-02-19 14:30:53,0.706891,0.559711,1.341018,0.954232,0.559359,0.592927
2026-02-19 14:31:23,1.853266,1.088855,1.813075,1.905362,1.340106,1.513202
2026-02-19 14:31:53,1.853266,1.088855,1.813075,1.905362,1.340106,1.513202
2026-02-19 14:32:23,1.853266,1.088855,1.813075,1.905362,1.340106,1.513202
2026-02-19 14:32:53,0.771547,1.082716,0.712674,1.337213,0.634038,0.698042
2026-02-19 14:33:23,2.565347,1.322266,1.402257,1.434557,0.964331,0.999259
2026-02-19 14:33:53,0.950805,1.217844,0.709327,1.45236,1.407768,1.44622
2026-02-19 14:34:23,1.243418,1.677082,1.584982,0.939998,0.984417,1.477021
2026-02-19 14:34:53,1.383243,0.96905,0.837936,1.539856,0.824296,0.978291
2026-02-19 14:35:23,0.516586,1.07823,0.701172,1.076085,0.543405,0.809951
2026-02-19 14:35:53,1.103626,1.445819,0.701172,1.382592,0.848608,1.45206
2026-02-19 14:36:23,0.643078,0.538912,1.20854,1.107,0.73787,0.60649
2026-02-19 14:36:53,0.804105,0.895462,0.672574,0.392544,0.769703,0.770629
2026-02-19 14:37:23,1.097934,1.237729,1.325771,0.798636,0.616748,0.707448
2026-02-19 14:37:53,15.517745,1.667793,0.00008,2.317554,1.137452,1.372536
2026-02-19 14:38:23,1.261087,0.534821,2.044493,0.834442,1.135114,1.472688
2026-02-19 14:38:53,1.582465,0.856143,0.382463,0.737503,1.212068,0.404458
2026-02-19 14:39:23,1.104029,1.475856,1.297045,0.979601,0.827639,1.872718
2026-02-19 14:39:53,1.104029,1.475856,1.297045,0.979601,0.827639,1.872718
2026-02-19 14:40:23,5.508968,1.089149,1.482681,1.602677,1.672213,1.095788
2026-02-19 14:40:53,1.068734,0.694479,0.532326,0.894261,0.758367,1.205931
2026-02-19 14:41:23,1.675547,0.774103,1.425447,1.511318,2.584838,1.072093
2026-02-19 14:41:53,2.622587,1.336518,2.380279,2.184564,1.709206,1.773987
2026-02-19 14:42:23,1.710175,0.901155,1.731327,1.655289,1.295861,1.158585
2026-02-19 14:42:53,1.980971,1.80901,1.744807,1.717288,1.400674,0.995997
2026-02-19 14:43:23,1.980971,1.80901,1.744807,1.717288,1.400674,0.995997
2026-02-19 14:43:53,0.82111,1.127125,0.716326,1.081267,0.799359,0.727639
2026-02-19 14:44:23,1.48703,2.178051,0.000093,2.151371,1.351746,1.345316
2026-02-19 14:44:53,1.340296,2.028637,1.916761,1.862063,1.577477,1.477786
2026-02-19 14:45:23,2.304221,2.127093,1.019542,1.92999,1.49812,1.260563
2026-02-19 14:45:53,1.795443,1.080816,1.36959,1.606517,2.00331,2.405506
2026-02-19 14:46:23,3.797964,5.692977,3.221728,1.606517,2.443299,2.405506
2026-02-19 14:46:53,1.303749,2.838769,1.411671,0.930126,0.990009,0.000066
2026-02-19 14:47:23,3.892963,3.583448,1.448126,3.352028,2.947804,0.00045
2026-02-19 14:47:53,1.607942,0.526771,0.633723,0.62395,1.532377,2.081606
2026-02-19 14:48:23,3.016841,1.186731,2.269868,0.000012,1.976185,2.289622
2026-02-19 14:48:53,2.413295,2.535801,2.393777,1.113454,1.445486,2.346927
2026-02-19 14:49:23,7.979661,2.199158,1.907773,1.057473,1.97719,2.467485
2026-02-19 14:49:53,0.000067,0.000076,0.000033,0.693929,0.000041,2.411375
2026-02-19 14:50:23,1.384048,0.000177,2.854677,1.270533,0.000068,0.000493
2026-02-19 14:50:53,1.384048,0.000177,2.854677,1.270533,0.000068,0.000493
2026-02-19 14:51:23,1.384048,0.000177,2.854677,1.270533,0.000068,0.000493
2026-02-19 14:51:53,2.643178,1.310273,0.627421,2.145822,0.000055,2.253109
2026-02-19 14:52:23,0.121756,0.225832,0.150695,0.109416,0.189344,0.176844
2026-02-19 14:52:53,0.291866,0.679031,0.419949,0.428308,0.562059,0.640023
2026-02-19 14:53:23,0.367268,0.372273,0.346368,0.223799,0.223584,0.229427
2026-02-19 14:53:53,1.303604,0.309075,0.472249,0.368777,0.000071,0.000049
2026-02-19 14:54:23,0.544297,0.66306,0.799006,0.991086,0.498511,0.463055
2026-02-19 14:54:53,0.737499,0.602031,1.163552,0.983194,0.72893,0.635036
2026-02-19 14:55:23,0.737499,0.602031,1.163552,0.983194,0.72893,0.635036
2026-02-19 14:55:53,0.603771,0.83218,0.704805,1.180534,0.649141,0.589574
2026-02-19 14:56:23,0.465721,0.915359,0.412059,0.989861,0.000022,0.545141
2026-02-19 14:56:53,0.899645,1.576456,1.294362,0.887086,1.491129,1.038949
2026-02-19 14:57:23,0.517797,0.5391,0.548515,0.425851,0.927469,0.333154
2026-02-19 14:57:53,0.379023,1.347304,1.011313,1.436018,0.853903,0.631799
2026-02-19 14:58:23,0.47511,1.085528,0.00007,1.071743,0.000052,0.000041
2026-02-19 14:58:53,0.358229,0.41969,0.339738,1.064367,0.836454,0.720957
2026-02-19 14:59:23,0.658714,1.978151,1.782658,0.00005,1.687629,0.712456
2026-02-19 14:59:53,0.650359,1.208941,0.940062,0.878972,0.575687,0.547921
2026-02-19 15:00:23,1.409869,3.138757,1.329612,0.981082,0.000024,0.689761
2026-02-19 15:00:53,1.409869,3.138757,1.329612,0.981082,0.000024,0.689761
2026-02-19 15:01:23,1.409869,1.108158,0.654045,0.914188,0.704484,0.712497
2026-02-19 15:01:53,2.094103,2.653056,0.765429,2.639623,2.707194,1.226463
2026-02-19 15:02:23,0.463233,1.111033,1.458837,1.118581,0.731808,0.761996
2026-02-19 15:02:53,0.320208,0.403452,0.404994,0.391208,0.005212,0.00562
2026-02-19 15:03:23,0.62585,2.245263,1.430736,1.599803,1.253878,0.798821
2026-02-19 15:03:53,0.919053,0.988831,1.157278,1.270237,0.874469,0.797764
2026-02-19 15:04:23,0.849497,1.01584,0.799565,0.585226,0.562275,0.75684
2026-02-19 15:04:53,0.001758,0.000063,0.000135,1.071797,0.955836,0.929672
2026-02-19 15:05:23,1.234434,1.632443,1.509929,0.720846,1.121594,0.973409
2026-02-19 15:05:53,0.43589,1.051098,1.124255,1.252345,0.625054,0.803807
2026-02-19 15:06:23,1.046297,0.920289,0.822205,0.000038,0.000028,0.5547
2026-02-19 15:06:53,1.464786,1.427049,2.063589,2.211637,1.47213,1.3968
2026-02-19 15:07:23,0.000037,1.872799,1.436983,1.984431,8.022531,1.062325
2026-02-19 15:07:53,1.445246,1.357808,0.787205,1.78664,1.980652,0.927969
2026-02-19 15:08:23,0.660852,1.726904,1.759701,2.052928,2.156733,1.092138
2026-02-19 15:08:53,0.660852,1.726904,1.759701,2.052928,2.156733,1.092138
2026-02-19 15:09:23,1.751513,0.748732,0.999237,1.656967,1.566922,1.107232
2026-02-19 15:09:53,0.716199,0.978627,0.397675,0.649181,1.167878,1.397547
2026-02-19 15:10:23,1.382913,1.205362,1.41252,0.959127,1.114825,0.927456
2026-02-19 15:10:53,0.905852,1.318987,0.928484,1.002821,0.903392,0.879255
2026-02-19 15:11:23,0.000008,1.167384,0.000027,0.490423,0.975843,0.796591
2026-02-19 15:11:53,0.000008,1.167384,0.000027,0.904388,0.000135,0.000038
2026-02-19 15:12:23,3.009909,2.532744,0.000095,0.904388,0.000135,0.000038
2026-02-19 15:12:53,0.959076,1.434991,1.215826,0.676298,0.000105,0.837891
2026-02-19 15:13:23,0.797253,1.331858,1.93453,1.582422,1.58518,0.952083
2026-02-19 15:13:53,2.228392,2.032163,1.567987,1.171761,1.186746,1.093061
2026-02-19 15:14:23,1.598122,0.000152,1.590083,1.787503,1.833652,1.761694
2026-02-19 15:14:53,3.993418,4.304776,3.66482,6.476048,2.184061,11.2983
2026-02-19 15:15:23,0.000041,0.73423,3.911409,0.36206,1.232399,1.485176
2026-02-19 15:15:53,2.837033,1.9208,2.052803,1.941497,2.366301,2.395836
2026-02-19 15:16:23,1.483142,2.417362,2.703106,0.000157,1.534728,1.935814
2026-02-19 15:16:53,1.483142,2.417362,0.000058,0.000157,1.534728,1.935814
2026-02-19 15:17:23,2.182309,0.639078,0.635654,0.610901,1.308501,1.510493
2026-02-19 15:17:53,1.485265,1.335518,1.784002,2.546204,0.050519,0.026836
2026-02-19 15:18:23,2.136402,0.53979,0.749774,0.584609,1.435648,1.612445
2026-02-19 15:18:53,0.004332,1.343837,1.467453,1.639145,1.637356,1.953372
2026-02-19 15:19:23,0.00006,2.603897,2.023231,0.984847,2.032059,0.000115
2026-02-19 15:19:53,1.664239,3.219563,3.476022,3.274843,2.209656,2.355509
2026-02-19 15:20:23,3.04431,1.060235,1.656586,1.153837,1.810266,2.033489
2026-02-19 15:20:53,1.591844,0.438853,0.890092,0.759808,1.243134,1.089703
2026-02-19 15:21:23,1.288284,1.233379,1.331316,0.93361,0.464684,0.469499
2026-02-19 15:21:53,0.978707,0.483437,1.344301,1.304598,0.804375,1.015587
2026-02-19 15:22:23,2.106261,1.283521,1.736304,1.760556,1.648299,1.375275
2026-02-19 15:22:53,2.396498,1.150661,0.704068,1.561881,1.590648,2.081845
2026-02-19 15:23:23,1.618195,1.456855,1.957361,1.213945,1.818307,2.200673
2026-02-19 15:23:53,1.505176,0.70593,0.752603,0.570896,1.065754,0.731335
2026-02-19 15:24:23,0.700452,0.5642,0.023741,0.014396,0.022256,0.035832
2026-02-19 15:24:53,1.103396,0.432036,1.539007,0.197795,1.44629,1.189343
2026-02-19 15:25:23,0.612225,1.224364,1.379249,0.986413,0.890817,6.552379
2026-02-19 15:25:53,0.612225,0.594164,1.379249,0.986413,0.890817,6.552379
2026-02-19 15:26:23,0.737355,1.019208,1.830052,0.590417,0.531854,0.61013
2026-02-19 15:26:53,1.851325,1.104053,0.943464,0.676893,0.617539,0.542294
2026-02-19 15:27:23,0.810008,0.604522,0.888419,0.836158,0.58489,0.57192
2026-02-19 15:27:53,0.733013,1.001841,0.676759,0.764443,0.502384,0.631886
2026-02-19 15:28:23,0.733013,1.001841,0.676759,0.764443,0.502384,0.631886
2026-02-19 15:28:53,0.561464,0.624284,0.818516,0.785848,0.286732,0.282119
2026-02-19 15:29:23,0.493115,1.514825,1.27557,1.367337,0.825266,1.261812
2026-02-19 15:29:53,0.618974,1.589231,1.366611,0.556978,1.102391,0.884701
2026-02-19 15:30:23,0.92693,1.174429,0.993336,1.275183,0.674347,0.708366
2026-02-19 15:30:53,0.726712,1.700084,1.584222,0.501094,0.856489,0.841791
2026-02-19 15:31:23,2.664132,2.162255,2.170389,1.908215,1.194919,1.100137
2026-02-19 15:31:53,0.059045,1.379449,1.265544,1.295353,1.660505,1.880962
2026-02-19 15:32:23,0.414843,1.79576,1.962201,1.730253,1.289342,1.788248
2026-02-19 15:32:53,0.903771,1.04035,0.783622,1.142381,0.635057,0.902068
2026-02-19 15:33:23,0.903771,1.04035,0.783622,1.142381,0.635057,0.902068
2026-02-19 15:33:53,0.803998,1.53169,1.355878,0.946572,0.839296,0.957861
2026-02-19 15:34:23,0.803998,1.951322,2.017069,1.892788,1.32456,1.024202
2026-02-19 15:34:53,0.284905,0.254166,0.52893,0.793127,0.802895,0.579442
2026-02-19 15:35:23,1.235138,1.431366,1.409399,0.992599,1.099464,0.000031
2026-02-19 15:35:53,0.906104,0.938837,0.292532,0.757097,0.964664,0.663346
2026-02-19 15:36:23,0.906104,0.938837,0.292532,0.757097,0.964664,0.663346
2026-02-19 15:36:53,0.596281,1.257409,1.199157,1.07221,0.593753,0.769377
2026-02-19 15:37:23,0.570327,1.514958,1.404048,1.305766,0.813914,0.776344
2026-02-19 15:37:53,0.570327,1.514958,1.404048,1.121851,1.519248,1.650383
2026-02-19 15:38:23,0.00001,1.095482,1.042747,1.081669,0.614169,0.717487
2026-02-19 15:38:53,0.573187,0.703027,0.709345,0.887841,0.982778,0.876746
2026-02-19 15:39:23,1.701723,1.81271,1.726465,1.06588,1.612357,1.084227
2026-02-19 15:39:53,1.701723,1.81271,1.726465,1.06588,1.612357,1.084227
2026-02-19 15:40:23,1.701723,1.81271,1.726465,1.06588,1.612357,1.084227
2026-02-19 15:40:53,1.733606,1.552373,1.156638,1.06588,1.055148,0.892787
2026-02-19 15:41:23,0.826619,0.727297,0.627439,2.215538,0.684587,0.55764
2026-02-19 15:41:53,1.155993,1.732917,0.000194,0.000085,0.000088,0.681278
2026-02-19 15:42:23,0.958162,1.368964,1.863154,1.645136,0.859064,0.738353
2026-02-19 15:42:53,1.142593,0.000054,2.977604,1.378455,1.417956,0.933223
2026-02-19 15:43:23,3.268021,4.935692,4.26902,3.205501,1.19762,10.201034
2026-02-19 15:43:53,1.644879,0.000203,1.472142,1.834946,1.171857,1.557311
2026-02-19 15:44:23,1.644879,0.000203,1.472142,1.834946,1.171857,1.557311
2026-02-19 15:44:53,1.36164,1.30376,1.653346,1.463019,1.018042,1.594232
2026-02-19 15:45:23,1.23878,1.837062,0.956184,1.668429,0.93629,1.578739
2026-02-19 15:45:53,2.299665,1.706753,1.011543,1.112024,0.86555,1.235159
2026-02-19 15:46:23,1.562913,2.023349,1.070406,1.879588,1.313351,1.840694
2026-02-19 15:46:53,1.967486,2.374515,1.070406,2.070525,1.313351,2.707924
2026-02-19 15:47:23,0.881464,1.486623,1.512492,8.949922,1.036511,1.842686
2026-02-19 15:47:53,2.306246,2.411458,0.000021,1.934195,7.617002,1.556791
2026-02-19 15:48:23,1.259849,2.165949,1.959186,1.234235,1.229492,1.494319
2026-02-19 15:48:53,1.960327,7.897079,1.568637,2.459597,1.78648,2.212107
2026-02-19 15:49:23,1.960327,7.897079,1.568637,2.459597,1.78648,2.212107
2026-02-19 15:49:53,1.271166,3.052325,0.974681,3.202982,1.396824,1.6292
2026-02-19 15:50:23,0.703175,3.259123,0.0002,3.849387,0.000039,1.807882
2026-02-19 15:50:53,1.214745,0.282931,0.217101,0.369687,0.644759,0.824553
2026-02-19 15:51:23,1.248836,0.45526,0.546099,0.23565,0.960106,1.403773
2026-02-19 15:51:53,2.730329,0.445779,0.537808,1.314427,0.809733,2.782236
2026-02-19 15:52:23,1.632353,1.30274,0.391361,0.250129,0.892131,1.315506
2026-02-19 15:52:53,1.232045,1.683878,1.384562,1.781046,0.784783,1.556529
2026-02-19 15:53:23,0.986476,1.924979,1.873215,1.543544,0.948944,1.640714
2026-02-19 15:53:53,0.724267,0.016743,0.504688,1.121355,0.015973,0.005422
2026-02-19 15:54:23,1.684026,1.896666,0.428562,1.274498,1.965621,2.015348
2026-02-19 15:54:53,0.003319,0.007812,0.006555,0.006251,0.006326,0.006821
2026-02-19 15:55:23,0.751514,0.570348,0.817555,0.749792,0.390172,0.391278
2026-02-19 15:55:53,0.751514,0.799024,6.194798,0.731667,0.405505,0.384201
2026-02-19 15:56:23,8.221955,0.799024,6.194798,0.731667,0.405505,0.384201
2026-02-19 15:56:53,8.221955,0.799024,6.194798,0.731667,0.405505,0.384201
2026-02-19 15:57:23,8.221955,0.799024,6.194798,0.731667,0.405505,0.384201
2026-02-19 15:57:53,0.405895,1.108978,1.072852,1.350691,0.566328,0.810235
2026-02-19 15:58:23,0.741142,0.460787,0.798107,0.548957,0.923642,0.808931
2026-02-19 15:58:53,0.650395,0.845777,0.878344,0.874766,0.611509,0.587251
2026-02-19 15:59:23,0.876188,0.520836,0.826779,0.63554,0.6314,0.581904
2026-02-19 15:59:53,0.698308,0.85395,0.70708,0.429431,0.585373,0.570093
2026-02-19 16:00:23,0.481706,0.602089,0.450316,0.524393,0.543488,0.555186
2026-02-19 16:00:53,0.91598,0.533895,1.303781,1.125375,0.9322,0.926441
2026-02-19 16:01:23,0.679113,0.855345,0.586308,1.400761,0.582762,0.521218
2026-02-19 16:01:53,0.381467,0.554633,0.541201,0.577295,0.071181,0.035336
2026-02-19 16:02:23,0.584761,0.369623,1.187728,0.26326,0.869172,0.464437
2026-02-19 16:02:53,0.779592,0.592396,1.091335,2.182254,0.000028,0.705693
2026-02-19 16:03:23,0.844197,1.424676,1.255031,1.68624,0.832348,0.657501
2026-02-19 16:03:53,0.735636,1.060126,1.08511,0.000129,0.000046,0.000209
2026-02-19 16:04:23,0.735636,1.060126,1.08511,0.000129,0.000046,0.000209
2026-02-19 16:04:53,0.009825,0.00908,0.007399,0.003338,0.01073,0.004067
