Time,"name=""rskj-miner1""","name=""rskj-miner2""","name=""rskj-miner3""","name=""rskj-miner4""","name=""rskj-node1""","name=""rskj-node2"""
2026-02-12 14:38:49,22407.813523671593,6462.915071894072,6549.325885314299,6507.534222957828,6454.053308506603,6528.878314540877
2026-02-12 14:39:19,796.1724137931035,574.1379310344828,607.551724137931,607.6551724137931,598.0689655172414,604.8965517241379
2026-02-12 14:39:49,1106.0689655172414,867.7931034482758,942.9310344827586,932.5172413793103,925.8620689655172,941.2413793103448
2026-02-12 14:40:19,972.760499275912,801.1171643334943,878.1463347355356,782.7046410592374,797.7380870284808,817.1850217226398
2026-02-12 14:40:49,21402.724137931033,1762.9655172413793,1820.103448275862,1763.4137931034481,1776.2758620689656,2110.965517241379
2026-02-12 14:41:19,20980.45029824501,641.0026548977693,628.7970209978279,610.2816949970694,602.1446057304418,590.7664724338862
2026-02-12 14:41:49,21336.71252715423,942.2088893486431,1034.3436433226439,984.2764042619219,981.0696182890244,945.9673804351573
2026-02-12 14:42:19,20879.99586192627,576.433670126556,666.2988378909616,588.6409876202626,590.8479602744922,593.5377081968343
2026-02-12 14:42:49,21448.01903382642,1102.4447432847141,1177.7869728630046,1151.0637564221922,1168.9941726147372,1193.820902727492
2026-02-12 14:43:19,20937.437523697907,605.046361724863,628.623625521354,591.0861397400986,583.3649305435869,597.4285615800903
2026-02-12 14:43:49,21265.251258013373,850.1413110911974,904.9769076997312,852.9330667953402,871.0277796925623,835.5966085338113
2026-02-12 14:44:19,21009.5165850631,581.3392179849666,643.3004620371009,595.8209778635957,611.6819529687608,591.2006068546997
2026-02-12 14:44:49,21290.093445053615,844.1777869728629,899.8655218785558,835.0401710285852,912.5892210613426,808.7307334229853
2026-02-12 14:45:19,20970.104479155892,605.7722147512155,670.8044550187925,623.978483500569,607.1514775352574,583.979862763353
2026-02-12 14:45:49,1160.9365840201385,1009.1382461464187,1018.8972033518396,1016.9661022793888,1076.8647194730852,1009.7589572054208
2026-02-12 14:46:19,10803.200110348631,712.0935204662229,723.7835787440945,660.2296630918306,703.7484051174177,731.8183385633986
2026-02-12 14:46:49,21394.6352227279,886.291545993656,973.0382016273617,877.2238311956971,913.9429044269756,863.1223279547648
2026-02-12 14:47:19,21964.1724137931,3782.551724137931,3939.4137931034484,3831.448275862069,3838.2758620689656,3924.4827586206898
2026-02-12 14:47:49,21627.805937726283,1918.2097169063134,2020.2751629254162,1948.587979724837,1907.1756146339778,1939.0365849453465
2026-02-12 14:48:19,21180.96551724138,731.7931034482758,772.6551724137931,725.7931034482758,728.6206896551724,773.8620689655172
2026-02-12 14:48:49,21431.379310344826,864.0344827586207,909.4137931034483,875.551724137931,849.2413793103448,835.5172413793103
2026-02-12 14:49:19,21378.732501206814,1475.1396455416868,1469.4503827322255,1418.109095924419,1542.3763878353218,1450.2448107027103
2026-02-12 14:49:49,21653.368733190815,906.1788842148818,931.6254051444728,915.6609888973175,888.5594096958831,875.8016688504241
2026-02-12 14:50:19,21196.248146487807,595.8826166419531,644.9877581985585,617.5040518638573,574.5025690541053,635.4701886271939
2026-02-12 14:50:49,41418.22695769112,7808.351436157374,7799.041412365092,7853.93607116996,7766.628736940106,7800.144822592325
2026-02-12 14:51:19,10980.448950036205,585.9108306610116,681.1489258991069,588.6003930898934,593.0829971380297,587.7038722802662
2026-02-12 14:51:49,1021.6199441398571,823.7646977690423,900.7620426881831,853.7291817523533,909.5548429364503,860.9358297989723
2026-02-12 14:52:19,842.5226716320126,664.6322540602048,723.6647012171993,701.7344229509326,678.390400331023,659.3565739112444
2026-02-12 14:52:49,1053.375629266947,825.59823460451,905.3513550789601,890.869595200331,861.3888697331219,902.7653265292049
2026-02-12 14:53:19,1030.3782628185234,668.7355608427295,661.5289127961104,702.3550912037515,673.425054308472,701.0792731285127
2026-02-12 14:53:49,1026.516327023206,895.72773352643,887.17630426537,860.4875693941588,855.9015206372193,863.2805765318436
2026-02-12 14:54:19,813.6680228949728,667.3332873594925,731.3288738707676,689.986897455348,670.9882077098132,646.989862768085
2026-02-12 14:54:49,1223.9310344827586,857.7931034482758,892.6551724137931,872.3103448275862,924.0689655172414,887.7241379310344
2026-02-12 14:55:19,881.2109927243889,675.9077273197477,778.4903968828662,744.0433088514189,734.6643219199339,736.3194372607842
2026-02-12 14:55:49,1090.4106754939482,913.8650391365813,906.7618357987654,898.9345194993275,964.2426123237128,919.7613875383606
2026-02-12 14:56:19,956.7616026480932,860.7337425005172,752.1205434107993,780.6702986000965,745.5347907040893,834.6320943383215
2026-02-12 14:56:49,20604.25502568877,10280.335160856523,10164.649494845005,9955.380848936244,10377.642150270682,10298.886245301886
2026-02-12 14:57:19,21417.600606917476,1018.4489120314493,1126.3147005069138,974.8267181626951,996.0343460119313,982.3787027138866
2026-02-12 14:57:49,21658.55172413793,1027,1014.1724137931035,998.9655172413793,1012.6896551724137,992.6896551724137
2026-02-12 14:58:19,21339.87311219916,699.9517274670712,745.7761533687333,721.088200813737,717.2608785600993,775.73960416523
2026-02-12 14:58:49,21804.62742664046,1417.5718078686943,1333.6436674597428,1291.472707837661,1334.436743560567,1279.0593427812835
2026-02-12 14:59:19,21506.931034482757,923.2413793103448,1071.3103448275863,1000.3103448275862,987.1724137931035,992.7586206896551
2026-02-12 14:59:49,21550.460297210637,865.9104230596836,897.1140916456919,916.5948350170673,873.6337620246182,886.322104609868
2026-02-12 15:00:19,22716.689655172413,7474.758620689655,7459.275862068966,7447.0344827586205,7461.0344827586205,7489.310344827586
2026-02-12 15:00:49,21585.06052350243,866.8827809773425,891.3680725592302,908.9905852329551,860.1579473738663,848.8464323895575
2026-02-12 15:01:19,21337.0798138252,610.5499051887605,616.9625926564385,621.9272539217376,588.0365454232028,581.2101361834166
2026-02-12 15:01:49,4191.717526981829,1280.9558291093413,1106.8928657632496,1047.067342505431,1108.4445363952968,1103.1343746767354
2026-02-12 15:02:19,11026.343919175202,1105.030861004793,1010.5168787283197,1062.5495672563015,1052.9981724768113,1103.479190372746
2026-02-12 15:02:49,21824.38536602186,1936.2090962380605,2039.515878762801,2005.1032723009548,1969.1045136374605,1925.7266990793419
2026-02-12 15:03:19,22836.71850753474,1432.7390599675848,1489.3961860753816,1494.9825856064,1449.5672264560844,1445.5670885202935
2026-02-12 15:03:49,21771.068965517243,1340.8620689655172,1360.7241379310344,1379.7241379310344,1376.551724137931,1361.103448275862
2026-02-12 15:04:19,21306.978829046275,615.2679125577547,633.370112406041,626.9567616026482,632.8529066960899,690.0903385973381
2026-02-12 15:04:49,21651.839591738215,858.4876383572979,945.7949725871521,930.726526671494,897.5552567152856,939.7606979069686
2026-02-12 15:05:19,21290.566167850495,579.6151989517964,614.7507068478036,619.3021170953728,597.8898007033998,666.0919936556099
2026-02-12 15:05:49,21614.61278532515,835.8389076615406,915.7644300393076,951.1068202192953,892.0764085235502,998.3449417281568
2026-02-12 15:06:19,21500.534464328815,730.629978276611,764.2150270680321,726.0784110892727,742.8019723457811,732.802317161477
2026-02-12 15:06:49,44033.48044962416,1897.455347907041,1908.6959520033101,1981.6909178677333,1939.7972553616992,1963.933521826081
2026-02-12 15:07:19,11571.270946831253,1464.9334528653196,1158.2304668643542,1189.2628094614165,1141.5764430039308,1171.2985311357838
2026-02-12 15:07:49,1048.481086859074,905.1412020275163,884.4177786972864,894.8656942864039,893.41746836316,868.6597013896073
2026-02-12 15:08:19,21589.641022104206,744.5429152729404,747.5085347770612,784.4408427876822,760.2331114866029,739.059967585089
2026-02-12 15:08:49,44469.829666919526,2949.175918902145,2994.758982139163,2995.345148610441,2909.7993241845393,3042.203985932005
2026-02-12 15:09:19,22690.56239440019,7775.04223992276,7575.842212337505,7564.601220647563,7535.809110030687,7561.394434674666
2026-02-12 15:09:49,22203.896551724138,1191.8275862068965,1301,1283.551724137931,1296.344827586207,1260.1379310344828
2026-02-12 15:10:19,23079.862068965518,957.551724137931,959.2758620689655,967.9655172413793,950.4827586206897,972.3448275862069
2026-02-12 15:10:49,22047.412158201438,2067.7218026964583,2070.5837729733453,2005.7929036929759,2099.03106789421,2022.1371676838728
2026-02-12 15:11:19,22609.59966897693,5652.494741560635,5604.806730802386,5563.704699837936,5584.6350125857725,5633.598841419261
2026-02-12 15:11:49,43951.17409744491,2793.627805937726,2741.5606358401433,2754.973966414951,2738.388331436847,2750.9396227716284
2026-02-12 15:12:19,21689.137931034482,680.7931034482758,718.9310344827586,646.2413793103448,676.6206896551724,694.9655172413793
2026-02-12 15:12:49,21845.769257292603,882.1805392731536,919.4193503896283,921.5916143714227,899.6620922694987,928.0049651748155
2026-02-12 15:13:19,851.7190247939583,800.7172661126244,695.0239663436669,692.7480257939928,708.3692541122107,660.5055346736093
2026-02-12 15:13:49,19871.771885667004,9720.718546357275,9474.364720890944,9540.392373202772,9442.264593317934,9475.847326138677
2026-02-12 15:14:19,21569.29549294803,1045.1739715162591,1072.416290216904,1071.8645470533465,1069.6230904513948,1129.5561915928133
2026-02-12 15:14:49,21415.70980311024,895.1415468432124,905.3825730147237,917.5545670838937,912.1064790869281,865.2805075687046
2026-02-12 15:15:19,21819.7561651427,797.2083679689665,784.1853699085619,833.6450540315877,809.4347464671655,783.1809365475201
2026-02-12 15:15:49,22385.54383060901,979.2399475825921,984.7230843506451,970.8945444513416,977.6536312849164,950.0655217601216
2026-02-12 15:16:19,23710.137931034482,9789.068965517241,9651.689655172413,9637.758620689656,9837.793103448275,10308.689655172413
2026-02-12 15:16:49,43799.26201807021,1657.7695013449204,1671.7014966549416,1664.907924684461,1837.0922132560866,1650.3207117732256
2026-02-12 15:17:19,21140.73384371336,756.7418442651217,773.2602248430926,757.7419132353955,771.2945720394509,754.1209738602662
2026-02-12 15:17:49,44605.78680553161,1649.6189260958029,1600.7862882367142,1629.0305893713141,1630.9273373107562,1628.9271303927992
2026-02-12 15:18:19,44503.8618026343,1966.9677953244604,1892.0419281428867,1889.3869388318049,1886.4216260947521,1872.7673953520448
2026-02-12 15:18:49,22575.832816056285,1681.5642458100563,1702.0139319953103,1711.4628595075526,1729.636526657011,1675.4258914407892
2026-02-12 15:19:19,34821.667471208886,8892.421212330184,8942.624646576098,8869.181435763052,8945.727880835804,8869.802082614993
2026-02-12 15:19:49,43947.65336735749,1965.6539880685539,1913.5832270078276,1846.9947239559983,1932.549398255112,1899.3758405462254
2026-02-12 15:20:19,43617.24137931035,1865.7931034482758,1914.1379310344828,1878.2758620689656,1915.3793103448277,1945.1724137931035
2026-02-12 15:20:49,43684.206896551725,1796,1781.7241379310344,1727.2758620689656,1817.9310344827586,1758.1379310344828
2026-02-12 15:21:19,44659.12617676471,8902.375943998068,8911.341770405876,8874.237042656641,8960.722783544259,8931.96317114383
2026-02-12 15:21:49,43505.414166494236,1501.0690392440858,1537.8991654596869,1468.8944065107937,1510.035174839644,1486.9301331126285
2026-02-12 15:22:19,43230.16447708699,1348.850039653805,1374.7112168545912,1345.7466983897104,1326.092203717113,1313.4719492431293
2026-02-12 15:22:49,43720.611055553636,1572.330080347598,1582.9511362460773,1598.0206214007378,1583.0890720369666,1614.814303941515
2026-02-12 15:23:19,43357.724137931036,1334.344827586207,1356.4827586206895,1317.3103448275863,1310.9655172413793,1333.5172413793102
2026-02-12 15:23:49,43841.37384047725,1663.7125418117864,1716.0591744542912,1665.4022552501808,1670.1955239835854,1704.2656643332527
2026-02-12 15:24:19,11807.400510380026,1796.7101179391682,1820.2979515828677,1787.39913097455,1767.0184150631078,1784.6748051589764
2026-02-12 15:24:49,1910.551724137931,1565.0344827586207,1557.8620689655172,1584.7241379310344,1566.7586206896551,1617.5172413793102
2026-02-12 15:25:19,24526.225042242833,2092.692851477637,2147.729232042484,2131.176937135763,2099.1068657539913,2087.7271630056207
2026-02-12 15:25:49,43607.8485465016,1644.6084347736125,1641.9876547467152,1654.0225525018102,1629.918273043898,1633.5735715024655
2026-02-12 15:26:19,43249.03448275862,1224.6206896551723,1261.2413793103449,1270.7586206896551,1220.896551724138,1219.4482758620688
2026-02-12 15:26:49,44870.27138866857,8268.836856443324,8302.010414152212,8204.110486568501,8248.353391496257,8254.76740577261
2026-02-12 15:27:19,43308.575566359774,1389.0555498086271,1376.849074169856,1376.4352953346436,1391.745112237509,1375.400848246612
2026-02-12 15:27:49,43780.47518879961,1649.6430911410737,1729.3699782751128,1716.3005620883475,1713.7142660091724,1690.9548605124312
2026-02-12 15:28:19,43346.137931034486,1381.5862068965516,1348.7586206896551,1373.655172413793,1380.344827586207,1366.4827586206895
2026-02-12 15:28:49,44057.58422123375,2602.324057791111,2754.9394848453503,2691.4589152098206,2686.252198200062,2676.735284990173
2026-02-12 15:29:19,43357.21921445567,1439.635849512052,1404.3242870443808,1458.670988654781,1446.8774785337423,1436.9461015897098
2026-02-12 15:29:49,44610.03448275862,5768.9655172413795,5858.896551724138,5775.068965517241,5862.620689655172,5773.241379310345
2026-02-12 15:30:19,20702.34851881229,3145.911646032348,3155.63679001276,3107.7697692864776,3164.879125426768,3152.6019933096527
2026-02-12 15:30:49,1917.5143970481738,1576.1233145970548,1615.641918686851,1539.6048139591019,1597.2964584985687,1587.158177868202
2026-02-12 15:31:19,1608.275957513061,1328.6510050859774,1380.6525274192993,1288.7243538733005,1336.1242777566345,1334.8787323115248
2026-02-12 15:31:49,4989.344460153798,2138.6254698437874,2180.144142901479,2091.0031380392425,2133.1080382082137,2142.2118004069102
2026-02-12 15:32:19,43659.22962860788,2383.806338149591,2320.0110348632707,2378.6337459912406,2381.3234939135828,2380.495879168247
2026-02-12 15:32:49,44023.173212869406,2762.026276768164,2740.8531328666504,2767.164384978792,2779.5441222111103,2759.5434325321557
2026-02-12 15:33:19,43367.313860054484,1208.4008690554194,1231.9895161568438,1236.5417112115047,1231.7825981998137,1210.0562127116598
2026-02-12 15:33:49,44995.10344827586,6040.9655172413795,6081.655172413793,6063.551724137931,5982.827586206897,6025.0344827586205
2026-02-12 15:34:19,43484.947756819194,1401.3586675402598,1368.87478878582,1444.8084416704023,1421.221421428325,1403.013897030932
2026-02-12 15:34:49,44105.21415270019,1567.9702048417132,1597.4894820332436,1513.1733222980895,1551.6242499482723,1575.1431133181597
2026-02-12 15:35:19,43993.102972618806,1787.8474377543282,1807.1591144216845,1761.569763431961,1815.9873094696188,1809.159252362232
2026-02-12 15:35:49,44355.724137931036,3303.793103448276,3308.137931034483,3259,3288.344827586207,3302.689655172414
2026-02-12 15:36:19,43492.91305997172,2338.172914439425,2323.688657447322,2372.728213263441,2318.308790564541,2336.1037348691243
2026-02-12 15:36:49,42180.12208159464,6851.536365830948,6759.802738214298,6788.2539573059275,6834.638066006828,6757.250750077594
2026-02-12 15:37:19,1708.2658022690434,1403.3587365081553,1423.4283940825544,1403.3587365081553,1418.255801924204,1419.704127728542
2026-02-12 15:37:49,35954.37459047487,1695.3477945994412,1756.4575645756456,1728.3512087457323,1663.8962651308755,1748.180846294444
2026-02-12 15:38:19,44151.72936997827,3463.9815166040203,3564.4677402669054,3534.8805131211416,3510.4658781337284,3534.0528983758054
2026-02-12 15:38:49,43627.83640251052,1665.6321125594868,1727.4294778950273,1715.6700462100835,1705.9797227394993,1669.5634181667701
2026-02-12 15:39:19,44154.458928201944,3500.17242568453,3597.1446306641838,3496.5170011724945,3502.7932960893854,3587.6267328781296
2026-02-12 15:39:49,44294.813435409334,5778.950272432581,5804.745154838264,5820.160011035244,5821.711842196013,5736.602524312021
2026-02-12 15:40:19,43943.31034482759,2382.965517241379,2369.5862068965516,2388.137931034483,2375.103448275862,2393.310344827586
2026-02-12 15:40:49,44466.51493206428,3819.366852886406,3770.328988206083,3801.7104627905373,3791.364921718739,3804.4003034692046
2026-02-12 15:41:19,42094.620689655174,1732.8275862068965,1749.103448275862,1719.8620689655172,1789.9310344827586,1815.1724137931035
2026-02-12 15:41:49,44823.298158493686,7548.382647079109,7543.140906269397,7223.153320918684,7573.832678115732,7519.346161804262
2026-02-12 15:42:19,43760.32003310687,1623.0644549436147,1653.619339931717,1670.069317515605,1668.7243507949097,1663.965237783219
2026-02-12 15:42:49,9971.309355495016,2701.4724645677434,2719.6110210696916,2663.712541811786,2677.333701162109,2731.887306458843
2026-02-12 15:43:19,1591.2962515948823,1236.8702369047207,1258.181316597124,1244.1118659264112,1253.0087244387735,1210.3865650539672
2026-02-12 15:43:49,2400.255181213145,1953.9984137384045,1857.3743922204212,2027.4492223869786,1925.5836408152002,1977.4474981895924
2026-02-12 15:44:19,14900.393049234588,8867.32864432492,8786.029513170597,8681.97490001379,8967.314853123708,8789.615225486139
2026-02-12 15:44:49,43535.137931034486,2006.4137931034481,2044.2758620689656,1992.3103448275863,1998.1379310344828,1932
2026-02-12 15:45:19,43762.25946617008,1747.8446789433754,1793.6409407545348,1892.820194496172,1848.3343678874405,1869.6461824953444
2026-02-12 15:45:49,43597.40662827189,1633.89316136152,1622.5816463772114,1655.412628892644,1640.238645377108,1611.2011587405593
2026-02-12 15:46:19,43663.28712324988,1614.0423477481206,1604.2485688668185,1609.5247948134354,1662.8733016070073,1634.5265190702808
2026-02-12 15:46:49,43741.91323539555,1635.009310986965,1678.2536726670808,1561.2456031450447,1680.3917511552525,1602.8001931167669
2026-02-12 15:47:19,45057.232121399386,8504.549043842482,8502.07711058468,8357.881003879562,8515.260754626292,8506.402993785834
2026-02-12 15:47:49,43658.53994965343,1737.025414669471,1709.1623849098241,1739.5427428532016,1716.6109176178486,1729.714817752336
2026-02-12 15:48:19,43300.18276492292,1234.1804889823786,1246.3878064760852,1222.800786234008,1248.0430359667573,1242.663540122073
2026-02-12 15:48:49,43700.541397979236,1679.3682540777265,1676.7474740508292,1693.5411565916063,1695.4377737163347,1681.9200662091794
2026-02-12 15:49:19,31549.486171460107,1254.0864887233604,1260.914545830747,1246.43078833023,1230.9124767225328,1242.7063935443825
2026-02-12 15:49:49,19920.652436290904,1821.3041829028584,1790.406565743646,1824.2353184592569,1791.3031483844268,1862.4090485878821
2026-02-12 15:50:19,43360.91858901417,1265.1287886624598,1313.5409123823315,1316.2304748112133,1337.1263059894484,1337.1263059894484
2026-02-12 15:50:49,43591.379310344826,1577.5862068965516,1571.5862068965516,1588.0344827586207,1583.3103448275863,1596.551724137931
2026-02-12 15:51:19,43962.24268128684,3759.1807179062785,3778.5593600220677,3756.629081755801,3750.4223992276125,3774.8353505051546
2026-02-12 15:51:49,44476.188834097724,6833.752888030621,6882.926997482671,6783.923583571846,6840.235870202419,6799.751715576398
2026-02-12 15:52:19,43548.862068965514,1487.9310344827586,1491.0344827586207,1454.4827586206895,1519.0344827586207,1539.9310344827586
2026-02-12 15:52:49,43617.91785923652,1606.5381564881545,1632.6769888616845,1619.538604779475,1643.2290768647192,1608.2623538742714
2026-02-12 15:53:19,43410.669333425285,1411.2210765888476,1410.3934618435117,1419.2903203558742,1417.428187178868,1420.7386461602123
2026-02-12 15:53:49,43917.448275862065,2767.1724137931033,2844.8275862068963,2710.0344827586205,2786.965517241379,2763.793103448276
2026-02-12 15:54:19,43645.918824787055,2584.8477533708055,2584.0201386254694,2576.364702231111,2578.226835408117,2580.916583330459
2026-02-12 15:54:49,26894.37202565694,3445.1686323194704,3405.4762397406716,3390.3372646389407,3399.889647561901,3428.2364300986274
2026-02-12 15:55:19,1632.401117279906,1300.4586365047069,1348.6671954205315,1296.9412738370286,1305.631228663057,1298.1826959550328
2026-02-12 15:55:49,32195.86882306286,3144.2463533225277,3159.9020655884683,3196.9723093899784,3223.766336770233,3254.1811786613325
2026-02-12 15:56:19,45016.137931034486,8815.034482758621,8865.724137931034,8823.034482758621,8849.58620689655,8834.137931034482
2026-02-12 15:56:49,43919.373749913786,2692.5994896199736,2713.9802745016896,2721.532519484102,2642.458100558659,2683.2885026553554
2026-02-12 15:57:19,43367.520778011516,1239.231644652895,1251.8536400317273,1237.3693830396248,1230.9549263716935,1228.6788288443631
2026-02-12 15:57:49,43720.83721250992,1586.083238509017,1598.2897141477881,1592.2554394676047,1569.0493431260993,1590.0831005827386
2026-02-12 15:58:19,43544.75862068965,1330.8275862068965,1285.4482758620688,1352.551724137931,1304.344827586207,1298.9655172413793
2026-02-12 15:58:49,43561.10344827586,1488.2758620689656,1516.0689655172414,1477.4137931034481,1526.8275862068965,1527.1724137931035
2026-02-12 15:59:19,43508.15489121065,1355.6773904348127,1324.6439777938692,1299.0586531498916,1304.7825937036655,1316.3684010896177
2026-02-12 15:59:49,43797.41379310345,1711.0344827586207,1777.3103448275863,1736.0344827586207,1701.3793103448277,1711.8620689655172
2026-02-12 16:00:19,45179.5296227326,8873.508517828815,8961.79046830816,8738.533691978757,8880.267604662391,8933.236774949997
2026-02-12 16:00:49,14272.51724137931,2055.310344827586,2094.4827586206898,1955.2068965517242,1955.103448275862,2095.655172413793
2026-02-12 16:01:19,17542.846305044997,3429.911376254353,3378.1164867754055,3442.325597434394,3419.1523845649845,3416.0488292699742
2026-02-12 16:01:49,43840.275862068964,2045.7931034482758,2088.206896551724,2048.5862068965516,2026.6206896551723,2036.1379310344828
2026-02-12 16:02:19,43809.61412462498,2073.9335839166865,2047.1050725887096,2080.8303734611536,2071.312803889789,2099.6586089175485
2026-02-12 16:02:49,43759.732423019894,2290.955484293645,2338.5400503430915,2288.231440295162,2264.059860004827,2260.8185924623285
2026-02-12 16:03:19,44702.661596958176,5748.703767715175,5729.554096094021,5787.417905288628,5735.983408226754,5799.239543726236
2026-02-12 16:03:49,43776.32940202773,1517.3460238637151,1537.0715221739433,1531.5883854058902,1495.1375956962552,1510.8628181253882
2026-02-12 16:04:19,43728.97486293576,2186.131512706458,2245.577738698665,2147.5811178924864,2183.5109134167783,2165.097755249819
2026-02-12 16:04:49,44359.448275862065,4751.103448275862,4743.724137931034,4766.103448275862,4767.103448275862,4760.9655172413795
2026-02-12 16:05:19,9284.241379310344,1549.5862068965516,1514.4137931034481,1469.7931034482758,1541.5172413793102,1538.4137931034481
2026-02-12 16:05:49,24926.339747568803,3778.950272432582,3816.2631905648673,3818.021932547073,3795.0893165045873,3773.225739706187
2026-02-12 16:06:19,43273.46713566453,1350.368990964894,1383.336781847024,1384.1644251327677,1392.4408579902063,1438.6509414442376
2026-02-12 16:06:49,35221.206896551725,3572.8275862068963,3557.9310344827586,3633.344827586207,3674.4827586206898,3591.862068965517
2026-02-12 16:07:19,43897.92399475826,2294.2271880819367,2335.609352369129,2314.2975377612247,2304.3658183322987,2322.780881440099
2026-02-12 16:07:49,43669.66687357749,1620.7324643078832,1562.2456721153183,1619.9393061590454,1587.9026139733774,1581.3504379612386
2026-02-12 16:08:19,44381.819435823156,6512.380164149252,6563.900958686806,6493.827160493827,6516.173529208911,6544.313400924201
2026-02-12 16:08:49,44129.905510724886,3886.47492930547,3823.918890957998,3822.849851713912,3831.3676805296923,3715.428650251742
2026-02-12 16:09:19,43172.36742293635,1241.7074684504516,1253.9135232052963,1225.3637680159989,1239.845527894628,1212.5370664092131
2026-02-12 16:09:49,44501.46566886229,1672.5178466737939,1596.37203848674,1571.3694520122772,1590.5093630375557,1588.2332655102252
2026-02-12 16:10:19,43668.0459294507,3352.0223440571012,3353.1257542843346,3363.6771145822554,3389.745181200648,3367.4011240991686
2026-02-12 16:10:49,20559.655172413793,1549.5172413793102,1574.4827586206895,1503.2758620689656,1548.344827586207,1585.1724137931035
2026-02-12 16:11:19,4445.030691771846,1929.7882612593971,1882.405683150562,1854.5416925305192,1895.4410649010276,1923.7878474377542
2026-02-12 16:11:49,44085.96551724138,3546.4827586206898,3599.103448275862,3585.8965517241377,3607.862068965517,3532
2026-02-12 16:12:19,44054.55360529673,4694.713610814165,4624.021517983378,4677.195765371219,4637.884064967757,4699.334459808958
2026-02-12 16:12:49,44132.029930002405,3504.7067342505425,3597.944898451777,3580.117926968035,3533.740215854625,3532.705768766594
2026-02-12 16:13:19,43370.11621090382,1336.7357495086035,1320.3903582882167,1357.8399255146728,1304.6656781268318,1324.3215283285629
2026-02-12 16:13:49,44614.18028829574,5741.499413752673,5793.158148837851,5678.426098351611,5705.290020001379,5725.843161597351
2026-02-12 16:14:19,43767.61267629918,3657.0916238490977,3621.9179971723156,3615.6419186868507,3653.9880685540875,3643.849787923721
2026-02-12 16:14:49,43853.51724137931,2589.448275862069,2646.965517241379,2614.793103448276,2627.310344827586,2581.793103448276
2026-02-12 16:15:19,43275.93103448276,1229.5862068965516,1239.5172413793102,1191.5172413793102,1233.103448275862,1233.9310344827586
2026-02-12 16:15:49,43598.275862068964,1546,1530.551724137931,1516.4482758620688,1553.5862068965516,1548.1379310344828
2026-02-12 16:16:19,40815.48275862069,1402.344827586207,1376.0689655172414,1331.3793103448277,1408.551724137931,1350
2026-02-12 16:16:49,2074.3473912893546,1664.402220766233,1705.024311183144,1770.1644884306354,1709.645160177937,1764.1987654746713
2026-02-12 16:17:19,42221.80075175005,5295.148108555467,5313.631504534638,5246.042966998862,5292.527328528569,5337.632332149384
2026-02-12 16:17:49,43913.376323321485,2473.5335701231074,2505.0518983413217,2446.8085106382973,2497.3274940515184,2486.56850236215
2026-02-12 16:18:19,43674.988792716984,3184.247732680437,3246.6636780578638,3225.9733094244625,3216.455739853098,3221.628332011448
2026-02-12 16:18:49,44213.10344827586,2944.8275862068963,3020.344827586207,2863.551724137931,2916.344827586207,2940.0689655172414
2026-02-12 16:19:19,43380.620689655174,1337.3793103448277,1345.655172413793,1340.2758620689656,1338.6206896551723,1324.7586206896551
2026-02-12 16:19:49,44793.889444463595,6900.513810821062,6865.891927307837,6802.544915341908,6874.030138970308,6883.202869064449
2026-02-12 16:20:19,43812.31034482759,2723.103448275862,2716.689655172414,2636.206896551724,2645.310344827586,2722.4827586206898
2026-02-12 16:20:49,43660.06896551724,1537.3103448275863,1525.5172413793102,1513.2068965517242,1535.0344827586207,1567.655172413793
2026-02-12 16:21:19,43308.941687644394,1345.7015759164108,1383.1511431428669,1352.322493879099,1381.0821062795267,1333.0804510500361
2026-02-12 16:21:49,43964.99879306182,2315.8729611365907,2303.769095486051,2362.2538708231314,2296.8378219938613,2323.8042691127275
2026-02-12 16:22:19,5605.572605951928,1890.065174661195,1840.9600331045895,1779.2337666816095,1876.40953136315,1854.477740611745
2026-02-12 16:22:49,44844.78476821192,7659.630242825606,7734.202538631345,7668.632726269315,7726.683222958057,7628.035320088299
2026-02-12 16:23:19,44163.61942872913,3790.6030081413,3813.026079757141,3784.3935421553747,3863.322754243135,3818.200634745412
2026-02-12 16:23:49,43651.29832063174,1723.9215145349838,1734.749474119797,1722.7835442601468,1741.3703920824853,1745.9222731818336
2026-02-12 16:24:19,43561.471876401,1353.1744663241025,1395.7305928199469,1388.971272890299,1390.971479808256,1431.5273993861433
2026-02-12 16:24:49,43832.41379310345,2524.2758620689656,2526.689655172414,2507.965517241379,2554.6206896551726,2524.551724137931
2026-02-12 16:25:19,42215.21431773509,2615.572950791406,2642.3324942239383,2997.689575502603,2959.412393530811,2929.4113590123793
2026-02-12 16:25:49,45814.31034482759,3376.5862068965516,3269.1724137931033,2985.137931034483,2993.862068965517,2962
2026-02-12 16:26:19,43886.099520673124,3222.5938825476737,3246.422290423807,3214.938446153315,3214.5246387806474,3237.6288837546117
2026-02-12 16:26:49,42294.1724137931,2007.9655172413793,2071.0689655172414,2073.310344827586,2091.310344827586,2012.1379310344828
2026-02-12 16:27:19,43125.45260181385,1298.7344391185902,1341.7704058760646,1349.0120348977548,1337.0116210903823,1341.5635021897306
2026-02-12 16:27:49,1945.4482758620688,1690.1379310344828,1698.2758620689656,1688.7241379310344,1665.103448275862,1643.2413793103449
2026-02-12 16:28:19,25887.992275329332,6434.650665563142,6407.269466859783,6346.09283398855,6406.924615490723,6380.233119525485
2026-02-12 16:28:49,44020.51724137931,2772.206896551724,2697.448275862069,2701.4827586206898,2756.0689655172414,2734.689655172414
2026-02-12 16:29:19,43738.12890099658,2255.595020517949,2277.8026828511324,2228.2147660264145,2273.871512810786,2283.802889754819
2026-02-12 16:29:49,44061.900820746254,3359.059245465204,3318.435754189944,3325.7121180771087,3352.6450100006896,3342.8512311193876
2026-02-12 16:30:19,43372.3448275862,1263.5172413793102,1253.1724137931035,1241.3793103448277,1259.7931034482758,1228.9655172413793
2026-02-12 16:30:49,45194.51724137931,8330.827586206897,8371.862068965516,8259.827586206897,8429.448275862069,8369.034482758621
2026-02-12 16:31:19,43383.978757888195,1585.916755750198,1605.9864133245972,1615.9177902686297,1585.2960446911961,1585.2960446911961
2026-02-12 16:31:49,43932.3448275862,1609.655172413793,1692.896551724138,1653.4137931034481,1654.344827586207,1592.6206896551723
2026-02-12 16:32:19,42771.578330287244,3930.4803613917716,3889.9272388703052,4024.242215248801,3916.3419428256143,3958.1364874650844
2026-02-12 16:32:49,43763.431960824884,2238.430236568039,2213.049175805228,2175.943168494379,2199.1171804952064,2179.5985930064144
2026-02-12 16:33:19,19789.379310344826,1222.344827586207,1258.9655172413793,1251.3103448275863,1236.2068965517242,1254.8275862068965
2026-02-12 16:33:49,2115.93903027795,1534.2437409476515,1581.8332298779226,1551.4518242637423,1566.8666804607215,1561.4180288295745
2026-02-12 16:34:19,1792,1411.103448275862,1434.4827586206895,1309.0344827586207,1399.9310344827586,1425.1724137931035
2026-02-12 16:34:49,2126.2112486637466,1568.743749784475,1597.434394289458,1544.2256629538947,1561.7779923445635,1552.5362943549776
2026-02-12 16:35:19,1936.1357288182348,1432.3942204903615,1481.0165867788542,1423.3594261871096,1460.3262181454531,1463.6366771267972
2026-02-12 16:35:49,1918.6150769018552,1558.7971584247189,1576.5225187943995,1522.0015173460238,1555.5555555555554,1508.7247396372163
2026-02-12 16:36:19,1758,1234.9655172413793,1245.9310344827586,1238.6896551724137,1219.4482758620688,1221.7241379310344
2026-02-12 16:36:49,2299.1827304389803,1716.2660781406253,1761.4400496568844,1883.6166764371183,1827.3043898065448,1782.268354081175
2026-02-12 16:37:19,1677.9310344827586,1397.4482758620688,1408.896551724138,1402.2758620689656,1405.7931034482758,1394.2068965517242
2026-02-12 16:37:49,28801.068965517243,10829.241379310344,10793.58620689655,10733.862068965516,10935.51724137931,10939.379310344828
2026-02-12 16:38:19,43327.14921204179,1401.4276354357046,1353.1501086244352,1374.426704369116,1352.1845580882098,1379.4958446842993
2026-02-12 16:38:49,43520.37940751942,1631.452333493711,1626.847205993539,1640.4907553783764,1627.0534057323528,1633.2393978967627
2026-02-12 16:39:19,43355.677390434816,1449.3982966104618,1514.4305368780388,1497.0518257991105,1496.844936381504,1483.6040136547017
2026-02-12 16:39:49,43638.23184607958,1529.89449003517,1516.447141576443,1551.2378456658162,1505.3444590028275,1505.3444590028275
2026-02-12 16:40:19,43247.83613228042,1239.5599848270629,1244.1118659264112,1263.5608124418081,1240.3875995723988,1245.3532880444152
2026-02-12 16:40:49,43730.55172413793,1868.2068965517242,1873.5862068965516,1793.9655172413793,1893.1724137931035,1873.9310344827586
2026-02-12 16:41:19,43452.80871754198,1378.3233904617398,1385.7719231697642,1355.3225973309422,1404.6001586261593,1381.013138384082
2026-02-12 16:41:49,43730.55172413793,1640.6896551724137,1718.7586206896551,1766.3793103448277,1751.5862068965516,1728.551724137931
2026-02-12 16:42:19,44755.99158591675,8798.44132556295,8944.515328114761,8794.958446842993,9045.898134418427,8942.446291251421
2026-02-12 16:42:49,18810.44827586207,1754.7586206896551,1776.7586206896551,1792.3103448275863,1776.6896551724137,1786.6206896551723
2026-02-12 16:43:19,11269.714837419398,2379.9179338643494,2401.98613840902,2483.259197958691,2433.2954036067717,2456.880797213889
2026-02-12 16:43:49,43836.07461811661,1899.7275956001515,1916.485638426261,1921.6233922968172,1878.4179855867037,1929.1748560394467
2026-02-12 16:44:19,43494.55172413793,1439.8620689655172,1501.5862068965516,1448.551724137931,1508.6206896551723,1497.0344827586207
2026-02-12 16:44:49,43653.31034482759,1610.1379310344828,1611.5862068965516,1573.4827586206895,1565.0344827586207,1545.5172413793102
2026-02-12 16:45:19,44804.351574083645,8345.505327402503,8177.511120306195,8226.750801696493,8412.744388124547,8165.097755249818
2026-02-12 16:45:49,43739.025483637364,1780.5441566950583,1730.6803682885613,1777.8199248249937,1755.439842753198,1732.7494051519016
2026-02-12 16:46:19,43483.84427049208,1336.1150384496016,1306.3898755129485,1334.0460015862614,1333.2183868409254,1343.356667471292
2026-02-12 16:46:49,43800.862068965514,1831.9310344827586,1828.0689655172414,1806.1724137931035,1807.5172413793102,1825.0344827586207
2026-02-12 16:47:19,44625.98710300354,5166.660919342045,5100.382771819717,5208.66236766785,5215.766060898651,5249.6982654574285
2026-02-12 16:47:49,44705.67950618986,5446.911962481464,5539.2944584296,5556.915755715713,5593.641160040001,5678.954446705058
2026-02-12 16:48:19,34447.961928408855,3479.826194909994,3368.9219946203184,3471.963583695427,3479.826194909994,3424.3740947651563
2026-02-12 16:48:49,7000.862158154291,1888.7815980963546,1927.1648791254268,1863.9514432527503,1911.439114391144,1828.9478221885022
2026-02-12 16:49:19,43702,2645.344827586207,2611.9310344827586,2578.965517241379,2615.0344827586205,2635.5172413793102
2026-02-12 16:49:49,43689.16169523086,1630.4010483120105,1679.919997241284,1635.5391565226385,1585.7788199593087,1614.193592882513
2026-02-12 16:50:19,44507.48275862069,6584.068965517241,6637.793103448275,6610.689655172414,6687.862068965517,6772.068965517241
2026-02-12 16:50:49,43737.29222705014,1775.846610111042,1786.5370025519,1743.8788881991861,1743.3616111455963,1753.0864197530864
2026-02-12 16:51:19,43336.50563773663,1232.2333712630598,1226.8542464052962,1248.5776352539567,1238.853832626461,1238.0262749560359
2026-02-12 16:51:49,43564.03889923444,1483.8264707910894,1489.826884612732,1471.1704255465897,1461.0662804331337,1501.827712256018
2026-02-12 16:52:19,43687.77157045314,3299.3999586178356,3320.504862404304,3288.8475067246018,3266.087316366646,3278.2950548313675
2026-02-12 16:52:49,43786.76597358711,1778.1455811868555,1891.6589083135061,1810.86859073825,1802.765421882004,1809.2479569670008
2026-02-12 16:53:19,43271.96551724138,1254,1258.1379310344828,1272.6206896551723,1276.9655172413793,1221.7241379310344
2026-02-12 16:53:49,38619.594454789985,1678.9433754052004,1683.1505621077315,1640.6303883026414,1671.0807641906338,1634.7334298917167
2026-02-12 16:54:19,1812.3318849575833,1475.1362162907787,1475.8259190288984,1464.1009724808607,1447.2032553969239,1463.3422994689288
2026-02-12 16:54:49,37047.23922161865,6222.031217767998,6247.885580691742,6195.867427628412,6216.599051089871,6176.5797978408855
2026-02-12 16:55:19,44071.27340436536,3659.5289817592493,3615.9442777835243,3616.0132409227263,3660.5634288472806,3678.3559187614214
2026-02-12 16:55:49,43927.65766697699,2777.352505086031,2734.181579945519,2726.6301162028894,2732.802317161477,2756.5946001862003
2026-02-12 16:56:19,43437.1724137931,1510.551724137931,1474.8275862068965,1489.2413793103449,1545.7931034482758,1535.655172413793
2026-02-12 16:56:49,45014.93103448276,6933.448275862069,6885.586206896552,6982.793103448275,6943.862068965517,6894.896551724138
2026-02-12 16:57:19,43652.63266783905,2496.1897865590845,2491.2934036757356,2505.223957794559,2509.568635564291,2481.638564187442
2026-02-12 16:57:49,43942.139926209435,2817.1442364056406,2905.0722388883137,2839.384848798317,2812.109927243888,2890.176200820661
2026-02-12 16:58:19,43560.55172413793,1426,1434.6896551724137,1422.1379310344828,1431.7931034482758,1421.2413793103449
2026-02-12 16:58:49,43491.32788524533,1468.7079755870486,1481.0523775042238,1485.6384262611632,1529.3955380848934,1483.6040136547015
2026-02-12 16:59:19,43530.75862068965,1427.9310344827586,1375.9310344827586,1348.2068965517242,1408.0689655172414,1404.9655172413793
2026-02-12 16:59:49,9563.413793103447,1698,1730.2758620689656,1727,1724.4137931034481,1733.5172413793102
2026-02-12 17:00:19,41164.50156783019,8859.515523241791,8960.132317976637,8942.765583542952,8998.380483098446,8955.170393852728
2026-02-12 17:00:49,42658.366671265,2774.658573596358,2898.261829217823,3007.6217409297838,2952.8210787694857,2956.6836805076564
2026-02-12 17:01:19,43343.69936217893,1770.6602309946559,1735.1491122220305,1737.3556283399412,1771.4876745388724,1766.1092915014651
2026-02-12 17:01:49,43916.38507689125,1615.3368733190814,1697.4691400593063,1657.437418109096,1672.78118750431,1666.4367974622442
2026-02-12 17:02:19,43401.78633009174,1501.1380095178981,1367.3356783226432,1373.543002965722,1408.7868128836474,1466.1011104214085
2026-02-12 17:02:49,43679.471705920885,1787.923721507638,1790.3375978482013,1777.8888927204384,1773.3025276733679,1782.268354081175
2026-02-12 17:03:19,45064.58175298256,6864.974829322116,6852.906696089925,6849.458658023585,6898.6966416109235,6852.768774567271
2026-02-12 17:03:49,43604.275862068964,2537.310344827586,2579.9310344827586,2562.655172413793,2554.344827586207,2549.862068965517
2026-02-12 17:04:19,43328.206896551725,2444.689655172414,2490.8275862068967,2504.0689655172414,2490.206896551724,2512.965517241379
2026-02-12 17:04:49,44364.793103448275,1866,1979.8620689655172,1975.4827586206895,1981.3103448275863,1944.6896551724137
2026-02-12 17:05:19,5286.768509258939,1548.053381151074,1577.5371564536706,1543.0876926790577,1533.777026794027,1591.9169626538844
2026-02-12 17:05:49,14191.614082273023,7872.349229336918,7892.48646598393,7821.626840453777,7838.833143684699,7824.212958173855
2026-02-12 17:06:19,43884.41379310345,3306.6206896551726,3403.862068965517,3397.448275862069,3372.206896551724,3393.310344827586
2026-02-12 17:06:49,43808.0822012275,1719.536583683884,1792.0143438383561,1760.1199917247086,1771.9467622922557,1785.1182677056756
2026-02-12 17:07:19,43395.379310344826,1345.4482758620688,1378.4137931034484,1364.9655172413793,1360.6206896551723,1395.1724137931035
2026-02-12 17:07:49,43632.68965517241,1681.5862068965516,1676.8275862068965,1683.6896551724137,1699.7931034482758,1690.6206896551723
2026-02-12 17:08:19,44439.95034653977,6835.074652598186,6979.828281783386,6939.48484535016,6950.656873900899,6950.863763318505
2026-02-12 17:08:49,44359.35452727398,4587.75256878836,4461.968140128267,4570.271015792015,4634.507964967934,4619.888283566651
2026-02-12 17:09:19,43733.93103448276,2669.3793103448274,2627.103448275862,2603.103448275862,2669.7241379310344,2645.793103448276
2026-02-12 17:09:49,43613.04782593703,1573.462984035033,1629.805868763146,1544.2570945829452,1574.773283679873,1569.5320851005135
2026-02-12 17:10:19,44544.862068965514,7303.241379310345,7200.9655172413795,7209.931034482758,7244.896551724138,7209.517241379311
2026-02-12 17:10:49,32645.436049518943,2088.6237456464014,2013.103900134487,2009.0692782509739,2069.7265422945616,2041.587640953136
2026-02-12 17:11:19,1767.5252577497329,1394.2967483879868,1420.5717044239855,1405.4687769387265,1395.951863728837,1358.9186579773113
2026-02-12 17:11:49,30675.068965517243,3894.2758620689656,3974.551724137931,3899.344827586207,3962.2758620689656,3922.4137931034484
2026-02-12 17:12:19,44902.32318017553,8433.522629495785,8376.527275856135,8441.507485802787,8478.95370848391,8376.733780760627
2026-02-12 17:12:49,43728.18178683494,2011.8616599427608,2004.6205303265406,1968.518326954243,1980.8282473018173,2003.5860832385092
2026-02-12 17:13:19,43353.539533119554,1495.6725630150686,1496.1553049894833,1520.7751456846318,1510.223785386711,1504.2239922761285
2026-02-12 17:13:49,44253.64642598531,3302.0930312747832,3401.951656839419,3480.5696355298087,3310.437571118237,3427.5369814833966
2026-02-12 17:14:19,44526.41197158817,8116.198882835667,8122.405351355079,8044.100406868492,8075.029308323564,8092.200537893938
2026-02-12 17:14:49,42701.30004482913,2228.2492499741365,2192.0411048656847,2208.317528190627,2297.734404634642,2222.1455912272836
2026-02-12 17:15:19,45011.51684424675,3333.7815937381465,3367.642495086376,3333.471259611737,3341.953725733595,3380.504120547567
2026-02-12 17:15:49,43599.87586634943,1628.6334953967103,1686.4935691872693,1587.5314644322607,1634.6332885072927,1632.2885417744214
2026-02-12 17:16:19,44172.13199544843,3748.1466156339434,3730.1472363021962,3748.767283886762,3716.9063135753936,3719.5958760042754
2026-02-12 17:16:49,15316.116129922075,1624.2328115302394,1653.8169781394388,1606.3719743465967,1621.7502241224743,1605.889249017309
2026-02-12 17:17:19,14234.620689655172,2484,2474.8965517241377,2556.7241379310344,2482.137931034483,2510.4827586206898
2026-02-12 17:17:49,42530.37721536446,1860.5268602165368,1854.113509413144,1854.0790290324805,1899.2483277015378,1893.0418591821253
2026-02-12 17:18:19,43893.210578945545,4684.631564428812,4675.390503775731,4802.97231129961,4651.356849763801,4713.699527602496
2026-02-12 17:18:49,43493.810558256606,1664.1495120857899,1624.3232991965792,1602.63439191752,1626.0128961070307,1672.2181993724353
2026-02-12 17:19:19,43138.51246508741,1258.9221061342714,1221.8889003827455,1288.2659218647634,1204.6481155822214,1191.9588979690357
2026-02-12 17:19:49,44254.30157580772,5077.445605323954,5205.820488948656,5068.859694493292,5161.753042998516,5188.51074100893
2026-02-12 17:20:19,43464.31034482759,2617.655172413793,2659.793103448276,2666,2661.2413793103447,2663.103448275862
2026-02-12 17:20:49,43859.07382504052,1875.7284231578224,1827.3162994379506,1892.4519844143306,1915.589117616634,1874.9008654873971
2026-02-12 17:21:19,43175.92496810454,1454.9153477466293,1437.2607841108925,1461.9495879452431,1441.6054618806247,1420.7096307023894
2026-02-12 17:21:49,44494.24137931035,4950,4919.379310344828,4937.137931034483,4924.137931034483,4924.413793103448
2026-02-12 17:22:19,32770.862068965514,4594.620689655172,4591.448275862069,4587.379310344828,4595.931034482758,4573.793103448275
2026-02-12 17:22:49,14902.796455294643,3000.551705113616,3043.7571118237297,3047.8604186062544,2893.4864315023615,2824.6612185786694
2026-02-12 17:23:19,43239.620689655174,2971.689655172414,2964.551724137931,2956.551724137931,2941.1724137931033,2983.5862068965516
2026-02-12 17:23:49,43613.233570098615,1648.8518033239088,1601.8895248603544,1671.0916488518035,1669.0573063926627,1660.1613681815047
2026-02-12 17:24:19,43918.54891547984,4580.882099382737,4573.743922204213,4563.260802096624,4557.398530983826,4544.363598744783
2026-02-12 17:24:49,43470.96751948142,1737.190538583546,1700.6413350803393,1733.9838631818495,1720.8468381490932,1716.7781532308118
2026-02-12 17:25:19,43969.448275862065,1513.103448275862,1423.7931034482758,1523.3793103448277,1422.1379310344828,1538.6896551724137
2026-02-12 17:25:49,43418.62630163437,1627.9566926418868,1552.6515412730157,1654.8169091786774,1628.0946141645404,1602.6480932349493
2026-02-12 17:26:19,43982.58620689655,5237.586206896552,5277.310344827586,5252.275862068966,5256.206896551724,5176.758620689655
2026-02-12 17:26:49,43608.03448275862,2633.655172413793,2588.8965517241377,2658.9310344827586,2587.9310344827586,2602.0689655172414
2026-02-12 17:27:19,43453.79628991104,2379.7669126267156,2368.8021515757537,2349.148334597614,2381.008206330598,2357.8373905247913
2026-02-12 17:27:49,29113.49058555763,2135.319677219119,2147.389475136217,2104.5934202358785,2108.214359611008,2184.564452720878
2026-02-12 17:28:19,1837.740923352757,1407.095817674034,1394.2005999379376,1414.3364479536601,1394.0626831707066,1412.2676964451955
2026-02-12 17:28:49,27343.402993309883,5920.960066211463,5958.548865438996,6021.829091661493,5923.374025794882,5886.061107662597
2026-02-12 17:29:19,44077.09813116337,4636.576787807738,4652.50672367423,4638.4387283635615,4597.682918419419,4567.684987242259
2026-02-12 17:29:49,43733.181614427085,1580.1524085376363,1628.2197165614978,1674.8043170925139,1670.3561946139787,1640.4261922002688
2026-02-12 17:30:19,43618.34646757914,1482.7180976081843,1434.950919397207,1449.813355454168,1447.946909995852,1497.995299322549
2026-02-12 17:30:49,44055.381220042065,2974.240491051415,2973.3439084106344,2896.961964205662,2967.550605193282,2939.6186075381906
2026-02-12 17:31:19,44511.15555708817,7428.049243077347,7416.531604538087,7406.738163384944,7370.736921962825,7343.839442739404
2026-02-12 17:31:49,44062.55172413793,3023.1724137931033,3068.965517241379,3042.0344827586205,3057.793103448276,3088.137931034483
2026-02-12 17:32:19,43442.137931034486,1550.9655172413793,1425.5172413793102,1543.103448275862,1528,1537.103448275862
2026-02-12 17:32:49,43771.11134098824,1816.9028654184335,1953.7946967345952,1990.862384055722,1932.7609392779557,1942.277852487845
2026-02-12 17:33:19,43773.40597951653,3909.6520569674813,3816.131590744508,3875.719852408703,3891.03072519742,3882.7545777440596
2026-02-12 17:33:49,19521.44827586207,3810.7586206896553,3856.4827586206898,3785.344827586207,3775.3793103448274,3794.8275862068963
2026-02-12 17:34:19,24654.931034482757,3985.655172413793,3968.689655172414,3980.689655172414,3967.2413793103447,3948.206896551724
2026-02-12 17:34:49,43783.73159546222,2663.8391779593803,2623.9784835005685,2735.940139995172,2710.044481224785,2674.942243370918
2026-02-12 17:35:19,43200.31725231904,1498.8103038035792,1483.8442704920858,1467.4988792716988,1396.4619469636882,1453.63633228732
2026-02-12 17:35:49,43754.48275862069,1761.103448275862,1816.344827586207,1799.344827586207,1872.1379310344828,1786.1379310344828
2026-02-12 17:36:19,43287.1724137931,1390,1402.6206896551723,1317.3103448275863,1386.896551724138,1381.5172413793102
2026-02-12 17:36:49,44337.080201365425,4761.809530377215,4671.9536583683885,4796.531273705262,4748.638024963796,4737.259499344873
2026-02-12 17:37:19,44414.58620689655,5948.482758620689,6006.758620689655,5832.620689655172,5998.068965517241,5960.620689655172
2026-02-12 17:37:49,43628.95272250767,2269.1816959205485,2280.4924307734746,2255.9743439428944,2253.0432083864957,2277.4578433739093
2026-02-12 17:38:19,43204.96551724138,1254,1260.8275862068965,1254,1238.4827586206895,1247.5862068965516
2026-02-12 17:38:49,43945.51536259871,2086.3478050967274,2146.211938342701,2152.039725507776,2139.728956170902,2138.0047587847853
2026-02-12 17:39:19,21077.14059105486,1610.2624228421666,1674.1266940239316,1677.368185109831,1672.8163040104828,1687.7133694265317
2026-02-12 17:39:49,32262.397406717704,8360.093799572383,8367.404648596455,8283.640251051796,8415.407959169597,8314.573418856473
2026-02-12 17:40:19,43510,2607.5862068965516,2618.448275862069,2599.448275862069,2615.862068965517,2622.0689655172414
2026-02-12 17:40:49,43737.33751680861,1888.770127228218,1845.6021790849225,1860.6695859049066,1903.6651380891635,1895.5970072061514
2026-02-12 17:41:19,43343.448275862065,1478.4827586206895,1507.103448275862,1495.9310344827586,1494.896551724138,1504
2026-02-12 17:41:49,43693.04506741146,1827.0404468811419,1777.6628392124408,1784.1108927278367,1787.3176787007342,1807.3859522085443
2026-02-12 17:42:19,44824.5680587647,8809.669965858537,8946.511708107735,8887.057281787771,8966.513777287306,8967.755285029485
2026-02-12 17:42:49,43977.311127202505,3248.439708975552,3206.854936036688,3178.269714837419,3170.925140512396,3232.57818695907
2026-02-12 17:43:19,43293.43815730492,1381.193751939588,1386.3659873797453,1348.5052239577944,1378.917968345919,1361.125478431778
2026-02-12 17:43:49,43584.15807441635,1493.7756474361183,1547.7775095692953,1504.2932514914305,1539.5703300113794,1514.9487913376322
2026-02-12 17:44:19,43319.793103448275,1399.4482758620688,1378.344827586207,1328.2758620689656,1355.5862068965516,1341.3103448275863
2026-02-12 17:44:49,14546.811959033068,1822.2007655436391,1767.6471602469048,1772.8542363529775,1809.7175764681538,1804.4070485189143
2026-02-12 17:45:19,19663.356435984962,8328.195579462776,8399.848281093755,8254.542946794938,8447.639736560806,8423.019895865658
2026-02-12 17:45:49,43828.902451639595,2088.6865970138956,2100.065514982242,2051.412020275163,2130.27136995276,2095.927726630116
2026-02-12 17:46:19,43774.437649010055,3130.0922566601016,3244.9466155281434,3204.934176427905,3195.397532911786,3179.848657613766
2026-02-12 17:46:49,43785.724137931036,1892.1379310344828,1935.5862068965516,1918.3103448275863,1904.6896551724137,1936.551724137931
2026-02-12 17:47:19,33227.352667333354,1496.741266940239,1578.606158833063,1731.680402772509,1634.1253146660226,1670.1265560881407
2026-02-12 17:47:49,45574.42333551702,9248.97424404372,9372.133917180983,9262.972795917665,9268.006757921596,9320.277212702136
2026-02-12 17:48:19,43243.06896551724,1465.7931034482758,1396.6206896551723,1460,1449.0344827586207,1430.4137931034481
2026-02-12 17:48:49,43567.793103448275,1585.3103448275863,1619.0344827586207,1560.3793103448277,1588.7586206896551,1572.6896551724137
2026-02-12 17:49:19,43207.489913445286,1589.4341184178763,1646.4705679506187,1659.1951446601604,1626.4009103762196,1606.7450601744886
2026-02-12 17:49:49,44266.04365667781,2439.8082692506637,2452.222490430704,2496.258491672126,2466.9816200558635,2426.842304907065
2026-02-12 17:50:19,26624.81464878099,1567.2264560846922,1542.3290458291663,1659.3675643987722,1627.9182040760024,1651.5052243180796
2026-02-12 17:50:49,1890.8275862068965,1496.0689655172414,1556.896551724138,1536.3793103448277,1537.655172413793,1467.3103448275863
2026-02-12 17:51:19,2148.2413793103447,1520.4137931034481,1613.7241379310344,1664.4827586206895,1653.7241379310344,1621.8620689655172
2026-02-12 17:51:49,29324.264680528253,9284.162615082238,9326.368056273921,9331.023068170061,9336.298748319023,9360.91858901417
2026-02-12 17:52:19,43443.823711980134,1588.1784950686254,1660.3903717497758,1675.287950893165,1691.633905786606,1700.6000413821641
2026-02-12 17:52:49,43735.862068965514,2639.862068965517,2624.4137931034484,2640.3793103448274,2602,2614.0689655172414
2026-02-12 17:53:19,43418.77306114003,1599.1241077278526,1594.7446463671158,1640.4703610469323,1662.4021517983376,1602.4000827614743
2026-02-12 17:53:49,43755.275862068964,1861.9310344827586,1782.9655172413793,1840.8620689655172,1878,1840.6206896551723
2026-02-12 17:54:19,44691.93103448276,6605.241379310345,6542.9655172413795,6428.9655172413795,6572.3448275862065,6473.0344827586205
2026-02-12 17:54:49,43761.84564452721,1588.0405545210015,1673.6326643216773,1691.737361197324,1643.216773570591,1650.9414442375337
2026-02-12 17:55:19,43574.039588937165,2477.4122353265743,2401.4069935857647,2456.10042071867,2461.066280433133,2426.5121732533275
2026-02-12 17:55:49,43748.146615633945,1637.2883693665738,1773.8698665563259,1762.8702458535913,1763.6633219544156,1774.6974242267509
2026-02-12 17:56:19,43191.93103448276,1307.7586206896551,1276.7586206896551,1227.3103448275863,1238.4827586206895,1226.6896551724137
2026-02-12 17:56:49,17919.790337597846,1803.6484016690229,1956.3433221835232,1842.7187144384286,1883.4442566985065,1864.271181764888
2026-02-12 17:57:19,3350.2861871595064,1316.771257154679,1566.305772015723,1515.2058478725605,1518.309082132267,1604.9237983587338
2026-02-12 17:57:49,43186.83402875961,8635.29776888858,8363.805648470636,8275.906065726404,8447.187834063243,8303.941515224662
2026-02-12 17:58:19,45222.49810331748,1612.973308504035,1560.590385543831,1634.802400165529,1628.6640457962621,1666.528726119043
2026-02-12 17:58:49,43971.58424718947,2059.797227394993,1948.755086557694,2160.18346092834,2075.246568728878,2107.110835230016
2026-02-12 17:59:19,44868.48275862069,8323.896551724138,8179.137931034483,8229.172413793103,8366.758620689656,8187.448275862069
2026-02-12 17:59:49,43920.19588908815,2755.9663401848534,2833.528762587943,2711.270520071734,2751.965788384605,2736.9292316181545
2026-02-12 18:00:19,43295.61439801406,1383.8091297752032,1370.9833126465314,1449.7655495793683,1353.1926630809544,1373.2588608467797
2026-02-12 18:00:49,43548.48275862069,1525.9310344827586,1599.4482758620688,1439.5172413793102,1571.9310344827586,1516.551724137931
2026-02-12 18:01:19,43629.66794248474,1773.3871245819107,1724.6991483052307,1884.8660391020996,1837.5918071790625,1822.4888796938035
2026-02-12 18:01:49,43629.91827304389,1494.2239387565087,1608.1933859788267,1602.5725025000859,1608.745129142384,1580.468292010069
2026-02-12 18:02:19,42720.5735014683,4104.854033511832,4002.8329590602866,4011.5391259284847,3893.5912938331317,3964.0697875280703
2026-02-12 18:02:49,16846.241379310344,6202.827586206897,6217.379310344828,6146.482758620689,6244.827586206897,6270.206896551724
2026-02-12 18:03:19,43239.93103448276,1471.344827586207,1521.3793103448277,1559.4137931034481,1552.6206896551723,1538.344827586207
2026-02-12 18:03:49,43723.30080347598,1750.9569295492945,1780.6131245905028,1752.3707714059103,1801.0276216421253,1796.2688368564432
2026-02-12 18:04:19,43996.965621875104,2874.1077893865727,2895.5553256784247,2859.349677597324,2917.278714527085,2924.519844143305
2026-02-12 18:04:49,45071.79557915789,8466.567812683195,8633.745991241076,8489.913445291215,8587.192661815923,8623.124935342597
2026-02-12 18:05:19,43451.739715162585,1462.671126590572,1533.22528363047,1490.6720921411081,1545.0877616469531,1544.467050587951
2026-02-12 18:05:49,43804.937760766865,2789.248646598393,2627.7024930174816,2665.183959173821,2606.7376987000443,2588.9452087859036
2026-02-12 18:06:19,43239.55998482706,7124.93534259802,7253.767371288664,7079.347563709092,7210.110693472187,7296.941273837027
2026-02-12 18:06:49,45391.51724137931,2776.4827586206898,2775.1724137931033,2736.448275862069,2735.793103448276,2705.5862068965516
2026-02-12 18:07:19,43527.8821947098,1551.02251957099,1622.7885643342415,1590.7162809945855,1651.61913301376,1646.446184088009
2026-02-12 18:07:49,29880.827586206895,1752.5172413793102,1810.896551724138,1775.6206896551723,1731.1724137931035,1736.6896551724137
2026-02-12 18:08:19,16979.964135457616,2251.9484102351885,2106.38664735499,2177.2536036968067,2265.19070280709,2226.7052900200015
2026-02-12 18:08:49,43888.76245646701,2993.724354332609,3267.714906382538,3079.3765732216125,3060.5841177890416,3010.241026171511
2026-02-12 18:09:19,44602.76570797986,6742.1546313538865,6670.218635767984,6700.255190013104,6713.2905717635695,6598.937857783295
2026-02-12 18:09:49,42492.53474018137,1806.6273576773212,1725.3542981276505,1773.4216061515117,1729.5265680493774,1620.1510292748524
2026-02-12 18:10:19,42168.86789199627,3584.3304941549704,3516.810924514638,3593.434256353667,3582.951136246077,3684.816717817855
2026-02-12 18:10:49,43423.42839408255,1576.9854132901132,1617.504051863857,1672.023173212869,1648.8844442911823,1676.126762991827
2026-02-12 18:11:19,43368.266777019104,2543.520242775364,2489.9648251603558,2463.4802400165527,2481.6883923029172,2502.3794744465135
2026-02-12 18:11:49,41967.51724137931,1512.8275862068965,1534.6896551724137,1530.0344827586207,1532.6896551724137,1503.1724137931035
2026-02-12 18:12:19,44768.50925893996,2362.3228387185763,2455.601917307493,2421.462809062381,2442.1531776957822,2418.1523500810367
2026-02-12 18:12:49,44546.27905372784,2553.176081109042,2554.6244568590937,2568.0046899786194,2499.3447823987863,2494.5858335057587
2026-02-12 18:13:19,28562.915962619398,5300.66554019104,5310.769336873685,5298.665471223145,5331.149349977584,5308.389944480843
2026-02-12 18:13:49,3951.6206896551716,1780.6551724137928,1853.7241379310342,1995.2758620689651,1988.2758620689651,1966.3448275862065
2026-02-12 18:14:19,43523.449893096076,2634.4230636595626,2525.208635078281,2496.172149803435,2529.5537623284363,2520.449686185254
2026-02-12 18:14:49,44108.237646977694,3696.769076928382,3711.596151856833,3780.8006620461365,3774.4215716699428,3715.1822350953416
2026-02-12 18:15:19,43379.57311816834,2456.6049446570805,2487.8452467156303,2519.913106444605,2472.1216509775522,2468.6045308782454
2026-02-12 18:15:49,44288.03448275862,5202.206896551724,5093.103448275862,4602.9655172413795,5188.137931034483,5022.689655172414
2026-02-12 18:16:19,43506.55172413793,2000.103448275862,2036.4827586206895,2663.4137931034484,2081.448275862069,2083.310344827586
2026-02-12 18:16:49,44148.14303941515,3982.344218766164,3981.7924756026064,3932.997689575502,3957.5847443015273,3892.341115210869
2026-02-12 18:17:19,44379.1724137931,5012.103448275862,4159.551724137931,5002.275862068966,5012.068965517241,5010
2026-02-12 18:17:49,44485.41379310345,5604.172413793103,6385.551724137931,5579.896551724138,5598.620689655172,5612.137931034483
2026-02-12 18:18:19,44254.096946696576,3602.2425392444375,3552.1131619803355,3534.517854062447,3558.599275487322,3551.5611523201665
2026-02-12 18:18:49,42161.86008003312,1924.9344556368153,2022.423071615841,1972.0229060300815,2064.716434386643,1975.5071063888506
2026-02-12 18:19:19,1766.1907717773643,1433.4436857714327,1381.8194358231603,1464.0320022070491,1473.3429891716673,1520.4496861852544
2026-02-12 18:19:49,33357.77095761922,7866.167798889615,7748.818924790509,7699.403427704403,7765.578123383564,7665.367771302457
2026-02-12 18:20:19,43953.23815435548,3555.8314366508043,3582.695358300573,3622.3877508793717,3643.699565487276,3641.561486999104
2026-02-12 18:20:49,44015.862068965514,2664.7241379310344,2863.4827586206898,2834.793103448276,2801.1724137931033,2766.0689655172414
2026-02-12 18:21:19,43344.046346425734,1447.463705645022,1382.9442394565328,1339.7013690127244,1367.426462981482,1318.045449843098
2026-02-12 18:21:49,42082.005655562454,1616.870128974412,1680.3227808814402,1652.9760673149872,1622.9395130698667,1669.0116559762741
2026-02-12 18:22:19,44912.85906410565,1382.4269802406977,1367.5643987723713,1379.9096520569674,1416.7385082244214,1406.8071312803888
2026-02-12 18:22:49,43783.40632435601,1597.848201662126,1844.822235249491,1904.5139487568533,1877.5819855857096,1896.34125314666
2026-02-12 18:23:19,44308.19626909417,7275.0249991379615,7013.7581462708185,6965.139133133341,7033.412640943417,6931.829936898728
2026-02-12 18:23:49,44016.622409214746,2776.873469669276,2857.399041280132,2838.879884125944,2829.3271717763905,2820.222781667069
2026-02-12 18:24:19,43332.55172413793,1424.4137931034481,1380.896551724138,1358.1379310344828,1406,1402.896551724138
2026-02-12 18:24:49,13894.068965517241,1892.0344827586207,1795.3793103448277,1881.4827586206895,1861.4482758620688,1864.4827586206895
2026-02-12 18:25:19,36447.379310344826,8173.137931034483,8302.965517241379,8208.206896551725,8330.689655172413,8200.068965517241
2026-02-12 18:25:49,43652.33283906341,1674.4370495534326,1590.2962171109345,1633.6770233456323,1635.7115762612502,1621.9869650677608
2026-02-12 18:26:19,43454.05013965998,1633.745991241077,1754.7846477464739,1631.7114383254593,1712.5418117866132,1671.7817855788128
2026-02-12 18:26:49,43705.58620689655,1750.896551724138,1752.551724137931,1747.344827586207,1767.0344827586207,1747.4482758620688
2026-02-12 18:27:19,43601.84833959791,2489.637573709438,2439.46342977344,2432.6356081244176,2463.4642573881856,2440.4979482051103
2026-02-12 18:27:49,44926.88898851605,8583.094802910646,8636.9624443908,8632.513708314653,8639.514432527503,8520.605579887575
2026-02-12 18:28:19,43433.15286734025,1699.0241042794576,1766.129866547122,1667.0919686885752,1740.0600020690367,1676.5405703644951
2026-02-12 18:28:49,43643.03448275862,1648.7586206896551,1667.6206896551723,1662.5862068965516,1669.0344827586207,1752.7586206896551
2026-02-12 18:29:19,43783.0884888613,3361.955996965308,3089.316504586523,3384.3023656803916,3102.0070349679286,3073.59128215739
2026-02-12 18:29:49,44950.862068965514,7727.724137931034,7923.482758620689,7651.896551724138,7980.275862068966,7991.448275862069
2026-02-12 18:30:19,11507.413793103447,1688.896551724138,1588.4137931034481,1704,1708.8275862068965,1546.7586206896551
2026-02-12 18:30:49,42729.59271648791,5323.44725316412,5672.310928716764,5203.26240645584,5502.017450081043,5297.3755905783355
2026-02-12 18:31:19,44993.172649218985,8526.223233681596,8457.018723492292,8442.605427399054,8584.53156787697,8783.766077031825
2026-02-12 18:31:49,43304.45877444049,1544.9153419083414,1482.7063002172486,1516.98334425325,1471.843856684713,1508.2589054794992
2026-02-12 18:32:19,43754.57774406013,2517.741991103141,2614.7453360460704,2517.4661195213625,2567.2609400324145,2566.4333252870783
2026-02-12 18:32:49,42463.73762803048,1724.59219919302,1760.6648963685898,1821.6712073662793,1791.4956719660654,1781.5636100286235
2026-02-12 18:33:19,44686.73701634596,2048.7274984481687,2259.3971998068832,2327.3329195116903,2249.120629008897,2274.3637492240846
2026-02-12 18:33:49,43832.712600869025,2953.7209462721567,2837.3680943513345,2768.6392164976896,2812.676736326643,2734.326505276226
2026-02-12 18:34:19,44640.35720419029,8246.573930963423,8089.987978705136,8085.454233213121,8108.4664262407705,8006.731925124507
2026-02-12 18:34:49,43494.08641081343,1673.7698700044828,1814.006413571946,1859.694493293335,1864.9012103030932,1821.3165063273682
2026-02-12 18:35:19,42086.137931034486,1362.7241379310344,1315.0689655172414,1350.9655172413793,1328.8275862068965,1323.8620689655172
2026-02-12 18:35:49,2017.7924899141406,1583.2902313713319,1662.8736940105512,1654.7360435847038,1626.9094169166578,1656.4256404951552
2026-02-12 18:36:19,1869.3748060277937,1357.874409462395,1321.2869409289974,1288.5961584882236,1319.4248077519912,1321.4938446153315
2026-02-12 18:36:49,2099.096614026619,1731.2599131094407,1700.7102958416663,1736.4664505896146,1722.0881318529757,1759.3959037307773
2026-02-12 18:37:19,23329.298989690007,2548.015585669459,2576.255991172718,2625.0818937278023,2621.5647736284955,2616.8063170235505
2026-02-12 18:37:49,23314.47191476156,982.6902520602739,1011.1375469811387,1050.4120547567327,1052.3085410847902,1042.791627874901
2026-02-12 18:38:19,22969.48275862069,591.2758620689655,650.4827586206897,685.7241379310344,666.6896551724138,651.7931034482758
2026-02-12 18:38:49,21885.099486189174,1029.0010000344837,1048.3809786544361,1032.621814545329,1059.6227456119175,1043.9670333459774
2026-02-12 18:39:19,22999.48275862069,801.3103448275862,758.1724137931035,798.6896551724138,788.1379310344828,786.4827586206897
2026-02-12 18:39:49,43628.41379310345,1669.5172413793102,1708.655172413793,1701.0689655172414,1665.4482758620688,1572.9655172413793
2026-02-12 18:40:19,43282.093720906174,1290.7830764456396,1316.2304748112133,1318.920037240095,1299.2655425674975,1377.1249267266644
2026-02-12 18:40:49,45507.41379310345,10288.620689655172,10373.034482758621,10294.413793103447,10518.758620689656,10462.551724137931
2026-02-12 18:41:19,43184.82121306162,1339.8848315575326,1348.9879659322094,1365.297748353505,1329.1265818420056,1345.884624668115
2026-02-12 18:41:49,43431.43339884832,1462.3633667804559,1493.9140029654152,1508.2583359194512,1512.1547532843697,1521.2578876590464
2026-02-12 18:42:19,10974.309458946858,1395.3239766888512,1514.6384358081311,1523.4318424773267,1481.6372978378563,1514.7418876512982
2026-02-12 18:42:49,24637.492240844196,1817.7460514518243,1884.0609697220498,1844.5754879646872,1897.0963514725154,1850.265535554176
2026-02-12 18:43:19,43559.67035619461,1601.9102789558979,1757.4566394262265,1574.221578566256,1671.7354573980206,1648.0121375124993
2026-02-12 18:43:49,45234.02641288231,9400.67583876418,9436.778042136477,9294.196751836142,9477.811109961724,9370.918244198474
2026-02-12 18:44:19,43960.862068965514,2160.103448275862,2111.103448275862,2055.3793103448274,2249.5862068965516,2373.793103448276
2026-02-12 18:44:49,43996.1381973657,3269.740017929798,2972.174332804634,3194.848631128888,3149.713812840494,2987.5870629611754
2026-02-12 18:45:19,43308.13532434389,1777.2183329309928,1935.8209469945166,1806.8076007862883,1747.7670103803841,1941.9939993792461
2026-02-12 18:45:49,44783.10344827586,7552.9655172413795,7526.068965517241,7525.0344827586205,7617.586206896552,7527.448275862069
2026-02-12 18:46:19,43341.74683631599,1371.1251336160824,1343.712285783249,1363.780559291059,1358.711768559705,1375.6077376642186
2026-02-12 18:46:49,43784.628116271844,1866.0046205303263,1942.3123340574462,1942.5192234750523,1937.1056170476877,1867.245957035964
2026-02-12 18:47:19,43510.55172413793,1566.6206896551723,1564.9655172413793,1648.9655172413793,1619.7931034482758,1555.655172413793
2026-02-12 18:47:49,21107.30664459846,2591.7726974931898,2571.7044239853794,2593.1174787076307,2600.806868728664,2738.1124788800385
2026-02-12 18:48:19,40691.41379310345,9786.068965517241,9617.689655172413,9530.965517241379,9760.620689655172,9683.862068965516
2026-02-12 18:48:49,43543.51724137931,1619.2068965517242,1739.9655172413793,1712.2413793103449,1687.8620689655172,1654.551724137931
2026-02-12 18:49:19,43563.89214536929,1472.1398524239708,1523.722501896421,1567.064340390318,1548.8586994000414,1526.3085304461763
2026-02-12 18:49:49,44082.65802269043,3630.366564364288,3768.6471947308523,3780.371736956446,3769.3713576330215,3791.5100520707606
2026-02-12 18:50:19,44494.61697722567,6617.253278122843,6649.137336093858,6794.755003450656,6719.461697722567,6665.5624568668045
2026-02-12 18:50:49,43936.37210586246,2638.8323384286255,2494.5308995548808,2530.5890065905246,2489.631137641903,2553.0519995859354
2026-02-12 18:51:19,43335.60935236913,1470.6531484929994,1546.4514794123731,1490.0337954341678,1526.381129733085,1503.4140285536932
2026-02-12 18:51:49,41158.03448275862,3401.655172413793,3482.206896551724,3594.5172413793102,3438.551724137931,3511.655172413793
2026-02-12 18:52:19,42327.2175472479,3778.8315629742033,3703.614291626431,3642.088563939854,3644.8475651814047,3626.4312318940547
2026-02-12 18:52:49,46232.61506636786,7779.038096879848,7906.360972246164,7850.749870711946,7839.062230649887,7790.79469057059
2026-02-12 18:53:19,6214.317735094312,1307.4243939446185,1258.595123969792,1280.320011034863,1251.9742060071035,1268.7334046001583
2026-02-12 18:53:49,2244.129512775421,1633.495396710458,1703.0447225957723,1699.4241577876624,1740.9744491569254,1720.2855073962965
2026-02-12 18:54:19,1640.6896551724137,1323.1724137931035,1289.344827586207,1324.4137931034484,1324,1309.3103448275863
2026-02-12 18:54:49,2116.4827586206898,1747.103448275862,1704.3103448275863,1748.4482758620688,1733.103448275862,1724.8275862068965
2026-02-12 18:55:19,38534.42984724665,5812.316816661495,5804.006758387643,5876.555980828248,5846.212199579325,5792.696803558499
2026-02-12 18:55:49,44537.10344827586,5837.137931034483,5857.9655172413795,5725.758620689655,5765.586206896552,5775.724137931034
2026-02-12 18:56:19,43432.01958553154,1479.2938174545707,1494.6725974966382,1524.9129340367574,1545.6018757973864,1491.3968483845385
2026-02-12 18:56:49,42064.89878961343,1727.5423290458289,1748.4740853132864,1743.1980413117692,1778.9578950998307,1727.3009414117726
2026-02-12 18:57:19,45149.793103448275,1517.3103448275863,1399.9310344827586,1510.0689655172414,1500.9655172413793,1510.2068965517242
2026-02-12 18:57:49,45136.10344827586,8850.103448275862,8906.689655172413,8842.379310344828,8846.896551724138,8790.068965517241
2026-02-12 18:58:19,43562.98058687631,2388.6762525430154,2392.0554463639182,2449.087962484052,2414.744319161408,2408.5376366332193
2026-02-12 18:58:49,43526.82943651287,1654.7348092971931,1594.5237602593286,1610.2144975515555,1609.6282502241536,1612.111180081385
2026-02-12 18:59:19,43487.8275862069,1394.551724137931,1464.6896551724137,1472.1379310344828,1480.6206896551723,1557.2413793103449
2026-02-12 18:59:49,44317.51724137931,4049.689655172414,3236.310344827586,3949.344827586207,3956.4827586206898,3945.2413793103447
2026-02-12 19:00:19,9098,4163,4943.413793103448,4205.310344827586,4251.0344827586205,4253.310344827586
2026-02-12 19:00:49,42661.505569157554,5936.3771164522905,5929.790682437325,5994.172212834925,5913.92806648505,5862.133177006102
2026-02-12 19:01:19,44804.02772509396,1236.8702369047207,1234.5942963550465,1222.38697886134,1231.2838373737025,1233.9735852960446
2026-02-12 19:01:49,43727.1974895686,1735.9564122900788,1734.4736025380182,1717.8178557881304,1746.474016345391,1780.4062209041688
2026-02-12 19:02:19,43531.052794923955,1636.6771267974755,1680.0579330321732,1679.5061898686158,1716.2660781406253,1698.1275216386769
2026-02-12 19:02:49,44729.63001275818,6270.783766077031,5556.739422778524,6179.6144960518595,6182.476466328747,6098.962104755008
2026-02-12 19:03:19,44250.88790041722,6069.997586290127,6534.56777352505,6022.757835936691,6025.309472087169,5983.379883452294
2026-02-12 19:03:49,43670.32171304437,1720.9751387883175,1753.1119616564945,1801.2137512499567,1798.2138546946655,1755.4567083893658
2026-02-12 19:04:19,43310.42449739645,1334.4253250112072,1369.288596158488,1369.702403531156,1382.3235283975307,1413.014241870409
2026-02-12 19:04:49,44155.97627422582,3967.3425753500246,3994.344437547418,4027.6225946617014,3924.546520449687,3975.239671701497
2026-02-12 19:05:19,43743.24137931035,6292.758620689655,6383.379310344828,6381.517241379311,6315.931034482758,6346.551724137931
2026-02-12 19:05:49,2018.9661712472841,1707.5071554191522,1733.61150384496,1789.9582744232557,1721.783509776199,1804.2001448325802
2026-02-12 19:06:19,2049.054781288809,1520.0082792879812,1500.9314198978889,1473.0233199944805,1519.5943148889196,1531.3923002621775
2026-02-12 19:06:49,1949.9827526733357,1576.6126250431184,1496.4125560538116,1541.9454984477406,1575.4398068299413,1537.7026560883064
2026-02-12 19:07:19,1851.5810890030689,1304.9415497086104,1420.497258526156,1340.5289837580603,1317.1488672023172,1301.7690265181557
2026-02-12 19:07:49,2271.8871763042657,1742.0088962449572,1815.9373814696046,1781.8006275645669,1854.9705182579912,1851.1775456018759
2026-02-12 19:08:19,26418.862068965518,10576.344827586207,10600.137931034482,10404.103448275862,10866.068965517241,10610.758620689656
2026-02-12 19:08:49,43701.920755888124,1860.7883030449323,1943.9980688989274,1840.0289665160865,1903.3070105865718,1982.6200903479428
2026-02-12 19:09:19,41881.09524794814,1641.7339126836337,1675.7707428098493,1659.2178770949724,1664.1837368094355,1683.2195323815438
2026-02-12 19:09:49,45161.76419876547,1641.366943687713,1607.1243835994342,1716.024690506569,1688.6789199627572,1700.196558502017
2026-02-12 19:10:19,45125.0732783889,9996.241249698263,10029.138935825373,9745.198110279664,10303.458739956548,10070.485189144452
2026-02-12 19:10:49,43759.500655217606,1855.0934547210156,1959.03165735568,1998.1378026070768,1934.5472101524247,1923.7878474377546
2026-02-12 19:11:19,43148.44315713252,1241.3365056377368,1243.6122892314058,1229.5438088341782,1223.5440157235957,1228.9231405813593
2026-02-12 19:11:49,43651.94303644702,1966.1735802213714,1966.621840626185,1905.9687596979413,1856.9014861556495,1885.038446950105
2026-02-12 19:12:19,41887.62456467018,1343.5398779352433,1383.262646115651,1346.022550946519,1364.642598531085,1348.0914451225817
2026-02-12 19:12:49,45139.41379310345,2768.310344827586,2779.3793103448274,2767.344827586207,2760.551724137931,2753.103448275862
2026-02-12 19:13:19,20631.560797296366,1486.7577074280985,1462.928477826057,1467.411545623836,1490.3786468032279,1478.722670529002
2026-02-12 19:13:49,1840.764111582359,1487.4659494500188,1528.2231647184578,1479.2248543153682,1470.7079066239094,1550.1534429847245
2026-02-12 19:14:19,16179.752422330266,4499.844832936796,4748.9396917347685,4746.04323988828,4752.318885555671,4515.568428674874
2026-02-12 19:14:49,45802.19325470722,6078.695082419477,5416.166632181529,5640.699358576453,5602.662252569143,5985.309331678047
2026-02-12 19:15:19,43206.65517241379,1357.7241379310344,1375.103448275862,1319.5862068965516,1376.344827586207,1376.2758620689656
2026-02-12 19:15:49,43478.620689655174,1600.1724137931035,1651.1724137931035,1617.2758620689656,1609.2413793103449,1639.0344827586207
2026-02-12 19:16:19,44211.48275862069,2179.7241379310344,2382.2758620689656,2381.862068965517,2375.448275862069,2343.5862068965516
2026-02-12 19:16:49,7720.463480240018,1801.9518587488797,1534.4161666321818,1622.0773846472173,1598.7309469618597,1621.2842264983794
2026-02-12 19:17:19,1500.8793406669192,1547.9844132556293,1442.1531776957825,1573.4335666747127,1527.087140935894,1531.6390220352423
2026-02-12 19:17:49,1636.652067455254,1639.273028244301,1625.6164430803185,1670.069317515605,1646.446184088009,1670.37969445115
2026-02-12 19:18:19,1353.8620689655172,1397.3793103448277,1373.3793103448277,1350.4827586206895,1368,1378.344827586207
2026-02-12 19:18:49,1629.9310344827586,1678.6896551724137,1662.551724137931,1718.0344827586207,1695.0344827586207,1719.1724137931035
2026-02-12 19:19:19,1332.1838684092554,1304.596710231387,1317.7006103658746,1334.1839373771506,1357.6330218283388,1345.8395117073
2026-02-12 19:19:49,3283.009758957205,2606.158833063209,2634.159798613745,2638.056484706369,2581.9511017621294,2634.4356701955235
2026-02-12 19:20:19,5430.758620689655,3473.0344827586205,3456.689655172414,3434.2758620689656,3383.1724137931033,3396.8965517241377
2026-02-12 19:20:49,4695.575709507224,1505.8105451912134,1567.3643918755818,1611.9521362805613,1632.1252456981274,1589.1582468360975
2026-02-12 19:21:19,4615.846090194455,1523.3760860570956,1597.2969245621293,1587.3672596883189,1582.4024272514134,1536.47772721004
2026-02-12 19:21:49,4789.372047311976,1649.9189627228523,1668.1264871202452,1617.4695679161348,1621.5731576950927,1652.4018069588603
2026-02-12 19:22:19,4474.734636391741,1316.99357631136,1284.0507024835972,1285.974373947992,1195.9740304352306,1289.2720964583834
2026-02-12 19:22:49,5076.689655172414,1888.3793103448277,1978.6896551724137,1972.5862068965516,2078.4137931034484,2028.6206896551723
2026-02-12 19:23:19,4310.530308254603,1398.0759947589822,1365.6989173160473,1339.4248672505346,1383.490793738363,1390.1110268257362
2026-02-12 19:23:49,5540.652368802152,3193.159092476381,3230.053099786222,3230.018619405558,3274.3259085580307,3248.6725053444593
2026-02-12 19:24:19,4937.6228405917045,2285.817730423089,2257.9911037550432,2344.263990896866,2312.8167994207097,2309.5065687390093
2026-02-12 19:24:49,6256.448275862069,3478.9310344827586,3464.6206896551726,3499.4827586206898,3404.8965517241377,3460.344827586207
2026-02-12 19:25:19,6329.252732852856,2204.8691334183936,2299.9413772888715,2209.3175626745747,2226.9043760129657,2207.662333183903
2026-02-12 19:25:49,6960.172413793103,1541.2758620689656,1506.4827586206895,1535.0689655172414,1455.103448275862,1517.1724137931035
2026-02-12 19:26:19,7147.226149019068,1693.5489432127713,1713.6847912284939,1679.6883081060582,1689.273523428611,1731.2002206668278
2026-02-12 19:26:49,6726.009447950069,1790.731354091238,1902.6930105858416,1836.7297679390363,1878.5559118651079,1927.8645563946068
2026-02-12 19:27:19,6667.9081315952835,1289.3647837781918,1243.8444030622804,1277.67432236706,1220.9807572936068,1252.6381129733088
2026-02-12 19:27:49,6705.103448275862,1550.896551724138,1585.896551724138,1536.5172413793102,1517.9310344827586,1466.4137931034481
2026-02-12 19:28:19,7072.480259301403,3055.8256611840966,2961.8289024516394,3008.5169476914584,3046.998379366228,3077.1352711975446
2026-02-12 19:28:49,7101.686148753491,2654.184338471087,2625.1853384366054,2633.667804558463,2693.9760697906963,2705.9756560118612
2026-02-12 19:29:19,6760.188952486035,1555.5478932487415,1657.9891041997105,1606.1650920626164,1621.6812633611476,1603.0618578029103
2026-02-12 19:29:49,9492.327850763768,5160.028964518466,5140.6503224026765,5196.200131029965,5154.167097686287,5060.791007206649
2026-02-12 19:30:19,10925.071549256923,1540.7744560532396,1524.7060446191513,1510.7754905003278,1509.5341539946899,1543.877797317334
2026-02-12 19:30:49,11586.752637749121,1816.9091786773326,1875.4568650437902,1807.9097993241846,1835.6665057582236,1863.1818495276189
2026-02-12 19:31:19,11333.241379310344,1445.1724137931035,1518.9655172413793,1549.1724137931035,1524.551724137931,1494.7586206896551
2026-02-12 19:31:49,11702.275862068966,3560.655172413793,3600.8275862068963,3647.206896551724,3608.689655172414,3530.965517241379
2026-02-12 19:32:19,10841.591669252783,1442.1916485638424,1460.6048067308022,1351.815454639495,1402.7792145098442,1430.2955070514809
2026-02-12 19:32:49,10650.736181510982,1664.839143477811,1722.2509568635562,1682.5971518223507,1680.4937760766868,1683.8040067583875
2026-02-12 19:33:19,11029.207903720817,1502.2586985758128,1452.1190385875373,1472.1886961619364,1515.0867271285215,1507.224387047829
2026-02-12 19:33:49,11373.0993345516,1772.8510843705826,1880.150329276282,1847.4985346343483,1860.9798986311764,1888.7011688446025
2026-02-12 19:34:19,10913.655172413793,3671.0344827586205,3794.206896551724,3725.655172413793,3683.103448275862,3696.344827586207
2026-02-12 19:34:49,14456.846315644289,4357.5049136236685,4364.746043239888,4468.08730733423,4360.056549774146,4327.161132374746
2026-02-12 19:35:19,18725.28533498845,1299.6793214027105,1269.8872452674048,1305.4722250956866,1276.7145960484122,1308.5755663597809
2026-02-12 19:35:49,20238.51724137931,1625.103448275862,1693.655172413793,1650.5172413793102,1658.9655172413793,1669.2413793103449
2026-02-12 19:36:19,18339.689655172413,1324.3103448275863,1404.7241379310344,1415.7586206896551,1379.0344827586207,1372.6206896551723
2026-02-12 19:36:49,18626.392193372645,1785.5591186510812,1799.8344884659152,1738.905554980863,1765.7322161304785,1734.2850246543223
2026-02-12 19:37:19,19053.653322299233,1381.676493914003,1390.5727388710736,1402.9861039274508,1381.8833833316094,1383.3316092548534
2026-02-12 19:37:49,19773.36368025381,1568.0391751155253,1628.7330160700737,1640.9062693978894,1609.7661907717772,1633.7678460583488
2026-02-12 19:38:19,17481.853520932953,1380.852454504799,1337.713715642093,1378.5819945646565,1400.2545667205613,1397.5712958822114
2026-02-12 19:38:49,19270.16309782421,2666.6666666666665,2700.5965311540976,2574.911209958277,2660.184131581669,2618.3235060859965
2026-02-12 19:39:19,17985.10396193235,2123.581945450157,1980.9661735802215,2154.9601737871108,2126.892176131858,1987.3107823868145
2026-02-12 19:39:49,21784.398924063727,4637.561211118008,4794.813435409338,4669.873784398924,4652.941582178081,4816.194220291054
2026-02-12 19:40:19,31606.591285162718,1507.9977937120796,1563.1205184776616,1450.9790402647548,1513.5824600110316,1454.7710976282408
2026-02-12 19:40:49,28077.549050032754,1548.7052170614804,1551.877521464777,1522.9474845694974,1539.3262301299953,1530.429985172925
2026-02-12 19:41:19,28283.315519084237,1343.0334792952456,1381.8570492707652,1361.9280764058892,1372.5476674826743,1377.3747543357586
2026-02-12 19:41:49,29847.010550996485,1504.103165298945,1513.2059857940833,1515.8609751051652,1513.7576718846976,1565.0644783118407
2026-02-12 19:42:19,32032.209117870196,1390.9924822401545,1380.0951789778605,1382.0953169184081,1382.302227739844,1366.9908269535829
2026-02-12 19:42:49,26861.802634301082,1904.3514240397215,1875.9051099924143,1848.113923177712,2063.9266257499485,2037.169850355148
2026-02-12 19:43:19,31771.51724137931,1307.5862068965516,1465.9655172413793,1376.8275862068965,1377.103448275862,1331.9310344827586
2026-02-12 19:43:49,29577.88580885395,3227.485864018756,3270.100675768859,3338.056819749,3319.6800441318437,3321.817680319956
2026-02-12 19:44:19,29826.224873288975,1458.1250215494952,1543.6334172327004,1484.4671240906116,1516.187980553736,1488.6735854911562
2026-02-12 19:44:49,41969.85687187446,4569.132609070529,4686.463183307466,4636.213140196585,4742.679772374548,4589.411967580617
2026-02-12 19:45:19,60380.757032542744,1635.3764478764479,1695.0496414782128,1631.6188637617208,1736.003861003861,1719.6635410921124
2026-02-12 19:45:49,63637.8055929106,2335.402227509396,2329.7127685252235,2338.4366056342888,2321.7820075169825,2311.7133891934764
2026-02-12 19:46:19,66662.06848984378,2792.9785839914475,2796.151325999241,2904.9211987446974,2831.051488084974,2829.809980342794
2026-02-12 19:46:49,65297.51068818094,1705.4199420769548,1651.875603365053,1716.4873810508896,1693.214729002896,1690.2496207419665
2026-02-12 19:47:19,55209.268645908756,1380.5730836867692,1444.3984690183095,1386.7108030757558,1419.0545153615392,1404.9170718251094
2026-02-12 19:47:49,57361.8151098238,2165.9253129202443,2172.2699217268373,2134.5126030136894,2162.201303403331,2159.0979621392366
2026-02-12 19:48:19,60951.16985299192,1778.9702532956037,1814.8250396852786,1867.0715715370281,1838.2911173994064,1897.9225619435433
2026-02-12 19:48:49,58218.13353566009,1677.0244171609877,1690.0951855428336,1679.0936680921507,1671.3339771002898,1642.2265140019313
2026-02-12 19:49:19,59114.24531880409,2615.2970792096276,2627.7113003896684,2656.3329769992065,2625.642263526328,2670.678299251698
2026-02-12 19:49:49,42149.753456777355,10928.62315092583,6046.101858556602,5989.034860866867,7001.344781214441,14065.7563532292
2026-02-12 19:50:19,9670.149665494171,7889.785502448444,5682.702255327954,5844.023725774191,5892.682253948548,8014.656183185047
2026-02-12 19:50:49,7889.946214315267,4972.796855606123,5007.998896703903,5038.85670941939,4928.768445731623,5118.362984415942
2026-02-12 19:51:19,7219.689655172414,4001.862068965517,4008.2758620689656,4031.448275862069,3875.9310344827586,3846.5862068965516
2026-02-12 19:51:49,7828.62659908279,4601.151684424674,4430.261025481879,4599.979311058239,4496.534602255094,4847.246646667356
2026-02-12 19:52:19,7221.819937243543,4607.25492224406,4922.278542119237,4902.106823902624,4699.079342091652,4851.143064032274
2026-02-12 19:52:49,5423.778490396882,2626.0473776766316,2370.8837626288746,2337.1952691286506,2310.8168683838485,2332.1264783972965
2026-02-12 19:53:19,4619.806213578841,1231.4058135926346,1229.543808834178,1256.2325437053894,1247.5431881659251,1253.3360918589012
2026-02-12 19:53:49,4723.896551724138,1680.4137931034481,1640.8275862068965,1658.103448275862,1632.9655172413793,1673.5862068965516
2026-02-12 19:54:19,4450.770238136264,1333.28738325809,1387.4625219698796,1343.005824172037,1359.3410759210117,1359.1343005824172
2026-02-12 19:54:49,4486.902874474392,1522.988901909423,1500.861652995106,1572.3788515888882,1534.707382642862,1574.550217136555
2026-02-12 19:55:19,6393.421143369423,3983.9321426108545,4076.2016412661196,4149.437969795186,4088.407696020964,4089.6489897248466
2026-02-12 19:55:49,7038.550394813971,1706.9066583910896,1646.5639115892554,1721.8371780283437,1675.3905037757318,1712.6305989448638
2026-02-12 19:56:19,6848.389766223019,1752.8446314047308,1838.2870146886423,1795.5313426660232,1830.0117233294256,1842.21777808427
2026-02-12 19:56:49,6961.968140128267,1713.812840493759,1741.9488311150956,1687.2629473829393,1710.9164885180332,1690.0213778360114
2026-02-12 19:57:19,6963.381835735467,1949.451761947452,1959.726915385146,2087.269843459072,1995.9313150817186,2023.6535411350942
2026-02-12 19:57:49,7025.722363974898,1692.9177298117372,1652.368802151576,1745.500310323426,1726.984345907179,1742.9142817736708
2026-02-12 19:58:19,6885.86600462053,1672.3561256508394,1662.011654770525,1612.1513051274092,1686.0108272128546,1625.1853384366054
2026-02-12 19:58:49,7029.620689655172,1814.1379310344828,1877.5172413793102,1962.8620689655172,1915.3793103448277,1943.7241379310344
2026-02-12 19:59:19,6518.77521464777,1427.7438709010032,1471.6044274335366,1456.2946105306712,1436.2263370228611,1423.8129719664837
2026-02-12 19:59:49,7159.54622254405,2339.229681735112,2368.332126478397,2423.2267852832656,2299.644839833109,2264.5426019792417
2026-02-12 20:00:19,10884.356790676828,4640.209633486192,4687.790918180878,4663.827879874496,4649.450056890667,4728.959073199325
2026-02-12 20:00:49,11241.233060928935,1946.4156408399713,1921.4509844488123,1874.176752525775,1951.9326919761388,1921.1061687528018
2026-02-12 20:01:19,10795.282921278575,1868.625219820006,1948.001793041619,1895.3139546912173,1873.03886072894,1968.3459191062375
2026-02-12 20:01:49,11258.310344827587,2124,2189.655172413793,2092.6206896551726,2247.5862068965516,2190.8965517241377
2026-02-12 20:02:19,11421.729535894077,3509.2752223984553,3401.8343562512932,3434.0045514102476,3497.4829322115716,3481.4840355837528
2026-02-12 20:02:49,11174.103448275862,1537.9310344827586,1565.5862068965516,1559.1379310344828,1540.4137931034481,1431.9310344827586
2026-02-12 20:03:19,11176.494930684874,1885.7852265673494,1939.5130698668872,1887.992275329333,1891.5097592937443,1903.924408579902
2026-02-12 20:03:49,11424.921559838638,1866.9103196221083,1897.665758714616,1849.981036444506,1902.0790952660072,1857.6009378340175
2026-02-12 20:04:19,10229.785179821387,1838.7641805454987,1836.83321264784,1917.4511223750906,1893.6588393503673,1878.1421330298956
2026-02-12 20:04:49,10407.710078962793,2495.569118306265,2521.361332367849,2472.2250956863554,2532.1885452225783,2460.1220647563873
2026-02-12 20:05:19,18154.408468673497,5412.365090858936,5444.088134891901,5363.608151443054,5325.678424881901,5407.468707975588
2026-02-12 20:05:49,30962.139236578045,6259.163477121478,6149.718975207751,6153.132650598254,6148.615564980517,6192.338195234646
2026-02-12 20:06:19,15521.379310344828,2071.310344827586,2105.2413793103447,2156.206896551724,2273.862068965517,2221.103448275862
2026-02-12 20:06:49,19635.507896007173,1782.4287980139302,1803.737673263913,1824.5983035652714,1794.4279704847943,1704.4341769533137
2026-02-12 20:07:19,18294.793103448275,1256.2758620689656,1253.5862068965516,1225.0344827586207,1252.1379310344828,1216.7586206896551
2026-02-12 20:07:49,18876.90079652426,1950.4155029136928,2041.3778835212581,2108.651425812903,2087.6521499258647,2068.41143408848
2026-02-12 20:08:19,19007.241379310344,2326.206896551724,2391.9310344827586,2328.7586206896553,2387.3793103448274,2424.6206896551726
2026-02-12 20:08:49,20169.890693424368,4903.348160408263,5018.5855660149655,4985.793593324369,4906.865280507569,5043.2054067101135
2026-02-12 20:09:19,19210.834856374357,1783.302872512845,1860.0641401427633,1843.9256526087104,1825.0974171523153,1805.4415669505843
2026-02-12 20:09:49,19809.82102831132,1561.0883133901166,1518.3971861098657,1574.2266974723264,1553.6397806820924,1570.1231076933684
2026-02-12 20:10:19,30668.826469067728,5091.09081509564,4625.124935378253,4983.973806651732,5095.019817335861,5067.310012062727
2026-02-12 20:10:49,36349.5225948778,3449.0365723346317,4085.6916342077143,2977.69811450829,3756.2303953672745,3254.765433800972
2026-02-12 20:11:19,33520.55030687539,2762.637059513137,2610.7165023101857,4844.527963588718,3133.0253085994073,2930.349631059927
2026-02-12 20:11:49,34844.14867940142,4165.540307564996,4847.6656782290875,4817.150541341976,4948.348389766224,4642.231570236536
2026-02-12 20:12:19,35409.98586255647,2030.1024102617152,2244.0605496362195,2182.200613771939,2238.2676459432437,2183.2350608599704
2026-02-12 20:12:49,37872.146748500105,2470.174470726157,2547.2036411281983,2493.724570719261,2490.9316598855253,2458.2442590166197
2026-02-12 20:13:19,35209.00720714507,2431.118314424635,2341.5979861374526,2518.0868305803647,2508.4313252181105,2445.739508258905
2026-02-12 20:13:49,33552.04634003379,1512.9124573320003,2032.4449194910874,2053.64962245285,1978.4505051201602,2004.4478157431993
2026-02-12 20:14:19,32051.85849251776,1617.8884214881732,1380.5599613819736,1390.0765464450728,1374.077649817254,1339.8731121991586
2026-02-12 20:14:49,36097.996620806174,1442.536464259853,1393.6415985655665,1425.7439398641425,1420.7441122719904,852.7292162339229
2026-02-12 20:15:19,55451.229183187956,7948.177774712962,6523.738923559633,8108.919766920664,8300.693031755336,9172.913146915838
2026-02-12 20:15:49,64278.93103448276,6050.206896551724,7625,5985.137931034483,6060.758620689655,5978.275862068966
2026-02-12 20:16:19,79560.91169270025,8290.610668597634,7196.131167890761,8313.16161511672,8172.890589979655,8488.19006241164
2026-02-12 20:16:49,94105.78945553601,2934.657425606013,3610.668597634564,2872.9009344505357,2810.86859073825,2811.282369573463
2026-02-12 20:17:19,69645.26584373492,1459.0717881525413,1560.1682642576375,1561.8233225294807,1582.9253154954831,1572.5812012964623
2026-02-12 20:17:49,64854.113509413146,1848.7690504103166,1897.2484656230606,1800.1861940555825,1854.2169505551342,1865.1127508447694
2026-02-12 20:18:19,66200.79310344828,1654.2758620689656,1535.3793103448277,1641.655172413793,1653.103448275862,1484.4827586206895
2026-02-12 20:18:49,61893.90021033758,1779.5248439708978,1800.7654908451434,1703.2860935829801,1838.4883279886901,1748.6293576083585
2026-02-12 20:19:19,66520.80962725423,3243.336436674597,3308.299713802972,3317.0580324816383,3251.6120133788486,3279.197269059687
2026-02-12 20:19:49,67022.55016895387,3651.1275084476933,3405.765119646921,3719.640024825874,3665.816150610303,3683.952830839253
2026-02-12 20:20:19,18781.83510913417,1394.0898589703804,1587.7383538498673,1597.2552670597568,1598.910382400607,1569.7389745181201
2026-02-12 20:20:49,4103.762198696506,3282.595951584537,3174.4542915272937,3263.181489016862,3222.3180109658947,3251.62936652988
2026-02-12 20:21:19,4639.702079238647,2800.903417123547,2863.4185028102474,2932.347160442743,2858.591083066101,2857.7635253956755
2026-02-12 20:21:49,4988.482758620689,1649.896551724138,1538.7586206896551,1557.0344827586207,1493.2413793103449,1524.2068965517242
2026-02-12 20:22:19,4786.290600648232,1581.8909040755811,1631.6805737535342,1660.6440935107923,1619.6814012826703,1657.7477415350666
2026-02-12 20:22:49,4401.0344827586205,1629.7241379310344,1694.4137931034481,1727.344827586207,1619.1724137931035,1692.896551724138
2026-02-12 20:23:19,4733.793103448275,1633.103448275862,1752.9655172413793,1782.8275862068965,1762.7586206896551,1747.655172413793
2026-02-12 20:23:49,5052.651541273016,2143.9211088890424,2094.0624784497622,2052.0998551824014,2076.2016412661196,2116.33680435832
2026-02-12 20:24:19,4828.109375538774,2146.684597082859,2142.546808730733,2082.6178407641114,2125.374987069411,2129.9265542567496
2026-02-12 20:24:49,5291.841941935039,2667.9884145920973,2936.9698641473,2938.8662850837873,2922.281221984691,2886.6974691400596
2026-02-12 20:25:19,4694.161867650608,1708.5761577985445,1538.7427152660434,1499.8448222352492,1524.2594572226626,1489.2927342322148
2026-02-12 20:25:49,6915.448275862069,4325.103448275862,4479.517241379311,4442.793103448275,4443.379310344828,4409.931034482758
2026-02-12 20:26:19,6975.48613984278,1770.7212798234725,1769.1352916839055,1649.082885119294,1783.3402289339401,1782.5127568611226
2026-02-12 20:26:49,7030.513032685147,1490.346159150462,1494.9662115570266,1504.4476623913943,1488.0016549441455,1504.7579644187008
2026-02-12 20:27:19,6762.36121646783,1256.1892283290808,1243.9831735742364,1239.0179987587064,1228.4670022757052,1228.880766843666
2026-02-12 20:27:49,6960.9655172413795,1623.8620689655172,1640,1638.5172413793102,1684.2068965517242,1688.6206896551723
2026-02-12 20:28:19,6869.112475001724,1338.2525343079787,1334.5286531963313,1274.8086338873181,1280.9461416454037,1295.427901524033
2026-02-12 20:28:49,6863.452984379848,1855.3153339540013,1818.3510913416776,1845.3501603392983,1870.832040274473,1898.4862590945138
2026-02-12 20:29:19,6519.1558329597565,1405.082933894272,1462.1193834270146,1434.808096830925,1441.8428221662814,1475.9819304113933
2026-02-12 20:29:49,6749.758620689655,2483.9310344827586,2506.6206896551726,2538.3793103448274,2507.448275862069,2464.344827586207
2026-02-12 20:30:19,6928.901455072064,1716.2954279015241,1853.3894214192126,1860.9406247844977,1818.4263154265225,1810.771670919247
2026-02-12 20:30:49,8999.827580261386,5093.3825304320835,5124.866374702575,5181.902824235318,5147.487844408427,5147.211972826649
2026-02-12 20:31:19,10845.946971003,1854.670206530359,1811.0195497017553,1939.6269351446404,1877.047202013585,1918.284315415647
2026-02-12 20:31:49,10966.696545542301,2365.6484865200305,2443.8736813073156,2354.1336275253398,2392.1257670826726,2391.0914983106945
2026-02-12 20:32:19,9885.797041481326,1250.0258611772006,1305.4032619564841,1301.0585841867521,1330.6437709044515,1307.2652667149407
2026-02-12 20:32:49,11373.36643564015,2702.8033516085648,2754.0429640357224,2882.314402951622,2758.663494362263,2743.9053825730143
2026-02-12 20:33:19,10903.927721645572,2505.5346736094343,2494.9825856064,2400.7379564812577,2476.5681575226727,2436.4288423738744
2026-02-12 20:33:49,10778.440635883995,1529.6389530673468,1583.7097830959685,1552.9156177799232,1488.1892479051,1587.9857926135383
2026-02-12 20:34:19,11521.998482863251,1834.5631335769947,1930.004827253293,2001.9309013171505,1982.4839666229916,1956.0030342734985
2026-02-12 20:34:49,11223.7509051412,2450.9499672425086,2513.465052929209,2445.8811765111545,2530.050687907313,2446.4673631943724
2026-02-12 20:35:19,11516.051170649287,2648.1845453605047,2634.771214785697,2613.9443467466635,2659.149684493638,2617.77180097238
2026-02-12 20:35:49,17612.676299182727,5080.1062105589845,4918.9972068002335,5236.5943653229415,5063.760819338597,5033.070105865719
2026-02-12 20:36:19,19073.75353423902,1232.1908833873526,1253.0859940693745,1262.6025791324737,1269.6365767878078,1225.7775325839598
2026-02-12 20:36:49,18164.41946274009,2377.8750991413494,2334.839132383875,2435.256388151315,2461.395220524845,2447.3257698541324
2026-02-12 20:37:19,19912.140960656532,2590.324471569946,2386.676321506155,2550.9120375159478,2542.326126685287,2521.637184924658
2026-02-12 20:37:49,20247.284389116863,1701.437980620021,1785.0270698989618,1675.195696403324,1743.991172109383,1698.8172005931237
2026-02-12 20:38:19,17901.310344827587,1466.6206896551723,1441.1724137931035,1365.9310344827586,1489.8620689655172,1430
2026-02-12 20:38:49,18284.497620853734,2781.394386594028,2811.3233570098614,2806.9443486656096,2765.7402937728434,2775.73960416523
2026-02-12 20:39:19,18009.551065443764,1799.703468726295,1817.3919040066203,1733.8804220398595,1799.6000275843046,1827.1153713536999
2026-02-12 20:39:49,19379.793103448275,3557.689655172414,3320.7586206896553,3664.7241379310344,3617.7241379310344,3596.2758620689656
2026-02-12 20:40:19,17807.931034482757,2095.1724137931033,2064.344827586207,2069.7241379310344,2093.7241379310344,2070.344827586207
2026-02-12 20:40:49,29042.376387835324,6782.497758775257,6921.522653610096,6865.078270464106,6798.63457692573,6848.217364319702
2026-02-12 20:41:19,36687.1724137931,1735.8620689655172,1712.0689655172414,1781.655172413793,1909.7241379310344,1913.2413793103449
2026-02-12 20:41:49,34373.6555432984,1516.8229453943743,1524.6828461114178,1499.207115278544,1466.9746276889136,1464.3546607832325
2026-02-12 20:42:19,36606.53468088052,1241.4509206700816,1246.4349993077667,1244.150629932161,1223.5913055517096,1252.5266509760486
2026-02-12 20:42:49,34736.19779992413,1797.8206145039483,1920.3420807614052,1959.8606848512015,1904.2035932273525,1849.1672126625053
2026-02-12 20:43:19,35082.968378219935,1627.056105382944,1506.396772302493,1614.9522397324045,1610.4003586330562,1596.7447153350113
2026-02-12 20:43:49,33953.24137931035,5410.9655172413795,5355.241379310345,5441.103448275862,5527.586206896552,5488.551724137931
2026-02-12 20:44:19,36517.13674918971,1205.6065098958693,1245.84511413006,1263.4301082683953,1264.6714019722779,1247.9139369698642
2026-02-12 20:44:49,33662.862068965514,1525.4137931034481,1509.655172413793,1535.0689655172414,1506.4137931034481,1486.4827586206895
2026-02-12 20:45:19,33682.562670252744,3179.2696803558492,3425.537050446536,3513.7753870556185,3392.641633047136,3467.535602220613
2026-02-12 20:45:49,54197.117042554666,5131.940133802332,5402.027726050073,5401.682874681013,5339.195806607353,5335.60935236913
2026-02-12 20:46:19,64299.92069238991,1226.8542464052962,1222.3026792179578,1244.4398469018308,1222.0957898003517,1249.8189717595944
2026-02-12 20:46:49,60338.49443084243,5614.7453360460695,5812.959067554053,5952.61905582951,5930.687265078105,7022.586985758128
2026-02-12 20:47:19,63422,3244,3071.5862068965516,2961.4827586206898,3240.137931034483,2929.2413793103447
2026-02-12 20:47:49,66099.66548263613,1507.6042349208537,1496.0513156533434,1527.916681035969,1580.0944925337103,1546.504810842501
2026-02-12 20:48:19,64760.1806834247,2334.264335712561,2373.6767697665596,2211.027205958415,2336.5401193062307,2319.988965897727
2026-02-12 20:48:49,67860.79310344828,1535.9310344827586,1563.7241379310344,1544,1509.655172413793,1513.7931034482758
2026-02-12 20:49:19,70773.87766360941,3354.803117026412,3449.2103992828083,3459.3476311978484,3389.0076546445075,3453.623888007724
2026-02-12 20:49:49,59126.41379310345,1492.5862068965516,1522.7586206896551,1539.2068965517242,1541.7241379310344,1502.6896551724137
2026-02-12 20:50:19,65852.40361404234,3026.588040554521,3290.0889716532174,3300.5379681357335,3209.3247810193807,3286.157666045934
2026-02-12 20:50:49,33969.69174539687,1604.8548375974071,1579.2014343838357,1590.5799600027585,1629.5427901524033,1583.339080063444
2026-02-12 20:51:19,4149.4879133763225,3112.555605365702,3308.3899444808435,3044.5877444049793,3240.318631676954,3261.8366150556913
2026-02-12 20:51:49,4954.758620689655,3024,2857.655172413793,2886.448275862069,2864.689655172414,2876.8965517241377
2026-02-12 20:52:19,4557.532498879349,1569.4976035309128,1502.29302437847,1482.8454191234787,1535.6711837522846,1484.1557187683184
2026-02-12 20:52:49,4978.860611076626,1985.4817573625767,2048.486102489827,2022.9326160424857,2096.9722049796537,2099.1792537416372
2026-02-12 20:53:19,4713.586206896552,1559.1379310344828,1482.7586206896551,1469.2413793103449,1469.0344827586207,1490.2068965517242
2026-02-12 20:53:49,4633.448275862069,1512.8275862068965,1527.3793103448277,1531,1555.1724137931035,1528.551724137931
2026-02-12 20:54:19,4623,1411.0344827586207,1363.7586206896551,1570.9655172413793,1477.2413793103449,1432.1379310344828
2026-02-12 20:54:49,5069.933445980895,3348.322355943308,3471.9473085278796,3406.565743646332,3357.8399255146724,3346.9429980344144
2026-02-12 20:55:19,4763.922893892892,1867.7885444325664,1876.8233387358182,1872.2024897410254,1929.583778750991,1884.0649677575086
2026-02-12 20:55:49,4890.79686907348,1741.5951174097443,1787.4556049791383,1760.9392779559323,1717.1821661322022,1801.9378642115787
2026-02-12 20:56:19,6591.931034482758,4108.3448275862065,4160.275862068966,4210.551724137931,4145.448275862069,4127.172413793103
2026-02-12 20:56:49,7359.024760328299,2139.2164976894956,2275.1913925098283,2238.671632526381,2226.843230567625,2292.985723153321
2026-02-12 20:57:19,5543.294596365391,1788.0616572985273,1758.612365943653,1809.2348012000411,1779.992413531501,1776.6819545501567
2026-02-12 20:57:49,4843.872836356113,2475.7947727742917,2557.547755327219,2360.0786152679125,2407.971864009379,2440.2455003103237
2026-02-12 20:58:19,6524.380108048206,1366.3942374290068,1377.1297963706886,1367.1561158055133,1394.999307383294,1396.107494112758
2026-02-12 20:58:49,6939.444099593076,1533.8299193047799,1523.0705565901098,1555.6590109662739,1462.4456859093734,1474.722394647907
2026-02-12 20:59:19,6221.678104631514,1253.7159016449978,1268.2001586371005,1222.574749111977,1259.5096044418387,1231.7825981998137
2026-02-12 20:59:49,7358.206896551724,2108.6206896551726,2068.551724137931,2147.7241379310344,2053.7241379310344,2119.5172413793102
2026-02-12 21:00:19,6837.609490309677,2064.9010276570802,2084.3506448720605,2055.107248775778,2030.1400096558386,2064.2802951927724
2026-02-12 21:00:49,7422.595440907679,1951.3742800979412,2019.58823326551,2075.3526226851054,2077.8701244956374,2065.0412111597752
2026-02-12 21:01:19,10878.15980963548,4506.638617788047,4569.0243818326035,4571.783287926337,4466.393075145705,4528.468462254716
2026-02-12 21:01:49,10332.183868409255,1547.6740577261282,1501.5690196213661,1519.1903169074794,1502.8104417393702,1465.4988103038033
2026-02-12 21:02:19,11141.876745870262,1619.5468496741041,1561.3339310963202,1583.5431251508776,1598.8550539711005,1588.7160740766285
2026-02-12 21:02:49,10786.55908416951,1512.775421537188,1519.3614013309884,1571.290645150167,1544.912244405365,1499.9482776455982
2026-02-12 21:03:19,11030.486963719135,1373.9826182921784,1473.3411505035178,1476.5484894468202,1437.232721754725,1430.1972685887708
2026-02-12 21:03:49,10924.551724137931,1893.9310344827586,1853.5172413793102,1821.4827586206895,1876.8275862068965,1844.6206896551723
2026-02-12 21:04:19,10877.737540955337,2521.607173650629,2583.6178651491637,2490.9122262459045,2535.8165200896706,2502.6383859286084
2026-02-12 21:04:49,10962.140542031584,1499.137990483415,1534.0321357147784,1482.7598096682989,1529.4117647058824,1513.27494655541
2026-02-12 21:05:19,10730.041038728144,1234.6794495982342,1246.4737731489463,1253.3020657309376,1262.6133737972893,1196.1237369383039
2026-02-12 21:05:49,11654.64326356081,4296.182626987137,4289.389289285837,4305.148453394944,4293.734266698851,4284.216697127486
2026-02-12 21:06:19,18536.44827586207,4247.275862068966,4346.827586206897,4325.517241379311,4238,4239.241379310345
2026-02-12 21:06:49,18726.783682195935,1735.0253457015756,1690.9548605124312,1714.300493120452,1726.9561019345492,1688.8168557536465
2026-02-12 21:07:19,18935.365937780232,1441.7465682555012,1390.839484031179,1444.0229012899222,1450.0241429261227,1450.0241429261227
2026-02-12 21:07:49,19635.91228796028,1689.8014067025238,1719.0732312784444,1738.4843469866225,1751.8962901668735,1698.110605433733
2026-02-12 21:08:19,18692.53051934616,2709.3937512931925,2722.946410097248,2813.366439064763,2731.0159321332503,2726.2569832402232
2026-02-12 21:08:49,19254.241379310344,2596.8965517241377,2651.7241379310344,2480.448275862069,2616,2581.448275862069
2026-02-12 21:09:19,20570.615623383343,2278.875668218658,2277.978961889981,2217.071908949819,2253.974823245387,2270.736333850664
2026-02-12 21:09:49,19899.46214315267,1753.9649703489174,1673.355399255275,1769.0318576748034,1753.5512343125085,1799.8896703902908
2026-02-12 21:10:19,19368.658826775183,2561.9201986412386,2579.922060902852,2457.909438907473,2393.3510363141013,2538.469496844501
2026-02-12 21:10:49,19769.137931034482,3458.4137931034484,3423.0344827586205,3545.965517241379,3679.2413793103447,3512.2758620689656
2026-02-12 21:11:19,30484.392784465217,4472.941744559032,4487.427999862036,4671.610388714518,4589.038733487394,4613.044527989515
2026-02-12 21:11:49,38389.24901730915,1553.5480311702643,1617.8194607268465,1661.8509068340115,1657.265016205779,1602.5791324736226
2026-02-12 21:12:19,39854.90601827901,3459.4585273322987,3400.517330574237,3826.0389722365926,3793.550612174513,3826.728746335575
2026-02-12 21:12:49,37686.2630163437,2300.427556720226,2094.2003999724157,2024.1707468450452,2113.0266878146335,2036.6871250258603
2026-02-12 21:13:19,34040.70930794176,2633.754226178155,2578.2101704271026,2731.111571103291,2805.561305457807,2692.1962326640446
2026-02-12 21:13:49,35656.81880860453,2468.1811913954775,2537.9895201323775,2426.606453392168,2590.871483728627,2474.5587424158857
2026-02-12 21:14:19,37389.906208128625,1883.8423746865014,1822.2420723537293,1857.491325110798,1853.7121654584807,1803.6211220668567
2026-02-12 21:14:49,36606.05433733278,2128.671907323128,2183.2161081230174,2139.6703902909944,2158.7367259688317,2119.707626534271
2026-02-12 21:15:19,31725.025000862093,2194.2135935721917,2143.729094106693,2173.109417566123,2167.798889616883,2172.6956101934547
2026-02-12 21:15:49,35716.48275862069,1525.0344827586207,1525.5862068965516,1509.6896551724137,1468.8275862068965,1489.5862068965516
2026-02-12 21:16:19,55150.82238543499,4272.68025240509,4353.367125271543,4435.088445226027,4271.921657873867,4255.163615047757
2026-02-12 21:16:49,65641.22900789682,4195.799855167419,4649.6775750887955,4689.437566812648,4578.088899617228,4595.468809269284
2026-02-12 21:17:19,66919.46887394378,5396.240731160545,5480.255216416624,5225.0387997930675,5351.8192791860665,5342.438351439903
2026-02-12 21:17:49,63036.37429320093,3442.4217349331125,3524.1346021238446,3308.1988691215,3478.071990070335,3427.7341056406012
2026-02-12 21:18:19,65096.51724137931,7733.689655172414,7539.0344827586205,7593.448275862069,7846.827586206897,7709.379310344828
2026-02-12 21:18:49,68609.17994344438,4623.801641492518,4955.031381474585,5026.312159459274,4830.540037243949,4895.992827091524
2026-02-12 21:19:19,66741.72413793103,4362.413793103448,4323.931034482758,4446.620689655172,4364.689655172414,4433.379310344828
2026-02-12 21:19:49,63260.8275862069,1491.5172413793102,1524.2758620689656,1483.344827586207,1477.3793103448277,1473.1724137931035
2026-02-12 21:20:19,67984.8275862069,3074.2758620689656,3441.5172413793102,3428.0689655172414,3390.8275862068963,3373.2413793103447
2026-02-12 21:20:49,62522.22490430703,4526.431945929169,4442.911824545673,4408.46236077106,4502.706989896203,4541.0531397634395
2026-02-12 21:21:19,23047.277492327317,5036.001241422117,5340.046208489947,4846.236077106107,5555.226042277319,5544.880857960618
2026-02-12 21:21:49,1856.211854763629,1495.6380814454676,1498.775904279163,1549.0845143270924,1511.740974449157,1463.3978138684874
2026-02-12 21:22:19,4266.018346092834,3355.748672322229,3329.264087178426,3278.7088764742393,3318.918546106628,3363.4733429891717
2026-02-12 21:22:49,5068,2869.137931034483,2951.2413793103447,2809.4137931034484,2863.448275862069,2901.1724137931033
2026-02-12 21:23:19,4102.693196317114,1901.6517810958997,1781.9235146039516,1648.1257974412908,1775.0956929549293,1619.3661850408632
2026-02-12 21:23:49,4982.723542191109,1788.958239939308,1797.5792268698917,1780.9924480154486,1810.9589985861578,1829.9251698334422
2026-02-12 21:24:19,4987.241379310345,3197.206896551724,3206.2758620689656,3240.0689655172414,3230.0689655172414,3267.5172413793102
2026-02-12 21:24:49,5212.896551724138,2458.137931034483,2467.5862068965516,2445.0689655172414,2417.862068965517,2483.2413793103447
2026-02-12 21:25:19,4166.758620689655,1241.7931034482758,1219.2413793103449,1229.5862068965516,1252.8275862068965,1217.1724137931035
2026-02-12 21:25:49,4650.379310344828,1604.2068965517242,1697.5172413793102,1685.8275862068965,1690.6206896551723,1664.9655172413793
2026-02-12 21:26:19,4617.724137931034,1486.2413793103449,1430.6896551724137,1460.896551724138,1452.8275862068965,1469.1724137931035
2026-02-12 21:26:49,4873.547363702196,2393.3928756164,2526.0181385565015,2505.2243180799333,2532.1562812510774,2506.224352563881
2026-02-12 21:27:19,6554.655172413793,4226.172413793103,4140.827586206897,4192.9655172413795,4112.896551724138,4207.862068965517
2026-02-12 21:27:49,7071.970480722808,1577.3156769432373,1599.5585902476032,1547.451548382647,1584.1092489137181,1597.2136009379956
2026-02-12 21:28:19,6575.482758620689,1793.551724137931,1769.5172413793102,1881.103448275862,1827.7241379310344,1860.4137931034481
2026-02-12 21:28:49,7173.632664321677,1909.269604800331,1851.6449410304158,1936.099041313194,1913.8561280088281,1886.9577212221532
2026-02-12 21:29:19,6638.068965517241,1229.2758620689656,1216.9655172413793,1239.103448275862,1193.1724137931035,1238.896551724138
2026-02-12 21:29:49,7747.784406358839,2740.2669057553703,2706.369185144315,2585.5719162729747,2626.366426428497,2700.9896892996308
2026-02-12 21:30:19,6377.66950031101,2095.376321791416,2145.5525606469005,2186.191167323243,2148.455318266639,2156.748911465893
2026-02-12 21:30:49,6922.129875504363,1638.5833017208677,1612.0978032210228,1552.9537538366037,1560.1613960064833,1584.3018243266545
2026-02-12 21:31:19,6982.68786426182,1776.3906611028726,1685.7605959237162,1782.3912818567437,1756.5265372279891,1763.1479118529503
2026-02-12 21:31:49,6813.704866020623,1516.5706797254888,1521.191847432493,1489.8437769424422,1429.5271924681863,1486.9814118701934
2026-02-12 21:32:19,10334.885164494102,4211.324918959928,4323.056762535347,4309.055796951514,4280.364163045727,4258.983378164011
2026-02-12 21:32:49,10932.133250569004,1692.8753707152216,1691.358024691358,1763.3974756879784,1714.1182150493137,1661.5628664045796
2026-02-12 21:33:19,10280.26070763501,1261.328367473619,1260.5007241878752,1246.016966687358,1228.6364576867372,1238.5681771156633
2026-02-12 21:33:49,11944.373555885091,1641.9629616856917,1661.5511949512018,1638.0660068282925,1658.7233162051245,1663.7583198261889
2026-02-12 21:34:19,11399.448275862069,1565.2413793103449,1587.5172413793102,1631.655172413793,1613.0344827586207,1621.5172413793102
2026-02-12 21:34:49,11669.954136349528,2024.5525707783024,2031.1045208455462,1908.1002793199764,2041.8635125349147,1958.688230628642
2026-02-12 21:35:19,10654.33290803131,1480.1889720335182,1500.3965653988066,1556.0536570226557,1574.0542777337148,1306.11400393117
2026-02-12 21:35:49,11148.803365749362,2172.1842885716255,2281.743568521967,2363.1629767570175,2279.1226981171117,2480.2400165528657
2026-02-12 21:36:19,10281.251077623365,1712.5762957343354,1634.987413359081,1613.1590744508428,1642.9532052829406,1631.159695161902
2026-02-12 21:36:49,10907.858891685919,1694.0584158074414,1670.781751094865,1677.264733266664,1681.4372909410667,1636.6771267974755
2026-02-12 21:37:19,17793,4016.206896551724,4082.2758620689656,4178.689655172414,4064.344827586207,4026.6206896551726
2026-02-12 21:37:49,19273.398165390718,1588.4543761638733,1514.794123732671,1490.6890130353818,1501.9656528036417,1508.7247396372163
2026-02-12 21:38:19,19536.485274846542,3493.654734809297,3971.239395820401,3931.926339747569,3881.4400993171944,3892.889164769984
2026-02-12 21:38:49,20667.862068965518,3426.9310344827586,2975.448275862069,3129.5862068965516,3148.8275862068963,3086.689655172414
2026-02-12 21:39:19,18657.459135112767,1239.188909579971,1239.602731222843,1287.088764742396,1228.636457686737,1197.8067452927787
2026-02-12 21:39:49,18366.771267974756,2794.027380254491,2747.405082933894,2648.056829545846,2746.301596606779,2812.9935515017755
2026-02-12 21:40:19,18237.724137931033,2622.4827586206898,2519.3793103448274,2510.0689655172414,2575.5172413793102,2614.6206896551726
2026-02-12 21:40:49,19611.22797337839,3314.5280871754194,3448.0499327563016,3302.562157315769,3385.4270836925407,3366.2540087589223
2026-02-12 21:41:19,18312.056003862333,1898.820608317815,1720.3945099662046,1843.4374784467893,1869.6461824953444,1881.5090695910062
2026-02-12 21:41:49,19999,3264.4137931034484,3206.206896551724,3115.689655172414,3266.551724137931,3299.448275862069
2026-02-12 21:42:19,31909.514121176588,3844.8567191972134,3942.4118073037,4004.689816890237,3846.4084968447182,3909.8589606538153
2026-02-12 21:42:49,36206.80023449084,2157.5571571433493,2016.8281664884994,2150.2465602262146,2118.0730370012757,2108.4864995344665
2026-02-12 21:43:19,36203.696679195826,2535.811579709645,2715.4039794475666,2548.2258008896856,2614.6418842029034,2651.4707403703574
2026-02-12 21:43:49,36540.74278423393,6757.612331459704,6778.50960377944,7032.4149108589945,6913.34183937377,6973.895651574191
2026-02-12 21:44:19,36014.62119383427,4118.969619642056,4277.802682851132,4348.770647263698,4351.667298872374,4375.8750301734535
2026-02-12 21:44:49,37194.841023518864,3354.3692668459894,3604.1106283191943,3648.768880612456,3560.5214152700187,3493.206428029519
2026-02-12 21:45:19,35928.65517241379,4123.103448275862,4224.9655172413795,4284.068965517241,4276.689655172414,4286.827586206897
2026-02-12 21:45:49,33665.45968687496,3386.0266225256914,3164.149251672529,3482.067728808883,3449.3413338850955,3438.995792813297
2026-02-12 21:46:19,35857.49334807699,1857.5624589654103,2041.4665330522826,2050.243615881682,2026.2621375997792,1999.5853346694773
2026-02-12 21:46:49,33358.61093868542,2286.226636319746,2389.0613145734187,2325.7810883509205,2314.435478308849,2314.8492999517207
2026-02-12 21:47:19,58135.66920715936,3843.9148877470084,3947.580784219057,3931.234265613684,3881.2290926647584,3854.26078559851
2026-02-12 21:47:49,68072.899065485,1843.5118452360423,1764.8539604813957,1554.63981516604,1820.2006965757437,1864.960860719335
2026-02-12 21:48:19,60728.78375116383,9293.768750646574,9407.324390496222,9480.67174730163,9471.499017207489,9594.39980688989
2026-02-12 21:48:49,49308.63133211489,5601.227628538914,5503.569088589261,5308.976171592123,5905.996758508913,5687.575433635642
2026-02-12 21:49:19,64860.92623883581,3283.2856305389837,3386.7374737059895,3387.1512810786576,3427.0836925411218,3285.5615710886577
2026-02-12 21:49:49,67302.5725912132,1538.312987102559,1537.5543140906273,1602.351886336989,1516.932202220843,1507.8281260776607
2026-02-12 21:50:19,66252.16431552442,7511.537267616321,6762.977270375607,7466.560894008898,7401.441727313489,7418.618287172765
2026-02-12 21:50:49,70073.53904499224,5221.306671263575,6289.915531804861,5485.157731425616,5508.705395621444,5547.250474056197
2026-02-12 21:51:19,64182.11600800055,4470.791089040624,4669.4254776191465,4492.447755017587,4676.667356369405,4883.02641561487
2026-02-12 21:51:49,65921.93103448275,4894.275862068966,5041.241379310345,4641.275862068966,4924.275862068966,4965.6551724137935
2026-02-12 21:52:19,17038.83026415615,3978.343334023036,4008.7592247741222,4079.315814883785,4025.932822953307,4001.7242568452994
2026-02-12 21:52:49,2245.879026139734,1761.6387337057727,1718.118490930409,1953.4105800400027,1926.8225394854817,1906.6832195323816
2026-02-12 21:53:19,5227.057971514294,4212.573714522192,4245.680587646998,4225.333655205711,4212.780632479222,4199.95171914336
2026-02-12 21:53:49,5154.419117900617,2194.5584330494153,2217.1109348598225,2233.0770026552636,2140.4876030207934,2121.314528087175
2026-02-12 21:54:19,4492.809600993206,1669.4140773183433,1663.1375659550988,1696.6582749939648,1702.245059833776,1699.9689623064455
2026-02-12 21:54:49,4845.862068965517,2073.862068965517,2150.206896551724,2102.9310344827586,2107.9310344827586,2112.344827586207
2026-02-12 21:55:19,4764.949306848749,2697.9791709773094,2775.8466101110425,2759.293744396166,2735.49899993103,2767.983998896476
2026-02-12 21:55:49,5211.923726768043,2588.255577393883,2662.184062618531,2607.6687010792734,2609.0134822937143,2566.8770042412334
2026-02-12 21:56:19,4772.329126146631,1544.0375198289537,1572.6601834609282,1557.900544865163,1552.176012138768,1650.3207117732256
2026-02-12 21:56:49,5172.49465480378,2692.0477274294776,2714.6699772398097,2646.9756534933445,2711.91116628733,2724.0499344782397
2026-02-12 21:57:19,4596.041106283192,1594.8686116283882,1622.870542796055,1653.700255190013,1621.422167046003,1628.2502241533898
2026-02-12 21:57:49,4910.37621986965,1599.9862064209108,1656.4364288423737,1622.849063760819,1657.091623849098,1637.5047415428116
2026-02-12 21:58:19,6698.4723611159,4176.144004965688,4306.1140039311695,4339.115141901444,4304.35532259733,4225.525018104072
2026-02-12 21:58:49,7086.178357128078,1774.1913235395543,1808.331609076488,1693.8754396854954,1774.6741154562383,1763.6388716463205
2026-02-12 21:59:19,6692.761320136566,1355.7264544608063,1376.62516812084,1384.6949684450115,1367.7276959685485,1374.1421526364795
2026-02-12 21:59:49,6845.718817890272,1469.361012448705,1479.4303251836268,1531.4666022966308,1488.7409910686574,1480.9476188834096
2026-02-12 22:00:19,6500.551724137931,1395.5172413793102,1452.551724137931,1468.6896551724137,1406,1468.6896551724137
2026-02-12 22:00:49,7385.56501948343,1831.235559846891,1871.9266181592466,1937.2736990930719,1968.6885754681193,1934.1356598503394
2026-02-12 22:01:19,6808.8488861300775,1693.9788950962136,1819.0220015173459,1868.0598661976687,1803.9175115525209,1824.401682874681
2026-02-12 22:01:49,7143.556674368081,1494.258422704231,1523.362874581882,1523.3283906341596,1524.4663609089966,1515.0867271285215
2026-02-12 22:02:19,6395.1788116012,1391.6956926578612,1431.4584267338,1472.2902369210608,1471.6694830499707,1445.1839845501258
2026-02-12 22:02:49,7018.587488792332,1519.6565280364166,1508.8626801848407,1502.0691082143599,1482.9298572315336,1511.897372232568
2026-02-12 22:03:19,11044.58928201945,4174.149941375267,4194.013380233119,4157.59707566039,4174.218911649079,4132.353955445203
2026-02-12 22:03:49,11428.35465737835,2052.177811497741,2182.3636927958064,2215.849915508501,2159.4647722178156,2178.4322516122356
2026-02-12 22:04:19,10586.951274181867,1291.5962619400668,1215.1453498396495,1241.008310631401,1219.0765198799957,1196.0412428014758
2026-02-12 22:04:49,10961.826269871373,1780.2682851132795,1870.409324459464,1833.2701127625087,1855.9950343115277,1860.75381909721
2026-02-12 22:05:19,10311.090420028968,1280.3641630457273,1253.2588454376164,1249.534450651769,1228.2226360438651,1240.8441961514586
2026-02-12 22:05:49,11740.809711014555,1767.121870473826,1867.7839851024212,1754.5003103662325,1830.8848886130081,1824.6085936961174
2026-02-12 22:06:19,10129.655172413793,1374.103448275862,1336.344827586207,1316.896551724138,1301.1724137931035,1295.1724137931035
2026-02-12 22:06:49,10509.966891985101,2072.2858325286247,2116.222927300317,2042.3851565733205,2098.8412194785487,2108.9805490412473
2026-02-12 22:07:19,10235.23326781835,1244.4398469018308,1231.4058135926346,1274.8525912899554,1259.7496638046962,1241.1296162201302
2026-02-12 22:07:49,10969.033414945341,2504.569123073209,2482.568364426359,2325.493982551122,2519.5351563847025,2508.569261009
2026-02-12 22:08:19,19818.131659712402,3431.739025483637,3712.2659402048344,3803.9242732508014,3756.1984896030895,3831.5114314286693
2026-02-12 22:08:49,19370.379310344826,1779.0689655172414,1620.6896551724137,1619.0689655172414,1586.4137931034481,1555.655172413793
2026-02-12 22:09:19,19948.270510742488,1348.898161878815,1281.4429078870228,1353.8641928475358,1300.0655240197261,1360.071731558437
2026-02-12 22:09:49,17730.075525054315,1519.812394385626,1517.605269510639,1537.0900437976343,1504.2935476083733,1478.8426388936787
2026-02-12 22:10:19,19802.13110796924,1694.33428738922,1714.6108486499531,1687.9202731128657,1688.1271767991998,1656.470912790096
2026-02-12 22:10:49,17649.699979308916,3091.385612800883,3101.524243051245,3194.806538381957,3160.631767708118,3173.1843575418993
2026-02-12 22:11:19,21413.462533190796,3590.261733163212,3898.2033863236657,3886.409876202627,3830.4769129969995,3868.3402875961233
2026-02-12 22:11:49,18330.655172413793,2036.6896551724137,2144.689655172414,2148.7241379310344,2121.3793103448274,2116.965517241379
2026-02-12 22:12:19,18576.803697061663,3678.300455235205,3527.8659125396607,3553.8694992412748,3680.576631259484,3658.435646296041
2026-02-12 22:12:49,20163.631974618944,3920.270363473344,4013.1043520242783,4017.759845506587,3983.9299262018076,3872.060142078765
2026-02-12 22:13:19,35179.24137931035,3902.5862068965516,3916.137931034483,3995.793103448276,3886.965517241379,3880.7586206896553
2026-02-12 22:13:49,34524.29394117038,4131.073485292596,4435.325356046759,4451.912134901203,4412.979757922686,3902.686299527569
2026-02-12 22:14:19,34539.79584798952,2844.678943375405,2710.1179391682185,2868.2667770191047,2841.5752810538656,3320.8497137733634
2026-02-12 22:14:49,36243.783839707554,5211.8495016725865,5605.890264510122,5453.1848122219535,5376.763113425526,5535.538159119908
2026-02-12 22:15:19,37652.3448275862,4502.9655172413795,4421.793103448275,4483.482758620689,4608.482758620689,4475.6551724137935
2026-02-12 22:15:49,32996.48239473049,2558.126702762355,2354.726351001828,2460.564886022692,2452.3916267200057,2470.807324895679
2026-02-12 22:16:19,26692.114065032238,4315.782214406399,4434.674666390813,4303.98951760284,4463.225406020481,4407.158373849177
2026-02-12 22:16:49,34080.83316090765,2577.7639837230154,2481.7573625767295,2650.9759293744396,2542.17532243603,2614.4561693909923
2026-02-12 22:17:19,37853.06389875512,1917.8592365253971,2081.2441808338217,2064.484982240767,2074.002551812131,2067.5885375357766
2026-02-12 22:17:49,35680.63314711359,2124.9051658735084,2087.3163666459754,2051.2104283054005,2139.250982826402,2176.632871232499
2026-02-12 22:18:19,73915.55172413793,5867.172413793103,6342.689655172414,6291.793103448275,6203.862068965517,6208.068965517241
2026-02-12 22:18:49,68105.48639608262,2938.2392496292973,3076.4509121004166,3031.035552950101,3047.2085244318764,2983.1373495637777
2026-02-12 22:19:19,66128.2502241534,7196.220428995103,7190.013104352024,7642.1822194634115,7462.376715635561,7484.1713221601485
2026-02-12 22:19:49,67497.34464445824,5499.965514863094,5736.326643216774,5702.35878336437,5774.812056003862,5769.501344920339
2026-02-12 22:20:19,68086.62666390787,4465.135526588041,4855.852127732948,4912.752603627837,4733.774743085731,4747.8446789433765
2026-02-12 22:20:49,62361.40423477481,4645.97558452307,4360.99041313194,4729.015794192703,4605.972825712118,4635.9059245465205
2026-02-12 22:21:19,63889.34101175902,5687.127142315251,5877.030242422152,6074.381875237076,5908.134763267698,5923.4456360564145
2026-02-12 22:21:49,60044.967067829915,2454.257043346322,2460.0848305113964,2448.6016759198587,2381.3234939135828,2398.9792751474183
2026-02-12 22:22:19,65192.63397475689,4365.680391751156,4451.962204289952,4160.355886612871,4340.437271535969,4413.062969859991
2026-02-12 22:22:49,65553.63978068209,4573.881857995103,4726.438842718714,4572.399048243043,4682.989068588571,4692.851477637159
2026-02-12 22:23:19,5074.827586206897,1752.2068965517242,1404.2758620689656,1764.4137931034481,1750.344827586207,1708.2758620689656
2026-02-12 22:23:49,3196.013518173667,2629.0778674391336,2633.9747568797848,2600.972480860749,2590.040692461549,2642.2511897372233
2026-02-12 22:24:19,4977.032898820609,3518.4495482447073,3517.414994137527,3502.517414994138,3489.0682116008006,3453.0657286709434
2026-02-12 22:24:49,5085.04034761018,1816.6080419339264,1800.1241464928614,1812.0904889992412,1777.7088075039658,1776.605283122974
2026-02-12 22:25:19,4620.862068965517,1316.0689655172414,1363.8620689655172,1344.3103448275863,1386.8275862068965,1360.344827586207
2026-02-12 22:25:49,4887.137931034483,1653.8620689655172,1635.0344827586207,1724.0689655172414,1658.551724137931,1669.103448275862
2026-02-12 22:26:19,4594.517241379311,1402.8275862068965,1373.655172413793,1347.7241379310344,1378.4137931034484,1363.7241379310344
2026-02-12 22:26:49,5025.96820360727,1963.3065489533399,2008.4836362382314,2032.6585508845742,2029.7961858123253,1990.6886919336482
2026-02-12 22:27:19,4666.9885168454075,2286.699541363495,2306.4933273561155,2312.079726887134,2298.010276216421,2195.7308872719746
2026-02-12 22:27:49,5236.549868947442,2679.9903434956545,2716.3746723686027,2786.901641605739,2772.1754724789625,2808.7322389295077
2026-02-12 22:28:19,4579.206896551724,1709.551724137931,1675.7241379310344,1656.0689655172414,1654.8275862068965,1636.6206896551723
2026-02-12 22:28:49,6256.560571054173,3781.4407393358388,3850.0637953032856,3762.440084140832,3699.0241042794573,3750.9569295492943
2026-02-12 22:29:19,6733.128728576847,2276.5612607331286,2262.284906376082,2198.144763612538,2257.319217904065,2284.630504500155
2026-02-12 22:29:49,6873.607614580818,1813.566920715936,1945.6495499534433,1923.4058695727144,1928.6822774769803,1884.1949167155221
2026-02-12 22:30:19,6678.150217256362,1426.374232705704,1414.890682116008,1360.1282847092903,1451.824263742327,1429.6848058486792
2026-02-12 22:30:49,7315.146916816113,2621.3270795971857,2652.8141812663816,2630.362808663264,2606.773348048007,2625.6035315215895
2026-02-12 22:31:19,7102.3863714738945,2783.9161321470447,2771.9842747775706,2803.7795710048968,2771.501482860887,2776.674253396786
2026-02-12 22:31:49,7217.421290389323,2251.6638504776024,2269.94034277044,2335.2184558088206,2300.3551846615396,2348.8396151591432
2026-02-12 22:32:19,6387.427152660435,1823.718059243422,1790.6134694299801,1762.5435359839992,1856.2019379978617,1837.1667988551326
2026-02-12 22:32:49,7377.461291768681,2948.515466050553,2935.273630125176,2906.3071140384145,2960.240008276147,3023.4146005034654
2026-02-12 22:33:19,6870.508310917994,2389.199255121043,2305.8831643561625,2505.793503000207,2364.1630457272913,2378.646803227809
2026-02-12 22:33:49,9338.506103869233,4564.2802951927715,4690.323470584178,4742.016690806262,4672.184288571625,4701.979446858404
2026-02-12 22:34:19,10721.776829645942,1404.9822798747548,1365.2410281113443,1369.3699893335167,1359.6669304614113,1337.5769879227885
2026-02-12 22:34:49,10568.364426359529,1461.636608158902,1525.225007758888,1532.432152832856,1523.6387461636607,1507.845098106831
2026-02-12 22:35:19,11247.258809737259,1465.554099717261,1446.3140473070823,1392.7315357561547,1450.658575270671,1446.5209295910627
2026-02-12 22:35:49,10949.067209214109,1654.3329080313113,1763.5090865202246,1698.02406979551,1769.1644539466877,1724.6111934894304
2026-02-12 22:36:19,10738.034482758621,1976.1379310344828,2076.4827586206898,2084.137931034483,2063.448275862069,2103.793103448276
2026-02-12 22:36:49,11375.426738853062,2105.0381047622327,2052.208696851615,2095.9688265112586,2118.5558122693883,2026.2078002689746
2026-02-12 22:37:19,10431.822884336852,1589.4889302710535,1517.0701427684671,1592.5925925925928,1569.2116697703293,1581.9022001517349
2026-02-12 22:37:49,11608.80060693841,1857.2315332091869,1886.3369887578453,1801.6759776536312,1849.0240706255604,1873.3705772811918
2026-02-12 22:38:19,9558.724137931034,1283.2758620689656,1392.2068965517242,1362.4137931034484,1411.655172413793,1373.5862068965516
2026-02-12 22:38:49,11711.419114604882,4413.908426423941,4538.891187422424,4529.478692594124,4474.141497724451,4465.7978209902085
2026-02-12 22:39:19,18726.188012966413,1225.532795365198,1241.5338988895787,1246.43078833023,1291.1235257603976,1245.465204496862
2026-02-12 22:39:49,21212.179730335527,3108.5899513776335,3175.6957136452975,3140.211731439015,3120.9352046622294,3016.931618331666
2026-02-12 22:40:19,19108.7316366646,2539.347541209739,2577.005310711084,2385.95765225188,2498.172287743983,2498.379198565419
2026-02-12 22:40:49,19878.892375599156,2423.3249422393874,2339.666885065002,2542.2600779337213,2514.7763715990204,2483.189075485361
2026-02-12 22:41:19,20356.184696023996,4308.700300010345,4384.7718886858165,4409.669298941342,4384.151177626814,4397.5999172385245
2026-02-12 22:41:49,19292.630780371735,2470.016207455429,2492.2928376840578,2436.8081657988205,2365.0470705886405,2457.5330183799438
2026-02-12 22:42:19,19223.14562571123,2329.5286044346353,2676.5060864167726,2708.7830614848785,2614.6418842029034,2579.054450153453
2026-02-12 22:42:49,18993.655172413793,1700.7586206896551,1804.7586206896551,1743,1749.3103448275863,1735.1724137931035
2026-02-12 22:43:19,18845.04224866356,1415.002586652871,1520.5380237972063,1507.087428867046,1515.9855147439214,1494.0506983962753
2026-02-12 22:43:49,25691.655172413793,4950.3448275862065,5120.896551724138,4985.482758620689,4997.172413793103,4962.9655172413795
2026-02-12 22:44:19,35650.9189972068,2332.0114486706434,2490.568640297941,2461.602124211179,2422.3593917031617,2437.601296596434
2026-02-12 22:44:49,39131.25043106421,6334.229946892889,6298.020553141596,5971.825643147803,6312.780191737361,6361.611145596248
2026-02-12 22:45:19,35411.68965517241,3002.0344827586205,3065.448275862069,2996.551724137931,3064.8275862068963,2941.7241379310344
2026-02-12 22:45:49,33555.11878900727,3204.682597151822,3198.096617358022,3078.686941829592,3287.8176614599492,3270.990655494638
2026-02-12 22:46:19,35430.443478860616,1783.226429408925,1907.7177736395618,1889.371680805573,1948.134354093386,1897.5791433891995
2026-02-12 22:46:49,33591.296251594875,1467.1885237421977,1518.8109934825336,1489.7410255526052,1498.7413359081345,1469.2230766578157
2026-02-12 22:47:19,34265.73330114831,1310.2175937101279,1315.493637711645,1351.908686506431,1281.5614331528673,1305.5622607676125
2026-02-12 22:47:49,36093.727369909306,1498.8103038035792,1530.7424393944616,1564.9849994827405,1530.880375185351,1469.6368840304835
2026-02-12 22:48:19,32734.956377806127,1286.3891858339941,1243.387703024242,1279.7682678713056,1312.2521466257456,1275.8370978309595
2026-02-12 22:48:49,51701.334528776846,4620.917962688368,4696.748163729783,4724.542225593986,4648.987896134348,4660.712438359943
2026-02-12 22:49:19,63999.51722473188,5022.518017862684,5333.080451050036,5148.936170212765,5280.526914721197,5275.354322562846
2026-02-12 22:49:49,66888.78543347817,5330.160700737982,5533.691978757155,5576.970825574177,5442.23739568246,5465.7562590523485
2026-02-12 22:50:19,66068.38402648458,7324.298227463963,7201.875991447686,7617.352920891096,7513.000896613559,7660.5283122974
2026-02-12 22:50:49,60236.49091347976,2058.4158074416355,2111.452119038587,1981.7579916548843,1995.4481189006515,1941.9290320355872
2026-02-12 22:51:19,67136.0391737646,6463.257353701851,6564.571192110072,6774.371530052759,6642.160074485326,6562.433187351287
2026-02-12 22:51:49,66510.4145113456,2564.280295192772,2446.72046348024,2630.0779364094074,2594.799641354576,2601.489757914339
2026-02-12 22:52:19,61862.74915511416,4097.69639285468,4049.3827160493834,3980.3434719635843,4087.040485550728,4021.6566659769646
2026-02-12 22:52:49,66067.24833603475,6327.96496189261,6064.903265855089,6642.859606166155,6469.083008587095,6476.60102769252
2026-02-12 22:53:19,59081.25538886015,2297.0167270219004,2300.258665287118,2268.598034143818,2267.839282634937,2204.3800655285395
2026-02-12 22:53:49,49684.33394254973,4984.171867995447,5128.383737370254,5083.658057174384,5099.968964447049,5170.316217800613
2026-02-12 22:54:19,2514.966549417201,1768.9495827298433,1931.9263397475688,1911.6490792468446,1891.3718187461204,1922.4084419615144
2026-02-12 22:54:49,5064.105658815821,4209.24859477913,4226.490568640297,4148.177523362874,4195.455015690196,4211.31763164247
2026-02-12 22:55:19,4654.873969863109,1377.2628530050688,1381.8144201924072,1367.332160959967,1361.7461466845973,1368.9872763008173
2026-02-12 22:55:49,4717.300596572295,1481.499362046967,1495.7757164040138,1524.2249732749403,1502.8104417393702,1535.915031552812
2026-02-12 22:56:19,4962.204289951031,1379.8882681564246,1373.060211049038,1388.026760466239,1346.3687150837989,1364.5768673701634
2026-02-12 22:56:49,5086.686665977036,1919.175200855143,1908.0721354436055,1913.6236681493742,1995.3105065342577,1945.8639357263544
2026-02-12 22:57:19,4936.165810256233,1458.564679104735,1445.804738421216,1495.3960754560817,1480.291064592889,1528.0201400144842
2026-02-12 22:57:49,4890.931034482758,1652.7586206896551,1681.9310344827586,1632.5862068965516,1674.2758620689656,1684.2758620689656
2026-02-12 22:58:19,4793.192633974758,2983.7919856541835,3094.8341264914825,3101.0414511345616,3049.106834954135,3067.590868335748
2026-02-12 22:58:49,5103.896551724138,2383.5862068965516,2439.344827586207,2489.551724137931,2484.551724137931,2408.2758620689656
2026-02-12 22:59:19,5080.971101455272,1758.7419822056693,1780.9848955100351,1753.4312711221462,1716.7390854541693,1722.3256776329401
2026-02-12 22:59:49,7075.312941825579,4096.692989413427,4141.729025138798,4153.281147625779,4153.108727887168,4093.244594641194
2026-02-12 23:00:19,7643.2857438444025,1863.9216497689495,1864.2665011380095,1884.4058210911096,1914.95965238982,1838.4026484585142
2026-02-12 23:00:49,7290.064489429941,1706.7972548884368,1757.4231817084526,1651.7915646446183,1712.1081491188743,1689.8989550643169
2026-02-12 23:01:19,7121.728335459842,1387.1167971309353,1460.5331218317872,1444.1877306114002,1417.635090865202,1462.0504155315698
2026-02-12 23:01:49,7353.415870607304,2381.1083905231576,2278.166706900714,2442.080215194675,2354.105597130738,2414.5256405835084
2026-02-12 23:02:19,6176.144004965688,1234.1804889823786,1215.8695127418184,1234.6632642504912,1264.8022345598122,1208.938239249629
2026-02-12 23:02:49,7035.208110624503,3918.2730438980648,4180.937273699093,4213.490120348977,4114.9005138108205,4040.139315148798
2026-02-12 23:03:19,6398.255112245249,1447.153350115521,1427.8423393910132,1407.3588744439462,1452.1190385875373,1443.9118590296216
2026-02-12 23:03:49,6818.959274457739,1693.1618331666607,1742.1290389323767,1707.058864098762,1711.3003896686091,1710.5417428187177
2026-02-12 23:04:19,7481.533845994689,2322.3559433083897,2317.804062209041,2358.2192489396184,2276.2853891513496,2317.252319045484
2026-02-12 23:04:49,11609.538259939996,3957.653712196972,4082.6925066381596,4148.039587571985,4061.174523259422,4066.485051208662
2026-02-12 23:05:19,10393.379310344828,1543.0689655172414,1573.1724137931035,1486.551724137931,1552.2758620689656,1537.5862068965516
2026-02-12 23:05:49,11674.63273329195,2239.154424443065,2232.4298227463964,2114.8010207600523,2216.2218084005794,2148.079177874336
2026-02-12 23:06:19,11658.977276645634,2574.2560601358578,2491.638219371746,2388.2624737078036,2550.256887693528,2617.0821695803597
2026-02-12 23:06:49,11485.085692610088,2955.826062967688,3006.0346908514084,2995.930894168764,2956.032966654022,2894.030828649263
2026-02-12 23:07:19,10861.305562260766,1532.949412048691,1633.5046036070207,1673.850822442153,1637.2288699610328,1611.5728128556154
2026-02-12 23:07:49,11115.387268087454,1832.1263535416235,1964.4803089868267,1948.9275122422237,1952.893302986413,1909.166149389613
2026-02-12 23:08:19,11627.698461962893,1544.2789157872955,1574.315470032416,1550.4517552934685,1567.1425615559692,1539.0026898406786
2026-02-12 23:08:49,11165.580497224233,2169.821730285162,2150.960311713389,2164.511568566601,2191.9244163994344,2157.1669942415774
2026-02-12 23:09:19,13263.388392703195,4049.656884720162,4084.1408324424974,4126.349184454636,4156.83299424118,3632.332149384461
2026-02-12 23:09:49,21356.701955239834,2868.4437394392908,2965.3436325390526,3066.6229869995514,3013.414255663988,3455.9812407324384
2026-02-12 23:10:19,19869.88757845369,1360.4386509414444,1363.542313262984,1368.6461135250709,1361.6801158700603,1362.507759155804
2026-02-12 23:10:49,18819.028242353183,1861.8573054243247,1913.5832270078276,1986.034001172454,1908.5485706403667,1909.1692816993686
2026-02-12 23:11:19,18965.065351588095,2189.260958030141,2175.880263475532,2041.7284546677242,2156.9817567334553,2157.395592647515
2026-02-12 23:11:49,20987.447843029066,4264.147039553088,4416.841960067588,4535.225352598365,4467.8092348012,4489.051346598158
2026-02-12 23:12:19,19999.58619262733,2707.5761233145968,2941.204869133418,2845.0636228835474,2911.41073830132,2896.7205765716053
2026-02-12 23:12:49,17815.786751267282,2136.625400875892,2128.280285527087,2123.762888375461,2106.6243663574605,2109.9348253388043
2026-02-12 23:13:19,19599.39301972686,2836.8050765622847,3035.384190922886,2899.9172299627535,3009.4495792523107,2949.6482273417023
2026-02-12 23:13:49,20766.233318390285,3511.7417841994547,3523.707714059105,3446.4291872133517,3279.009621021414,3889.8582709748607
2026-02-12 23:14:19,21914.20393806683,7042.173868064415,6964.964309114106,7217.352322493878,6997.2757681299345,7096.244698093036
2026-02-12 23:14:49,34394.7794903624,2582.945415675322,2872.7630081721322,2686.6314954656737,2797.0069997586293,2690.45894969139
2026-02-12 23:15:19,37907.3761164178,3397.3585296044685,3702.713886685747,3679.851029345839,3651.2983206317454,3675.506051932825
2026-02-12 23:15:49,35255.724137931036,1752.2068965517242,1662.655172413793,1731.2068965517242,1759.8620689655172,1788.6896551724137
2026-02-12 23:16:19,36941.23935308114,4134.970171385219,4283.768405807096,4073.381840753129,4328.0113107348525,4283.733921859374
2026-02-12 23:16:49,36382.164287192216,5417.063245741086,5351.9553072625695,5488.757845368646,5543.071935995586,5593.420235878336
2026-02-12 23:17:19,32656.401944894646,4434.428773405979,4498.810303803579,4115.521224869823,4438.359943446325,4358.702024207731
2026-02-12 23:17:49,33582.33042518707,5700.231042449739,6107.245077416462,6024.862926307803,6220.145522259388,6229.249284458084
2026-02-12 23:18:19,37153.005276043994,5171.799027552674,4882.03041484189,4696.71367978206,4809.200317252318,4770.302424221524
2026-02-12 23:18:49,33219.835166729885,1629.918273043898,1494.2239387565087,1679.7475775026724,1650.815545363633,1670.2644918790302
2026-02-12 23:19:19,43883.513224593946,6308.148556846787,6565.019483430462,6399.737921997309,6430.704507051966,6467.740266905755
2026-02-12 23:19:49,61685.92020414496,3446.084347736128,3444.9808614090134,3440.394496361943,3482.9476878513046,3451.084520155867
2026-02-12 23:20:19,64890.716601144915,8420.787640526934,8384.198910269675,8623.629215807989,8710.945582453964,8498.03434719636
2026-02-12 23:20:49,63103.03803579433,6736.990930721748,6746.301596606779,6783.647711990067,6840.028966516085,6793.958412359046
2026-02-12 23:21:19,61356.63298734438,1244.525673299079,1250.9396875754335,1251.3534949481016,1226.7319562743542,1240.801406945067
2026-02-12 23:21:49,71455.87778888927,4497.7413014241865,4556.364012552156,4794.061864202213,4694.989482395944,4657.057139901375
2026-02-12 23:22:19,63108.804359071626,3360.9683760389003,3384.3501051832945,3411.6632755112596,3349.1740524881884,3360.5545401248405
2026-02-12 23:22:49,67141.14766535623,5272.708462652597,5681.564245810056,5885.267949513759,5674.805158976481,5720.463480240016
2026-02-12 23:23:19,63482.65517241379,4283.724137931034,4397.931034482758,4346.448275862069,4275.6551724137935,4288.137931034483
2026-02-12 23:23:49,42209.19968276956,1803.6619426916316,1815.8684183304026,1508.7755594634668,2130.8920382055794,1875.8663494362265
2026-02-12 23:24:19,49835.50022416112,4892.644066627582,5158.395696106493,5326.688967824258,5196.951408766424,5193.0199675828535
2026-02-12 23:24:49,2855.4827586206898,2281.2413793103447,2155.793103448276,2124.3793103448274,2316.4827586206898,2240.2758620689656
2026-02-12 23:25:19,5167,4197.310344827586,4160.275862068966,4317.6551724137935,4427.793103448275,4234.758620689655
2026-02-12 23:25:49,4940.101382806303,1701.3000448291318,1764.7505086382287,1763.4056346770576,1772.6818166143657,1793.0963136659882
2026-02-12 23:26:19,4428.517241379311,1553.1724137931035,1676.6896551724137,1688.4482758620688,1683.1724137931035,1635.3793103448277
2026-02-12 23:26:49,5101.379310344828,1861.7931034482758,1917.3103448275863,1815.1724137931035,1909.3103448275863,1922.2068965517242
2026-02-12 23:27:19,4668.735774881027,1596.0411062831922,1620.1117318435756,1633.4919649631013,1655.0106903924411,1617.5598317125323
2026-02-12 23:27:49,4909.648941306297,1823.4360990413131,1818.5392096006622,1880.7848817159804,1856.128008828195,1873.2326367335677
2026-02-12 23:28:19,5177.097341470983,3098.858660046205,3140.7882486810795,3082.58335919451,3100.6517016654593,3110.168614875349
2026-02-12 23:28:49,5161.930054494033,2090.225563909775,2227.2884044974826,2082.051458922536,2151.6175760502174,2179.209491618956
2026-02-12 23:29:19,4440.486862974967,1513.1370250327564,1532.1701951589546,1503.6549203503207,1515.412730156541,1512.516378180815
2026-02-12 23:29:49,5747.844678943376,2566.6597696392855,2663.838885440375,2592.8339885509345,2633.4229946892888,2646.4583764397544
2026-02-12 23:30:19,7062.5193972205925,3789.6479188937546,3749.922411117624,3803.5104658781333,3831.2355598468907,3760.474499120659
2026-02-12 23:30:49,6998.344770509327,1908.2037311631432,1823.6490913479772,1956.8605813993584,1906.203662195248,1915.6522638711676
2026-02-12 23:31:19,7018.586206896552,2139.3793103448274,2092.551724137931,1966.8275862068965,2115.793103448276,2135.448275862069
2026-02-12 23:31:49,7041.103448275862,2191.9310344827586,2206.4827586206898,2288.448275862069,2254.0689655172414,2178.4137931034484
2026-02-12 23:32:19,6480.20553141596,1506.9315125181047,1535.8300572453272,1500.4483067797778,1533.5540382095317,1551.4173391268364
2026-02-12 23:32:49,7506.672643884271,2523.9491016931615,2597.6068140280695,2584.675333632194,2598.158557191627,2476.6371254181176
2026-02-12 23:33:19,7099.24480154488,1903.7897858546844,1919.1006586434012,1972.343873926687,1971.3093554950167,1948.9637573709435
2026-02-12 23:33:49,6740.076559644101,1838.9143704521157,1891.6439631686035,1901.1277028658137,1872.40059316481,1873.0213470359001
2026-02-12 23:34:19,6275.068965517241,1207.9655172413793,1245.5172413793102,1220.0689655172414,1240.7586206896551,1262.896551724138
2026-02-12 23:34:49,8452.291458326148,3883.685644332563,3846.2705610538287,3916.928169936894,3866.4781544191173,3848.822373185282
2026-02-12 23:35:19,10796.675632802264,3385.3369197875722,3274.639630319333,3348.0929719290993,3206.3590592454657,3238.8440582109115
2026-02-12 23:35:49,11075.074143044347,1577.0742809848955,1573.2119456514242,1507.6557003931305,1595.6272846403199,1570.7979860680045
2026-02-12 23:36:19,10829.436512862958,1472.2394647906756,1485.274846541141,1378.1640113111253,1475.7569487550868,1446.9963445754881
2026-02-12 23:36:49,10802.475947446463,1449.8430980378632,1467.4988792716988,1496.9826545742956,1505.0174143935997,1483.2235594330837
2026-02-12 23:37:19,11756.388591923302,1855.7781839500637,1760.9407869779632,1880.8842294030417,1934.6828982308514,1916.8879539262682
2026-02-12 23:37:49,11642.48275862069,3209.103448275862,3199.5172413793102,3325.8965517241377,3235.310344827586,3269.103448275862
2026-02-12 23:38:19,10976.4121663563,2173.4602386371475,2235.188633698876,2313.676805296917,2332.712600869025,2310.573142975378
2026-02-12 23:38:49,10891.337333609217,2565.4183047106703,2632.3194703082977,2577.867439133734,2571.9015104489968,2629.767570177254
2026-02-12 23:39:19,11003.379310344828,2213.1724137931033,2299.655172413793,2234.8965517241377,2318.689655172414,2263.448275862069
2026-02-12 23:39:49,13073.002517328181,4840.9945170523115,4944.998103382874,4912.686644367046,4860.236559881375,4882.858029587226
2026-02-12 23:40:19,18239.180661402115,2123.866340218628,2106.693334252905,2092.2100762095242,2093.451498327528,2049.794820511052
2026-02-12 23:40:49,18072.246361818055,2292.227050141389,2276.088006069384,2304.8141251120765,2286.6404579626183,2242.844334092006
2026-02-12 23:41:19,19595.903165735566,1603.3519553072624,1596.1100765570038,1592.7305331402165,1675.425891440789,1546.8653010552453
2026-02-12 23:41:49,19191.69626538846,1838.6840925549154,1980.1372461119347,1933.2045932618364,1948.4120142073862,1942.9635504672572
2026-02-12 23:42:19,19530.77904610822,1406.766217194882,1546.918646756561,1491.2577163154808,1504.7073835224332,1483.6017519053694
2026-02-12 23:42:49,18206.76575054312,1492.4652574226695,1626.6078140625536,1631.6079864822923,1626.6767819579984,1596.813683230456
2026-02-12 23:43:19,18632.49543119203,1250.853418847626,1222.302679217958,1250.853418847626,1221.2682321299267,1229.3369194165718
2026-02-12 23:43:49,21473.050794854993,4962.446980930376,4720.92141108314,5043.173902548363,4885.547777509569,5062.312493534259
2026-02-12 23:44:19,17812.903003344712,2346.6777007689393,2321.4371918209717,2258.3359194510535,2326.8163166787353,2318.9545188096963
2026-02-12 23:44:49,23063.312528018203,4491.810062415945,4562.9159626194,4514.328080278629,4486.775406048484,4458.153729438945
2026-02-12 23:45:19,35277.950203462315,2237.39568246086,2130.14690668322,1981.033174701704,2144.2858128146772,2188.564728601973
2026-02-12 23:45:49,36599.62756052142,3951.306986688737,3904.7520518656456,3967.411545623836,4048.486102489827,3942.8926132836746
2026-02-12 23:46:19,35785.88916859202,4211.455567433359,4049.105141556605,3931.7907514052204,4217.041966964378,4194.903272526638
2026-02-12 23:46:49,33985.34381681495,2799.158562659494,2733.08504034761,2886.509414442375,2843.8513000896614,2823.022277398441
2026-02-12 23:47:19,31651.665632112567,5109.869646182497,5095.9376508724745,5574.729291675289,5334.436857714326,5339.402717428789
2026-02-12 23:47:49,35202.807090144146,3780.5365887302573,3799.2965032071174,3567.1080764190633,3724.532726394924,3785.84729981378
2026-02-12 23:48:19,16164.568748491223,1797.7721833293099,1606.4075594026967,1946.2703038245336,1891.4370452115736,1879.573749008518
2026-02-12 23:48:49,33819.18819188192,2167.362140911129,2945.3046866917266,1927.130392799255,1860.1234610476945,2305.5488498810223
2026-02-12 23:49:19,35433.812627150786,4328.9886555636,5034.102272335436,4879.762766801145,5895.313954691217,4860.315161546153
2026-02-12 23:49:49,38357.80797351359,5464.4433714995175,5674.541316043593,5643.261139467513,5670.299351634709,5479.169540626293
2026-02-12 23:50:19,63335.01155212248,3606.6760922790436,3636.987482326976,3504.672574916376,3866.2022828373388,3585.36501258664
2026-02-12 23:50:49,65491.68965517241,4385.6551724137935,4416.0344827586205,4750.103448275862,4390.689655172414,4642.758620689655
2026-02-12 23:51:19,67533.74254284629,1248.6637470257592,1229.6286078830303,1262.7331976964722,1259.836546087796,1250.3189765164313
2026-02-12 23:51:49,63876.65517241379,3521.655172413793,3361.655172413793,3600.103448275862,3491.1724137931033,3477.862068965517
2026-02-12 23:52:19,67564.92050901818,3709.176811394282,4119.081284270786,4084.93982136083,4069.248542952719,4094.8373969721006
2026-02-12 23:52:49,63911.43911439114,7207.8835741628445,7015.380901472566,7159.844121805704,7169.224402524399,7104.5970272786835
2026-02-12 23:53:19,64577.80383501173,4269.278521175334,4491.585046213271,4547.45482135467,4420.8166643674995,4471.720237274107
2026-02-12 23:53:49,67961.13793103448,5994,6195.586206896552,6182.655172413793,6200.758620689655,6214.413793103448
2026-02-12 23:54:19,63906.675198706725,4946.382864071131,5220.193991647582,5161.053482419507,5146.975616327631,5099.757510440523
2026-02-12 23:54:49,66893.00368952793,3512.1547532843692,3549.6707010103096,3491.4658115237403,3466.2253025757727,3499.120719975173
2026-02-12 23:55:19,3798.8275862068963,3091.5862068965516,2918,2813.8965517241377,3032.6206896551726,3034.689655172414
2026-02-12 23:55:49,5711.531829781364,3676.667356369405,3833.3678184702394,3782.6401820815227,3787.295675563832,3718.049520656597
2026-02-12 23:56:19,4717.354573980207,1501.8102824040548,1511.7409744491567,1464.018482121306,1527.2576807696285,1526.223233681597
2026-02-12 23:56:49,5252.448275862068,1880.068965517241,1946.9655172413788,1993.068965517241,1986.8965517241375,1993.0344827586202
2026-02-12 23:57:19,5008.587095216746,2706.004069386488,2700.6931751560505,2715.073973169638,2682.2774769803773,2925.750939752388
2026-02-12 23:57:49,5010.3451843166995,2551.467291975585,2576.571605917445,2544.0187592675607,2621.0558984792574,2784.85465016035
2026-02-12 23:58:19,4908.510931788399,2073.9361335264502,2082.3505069315124,2065.24587902614,2132.974687909511,2210.5662459479963
2026-02-12 23:58:49,5029.484792054624,2527.5536243878887,2592.3856817711567,2521.311814607904,2537.4853438168147,2576.7983998896475
2026-02-12 23:59:19,4344.149798268905,1051.8638573743922,1386.875409496879,1366.4264284975343,1339.0116900582777,1341.5635021897306
2026-02-12 23:59:49,4574.591351127665,1511.10421408373,1588.2474653424376,1598.2136699082698,1648.0446927374305,1646.0445547968827
2026-02-13 00:00:19,6312.252146625745,3888.9272043863575,3718.6799544811884,3802.6138832373526,3748.3361495223967,3818.2695955032927
2026-02-13 00:00:49,7503.293444149394,2245.8185329516846,2315.687829775494,2316.2740973204122,2266.648273959375,2327.068317412146
2026-02-13 00:01:19,6687.657343863158,1764.5273648998173,1623.0644549436147,1580.0944925337103,1728.1098044625305,1728.7305583336206
2026-02-13 00:01:49,6950.68795475706,2305.320873133556,2446.4291872133517,2425.773302527673,2316.5626400910373,2280.0786234008065
2026-02-13 00:02:19,6782.571211807711,1456.997034278226,1419.2013242292571,1449.9620663494034,1442.3063659562729,1423.4774812056003
2026-02-13 00:02:49,6874.443946342976,1873.8577192316973,1932.4114624642227,1911.6866098830992,1922.8249249974135,1862.3400806924374
2026-02-13 00:03:19,7217.290847644665,1573.4878267466722,1608.5936961169734,1665.494172011863,1652.6657010828333,1673.2188426788055
2026-02-13 00:03:49,6994.206696782647,1922.2731818338561,1918.5489154798438,1914.4453257008859,1913.5832270078276,1912.203869098934
2026-02-13 00:04:19,7465.360874512913,2454.774302562157,2447.3947377495774,2499.0516914376353,2462.2228352701813,2517.0523121486945
2026-02-13 00:04:49,7938.790992792854,2768.095451567295,2832.99424118073,2814.6142970447254,2843.9601365564326,2864.3056657126103
2026-02-13 00:05:19,9599.213738878543,5318.780605559004,5521.208359197186,5427.0639354438235,5396.372163597489,5355.886612869853
2026-02-13 00:05:49,10982.48275862069,1537.7931034482758,1561.9310344827586,1541.896551724138,1542.0689655172414,1495.5172413793102
2026-02-13 00:06:19,11829.958955609976,2583.865070879178,2613.3894388300628,2666.850619114959,2752.87138274756,2728.8655882454386
2026-02-13 00:06:49,10258.680735147063,1858.004896382883,1855.3842970932035,1783.2833350574117,1938.4159166925276,1895.4518809696215
2026-02-13 00:07:19,7919.715832672345,1769.6658274993965,1793.2889609269923,1876.952788219471,1851.1570162430596,1861.0890781805015
2026-02-13 00:07:49,12000.517259215834,2814.7177488878924,2860.7193351494875,3000.137935790889,2875.6164005655364,2935.2046622297316
2026-02-13 00:08:19,10563.896551724138,2065.2758620689656,1999.5862068965516,1994,2108.8965517241377,2129.3793103448274
2026-02-13 00:08:49,11989.102696737706,1643.320228981309,1633.5609352369129,1689.0475205186565,1698.8068142630525,1636.2507759155803
2026-02-13 00:09:19,10782.433271260086,1364.7837781915994,1399.5447961928407,1390.6476308710946,1354.2313262983653,1328.1605627974343
2026-02-13 00:09:49,11198.48960308976,2788.99272388703,2814.372909410669,2764.1297975792263,2864.374633608055,2769.543777371633
2026-02-13 00:10:19,16192.452179906946,4082.302257453042,4050.456660348096,4111.528519731174,4045.769429605377,4077.9596760296404
2026-02-13 00:10:49,19898.12101361834,1806.3092570246508,1765.902430615411,1839.6483364937078,1793.9665574900878,1830.443027064299
2026-02-13 00:11:19,18438.620689655174,2887.793103448276,2868.206896551724,3050.4137931034484,2982.551724137931,2976.965517241379
2026-02-13 00:11:49,20372.081795923994,4394.151522466292,4525.880202765612,4396.324011172798,4565.812614228076,4478.361322804234
2026-02-13 00:12:19,18995.689506534705,3042.8635470188624,3089.209972757681,3076.381944204972,3026.518155798475,3014.724645677437
2026-02-13 00:12:49,19645.515053281375,2696.830706624823,2627.651136324447,2638.5833017208674,2696.209952753733,2711.1080456598957
2026-02-13 00:13:19,19290.147936135727,1851.5121211076241,1739.8530983827027,1820.2696644711884,1808.0623469774816,1825.4422566295386
2026-02-13 00:13:49,19648.827586206895,1572.551724137931,1648.551724137931,1601.7586206896551,1606.6206896551723,1635.0344827586207
2026-02-13 00:14:19,19230.774536174908,2085.523139526864,2008.5523139526863,2097.317056348714,2098.3516104558935,2080.350368990965
2026-02-13 00:14:49,20464.167471375364,2673.8860532487242,2490.964270933922,2714.615809077114,2669.3337012001657,2652.227893502552
2026-02-13 00:15:19,26288.73409427911,4352.288009931376,4669.885168454084,4445.601572468016,4577.606124349115,4594.36532294217
2026-02-13 00:15:49,31426.793103448275,1990.6206896551723,2008.4137931034481,2043.4137931034481,1994.896551724138,2012.344827586207
2026-02-13 00:16:19,35349.24137931035,2617.793103448276,2533.2413793103447,2504.4137931034484,2554.0689655172414,2541.862068965517
2026-02-13 00:16:49,36298.148212007305,3854.1329011345215,3792.0617952343177,3668.023035277078,3911.7210938308212,3853.167350598296
2026-02-13 00:17:19,35316.366645975584,3463.8940616594246,3686.3231947030827,3628.043313331954,3591.8339195806607,3571.5566590799363
2026-02-13 00:17:49,34652.275862068964,2421.7241379310344,2464.7586206896553,2307.7586206896553,2370.4827586206898,2378.551724137931
2026-02-13 00:18:19,35515.65517241379,3304.8965517241377,3487.448275862069,3347.0344827586205,3435.9310344827586,3455.3793103448274
2026-02-13 00:18:49,35265.48275862069,1508.7586206896551,1502.896551724138,1496.9310344827586,1485.5172413793102,1510.344827586207
2026-02-13 00:19:19,36564.57119211007,4051.7259215835024,4189.937584054622,4018.345460188282,4149.384461533155,4153.936342632504
2026-02-13 00:19:49,34957.686737016345,5993.034002344989,5821.711842196013,6000.241395958342,6160.01103524381,6019.242706393544
2026-02-13 00:20:19,53065.0022414566,5034.587399565502,5079.071692127314,5032.5873305976065,4961.343494603261,5115.900548294768
2026-02-13 00:20:49,68986.99955170866,5886.685747784406,5558.122693885995,5686.782302838028,5859.098589606538,5893.720473119762
2026-02-13 00:21:19,69366.20689655172,3325.5172413793102,3379.3793103448274,3165.862068965517,3328,3299.7241379310344
2026-02-13 00:21:49,68698.05855374322,2437.9461360736573,2504.7070588640986,2505.5001896617123,2405.4622573192178,2347.253353563916
2026-02-13 00:22:19,64483.03331264225,5389.613076763914,5359.404096834264,5258.845437616387,5328.7123249879305,5450.444858266087
2026-02-13 00:22:49,64399.234429960685,4680.6676322505,4950.479343402993,4611.042140837299,4890.0613835436925,4903.441616663218
2026-02-13 00:23:19,62213.58620689655,4111.517241379311,4181.6551724137935,3814.344827586207,4131.793103448275,4071.7241379310344
2026-02-13 00:23:49,62520.223440571004,4447.432847143202,4804.592945070859,4679.32140271025,4709.21692355436,4679.976552532671
2026-02-13 00:24:19,66748.4827586207,4240.3448275862065,4185.241379310345,4504.482758620689,4412.827586206897,4390.068965517241
2026-02-13 00:24:49,63567.620689655174,9408.896551724138,9505.413793103447,9570.793103448275,9669.793103448275,9768.206896551725
2026-02-13 00:25:19,37339.12683633355,1590.8683357472933,1538.830264156149,1372.715359679978,1571.2118077108769,1589.2130491758055
2026-02-13 00:25:49,1894.4101520742092,1708.6106417462668,1695.127418186834,1699.8172350770715,1695.6446774026688,1700.7483016655744
2026-02-13 00:26:19,4208.176383177247,3366.969623665204,3396.8275909734944,3345.6819988250336,3334.623492414556,3349.7598230638973
2026-02-13 00:26:49,5168.597834333404,3150.562107731568,3224.9120629008903,3014.587212911236,3188.4267880543493,3120.008276432858
2026-02-13 00:27:19,4283.881647010138,1265.466583902338,1235.0506931512518,1265.466583902338,1228.636457686737,1228.636457686737
2026-02-13 00:27:49,4828.752715610883,1521.5007414048757,1571.9852408703746,1481.602813890134,1520.0524156005376,1544.1222111107277
2026-02-13 00:28:19,4938.642477754019,1848.4514037387048,1937.2283920811203,1835.2072842657103,1925.4328481754847,1914.4650617369114
2026-02-13 00:28:49,4964.481533845994,1659.229628607883,1709.438256491603,1674.5060174488774,1696.8171316252283,1665.3677713024586
2026-02-13 00:29:19,4391.151419014448,1508.879616538501,1498.3964964309112,1517.9833787371977,1497.7068174764645,1493.1549363771162
2026-02-13 00:29:49,4495.4650481084245,2683.7948753319306,2684.7604924647376,2725.00603510708,2747.456633444839,2707.176604476325
2026-02-13 00:30:19,4624.767225325884,2539.8303331264224,2547.348092971929,2551.486309400648,2506.5866611490446,2535.9679977929513
2026-02-13 00:30:49,4566.782770631445,1632.9965168810566,1624.4439079904816,1664.2066420664205,1655.0677656309272,1659.7579059902748
2026-02-13 00:31:19,7069,4433.724137931034,4454.068965517241,4461.103448275862,4329.517241379311,4420.758620689655
2026-02-13 00:31:49,6851.369059935168,2023.5188633698874,2026.277674322367,2046.0376577695013,2081.1780122767086,2070.6255603834747
2026-02-13 00:32:19,6695.875577626043,1288.0198634388578,1337.1956686668045,1364.5078970963514,1353.9554452031175,1339.885509345472
2026-02-13 00:32:49,6881.125633686243,2157.188674690485,2222.160913197917,2094.458047384212,2234.920853881436,2239.33510363141
2026-02-13 00:33:19,6495.155005345011,1595.158453739784,1605.1587985792612,1647.9188937549568,1621.6421255905375,1631.366598848236
2026-02-13 00:33:49,7083.074694806538,1511.5525208635079,1544.3134009242017,1534.7610180012414,1513.2767777088075,1501.9656528036417
2026-02-13 00:34:19,7278.339138531572,3316.618960582129,3406.1454633237922,3372.9696175466424,3373.038590198986,3367.2448874021447
2026-02-13 00:34:49,6813.4161062252115,1469.6326952922918,1512.7435764787033,1503.604069667184,1505.1560613898948,1506.1907225383686
2026-02-13 00:35:19,6819.884129939996,1637.906062487068,1714.6010069659976,1711.0835230015862,1739.637216359749,1691.633905786606
2026-02-13 00:35:49,7179.943444375475,2153.3898889578595,2177.115663149183,2086.0404165804543,2189.323401613905,2176.356990137251
2026-02-13 00:36:19,10445.149498223955,4613.2358519846875,4685.036383074111,4707.28006345484,4624.82325757837,4536.676207883574
2026-02-13 00:36:49,12280.285527087139,1487.0857615779853,1521.5697093003205,1544.1566950584502,1546.8119590330698,1520.8800303458738
2026-02-13 00:37:19,10767.010380384178,1462.1512570265888,1457.599061971928,1454.2883746594475,1477.6011311514983,1432.9758250853536
2026-02-13 00:37:49,10387.501724375776,1850.117257552766,1920.7476893364603,1842.978341840254,1900.8828803972963,1924.4723410125534
2026-02-13 00:38:19,10541.363495292939,1376.5302251801784,1472.7404393254938,1474.809476188834,1483.9132383875303,1446.4636711610742
2026-02-13 00:38:49,10397.627340759389,1888.4022485084663,1877.4355967858744,1843.7079697899783,1851.7777701141497,1854.9505121219436
2026-02-13 00:39:19,11798.192978826128,1726.2914683771298,1748.9137181874614,1655.700393130561,1786.0542106352166,1785.0196565280366
2026-02-13 00:39:49,11219.850329344414,1620.6504121115977,1729.0409352691656,1655.1712246094423,1642.031934338035,1635.6174776701037
2026-02-13 00:40:19,11521.604193248042,3144.5911927997513,3092.623883582192,3083.071830063105,3099.83102865616,3097.003344942929
2026-02-13 00:40:49,11498.689655172413,2016.4827586206895,2174.4827586206898,2075.6206896551726,2132.8275862068967,2108.6206896551726
2026-02-13 00:41:19,17967.24024966378,4344.08083037346,4349.874133590813,4339.184109796889,4348.218904100141,4333.73564605676
2026-02-13 00:41:49,19466.291941101415,2092.58939963447,2035.4494982585604,2099.2103175971583,2095.037759922756,2076.0026207800265
2026-02-13 00:42:19,18828.743338490636,4106.240330067046,4202.028537046589,4223.689186866083,4222.520199415508,4358.329035585354
2026-02-13 00:42:49,20023.310344827587,2241.1724137931033,2418.6206896551726,2266.103448275862,2311.5862068965516,2370.8965517241377
2026-02-13 00:43:19,18630.159660677953,3003.0690713472873,3048.380978654436,2973.1370047243004,3007.82785613297,3027.897513707369
2026-02-13 00:43:49,20881.03448275862,2497.793103448276,2538.4827586206898,2421.0689655172414,2520.0689655172414,2500
2026-02-13 00:44:19,19923.241379310344,2184.7586206896553,2462.551724137931,2447.2413793103447,2426.551724137931,2443.310344827586
2026-02-13 00:44:49,18222.049796537696,1711.5663149182706,1755.9831712531902,1807.7453617490864,1769.2944340989036,1757.4315470032418
2026-02-13 00:45:19,18921.11889076674,1887.7660124857725,1796.4336219087368,1893.9744076156317,1897.2855516848897,1847.6183906460183
2026-02-13 00:45:49,19216.35228800993,2042.001448325804,2192.2824924997412,2154.5915376392286,1983.7235766750575,2164.9712059036515
2026-02-13 00:46:19,30601.62041027409,4857.507326323047,4872.608171004998,4826.685054300982,4852.12894328564,4817.169453542492
2026-02-13 00:46:49,33353.39357152711,2685.26693337012,2656.435370395917,2736.4808939164022,2750.793212856946,2766.1746447785904
2026-02-13 00:47:19,34170.022757051236,1262.6025791324737,1229.0876491276465,1248.9483483897664,1227.0188262878423,1293.221157161575
2026-02-13 00:47:49,34526.70781751094,2577.9509638263385,2635.2632849408596,2604.8139591020376,2605.2622504224278,2543.8118555812266
2026-02-13 00:48:19,35408.0893762284,3184.166063239198,3113.478845557049,3067.204579152443,3171.9595876004273,3146.3052998172475
2026-02-13 00:48:49,36643.53703959167,1487.5844944130226,1476.2725893226652,1483.5494550972548,1468.8922610015175,1489.3088701889917
2026-02-13 00:49:19,34268.87394378341,4174.788756682186,4306.604586997758,4516.571822728057,4433.729953440248,4393.998965338851
2026-02-13 00:49:49,35551.010553907705,2655.7218734910675,2707.2497758156865,2518.969441953508,2622.5425950196595,2578.878388632131
2026-02-13 00:50:19,34969.28751163352,1269.0358829409533,1402.0888628451278,1409.3274964668574,1394.229774912964,1366.9297852538693
2026-02-13 00:50:49,33766.70804883095,2488.03365749362,2511.483550589696,2498.2067728808884,2494.378922684323,2405.3382991930475
2026-02-13 00:51:19,57942.89852074066,3410.089307265266,3403.5378090410672,3525.3267128719694,3383.6074618116613,3421.6751146512183
2026-02-13 00:51:49,64903.8275862069,3106.4827586206898,3295.2413793103447,3309.551724137931,3209.7241379310344,3240
2026-02-13 00:52:19,65881.1338322011,1959.9986206420908,1978.2061450394838,1989.5858477878544,1925.0318976516428,1937.6530225180177
2026-02-13 00:52:49,65935.65295355012,5355.219145487775,5405.013965998827,5742.094554984654,5619.573088727197,5642.677333701161
2026-02-13 00:53:19,61477.92951238018,3208.4971377336374,3429.9606869439276,3448.7895716946005,3487.481895303125,3465.756259052349
2026-02-13 00:53:49,63601.29659643435,1571.5714334977065,1617.5730197593018,1603.193213559088,1638.6082278699264,1628.3320114486703
2026-02-13 00:54:19,66632.71498517344,3998.8276670574446,4312.185366526447,4407.489138680091,4289.01455072064,4359.561409557961
2026-02-13 00:54:49,63505.5001896617,3519.0178971688674,3546.260215869512,3583.5373633573568,3476.6716093658397,3480.2579399289625
2026-02-13 00:55:19,64700.05862271112,2840.925549156867,2497.258526156074,2730.232076968171,2724.2318700644846,2836.787475430187
2026-02-13 00:55:49,59262.52629401013,1820.0627607848544,2040.8289941032447,2022.862857339908,2003.5863305631226,2019.0351391427287
2026-02-13 00:56:19,18851.994896375734,2476.154350150005,2352.4949136177106,2592.779061346943,2544.4325666402287,2553.1225214662572
2026-02-13 00:56:49,2070.418649562039,1557.5556934961032,1777.5708669563417,1732.6367335678322,1756.8797848127456,1713.3595420373817
2026-02-13 00:57:19,1541.4482758620688,1306.896551724138,1264.1379310344828,1332.1379310344828,1327.5862068965516,1351.1724137931035
2026-02-13 00:57:49,5320.6551724137935,4309.6551724137935,4407.758620689655,4300.931034482758,4334.9655172413795,4330.275862068966
2026-02-13 00:58:19,4524.036140423478,2117.3874060280023,2086.350782812608,2071.453203669219,2070.625560383475,2031.5194151320784
2026-02-13 00:58:49,4655.332942515259,1775.2336287458186,1835.5115693644607,1921.755922618021,1893.582537328873,1797.5792268698917
2026-02-13 00:59:19,4365.956272846404,1645.561762880199,1705.4279605490037,1664.2527070832475,1672.460169666874,1662.5974205117598
2026-02-13 00:59:49,4880.3448275862065,1649.3103448275863,1730,1803.344827586207,1724.6896551724137,1771.5862068965516
2026-02-13 01:00:19,4821.222885126047,2447.839431665345,2505.4315963720383,2465.496430665241,2472.7385591612924,2501.707073145498
2026-02-13 01:00:49,5222.360162769846,2994.689288916477,3053.314021656666,2954.3071935995586,3036.0024829298573,3027.519139250983
2026-02-13 01:01:19,4173.805090006207,1478.239878612318,1517.3460238637147,1489.619973791296,1466.0321401475962,1489.8268846127319
2026-02-13 01:01:49,4999.793103448275,1628.551724137931,1704.6206896551723,1654.103448275862,1618.6896551724137,1692.344827586207
2026-02-13 01:02:19,4446.030760742121,1388.4405821091111,1374.1637354300299,1360.3007103938205,1392.5787985378304,1358.6454238223328
2026-02-13 01:02:49,7611.262457326114,4523.7421980068275,4663.126314700507,4569.433428738921,4626.71126590572,4634.228766509189
2026-02-13 01:03:19,6408.186489189282,1454.8087865098794,1440.877271630056,1464.5332597675779,1430.807958895134,1426.2560777957858
2026-02-13 01:03:49,7348.78267466722,1919.8565418304713,1851.2311193875444,1904.7865370025522,1900.820746258363,1891.3718187461207
2026-02-13 01:04:19,6888.099589641021,1263.14700506914,1229.6286078830303,1245.5601917307492,1238.5254663953929,1229.4217041966963
2026-02-13 01:04:49,7119.318573694739,1917.9253741637358,1906.476308710946,1879.9572384302369,1925.6500448306783,1912.269811711153
2026-02-13 01:05:19,7364.194338126271,2401.0206544601906,2306.6790800317226,2377.021482017861,2344.5398434536737,2384.055722216475
2026-02-13 01:05:49,6918.586206896552,2228.6206896551726,2386.8965517241377,2363.6206896551726,2338.689655172414,2381.9310344827586
2026-02-13 01:06:19,6981.068965517241,1680.3793103448277,1594.6896551724137,1552.3103448275863,1638.8275862068965,1647.7931034482758
2026-02-13 01:06:49,6658.3330459671015,1875.8922721473152,1959.929652746646,1999.103417359219,1943.1014862581465,2008.4140832442495
2026-02-13 01:07:19,6876.241379310345,2810.689655172414,2719.0344827586205,2746.8275862068967,2773.655172413793,2753.793103448276
2026-02-13 01:07:49,11488.016828166486,4938.653057001965,5021.414531535569,5125.5215697093,4909.34170143798,4980.378633745991
2026-02-13 01:08:19,11315.379310344828,1494.4137931034481,1477.0344827586207,1351.655172413793,1487.3793103448277,1457.7931034482758
2026-02-13 01:08:49,11107.137931034482,1516.4827586206895,1604.7586206896551,1591.9655172413793,1579.1724137931035,1559.7241379310344
2026-02-13 01:09:19,10516.293665298803,1248.6637470257592,1273.0783820131726,1272.2507672678366,1253.8363391841096,1253.4225318114416
2026-02-13 01:09:49,11268.165672310928,1527.951167362141,1568.3691416353415,1597.61354622892,1598.7171086664137,1554.4366658619856
2026-02-13 01:10:19,11133.793103448275,1440.344827586207,1438,1463.0344827586207,1464.1379310344828,1464.344827586207
2026-02-13 01:10:49,11190.48275862069,1599.3103448275863,1705.7931034482758,1699.2068965517242,1667.0344827586207,1711.7241379310344
2026-02-13 01:11:19,11583.709783095966,4622.504224283595,4575.399151694885,4705.472602503534,4556.501948343046,4657.264043587709
2026-02-13 01:11:49,11882,1493.3103448275863,1518.344827586207,1507.344827586207,1511.103448275862,1528.4137931034481
2026-02-13 01:12:19,11417.620689655172,1584.9655172413793,1592.9655172413793,1585.9310344827586,1603.7241379310344,1574.1379310344828
2026-02-13 01:12:49,20176.275862068964,4806.551724137931,5008,5016.172413793103,4854.827586206897,4933.241379310345
2026-02-13 01:13:19,19343.598055105347,2461.0158970998996,2485.051208662367,2329.666540225525,2371.9438601331076,2406.0829683782194
2026-02-13 01:13:49,20689.42685702462,3025.243120215187,3342.5753500241394,3196.254914132009,3258.6385267949513,3271.260086902545
2026-02-13 01:14:19,19540.20918473367,1347.3713375354992,1368.3590773706449,1380.619242224839,1388.1000207799405,1346.747939322574
2026-02-13 01:14:49,20842.604407352483,2239.266130979067,2190.5714384246644,2322.8954719453736,2294.2373348967135,2295.892678552954
2026-02-13 01:15:19,19053.758620689656,1247.1724137931035,1260.344827586207,1227.3103448275863,1273.3103448275863,1287.3793103448277
2026-02-13 01:15:49,18899.962067657503,1470.809338253043,1528.3975309493428,1500.637953032863,1487.4995689506532,1457.9123418048896
2026-02-13 01:16:19,19409.068965517243,4157.793103448275,4258.137931034483,4160.275862068966,4232.3448275862065,4221.6551724137935
2026-02-13 01:16:49,19429.507518278384,2773.0721478824667,2683.0597323768798,2876.2243068009384,2864.5330390398676,2808.249413712236
2026-02-13 01:17:19,19695.817097141276,3902.6173316321247,3875.719852408703,3884.8925825028446,3901.7897168867885,3917.9282044208417
2026-02-13 01:17:49,36342.42560088279,5144.453257008861,5064.864305665712,5166.488499603434,5089.692748025794,5109.417566122969
2026-02-13 01:18:19,33940.68965517241,2395.655172413793,2215.5862068965516,2396.0689655172414,2349.103448275862,2347.0344827586205
2026-02-13 01:18:49,38044.383901782945,2923.267924268028,2249.370624547367,2963.30654895334,2908.162913404835,2893.609683760389
2026-02-13 01:19:19,36364.05959031658,2866.8873715428654,3489.3096075591425,2882.5436236981864,3055.659010966274,2980.619353058832
2026-02-13 01:19:49,35034.41616663218,2594.040968342644,2578.7295675563832,2752.0173805090008,2722.1877370853163,2749.982757431547
2026-02-13 01:20:19,37059.82964929825,5193.420462774578,5395.151556950239,5367.564398772371,5395.220524845684,5342.942860098623
2026-02-13 01:20:49,37812.71122146355,4277.67432236706,4124.698255052072,4346.6101110421405,4223.53265742465,4235.878336436996
2026-02-13 01:21:19,34932.308010621055,2296.8378219938613,2394.979137211628,2437.9461360736573,2391.6686782302836,2305.941584192558
2026-02-13 01:21:49,32014.24187040932,3352.0811062450425,3522.397324045656,3459.119279975171,3422.8076830235523,3597.986137453015
2026-02-13 01:22:19,32162.114628595074,2696.116973584385,2708.117801227671,2688.8061245603144,2661.3559555831434,2703.151941513208
2026-02-13 01:22:49,63597.28257121182,5858.369542727086,5738.050900062074,5799.882750534521,5852.748465411409,5845.644527208774
2026-02-13 01:23:19,66776.63206538607,3817.98117046591,4078.352933062041,4141.738800565576,4088.3539676518258,4100.562127116598
2026-02-13 01:23:49,66227.98124008552,3116.904614111318,2888.6819780674527,2995.482447065315,2906.2004276156977,2896.4756190082076
2026-02-13 01:24:19,70917.92537416374,5931.857369473757,6527.932960893854,6593.282295330712,6480.929719290985,6562.452582936754
2026-02-13 01:24:49,71618.2018829534,4248.715384350105,4702.107114529089,4617.40869745146,4503.707280063455,4474.186984860503
2026-02-13 01:25:19,69607,3411.655172413793,3301.862068965517,3253.5862068965516,3375.0344827586205,3396.551724137931
2026-02-13 01:25:49,67639.96275476774,7559.05783356899,7947.511811566714,8043.4872573024795,7908.47329034038,7883.505190192089
2026-02-13 01:26:19,68137.46249612028,3320.3434838086696,3159.4992585439873,3446.5634375969926,3349.725833706935,3355.5885091561195
2026-02-13 01:26:49,67737.57715783302,1510.810717610952,1577.985447774061,1520.2248353391494,1561.9848960308973,1389.4272216283318
2026-02-13 01:27:19,66522.0195192606,3347.725626788978,3150.1879504776357,3494.0166224092145,3456.771390143808,3409.2492326792426
2026-02-13 01:27:49,9643.492654665839,1865.4389957928133,1864.9562038761294,1858.5074832747086,1857.2315332091869,1915.9252362231878
2026-02-13 01:28:19,2986.136974963791,2048.6585281743573,2394.0961445616945,2415.201048348162,2381.8884060969726,2374.8534381681498
2026-02-13 01:28:49,5281.295261742189,3850.644872060142,3656.6659769639286,3624.5603145044483,3621.353196772191,3570.7290157941925
2026-02-13 01:29:19,4531.036623215395,1248.7068073660255,1253.2588454376166,1257.8108835092078,1248.0860749017177,1259.8799917235674
2026-02-13 01:29:49,4786.812883647148,1440.8235050693152,1538.9337195668666,1509.3109869646182,1468.8599213738878,1511.4145803158838
2026-02-13 01:30:19,4658.5399496534355,1647.1602469050654,1586.3995310183107,1635.5736404703607,1633.5046036070207,1647.7809579640675
2026-02-13 01:30:49,5006.069593406214,1737.3866262027107,1818.2570610752837,1815.256750698348,1788.2539573059282,1760.0441424974997
2026-02-13 01:31:19,4724.419767562162,1389.8679173707624,1397.5238817808738,1406.0075180191054,1350.9673414491153,1374.7629065075696
2026-02-13 01:31:49,4837.862068965517,1725.0344827586207,1772.8275862068965,1802.8620689655172,1748.2068965517242,1722.551724137931
2026-02-13 01:32:19,4704.590130013449,1951.581198054971,2009.5182260233817,1971.5832672345414,1977.8597785977859,2054.488395351243
2026-02-13 01:32:49,4854.541692530519,2327.1949789640666,2370.71522173943,2320.1944961721497,2366.783916132147,2380.991792537416
2026-02-13 01:33:19,5554.48651631147,3224.153389888958,3240.223463687151,3221.2566383888543,3241.3269880681423,3249.189599282709
2026-02-13 01:33:49,7181.777425250888,2833.396558264648,2828.637445252957,2899.161982274028,2799.1861227023483,2811.049418905404
2026-02-13 01:34:19,6634.444942580267,1710.8321550505225,1746.4565299858605,1844.3287236610684,1821.9815843018243,1839.1557747353174
2026-02-13 01:34:49,7322.677426029382,2189.909648941307,1983.9644113387133,2091.2131871163533,2113.938892337403,2057.1073867163254
2026-02-13 01:35:19,6737.697003138255,1435.7347311790875,1530.7445597820463,1464.9101631203227,1388.971272890299,1438.010828706418
2026-02-13 01:35:49,7003.551969101317,2367.956410786951,2266.91495965239,2298.4688599213737,2328.298503345058,2360.507621215256
2026-02-13 01:36:19,6978.860611076626,2293.227119111663,2279.9503414028554,2339.540657976412,2339.540657976412,2341.6097661907716
2026-02-13 01:36:49,7377.888130215877,1995.344506517691,1903.0277950203463,1920.649699979309,2002.2070487619835,1927.7191530450375
2026-02-13 01:37:19,7025.690541053139,1499.5689506534707,1470.1196592985964,1531.3631504534637,1471.016241939377,1417.2902513879787
2026-02-13 01:37:49,6945.375543140907,1570.970411752535,1755.5003793365063,1740.3614042347751,1704.324436168012,1772.329126146631
2026-02-13 01:38:19,8297.29636526657,4156.1831850472445,4231.947030829712,4158.28677839851,4156.631491827023,4086.07490171736
2026-02-13 01:38:49,11395.620689655172,1566.896551724138,1559.1724137931035,1589.4827586206895,1584.344827586207,1582.6896551724137
2026-02-13 01:39:19,10392.440857990206,1427.4087868128836,1426.4432029795157,1459.2730533140216,1451.824263742327,1454.1002827781226
2026-02-13 01:39:49,10681.18490930409,1678.9433754052004,1759.7075660390371,1718.911649079247,1755.086557693634,1700.8759224774121
2026-02-13 01:40:19,10684.17422491982,1766.113735903714,1635.893368279477,1763.6307204193536,1751.8363968686415,1796.9445115011897
2026-02-13 01:40:49,10599.53791510052,1520.604158764095,1521.5007414048757,1512.0176557812335,1519.6386082278698,1497.8447532673538
2026-02-13 01:41:19,11202.524224973273,2132.6942308355456,2103.1070036897822,2077.1061071071413,2078.2785613297006,2094.623952550088
2026-02-13 01:41:49,11075.005172770538,1806.8142630526247,1837.9888268156428,1815.194151320781,1812.2629146837717,1833.6436995654876
2026-02-13 01:42:19,11098.169028654183,1841.9364849487947,1816.2821971656147,1808.4203992965759,1788.1452363711594,1800.3517120099305
2026-02-13 01:42:49,11130.944580473843,1746.1116667241438,1893.0234162154704,1831.1204607373177,1878.952995137428,1814.8084284581164
2026-02-13 01:43:19,13742.775363818195,4143.803020897993,4267.811573211946,4459.204083040209,4282.295330712463,4341.88564728602
2026-02-13 01:43:49,19989.755441343867,4454.8308095615885,4513.124762857438,4625.745921147943,4634.2658066296435,4629.919630230072
2026-02-13 01:44:19,19337.26341917468,4003.999034715758,3825.4214499948284,3963.870789809356,4001.3100286137824,4017.8577584720924
2026-02-13 01:44:49,19858.22671310825,3757.078318446736,3747.560092423354,3917.6121667758734,3769.079559954478,3785.288133255164
2026-02-13 01:45:19,18848.27063002172,1918.7558191661778,1974.7577502672502,2018.8282354563949,2001.8621331770057,2000.6207110590017
2026-02-13 01:45:49,18091.288453579804,2813.3535660091047,2584.2874879293695,2702.234791005656,2647.537591391916,2765.8297696233963
2026-02-13 01:46:19,18515.813071219174,1727.5047421969305,1908.673909294706,1973.5471633040179,1919.2274530091395,1911.1570960510433
2026-02-13 01:46:49,19476.65195199338,1771.4167471375363,1919.9199889639951,1922.3686025658712,1899.7103048696372,1824.8034211615395
2026-02-13 01:47:19,19526.67517329379,2486.6365486084765,2294.2373348967135,2361.140807669759,2420.595233989723,2484.6708280166913
2026-02-13 01:47:49,20338.218559260662,3466.1540053105273,3388.66857477844,3440.911755577778,3487.292665264319,3507.2933549432732
2026-02-13 01:48:19,25796.896551724134,3928.172413793103,3822.2758620689647,3853.03448275862,3814.2068965517233,3833.655172413792
2026-02-13 01:48:49,35696.81713162523,2643.0566571261074,2442.739404807062,2521.9145487775436,2601.1931445911923,2624.090485878823
2026-02-13 01:49:19,36269.14721197282,2905.7553708748574,3340.0806924376698,3241.2152143177345,3206.6622986999546,3113.6935756405387
2026-02-13 01:49:49,36906.16270648687,2611.097699762044,2625.0991481877436,2676.0354519433045,2570.334862227127,2575.921647066938
2026-02-13 01:50:19,33161.78093530142,3109.6702993516346,3442.681749206787,3503.7246516760933,3434.4047454821357,3524.899986204994
2026-02-13 01:50:49,37106.79678609606,2206.14503948412,2223.455981240732,2103.6242629056173,2191.454877754405,2147.6602641470395
2026-02-13 01:51:19,35700.13105255897,6694.7510001379505,6638.501862325838,6758.035591116016,6708.7184439233,6859.084011587805
2026-02-13 01:51:49,35277.15704531347,1639.9406855645216,1571.2807779846885,1561.4525139664804,1551.1414580315884,1552.382922960204
2026-02-13 01:52:19,31203.317355770883,2381.944204972585,2402.427669919652,2199.79999310321,2345.942963550467,2256.905410531397
2026-02-13 01:52:49,36318.114417738536,2427.1181764888443,2617.8833752888027,2648.5396048139587,2625.745715369495,2666.0919342046273
2026-02-13 01:53:19,48696.748163729775,5003.344942929066,4888.3754612228,4998.793061829718,4977.481982137314,5023.207696817131
2026-02-13 01:53:49,66145.76364702231,1507.0174833614951,1541.0876237111622,1539.1910065864338,1548.6051243146312,1497.3619779992412
2026-02-13 01:54:19,60355.57624663771,3224.5672115318303,3032.898820608318,3127.5950065521765,3212.9802055314167,3224.1533898889584
2026-02-13 01:54:49,65291.89226471704,11153.80901472566,11045.55643687278,11068.21395316757,11179.432355071214,11177.08728489154
2026-02-13 01:55:19,67888.67813911784,6455.391937096941,6628.616753457254,6406.731730868711,6539.642031934338,6568.403627961513
2026-02-13 01:55:49,68590.52972823838,1472.6858877086495,1487.17064422679,1528.521175334529,1445.095875293144,1508.3459787556906
2026-02-13 01:56:19,68168.70710763182,4396.523778321895,4320.033106873125,4269.889988619512,4471.014242852709,4473.91109425113
2026-02-13 01:56:49,63821.40147596386,4413.614732050486,4765.156217670184,4826.091454583075,4616.525277605352,4715.773501620802
2026-02-13 01:57:19,63303.020897992974,3691.2890544175466,3831.022829160632,3955.996965307953,3839.2992620180707,3807.4349955169328
2026-02-13 01:57:49,60439.164022623816,8467.09891019451,8541.040143468064,8678.679817905919,8784.246102910747,8745.413160435923
2026-02-13 01:58:19,43734.7058417822,4603.938202634666,4677.598455065868,4882.750534519623,4786.330091730465,4735.636940478655
2026-02-13 01:58:49,4652.85009827925,3968.0333804613947,4030.6562295251556,3714.921204179454,3940.3427704403593,3947.58439946205
2026-02-13 01:59:19,5014.759638595765,2750.879370991103,2803.296779088213,2781.778053658873,2725.0844885854194,2768.1219394440996
2026-02-13 01:59:49,5033.591998620452,2065.666494223142,2113.8817037420245,2113.6402828073806,2068.9774098982584,2077.8754957751335
2026-02-13 02:00:19,4705.123784566582,1577.4774153506655,1604.7858768360804,1511.895731328874,1591.9591752292945,1587.8215295496864
2026-02-13 02:00:49,5326.574246499759,2681.3573349886206,2756.879784812746,2673.8050900062076,2701.6345954893445,2706.32457410856
2026-02-13 02:01:19,4994.378922684323,2700.1862197392925,2766.74253396786,2641.6649424098214,2758.4661011104213,2721.6359748948203
2026-02-13 02:01:49,4922.310344827586,1608.6896551724137,1598.8275862068965,1709.9310344827586,1619.7241379310344,1662.0689655172414
2026-02-13 02:02:19,4558.0477179129375,1363.942684047514,1386.6103944726185,1310.6429325074027,1375.3786460637828,1348.830877097444
2026-02-13 02:02:49,4679.0344827586205,1585.103448275862,1616.6896551724137,1609.8275862068965,1627.3103448275863,1626.4137931034481
2026-02-13 02:03:19,4483.103448275862,1298.2413793103449,1395.2413793103449,1387.7931034482758,1384.6896551724137,1367.7241379310344
2026-02-13 02:03:49,7124.211179695851,4984.275319838614,4861.477981999378,4873.237008172695,4786.854719128245,4894.927411290044
2026-02-13 02:04:19,6167.379310344828,1430.4827586206895,1390.1379310344828,1447.2413793103449,1455.3103448275863,1364
2026-02-13 02:04:49,7202.006965757439,2139.7979240663467,2217.8695817097137,2207.007138177178,2193.5928825131896,2207.9382047656813
2026-02-13 02:05:19,6403.144610716503,1252.0515826494725,1257.6374043169437,1248.9483483897664,1211.7095372732915,1223.915592028136
2026-02-13 02:05:49,7120.750293083236,1877.4567271222675,1883.249431073719,1949.279360044135,1916.0057927039516,1742.0177918764223
2026-02-13 02:06:19,6771.4216751146505,3058.101444777766,2986.9314851212025,3085.1349953449876,3015.964966725285,3249.198303506775
2026-02-13 02:06:49,7300.172413793103,3222.206896551724,3208.7586206896553,3216.5172413793102,3238.137931034483,3220.8275862068963
2026-02-13 02:07:19,7000.172401903317,2214.12316391973,2144.9555203089444,2071.788152541204,2183.5045858906283,2138.4732087442244
2026-02-13 02:07:49,7130.81856423695,1673.6776774015586,1734.363147369147,1708.9511068202194,1714.640369629681,1786.2906006482312
2026-02-13 02:08:19,6201.503344596925,1183.1942624646576,1246.258878698021,1241.7074684504516,1247.5001724019035,1243.3625267222951
2026-02-13 02:08:49,10352.206896551725,4528.379310344828,4453.448275862069,4429.9655172413795,4372,4252
2026-02-13 02:09:19,10382.58620689655,1604,1665.0344827586207,1565.7931034482758,1652.6206896551723,1766.8275862068965
2026-02-13 02:09:49,11374.974139714503,1872.8363561133715,1859.595889938625,1857.699469002138,1869.1814357630508,1923.1777118819393
2026-02-13 02:10:19,11045.688079721387,1597.2552670597563,1510.499637943519,1591.255473949174,1582.1523395744973,1524.5681183407467
2026-02-13 02:10:49,10910.20999275887,2334.057446294955,2497.4311230647218,2486.983207475604,2463.15644288128,2540.4641219268296
2026-02-13 02:11:19,11549.655172413793,1540.896551724138,1663.7241379310344,1607.3103448275863,1673.4482758620688,1622.9655172413793
2026-02-13 02:11:49,10278.247077888496,1792.8834948108818,1836.499672447678,1840.395821121953,1844.4988449470748,1892.1490880253768
2026-02-13 02:12:19,10670.666528740388,1517.7407675597394,1603.5309127271476,1627.7369745870833,1631.6678735216028,1572.7043895038103
2026-02-13 02:12:49,11335.862068965516,3154.0344827586205,3121.793103448276,3030.0344827586205,3095.310344827586,3081.862068965517
2026-02-13 02:13:19,11106.310344827587,1544.896551724138,1486.7931034482758,1515.5172413793102,1550.6896551724137,1549.2413793103449
2026-02-13 02:13:49,17725.285334988446,5296.644943277817,5528.533498844867,5314.1270990655485,5334.781559256577,5373.538843488155
2026-02-13 02:14:19,18903.658494534673,1923.1750629288647,1854.4188131443746,1844.4881210992726,1911.1754767077,1946.5535671183754
2026-02-13 02:14:49,20624.12937038825,2923.5914764499003,2993.241845389973,2938.5214812771533,2988.000827529136,3037.7215364457625
2026-02-13 02:15:19,20827.206896551725,1739.7931034482758,1824.896551724138,1831.9310344827586,1829.655172413793,1863.5862068965516
2026-02-13 02:15:49,20138.955934073514,4643.128060133784,4606.440935107924,4457.9339355906495,4407.144334873457,4437.624991379905
2026-02-13 02:16:19,17977.20846838149,3083.3045996827805,3073.236328529067,3114.1300599958627,3163.092200537894,3138.2663264602443
2026-02-13 02:16:49,18882.52129236923,1432.950587910762,1547.7397331126515,1499.637943519189,1495.0518947622497,1492.5692217509743
2026-02-13 02:17:19,19379.986897003553,4243.129547256992,4084.9625874969834,4037.033205751526,4182.338540050343,4078.5490155511884
2026-02-13 02:17:49,19496.275862068964,1898.8275862068965,1972.8275862068965,1926.5862068965516,1899.5172413793102,1965.7241379310344
2026-02-13 02:18:19,18440.582726326746,2802.2892819979193,2783.142559833507,2935.900104058273,2843.7044745057237,2849.739854318419
2026-02-13 02:18:49,32216,5759.586206896552,5875.241379310345,5868.517241379311,5931.862068965517,5917.655172413793
2026-02-13 02:19:19,32232.74018897855,2563.625077591558,2894.1306296986,2800.8138492309813,2860.404165804538,2815.5045175529344
2026-02-13 02:19:49,35390.41969858951,2102.9761699486153,2042.9699624099044,2120.2538193606233,2085.526088905749,2106.9765837845293
2026-02-13 02:20:19,34632.66432167736,5533.48506793572,5722.4636181805645,5716.1873232636735,5774.05338299193,5796.399751707014
2026-02-13 02:20:49,34381.93103448276,3732.689655172414,4000.6206896551726,4000.9310344827586,3932.137931034483,3956.551724137931
2026-02-13 02:21:19,35381.37112904338,3160.4938271604938,3156.3556107317745,3025.174149941375,3154.286502517415,3150.9759293744396
2026-02-13 02:21:49,34066.2436635746,2106.4174626711265,2194.2825614676367,2065.898824097382,2104.210490016897,2017.104038070278
2026-02-13 02:22:19,33677.40266905755,2358.081313148729,2307.5968136832303,2442.70492085934,2395.737784061519,2442.635952963895
2026-02-13 02:22:49,36386.35815028104,3363.2194213593566,3578.4682230421736,3560.640022069726,3436.1874547398183,3427.635435704679
2026-02-13 02:23:19,33541.96551724138,2327.655172413793,2380,2355.1724137931033,2313.3793103448274,2313.793103448276
2026-02-13 02:23:49,58211.96027038212,6488.136294661333,6579.942060973928,6712.339633052835,6625.396606428473,6607.463098358395
2026-02-13 02:24:19,61984.448275862065,3074.8965517241377,3349.862068965517,3370.7586206896553,3349.448275862069,3322.344827586207
2026-02-13 02:24:49,63268.664436704705,2246.491258319252,2314.7005069140314,2382.46146418842,2366.5643642884233,2247.525776750922
2026-02-13 02:25:19,64949.68965517241,3277.5172413793102,3439.7241379310344,3322.7586206896553,3419.1724137931033,3372.6206896551726
2026-02-13 02:25:49,66178.18470239326,4693.0133112628455,5119.904821022139,4922.09807572936,5006.069384095455,3268.2943651286296
2026-02-13 02:26:19,68490.6551724138,1253.5862068965516,1241.0689655172414,1244.4827586206895,1361.1724137931035,2984.6206896551726
2026-02-13 02:26:49,65893,4455.724137931034,4762.896551724138,5170.448275862069,5113.586206896552,5132.9655172413795
2026-02-13 02:27:19,67767.88054348575,8796.399751707015,9229.326160424856,8768.397820539347,8972.136009379958,9146.768742671908
2026-02-13 02:27:49,66369.81860817989,7335.747292916754,7203.669218566799,7390.7510862818135,7457.341885647287,7332.850541416651
2026-02-13 02:28:19,61836.58057174384,4024.552570778302,4314.148763750473,4079.864822924928,3985.861581433842,3985.654677747508
2026-02-13 02:28:49,23513.449203393342,1824.8155045175533,1851.4725153458862,1619.5944547899858,1806.8832333264365,1852.3346437685361
2026-02-13 02:29:19,1612.0978032210228,1403.4555298824016,1411.0080353139979,1447.9428906438598,1364.3480360037245,1413.3875918198435
2026-02-13 02:29:49,1775.900124155056,1582.9079873085943,1610.670437301697,1561.2843150779418,1579.8041109118499,1571.6650572492758
2026-02-13 02:30:19,4247.931034482758,3392.8965517241377,3273.7586206896553,3397.103448275862,3395.0344827586205,3407.448275862069
2026-02-13 02:30:49,5038.933719566867,2876.543209876543,2839.919994482378,2868.7150837988825,2847.7826056969448,2828.1950479343404
2026-02-13 02:31:19,4612.896551724138,1404.0344827586207,1473.3793103448277,1530.0689655172414,1522.4137931034481,1563.9310344827586
2026-02-13 02:31:49,5005.172770535899,1894.8548175736257,1839.1268363335403,1866.1631836678391,1883.7850886268018,1850.74832747086
2026-02-13 02:32:19,4835.615021207627,1536.6736784027032,1513.6039173764611,1459.084796027449,1541.8462705610536,1573.0887271974893
2026-02-13 02:32:49,3453.460702831327,1831.4308376728627,1830.4652205400557,1794.8408456047177,1800.4621167707003,1786.2537503879712
2026-02-13 02:33:19,5113.130128956624,2777.946348527688,2778.1532308116684,2649.0586856078894,2566.719536583684,2717.9504861733676
2026-02-13 02:33:49,5279.088212980206,2906.3383681633213,3031.9677219118557,2913.3388509552383,2999.793089178564,2957.9281329746877
2026-02-13 02:34:19,4426.320858558063,1702.1876719867917,1675.976884975234,1651.0044028618604,1658.0214639515686,1678.040726472207
2026-02-13 02:34:49,5249.137931034483,2773.448275862069,2732.5172413793102,2706.0344827586205,2737.310344827586,2753.793103448276
2026-02-13 02:35:19,6652.482758620689,4568.206896551724,4671.413793103448,4671,4783.310344827586,4617.103448275862
2026-02-13 02:35:49,7056.519190316906,1648.5051208662364,1713.4383944273939,1801.0276216421253,1721.369702403531,1685.368460981413
2026-02-13 02:36:19,7101,1532.3103448275863,1376.3103448275863,1481.5172413793102,1474.896551724138,1433.7241379310344
2026-02-13 02:36:49,7222.068965517241,1725.9310344827586,1784.9655172413793,1719.896551724138,1761.7931034482758,1741.1724137931035
2026-02-13 02:37:19,6984.931034482758,1684.8275862068965,1616.5172413793102,1642.896551724138,1667.0344827586207,1637.0344827586207
2026-02-13 02:37:49,7333.4022964725345,1594.3588152132684,1635.2884383297126,1635.1505120513084,1603.1860970311366,1650.8396262197853
2026-02-13 02:38:19,6971,2772,2926.7241379310344,2860.8275862068963,2959.7241379310344,2838.4827586206898
2026-02-13 02:38:49,6951.067278182005,1922.3421497293007,2005.793303217352,1967.7575088796164,1999.517224731887,2019.8627538880648
2026-02-13 02:39:19,6643.056657126107,1569.7093003207005,1487.0857615779853,1547.9844132556293,1567.4333597710263,1563.7090934170142
2026-02-13 02:39:49,7198.17924756026,1560.8469257560603,1817.3730128625123,1656.8157522673193,1653.0914859133072,1718.1282113176314
2026-02-13 02:40:19,10449.153419083415,4190.178971688679,4129.797579226869,4296.52746646436,4172.005931239008,4120.486913341839
2026-02-13 02:40:49,11612.798675999036,1928.5246353825469,2315.243250698204,2424.1285384270595,2352.515257042375,2425.5421852911772
2026-02-13 02:41:19,10014.690161729714,2295.975723300803,1997.1033483913236,1909.5830890720367,1964.4125659505498,1915.997103348391
2026-02-13 02:41:49,11508.56867004586,1735.7677321471672,1880.3144719147613,1749.974138822799,1831.1092720940655,1786.2142684735006
2026-02-13 02:42:19,11416.58620689655,3610.5862068965516,3423.5172413793102,3566.4827586206898,3564.344827586207,3590.8275862068963
2026-02-13 02:42:49,10259.448275862069,1784.2413793103449,1886.0689655172414,1781.1379310344828,1881.7931034482758,1858.8275862068965
2026-02-13 02:43:19,11068.034482758621,1581.2758620689656,1568.896551724138,1587.5172413793102,1575.5172413793102,1586.4827586206895
2026-02-13 02:43:49,11028.65714876888,1815.9183391958065,1852.6105248637837,1835.3334712738808,1850.541416649424,1808.469549624112
2026-02-13 02:44:19,10506.67264388427,1234.1804889823786,1168.8678919962756,1249.0775543984273,1243.077347494741,1245.7670954170833
2026-02-13 02:44:49,11369.865848191192,2474.3939028175328,2502.948580887678,2357.24385281236,2464.392868227748,2485.153636583095
2026-02-13 02:45:19,17019.311676667356,4265.121732533278,4270.708324712049,4204.841713221602,4235.671425615559,4269.811711152493
2026-02-13 02:45:49,19936.379310344826,1574.551724137931,1628,1602.0344827586207,1590.6206896551723,1700
2026-02-13 02:46:19,18966.92989413428,1370.530018276492,1465.981585571916,1444.256698506845,1464.11945239491,1456.6709196868856
2026-02-13 02:46:49,18882.973588028413,1780.359975174126,1754.3617681539206,1785.083787325012,1818.90904075581,1831.2530170333082
2026-02-13 02:47:19,19183.61435812558,1669.6665632219576,1650.0120685493603,1633.1850625840486,1692.2175097410432,1659.8048343160578
2026-02-13 02:47:49,20680.862068965518,2910.137931034483,2962.8965517241377,3079.551724137931,3025.862068965517,3094.4137931034484
2026-02-13 02:48:19,17573.793103448275,4357.379310344828,4352.827586206897,4369.379310344828,4299.0344827586205,4392.482758620689
2026-02-13 02:48:49,20268.871340391044,3425.566398841339,3326.666436773681,3487.0512776302626,3434.946032621814,3371.564536708162
2026-02-13 02:49:19,17654.896551724138,1706.6896551724137,1767.1724137931035,1821.5862068965516,1806.6896551724137,1778.344827586207
2026-02-13 02:49:49,20179.04065657436,3993.6549536190896,3706.403669092037,3951.7569571364525,4028.759612400427,3951.101762129728
2026-02-13 02:50:19,30883.293859197474,3851.7145505097315,3969.416126042632,4139.77276627879,4093.6395153262624,4019.290838567947
2026-02-13 02:50:49,34369.987241819246,1478.2938519361398,1580.0489638288334,1497.2931967863176,1520.7751456846313,1474.776731836833
2026-02-13 02:51:19,34043.06896551724,1227.3103448275863,1180.5172413793102,1248.6206896551723,1243.4482758620688,1258.6896551724137
2026-02-13 02:51:49,34598.37252603269,1976.8291841941937,2080.9944141783326,1884.1114405903043,1961.3130128956625,1976.346458864906
2026-02-13 02:52:19,35069.79069687252,1668.8734871211338,1624.7025964621912,1733.1816144270888,1716.4235716009794,1734.8367297679392
2026-02-13 02:52:49,34557.22216475294,1998.1379952415432,1888.5555670494118,1963.3460915140854,1948.8983138512463,1943.2433364366743
2026-02-13 02:53:19,35670.32171304437,4021.826833557463,4227.5783593669175,4230.405848074204,4212.406468742457,4166.201165477052
2026-02-13 02:53:49,36541.32901134522,2575.60605538122,2608.848580985551,2463.015966067795,2544.1566950584497,2532.1562812510774
2026-02-13 02:54:19,34796.32439142128,2387.6974001792983,2388.7318115992002,2378.180815116199,2332.6667126405077,2319.426246465761
2026-02-13 02:54:49,34487.569394158825,2669.563118513155,2446.536326333575,2670.907899727596,2642.1847522499224,2625.8404882590257
2026-02-13 02:55:19,54835.55739457261,7683.666080479984,5957.898003517121,7972.897486293577,7845.108789352092,7825.247405261888
2026-02-13 02:55:49,63328.93103448276,1930.0689655172414,3579.689655172414,2005.551724137931,1979.5862068965516,1958.6206896551723
2026-02-13 02:56:19,65808.81288142607,7406.888942523188,7382.822466641383,7352.067027548876,7424.956039030446,7437.161672930388
2026-02-13 02:56:49,51247.258809737265,6601.751603337701,6279.015240328254,6537.859457968416,6848.631128887663,6810.771670919247
2026-02-13 02:57:19,65089.76171592123,4322.080071726611,4439.187558191661,4218.007517500603,4380.84071864547,4334.494292906651
2026-02-13 02:57:49,62495.98289714148,4419.433812627151,4624.943967449399,4777.904210199648,4766.5942553705045,4675.769801041344
2026-02-13 02:58:19,63100.99303496311,1237.5698227708435,1240.87993931453,1284.0838562857734,1221.2261223363907,1233.0184125232743
2026-02-13 02:58:49,65295.75862068965,1542.2758620689656,1446.4482758620688,1786.2413793103449,1760.2758620689656,1764
2026-02-13 02:59:19,64149.13278852453,5181.338574531912,5573.842281300645,5306.782524740525,5241.750284472949,5281.266163235749
2026-02-13 02:59:49,68821.04065377057,1514.568463156443,1603.186097031137,1562.6702527499053,1467.7424916382195,1544.4984655701528
2026-02-13 03:00:19,24656.137931034482,3841.8275862068963,3507.3793103448274,3901.7241379310344,3906.551724137931,3935.9310344827586
2026-02-13 03:00:49,2368.862068965517,1852.3103448275863,1754.344827586207,1791.4827586206895,1774.896551724138,1763.3103448275863
2026-02-13 03:01:19,5062.519397220593,4116.141935928825,3970.4472568019582,4106.003655298458,4078.4854650160346,4021.1731439015134
2026-02-13 03:01:49,4925.381883383332,1907.2445777731805,1970.7941105479124,1862.659908279025,1924.209510016896,1813.4547084583292
2026-02-13 03:02:19,4670.39067618358,1166.8907968690733,1260.370332057515,1250.4396400124133,1233.4747077686975,1267.7493879521394
2026-02-13 03:02:49,5007.241379310345,1933.9655172413793,1913.2413793103449,1803.2068965517242,1901.1724137931035,1878.7586206896551
2026-02-13 03:03:19,4528.395572566463,1258.5083272990585,1253.5429812765076,1245.888072825075,1236.1642701975793,1251.680976518051
2026-02-13 03:03:49,5064.308127305955,2078.2041998551776,2020.7579048998311,1976.0697906968726,2022.2061308230752,2096.479431743733
2026-02-13 03:04:19,4630.542721191642,1530.4461761257844,1558.9959313150819,1501.9309013171505,1516.791945383077,1483.1390938555962
2026-02-13 03:04:49,5153.0344827586205,3041.7241379310344,3068.0689655172414,3048.448275862069,3026.2758620689656,2951.0344827586205
2026-02-13 03:05:19,4362.793103448275,2031.7241379310344,2052.6206896551726,2045.7931034482758,2022.8275862068965,2133.2413793103447
2026-02-13 03:05:49,5080.5144650184475,2102.2033722975066,2121.857866970104,2070.4458466949413,2111.720285507396,2071.9975173269886
2026-02-13 03:06:19,7051.653391262369,4176.890452053377,4100.755146374262,4104.065377055963,4130.754111927175,4148.546601841315
2026-02-13 03:06:49,7288.285802958721,2072.554226007793,1780.8889961722816,1787.9582054553603,1814.5453291492809,1942.0669678264765
2026-02-13 03:07:19,6413.833528722157,1191.435073443211,1234.0528239431765,1239.5696848493208,1224.8810426867112,1257.0167574650025
2026-02-13 03:07:49,7054.050327473285,1944.3640124095139,1877.076870044812,1892.3474663908996,1913.340227507756,1912.306101344364
2026-02-13 03:08:19,6461.843238587424,1369.6468561584838,1373.367786391042,1406.8561584840652,1346.0809646856158,1319.4832041343668
2026-02-13 03:08:49,6849.089780719901,1645.3592607916148,1666.6666666666665,1654.4269755895739,1651.4273893256102,1677.561715625431
2026-02-13 03:09:19,6599.910347919036,1540.1537878004206,1592.9105892900243,1581.8764870176888,1580.7041136512532,1410.1582704044686
2026-02-13 03:09:49,7560.291024447432,1746.5604634322951,1689.9072445777729,1785.7660080686871,1729.7334574669837,1771.5940829626563
2026-02-13 03:10:19,6690.60754430729,2621.888145645128,2696.0554444521067,2681.0564788635265,2653.1273705261706,2643.1970208951107
2026-02-13 03:10:49,8305.137931034482,2737.7586206896553,3022.689655172414,2976.655172413793,2976.137931034483,2976.4827586206898
2026-02-13 03:11:19,11468.310344827585,4058.2758620689656,3936.8275862068963,3795.448275862069,3860.0689655172414,3816.206896551724
2026-02-13 03:11:49,11487.241379310344,2385.344827586207,2288.206896551724,2232.965517241379,2335.5172413793102,2340.4827586206898
2026-02-13 03:12:19,10184.85569463122,1782.55922209579,1793.317471811317,1824.3164028826593,1776.3525395676013,1756.90493431261
2026-02-13 03:12:49,10976.65597738009,1868.694182959208,1860.4186062549566,1941.1399606910104,1890.900313782283,1920.0027585255677
2026-02-13 03:13:19,10788.179717940759,2589.979655873935,2537.705596358746,2607.979035205682,2554.808454880866,2572.807834212613
2026-02-13 03:13:49,10755.24981897176,2110.8927278369715,2120.0648253508502,2156.0291024447433,2091.996827695597,2184.269507948002
2026-02-13 03:14:19,10893.827586206897,2053.9310344827586,1934.6206896551723,1990.2068965517242,1904.8275862068965,1976.8275862068965
2026-02-13 03:14:49,11969.552774042273,1626.0818592462326,1594.08296265646,1621.6337367676974,1631.323057825592,1661.5289127961103
2026-02-13 03:15:19,10777.214578807627,2827.5576704251575,2961.1392710596183,2804.7998344884654,2940.7951449949996,2908.1066170132062
2026-02-13 03:15:49,13380.827586206897,4830.689655172414,4981.862068965517,4923.206896551724,4914.827586206897,4910.413793103448
2026-02-13 03:16:19,18905.58620689655,2927.310344827586,3007.2413793103447,2984.2758620689656,2917.2413793103447,2928.6206896551726
2026-02-13 03:16:49,19585.048791420984,2408.0548946588046,2530.119651046515,2435.2608530740317,2455.294645012241,2493.0864452949895
2026-02-13 03:17:19,20530.705837729736,3143.8915899451745,3188.786593565739,3006.517016654598,3118.0304127443883,3145.546705286025
2026-02-13 03:17:49,19224.130202406814,2179.4420882038553,2111.8582117858004,2099.272438881418,2167.5114651218923,2177.4421571669945
2026-02-13 03:18:19,20432.655172413793,2331.448275862069,2147.310344827586,2332.8965517241377,2291.7241379310344,2314.8965517241377
2026-02-13 03:18:49,19558.877280093788,2088.134891900279,2102.6861142719213,2152.443019206234,2065.239129685183,2137.8573152649906
2026-02-13 03:19:19,20282.61094445019,1297.7483535050515,1302.9895520844107,1302.506810109996,1323.8164201234438,1289.679666218406
2026-02-13 03:19:49,19821.385469466568,1830.2817144236403,1800.4896382883346,1791.489948622461,1813.7995241543392,1538.0159304851554
2026-02-13 03:20:19,17052.067709449326,1435.7903006928077,1521.2484822512677,1526.8195128919363,1502.3926862366973,1821.0842082708377
2026-02-13 03:20:49,22047.44991206593,5157.660608986516,4958.860650367254,4851.30521742129,4850.994861891789,4934.583951170729
2026-02-13 03:21:19,35470.81336413475,2231.1485018791163,2125.6421749474193,2414.9915525980073,2516.8430851980834,2371.7546460710964
2026-02-13 03:21:49,34326.32232259844,2324.8741466105785,2162.6094752086065,2251.741259223502,2259.637266395421,2297.2898420798565
2026-02-13 03:22:19,35157.1778337184,2124.521535225352,2124.3491154867406,2173.7990965205695,2246.1464188420287,2229.1803165626397
2026-02-13 03:22:49,36592.352515257044,2747.888149501776,2885.3566872392516,2736.6479329724516,2815.915594938455,2623.038995965935
2026-02-13 03:23:19,34516.05117064928,1828.592117513189,2052.8947277680077,2021.7923519878623,2040.0675838764178,2277.1628564532257
2026-02-13 03:23:49,32829.86540195719,2023.3793126482085,1972.345613038977,2054.607394542601,1996.7268962292512,2059.2498580541737
2026-02-13 03:24:19,37219.8082626388,3247.4998275743155,3336.0921442858125,4299.055107248776,3287.123249879302,3309.7454996896336
2026-02-13 03:24:49,35427.073994896906,1498.1725398248398,1493.2763257706365,1607.3719053858356,1486.2423281153024,1484.5183090821324
2026-02-13 03:25:19,32476.793103448275,1433.3103448275863,1284,1390.4827586206895,1373.9310344827586,1429.5862068965516
2026-02-13 03:25:49,42906.150875741274,5066.266721831471,5043.166459798648,5176.975589573852,5042.959591780444,4987.863742932009
2026-02-13 03:26:19,65374.77154384633,1527.4319804131176,1535.6391599710332,1403.220800717266,1627.0905893306663,1455.498465464326
2026-02-13 03:26:49,61947.07444057512,3584.5946971003004,3597.558873220012,3347.584732613868,3555.149467296487,3554.1150915422545
2026-02-13 03:27:19,64707.1480293783,9409.744491569258,9513.947794903625,10014.930519637255,9674.838798662116,9691.389952070618
2026-02-13 03:27:49,65342.11524535328,3571.1576261250384,3377.840615193627,3742.3014586709883,3646.125728473395,3655.9191696265384
2026-02-13 03:28:19,64005.89675506051,5214.179799303423,5503.913928066484,5544.880857960618,5463.774612917686,5501.63798751681
2026-02-13 03:28:49,61156.93644608434,5777.854408772715,5941.860064140142,5971.688678919962,5982.895961929721,5912.89354805338
2026-02-13 03:29:19,26167.936825407767,1111.5210869340322,1201.42073864616,1195.4894996379185,1171.8335115003963,1196.2481464878097
2026-02-13 03:29:49,65131.620689655174,5977.724137931034,6300,6273.758620689655,6236.689655172414,6221.862068965517
2026-02-13 03:30:19,66861.1724137931,3136.3793103448274,3249.9310344827586,3234.8275862068963,3221.5862068965516,3138.8275862068963
2026-02-13 03:30:49,63274.96551724138,2415.310344827586,2479.0344827586205,2469.4827586206898,2472.551724137931,2472.137931034483
2026-02-13 03:31:19,1617.2971481775232,1355.28811338322,1352.1845580882098,1342.6669885168453,1318.4592572157658,1328.3906341597985
2026-02-13 03:31:49,1838.9021068239028,1398.4690183097136,1458.3635047067344,1499.1552015447744,1496.7759732423021,1543.4640184821214
2026-02-13 03:32:19,1869.4437739232385,1441.5324666367803,1591.4341873857718,1603.6415048794784,1527.087140935894,1569.5023966343665
2026-02-13 03:32:49,3078.8566305772015,2500.586166471278,2539.3421143369424,2502.482587407765,2515.2058478725608,2519.343493552169
2026-02-13 03:33:19,5287.389220317941,3690.0237939239278,3755.9915859167554,3699.6448153384595,3775.4405324321524,3739.8530983827022
2026-02-13 03:33:49,5012.654736043584,2010.86169442433,1881.3144374331916,1865.8322126823211,1935.1746491500292,1899.382779904141
2026-02-13 03:34:19,4353.517241379311,1346,1323.4482758620688,1293.103448275862,1296.7586206896551,1289.103448275862
2026-02-13 03:34:49,5346.218835132245,2169.7989585847786,2023.9318597193003,2246.111934894306,2174.281871788682,2088.7616814372905
2026-02-13 03:35:19,4601.213876819091,2099.7310159321332,2055.5210704186493,2083.0402096696325,2103.9382026346643,2089.661355955583
2026-02-13 03:35:49,5010.102751534377,3408.3856285773395,3487.276739535205,3417.660850975795,3416.9367629818635,3363.078408385629
2026-02-13 03:36:19,4539.466878168212,1486.3960826235386,1559.2951481085552,1501.362115935032,1554.950170695541,1524.9491361771093
2026-02-13 03:36:49,4660.287576290472,1621.8061446157028,1690.631357539395,1661.0116892520946,1651.9430364470188,1645.1846488052133
2026-02-13 03:37:19,4606.137931034483,1382.655172413793,1350.896551724138,1319.8620689655172,1337.8620689655172,1460
2026-02-13 03:37:49,6267.595434325321,3323.942204903617,3340.5289837580603,3385.7029552743193,3295.6308838235796,3241.8359253767367
2026-02-13 03:38:19,6407.606634253991,2804.6619082100615,2868.2459225543944,2863.797800075859,2843.212303024033,2867.8321437191817
2026-02-13 03:38:49,6384.19364849488,1379.0903761939244,911.5547739733113,1448.743146788042,1474.0871004448124,1409.3651943036448
2026-02-13 03:39:19,7267.611461673736,2096.7897658701427,2570.3251612013382,2023.7922830247235,2076.0663425399125,2125.2715423606082
2026-02-13 03:39:49,7199.33818206887,1493.7092826858777,1624.5562028196202,1482.2308779428492,1492.7441315363137,1555.2031987866671
2026-02-13 03:40:19,6684.555199393376,1658.4289801123634,1764.1746803157205,1832.7990900630753,1793.6097611415573,1786.3716265122532
2026-02-13 03:40:49,6944.9693124612095,1519.8951796427832,1521.757120198607,1489.3455623750087,1468.5883732156403,1469.9675884421765
2026-02-13 03:41:19,6686.607820150335,2040.6178884214883,2002.7584304530724,2123.681125439625,1808.4270050341356,2102.682573615613
2026-02-13 03:41:49,7031.342666023033,1991.7247086407835,2022.274325908558,2041.3074960347562,2391.2143990069653,1985.0355147920834
2026-02-13 03:42:19,6876.0344827586205,1418.896551724138,1422.4137931034481,1374.3103448275863,1487.7931034482758,1415.7931034482758
2026-02-13 03:42:49,8959.965517241379,4410.413793103448,4444.620689655172,4439,4357.172413793103,4345.6551724137935
2026-02-13 03:43:19,10479.464809131348,1538.3289078933753,1595.572261112452,1612.745267078175,1576.3302182833888,1542.811821097279
2026-02-13 03:43:49,10886.835390662713,1818.90904075581,1804.9100062064686,1720.8468381490932,1801.7378111854355,1794.841735052755
2026-02-13 03:44:19,10845.3846419089,1627.9438640046897,1517.326988724527,1552.463708147995,1553.256784248819,1529.2576118064896
2026-02-13 03:44:49,10865.147231225434,1794.3590097234674,1858.2856354734156,1899.1448865595478,1835.5975449968969,1853.1825391352322
2026-02-13 03:45:19,10444.793103448275,1832.1379310344828,1883.7931034482758,1832.2068965517242,1876.9655172413793,1871.7931034482758
2026-02-13 03:45:49,11301.379310344828,2180.0689655172414,2231.103448275862,2061.344827586207,2185.7241379310344,2157.5862068965516
2026-02-13 03:46:19,10900.38274542257,1213.199544843281,1195.3725733595393,1263.0598944863968,1238.0262749560359,1231.1989241750282
2026-02-13 03:46:49,10899.096489413065,1779.9158562659497,1917.8219187530178,1832.9884819642737,1852.81743568522,1867.7150148286091
2026-02-13 03:47:19,10433.713753749613,2182.4638830465815,2112.1263317587836,2239.0787159948973,2224.3905802847985,2169.8444988449473
2026-02-13 03:47:49,14457.0521448045,4898.264140525244,4797.114953238775,4917.037650550436,4931.1522931980535,4861.924974980157
2026-02-13 03:48:19,19956.929226104334,1221.9350837295844,1215.0093032871614,1259.0448625180898,1187.4440079939357,1169.1130866239405
2026-02-13 03:48:49,20699.85171902479,2071.519707576123,2023.6559881375217,2152.6604365667777,2111.5900548294767,2115.5212248698226
2026-02-13 03:49:19,21052.379310344826,1206,1246.344827586207,1212.8275862068965,1262.0689655172414,1238.0689655172414
2026-02-13 03:49:49,16310.196200131028,3004.517085617737,3086.5142581290297,3021.9992414054686,3044.032964380538,3123.7543532981617
2026-02-13 03:50:19,19129.616220130338,2329.2300265508084,2497.9138650391365,2515.2925761180645,2483.0178269714834,2382.745422571635
2026-02-13 03:50:49,18954.587772835417,1542.3606082548877,1548.1535119478638,1566.877004241233,1557.1876831833383,1584.152270611358
2026-02-13 03:51:19,18637.41379310345,3258.7586206896553,3309.7241379310344,3229.862068965517,3400.137931034483,3316.4827586206898
2026-02-13 03:51:49,20021.758620689656,3193.9310344827586,3457.1724137931033,3381.0689655172414,3467.862068965517,3408.551724137931
2026-02-13 03:52:19,18030.928901455074,1765.0506861595752,1638.921453692849,1784.7045031377147,1796.4967933245985,1744.1555754775534
2026-02-13 03:52:49,24501.603503569084,4435.877099210317,4618.848925825027,4710.058967550604,4594.848098210283,4628.780302769061
2026-02-13 03:53:19,35549.41379310345,4622.068965517241,4907.241379310345,4673.241379310345,4867.793103448275,5059.586206896552
2026-02-13 03:53:49,38715.029479709,4049.0294107506124,4127.504051305038,4106.023514808813,4023.7906423473437,4016.8258456021795
2026-02-13 03:54:19,34944.61877995793,3420.3938066829887,3336.39091003138,3354.4604986378836,3422.7387151281073,3577.9854477740605
2026-02-13 03:54:49,34847.660425502574,5319.8165580497225,5069.618289024517,5304.3343332988525,5314.368470052757,5341.470983759181
2026-02-13 03:55:19,33449.88103858488,4728.3886762525435,4426.674942243371,4782.800593082998,4598.875900831006,4713.561601324092
2026-02-13 03:55:49,37106.094030056534,2964.014890390184,2954.4326485592173,2782.882944988281,2915.138563353096,2882.8071142975327
2026-02-13 03:56:19,37522.05724891141,3476.2652580483973,3298.593761153544,3295.6670711685347,3377.3288600185597,3409.665215218788
2026-02-13 03:56:49,36105.441004068685,6563.547341562651,6228.467002275705,6804.461761257845,6742.983242534998,6674.160402730847
2026-02-13 03:57:19,35953.48757025136,5670.516843085199,5477.502327345448,5457.504396096956,5547.77092024963,5536.1859118022285
2026-02-13 03:57:49,44551.39477949036,5240.233095410503,5273.749181062722,5172.200958587634,5248.163856418743,5199.200027585255
2026-02-13 03:58:19,66746.33658587043,3066.717236147985,3381.9949660379966,3357.79057338896,3332.1380546839987,3408.2681101954972
2026-02-13 03:58:49,69553.86206896552,2413.5172413793102,2403.2413793103447,2202.862068965517,2359.448275862069,2423.0344827586205
2026-02-13 03:59:19,59834.59191062376,1263.4736733216093,1255.8187648701767,1248.9914140891692,1249.8189717595944,1217.8200751698216
2026-02-13 03:59:49,62033.89655172414,5018.206896551724,5076.413793103448,5255.758620689655,5044.896551724138,5052.9655172413795
2026-02-13 04:00:19,60022.243680380714,6050.350036210641,6094.837396972099,6292.168155326412,6250.715591268061,6234.300100010344
2026-02-13 04:00:49,64263.34298717418,4634.808991863191,4849.882774789684,4698.145083436767,4840.159977934078,4635.2227278996
2026-02-13 04:01:19,60629.61175091373,3783.6700917178127,4028.687676711951,4093.6487138818015,3989.793807323633,4139.5765809254535
2026-02-13 04:01:49,63366.0815890203,4923.273216317803,4929.859650332769,4936.6874719817915,4875.133625297423,4930.790716921272
2026-02-13 04:02:19,66678.37931034483,6714.793103448275,6799.896551724138,6639.586206896552,6818.896551724138,6754.482758620689
2026-02-13 04:02:49,46107.23028652209,3713.2365617349933,3687.8943557563016,3480.5709754163368,3656.2424576767926,3641.623280350309
2026-02-13 04:03:19,2189.655172413793,1781.0344827586207,1637.103448275862,1658.4137931034481,1669.1724137931035,1933.8620689655172
2026-02-13 04:03:49,2388.3793103448274,1774.7586206896551,1890.7586206896551,1946.7241379310344,1946.4827586206895,1990.6896551724137
2026-02-13 04:04:19,5330.735811323358,4201.227501551617,4230.0530997862215,4236.742293634922,4184.401075787877,4219.984828632509
2026-02-13 04:04:49,5011.551325816351,1550.9810006551497,1646.0122064756385,1584.6694941553737,1644.908796248405,1609.0479638633149
2026-02-13 04:05:19,4646.413793103448,1468,1366.6896551724137,1428.344827586207,1375.1724137931035,1370
2026-02-13 04:05:49,4953.6551724137935,1834.4827586206895,1947.8620689655172,1888.7931034482758,1838.9655172413793,1919.0344827586207
2026-02-13 04:06:19,4522.757051237846,1382.6632646024414,1356.7340183435626,1391.1454382456384,1433.41838493897,1359.9062133645955
2026-02-13 04:06:49,5519.775180166201,1744.9743112306471,1817.868349367263,1875.4180890314126,1813.7995241543392,1865.177062859901
2026-02-13 04:07:19,4451.260301368918,1454.2946794938105,1424.9163821937173,1411.1927174925002,1444.1570980311021,1404.641219268301
2026-02-13 04:07:49,5133.788490052067,1618.5648770732041,1841.7295955311884,1689.1141684769489,1781.6627012861622,1765.042584738457
2026-02-13 04:08:19,4435.275862068966,1245.9310344827586,1244.0689655172414,1284.1724137931035,1206.8275862068965,1224
2026-02-13 04:08:49,5475.500844798456,3151.339608979001,3129.409330712734,3069.170028619703,3123.1336850453436,3147.2707837660773
2026-02-13 04:09:19,7130.068965517241,3737.689655172414,3841.862068965517,3822.6206896551726,3827.5862068965516,3813.9310344827586
2026-02-13 04:09:49,7432.3448275862065,1967.7241379310344,1880.3793103448277,1948.0344827586207,1870.9655172413793,1924.344827586207
2026-02-13 04:10:19,6957.932485086721,1243.4743629530014,1316.058066963208,1307.6100824109512,1318.3683321264782,1313.6098755215337
2026-02-13 04:10:49,6755.215337402159,1659.4945001896488,1601.8068342470951,1592.8071445812216,1612.0133788490054,1553.1188579704149
2026-02-13 04:11:19,6735.793103448275,1832.0689655172414,1915.5172413793102,1910.0689655172414,1948.8275862068965,1920.6896551724137
2026-02-13 04:11:49,7080.026204185775,2155.1218839430408,2273.5579078026412,2290.142399062166,2268.0412371134025,2275.764576078337
2026-02-13 04:12:19,6744.760066188639,1511.410645339217,1420.7115278543852,1401.9580805295093,1424.641478212907,1418.0226144511862
2026-02-13 04:12:49,6949.794834660875,2230.9920347574225,2279.0248612116825,2294.7139753801594,2283.5074652598187,2340.057239405538
2026-02-13 04:13:19,5826.4887417675245,1729.7334574669837,1655.5291196855278,1740.0779283472982,1682.5626702527497,1790.765835660839
2026-02-13 04:13:49,7948.8311150955105,3463.7956003034274,4229.777256740915,4274.084545893387,4282.049513826632,4277.2222605337565
2026-02-13 04:14:19,11048.655172413793,4250.275862068966,3587.103448275862,3578,3445.793103448276,3511.793103448276
2026-02-13 04:14:49,10650.953481154522,1562.0193799786198,1503.3621849029275,1508.8451325907788,1513.9832408014067,1489.7065416048827
2026-02-13 04:15:19,11772.034482758621,2061.3793103448274,2270.8965517241377,2237.793103448276,2255.448275862069,2199.103448275862
2026-02-13 04:15:49,11309.816902865417,1898.2104065377055,1783.8005586014274,1837.0745836350468,1800.4206751491326,1807.5928416261506
2026-02-13 04:16:19,11137.926278404193,1215.061549601738,1236.371159615186,1253.5429812765078,1287.1280300679289,1231.6127030102411
2026-02-13 04:16:49,10888.168557536465,1811.4417738542707,1749.439635849512,1815.8212352150072,1780.8889961722816,1835.64950515535
2026-02-13 04:17:19,11165.770053107111,1265.466583902338,1265.88040554521,1220.5669356507344,1264.0182081522864,1240.4303745085867
2026-02-13 04:17:49,11727.034482758621,2609.3793103448274,2687.793103448276,2768.2413793103447,2767.655172413793,2768.965517241379
2026-02-13 04:18:19,11567.758620689656,2946.689655172414,2885.448275862069,2941.310344827586,2866,2860.8275862068963
2026-02-13 04:18:49,12572.566463225405,3162.9943795041545,3243.4053998137992,3313.8512465087406,3188.0969621737177,3174.097444915692
2026-02-13 04:19:19,19242.43991586497,2762.111651322368,2715.14775352574,2697.355263611599,2706.8721768214887,2727.3542291645113
2026-02-13 04:19:49,19911.48275862069,1711.7241379310344,1714.4827586206895,1576.7931034482758,1721.3103448275863,1701.3103448275863
2026-02-13 04:20:19,19447.260439295194,1244.0260680666183,1239.47450087928,1238.2331643736422,1241.1296162201302,1177.476638736595
2026-02-13 04:20:49,19846.69494155374,2012.2064756387708,1897.6587014240886,1996.7932140271023,2053.170580324816,2000.6896313920208
2026-02-13 04:21:19,17689.114168476946,1899.2793351953378,1868.8321092376123,1967.6562877142164,1966.8287300437914,2012.6892176131855
2026-02-13 04:21:49,20470.241379310344,2733.206896551724,2778.7586206896553,2808.9310344827586,2801.1724137931033,2736.344827586207
2026-02-13 04:22:19,19073.721595807037,1248.5776352539567,1262.6461156511843,1286.645288093514,1235.7504913623666,1240.7158373849177
2026-02-13 04:22:49,19920.241379310344,3788.7586206896553,3907.103448275862,3773.2758620689656,3841.103448275862,3800.551724137931
2026-02-13 04:23:19,18092.69604800331,1787.330160700738,1810.4007172908475,1926.4776881164219,1903.1657355679702,1898.613697496379
2026-02-13 04:23:49,21509.4124948283,5303.302992690663,5172.458971176389,5078.023720866087,5027.513446421183,5051.510136532892
2026-02-13 04:24:19,36374.81466156339,3416.0201372366464,3550.4982586807346,3173.269887245267,3478.500741353746,3529.6024275024993
2026-02-13 04:24:49,34919.620689655174,3691.5172413793102,3796.4827586206898,3635.8275862068963,3654.6206896551726,3675.310344827586
2026-02-13 04:25:19,35958.622116478735,3088.8590048619008,2735.87117685597,3496.2932312678868,3497.189752077514,3484.2936450467223
2026-02-13 04:25:49,38365.159822075104,2653.391262370263,3266.1977173200926,2803.5240164132274,2769.9734491914073,2758.939346919072
2026-02-13 04:26:19,33602.22061308231,3966.863211613393,4041.10203096445,4067.170097582842,3941.7951105134307,3946.3466777007693
2026-02-13 04:26:49,36236.1724137931,3134.551724137931,3354.689655172414,3193.8965517241377,3229.1724137931033,3284.6206896551726
2026-02-13 04:27:19,34087.20388952105,1250.8534188476258,1239.47450087928,1215.8891072721628,1233.060928933485,1202.6481845453604
2026-02-13 04:27:49,38952.20854453295,2563.4633288507293,2655.0118961415124,2547.394917416641,2595.979448984518,2601.0827212854733
2026-02-13 04:28:19,37989.621405420316,2211.3647334666575,2345.0796496793328,2391.628163574926,2298.1173712157783,2315.495483070133
2026-02-13 04:28:49,40111.88883525274,6116.02648093235,5908.420108958003,5911.0061375077585,5985.10447555341,2830.7702917040206
2026-02-13 04:29:19,64517.862068965514,1765.1724137931035,1755.2413793103449,1887.0344827586207,1797.8620689655172,5058.620689655172
2026-02-13 04:29:49,60303.793103448275,4665.758620689655,4797.172413793103,4394.586206896552,4686.896551724138,4742.413793103448
2026-02-13 04:30:19,63132.44370883762,6494.845005344642,6162.821971656149,6433.157477328367,6466.46667356298,6428.812799558636
2026-02-13 04:30:49,66569.25623254372,7828.833488500397,7515.947725940486,7837.143546774249,7964.897762146134,7973.104375711183
2026-02-13 04:31:19,66603.6551724138,4203.310344827586,4012.137931034483,4352.275862068966,4157.793103448275,4253.379310344828
2026-02-13 04:31:49,63275.25087071967,2429.876892306631,2550.570709334804,2593.1928687196105,2540.846236077106,2583.1235559846887
2026-02-13 04:32:19,66136.62540087588,4404.841546260215,4562.260767612675,4802.751819028242,4617.193696334356,4619.883444256698
2026-02-13 04:32:49,62410.93717674643,3286.3940417902213,3324.2190193779743,3447.4518998689746,3255.085856147852,3252.6722295014138
2026-02-13 04:33:19,59520.793103448275,4049.344827586207,4070.758620689655,4358.827586206897,4246.068965517241,4220.137931034483
2026-02-13 04:33:49,61686.04530878245,4294.369159684148,4305.023964690872,4459.811730629977,4362.056480811006,4336.471156167028
2026-02-13 04:34:19,3921.238663402186,2992.310079657919,2903.4794303251833,3140.1772474912923,3125.4870857615774,3147.8326838856506
2026-02-13 04:34:49,5030.827586206897,3516.551724137931,3551.2413793103447,3491.6206896551726,3524.7586206896553,3533.862068965517
2026-02-13 04:35:19,4969.275862068966,1851.5862068965516,1824.0689655172414,1838.344827586207,1847.103448275862,1864.4827586206895
2026-02-13 04:35:49,4751.956964033242,1531.4321183489083,1562.6056070898994,1542.915272940446,1512.9487223697367,1568.4678782026965
2026-02-13 04:36:19,4552.758620689655,1286.0689655172414,1309.655172413793,1263.3103448275863,1292.6896551724137,1301.7931034482758
2026-02-13 04:36:49,4859.374461188316,1650.8500293113552,1720.4041518673055,1586.1581433842543,1676.0577950963825,1713.5763302182831
2026-02-13 04:37:19,5338.471087203889,3226.199096582876,3117.2028550739624,2984.517775249129,3151.3396089790003,3025.3439536567703
2026-02-13 04:37:49,5145.167408020412,2190.269301058584,2161.649598289714,2246.853556773904,2205.5101548222474,2087.238371090652
2026-02-13 04:38:19,4561.448275862069,1657.2413793103449,1725.5862068965516,1729.5172413793102,1724.551724137931,1702
2026-02-13 04:38:49,5036.8313963513465,1650.446597923923,1685.1398420526261,1589.8541228402937,1685.8295685760595,1684.4501155291925
2026-02-13 04:39:19,5336.988001654944,3311.2674113915323,3281.4094607640322,3346.2281064680733,3253.896014342849,3301.130878499517
2026-02-13 04:39:49,7281.852349918968,2856.9359677252505,2981.2765077066306,2871.0389296920794,2907.8997275956,2907.7618013171955
2026-02-13 04:40:19,7012.068133232191,1584.028687676712,1665.6782290876492,1581.9598648369079,1633.197710502724,1674.8500103441143
2026-02-13 04:40:49,7123.784566581616,1939.0386869871045,2038.962830149645,1958.5890628232537,2013.516309220054,2011.8612509482105
2026-02-13 04:41:19,7204.241379310345,1817.9310344827586,1708.1724137931035,1846,1845.7931034482758,1839.1724137931035
2026-02-13 04:41:49,7256.827586206897,1671.6896551724137,1757.2758620689656,1677.7586206896551,1683.0344827586207,1689.5862068965516
2026-02-13 04:42:19,6486.311288876629,2296.8415971312324,2257.4305220329634,2267.3608716640233,2243.776291290256,2223.2949451761947
2026-02-13 04:42:49,6927.036998724183,1781.5592565773595,1747.7328367987311,1661.9082100617222,1763.2495431192028,1719.5269128650737
2026-02-13 04:43:19,6792.35914764499,1248.0173781118544,1263.0163437004344,1234.4665885111372,1266.9471070960624,1257.5684435556168
2026-02-13 04:43:49,7751.939588290058,1847.6259439329676,2019.516568394193,2039.6193234716043,2023.5164304679147,2042.4812937484912
2026-02-13 04:44:19,9058.931034482759,4168.586206896552,4173.310344827586,4170.3448275862065,4105.172413793103,4089.0344827586205
2026-02-13 04:44:49,11295.886348746595,1730.9747939726217,1748.2155787731458,1657.8393848487985,1718.5614289162445,1732.2161304782594
2026-02-13 04:45:19,10645.288093514018,1565.9460018620048,1576.0835833247131,1543.7053894693288,1562.0151029274855,1556.2221992345094
2026-02-13 04:45:49,10773.95772268009,1503.2932170074828,1533.2942515259144,1563.088382358012,1507.3623228387185,1504.5346391254868
2026-02-13 04:46:19,10204.179454463945,1241.422118004069,1260.457257146798,1253.6294354977756,1248.8706507120933,1231.2838373737025
2026-02-13 04:46:49,11231.716147719046,1491.4658115237407,1508.2238543498502,1526.9473466432194,1500.9137615944278,1505.4653287817662
2026-02-13 04:47:19,12088.065928761076,2057.480776524947,2468.535567739043,2243.6467708010064,2482.1902693010584,2512.3961242715764
2026-02-13 04:47:49,10702.561980621356,2373.7457329057615,2159.9944829488636,2132.58163511603,2109.3065756353226,2122.8923140581355
2026-02-13 04:48:19,11069.965517241379,1468.1379310344828,1482.2068965517242,1431.8620689655172,1460.896551724138,1420.551724137931
2026-02-13 04:48:49,10945.934763119785,1710.2268809047653,1755.6720226191298,1715.0196538169782,1718.7090545479623,1795.6692641886766
2026-02-13 04:49:19,17054.724137931033,3993.5862068965516,4057.5862068965516,4129.6551724137935,4002.551724137931,4003.448275862069
2026-02-13 04:49:49,21090.545479622095,2072.8225639611064,2110.061375077581,2059.754499689677,2076.2706020274463,2047.1001999862078
2026-02-13 04:50:19,19679.241379310344,1737.6206896551723,1799.1724137931035,1809.5172413793102,1814.0689655172414,1764.9655172413793
2026-02-13 04:50:49,18653.679056616787,2097.8208399420732,2112.0612371560583,2001.2068133232192,2047.9966898834564,2075.305151368871
2026-02-13 04:51:19,19505.18983413221,2462.084899479292,2366.840235870202,2461.46418842029,2402.2897341287626,2294.01013828063
2026-02-13 04:51:49,19371.69850355148,2122.81911592304,2137.8525618922836,2042.8591131646094,2077.098131163368,2300.1172332942556
2026-02-13 04:52:19,18427.743870901006,1845.3156787696978,1822.9716216682184,1750.6982517844215,1813.6615978759355,1786.1453053342989
2026-02-13 04:52:49,20328.103448275862,3206.7586206896553,3222.4137931034484,2951.344827586207,3190.689655172414,3102.4137931034484
2026-02-13 04:53:19,16435.226371504432,2297.989724492259,2256.4049515533948,2240.2675769801044,2301.9206234267785,2318.678666252888
2026-02-13 04:53:49,18909.141064101237,1594.0139995172578,1537.8090410675493,1507.9824833626426,1602.703355056722,1580.7041136512532
2026-02-13 04:54:19,32222.16475293955,6991.620978586944,7046.653563670217,6944.036412537498,6949.760353091272,7029.481742008896
2026-02-13 04:54:49,33243.39700710296,2920.833045996828,3051.306806427143,2919.695193434936,2949.382801186125,2993.1728846286464
2026-02-13 04:55:19,35288.23144029517,2140.6848039722768,2078.1007551463745,1941.9330367918349,2133.8574531912695,2120.202751629254
2026-02-13 04:55:49,34816.88392302917,2212.704324436168,2429.443409890337,2231.2228429546863,2311.2628457134974,2308.159183391958
2026-02-13 04:56:19,35002.8273912144,1979.7255361699195,1980.966829873802,1979.5186538859389,1950.555134128681,1894.4900351699885
2026-02-13 04:56:49,34257.51724137931,3110.4137931034484,3323.9310344827586,3253.8275862068963,3124.8275862068963,3255.310344827586
2026-02-13 04:57:19,33814.42019240715,3063.204717078721,3146.7190786524598,3063.066790800317,3120.237233198855,3101.824075031895
2026-02-13 04:57:49,33475.691331632304,3496.034756223709,3662.230191021309,3603.5101027515343,3608.440797186401,3651.679194538308
2026-02-13 04:58:19,34110.48275862069,3459.862068965517,3660.4137931034484,3510.8275862068963,3564.4137931034484,3550.4827586206898
2026-02-13 04:58:49,32108.475277567064,2472.0364112819807,2472.7949796565754,2522.2743259085582,2467.002275705124,2485.2079166954004
2026-02-13 04:59:19,49478.397296644944,8910.451363746079,9238.509016930451,9075.96289783111,9117.478707630773,9108.996241508914
2026-02-13 04:59:49,62642.02213869443,3724.3353219076516,3785.7167488534083,4000.7931307976132,3989.034104624297,3931.1010724507737
2026-02-13 05:00:19,59553.52093247811,2318.3667839161326,2350.2310504172706,2358.507483274709,2292.916752879509,2298.089523415408
2026-02-13 05:00:49,68773.25380955664,4156.933048334828,4187.409501482452,4284.113631662415,4105.978073502034,4062.9524925877404
2026-02-13 05:01:19,68607.31034482758,6220.758620689655,6186.137931034483,6180.3448275862065,6223.862068965517,6243.103448275862
2026-02-13 05:01:49,61573.48275862069,6720.896551724138,6586.827586206897,6628.517241379311,6731.655172413793,6725.862068965517
2026-02-13 05:02:19,65412.061866371405,5262.13625826096,5375.038925988721,5387.4952423791565,5558.561987474482,5464.655202242137
2026-02-13 05:02:49,66853.75862068965,3651.4827586206898,3727.862068965517,3484.3793103448274,3711.9310344827586,3639.310344827586
2026-02-13 05:03:19,53371.80592434221,7001.34487396117,7221.283492534224,7386.737473705989,7287.009896892995,7308.527880271732
2026-02-13 05:03:49,61670.65517241379,1528.2068965517242,1523.8620689655172,1540.9310344827586,1542.2068965517242,1524.551724137931
2026-02-13 05:04:19,43613.28919692424,8115.030516189096,8351.02237853867,8827.902486121167,8579.221406158407,8576.738733147133
2026-02-13 05:04:49,2119.2413793103447,1850.7586206896551,1860.2758620689656,1590.5862068965516,1873.3793103448277,1808.4137931034481
2026-02-13 05:05:19,1579.3103448275863,1205.2758620689656,1245.9310344827586,1245.9310344827586,1265.1724137931035,1300.4137931034484
2026-02-13 05:05:49,2125.793103448276,1877.6896551724137,1911.4482758620688,1747.8275862068965,1867.8620689655172,1836.4137931034481
2026-02-13 05:06:19,5117.030447225957,4030.5506706665283,4121.306161856487,4017.1028585221193,4047.0328609358294,4083.8591772697487
2026-02-13 05:06:49,4851.413793103448,2082.8275862068967,2174.4827586206898,2102.310344827586,2133.862068965517,2040
2026-02-13 05:07:19,4381.379310344828,1255.8620689655172,1279.8620689655172,1255.8620689655172,1206.8275862068965,1246.1379310344828
2026-02-13 05:07:49,4922.899210372056,1720.9751387883175,1835.729802420606,1792.9381745457051,1826.2128892107166,1792.076135305679
2026-02-13 05:08:19,4608.200848363624,1437.0796978997828,1395.3167569058867,1436.0795944408042,1589.2678552953753,1539.0557643894194
2026-02-13 05:08:49,4626.887800841321,1887.8353217019517,1854.285911316461,1819.9779325563754,1829.7358802841184,1818.4263154265225
2026-02-13 05:09:19,4569.083824695699,1477.3283679873107,1430.502396469087,1483.9488293507118,1460.1565463259885,1448.984517775249
2026-02-13 05:09:49,5072.862068965517,1842.2758620689656,1924.9655172413793,1919.344827586207,1934.6896551724137,1964.344827586207
2026-02-13 05:10:19,4726.103448275862,1339.7931034482758,1332.0344827586207,1381.3793103448277,1379.1724137931035,1333.1724137931035
2026-02-13 05:10:49,5070.482758620689,3037.5172413793102,3108.1724137931033,3123.206896551724,3029.2413793103447,3066.344827586207
2026-02-13 05:11:19,6829.172413793103,4616.137931034483,4708.620689655172,4711.241379310345,4635.310344827586,4700.482758620689
2026-02-13 05:11:49,6917.275862068966,1760.4137931034481,1841.2413793103449,1817.6206896551723,1834.344827586207,1846.344827586207
2026-02-13 05:12:19,6635.767983998896,1545.8307469480653,1547.141182150493,1497.7584661011103,1571.0738671632525,1555.5555555555554
2026-02-13 05:12:49,6526.811269354114,1938.204765681575,1968.964447049898,1968.3092520431737,1946.0671057622674,1919.7213697024033
2026-02-13 05:13:19,6539.068965517241,1298.551724137931,1317.7931034482758,1296.4827586206895,1311.5862068965516,1322.4137931034484
2026-02-13 05:13:49,7352,2714.344827586207,2821.655172413793,2859.551724137931,2850.2758620689656,2778.344827586207
2026-02-13 05:14:19,7456.018757973864,2907.0032067859734,2764.5943243336437,2852.591289955519,2841.4192614047793,2887.4176752525777
2026-02-13 05:14:49,7235.146039518603,3628.6078830304486,3764.405669161005,3681.678678575123,3737.6461257284727,3694.1273837028857
2026-02-13 05:15:19,6985.585212773294,1634.5265190702808,1659.769639285468,1574.7982619491,1630.8021242844334,1611.352507069453
2026-02-13 05:15:49,6806.538381957376,1714.8079177874336,1707.9798606800468,1769.6048003310573,1739.7751569073728,1718.4633422994689
2026-02-13 05:16:19,11017.861453053341,4399.124168132133,4512.465087410778,4549.3603668839,4487.638357298024,4430.329988621082
2026-02-13 05:16:49,10858.172413793103,1678.655172413793,1734.2758620689656,1686.0344827586207,1711.3103448275863,1696.6206896551723
2026-02-13 05:17:19,11063.314711359404,1368.3012621560108,1427.8915787295675,1447.7550175874198,1450.8586799089592,1421.9601351817366
2026-02-13 05:17:49,11079.862068965516,1534.2068965517242,1550.3103448275863,1565.9655172413793,1526.344827586207,1491.7241379310344
2026-02-13 05:18:19,10810.075514637427,1768.4907416985623,1820.7303196441503,1752.6981828212822,1901.5206372194064,1778.6283231612704
2026-02-13 05:18:49,11337.631887456038,2527.067098820771,2437.4181090959246,2514.205916833322,2502.7929108337357,2523.20529618647
2026-02-13 05:19:19,11024.069795510188,3772.0611055553636,3854.615676402634,4004.896720576571,3910.134832235594,3973.6542639401355
2026-02-13 05:19:49,11199.268990724457,1506.8445915658078,1563.1874762939208,1489.1555463604702,1503.1205820488947,1511.258232474742
2026-02-13 05:20:19,10977.343265052761,2490.8269535830054,2414.44237533623,2518.1736671494587,2561.5559693771984,2523.8981998758536
2026-02-13 05:20:49,11554.931034482759,2989.137931034483,3040.137931034483,3048.5862068965516,3072.689655172414,3024.7586206896553
2026-02-13 05:21:19,19720.48275862069,6359.793103448275,6157.137931034483,6391.379310344828,6307.448275862069,6361.241379310345
2026-02-13 05:21:49,20087.169407951453,2594.531223061274,2640.0813765042585,2683.045412227165,2678.5972897486295,2625.0129305886007
2026-02-13 05:22:19,19795.931034482757,2366.206896551724,2331.655172413793,2323.7241379310344,2414.4137931034484,2417.793103448276
2026-02-13 05:22:49,19862.27111279699,4116.486775406048,4277.492327321631,4333.977033690816,4198.972378357874,4247.8016483327
2026-02-13 05:23:19,20353.33264370194,2783.490224475018,3059.2393365746007,3036.5849453467117,3016.861487534912,3013.6202199924137
2026-02-13 05:23:49,18910.686575399148,2563.0538984102895,2708.1623504258764,2634.67705782958,2667.816131590744,2678.2302838028895
2026-02-13 05:24:19,19021.48349943101,2238.4909824476704,2018.6902996655053,2222.7663022862853,2182.5580192420425,2185.316735059829
2026-02-13 05:24:49,20182.068965517243,3271.862068965517,3437.448275862069,3409,3325.5172413793102,3342.0689655172414
2026-02-13 05:25:19,18587.379310344826,1232.2758620689656,1261.7241379310344,1215.6206896551723,1254.2758620689656,1236.6206896551723
2026-02-13 05:25:49,19223.97682998311,4276.109367996415,4143.502396303831,4187.08409474882,4065.924214736407,4177.154087508189
2026-02-13 05:26:19,16724.946548037795,4366.094213394027,4757.638457824677,5015.449341333885,4495.758328160563,4484.92999517208
2026-02-13 05:26:49,32296.62068965517,1626.896551724138,1563.8620689655172,1638.103448275862,1618.6206896551723,1609.3793103448277
2026-02-13 05:27:19,36729.14727078376,1776.421502706803,1780.007585945312,1586.7383883314367,1790.9037619392432,1741.8709699665526
2026-02-13 05:27:49,36844.8275862069,3186.965517241379,3361.1724137931033,3023.0344827586205,3212.4137931034484,3202
2026-02-13 05:28:19,36684.75862068965,3121.1724137931033,3139.793103448276,2971.655172413793,3114.965517241379,3113.310344827586
2026-02-13 05:28:49,35895,4361.517241379311,4411.0344827586205,4274.586206896552,4302.413793103448,4331.793103448275
2026-02-13 05:29:19,36303.68965517241,3450.206896551724,3524.6206896551726,3588.8275862068963,3503.3793103448274,3406.7586206896553
2026-02-13 05:29:49,34102.724137931036,3727.3793103448274,3602.4827586206898,3797.7586206896553,3649.1724137931033,3657.1724137931033
2026-02-13 05:30:19,31718.06896551724,1277.1724137931035,1253.1724137931035,1222.7586206896551,1266.6206896551723,1296.2758620689656
2026-02-13 05:30:49,35085.724137931036,3676.689655172414,3555.862068965517,3538.5862068965516,3616.8275862068963,3611.655172413793
2026-02-13 05:31:19,65067.55172413793,5032.137931034483,5042.9655172413795,5307.586206896552,5179.0344827586205,5173.103448275862
2026-02-13 05:31:49,66959.37650872474,3187.8750258638524,3194.0823505069316,1745.0858679908958,3219.8772329126145,3377.750189668253
2026-02-13 05:32:19,64286.56644369354,1590.1661954347976,1559.2028135990622,2926.0395834770015,1553.7549134542446,1361.0785463071513
2026-02-13 05:32:49,64314.05813592634,3315.0581014447775,3344.712251301679,3122.271645805317,3291.6106341160644,3311.0582393710556
2026-02-13 05:33:19,68281.83730473464,1196.6274699127555,1246.3878064760852,1234.1804889823786,1282.9407910617606,1217.6281940756576
2026-02-13 05:33:49,66332.3448275862,3512.1724137931033,3500.0689655172414,3337.137931034483,3455.0344827586205,3482
2026-02-13 05:34:19,63099.99655184303,1270.301024102617,1231.4058135926346,1274.4388124547427,1253.4050549981034,1234.0264128823142
2026-02-13 05:34:49,58999.93103448276,3153.344827586207,3048.793103448276,2819.448275862069,2979.1724137931033,3015.5172413793102
2026-02-13 05:35:19,65964.9643091141,5541.777302665609,5632.056277802682,5608.193385978826,5796.337804751887,5791.165212593537
2026-02-13 05:35:49,63763.68150625883,4302.906996792993,4547.087830614848,4448.601675919858,4472.636987482327,4590.503120797268
2026-02-13 05:36:19,10977.1050272395,1799.3241845389973,1795.3934211433696,1651.6791945383077,1784.221777808427,1769.1193710778568
2026-02-13 05:36:49,4770.984205807297,3732.0504862404305,3823.505069315125,3730.4986550796607,3743.637492240844,3785.778329539968
2026-02-13 05:37:19,4529.9655172413795,2467.1724137931033,2548.551724137931,2494.344827586207,2493.7241379310344,2503.0344827586205
2026-02-13 05:37:49,4816.385641874417,1629.5989793455396,1611.3927105961861,1643.0812730595494,1613.1857522154407,1646.0811696148407
2026-02-13 05:38:19,4720.137931034483,1512.1379310344828,1487.0344827586207,1547.9310344827586,1505.9310344827586,1526.6206896551723
2026-02-13 05:38:49,4623.219888969346,1478.2938519361403,1515.5339471052723,1490.1210303092998,1481.3971932002346,1493.6726319782078
2026-02-13 05:39:19,4672.517241379311,1535.655172413793,1528,1541.8620689655172,1500.4827586206895,1518.896551724138
2026-02-13 05:39:49,5009.585545824426,1774.4293497000208,1741.7419488311152,1844.7348458726985,1777.3257016757466,1793.8762843941797
2026-02-13 05:40:19,4847.275862068966,2386.344827586207,2420.8965517241377,2431.0344827586205,2422.551724137931,2408.8965517241377
2026-02-13 05:40:49,5195.765371219696,2675.195696403324,2665.1953515638465,2734.956377806131,2666.367805786406,2676.781957998551
2026-02-13 05:41:19,4389.599641366943,1312.6659539984134,1254.0432428704437,1282.251112107314,1240.801406945067,1246.3878064760852
2026-02-13 05:41:49,7013.5507896007175,4600.510309633819,4733.604578994552,4822.184676918833,4659.954485897524,4769.119371077857
2026-02-13 05:42:19,7232.517241379311,1468.8275862068965,1407.2413793103449,1482.2758620689656,1458.0689655172414,1440.0689655172414
2026-02-13 05:42:49,7106.444605358436,1611.116858039378,1654.0808937622842,1571.842350263784,1652.2878521430298,1628.4266059791044
2026-02-13 05:43:19,6647.5415488587,1245.84511413006,1242.1212330184126,1253.4997586373354,1259.292462588787,1228.4670022757052
2026-02-13 05:43:49,6909.83069549326,1810.9030723078515,1779.5248439708978,1851.9706217027,1840.1434433295406,1869.5217406296335
2026-02-13 05:44:19,7432.310344827586,3539.7241379310344,3513.103448275862,3538.6206896551726,3565.1724137931033,3510.965517241379
2026-02-13 05:44:49,6674.758620689655,1941.0344827586207,1915.4482758620688,1947,1958.0689655172414,1923.9310344827586
2026-02-13 05:45:19,6491.914071928555,1543.6709078997278,1510.8444536395298,1552.9809316920107,1516.77528361091,1536.4297782835076
2026-02-13 05:45:49,7212.440950312059,1632.56439433123,1628.0128271438916,1619.9441398572465,1567.1183752284405,1563.8081445467399
2026-02-13 05:46:19,6791.413793103448,1544.0689655172414,1499.4482758620688,1526.344827586207,1554,1559.5862068965516
2026-02-13 05:46:49,10448.965517241379,4752.689655172414,4873.517241379311,4861.275862068966,4803.103448275862,4782
2026-02-13 05:47:19,11674.942243370919,1957.8635219475193,1915.4511913382298,1909.727250784456,1985.3798144891557,1964.4839833109204
2026-02-13 05:47:49,12002.793007137685,2795.9035895313955,2738.181442019241,2924.5543257129066,2882.590255508431,2923.8991758904867
2026-02-13 05:48:19,10983.862625426707,1613.9443467466638,1640.012413365056,1675.3905037757318,1642.081307541119,1664.287438364194
2026-02-13 05:48:49,11230.636595627286,3139.0440720049664,3025.5879715842475,3137.5612111180085,3130.629698599904,3110.076557003932
2026-02-13 05:49:19,11237.474569842418,1717.5269818282127,1774.7663873659526,1700.1482707492844,1771.2492672666458,1748.9052101651664
2026-02-13 05:49:49,11346.724137931034,2414.0344827586205,2466.4137931034484,2517.689655172414,2493.0344827586205,2456.4827586206898
2026-02-13 05:50:19,10826.04051819184,1602.673649393605,1484.4955898566702,1600.8131201764056,1574.3522601984562,1549.338478500551
2026-02-13 05:50:49,11652.938135447184,2142.753748061348,2178.25262795106,2240.3929002240225,2147.0963294847493,2166.810270549716
2026-02-13 05:51:19,11577.684297634647,2217.9160057927043,2172.0570995103785,2247.707054685884,2235.7078822150197,2210.261361285429
2026-02-13 05:51:49,18018.791159535223,5464.469192842121,5409.095610798883,5686.963417577493,5579.905527014447,5582.112195290143
2026-02-13 05:52:19,17385.19361401331,3249.887934898797,3426.8473500913765,3306.506672183718,3373.3319540705497,3390.4348125926695
2026-02-13 05:52:49,20290.48275862069,1685.655172413793,1768.7586206896551,1784.4482758620688,1663.3793103448277,1739.3793103448277
2026-02-13 05:53:19,20681.838557291125,3765.1115478776587,4058.204889486569,4160.2013723664695,4117.4442260611695,4087.445260508258
2026-02-13 05:53:49,19804.241379310344,2389.655172413793,2265.448275862069,2393.8275862068967,2399.310344827586,2402.8965517241377
2026-02-13 05:54:19,18006.413350803392,1762.1543341838494,1745.396869181436,1653.5411350941315,1711.1923315633405,1725.0534445900284
2026-02-13 05:54:49,18718.078686941826,3224.2336471156163,3269.6803558497977,3275.645667390779,3358.918657977311,3235.612565083962
2026-02-13 05:55:19,18600.737905589463,2343.505396365643,2456.9497603530913,2372.6078411089275,2420.05448087997,2450.4672252680944
2026-02-13 05:55:49,18914,1495.103448275862,1535.103448275862,1494.5862068965516,1530.4137931034481,1510.4827586206895
2026-02-13 05:56:19,18819.689655172413,1817.9310344827586,1766.4827586206895,1855.1724137931035,1841.9310344827586,1818.7586206896551
2026-02-13 05:56:49,33863.18184952762,5338.5283773532865,5354.596234742432,5383.387352596373,5336.528515274809,5427.763602510172
2026-02-13 05:57:19,35804.47601641435,6291.596261940066,6006.689885858133,5958.5502948377525,6279.182040760025,6255.388116831614
2026-02-13 05:57:49,34507.55172413793,4656.689655172414,4869.586206896552,4804.0344827586205,4870.9655172413795,4818.9655172413795
2026-02-13 05:58:19,33466.91493396779,2015.930485155684,2056.480811006517,2030.8265232233368,2035.791869245888,2022.7578359366917
2026-02-13 05:58:49,35953.622288886596,3929.036929761043,3893.245060515155,3933.0023102651635,3939.3124375021553,3937.036653908486
2026-02-13 05:59:19,35513.2581635116,2855.211889245198,3056.8601082721284,3087.8935209130714,3024.3095065687385,3064.2391641667523
2026-02-13 05:59:49,34977.75938760733,3698.769007965243,3652.28785214303,3573.773318161443,3708.4238474535364,3668.839005551533
2026-02-13 06:00:19,36680.724137931036,4704.551724137931,4793.931034482758,4928.3448275862065,4845.448275862069,4819.517241379311
2026-02-13 06:00:49,36272.07530255491,2352.3773402751444,2441.333655139124,2252.077371306417,2469.330758887012,2458.711167810227
2026-02-13 06:01:19,32287.817661459947,3338.298679355884,3143.6847005275677,3326.919761387538,3159.9600013792624,3189.3382986793554
2026-02-13 06:01:49,63043.76012965963,9796.751612124555,9700.40346218835,9478.568226490568,9377.909583089071,9763.922893892892
2026-02-13 06:02:19,63433.448275862065,4048.344827586207,4447.6551724137935,4516.758620689655,4410.413793103448,4387.241379310345
2026-02-13 06:02:49,72672.53982483967,2019.6538169781395,1946.1761257844287,1934.5907178815255,2073.0294462450865,1914.2817736707814
2026-02-13 06:03:19,64220.00758646849,5539.501362115934,5493.568743749784,5532.949412048691,5699.920686920238,5656.057105417427
2026-02-13 06:03:49,65655.35671183752,5318.230405848075,5622.426812868523,5510.18930381711,5486.707354918796,5477.121478569705
2026-02-13 06:04:19,70347.29836902177,7235.405675666357,7459.604841212373,7135.271197544913,7411.606496327713,7451.94993276094
2026-02-13 06:04:49,65550.75862068965,4367.379310344828,4687.0344827586205,4591.896551724138,4642.620689655172,4640.275862068966
2026-02-13 06:05:19,64243.92262335781,3395.813937450432,3291.1278921416497,3516.1546153580907,3410.434122961277,3440.639977931795
2026-02-13 06:05:49,64809.178993827794,5502.155098100065,5398.020757904899,5477.086997000103,5503.741250301713,5528.4300541360635
2026-02-13 06:06:19,67497.7416129366,1253.4565389787265,1267.1102989345932,1269.7996758955971,1241.0440299279387,1250.1465365651832
2026-02-13 06:06:49,18782.374844848986,1631.981795614398,1658.4609019445593,1598.5036546683216,1625.568887050062,1572.472762377603
2026-02-13 06:07:19,2740.637285330023,1976.7225325884547,1718.0150355196913,1994.6548037795715,2090.2131181460795,2110.6972894682394
2026-02-13 06:07:49,5283.014964485208,4014.4472794979656,4172.643265981656,4105.6134059720025,3930.5565133439077,3867.2505344459005
2026-02-13 06:08:19,4290.827586206897,1298.6896551724137,1299.344827586207,1383.4827586206895,1228.6896551724137,1376
2026-02-13 06:08:49,4984.206896551724,1635.896551724138,1669.7931034482758,1625.103448275862,1627.9310344827586,1578.6206896551723
2026-02-13 06:09:19,4596.751388074628,1732.7309721695347,1661.620167603545,1663.965237783219,1721.9712384039728,1755.2850294858088
2026-02-13 06:09:49,4957.107885391167,1727.821259869669,1799.055270144468,1823.707892287005,1839.740716477606,1775.4025445643556
2026-02-13 06:10:19,4910.482758620689,1950.8275862068965,1874.4827586206895,1954.551724137931,2002.551724137931,1952.2758620689656
2026-02-13 06:10:49,5079.896551724138,2898.551724137931,2943.310344827586,2840.103448275862,2897.5862068965516,2885.655172413793
2026-02-13 06:11:19,4836.350470673425,2230.957553187821,2219.2338195234643,2217.0959622081996,2258.1290300334467,2268.473500913761
2026-02-13 06:11:49,5250.0344827586205,1892,1855.0344827586207,1904.8275862068965,1868.1379310344828,1862.4137931034481
2026-02-13 06:12:19,5640.022069726541,2848.5120176557807,2792.579054450153,2872.8232008000273,2830.7183006310556,2842.5118107520943
2026-02-13 06:12:49,7243.0522032963245,3379.4221088200816,3389.628301496449,3451.382663264603,3429.763464588649,3400.9378663540447
2026-02-13 06:13:19,6534.241379310345,1566.2758620689656,1597.7241379310344,1553.4482758620688,1584.896551724138,1602.896551724138
2026-02-13 06:13:49,6746.922307665781,2281.5959171005893,2363.322873202524,2301.803510465878,2399.6689541018654,2263.043553225973
2026-02-13 06:14:19,6665.609268326322,1403.0066891938488,1440.4523825943038,1396.0416522998414,1406.523688021516,1397.8346320943383
2026-02-13 06:14:49,6944.310344827586,1660.6206896551723,1664.2758620689656,1660.1724137931035,1642.7586206896551,1684.551724137931
2026-02-13 06:15:19,6542.843350229302,1224.9922416468396,1270.301024102617,1221.8889003827453,1238.4400537912484,1247.9569670011379
2026-02-13 06:15:49,7255.439467604565,2564.4632943691595,2624.7370780317915,2632.4954311920274,2673.2181648908654,2604.3929519671733
2026-02-13 06:16:19,6667.379310344828,1584.896551724138,1551.1724137931035,1576.8275862068965,1573.103448275862,1582.2068965517242
2026-02-13 06:16:49,6622.875073273334,1503.1895451880969,1578.7041826143925,1604.9446570807902,1507.2583704010206,1588.0831695458776
2026-02-13 06:17:19,8792.275862068966,3676.206896551724,3652.206896551724,3692.4137931034484,3670.4827586206898,3611.9310344827586
2026-02-13 06:17:49,11011.89614151236,2399.227612840936,2395.572566463225,2398.5724630185164,2369.4355367056305,2364.9529326574943
2026-02-13 06:18:19,10980.965517241379,1769.4827586206895,1861.1724137931035,1881.655172413793,1842.344827586207,1848.551724137931
2026-02-13 06:18:49,11112.655172413793,1726.655172413793,1681.1724137931035,1809.9655172413793,1750.896551724138,1684.896551724138
2026-02-13 06:19:19,10082.066135650495,1683.976414606393,1783.317816627013,1772.7664563290923,1751.2499568980381,1789.5244991552017
2026-02-13 06:19:49,11396.137931034482,2130.8275862068967,2140.4827586206898,2195,2185.9310344827586,2183.655172413793
2026-02-13 06:20:19,10540.257232509222,2818.454536050481,2744.0433088514187,2750.732733354022,2775.2836109099685,2791.765801179269
2026-02-13 06:20:49,11491.052032688527,2438.1917864901206,2520.5337746974237,2379.4696734595354,2536.6021861315126,2486.259094513982
2026-02-13 06:21:19,10706.103448275862,1926.896551724138,1856.2068965517242,1921.9310344827586,1897.7241379310344,1898.7586206896551
2026-02-13 06:21:49,10593.910554808455,1566.6356332540258,1597.3242301989587,1652.2533705734286,1612.0823419882074,1611.3927105961864
2026-02-13 06:22:19,13376.530225180177,4054.691541087623,4015.586744370495,4021.5869512741815,3949.9982758026135,3987.2409393427356
2026-02-13 06:22:49,18534.983964964307,1514.2591123831853,1608.1933859788267,1593.6066760922788,1600.8827890616915,1612.1935239146176
2026-02-13 06:23:19,19916.51724137931,1203.3103448275863,1220.4827586206895,1241.7931034482758,1238.4827586206895,1221.3103448275863
2026-02-13 06:23:49,18552.58258051169,1961.9336597476038,2004.96517481553,2043.8935245845114,1905.7306392662576,2016.0678573891457
2026-02-13 06:24:19,19603.841246853553,1732.6988724526739,1645.1846488052133,1714.9063825385329,1690.700320678597,1729.3886417709732
2026-02-13 06:24:49,20278.33522981966,3438.8469363125405,3409.3996758732455,3253.163684010896,3357.677321471673,3356.229095548429
2026-02-13 06:25:19,20054.44827586207,1860.8275862068965,1841.5862068965516,1775.2413793103449,1795.2413793103449,1819.5172413793102
2026-02-13 06:25:49,19830.241379310344,1771.4482758620688,1794.6896551724137,1814.103448275862,1732.2758620689656,1758.4137931034481
2026-02-13 06:26:19,18639.598634529844,1255.818764870177,1260.784110892728,1265.3356780800664,1266.577014585704,1214.8546601841317
2026-02-13 06:26:49,19029.7920761353,3109.065204648115,3014.4477776628387,2939.381400641357,2978.104203303334,2943.208854867073
2026-02-13 06:27:19,22173.115387268088,4358.783364369957,4664.114766535623,4707.221187668115,4434.995516932202,4643.423684392027
2026-02-13 06:27:49,32923.41907454658,1508.1028894558997,1544.9279360044136,1477.794634852769,1482.173643197021,1472.1743328046343
2026-02-13 06:28:19,34841.10892727837,3314.0236543567466,3455.26016344264,3377.6076687010795,3429.1920968242475,3407.6755973931936
2026-02-13 06:28:49,34219.8696506776,3019.690334149453,3157.212317666126,3229.0423807717502,3224.0422083520116,3220.869685161557
2026-02-13 06:29:19,32716.960314450233,1726.0283418956662,1643.623073475158,1737.8202254939147,1738.440850946454,1726.6489673482056
2026-02-13 06:29:49,37699.89655172414,7150.068965517241,7432.068965517241,6973.482758620689,7310.827586206897,7300.413793103448
2026-02-13 06:30:19,35063.20471707872,1966.3459880693767,1987.4487086652182,1975.2422330264471,1964.8977621461327,1962.8288679700697
2026-02-13 06:30:49,33600.275862068964,1519.655172413793,1541.5172413793102,1518.1724137931035,1532.2758620689656,1512.6206896551723
2026-02-13 06:31:19,35331.05754973966,2929.2093376090475,3102.7205958415225,3062.5840488259023,3035.4815351194784,3019.9648287990067
2026-02-13 06:31:49,35959.206896551725,1520.0689655172414,1537.7931034482758,1530.0344827586207,1527.4482758620688,1530.7586206896551
2026-02-13 06:32:19,44886.85816752301,5566.4678092348,5661.126245732611,5540.397944756715,5537.708196834373,5562.122831821786
2026-02-13 06:32:49,66933.37931034483,3522.344827586207,3220.8275862068963,3494.862068965517,3501.5172413793102,3488.206896551724
2026-02-13 06:33:19,60444.50191372711,4501.1551325816345,4254.542946794938,4464.6046688045235,4619.978621426847,4425.01982690252
2026-02-13 06:33:49,60234.65517241379,2641.7241379310344,2674.7586206896553,2509.689655172414,2590.137931034483,2632.689655172414
2026-02-13 06:34:19,67269.80897869113,6441.348872491552,6627.198124267292,6291.566098889732,6826.563685263086,6380.732363285291
2026-02-13 06:34:49,63358.3448275862,2519.5862068965516,2443.9310344827586,2647.551724137931,2589.310344827586,2592
2026-02-13 06:35:19,65374.8749956895,4181.178661333149,4307.114038415117,4541.811786613331,4369.667919583433,4392.634228766508
2026-02-13 06:35:49,66859.90138271094,4793.007137684908,4522.602668873487,5057.860073790559,4899.900003448158,4945.346712182339
2026-02-13 06:36:19,63677.448275862065,3168.965517241379,3227.310344827586,3100.551724137931,3173.5172413793102,3182.8275862068963
2026-02-13 06:36:49,64036.51850063795,7524.328425118107,7703.782889065139,7453.188040966929,7599.848270630021,7510.603813924617
2026-02-13 06:37:19,52105.41379310345,1253.5862068965516,1250.896551724138,1267.655172413793,1236.2068965517242,1267.4482758620688
2026-02-13 06:37:49,3331.66660919342,2530.087244387737,2541.604882926997,2511.9831718335113,2494.4998103382873,2539.466878168212
2026-02-13 06:38:19,4710.103448275862,2827.655172413793,2809.862068965517,2866.7586206896553,2813.793103448276,2817.5172413793102
2026-02-13 06:38:49,4705.482758620689,1500.1379310344828,1531.9310344827586,1535,1497.7241379310344,1522.2758620689656
2026-02-13 06:39:19,4848.724137931034,1626.344827586207,1649.3793103448277,1675.0344827586207,1640.4827586206895,1661.3793103448277
2026-02-13 06:39:49,4892.582502844925,1599.1585916755748,1655.1605227766472,1603.3311493499773,1605.5036380564845,1612.8142349736195
2026-02-13 06:40:19,4714.620689655172,1522.344827586207,1663.4482758620688,1662.2068965517242,1660.344827586207,1641.9310344827586
2026-02-13 06:40:49,4945.657046308748,2580.876521499259,2561.566842522672,2566.1873728492124,2634.667770076894,2548.8776249094863
2026-02-13 06:41:19,5212.223873889446,3049.40021433263,3006.257130016939,2898.468558785909,3016.005807722888,3023.680298682891
2026-02-13 06:41:49,4634.504638090968,1580.8476154350149,1664.8849960343457,1698.644780854512,1638.1944204972583,1625.2974240491048
2026-02-13 06:42:19,4470.430014828097,1517.7419911031413,1425.5663988413392,1453.119073071485,1516.604020828304,1523.983585640884
2026-02-13 06:42:49,6564.21132491896,3574.349955169322,3835.161045589351,3877.577763983723,3812.883647148079,3813.711290433823
2026-02-13 06:43:19,5367.25404324287,2389.461705576054,2120.5903651850062,2185.489154798441,2119.7972343873926,2197.7999241353145
2026-02-13 06:43:49,6903.037826281853,2148.0983414365023,2086.341850281025,2067.9631736836664,2108.2031654080897,2055.1015482224752
2026-02-13 06:44:19,6014.586206896552,1598.2413793103449,1668.896551724138,1615.5862068965516,1632.9655172413793,1661.7241379310344
2026-02-13 06:44:49,7722.714576364701,3305.424324976723,3352.3224938790986,3366.426428497534,3320.3213903927717,3447.8430290699675
2026-02-13 06:45:19,7365.460877961308,2843.408393392875,2638.4358081313144,2780.992448015448,2697.0585192592844,2682.1614538432354
2026-02-13 06:45:49,6665.862068965517,1725.7241379310344,1737.2413793103449,1725.7586206896551,1725.3793103448277,1687.103448275862
2026-02-13 06:46:19,6642.906407338438,1410.0282778122632,1405.476239740672,1404.7175667287402,1455.5486585281747,1434.5127250155185
2026-02-13 06:46:49,6946.068965517241,1901.6206896551723,1773.103448275862,2007.551724137931,1924.551724137931,1922.344827586207
2026-02-13 06:47:19,7007.793103448275,1855.1724137931035,1964.4137931034481,2045.5172413793102,2044.2758620689656,2026.4827586206895
2026-02-13 06:47:49,9100.862068965516,5249.310344827586,5228.827586206897,5386.241379310345,5369.6551724137935,5124.137931034483
2026-02-13 06:48:19,11282.817833867797,1358.1255818764869,1514.2926105996344,1565.7391124443982,1519.3958829005894,1586.0832385090168
2026-02-13 06:48:49,10985.172925071547,2492.672666459777,2573.014723630219,2478.431778214544,2385.1591324437086,2525.3611944415707
2026-02-13 06:49:19,10775.007758353158,2031.0334126409432,2071.032033378159,2121.926830109306,2098.548325919796,2113.651253405055
2026-02-13 06:49:49,11084,2449.103448275862,2518.0689655172414,2426.0344827586205,2493.448275862069,2531.0344827586205
2026-02-13 06:50:19,10752.206896551725,2996,3133.3793103448274,3151.5862068965516,3116.8275862068963,3100.8965517241377
2026-02-13 06:50:49,11462.862068965516,1521.5172413793102,1592.344827586207,1557.344827586207,1507.5862068965516,1486.4137931034481
2026-02-13 06:51:19,10871.512810786577,3055.898479257905,2897.5481913169415,3026.9319631711433,2877.6854374288764,2968.2402841477287
2026-02-13 06:51:49,10693.16183316666,2101.520742094555,2076.899203420807,2073.69219628263,2152.281113141832,2042.6911272802508
2026-02-13 06:52:19,10932.793103448275,1241.3793103448277,1257.7241379310344,1254.4137931034484,1232.6896551724137,1272
2026-02-13 06:52:49,15161.488327183693,4389.530673471499,4472.843891168661,4395.151556950239,4357.874409462394,4421.049001689713
2026-02-13 06:53:19,19091.896551724138,1579.1724137931035,1549.7931034482758,1587.0344827586207,1577.3103448275863,1562
2026-02-13 06:53:49,19524.758620689656,2168.965517241379,2123.793103448276,2185.8275862068967,2183.103448275862,2143.655172413793
2026-02-13 06:54:19,20092.068965517243,2087.655172413793,2058.2758620689656,1979.0344827586207,2044.4137931034481,2059.310344827586
2026-02-13 06:54:49,19733.241379310344,1449.7241379310344,1566.9655172413793,1545.4827586206895,1506.8275862068965,1526.4137931034481
2026-02-13 06:55:19,18998.44827586207,2242.7586206896553,2423.862068965517,2460.8965517241377,2426.7586206896553,2400.0689655172414
2026-02-13 06:55:49,19881.58620689655,6465.793103448275,6460.206896551724,6328.310344827586,6476.551724137931,6503.586206896552
2026-02-13 06:56:19,19329.597572330076,2329.3217007483013,2457.6709541708333,2436.566778164764,2420.014483258043,2408.0140694506704
2026-02-13 06:56:49,18700.851753508738,2286.3547018862714,2378.0130349322385,2350.8741680747607,2236.2150418979963,2257.595089485844
2026-02-13 06:57:19,20256.025654287783,2895.0725837040104,2895.9001413744354,2839.557256646323,2825.8335919451056,2871.4871900968933
2026-02-13 06:57:49,27237.22501896421,5616.23336321633,5439.555892697055,5961.071650231019,6091.717812564651,5868.698710433763
2026-02-13 06:58:19,20134.72073872446,3421.837852737484,3468.008131481928,3377.9416324983636,3494.538814044034,3498.8112875994902
2026-02-13 06:58:49,37036.54542320289,4529.425961041199,4336.838476124806,4669.436304085502,4716.497155662816,4651.129115669712
2026-02-13 06:59:19,34308.862068965514,4420,4464.275862068966,4492.689655172414,4490.413793103448,4502
2026-02-13 06:59:49,33254.887762490944,2563.49781042033,2638.2538533154025,2443.812282335092,2609.151408572118,2589.7038033171266
2026-02-13 07:00:19,32785.05414166494,4537.554314090627,4430.581419408235,4334.229946892889,4592.17877094972,4570.246223877509
2026-02-13 07:00:49,33732.24137931035,4027.448275862069,3998.758620689655,3856.0689655172414,3972.689655172414,3997.448275862069
2026-02-13 07:01:19,33652.28636457687,2341.5407959169597,2708.2557417752946,2630.319332367749,2718.9461342161526,2708.9454445134147
2026-02-13 07:01:49,33557.58620689655,4787.379310344828,4913.9655172413795,4431,4839.103448275862,4767.448275862069
2026-02-13 07:02:19,34030.24137931035,5356.068965517241,6581,5613.6551724137935,5620.413793103448,5573.379310344828
2026-02-13 07:02:49,48612.97886279783,6256.887693527809,6647.73628495569,6635.529809316919,6389.572773352642,6345.09154856729
2026-02-13 07:03:19,64950.451692986695,3358.73388042204,3153.7135369974485,3438.7973243224606,3310.944072822564,3300.393076339563
2026-02-13 07:03:49,67677.19576537122,3853.0294148074067,3746.405048449946,3700.3689782406286,3798.958584778785,3771.4403944963615
2026-02-13 07:04:19,40903.620689655174,6442.206896551724,6672.827586206897,7484.482758620689,7895.862068965517,6746.551724137931
2026-02-13 07:04:49,65102.31387289216,2592.503189765164,2472.085244318769,2618.3316666091932,2571.8817890272076,2576.157798544777
2026-02-13 07:05:19,65463.05045001551,6225.042242835959,6472.98182695955,6561.329701024172,6482.913203903582,6532.1562812510765
2026-02-13 07:05:49,63225.3448275862,1520.2068965517242,1510.551724137931,1573.1379310344828,1529.0344827586207,1531.3793103448277
2026-02-13 07:06:19,58980.20621400737,4390.220352425945,4511.052105245008,4320.183454601883,4415.876409531363,4434.083933928756
2026-02-13 07:06:49,61092.100272404394,4606.185993586428,4996.103582635081,5063.411606496327,4983.690217578704,4957.070445846694
2026-02-13 07:07:19,65013.55125685321,3419.5372573359537,3364.573635391883,3435.605668770042,3413.7443536429773,3387.883176442191
2026-02-13 07:07:49,40195.42727084627,1776.329402027726,1796.3307814332022,1802.7105317608111,1797.98606800469,1761.4318228843367
2026-02-13 07:08:19,4460.432398882797,3555.4636047032864,3411.8133857453195,3509.465190855488,3589.531395469122,3538.015930485156
2026-02-13 07:08:49,5085.235500999931,3262.395696848493,3293.3590786842287,3253.6031997793257,3271.084752775671,3297.3588028411837
2026-02-13 07:09:19,4537.379310344828,1423.0344827586207,1404.6206896551723,1429.0344827586207,1408.344827586207,1403.103448275862
2026-02-13 07:09:49,5000.310344827586,1801.3103448275863,1640.2068965517242,1631.9655172413793,1695.7931034482758,1746
2026-02-13 07:10:19,4491.845108789352,1416.847694907072,1490.0865487396984,1443.6743560566874,1469.3976069790695,1494.6381159270368
2026-02-13 07:10:49,4632.642504913962,1585.2270767957514,1619.2972171454185,1605.1932825269835,1572.2611124521534,1621.0214145315354
2026-02-13 07:11:19,4340.873043238397,1386.5250672367424,1340.5972001930902,1372.4570719260741,1363.9748982828771,1373.2846010619958
2026-02-13 07:11:49,4604.931034482758,1476.4827586206895,1513.7931034482758,1507.896551724138,1495.0344827586207,1507.2413793103449
2026-02-13 07:12:19,4385.289147901651,1345.0808648574086,1333.908065795372,1322.5283630470014,1330.5976068140278,1330.8045105003619
2026-02-13 07:12:49,5676.045653598151,3702.906796317368,3852.0740664115024,3804.420537222854,3773.4560877211125,3820.07516982173
2026-02-13 07:13:19,7287.231474776731,5105.1343057135955,5138.1676493914,5117.13389193476,5118.720044136408,5147.06389434847
2026-02-13 07:13:49,7224.578462811626,1995.931174787076,2004.9653460225506,2049.7569049343124,2033.171269956208,2043.2398882797143
2026-02-13 07:14:19,6099.186375232711,1505.2747707370888,1476.315245121699,1531.1314900365442,1512.5146521409363,1518.3755085154796
2026-02-13 07:14:49,7783.773532859803,2297.255361699193,2282.1874353492863,2212.778429073857,2302.117095372733,2315.978208399421
2026-02-13 07:15:19,6368.526308530447,1488.4835528584235,1513.8266326460246,1610.578580787532,1381.697813943866,1475.4844493483208
2026-02-13 07:15:49,7053.941336642195,2816.1169131079173,2767.3801399372696,2765.6912418570987,2777.5824630338125,2794.6782476820736
2026-02-13 07:16:19,6796.428448305581,1755.7141379666975,1762.3332299100216,1714.6206088185609,1728.410383700486,1760.4716103009616
2026-02-13 07:16:49,6976.448275862069,1864.0689655172414,1934.1379310344828,1873.6896551724137,1927.7241379310344,1894.896551724138
2026-02-13 07:17:19,6958.311782352332,2099.651736147029,2073.100927554222,2148.7534912589217,2107.996275990483,2122.271645805317
2026-02-13 07:17:49,7261.54270542395,2360.8496258749697,2366.7459742767487,2390.0210337574563,2339.574497431123,2351.298231095479
2026-02-13 07:18:19,10091.758620689656,4350.758620689655,4257.931034482758,4236.206896551724,4294.551724137931,4310.068965517241
2026-02-13 07:18:49,11152.310344827587,1717.5862068965516,1676.9655172413793,1698.3793103448277,1730.8275862068965,1737.7931034482758
2026-02-13 07:19:19,11376.172413793103,1438.896551724138,1459.103448275862,1448,1475.8620689655172,1483.7241379310344
2026-02-13 07:19:49,10812.730595496709,1581.6695976000829,1555.9463466777008,1592.2554394676047,1599.8069032102342,1608.0135167752837
2026-02-13 07:20:19,11065.27811303838,1429.0147936135727,1308.0795889513429,1322.9421704196695,1423.6352977688884,1416.393668747198
2026-02-13 07:20:49,11892.302917442583,3236.5680391751152,3430.408993723705,3292.399475825919,3218.497827436375,3088.0060693840956
2026-02-13 07:21:19,11371.40492447755,1220.9807572936065,1248.2929857231534,1208.6005931443547,1279.3296089385474,1224.0844196151459
2026-02-13 07:21:49,12162.862068965516,2773.7241379310344,2575.1724137931033,2654.551724137931,2497.793103448276,2680.0689655172414
2026-02-13 07:22:19,11023.72331988552,4849.8327643874345,4924.795696700113,5025.34395365677,5205.544636391848,4847.07423881935
2026-02-13 07:22:49,12499.189627228523,1462.9469981723505,1521.5697093003205,1468.8437532328699,1481.4303941515223,1518.8799613779784
2026-02-13 07:23:19,16937.655172413793,3952.689655172414,4071.0344827586205,4140.551724137931,4041.2413793103447,4000.758620689655
2026-02-13 07:23:49,18076.48275862069,1509.5862068965516,1543.2413793103449,1498.655172413793,1517.7241379310344,1484.0689655172414
2026-02-13 07:24:19,19437.793103448275,1621.103448275862,1615.3103448275863,1674.8275862068965,1639.4482758620688,1676.0689655172414
2026-02-13 07:24:49,19501.89668252983,1695.2548451617351,1704.2554658941995,1714.1527001862196,1745.7755707290157,1716.8770260017932
2026-02-13 07:25:19,19274.680183441953,1900.0034481569603,1969.2424399158651,1969.6562187510776,1969.6562187510776,1960.7599737940072
2026-02-13 07:25:49,19941.724137931033,2065.6206896551726,2029.896551724138,1954.5172413793102,1981.7241379310344,2020.896551724138
2026-02-13 07:26:19,18869.547225766404,1851.5121211076241,1907.9623435290869,1755.7846822304216,1832.683885651229,1810.752094899824
2026-02-13 07:26:49,18923.758620689656,1540.4827586206895,1496.1379310344828,1546.5172413793102,1508.551724137931,1457.5862068965516
2026-02-13 07:27:19,18781.620689655174,1748.4827586206895,1851.5862068965516,1845.3793103448277,1837.5172413793102,1846.551724137931
2026-02-13 07:27:49,20160.03448275862,2626.8965517241377,2520.551724137931,2525.137931034483,2541.3793103448274,2561.862068965517
2026-02-13 07:28:19,27347.734638990416,4650.851665402386,4830.080684090753,4554.168678022205,4617.336735397559,4516.240259292463
2026-02-13 07:28:49,34611.74523259422,1615.8488223731852,1591.8479947584397,1632.7804407048516,1604.8139591020379,1613.4349460326216
2026-02-13 07:29:19,33583.8562857734,1740.9144196951936,1632.3012206054755,1776.2912902558444,1718.3642507413283,1708.4339011102684
2026-02-13 07:29:49,34834.511534880505,2753.7501293148034,2942.653194937756,2976.275043967033,2897.9619986896096,2905.7553708748574
2026-02-13 07:30:19,33634.137931034486,1549.3793103448277,1551.8620689655172,1393.4482758620688,1528.0689655172414,1541.7241379310344
2026-02-13 07:30:49,32571.896551724138,3153.8275862068963,3433.862068965517,3422.310344827586,3364.0689655172414,3410.551724137931
2026-02-13 07:31:19,34918.52005103272,2714.5960484121233,2927.416295989793,2832.316127030102,2894.727768007999,2917.6235302230953
2026-02-13 07:31:49,35606.3448275862,2192.655172413793,2203.1724137931033,2229,2236.8965517241377,2270.965517241379
2026-02-13 07:32:19,33336.51724137931,3831.2413793103447,3798.7241379310344,3654.3793103448274,3881.7241379310344,3891.5172413793102
2026-02-13 07:32:49,36380.03448275862,2340.965517241379,2605.4137931034484,2615.5172413793102,2453.448275862069,2450.344827586207
2026-02-13 07:33:19,57184.75862068965,7173.586206896552,7388.758620689655,7761.103448275862,7575.103448275862,7692.620689655172
2026-02-13 07:33:49,65443.87737508189,4417.531639022035,4783.613228042345,4686.127107831304,4667.540260008966,4709.541708334769
2026-02-13 07:34:19,71422.75862068965,7399.655172413793,7407.586206896552,7559.448275862069,7321.310344827586,7352.3448275862065
2026-02-13 07:34:49,63471.05272231991,3635.8056618737282,3700.217233888486,3681.0799627599044,3601.2551291334776,3556.429088652115
2026-02-13 07:35:19,64183.793103448275,2550.9310344827586,2602.206896551724,2421.793103448276,2536.8275862068967,2597.2413793103447
2026-02-13 07:35:49,66865.52187855591,7746.319092445089,7847.522499224166,7926.5887383193685,7874.487086652185,7839.522775076722
2026-02-13 07:36:19,65688.44827586207,5309.586206896552,5043.724137931034,5127.6551724137935,5257.6551724137935,5345.379310344828
2026-02-13 07:36:49,66330.74694806538,1512.1732533278157,1573.556797020484,1573.3154010621422,1512.3801641492516,1557.4867232222912
2026-02-13 07:37:19,62312.55172413793,4098.9655172413795,4430.9655172413795,4422.275862068966,4267.517241379311,4279.310344827586
2026-02-13 07:37:49,60901.31034482759,3656.551724137931,3733.103448275862,3925.6206896551726,3910.137931034483,3889.2413793103447
2026-02-13 07:38:19,20595.531188579705,2660.5979104168823,2915.7960070342406,2822.661287541809,2948.4500534464332,2914.727078376608
2026-02-13 07:38:49,4707.275862068966,3837.5862068965516,3817.137931034483,3812.793103448276,3732.137931034483,3704.551724137931
2026-02-13 07:39:19,4643.586206896552,2600.344827586207,2543.2758620689656,2550.4827586206898,2522.7586206896553,2547.3793103448274
2026-02-13 07:39:49,4794.648091313493,1692.8169936894374,1673.0576916445393,1588.2616641953168,1698.8172005931237,1702.3345632608018
2026-02-13 07:40:19,4351.689655172414,1407.4482758620688,1414.6896551724137,1520.655172413793,1397.5172413793102,1386.1379310344828
2026-02-13 07:40:49,4951.687989241008,1579.6751612124554,1704.8863753922546,1683.747715438463,1671.8507534742575,1688.1961446946443
2026-02-13 07:41:19,4382.538533154028,1301.093065756353,1324.2991620978585,1302.9895520844107,1308.9893451949931,1313.5409123823315
2026-02-13 07:41:49,4933.99772405945,1470.91279009621,1517.914410841753,1514.2935963309078,1519.0868650643124,1532.742508362357
2026-02-13 07:42:19,4596.875969794144,1326.9542429571393,1329.9541395124304,1364.2977828350745,1319.1958897969034,1312.575428433502
2026-02-13 07:42:49,5065.958693928215,2179.1194014412304,2263.6623797538186,2224.9422473537225,2368.6515188083995,2415.888011585009
2026-02-13 07:43:19,5234.8194889831375,3518.8096962173713,3372.2285438433155,3380.538602117168,3273.0595496707006,3275.9560015171887
2026-02-13 07:43:49,6788.903830902382,4391.434778111099,4511.396158753146,4460.501362021999,4435.847039757249,4511.361677183545
2026-02-13 07:44:19,6731.310344827586,2223.3793103448274,2252.965517241379,2174.0689655172414,2229.3793103448274,2233.9310344827586
2026-02-13 07:44:49,7479.259335884969,2381.91786490121,2344.1950277576634,2377.5387055618767,2422.8819695872553,2420.9510016895965
2026-02-13 07:45:19,6996.275990483086,1768.9734836729765,1701.8723492293368,1492.8105927381812,1767.5252577497326,1742.4916382193715
2026-02-13 07:45:49,7313.758620689655,2297.1724137931033,2375.655172413793,2631.1724137931033,2345.103448275862,2319.7241379310344
2026-02-13 07:46:19,6889.348643150237,1260.784110892728,1253.1292024412953,1239.0607220440675,1238.026274956036,1243.8191786490122
2026-02-13 07:46:49,6776.9655172413795,1679.5172413793102,1705.8620689655172,1729.344827586207,1694.2758620689656,1701.655172413793
2026-02-13 07:47:19,7052.967343701506,1775.3025966412633,1798.4758095106724,1806.131245905031,1836.68402358702,1845.5808820993825
2026-02-13 07:47:49,7001.482809752059,1651.9879995861925,1663.4366702300076,1622.849063760819,1649.4361874547396,1630.8838235801231
2026-02-13 07:48:19,6830.287566374733,1537.6870560650991,1503.4825184470037,1529.4117647058824,1544.3072891524723,1529.4117647058824
2026-02-13 07:48:49,10785,4752.275862068966,4926.896551724138,4878.379310344828,4806.9655172413795,4770
2026-02-13 07:49:19,11026.277674322368,1913.1664252707083,1970.4807228084694,1948.3412649148217,2005.7935030002068,2017.5874198220567
2026-02-13 07:49:49,10856.699537962899,2135.5768567684986,2222.1226122336393,2093.0625474105236,2149.1621267498795,2047.720846838149
2026-02-13 07:50:19,10360.750112034197,1525.4231445413493,1507.8079216794788,1551.0358854148712,1555.3793650246475,1600.675652383743
2026-02-13 07:50:49,11286.413624297582,2066.8459337401314,2172.579032647292,2037.9563553624985,2142.6552211535145,2121.0742234633017
2026-02-13 07:51:19,10496.931034482759,1620.9655172413793,1645.5862068965516,1524,1637.5172413793102,1609.5862068965516
2026-02-13 07:51:49,11483.983310920314,2317.851108582463,2272.2664735698772,2355.746353574015,2367.0218268335575,2344.195027757664
2026-02-13 07:52:19,8790.965517241379,2038.344827586207,2148.448275862069,2085.103448275862,2164.344827586207,1991.5862068965516
2026-02-13 07:52:49,11188.178902720781,2078.41649712059,2019.2420428290627,1971.6886789199625,2093.451498327528,2162.0745542949753
2026-02-13 07:53:19,11123.715605820289,1963.7266395421007,1977.2774291428177,1916.1437142266052,1969.9331080615132,2000.758568374595
2026-02-13 07:53:49,17368.667885099483,5164.109107210593,5398.048208558915,5352.977688885823,5363.771164522914,5303.217352322493
2026-02-13 07:54:19,18421.059890356173,1612.522842464573,1623.280350308589,1472.8821156432095,1574.6646898596698,1613.3503430679586
2026-02-13 07:54:49,20676.620689655174,1992.2068965517242,2155.2413793103447,2152.103448275862,2069.448275862069,2088.2758620689656
2026-02-13 07:55:19,19949.277611116857,2647.150098272473,2764.0426192200266,2602.737836626323,2756.8014896038067,2732.043722630254
2026-02-13 07:55:49,18142.96551724138,1706.2758620689656,1753.1724137931035,1700.8620689655172,1694.7586206896551,1684.4827586206895
2026-02-13 07:56:19,20610.793103448275,2311.0344827586205,2410.7241379310344,2361.2413793103447,2445.862068965517,2431.793103448276
2026-02-13 07:56:49,19710.44827586207,3005.3793103448274,2989.344827586207,3049.965517241379,3049.1724137931033,3040.344827586207
2026-02-13 07:57:19,20081.933859788267,3502.120762784923,3510.948653401841,3519.086865064312,3485.5684678782022,3554.1225559502045
2026-02-13 07:57:49,20543.811855581225,3019.3454946722295,3091.279009621021,2996.7585089141003,3184.3167005758814,3108.865822959412
2026-02-13 07:58:19,20084.830511396944,4736.7150591399695,4504.29325149143,4753.060450360356,4649.6086071933505,4626.228490637607
2026-02-13 07:58:49,33694.93103448276,4124.3448275862065,4216.3448275862065,4240.241379310345,4047.2413793103447,4112.137931034483
2026-02-13 07:59:19,34445.4291527294,1376.9440325528465,1373.6335735715022,1290.389323769785,1416.7385082244214,1351.908686506431
2026-02-13 07:59:49,34581.117892486465,1610.2203372297506,1520.0855142926105,1629.7024240543428,1592.703699872418,1552.5671528567977
2026-02-13 08:00:19,33069.963104720526,2019.2407158373846,2097.1000999965518,1896.8311437536634,2092.7554222268195,2116.1339264163303
2026-02-13 08:00:49,35636.93103448276,4343.241379310345,4374.068965517241,4425.068965517241,4327.379310344828,4354.758620689655
2026-02-13 08:01:19,34431.793103448275,2157.551724137931,2406.4137931034484,2401.5172413793102,2390.137931034483,2322.2758620689656
2026-02-13 08:01:49,35337.41379310345,4138.758620689655,4542.275862068966,4558.0344827586205,4452.827586206897,4463.310344827586
2026-02-13 08:02:19,35553.019069623086,3440.0151729369973,3290.0444842925613,3366.736784027035,3394.117038518569,3363.8401324183587
2026-02-13 08:02:49,35700.5275680149,3350.9189338298684,3423.8819351056864,3252.6809420364816,3366.0218613151274,3315.885659115203
2026-02-13 08:03:19,36777.94634852769,2203.710088959382,2383.9735190676506,2355.837528446314,2340.321357147783,2332.873594924488
2026-02-13 08:03:49,55751.267285078786,6300.562088347873,6074.623262871132,6127.418186834028,6183.730473464601,6468.70581744198
2026-02-13 08:04:19,65543.91227888693,9367.056308403158,9409.951380986862,8968.932105789454,9366.43564015034,9439.122788869348
2026-02-13 08:04:49,61212.19957932484,1490.9830695493258,1485.1212027171475,1485.0177580083443,1577.8766249439673,1479.4662253025756
2026-02-13 08:05:19,65651.55172413793,6342.827586206897,6092.827586206897,6666.9655172413795,6426.758620689655,6447.862068965517
2026-02-13 08:05:49,60388.66285083788,2573.5466519550378,2493.6211295772705,2628.4738983518378,2574.2362595683057,2598.09668298738
2026-02-13 08:06:19,69514.32709216923,3287.472845763939,3071.4802937829727,3370.642391641667,3251.4740871004446,3280.438605565325
2026-02-13 08:06:49,69141.8275862069,7327.827586206897,7541.862068965517,7659.0344827586205,7677.793103448275,7715.655172413793
2026-02-13 08:07:19,64678.21167379605,2266.8345522285085,2373.1889057541052,2414.8268248930594,2318.752587277494,2331.792465847937
2026-02-13 08:07:49,64598.868887509496,1461.0317952962275,1526.5880405545213,1526.0707635009314,1502.3794744465138,1508.5867990895927
2026-02-13 08:08:19,63673.724137931036,3324.1724137931033,3398.689655172414,3168,3319.2413793103447,3268.965517241379
2026-02-13 08:08:49,20342.12704324436,2983.205738326781,3091.040761431823,3292.606386647355,3148.424029243396,3320.6428029519275
2026-02-13 08:09:19,5138.340057239406,4343.74676735285,4222.130271369953,4055.7566980448955,4206.199786214269,4186.338402124065
2026-02-13 08:09:49,4951.653505293285,2155.3846684368423,2157.3847374047377,2310.4934652919064,2159.2468705817437,2157.1778337184037
2026-02-13 08:10:19,4635.6332540257235,1845.2811972000968,1848.419020033792,1877.590427916279,1911.7271818213167,1916.0718595910487
2026-02-13 08:10:49,5195.4760180683425,2035.2056825626705,1971.0354815351197,2062.2392331298925,2002.2757835936693,1880.0731009275544
2026-02-13 08:11:19,4579.428295576015,1554.8774180200685,1545.877728354195,1556.2911623737114,1573.6698734526396,1581.5316713216787
2026-02-13 08:11:49,5149.832752853546,3173.454257043346,3203.9725507776125,3164.3504948446493,3112.3831856270904,3185.8339942756643
2026-02-13 08:12:19,4835.281542015792,2010.896175993931,1960.7599737940068,1978.3455742905414,2058.2738526257713,1988.9658977276642
2026-02-13 08:12:49,5081.6551724137935,1771.1724137931035,1688.8275862068965,1770.3793103448277,1755.8620689655172,1769.0344827586207
2026-02-13 08:13:19,4716.724137931034,1448.6206896551723,1416.7586206896551,1479.8620689655172,1530.8275862068965,1450.6896551724137
2026-02-13 08:13:49,4744.646367116106,1756.2674574985342,1750.3362184902926,1707.9554467395426,1797.2343873926684,1780.751060381392
2026-02-13 08:14:19,6645.918824787061,4692.023862891823,4684.4373943929095,4603.81392461809,4696.575743991171,4600.296561950411
2026-02-13 08:14:49,6787.2831971311325,1949.1741664080546,2053.170580324816,2062.5840488259023,1947.7949036240127,2117.306299782766
2026-02-13 08:15:19,7024.931034482758,1652.4137931034481,1611.7931034482758,1563.6206896551723,1634.2068965517242,1617.2413793103449
2026-02-13 08:15:49,7536.328838925479,2189.385840891065,2155.453636332287,2293.0445877444045,2205.938135797786,2233.525293975654
2026-02-13 08:16:19,6604.392951967173,1664.839143477811,1679.3903658494532,1692.838177993862,1645.667390779628,1650.4258473845728
2026-02-13 08:16:49,6859.3448275862065,2274.0689655172414,2355.0344827586205,2346.9310344827586,2351.5172413793102,2372.7586206896553
2026-02-13 08:17:19,6481.793103448275,1985.7241379310344,2127.5862068965516,2126.551724137931,2056.206896551724,2058.4827586206898
2026-02-13 08:17:49,7097,1614.2068965517242,1651.2413793103449,1666.3793103448277,1643.5172413793102,1643.5862068965516
2026-02-13 08:18:19,6726.128487189212,1319.6661953860475,1395.3584606365735,1387.289216869547,1402.6000896582639,1391.2203869098933
2026-02-13 08:18:49,7188.620689655172,2649.206896551724,2703.448275862069,2610.448275862069,2670.0689655172414,2490.206896551724
2026-02-13 08:19:19,11343.689655172413,4223.103448275862,4344,4333.793103448275,4140.758620689655,4368.758620689655
2026-02-13 08:19:49,11882.31440295162,1657.5980138615907,1690.3555049825866,1585.4280886865968,1701.1137546981136,1656.287714216751
2026-02-13 08:20:19,10997.689655172413,1377.655172413793,1341.9310344827586,1406.2068965517242,1436.2068965517242,1418.6206896551723
2026-02-13 08:20:49,11217.613185752214,1635.667735595324,1660.9082445432914,1704.320540671011,1699.3207130788592,1690.2175787041824
2026-02-13 08:21:19,10754.499689676575,1481.2081925384457,1701.3309426936073,1661.3337011240606,1644.9900006896078,1530.584097648438
2026-02-13 08:21:49,10740.215854625701,3864.48743146788,3860.5565325333605,3910.86514258129,3875.728423157822,3875.107754905003
2026-02-13 08:22:19,11175.752560256542,1225.406020482052,1243.6122892314056,1263.0598944863968,1238.4400537912484,1223.9577945588082
2026-02-13 08:22:49,11117.103448275862,2498.4827586206898,2537.0344827586205,2360.3793103448274,2467.793103448276,2485.5172413793102
2026-02-13 08:23:19,11208.15805806496,2217.0195158954557,2088.8214605889248,2243.017722915661,2221.9846907109854,2222.3984552789466
2026-02-13 08:23:49,10973.205972619744,2153.2466636780578,2152.488016828166,2167.3505982964925,2175.73019759302,2185.523638746163
2026-02-13 08:24:19,19747.69835522913,4268.059722078549,4335.2987828005935,4465.018447639737,4297.851798213855,4284.19709665184
2026-02-13 08:24:49,18701.837867659735,2671.494086410813,2644.391572704389,2699.803455053274,2679.217958001448,2590.0486190131373
2026-02-13 08:25:19,18779.24899141409,2889.0038274542258,2968.0355849798284,2787.9038653839525,2865.6253232647155,2892.7278369711394
2026-02-13 08:25:49,18619.75521461817,2173.970005171522,2076.504051025685,2321.910015514566,2252.1634200999824,2255.6800551629026
2026-02-13 08:26:19,21500.74130262387,2744.3367927455784,3211.4264041650868,3037.9615901803268,2977.554046133159,3016.8603247939873
2026-02-13 08:26:49,20827.971449260367,4907.6928381779935,5213.199544843281,5145.167408020412,5234.026412882314,5163.546084617771
2026-02-13 08:27:19,18280.044139453083,1239.5599848270629,1222.490430704507,1250.5258802027654,1252.5949170661056,1244.3187696127452
2026-02-13 08:27:49,19442.984724664668,2941.208923830213,3170.9941036515984,3187.9935174649154,3117.616633909176,3107.2721630288615
2026-02-13 08:28:19,18440.015172936994,1894.5480878650985,1748.2326976792301,1878.8234077037137,1866.202282837339,1861.4434980516567
2026-02-13 08:28:49,18734.388469363126,2132.202337850419,2015.9304851556844,2138.788317644219,2120.0648253508502,2090.4106754939485
2026-02-13 08:29:19,35989.31108199435,4729.260051030964,4604.061788842149,4889.593821115785,4775.808564926557,5139.921384732088
2026-02-13 08:29:49,33638.159936549535,1474.7405082933892,1471.2576295734334,1514.6384358081311,1491.4307389909995,1494.6032621814543
2026-02-13 08:30:19,32580.408247707055,1341.5626508516655,1367.4229363492173,1339.286945727881,1344.0452382594303,1351.6998827667057
2026-02-13 08:30:49,36147.03448275862,2127.862068965517,2213.8965517241377,2225.965517241379,2226.7586206896553,2242.8965517241377
2026-02-13 08:31:19,36513.48275862069,3081.310344827586,2948.137931034483,2719.7241379310344,2937.793103448276,2983.310344827586
2026-02-13 08:31:49,34864.89655172414,4363.586206896552,4373.172413793103,4400.241379310345,4342.068965517241,4395.310344827586
2026-02-13 08:32:19,34617,2324.6206896551726,2342.1724137931033,2549.103448275862,2471.310344827586,2449.655172413793
2026-02-13 08:32:49,34946.21060616509,4205.572029515206,4130.956485759603,4054.5134818288398,4160.678573891456,4292.0488242190195
2026-02-13 08:33:19,33719.398662161235,2724.7086407833945,2529.8600096545065,2647.334666574719,2646.9209020067583,2711.054410040687
2026-02-13 08:33:49,34652.80507568704,5026.102548187993,4953.829178304196,5193.303679183476,5174.580186890106,5117.8235233267815
2026-02-13 08:34:19,68434.4332954036,5686.148753491259,5911.6237371125135,6015.7925588772805,5862.694389848626,5856.694596738044
2026-02-13 08:34:49,65799.93103448275,5294.758620689655,5594.310344827586,5290.586206896552,5434.482758620689,5457.517241379311
2026-02-13 08:35:19,62492.32785076376,4984.310885831523,5494.845005344642,5566.221854418813,5111.4789145201885,5453.536084962587
2026-02-13 08:35:49,63828.787199558596,3881.9959308941684,4186.351253491499,4223.214593606675,4135.315010862443,4161.591779026862
2026-02-13 08:36:19,65923.48012000413,7102.796648160281,7761.09521017966,7611.917652332838,7436.6702300079305,7601.02072485258
2026-02-13 08:36:49,47072.51724137931,4598.689655172414,4798,4943.482758620689,4882.206896551724,4861.241379310345
2026-02-13 08:37:19,57292.02441295127,4351.9878624875,4384.5384641908895,4803.144719147615,4860.039308989345,4559.0152063721935
2026-02-13 08:37:49,66589,2625.448275862069,2685.3793103448274,2487.4827586206898,2593.310344827586,2575.7241379310344
2026-02-13 08:38:19,63524.51724137931,4255.0344827586205,4189.103448275862,4547.448275862069,4401.172413793103,4393.103448275862
2026-02-13 08:38:49,64300.620689655174,5738.758620689655,5450.620689655172,5611.9655172413795,5670.068965517241,5691.0344827586205
2026-02-13 08:39:19,2334.919485534982,1569.1527878349025,1748.1466156339438,1544.7743181269614,1745.2501637874557,1743.8019378642118
2026-02-13 08:39:49,2754.3702375616317,2150.5706306244183,2157.1561562596976,2163.53480674413,2032.4104402992796,2139.84760197221
2026-02-13 08:40:19,5122.40957208372,4012.8961070307914,4012.275438777973,4005.2411985793588,3983.5178097306984,3851.729250715492
2026-02-13 08:40:49,4984.656230604786,1810.944072822564,1877.8015309289015,1900.799944831391,1916.9712433625268,1921.3847320874422
2026-02-13 08:41:19,4724.6551724137935,1341,1314.9655172413793,1306.7586206896551,1357.5862068965516,1325.5172413793102
2026-02-13 08:41:49,4806.594012967306,1508.6218788798456,1621.3960546282246,1588.3915022761762,1597.8755690440062,1610.9808249413713
2026-02-13 08:42:19,4417.735484760722,1337.6086057095572,1366.5701282581713,1289.4083574679355,1315.2668597434836,1316.9218038891188
2026-02-13 08:42:49,4903.482758620689,1641.8620689655172,1593.1379310344828,1698.7241379310344,1669.1724137931035,1671.655172413793
2026-02-13 08:43:19,4874.525894765879,1638.4732087442246,1863.2163299082822,1804.0135163092202,1822.5639611061306,1843.2521895041723
2026-02-13 08:43:49,5243.318735128797,3613.8832373530117,3541.50143108383,3511.948687885789,3530.604503603572,3560.191730749336
2026-02-13 08:44:19,4729.216233922968,1476.4318471776833,1530.0162063377122,1496.5001206854934,1489.4658804868795,1521.7406296334607
2026-02-13 08:44:49,5646.793103448275,2509.793103448276,2655.2413793103447,2421.7241379310344,2512,2564.8275862068967
2026-02-13 08:45:19,7240.982136699083,3275.674184426512,3306.814263052624,3553.10711083523,3284.7782605696943,3263.46644596179
2026-02-13 08:45:49,7199.875853507138,1715.5665907993655,1813.262983654045,1700.5310711083523,1775.6396992896061,1792.1235947306711
2026-02-13 08:46:19,6859.029621711093,1577.0198972378355,1432.6700920721403,1582.089037553019,1562.260767612676,1519.155832959757
2026-02-13 08:46:49,7602.275862068966,1972.2758620689656,1931.5862068965516,2080.103448275862,2018.7586206896551,2067.2413793103447
2026-02-13 08:47:19,7191.172413793103,2307.862068965517,2318,2346.137931034483,2341.793103448276,2292.344827586207
2026-02-13 08:47:49,7314.713285748767,2823.454363642633,2923.1405813592633,3032.2747491465807,3088.5141891658905,3070.169994138133
2026-02-13 08:48:19,6551.517241379311,1668.103448275862,1562,1519.655172413793,1558.2758620689656,1559.7241379310344
2026-02-13 08:48:49,7242.853694700183,4527.257680769629,4420.537222854385,4623.806075652564,4574.945691527879,4583.841936484949
2026-02-13 08:49:19,6034.793103448275,1464.9310344827586,1353.3103448275863,1422.9655172413793,1380.551724137931,1385.5172413793102
2026-02-13 08:49:49,9189.890003792974,3902.8999000034487,4197.648356953209,4162.994379504155,4180.545498431089,4170.821695803594
2026-02-13 08:50:19,10787.199558605467,2791.4066002275936,2859.0641056588156,2758.405462257319,2762.440084140832,2798.027518190282
2026-02-13 08:50:49,10901.968897624221,1947.3811247888004,1958.9669321747529,1960.7599737940072,1960.4151580979967,1986.207372159581
2026-02-13 08:51:19,11581.034482758621,1794.6896551724137,1804.6206896551723,1673.7931034482758,1795.5172413793102,1765.5172413793102
2026-02-13 08:51:49,10938.312471983725,1452.7430088617634,1550.0155167063206,1537.7055963587463,1499.9482776455986,1494.0864108134203
2026-02-13 08:52:19,10175.413793103447,2227.8965517241377,2158.2758620689656,2178.7586206896553,2163.310344827586,2224.6206896551726
2026-02-13 08:52:49,10804.275862068966,1474.7586206896551,1512.1724137931035,1502.8620689655172,1598.7586206896551,1504.0689655172414
2026-02-13 08:53:19,11729.388641770973,1918.5890141719249,1963.3460915140854,2014.2753698148338,2017.930416192545,2068.6183235060857
2026-02-13 08:53:49,11679.01106858384,4134.995344988103,4232.819557946277,4133.822971621667,4186.269438984862,4206.475638771077
2026-02-13 08:54:19,11547.777509569294,1690.541053139763,1700.4724300837956,1630.3320804165658,1701.5069485154659,1676.2646987827163
2026-02-13 08:54:49,13445.034482758621,4347.241379310345,4536.827586206897,4573.137931034483,4518.620689655172,4570.275862068966
2026-02-13 08:55:19,18218.68211440985,1648.4948794869144,1730.7679045550155,1553.5326368056276,1718.975207751457,1679.0455501534432
2026-02-13 08:55:49,18215.923588841764,1775.490500327575,1950.3465397744908,1928.8645219130376,1925.6577359401401,1930.3472294058827
2026-02-13 08:56:19,18281.251077623365,1227.7664747060242,1236.4564295320527,1260.871064519466,1242.663540122073,1222.1800751750059
2026-02-13 08:56:49,19820.827586206895,1855.6896551724137,1870.0689655172414,1730.2413793103449,1840.2068965517242,1822.0689655172414
2026-02-13 08:57:19,17430.566571261075,1244.1118659264112,1241.835925376737,1263.14700506914,1230.8700300010344,1264.1125556053655
2026-02-13 08:57:49,18825.131901100034,3439.394461877995,3513.7073692196277,3199.179282044208,3432.876995758474,3237.0081726956096
2026-02-13 08:58:19,20137.862068965518,2439.137931034483,2456.344827586207,2305.4137931034484,2398.6206896551726,2414.965517241379
2026-02-13 08:58:49,18133.10803820821,1496.6033311493497,1544.8118900651743,1589.7789578950997,1501.362115935032,1503.5690885892616
2026-02-13 08:59:19,19670.333459774472,1755.1639711714195,1815.1660402082828,1840.6151936273661,1793.372185247767,1813.3039070312766
2026-02-13 08:59:49,20667.56318747629,5292.714044343298,5410.847901796489,5490.914106410123,5414.916727009413,5313.747801799937
2026-02-13 09:00:19,32722.423364711558,4031.860970311368,3980.8282473018166,4183.062653011964,4214.199510361711,4239.784835005689
2026-02-13 09:00:49,36503.79336505966,2982.7574315470033,2843.9202703634733,3094.627215670046,2961.721498034347,2937.9267535692115
2026-02-13 09:01:19,33067.59786170029,2464.390412140024,2261.976202793585,2472.5297465080184,2447.5944128297983,2474.0817382307296
2026-02-13 09:01:49,34285.74878393762,3566.736813054127,3727.257046262117,3550.522648083623,3738.9174457515433,3764.9291061510326
2026-02-13 09:02:19,34403.08954863626,1412.6409434157445,1552.3602634391918,1568.5666011516846,1571.6009792765767,1586.2901279266234
2026-02-13 09:02:49,33237.58620689655,5283.172413793103,5836.551724137931,5704.793103448275,5768.896551724138,5700.9655172413795
2026-02-13 09:03:19,39678.75862068965,6592.413793103448,6255.310344827586,6539.413793103448,6611.103448275862,6682.275862068966
2026-02-13 09:03:49,35830.35067756285,3461.2944381228235,3643.184717768353,3794.9725871521673,3695.5277404227445,3693.872625081894
2026-02-13 09:04:19,33430.01482809752,1730.1631090727265,1708.0588985827096,1551.156936446084,1704.7484396013654,1702.8863064243592
2026-02-13 09:04:49,43105.41015827041,5645.5294645012245,5893.796765628772,6035.2056825626705,5856.211854763629,5810.558256611842
2026-02-13 09:05:19,71996.24124969826,1380.185523638746,1398.806855408807,1402.531121762819,1396.1171074864649,1413.703920824856
2026-02-13 09:05:49,63510.878935209126,2371.883728147305,2290.679631736836,2342.8502465432225,2400.2620599289676,2365.9184166063237
2026-02-13 09:06:19,64362,2771.2758620689656,2743.5862068965516,2543.8275862068967,2720,2746.6206896551726
2026-02-13 09:06:49,62591.24767225327,9556.072832609147,9446.030760742122,9685.288640595905,9744.327194978965,9485.20587626733
2026-02-13 09:07:19,70187.59914476861,4783.674736188703,5002.069108214359,4720.980757293606,4892.199462031864,4928.132974687909
2026-02-13 09:07:49,62136.478052480954,7564.290886521155,7726.974931898901,7623.254370538947,7836.48839695183,7878.417985586704
2026-02-13 09:08:19,67518.46488052135,3968.7596979414498,4312.265094307092,4347.850074135374,4274.818109720354,4281.024792248542
2026-02-13 09:08:49,72221.72413793103,4209.586206896552,4726.3448275862065,4696.0344827586205,4706.413793103448,4644.275862068966
2026-02-13 09:09:19,67993.7243543326,7801.282714389158,8351.298231095478,8070.618254542946,8467.845936347021,8449.01899934485
2026-02-13 09:09:49,53725,2224.5172413793102,1519.1724137931035,1502.3793103448277,1463.2413793103449,1482.2758620689656
2026-02-13 09:10:19,3189.5862068965516,2564.7586206896553,2349.1724137931033,2555.862068965517,2539.310344827586,2529.793103448276
2026-02-13 09:10:49,5217.78559360022,3553.256784248819,3614.3581255818763,3548.670735491879,3526.223233681597,3591.669252784386
2026-02-13 09:11:19,4997.8275112934925,2069.3127349218935,2094.8998241318664,1980.688989275492,2111.1762474568086,2110.624504293251
2026-02-13 09:11:49,4773.850980933007,1521.9115263938215,1622.728683239665,1602.4204392649037,1627.6247284763647,1584.0430300313762
2026-02-13 09:12:19,4521.793103448275,1395.9310344827586,1391.7931034482758,1324.5862068965516,1397.1724137931035,1416.2068965517242
2026-02-13 09:12:49,5012.068549360367,2417.399400020689,2503.4998793145064,2485.155684286749,2457.8462811627187,2475.9835867728702
2026-02-13 09:13:19,4502.568876935278,1597.565601186166,1571.5320161373747,1560.5668770042414,1565.9460018620048,1548.153511947864
2026-02-13 09:13:49,4836.6840235870195,1785.5098451670744,1782.3373219766197,1811.786613331494,1695.989516879892,1778.8199593089414
2026-02-13 09:14:19,4644.3448275862065,1468.2758620689656,1443.5862068965516,1398.3793103448277,1506,1414.896551724138
2026-02-13 09:14:49,4601.386302503621,2510.58693703014,2569.625491413201,2504.6899786192153,2507.2073936133525,2538.1060762811226
2026-02-13 09:15:19,5712.50258602855,2671.0916488518033,2847.2519136611268,2804.772084683815,2816.8402179160057,2825.5982346045103
2026-02-13 09:15:49,7248.172413793103,3195.551724137931,3027.862068965517,3073.4137931034484,3040.206896551724,3032.344827586207
2026-02-13 09:16:19,6400.296541498569,1414.1236509085895,1443.053687803869,1417.1925106030828,1395.882900589635,1445.7432502327508
2026-02-13 09:16:49,6907.413793103448,1553.9655172413793,1559.1724137931035,1520.5862068965516,1464.6896551724137,1533.5862068965516
2026-02-13 09:17:19,7217.682148891417,1613.3926416330469,1641.1158235922896,1658.494534671218,1642.3571600979274,1656.8394193303677
2026-02-13 09:17:49,6823.488845212233,1500.9137615944276,1508.2238543498497,1511.84441915796,1495.3967104582598,1502.2240612392675
2026-02-13 09:18:19,7106.896551724138,1784.7586206896551,1837.9310344827586,1844.9655172413793,1845.7931034482758,1825.9310344827586
2026-02-13 09:18:49,7051.76519308417,1899.4029747730958,2099.9413327811712,2118.645822548918,2113.6073437553923,2093.660489353625
2026-02-13 09:19:19,6863.399662034003,1376.7975997516985,1267.3724868089803,1206.2282305066042,1216.884505293651,1186.7434562196088
2026-02-13 09:19:49,7187.068965517241,1875.103448275862,1943.8620689655172,1757.9310344827586,1650.6896551724137,1864.4827586206895
2026-02-13 09:20:19,8946.51724137931,6173.793103448275,6070.413793103448,6216.655172413793,6191.793103448275,5953.931034482758
2026-02-13 09:20:49,11209.199682769558,2432.054067101134,2550.1189614151235,2565.8770387228024,2531.292024412951,2628.461087548705
2026-02-13 09:21:19,11122.413793103447,1708.1379310344828,1811.2413793103449,1780.8275862068965,1766.344827586207,1781.0344827586207
2026-02-13 09:21:49,10912.853053764182,2275.8216367210402,2404.04179742732,2233.437941856054,2360.3131358416385,2425.8371555678173
2026-02-13 09:22:19,11615.082238543497,3499.879314506396,3676.0801351677524,3677.0111375469805,3665.666701148236,3634.909141064101
2026-02-13 09:22:49,10403.186316769543,2584.6408496844715,2602.158695127418,2904.3415290182415,2684.161522811131,2660.8503741508325
2026-02-13 09:23:19,10570.73894003655,1818.7648701768903,1980.207579048998,1897.5897382848866,1937.933174718113,1915.3822281990274
2026-02-13 09:23:49,11113.062379243722,1602.125310516147,1614.4079492133592,1476.9182997515873,1612.4068451559483,1638.628208666851
2026-02-13 09:24:19,10956.640126839693,2942.129390273326,2987.8330403612176,2994.3818288353496,2993.003136525006,2972.9431634095063
2026-02-13 09:24:49,10870.590669287267,1631.9437260784111,1664.8391434778111,1602.1861315127067,1611.875452570601,1679.5972552670598
2026-02-13 09:25:19,15337.51724137931,3880.206896551724,3851.9310344827586,3948.965517241379,3873.9310344827586,3939.7241379310344
2026-02-13 09:25:49,19686.620689655174,1459.7241379310344,1543.3103448275863,1523.2068965517242,1483.7241379310344,1492.6896551724137
2026-02-13 09:26:19,19411.78093530142,2084.6323630845636,2105.255897365154,2198.441164298524,2160.780797351359,2120.706304317837
2026-02-13 09:26:49,20461.86469898628,2024.756913316323,1965.4506585752708,2042.7901524032827,2007.3098407006414,2062.340528239432
2026-02-13 09:27:19,20934.55172413793,1719.655172413793,1751.103448275862,1573.655172413793,1665.655172413793,1716.344827586207
2026-02-13 09:27:49,19424.606048067304,1712.4237095272574,1796.8690734802246,1808.8686597013893,1822.2819902761971,1809.5238095238094
2026-02-13 09:28:19,19177.344827586207,1513.655172413793,1627.1379310344828,1599.9310344827586,1568.896551724138,1583.5862068965516
2026-02-13 09:28:49,20661.275862068964,2978.689655172414,3268.2758620689656,3262.2413793103447,3232,3180.206896551724
2026-02-13 09:29:19,19055.13983240801,2616.9178247525774,2519.879995861926,2408.4278768233385,2554.019104107038,2583.1235559846887
2026-02-13 09:29:49,20830.223816256854,4167.3966272373,4406.869676173397,4344.897748042901,4187.191778459841,4231.679139221299
2026-02-13 09:30:19,24301.78269714837,4627.1507879038645,4631.495465673597,4470.466535636701,4523.70607910072,4567.152856798041
2026-02-13 09:30:49,35528.65517241379,2373.3793103448274,2547.448275862069,2563.2758620689656,2524.965517241379,2523.5862068965516
2026-02-13 09:31:19,34133.004586365045,1230.0424152556982,1265.0091382461462,1250.9396875754335,1245.7670954170833,1238.5254663953929
2026-02-13 09:31:49,40197.620689655174,1991.103448275862,1904.896551724138,1995.896551724138,2003.103448275862,2004
2026-02-13 09:32:19,33958.55029483775,2265.0436221938685,2301.38970309321,2283.7339218593743,2360.564157384737,2379.5992965274663
2026-02-13 09:32:49,35358.495120521395,5275.7681299355145,5174.040484154625,5176.0060691747985,5159.764129797579,5201.972481809717
2026-02-13 09:33:19,36384.8143167477,1231.8195924278475,1231.8195924278475,1245.8880728250751,1264.3012309920348,1216.7166649425883
2026-02-13 09:33:49,34709.03448275862,2437.9310344827586,2663.3793103448274,2633.689655172414,2577.2413793103447,2588.7586206896553
2026-02-13 09:34:19,34035.10344827586,4131.724137931034,4155.0344827586205,3996.0689655172414,4166.482758620689,4139.793103448275
2026-02-13 09:34:49,37076.206896551725,6548.379310344828,6893.724137931034,6765.689655172414,6638.896551724138,6598
2026-02-13 09:35:19,46323.57403958894,4746.913580246914,4826.263880267605,4944.616870128974,4778.053658873026,4663.494034071316
2026-02-13 09:35:49,67008.89593821116,1509.5510654437626,1679.3324598303566,1684.7458795945108,1664.643817667747,1638.3008068409076
2026-02-13 09:36:19,63531.68965517241,1217.7931034482758,1250.896551724138,1260.4137931034484,1217.3103448275863,1248
2026-02-13 09:36:49,66860.40897961998,4699.127556122624,4472.119728266492,4790.47553363909,4677.885444325666,4666.298837890961
2026-02-13 09:37:19,61654.01193062308,2661.356504948105,3018.826937002172,2951.898210406537,2878.245577738698,2872.6595634633286
2026-02-13 09:37:49,58728.68671540902,1646.9168161125674,1701.958890881501,1576.1139467512762,1631.7423092840393,1700.3034901365706
2026-02-13 09:38:19,63959.99448199752,4991.102220995999,5300.213822596221,5333.218374948269,5245.895985653194,5244.930335218651
2026-02-13 09:38:49,63468.170218635765,3066.3494034071314,3158.390233809228,2938.9957928132976,3076.6259742051175,3070.970411752535
2026-02-13 09:39:19,66539.81171764543,4177.661298665471,4431.463153901858,4442.635952963895,4371.667988551329,4424.84223593917
2026-02-13 09:39:49,63572.95079140659,2974.1025552605256,2824.2353184592566,3072.830097589572,3003.0001034518427,2974.5163626331937
2026-02-13 09:40:19,47678.620689655174,7478.482758620689,7648.758620689655,6835.689655172414,7476.413793103448,7547.241379310345
2026-02-13 09:40:49,4140.724137931034,3729.7241379310344,3729.2413793103447,3788.8275862068963,3664.2758620689656,3756.8275862068963
2026-02-13 09:41:19,4989.450458525822,2952.7683927463286,2961.2493966765496,2917.534303247604,2872.509136040819,2968.075570571606
2026-02-13 09:41:49,5019.724818097175,1893.5135694334285,1924.514638435808,2064.3815303976,2017.7937170247246,2052.070761060726
2026-02-13 09:42:19,4729.827586206897,1697.5172413793102,1796.4482758620688,1702.4827586206895,1748.8275862068965,1753.5172413793102
2026-02-13 09:42:49,4919.583433911514,1674.678437187489,1766.7505776061241,1799.1310045173968,1770.8196834373596,1719.4386013310802
2026-02-13 09:43:19,4566.157453705299,2144.2808372702502,2159.7986137453013,2096.9688609952063,2151.66040208283,2174.69567916135
2026-02-13 09:43:49,5150.408606599773,2885.1418916589087,2953.7602151649944,2936.071169959657,2969.001068928658,2883.141960622048
2026-02-13 09:44:19,5142.788179717942,1985.655667045964,2061.584083307472,1940.1399951725805,1949.5879452432675,2059.4462259922075
2026-02-13 09:44:49,4723.827586206897,1637.5862068965516,1663.7931034482758,1677.9655172413793,1610.896551724138,1669.9310344827586
2026-02-13 09:45:19,4450.068965517241,1419.655172413793,1395.2413793103449,1414.0689655172414,1343.4482758620688,1375.1724137931035
2026-02-13 09:45:49,6517.757396041653,4408.9373146679545,4465.554099717261,4489.724846562306,4455.072063995587,4436.86642300531
2026-02-13 09:46:19,6640.310344827586,1581.5862068965516,1554.4827586206895,1565.0344827586207,1553.0344827586207,1514.9655172413793
2026-02-13 09:46:49,7309.989310713423,1648.5638426261162,1742.9054170545842,1732.3195751870624,1757.9393814006412,1792.6968035584978
2026-02-13 09:47:19,6090.103448275862,1670.6206896551723,1659.4482758620688,1671.1724137931035,1672.2068965517242,1703.2413793103449
2026-02-13 09:47:49,7231.525225007758,1472.9473430118278,1502.4656022621468,1523.2594227387149,1510.0520707610606,1490.3962205593293
2026-02-13 09:48:19,6636.3667712679735,1556.0536570226557,1478.326838856512,1479.0854857064035,1533.2942515259144,1549.8465464326355
2026-02-13 09:48:49,6447.294920864797,1580.9454846384606,1594.7725940484809,1589.2900244819143,1614.6339781386846,1614.5650149994826
2026-02-13 09:49:19,6615.883306320907,1612.4349115486739,1466.9471361081414,1495.396392979068,1451.4293596330906,1535.708127866478
2026-02-13 09:49:49,6836.103448275862,1484.2068965517242,1515.0344827586207,1564.896551724138,1487.2413793103449,1526.344827586207
2026-02-13 09:50:19,7458.758620689655,3349.655172413793,3340.6206896551726,3487.9310344827586,3475.0344827586205,3376.206896551724
2026-02-13 09:50:49,9648.918928238903,4712.852167316114,4658.2295941239345,4489.741025552605,4716.093658402013,4490.016897134384
2026-02-13 09:51:19,10796.855063967721,1946.8257526121588,1908.6175385358113,1913.7901306941617,1973.7232318355802,2011.1038311665916
2026-02-13 09:51:49,10676.793103448275,2547.1724137931033,2504.206896551724,2593.965517241379,2541.448275862069,2602.4827586206898
2026-02-13 09:52:19,10698.58620689655,2131.9310344827586,2114,2084.137931034483,2231.655172413793,2233.103448275862
2026-02-13 09:52:49,11044.963966759768,1481.5351194786388,1466.1218578669702,1524.1198579359334,1507.6031860970313,1491.3278852453366
2026-02-13 09:53:19,11738.19786889203,3199.2137659919304,3242.594572226628,2928.5147763715986,3105.2105245008443,3028.1733852891475
2026-02-13 09:53:49,10829.931034482759,2324.137931034483,2369.310344827586,2428.862068965517,2428.0689655172414,2384.344827586207
2026-02-13 09:54:19,11485.827586206897,2028.1379310344828,1936.4827586206895,2042,1906.551724137931,2027.5172413793102
2026-02-13 09:54:49,10890.969276921487,2001.999931036861,1954.27743870901,1961.6909761732356,2001.448225923244,1966.277024930175
2026-02-13 09:55:19,10896.234223049865,1712.324987930202,1666.0459342023587,1743.3616111455963,1692.2546382509138,1735.4300296572178
2026-02-13 09:55:49,15407.965517241379,5961.413793103448,5872.482758620689,5919.103448275862,5860.551724137931,5874.275862068966
2026-02-13 09:56:19,12936.107854630716,1383.249431073719,1386.662988759396,1449.8655265154127,1390.5937521550238,1361.0785463071513
2026-02-13 09:56:49,19435.502224061238,2836.4883969518287,2862.039240026206,2948.3466087376296,2815.9718630392053,2911.0720319988964
2026-02-13 09:57:19,18475.190510672044,1657.2531981655802,1598.2207510085857,1684.7694907072168,1675.2525774973274,1588.6348746594942
2026-02-13 09:57:49,19148.580104206205,1793.6579138055968,1807.1840171146612,1769.3316310686312,1808.5642317380352,1823.8156033263172
2026-02-13 09:58:19,19773.7951495498,2554.8694242246524,2583.985924724877,2641.528961258495,2610.4805602511474,2522.5790871770105
2026-02-13 09:58:49,20504.827919166844,2357.059107524657,2311.8835781778057,2391.7856403889928,2111.1111111111113,2400.165528657149
2026-02-13 09:59:19,18438.3254594986,1677.264733266664,1784.4753267354045,1794.5446394703263,1815.9246870581742,1765.4401875926753
2026-02-13 09:59:49,19467.137931034482,2900.965517241379,2523.5862068965516,2806.9310344827586,2765.862068965517,2535.103448275862
2026-02-13 10:00:19,18996.724137931033,2338.7586206896553,2294.551724137931,2250.689655172414,2288.689655172414,2535.103448275862
2026-02-13 10:00:49,27747.58620689655,5174.758620689655,5047.172413793103,5308.931034482758,5175.517241379311,5306.482758620689
2026-02-13 10:01:19,36878.375116383315,2368.1506258836507,2354.184627056105,2229.1803165626397,2338.977206110555,2342.7014724645674
2026-02-13 10:01:49,34295.9757233008,3548.8120280009653,3381.944204972585,3589.330666574709,3519.5696403324246,3477.637159902065
2026-02-13 10:02:19,32418.137931034482,2720.551724137931,2849.793103448276,2728.965517241379,2805.5172413793102,2799.7241379310344
2026-02-13 10:02:49,35303.10344827586,2383.448275862069,2428.8965517241377,2520.655172413793,2427.9310344827586,2430.2758620689656
2026-02-13 10:03:19,35583.02010414152,2437.8426842304902,2514.1556605400183,2583.8132349391353,2580.4338080623465,2387.323700817269
2026-02-13 10:03:49,32929.20933760904,1512.1892348539704,1526.4990862384054,1521.0165166718386,1454.5705320506188,1460.2944726043927
2026-02-13 10:04:19,32950.825890547945,2358.2192489396184,2350.5638125452597,2212.421117969585,2298.424083589089,2379.5303286320213
2026-02-13 10:04:49,34805.86876314609,2500.637909037619,2577.911106513568,2403.6757353194716,2549.4293300231025,2552.670597565601
2026-02-13 10:05:19,35174.65517241379,3208.103448275862,3520.8275862068963,3539.448275862069,3430.8275862068963,3428.137931034483
2026-02-13 10:05:49,55021.311079692394,6401.9793785992615,6660.574502569053,6779.509638263387,6752.784578778577,6495.810200351735
2026-02-13 10:06:19,64391.047967171275,6109.900341391081,5741.577295768819,6396.49643091141,6280.2165591916955,6301.320735197764
2026-02-13 10:06:49,69431.77350943135,3100.9345149832748,3025.8974447394735,3166.0746922307662,3056.5881582123516,3033.070105865719
2026-02-13 10:07:19,65614.10344827586,4422.620689655172,4512,4230.482758620689,4386.827586206897,4353.517241379311
2026-02-13 10:07:49,61532.24137931034,6330.482758620689,6905.862068965517,6725.827586206897,6745.0344827586205,6776.413793103448
2026-02-13 10:08:19,71373.55172413793,4800.9655172413795,4608.482758620689,4677.0344827586205,4730.620689655172,4698.758620689655
2026-02-13 10:08:49,70066.37473277705,5106.923660437212,5320.874422453624,5368.078063581822,5247.086407833943,5222.122612233639
2026-02-13 10:09:19,65410.48275862069,4126.0344827586205,4094.965517241379,3673.448275862069,4126.275862068966,4158.758620689655
2026-02-13 10:09:49,65591.58620689655,4817.793103448275,4958.6551724137935,4722.241379310345,4871.103448275862,4843.241379310345
2026-02-13 10:10:19,65469.96551724138,5059.448275862069,5068.517241379311,5383.379310344828,5240.3448275862065,5309.103448275862
2026-02-13 10:10:49,31598.62068965517,2999.2413793103447,3089.2413793103447,2698.310344827586,2968.551724137931,3015.1724137931033
2026-02-13 10:11:19,1498.3621254439504,1227.2680252405091,1276.7145960484122,1212.7857660080688,1252.922313023689,1233.4747077686977
2026-02-13 10:11:49,5493.827586206897,4315.172413793103,4355.241379310345,4332.172413793103,4261.586206896552,4289.586206896552
2026-02-13 10:12:19,4707.955446739542,1698.955136384013,1757.4399117210935,1714.1970412772853,1711.714197041277,1702.8173385289147
2026-02-13 10:12:49,5109.448275862069,1728.2068965517242,1844.2758620689656,1859.6206896551723,1716.896551724138,1749.1724137931035
2026-02-13 10:13:19,3755.2244982412585,1415.2010483481622,1669.4944478929585,1579.1433891992554,1522.794675494862,1421.822194634113
2026-02-13 10:13:49,4873.335856066599,1651.725205545426,1590.3195844370289,1581.650555574667,1623.172451752726,1676.149850356049
2026-02-13 10:14:19,4488.068965517241,1410.0689655172414,1411.6206896551723,1403.5862068965516,1408.8275862068965,1391.2413793103449
2026-02-13 10:14:49,5500.086203924002,3410.503086100479,3330.9885866004615,3415.7787662494393,3400.2275783593664,3269.6803558497977
2026-02-13 10:15:19,4835.310344827586,2057.7241379310344,2098.551724137931,2056.965517241379,2049.5172413793102,2263.793103448276
2026-02-13 10:15:49,4966.3115064997755,1542.2916451156855,1583.3247129409328,1588.6003930898933,1548.5672907830763,1549.4638115927035
2026-02-13 10:16:19,4652.689655172414,1608,1664.344827586207,1602.896551724138,1621.103448275862,1657.7241379310344
2026-02-13 10:16:49,7811.282369573462,4391.296851832695,4385.779800696527,4409.1583048860375,4372.125099134512,4446.05358435916
2026-02-13 10:17:19,6826.178407641115,1484.1212371987172,1544.912244405365,1540.0503430916174,1490.0865487396984,1489.2589910692734
2026-02-13 10:17:49,6623.435290872098,1538.087520259319,1584.1235904686366,1560.915893651505,1499.1551432808026,1491.499706886444
2026-02-13 10:18:19,6702.699906899761,1626.3577118030412,1597.669045894969,1607.0480328264541,1617.047688010758,1625.530154132616
2026-02-13 10:18:49,7168.689655172414,2377.5862068965516,2330.4137931034484,2393.8965517241377,2312.4827586206898,2322.4827586206898
2026-02-13 10:19:19,7140.551724137931,2349.1724137931033,2244.1724137931033,2264.206896551724,2390.7586206896553,2448.206896551724
2026-02-13 10:19:49,7095.451567295423,2775.923307700265,3045.7946825752606,2827.511293492879,2931.825235352943,2904.789820338632
2026-02-13 10:20:19,6475.3448275862065,2061.206896551724,1876.8275862068965,1965.5172413793102,1993.7931034482758,2011.5862068965516
2026-02-13 10:20:49,6395.772268009241,1623.5042587675434,1630.7458877892338,1679.2648022345595,1628.400979344115,1626.4698782716644
2026-02-13 10:21:19,6647.507068478037,2811.875043100476,2840.4937590511,2889.9386249224194,2815.4610026894698,2848.562168126336
2026-02-13 10:21:49,10687.896551724138,5352.137931034483,5359.172413793103,5546.931034482758,5422,5539.931034482758
2026-02-13 10:22:19,11354.931034482759,1541.9310344827586,1490.7931034482758,1577.7241379310344,1568.6206896551723,1565.9310344827586
2026-02-13 10:22:49,11253.655172413793,2441.344827586207,2539.7586206896553,2400.448275862069,2520,2490.965517241379
2026-02-13 10:23:19,10754.086488723362,1909.8903372646394,1993.2409131664256,1922.063590592455,1867.3011931857372,2010.5524518932343
2026-02-13 10:23:49,12355.2858423557,3121.853665264465,3246.6726432659816,3147.0588235294117,3258.327011930212,3191.9177987724984
2026-02-13 10:24:19,10963.100903510587,1842.6098351610456,1830.8159183391958,1925.8569556521138,1916.7528795089315,1884.8886130077935
2026-02-13 10:24:49,10536.708162350424,1970.412772854236,2069.3127349218935,2080.657953722542,2064.8987896134345,2051.863857374392
2026-02-13 10:25:19,10766.663218509706,1899.9344850177579,1849.936209096238,1858.004896382883,1883.1764421916484,1909.0376193924344
2026-02-13 10:25:49,10715.670046210083,2015.828677839851,2047.037726739775,2031.967721911856,2060.5559004069246,2075.729360645562
2026-02-13 10:26:19,11052.30132735735,1447.3711429063953,1479.4001034304429,1484.364764695742,1466.574728495087,1421.3411480779175
2026-02-13 10:26:49,19501.63798751681,4229.456188144418,4336.218490292768,4374.392220421393,4339.528949274112,4374.564640160005
2026-02-13 10:27:19,19755.206896551725,2993.9310344827586,3003.5862068965516,2919.7241379310344,3021.1724137931033,3051.5862068965516
2026-02-13 10:27:49,19789.647918893752,3153.488051312114,3211.2831476947476,2995.103279423428,3118.3144246353318,3099.624124969826
2026-02-13 10:28:19,20261.912971519207,2250.8792497069167,2394.041790221364,2439.1421281290945,2412.868078063582,2409.7648438038755
2026-02-13 10:28:49,20380.159304851553,2058.170407916968,2160.8220406192886,2063.894348470742,2091.858901417192,2062.549567256301
2026-02-13 10:29:19,19026.344827586207,2307.0689655172414,2403.2413793103447,2449.793103448276,2443.5862068965516,2406.137931034483
2026-02-13 10:29:49,20527.121624883614,1478.3958067519568,1477.085416738508,1499.6724024966377,1500.3965653988066,1465.15397082658
2026-02-13 10:30:19,19484.96551724138,3030.2758620689656,2911.793103448276,2935.3793103448274,2950.344827586207,2966.344827586207
2026-02-13 10:30:49,17751.689655172413,1443.2068965517242,1483.3103448275863,1502.4482758620688,1548.8275862068965,1493.103448275862
2026-02-13 10:31:19,18910.38240060687,1761.0427226647355,1860.2117168373502,1817.178717975242,1807.868694182959,1822.3509534153993
2026-02-13 10:31:49,38529.49084766797,6832.327898238479,6506.118790720123,6884.173877072634,6736.323210038265,6806.094660277846
2026-02-13 10:32:19,35453.85304659498,2226.0821615660325,2354.356217259443,2154.948993658671,2333.057623380204,2337.6068376068374
2026-02-13 10:32:49,31657.678780773742,5627.060202744638,5770.6020274463835,5852.872215709262,5779.877249844839,5799.600027584304
2026-02-13 10:33:19,37707.137931034486,3024.655172413793,3318.5172413793102,3248.0689655172414,3158.8965517241377,3174.6206896551726
2026-02-13 10:33:49,36200.13102996448,4573.876762870245,4668.2528188683145,4671.459604841212,4725.699113823661,3912.8305920485495
2026-02-13 10:34:19,35599.88275457774,4076.0026207800265,3975.171557639918,4100.41725576744,3997.586123659436,4791.613503913927
2026-02-13 10:34:49,35659.953791510045,2674.3680816579877,2662.022828373392,2767.0264491879025,2782.6476775061205,2740.7841649712054
2026-02-13 10:35:19,34800.07585945312,4234.474673287128,4287.024585359126,4434.1919244164,4357.022171649254,4313.368504534326
2026-02-13 10:35:49,30952.311989241745,2524.706044619151,2588.6693562290952,2603.3929864487427,2558.394538119375,2572.945760491017
2026-02-13 10:36:19,37083.23850901693,2953.174028481776,3082.58335919451,2972.449225888762,3046.998379366228,3054.860177235267
2026-02-13 10:36:49,66324.8275862069,4549.103448275862,4352.413793103448,4600.586206896552,4514.482758620689,4457.172413793103
2026-02-13 10:37:19,67809.3448275862,3109.862068965517,3072,3201.7241379310344,3091.655172413793,3095.5862068965516
2026-02-13 10:37:49,66452.63956415295,2284.1970966518393,2428.1231681666145,2279.7489741733043,2312.6788731423053,2263.1633391952
2026-02-13 10:38:19,65198.40695148442,2959.415192579566,3454.5705320506186,3448.36384952243,3413.1926485293607,3443.8122823350914
2026-02-13 10:38:49,64738.1633849443,1663.678057864064,1682.0580020000687,1722.0248974102553,1792.68250629332,1929.4458429601018
2026-02-13 10:39:19,62837.23576675057,5760.577950963826,6248.146487809923,6184.902927687161,6196.765405703644,7093.0032070071375
2026-02-13 10:39:49,63603.57253698402,9947.515431566604,9705.645022242144,10137.21162798717,9894.548087865098,9835.304665678126
2026-02-13 10:40:19,62346.98803489535,5140.029654149857,5246.991483052309,5591.945105341196,5455.811868556257,5448.501775800835
2026-02-13 10:40:49,63752.008551429266,3064.239164166753,3114.5822557842835,2959.242784731561,3082.5833591945106,3088.031447191476
2026-02-13 10:41:19,67476.6551724138,2364.689655172414,2364.689655172414,2370.4827586206898,2329.9310344827586,2333.2413793103447
2026-02-13 10:41:49,5074.037035759853,1538.6392634228764,1702.6104348425806,1734.7149901720747,1708.8865133280456,1765.095348115452
2026-02-13 10:42:19,5268.448275862069,4316.379310344828,4244.413793103448,4265.517241379311,4215.448275862069,4215.241379310345
2026-02-13 10:42:49,4607.124383599434,1802.8207869236867,1872.892168695472,1880.720024828442,1889.5823993930821,1846.0636573674951
2026-02-13 10:43:19,5001.7242568453,1767.708117801228,1751.569073729223,1743.0857300503485,1719.0840747637772,1623.629215807987
2026-02-13 10:43:49,4994.069170028619,1833.3505741181336,1794.7656977345607,1841.0054825695663,1878.8317644219162,1875.6594600186197
2026-02-13 10:44:19,4313.137931034483,1267.9655172413793,1279.4482758620688,1249.0344827586207,1245.3103448275863,1200.4137931034484
2026-02-13 10:44:49,4841.482758620689,1527.551724137931,1608.4137931034481,1605.4137931034481,1607.0344827586207,1594.2068965517242
2026-02-13 10:45:19,4769.05041031653,1801.2206054754845,1681.5392041928144,1650.2310185504448,1660.2992897041584,1720.5709951037861
2026-02-13 10:45:49,4795.172413793103,2363.793103448276,2234.0344827586205,2356.793103448276,2395.7241379310344,2386.4137931034484
2026-02-13 10:46:19,4908.175580152408,2655.9773800903413,2667.3218164890864,2627.012861625461,2617.9097272507843,2605.4963621944066
2026-02-13 10:46:49,4751.775739604165,1821.5295496862286,1931.728846286463,1916.729880697883,1889.3869388318049,1895.8692503965244
2026-02-13 10:47:19,7493.724137931034,4548.551724137931,4519.586206896552,4508.551724137931,4507.172413793103,4516.068965517241
2026-02-13 10:47:49,7220.559329632055,2003.3794268767886,1903.9966895410184,1878.7889237559914,1838.6840925549154,1929.1699713783232
2026-02-13 10:48:19,7175.332735673403,1604.3031515067928,1619.6469209020067,1678.504930694435,1611.8888352527413,1629.266947107096
2026-02-13 10:48:49,7807.206896551724,3021.2413793103447,2995.4827586206898,2994.5862068965516,2933.655172413793,2991.5862068965516
2026-02-13 10:49:19,6555.808420399296,1251.2671976828383,1258.9221061342712,1255.4049860349642,1266.8528671425122,1228.5093617461466
2026-02-13 10:49:49,6556.310344827586,2535.5862068965516,2584,2601.137931034483,2574.344827586207,2552.551724137931
2026-02-13 10:50:19,6674.517241379311,1828.0689655172414,1859.5172413793102,1795.2413793103449,1822.896551724138,1850.6206896551723
2026-02-13 10:50:49,6925.3448275862065,1692.2758620689656,1713.1724137931035,1721.2068965517242,1696.4827586206895,1729.7241379310344
2026-02-13 10:51:19,6436.62943042339,1250.7240380637154,1255.2751344642118,1239.3462970624742,1233.347124534547,1235.622672734795
2026-02-13 10:51:49,7483.2293426178085,2069.6335619980005,1988.8310524320038,2041.607776896825,2065.841635354545,2070.667723809852
2026-02-13 10:52:19,11457.034482758621,4319.793103448275,4423.379310344828,4460.206896551724,4388.206896551724,4362.758620689655
2026-02-13 10:52:49,11052,2579.862068965517,2466.551724137931,2586.103448275862,2554.8965517241377,2548.344827586207
2026-02-13 10:53:19,11278.172413793103,2164.0689655172414,2200.344827586207,2193.2413793103447,2271.5172413793102,2268.551724137931
2026-02-13 10:53:49,10692.217509741042,1985.5177407675594,2025.309472087169,2118.306265301196,2087.376297369056,2104.2033033343673
2026-02-13 10:54:19,10670.448275862069,1566,1652.896551724138,1644.8275862068965,1629.9310344827586,1660.1379310344828
2026-02-13 10:54:49,11275.187918074616,2123.6466450589614,2021.7226398179437,2104.096269222812,2132.611544031446,2097.5105165161026
2026-02-13 10:55:19,11649.679332459831,2426.4533480449627,2632.7149851734366,2592.166057513275,2584.9251775739604,2537.5491345424452
2026-02-13 10:55:49,11738.913028484723,3429.236499068901,3519.5530726256984,3686.4956203876127,3734.326505276226,3694.806538381957
2026-02-13 10:56:19,10784.497620853735,2125.129301427488,1856.354734156265,1678.9186952623957,1803.1859871732984,1673.125991310944
2026-02-13 10:56:49,11639.633116099443,2108.6169442433015,2009.0686528050755,2133.754008482466,2065.997724216406,2120.892383021275
2026-02-13 10:57:19,20021.3110796924,4498.499948274078,4758.957205420876,4757.888203041483,4658.988240973826,4631.676954377736
2026-02-13 10:57:49,18973.655172413793,2327.5862068965516,2422.2758620689656,2263.8965517241377,2406.8275862068967,2389.655172413793
2026-02-13 10:58:19,19397.986276335298,2131.1678907623873,2085.238440053791,2060.0668942450257,2122.0647563877105,2115.0305161890965
2026-02-13 10:58:49,17339.862068965518,2594.4827586206898,2715.655172413793,2629.965517241379,2664,2504.7586206896553
2026-02-13 10:59:19,19091.620689655174,2591.6206896551726,2664.0689655172414,2794.8965517241377,2736.965517241379,2895.3793103448274
2026-02-13 10:59:49,19551.39477949036,2215.406365297748,1998.1379952415432,2048.5155684286747,1921.3820213096099,2022.4130202406811
2026-02-13 11:00:19,20369.620689655174,2272.689655172414,2117.3793103448274,2179.5172413793102,2208.4137931034484,2274.7586206896553
2026-02-13 11:00:49,19362.49224191435,2533.9631749534515,2539.2731535756157,2572.270877870492,2625.2672229501413,2581.201296462313
2026-02-13 11:01:19,19518.827586206895,3199.3793103448274,3096.965517241379,3240.965517241379,3160.8965517241377,3171.5862068965516
2026-02-13 11:01:49,19995.000172407847,3032.378193855384,3245.543257129064,3293.989862418537,3248.094893279542,3282.57646288059
2026-02-13 11:02:19,36771.490638253854,4250.094824316403,4337.298713837455,4306.196338057309,4285.783248853488,4255.163615047757
2026-02-13 11:02:49,37152.724137931036,2518.793103448276,2386.7586206896553,2380.0344827586205,2448.689655172414,2457.793103448276
2026-02-13 11:03:19,35024.82587407765,4369.181435763051,4294.876215433418,4568.512516378181,4521.343355630646,4505.827184332115
2026-02-13 11:03:49,33986.27633529878,2529.6369090721005,2518.1200648253507,2375.6767008034203,2486.3970207923862,2530.6713561601323
2026-02-13 11:04:19,37230.02655080859,1269.7838005586013,1226.8542464052962,1237.1987172856107,1262.0254473983655,1236.5780490327918
2026-02-13 11:04:49,36942.24137931035,2216.4827586206898,2254.862068965517,2317.4137931034484,2241.448275862069,2234.7586206896553
2026-02-13 11:05:19,35945.92916997137,1944.4463602193177,2005.689851374185,1813.9246180902787,1951.170730025173,1937.3081830407943
2026-02-13 11:05:49,34385.620689655174,3568.862068965517,3369.7241379310344,3438.448275862069,3543.0344827586205,3504.7586206896553
2026-02-13 11:06:19,34589.51106820219,3065.2368802151577,3137.0250327563617,2968.209089028343,3077.442934970002,3107.0271015792014
2026-02-13 11:06:49,36519.7751801662,5890.969276921486,5617.392503706769,5839.971035481535,5866.76321506155,5338.781421330299
2026-02-13 11:07:19,65425.448275862065,4039.9310344827586,4135.724137931034,4159.517241379311,4104.896551724138,4589.724137931034
2026-02-13 11:07:49,67451.91876702411,4158.776678274662,4718.684274040617,4421.783953384133,4718.270523738925,4784.263696858946
2026-02-13 11:08:19,63274.58620689655,4991.724137931034,4298.137931034483,4512.551724137931,4392.551724137931,4347.862068965517
2026-02-13 11:08:49,62982.89596192971,1509.4658436497807,1465.7057139901374,1494.7067140246213,1470.1196592985964,1478.8785820200694
2026-02-13 11:09:19,68774.78191911182,5629.521084025791,6170.258249146641,6257.4906044202335,6316.587939178707,6142.123228631522
2026-02-13 11:09:49,59339.40208958311,6789.938277990414,6703.010241026171,6195.165683941932,6769.214854660183,6753.905037757318
2026-02-13 11:10:19,65186.54529154166,5511.878900727561,5366.7804558463495,6331.8851074100885,5442.364056411847,5440.5020516533905
2026-02-13 11:10:49,63174.44226061169,6352.401641322712,6067.79076583566,6773.111272025102,6624.185372918175,6552.6705975656005
2026-02-13 11:11:19,65384.41379310345,4355.275862068966,4504.758620689655,4295.586206896552,4384.3448275862065,4381.0344827586205
2026-02-13 11:11:49,69828.39114543825,4247.6036135438935,4664.230053099786,4798.73801806772,4609.061444038342,4594.786566443694
2026-02-13 11:12:19,4716.329908282188,1365.2851527480864,1395.0762016412662,1399.6276118888354,1415.350665471347,1375.008620095166
2026-02-13 11:12:49,1914.8275862068965,1755.4482758620688,1800.8275862068965,1773.9655172413793,1783.7241379310344,1808.8275862068965
2026-02-13 11:13:19,1574.615543755603,1402.0412385352736,1425.21205434108,1388.387007792566,1405.1444727949797,1406.3857664988623
2026-02-13 11:13:49,3226.5862068965516,2547.1724137931033,2529.448275862069,2569.689655172414,2548.206896551724,2545.5862068965516
2026-02-13 11:14:19,4934.519499327609,3706.3549532774728,3622.150960311713,3663.804696389779,3643.6674597427673,3686.286679769663
2026-02-13 11:14:49,4791.5933933312635,1705.9411744422605,1798.9724492258886,1791.9726905968757,1743.526085307403,1776.9042446812177
2026-02-13 11:15:19,4491.517826356803,1571.4088683539067,1560.4441073029448,1588.1663333563204,1584.6493345286533,1564.7886352665334
2026-02-13 11:15:49,5077.9655172413795,1897.7241379310344,1860.6206896551723,1915.2068965517242,1851.7931034482758,1920.4827586206895
2026-02-13 11:16:19,4597.076164534704,1573.2855221873601,1494.6040064820882,1484.260248939765,1453.849601765335,1434.6102127366137
2026-02-13 11:16:49,4993.65495361909,2175.523293906686,2159.3158384771887,2121.073140453119,2141.246249870685,2105.9346874030134
2026-02-13 11:17:19,4658.299427625681,2053.789393834908,2005.9306254741052,2010.1372319150405,2054.61692297083,2047.376043031515
2026-02-13 11:17:49,4688.400799944831,1645.541686780222,1636.9905523756984,1645.1624025929248,1654.9203503206677,1622.7156747810498
2026-02-13 11:18:19,4689.02375943998,1480.6717473016308,1529.0872099037895,1529.5010172764576,1529.0872099037895,1540.5358805476048
2026-02-13 11:18:49,6552.015447743181,3790.2830936864243,3782.6971483741936,3832.2471638909,3832.281645460501,3852.6257715251195
2026-02-13 11:19:19,6912.20992379573,2717.0787214233987,2708.8031447191474,2697.838005586014,2730.3196441502014,2750.5948070756176
2026-02-13 11:19:49,7583.393676080136,1874.6250129305888,1889.3141615806353,1858.3152305092929,1837.8676597358713,1856.0739284852248
2026-02-13 11:20:19,6684.724137931034,1463,1574.4137931034481,1516.9655172413793,1517.5172413793102,1540.0689655172414
2026-02-13 11:20:49,6175.1663735733255,1529.4300196544948,1526.4301230992037,1483.2936795282922,1499.465535671184,1506.775628426606
2026-02-13 11:21:19,6715.76842177856,1473.845729457605,1602.0826868039035,1556.084272956105,1562.1530292058897,1572.0837212509914
2026-02-13 11:21:49,6830.391007516723,1785.1872284670023,1707.6753327356735,1803.496310599269,1726.4326598165644,1763.809392455693
2026-02-13 11:22:19,7080.517241379311,2915.551724137931,3034.551724137931,3079.5862068965516,2921.9310344827586,2887.3793103448274
2026-02-13 11:22:49,7104.379310344828,1925.4482758620688,1912.5862068965516,2004.5172413793102,1963.9310344827586,1983.4482758620688
2026-02-13 11:23:19,5471.413793103448,1590.4137931034481,1629.2068965517242,1651.2413793103449,1634.551724137931,1633.2413793103449
2026-02-13 11:23:49,9002.448275862069,4312.275862068966,4428.206896551724,4455.551724137931,4393.862068965517,4427.172413793103
2026-02-13 11:24:19,10403.351493000484,1222.2605337562927,1277.704985863044,1289.4972760499277,1258.0511688849044,1253.0859940693745
2026-02-13 11:24:49,11451.486104406593,1494.1038549065581,1542.7211916419558,1513.6542307427076,1490.9316598855253,1523.894903799738
2026-02-13 11:25:19,10589.572054208764,1275.0439670333458,1336.3909100313801,1360.3917376461256,1328.5285699506878,1349.632745956757
2026-02-13 11:25:49,12058.864098762024,3299.975861236594,3336.7357495086035,3307.803717369564,3375.2198351667294,3352.7363012517667
2026-02-13 11:26:19,10392.731535756155,2079.8220812357767,2017.309151093028,1996.2071581270259,2066.4092131577136,2066.6160954416937
2026-02-13 11:26:49,10978.104203303334,2735.9056584255713,2760.52549912072,2791.1796144960517,2780.4558463501257,2860.5910141029617
2026-02-13 11:27:19,11742.085661080075,2303.538175046555,2390.5786605972826,2292.296020415201,2101.041451134561,2369.6806676322503
2026-02-13 11:27:49,12307.137931034482,2536.0689655172414,2566.4827586206898,2523.7586206896553,2807.1724137931033,2531.655172413793
2026-02-13 11:28:19,11162.988759395905,1317.7711881939176,1297.0829597958761,1309.9096614026619,1290.2558444245226,1312.1853665264466
2026-02-13 11:28:49,14776.379310344828,5525.862068965517,5549.931034482758,5562.724137931034,5458.068965517241,5473.310344827586
2026-02-13 11:29:19,18723.708709744158,1910.0751672298463,2048.6173367353977,2145.9899317288464,2058.409764843804,2074.2017791876424
2026-02-13 11:29:49,19106.582531636843,1918.4855694631221,1945.8639357263544,1864.3839867590775,1975.65601186166,1917.658011792697
2026-02-13 11:30:19,19179.67726363699,2708.295979587615,3048.789738638715,3058.6166471277843,2984.7596717467763,2992.8280808220125
2026-02-13 11:30:49,19085.761577985446,2112.96941273837,2103.7621986965064,2054.036346080899,2016.6902306976099,2098.4171867995447
2026-02-13 11:31:19,20660.069647967455,2595.662517670586,2470.813364134745,2623.72857980209,2745.1642933489643,2722.063234837776
2026-02-13 11:31:49,18328.598027722226,2559.168333218399,2969.8641473001862,2721.8812495689954,2699.1241983311497,2696.7105716847113
2026-02-13 11:32:19,19374.814661563396,2216.1304782593706,2181.373056101514,2294.196751836144,2226.1301334436744,2262.5426709423814
2026-02-13 11:32:49,19419.48275862069,3212.8965517241377,3085.1724137931033,3156.103448275862,3174.6206896551726,3104.137931034483
2026-02-13 11:33:19,17803.241379310344,2280.206896551724,2183.5172413793102,2169.3793103448274,2222.4827586206898,2264.689655172414
2026-02-13 11:33:49,27757.04286059101,5749.525878417985,6107.823868142477,6192.78645563946,5954.553291265817,6060.54963621944
2026-02-13 11:34:19,32667.896424507813,1347.5847326138678,1383.787884011999,1379.2366306933768,1365.3759955866635,1368.4791228493605
2026-02-13 11:34:49,34645.1724137931,2312.965517241379,2277.3793103448274,2352.3793103448274,2324.8965517241377,2374.4827586206898
2026-02-13 11:35:19,35108.3448275862,4339.448275862069,4480.551724137931,4293.6551724137935,4370.275862068966,4424.482758620689
2026-02-13 11:35:49,34459.68965517241,1486.4827586206895,1496.551724137931,1499.2068965517242,1494.9655172413793,1480
2026-02-13 11:36:19,37092.313528052684,2480.8441670402426,2473.3266664367734,2626.9181695920547,2601.675919859305,2606.5726404358766
2026-02-13 11:36:49,34856.078891110956,3298.0484104544516,3532.652920488242,3478.0015171367495,3434.383835597545,3437.0733052892906
2026-02-13 11:37:19,34883.96951829247,1217.337333195407,1255.4049860349642,1234.0953760215164,1252.9223130236887,1255.1980966173578
2026-02-13 11:37:49,38374.448275862065,4756.9655172413795,4782.896551724138,4527.896551724138,4762.137931034483,4749.862068965517
2026-02-13 11:38:19,35815.55172413793,4333.517241379311,4321.517241379311,4325.586206896552,4407.379310344828,4418.758620689655
2026-02-13 11:38:49,47909.96862177166,5276.438743491603,5322.644046757007,5495.155339471052,5330.2299920692385,5381.538567635598
2026-02-13 11:39:19,65236.30219647599,3740.974449156926,3531.8782110961693,3778.007654908452,3683.4591910623776,3658.632460949623
2026-02-13 11:39:49,66567.06896551725,3226.2758620689656,3071.5862068965516,3322.310344827586,3200.689655172414,3194.2758620689656
2026-02-13 11:40:19,66601.10344827586,3766.4137931034484,3923.1724137931033,4080.5172413793102,3914.0689655172414,3977.1724137931033
2026-02-13 11:40:49,64122.3448275862,3529.2413793103447,3467.793103448276,3592.689655172414,3769.5172413793102,3499.793103448276
2026-02-13 11:41:19,65076.27323195751,4561.704768801075,4812.454742939898,4784.1108927278365,4778.938657287679,4759.9048308679
2026-02-13 11:41:49,65006.13793103448,2422.8965517241377,2630.2758620689656,2608.7241379310344,2615.9310344827586,2570.137931034483
2026-02-13 11:42:19,64910.3448275862,3306.8275862068963,3290.6206896551726,3088.7586206896553,3241.0344827586205,3230.4827586206898
2026-02-13 11:42:49,68245.5172413793,3616.551724137931,3676.8965517241377,3387.689655172414,3594.4137931034484,3633.0344827586205
2026-02-13 11:43:19,65882.18658389377,3301.5347473702363,3384.7215037075357,3439.3516123469562,3355.7509915502674,3365.062941886532
2026-02-13 11:43:49,46957.688196144685,3638.194420497258,3736.611607296803,3615.8488223731847,3679.71309355495,3653.5742611814194
2026-02-13 11:44:19,4180.4889823787025,3429.4286009862403,3087.8306148487873,3360.9434808096826,3416.393668747198,3461.9124797406803
2026-02-13 11:44:49,5278.758620689655,3584.551724137931,3661.5862068965516,3570.3793103448274,3594.7586206896553,3620.7586206896553
2026-02-13 11:45:19,4861.3448275862065,2018.2068965517242,2041.1724137931035,2010.6896551724137,2048.4137931034484,2065.5862068965516
2026-02-13 11:45:49,4853.148058754568,1816.3574925867183,1949.6586442314324,1819.6331287497414,1875.4568650437902,1896.351975725812
2026-02-13 11:46:19,4570.640366909203,1230.0424152556982,1244.1118659264112,1265.4229456188143,1263.9746198144762,1209.972757681299
2026-02-13 11:46:49,4575.931034482758,2400.8965517241377,2320.6206896551726,2397.137931034483,2352.4827586206898,2392.8965517241377
2026-02-13 11:47:19,4808.075583600565,2908.3824695700146,3000.99996551843,2957.553187821109,2964.656391158925,3020.6544601910277
2026-02-13 11:47:49,5102.789558980725,1982.069583807455,2009.5169132098895,2039.8262128892109,2002.1378573152651,2003.448156960105
2026-02-13 11:48:19,4966.552877486983,2001.620633771249,2032.4816385641873,2003.724009516913,2062.135788421089,2076.411158235923
2026-02-13 11:48:49,4806.903210234129,2465.1908554877414,2541.77442157167,2489.052101651667,2428.399020723423,2480.121375124995
2026-02-13 11:49:19,6044.341769533135,3784.9458658023586,3725.605130680643,3804.2203985932006,3735.3285980277224,3799.5310668229777
2026-02-13 11:49:49,7356.793103448275,2322.0689655172414,2395.310344827586,2377.137931034483,2312.965517241379,2361.5172413793102
2026-02-13 11:50:19,6567.290783076445,1335.4711906485982,1330.0920657908346,1312.7133547119063,1310.4375711182372,1303.8171097548359
2026-02-13 11:50:49,7193.510568601082,1496.4311575462914,1506.4308127305953,1492.3278507637665,1470.9147960415157,1468.225233612634
2026-02-13 11:51:19,6216.310344827586,1329.3793103448277,1334.551724137931,1305.3793103448277,1324,1324.8275862068965
2026-02-13 11:51:49,6707.872142339918,1486.4315023619874,1518.223509534154,1488.8107306644597,1514.4305368780385,1472.2250956863554
2026-02-13 11:52:19,6329.023137133202,1379.4007103203337,1350.7810075514635,1352.0913071963034,1351.4706389434846,1386.2280611013412
2026-02-13 11:52:49,6933.485052239578,1597.3242301989587,1598.6345298437986,1606.4618461432365,1588.7728009378989,1612.7030102410263
2026-02-13 11:53:19,6328.241379310345,1300.7586206896551,1296.8275862068965,1276.7586206896551,1283.5862068965516,1308
2026-02-13 11:53:49,7447.0344827586205,1492.344827586207,1576.4137931034481,1517.344827586207,1522.7586206896551,1499.103448275862
2026-02-13 11:54:19,10519.844143305401,3887.452156822178,4119.582083376435,4053.5153960208263,4013.792627840419,3941.243405399813
2026-02-13 11:54:49,11607.910072066481,3338.0917899382785,3155.4084341919247,3428.1231681666154,3354.7119064859835,3364.9184510878936
2026-02-13 11:55:19,11317.5987862906,1770.4985863043928,1845.2520515826495,1834.7010550996483,1824.3569409006277,1822.2881180608235
2026-02-13 11:55:49,12133.374711216853,1870.763077135271,1842.212337505603,1883.4867763180578,1859.315196027723,1811.9375193958826
2026-02-13 11:56:19,10896.351975725813,3450.5206537480176,3494.5865802358458,3443.55561685401,3431.6943659057997,3408.109785532032
2026-02-13 11:56:49,11331.758620689656,2430.2758620689656,2476.8965517241377,2520.655172413793,2473.3793103448274,2515.103448275862
2026-02-13 11:57:19,10972.241379310344,2190.689655172414,2335.103448275862,2222.0689655172414,2309.448275862069,2308
2026-02-13 11:57:49,11321.471673390572,1806.7652839557254,1760.2841281335125,1807.4893969173474,1833.3160925485327,1790.2141305472223
2026-02-13 11:58:19,10656.425640495154,1243.6122892314056,1227.268025240509,1291.6106341160648,1243.4053998137995,1259.3358849694837
2026-02-13 11:58:49,11283.52701817304,1519.6386082278698,1489.844477395772,1495.0515535018446,1491.9135142591122,1487.2926652643193
2026-02-13 11:59:19,14490.569290714111,3986.1384090203783,4176.614599496568,4136.133236784938,4145.374297438019,4119.09934140202
2026-02-13 11:59:49,20304.58620689655,1578.6206896551723,1716.344827586207,1688.9310344827586,1704.4827586206895,1665.2413793103449
2026-02-13 12:00:19,18819.557946277713,1341.6089100375848,1253.5429812765076,1368.918313161615,1313.4719492431293,1339.5400158615219
2026-02-13 12:00:49,19100.76557003931,1465.2734671356645,1490.2407062556038,1487.5163804400304,1468.3081591833918,1436.168011587006
2026-02-13 12:01:19,18509.5159288374,1320.1627361743208,1366.501172252103,1351.399806923183,1353.6753551234312,1308.7849951730796
2026-02-13 12:01:49,20224.731887306458,1513.8453050105174,1723.852546639539,1705.6795061898683,1686.0581399358596,1672.5404324287042
2026-02-13 12:02:19,20142.58620689655,1870.344827586207,1896.6206896551723,1852.4827586206895,1866.2068965517242,1872.1379310344828
2026-02-13 12:02:49,20355.310344827587,3598.2758620689656,3858.8965517241377,3706.103448275862,3688.344827586207,3854
2026-02-13 12:03:19,18245.853591255473,1845.72945760491,2022.344057101479,2045.929450708596,1996.551843039895,1980.4144684666044
2026-02-13 12:03:49,19560.137931034482,2491.5172413793102,2517.448275862069,2514.9310344827586,2531.448275862069,2491.9310344827586
2026-02-13 12:04:19,28052.513619750363,4975.105165161023,5153.782497758775,5313.081856423695,5151.29991035101,5139.714502448107
2026-02-13 12:04:49,34779.938622806105,2581.7040791696836,2425.226716320127,2592.083031619599,2563.8426261163404,2576.462880590324
2026-02-13 12:05:19,38068.10344827586,3978.2758620689656,3810,4169.241379310345,4053.1724137931033,4057.9310344827586
2026-02-13 12:05:49,33925.96551724138,2567.2413793103447,2574.137931034483,2458.3793103448274,2615.2413793103447,2574.0689655172414
2026-02-13 12:06:19,35540.862068965514,3218.793103448276,3267.103448275862,3417.6206896551726,3351.448275862069,3330.137931034483
2026-02-13 12:06:49,34865.62995655472,3597.8208399420732,3733.052892903938,3751.0861319908972,3695.88304254879,3707.123646645059
2026-02-13 12:07:19,34216.137931034486,1275.6206896551723,1303.344827586207,1277.4827586206895,1269.1724137931035,1269.1724137931035
2026-02-13 12:07:49,35681.379310344826,3515.310344827586,3407.2413793103447,3586.310344827586,3495.1724137931033,3464.6206896551726
2026-02-13 12:08:19,37999.72414744319,1256.2325437053894,1245.888072825075,1243.1985103961931,1266.9907934209164,1224.7853522292332
2026-02-13 12:08:49,34775.1724137931,2612.6206896551726,2610.206896551724,2458.793103448276,2588.6206896551726,2545.5172413793102
2026-02-13 12:09:19,48780.206896551725,6882.655172413793,6876.862068965517,7108.0344827586205,6910.827586206897,6947.241379310345
2026-02-13 12:09:49,63560.80824799145,2619.1510637564224,2701.8378676597363,2469.2596807006657,2632.3230233440227,2651.701665459812
2026-02-13 12:10:19,65116,3888.689655172414,4223.6551724137935,4243.310344827586,4125.793103448275,4154.9655172413795
2026-02-13 12:10:49,68146.06896551725,3570.206896551724,3401.7241379310344,3741.137931034483,3627.1724137931033,3668.7586206896553
2026-02-13 12:11:19,68012.06896551725,4401.724137931034,4190.620689655172,4427.793103448275,4333.448275862069,4311.310344827586
2026-02-13 12:11:49,66015.20689655172,5762.068965517241,5922,5665.3448275862065,5962.827586206897,5880.068965517241
2026-02-13 12:12:19,67119.71588166333,7845.321012343977,7753.74112130198,7908.902834287291,7907.868422867389,7861.526791255776
2026-02-13 12:12:49,63154.89655172414,4787.172413793103,4904.137931034483,4985.9655172413795,4962.551724137931,4956.482758620689
2026-02-13 12:13:19,71649.71205903651,5624.952584571881,5848.96030897617,5901.7207489913435,5755.232939066864,5764.543604951894
2026-02-13 12:13:49,65387.214674850016,4685.538928349769,4724.570719260741,4962.071581270257,4951.520584787257,4881.249568995242
2026-02-13 12:14:19,36884.49072477761,3252.32742569478,3307.3581132335703,3294.0142059168334,3220.81235776843,3240.948900075857
2026-02-13 12:14:49,3543.8275862068963,2714.689655172414,2876.344827586207,2778.3793103448274,2760.4827586206898,2887.0344827586205
2026-02-13 12:15:19,4836.569969990687,3536.752785347177,3584.767686523404,3603.601117588217,3596.3574902555965,3576.0753337242595
2026-02-13 12:15:49,4897.065416048828,1983.3097693023894,1958.4123590468635,1972.2749060312422,1951.0327942342838,1879.582054553605
2026-02-13 12:16:19,4812.413793103448,1315.0344827586207,1339.4482758620688,1254.9310344827586,1296.2068965517242,1277.1724137931035
2026-02-13 12:16:49,4676.597358711768,1533.6712527154234,1598.5655667045962,1585.0832729905862,1583.0488603841245,1537.1883728147304
2026-02-13 12:17:19,4577.931034482758,1225.0344827586207,1260.8275862068965,1256.1724137931035,1212.2068965517242,1221.3103448275863
2026-02-13 12:17:49,5123.306092893349,1766.4908106617015,1758.8359022102688,1713.0788593496777,1737.4573290576188,1690.4934312609912
2026-02-13 12:18:19,4512.724137931034,1582.6206896551723,1545.103448275862,1568.344827586207,1617.1724137931035,1603.9310344827586
2026-02-13 12:18:49,4642.263526328494,1766.129866547122,1776.7509224456014,1797.8895823993928,1769.2334218421322,1734.749474119797
2026-02-13 12:19:19,4573.620689655172,1959.3103448275863,1938.6206896551723,1914.8275862068965,1916.6896551724137,1942.1379310344828
2026-02-13 12:19:49,6678.849734501069,4979.794496931247,5005.17205709951,5029.411764705883,4981.932280532377,4929.246258878698
2026-02-13 12:20:19,6758.982139162817,2304.254878973864,2352.5963726639543,2389.421419212468,2350.5275498241504,2361.9750362043997
2026-02-13 12:20:49,6842.901968897623,1846.9707941105478,1870.9699665528772,1935.2780938588323,1905.3136098755213,1888.3486776318057
2026-02-13 12:21:19,6496.36219440709,1621.116513223682,1624.3577807661807,1628.2886797007002,1633.4609151408574,1636.2194407089412
2026-02-13 12:21:49,7058.689655172414,2064.7586206896553,2073.9310344827586,2008.4482758620688,2107.793103448276,2085.793103448276
2026-02-13 12:22:19,7347.827586206897,2149.3793103448274,2096.6206896551726,2186.8275862068967,2041.3793103448274,2178.7586206896553
2026-02-13 12:22:49,8064.758620689655,3024.448275862069,3148.8275862068963,3172.862068965517,3140.4827586206898,3108.965517241379
2026-02-13 12:23:19,7265.70581339218,1929.2807392593616,2005.2410178608372,1943.5211364733468,1989.9317288462864,2015.1713674918972
2026-02-13 12:23:49,7748.749956895064,3223.455981240732,3406.048484430497,3245.387771992137,3302.9414807407147,3303.493223904272
2026-02-13 12:24:19,6315.6442881279945,1659.184166063239,1728.4231578221438,1727.3887107341125,1720.7682493707111,1684.3557118720041
2026-02-13 12:24:49,9105.589847925788,5119.831718335115,5131.901100037931,5190.282423531845,5033.759784820166,5145.9015828132
2026-02-13 12:25:19,10316.241379310344,1957.1724137931035,1929.655172413793,1799.1724137931035,1928.6206896551723,1926.551724137931
2026-02-13 12:25:49,11451.58620689655,2826.2758620689656,2871.448275862069,2757.965517241379,2916.344827586207,2847.5172413793102
2026-02-13 12:26:19,10916.965517241379,1619.9310344827586,1694.7586206896551,1664.344827586207,1682.344827586207,1681.5172413793102
2026-02-13 12:26:49,12142.167511465123,4887.900417226992,4919.830350677563,5018.06834247095,4958.3117823523335,5071.6182200613775
2026-02-13 12:27:19,10776.551724137931,1540.2068965517242,1570.4137931034481,1556.9655172413793,1550.9655172413793,1563.3793103448277
2026-02-13 12:27:49,11132.793103448275,1884.2758620689656,1910.6896551724137,1906.2413793103449,1936.8275862068965,1953.2413793103449
2026-02-13 12:28:19,11449.881038584876,1652.4257784214335,1848.5569463121958,1720.2165442570945,1822.902658529016,1818.1442019240715
2026-02-13 12:28:49,11214.371918209716,1615.3925726699078,1613.8753836074616,1627.2197510430674,1626.288748663839,1605.0481017895934
2026-02-13 12:29:19,11341.045445141715,1338.7352596372664,1462.9335907868424,1424.867250534446,1446.1761257844287,1427.1429556582304
2026-02-13 12:29:49,14272.09406572187,4175.373262990931,4322.264749491396,4296.024275024999,4205.717044239854,4195.372573359539
2026-02-13 12:30:19,18938.558080198603,1913.5951453297937,1966.348308795642,2049.236285901459,1994.0006206254527,2013.653759955867
2026-02-13 12:30:49,19255.655172413793,2515.793103448276,2582.2758620689656,2635.8965517241377,2562.8275862068967,2583.3793103448274
2026-02-13 12:31:19,18565.281899109792,1221.6548202332483,1227.6585466841489,1218.1353943827205,1208.405217031261,1230.1428472845216
2026-02-13 12:31:49,20033.612865375988,2069.227318217897,2015.5985781826967,2089.8298650653965,2064.67198122649,2070.88380439659
2026-02-13 12:32:19,19326.22866011381,2028.9705121572683,2032.6952922917744,1967.3047077082256,2014.8991205380237,2031.8675633729954
2026-02-13 12:32:49,19237.1724137931,2560.344827586207,2633.5862068965516,2705.0689655172414,2647.5172413793102,2669.862068965517
2026-02-13 12:33:19,18372.857980208944,3631.279522807986,3741.819811743613,3751.95669413509,3735.1998069165265,3764.3692031858777
2026-02-13 12:33:49,20104.344827586207,2697.2413793103447,2822.965517241379,2730.862068965517,2794.2758620689656,2794.4137931034484
2026-02-13 12:34:19,19508.96551724138,2419.5172413793102,2412.8965517241377,2256,2424.0689655172414,2411.0344827586205
2026-02-13 12:34:49,27884.03448275862,4590.137931034483,4749.241379310345,4867.137931034483,4694.758620689655,4689.793103448275
2026-02-13 12:35:19,31436.58620689655,2071.862068965517,2113.0344827586205,2236.551724137931,2194.344827586207,2198.8965517241377
2026-02-13 12:35:49,37009.137931034486,2077.5862068965516,2022.2068965517242,2003.4137931034481,2070.2758620689656,2138.965517241379
2026-02-13 12:36:19,34036.82885616745,2806.234697748198,2763.9573778406148,2604.641539363426,2791.0617607503705,2820.028276837132
2026-02-13 12:36:49,33724.32581557349,1825.5741775294848,1912.2698117111524,1870.9911028346783,1804.9520656597006,1842.6788054348576
2026-02-13 12:37:19,34164.166752870595,3809.1100306885974,3575.049136236682,3719.2510603082656,3752.8361090996864,3767.525257749733
2026-02-13 12:37:49,33064.20468259715,1842.6261163408155,1842.5571532016136,1866.5908072135442,1790.3520568256265,1880.9696217371813
2026-02-13 12:38:19,34865.41379310345,1220.0689655172414,1246.344827586207,1236.8275862068965,1246.1379310344828,1240.344827586207
2026-02-13 12:38:49,35330.28725128452,1522.8800993137693,1483.4304631194177,1573.7439222042137,1461.0158970998998,1526.8112693541154
2026-02-13 12:39:19,33776.42514742904,1974.1352553712452,1981.5153291719832,1964.13422078146,1919.439942062972,1946.960030347967
2026-02-13 12:39:49,42829.494517619474,4269.015929935867,4422.660506171988,4382.904627267085,4255.430659954486,4345.217571201986
2026-02-13 12:40:19,53396.77942139925,4421.571669942416,4524.602599910348,4108.410054825696,4435.433260922036,4420.9510016895965
2026-02-13 12:40:49,63410.18655815717,3560.8814097037825,3367.0126556088135,3617.745439497913,3545.708472705955,3554.6053312183176
2026-02-13 12:41:19,65450.98106831269,9556.467464395322,9143.556674368081,9744.956722645607,9474.32670092072,9582.744232559742
2026-02-13 12:41:49,63162.92541636496,2648.66728733492,2946.932864383987,2940.9675528430057,2936.7263197820766,2920.795834626392
2026-02-13 12:42:19,66434.91154867408,3334.666712645263,3088.0375185351213,3422.393875650884,3321.2179730335524,3281.4924652574223
2026-02-13 12:42:49,62891.233878198494,2706.945306572867,2647.2170494516863,2844.2306365956274,2847.8515759707566,2815.9183391958063
2026-02-13 12:43:19,70793.3448275862,5984.482758620689,5706.758620689655,5850.3448275862065,5892,5915.793103448275
2026-02-13 12:43:49,62149.93620469671,3930.411393496327,3992.551467291975,3958.51581089003,3947.58439946205,3962.20559329632
2026-02-13 12:44:19,67548.70521706149,3055.0670666528745,3142.788179717941,3151.891314092618,3066.239095203614,3062.9288645219135
2026-02-13 12:44:49,42028.137931034486,2406.2758620689656,2704.862068965517,2713.2758620689656,2557.1724137931033,2643.7241379310344
2026-02-13 12:45:19,3985.5162424994833,3339.195806607353,3260.2248430926275,3186.6335609352373,3305.676253534727,3322.849851713912
2026-02-13 12:45:49,5360.975105165161,3442.934970002069,3463.3473553548033,3495.448589752431,3500.3792841872973,3456.1754361768153
2026-02-13 12:46:19,4632.758620689655,1433.1724137931035,1519.103448275862,1512.6896551724137,1522.6206896551723,1508.9655172413793
2026-02-13 12:46:49,4905.5139832408,1623.0904513948753,1669.7817166109173,1612.5038794441186,1654.3329080313113,1632.9528604434634
2026-02-13 12:47:19,4528.724137931034,1461.3793103448277,1544.1379310344828,1496.4827586206895,1504.2068965517242,1491.7931034482758
2026-02-13 12:47:49,4560.291024447433,1631.3230578255923,1661.046170821696,1637.3573325057757,1658.287645253612,1637.1849246577706
2026-02-13 12:48:19,4297.951582867784,1356.645285881785,1357.2660183460928,1321.9532381543554,1348.7826746672183,1315.2631215945928
2026-02-13 12:48:49,4927.931034482758,1593.8620689655172,1728.551724137931,1693.344827586207,1688.2758620689656,1655.103448275862
2026-02-13 12:49:19,4533.53332643702,1262.853005068791,1266.9907934209166,1268.2321299265543,1282.7143891589947,1252.30164477087
2026-02-13 12:49:49,5077.514568463157,3126.443915727044,3244.71569945864,3187.5107754905007,3155.3394710527227,3152.1671666494262
2026-02-13 12:50:19,6462.185453291968,4384.694932781799,4394.415718717683,4394.002068252326,4358.428128231644,4375.180972078593
2026-02-13 12:50:49,6886.360501999724,2236.588056819749,2279.8234726244655,2191.3184388360223,2220.8660874362154,2222.17625155151
2026-02-13 12:51:19,6967.828695562222,2023.3095410503083,2053.5153960208268,1942.208889348643,2029.5162235784971,2046.2742664046066
2026-02-13 12:51:49,6714.320195855315,1967.3804351574086,2131.374780179994,2105.686010827213,2097.5138788317645,2124.685355677391
2026-02-13 12:52:19,7323.884405821091,3939.4440995930754,3985.8610938685424,4008.2074625836262,3965.1010414511343,4017.6563900958686
2026-02-13 12:52:49,7306.679080031722,1946.7604565359813,1885.1763732285092,1950.3120582048894,1954.3464018482118,1905.4515361539254
2026-02-13 12:53:19,6821.642871922201,1707.9798606800468,1797.572246361818,1748.9482033243671,1756.6039037174978,1747.7067383957515
2026-02-13 12:53:49,6851.856960584847,1502.9483775302594,1543.3635642608363,1526.0871064519465,1537.2254215662606,1467.3609434808095
2026-02-13 12:54:19,6868.107996275991,1234.509154856729,1265.3356780800664,1248.577635253957,1228.9231405813593,1223.9577945588085
2026-02-13 12:54:49,6808.151161988829,1680.9185573408731,1744.569340045514,1768.705606509896,1718.433211502655,1691.3316323012207
2026-02-13 12:55:19,9451.965517241379,4290.689655172414,4324.482758620689,4363.448275862069,4304.689655172414,4286.482758620689
2026-02-13 12:55:49,11565.359815178786,3164.511568566601,3284.576393917451,3141.3744353642974,3228.923140581359,3241.198579359332
2026-02-13 12:56:19,10959.551724137931,1598.8275862068965,1715.9310344827586,1703.7931034482758,1717.655172413793,1737.7241379310344
2026-02-13 12:56:49,11447.636125383633,2572.9163074588773,2512.2935273630123,2536.6047105072585,2559.0537604744986,2487.60302079382
2026-02-13 12:57:19,10993.68943756681,1653.4708093382528,1696.4033242525602,1676.437118521328,1691.23073209421,1690.8858926169867
2026-02-13 12:57:49,11037.307771877802,1798.4621750224123,1886.3526653334254,1829.9082821874354,1794.496931246121,1861.1130266878147
2026-02-13 12:58:19,12112.685769456224,2207.7514568463153,2134.3746767352845,2201.7861453053342,2193.648494879487,2191.027895589807
2026-02-13 12:58:49,11671.873383676424,1543.5329816213232,1540.0158615220164,1591.7037343539876,1542.0157925588771,1536.981483397124
2026-02-13 12:59:19,11262.353874271525,3116.245387771992,3051.898341322114,3073.278388909962,3092.6583675299144,3108.5899513776335
2026-02-13 12:59:49,10821.971656149786,1802.6274956035998,1878.4869487259057,1861.0047929381744,1797.3862970242403,1805.2480948932794
2026-02-13 13:00:19,16200.889624495705,4421.0544463984,4451.363746077721,4454.260197924209,4399.848281093755,4358.056618737284
2026-02-13 13:00:49,20446.43288162477,2121.926830109306,2181.9937243543322,2149.8913830557563,2183.5109134167783,2179.648977621461
2026-02-13 13:01:19,18310.631401082792,1764.578088899617,1658.6089175488808,1748.956860581399,1781.440739335839,1761.9917928204418
2026-02-13 13:01:49,19321.689655172413,1744.0344827586207,1790.2068965517242,1782.103448275862,1754.4137931034481,1762.2758620689656
2026-02-13 13:02:19,19133.236784938446,1402.503361953036,1376.2284059170372,1359.6772525085341,1375.6077376642183,1358.22902658529
2026-02-13 13:02:49,19582.655172413793,2560.137931034483,2762.551724137931,2605.2758620689656,2750.6206896551726,2698.8275862068967
2026-02-13 13:03:19,18356.931034482757,2048.7586206896553,1963.3103448275863,2197.3793103448274,2131.1724137931033,2146.0689655172414
2026-02-13 13:03:49,18911.48275862069,1713.0344827586207,1816.2068965517242,1817.1379310344828,1811.7241379310344,1848.1379310344828
2026-02-13 13:04:19,19465.44827586207,1232.6896551724137,1245.9310344827586,1239.103448275862,1223.5862068965516,1248
2026-02-13 13:04:49,17007.723605268602,1553.4790704089373,1595.7520171022688,1516.3437004344528,1577.3394938280119,1599.1310944072823
2026-02-13 13:05:19,27839.511707300248,3908.5485706403665,3850.2706989896196,4044.691196248146,4089.658264078071,3967.1023138728915
2026-02-13 13:05:49,36863.63009447625,2605.3375629266948,2635.8182194331425,2504.551410247569,2580.580649610372,2548.5138955934076
2026-02-13 13:06:19,35196.24814648781,3481.637297837856,3498.6034001172447,3515.9833097693017,3434.2563536673674,3464.464291872133
2026-02-13 13:06:49,38218.65517241379,3521.5862068965516,3769.1724137931033,3634.5172413793102,3673.310344827586,3668.965517241379
2026-02-13 13:07:19,35243.10344827586,5662.482758620689,5460.896551724138,5395.0344827586205,5555.517241379311,5541.862068965517
2026-02-13 13:07:49,36975.03448275862,1630.4827586206895,1788.1379310344828,1747.9655172413793,1757.3793103448277,1779.3793103448277
2026-02-13 13:08:19,36074.20433778145,4226.199096582876,4338.953829178304,4120.271714768456,4208.820385503947,4209.027274921554
2026-02-13 13:08:49,34096.69298941342,2618.0902789751367,2629.538949618952,2438.946170557605,2557.6744025656053,2564.1573847374043
2026-02-13 13:09:19,37069.14618592947,4451.966495467236,4651.063389748716,4732.756540622522,4614.249767329634,4581.572506980111
2026-02-13 13:09:49,34733.88042203986,2657.954623819047,2698.5035514792085,2506.827115371354,2669.8158747672574,2609.6131301289565
2026-02-13 13:10:19,55859.078684228676,5851.94124543135,6285.497551892973,6208.882146058892,6170.057237431902,6201.710226880905
2026-02-13 13:10:49,65090.00310355529,3287.9754474292213,3307.4243939446183,3166.0746922307662,3300.734508086485,3300.4586365047066
2026-02-13 13:11:19,68558.88134073588,6171.799027552674,6008.345115348804,6135.72881823511,6128.556157108865,6060.277940618641
2026-02-13 13:11:49,43231.8275862069,1185.551724137931,1498.344827586207,1466.1724137931035,1462.344827586207,1452.4137931034481
2026-02-13 13:12:19,61248.698230973474,3152.3500810372766,3072.933549432739,3120.2455257077827,3086.1753853581154,3063.4849477568187
2026-02-13 13:12:49,69958.51867176993,4117.306299782766,3932.0023447467324,4001.551670632047,3898.9000379297263,3922.0716527016307
2026-02-13 13:13:19,69327.45956757129,3171.3507362322835,3040.0358633056308,3261.3538397875786,3197.420600710369,3252.043173902548
2026-02-13 13:13:49,65796.24137931035,3968.965517241379,4174.758620689655,4290.241379310345,4118,4120.137931034483
2026-02-13 13:14:19,69716.44827586207,4858.9655172413795,5259.310344827586,5232.620689655172,5149.448275862069,5084.896551724138
2026-02-13 13:14:49,68412.57198027655,3458.3635047067346,3706.4239164166756,3759.835867728699,3749.3879521395816,3745.0432743698498
2026-02-13 13:15:19,37791.16521259353,3531.6390220352423,3827.1664540156553,3602.400082761474,3730.887271974895,3768.5437428876853
2026-02-13 13:15:49,4162.528450237947,3392.92364990689,3393.130560728326,3404.7520518656456,3374.2327057038415,3323.884405821091
2026-02-13 13:16:19,4670.827586206897,2560.551724137931,2632.6206896551726,2589.1724137931033,2567.655172413793,2572.8275862068967
2026-02-13 13:16:49,5091.347977516465,1692.885961584882,1802.6828511327974,1815.200524156005,1752.8190627263007,1717.0247249905167
2026-02-13 13:17:19,4500.275862068966,1663.3103448275863,1625.2413793103449,1580.6896551724137,1647.5862068965516,1622.9655172413793
2026-02-13 13:17:49,4906.899762077169,2097.7207682493704,1923.7267680424811,2031.7575256025652,2007.6549084514324,1943.036447019068
2026-02-13 13:18:19,5289.423773233559,3038.725473292182,3074.106003655298,3053.8984102900095,3057.139901375909,3038.725473292182
2026-02-13 13:18:49,5017.414393599779,2624.987068519604,2660.4365667781644,2530.466567812683,2623.055967447153,2617.745439497913
2026-02-13 13:19:19,4613.469429980343,1433.359771026587,1437.4978447532671,1373.6335735715022,1472.878375116383,1407.7037139211695
2026-02-13 13:19:49,4926.275862068966,1816.9655172413793,1807.9655172413793,1773.6206896551723,1541.1724137931035,1804.896551724138
2026-02-13 13:20:19,4711.837522844039,1898.624185372918,1790.1796489776214,1861.3151270645837,1992.6899072445776,1909.5893245060513
2026-02-13 13:20:49,7544.586206896552,5072.551724137931,5283.517241379311,4823.310344827586,5149.6551724137935,5228.137931034483
2026-02-13 13:21:19,6675.368116141935,1634.4701541432462,1756.0605538122002,1745.9222731818336,1644.1256595055,1656.7467843718746
2026-02-13 13:21:49,7170.137931034483,1704.4137931034481,1682.4137931034481,1723.896551724138,1723.0344827586207,1689.8620689655172
2026-02-13 13:22:19,6362.793103448275,1369.655172413793,1354.1379310344828,1329.3103448275863,1370.4827586206895,1057.9310344827586
2026-02-13 13:22:49,7149.482758620689,2133.448275862069,2231.7241379310344,2160.5172413793102,2231.862068965517,2523.1724137931033
2026-02-13 13:23:19,6638.539259974481,1382.7373357701988,1461.0848649953446,1417.428187178868,1424.2560088278904,1483.8442704920858
2026-02-13 13:23:49,7087.586206896552,2491.103448275862,2522.8275862068967,2495.137931034483,2483.310344827586,2519.655172413793
2026-02-13 13:24:19,7319.092445088099,2094.6863901244783,2043.2398882797143,2132.2713009896206,2082.2730250681007,2126.064618461432
2026-02-13 13:24:49,7398.67590772732,1937.9331747181134,1900.8310058273855,1904.7274231923038,1971.4492603703322,1955.8635909106583
2026-02-13 13:25:19,6802.310344827586,1736.8275862068965,1747.9310344827586,1667.6206896551723,1715.2413793103449,1761.1724137931035
2026-02-13 13:25:49,10100.344827586207,4581.724137931034,4637.0344827586205,4647.758620689655,4545.931034482758,4566.827586206897
2026-02-13 13:26:19,9060.862068965516,1982.6896551724137,2107.7241379310344,2126.2758620689656,2102.4137931034484,2117.1724137931033
2026-02-13 13:26:49,9628.05613986689,2353.943239422049,2172.143867029897,2155.2122486982307,2099.3137694403254,2323.942204903617
2026-02-13 13:27:19,11325.344827586207,1690.8275862068965,1683.4482758620688,1735.1724137931035,1734.551724137931,1708.551724137931
2026-02-13 13:27:49,11278.093858832453,1782.6971483741938,1763.3185062584046,1750.3879176580115,1762.0771697527668,1786.6970104479153
2026-02-13 13:28:19,11598.399944825682,3322.9421704196693,3261.0779682057996,3315.0798303389765,3395.358460636573,3346.391254870857
2026-02-13 13:28:49,11819.44204972585,1955.6536432290766,1981.5855719162728,1932.3080106210557,1991.6548846511946,2000.2069036863338
2026-02-13 13:29:19,10657.551724137931,1367.7931034482758,1435.655172413793,1472.4827586206895,1426.1379310344828,1426.344827586207
2026-02-13 13:29:49,10693.193572857044,1721.7433280463417,1765.8092545341701,1786.3940417902215,1767.1884697607063,1844.8382870146886
2026-02-13 13:30:19,11157.580773076788,1729.9403468845899,1762.4219854487774,1619.944139857246,1722.906106685976,1758.0083445398432
2026-02-13 13:30:49,18266.74253396786,5173.391268363335,5321.7463273329195,5239.568246085937,5294.227188081936,5419.477205324505
2026-02-13 13:31:19,19316.54080893762,2837.350436191855,2660.7358366952863,2819.488983138512,2811.7651115478775,2844.2467501120645
2026-02-13 13:31:49,18597.22749060312,2074.9681023483568,2110.2106969205834,2119.76275043967,2096.210214145315,2098.6240904858787
2026-02-13 13:32:19,21543.084721216506,2802.868866590807,2630.3230923071615,2815.075342229578,2805.627392158891,2819.213130581704
2026-02-13 13:32:49,18342.2876650919,3523.3628745818814,3608.676161246939,3679.954481189006,3684.1960067588534,3619.8489603089756
2026-02-13 13:33:19,19806.828763579928,3786.445938954992,3586.0665632005516,3731.0570788066907,3733.05742369374,3732.8504914640453
2026-02-13 13:33:49,19273.103448275862,2501.862068965517,2444.137931034483,2516.0344827586205,2487.5862068965516,2499.310344827586
2026-02-13 13:34:19,17723.147477673185,1856.3842626116343,1850.0051722354403,1985.3798144891557,1935.7263542636463,1922.4854315368436
2026-02-13 13:34:49,18272.388574582586,1999.034083068856,1971.7814267972954,1993.5490547812888,1987.5120739616393,2003.0357389264523
2026-02-13 13:35:19,19285.24160749983,1620.8037499138347,1651.6164610188187,1635.2795202316124,1633.004756324533,1617.9085958502792
2026-02-13 13:35:49,31717.30059657229,5344.391185902961,5463.222869754129,5381.116590227249,5415.428118210972,5481.016586778854
2026-02-13 13:36:19,34330.71273404366,2995.9656563566778,3246.1639253818835,3114.5822557842835,3200.027585255681,3178.9248646598394
2026-02-13 13:36:49,33939.38349079374,2474.725880973726,2522.860492379836,2438.142197089856,2534.9975863733534,2548.307013309427
2026-02-13 13:37:19,37269.09416916658,4791.558911761663,4996.586324609496,4833.281610978931,4979.207613530567,4948.38109030723
2026-02-13 13:37:49,36341.26409434157,4834.591910623771,4824.523292300265,4612.978862797834,4800.937898693148,4766.525292231302
2026-02-13 13:38:19,34191.95889796904,3507.327333540223,3246.301851660288,3432.0195855315337,3485.3970552739565,3444.2260611703045
2026-02-13 13:38:49,36980.2765421882,4604.806730802386,4601.496500120685,4681.321333747112,4743.836419433812,4773.283679873107
2026-02-13 13:39:19,31270.15378249776,2566.5816150610303,2765.878215295497,2564.65071374388,2986.966416109234,2856.6995379628993
2026-02-13 13:39:49,34770.793103448275,3878.8965517241377,3985.310344827586,3882.0344827586205,4019.7241379310344,3936.689655172414
2026-02-13 13:40:19,35660.10344827586,5893.241379310345,6389.793103448275,6293.310344827586,6220.758620689655,6333.724137931034
2026-02-13 13:40:49,48935.51946484603,5842.764042619219,5626.081859246232,5915.14085721182,5864.004689493465,5873.245750146546
2026-02-13 13:41:19,62197.64154196263,9771.464036962969,10163.092200537894,9504.723812150887,10032.342597062272,10012.481897800151
2026-02-13 13:41:49,64915.03448275862,3845.5172413793102,3876.4827586206898,3760.793103448276,3847.862068965517,3821.793103448276
2026-02-13 13:42:19,65545.60816636203,4728.282236093389,5082.6637238335,5070.938372935131,4980.722143670035,5007.621478083939
2026-02-13 13:42:49,64341.99910354102,2578.836672068407,2617.0396165913876,2483.1569148019175,2585.4566768954937,2604.696065924215
2026-02-13 13:43:19,65930.03207007138,4362.9090658298555,4558.570985206386,4845.063622883547,4563.191834201179,4485.671919721369
2026-02-13 13:43:49,65768.74008689057,5717.329839321426,6055.306530584098,5737.43190124819,5917.936694021102,5992.345355492725
2026-02-13 13:44:19,66195.95876004276,5053.61884072963,5348.98796593221,5201.613737457329,5279.886900451709,5251.749939657254
2026-02-13 13:44:49,62533.87814213302,5618.0131719595865,5448.432812661632,5775.214647770766,5649.115547739732,5542.15371883728
2026-02-13 13:45:19,65149.94483519514,4208.040270307543,4515.653013377465,4523.720866087436,4415.322024548338,4469.314577299682
2026-02-13 13:45:49,28586.92503965244,3717.2608785600996,4435.073443210813,4283.3942486725055,4100.475829253155,4085.028618715951
2026-02-13 13:46:19,3568.103448275862,3027.655172413793,3313.2413793103447,2846.206896551724,2957.5862068965516,2901.1724137931033
2026-02-13 13:46:49,5275.68014896038,3371.0561704768797,3426.0887555601525,3430.60584117789,3377.1938898658664,3382.0902727492153
2026-02-13 13:47:19,4831.275862068966,1790.344827586207,1711.5172413793102,1768.8275862068965,1780.2068965517242,1774.2068965517242
2026-02-13 13:47:49,4833.063209076175,1508.8106486430565,1576.4681540742781,1568.5713300458635,1537.2943894617054,1485.7753715645365
2026-02-13 13:48:19,4635.128611819875,1288.324943107372,1324.736225087925,1316.598855251362,1304.8755258258052,1282.6011999172472
2026-02-13 13:48:49,4735.310344827586,1575.655172413793,1660.1379310344828,1603.4827586206895,1600.896551724138,1599.655172413793
2026-02-13 13:49:19,4630.40104831201,1451.8431670057587,1539.3634263250456,1481.706265733301,1499.913790130694,1518.6730576916443
2026-02-13 13:49:49,5110.3141487637495,2070.864512569399,2181.5235008103723,2196.7309217559223,2183.040794510155,2222.8352701817303
2026-02-13 13:50:19,4784.482758620689,3126.5172413793102,3007.103448275862,3065.655172413793,3073.9310344827586,3043.9310344827586
2026-02-13 13:50:49,5436.08400289665,2082.1407634746024,2215.731576950929,2204.52429394117,2274.07841649712,2225.5250181040724
2026-02-13 13:51:19,6158.241379310345,3936.8965517241377,4074.8965517241377,4138.482758620689,4026.8965517241377,4076.8275862068963
2026-02-13 13:51:49,7540.793103448275,2470.7586206896553,2688.0689655172414,2587.206896551724,2691.103448275862,2712.2758620689656
2026-02-13 13:52:19,6269.241379310345,1771.9655172413793,1727.9310344827586,1735.3103448275863,1771.4482758620688,1780.7586206896551
2026-02-13 13:52:49,6997.896479188937,1729.611365909169,1672.0576571605916,1702.9207903720815,1731.6459188247868,1690.816924721542
2026-02-13 13:53:19,6423.310344827586,1374.7241379310344,1465.3793103448277,1399.0689655172414,1381.103448275862,1448.6206896551723
2026-02-13 13:53:49,7312.506465294301,1938.9331402365437,1917.2442329574844,1861.246163925382,1884.4867418364886,1915.1753387814215
2026-02-13 13:54:19,7174.764647056794,2370.4265664333248,2388.634090830718,2442.842856650229,2415.7384737404736,2393.1859719300664
2026-02-13 13:54:49,6862.832316127029,1653.3222992310607,1698.6310816868381,1755.2153374021584,1715.8029033481603,1716.4235716009791
2026-02-13 13:55:19,6821.206896551724,1608.7586206896551,1613.0344827586207,1660.1379310344828,1506.2068965517242,1640.551724137931
2026-02-13 13:55:49,7596.896551724138,2418.6206896551726,2481.103448275862,2469.8965517241377,2646.0689655172414,2512.689655172414
2026-02-13 13:56:19,8840.315851177544,4617.289058997965,4696.458742801972,4699.079342091652,4640.115858073859,4674.045722561291
2026-02-13 13:56:49,11404.29640357229,3110.9272094065723,3011.0685838419367,3102.134409158305,3149.960346194959,3156.2359918623497
2026-02-13 13:57:19,10702.655172413793,1835.2413793103449,1913.4482758620688,1848.2068965517242,1917.7931034482758,1852.7586206896551
2026-02-13 13:57:49,10932.763257706365,1922.557065029998,1993.0349631059928,2031.9633128749742,1964.1404041100614,2060.6165092062615
2026-02-13 13:58:19,10662.184062618531,2554.1877866280474,2563.635736698735,2468.4666045998415,2493.3622978517983,2366.8149374159516
2026-02-13 13:58:49,11154.684321230303,1680.1489603806767,1627.3921588910728,1645.9087617668358,1678.6317713182304,1798.0069652770596
2026-02-13 13:59:19,10655.25326712872,1680.2179235198787,1661.046170821696,1664.1495120857903,1714.699493120927,1727.7335264301232
2026-02-13 13:59:49,10533,1700.2758620689656,1726.2758620689656,1721.6896551724137,1712,1729.2413793103449
2026-02-13 14:00:19,11313.299541395125,2148.9603806765285,2111.51339608979,1972.3457811799594,2074.4801903382645,2024.137098720734
2026-02-13 14:00:49,11676.172413793103,1605.7586206896551,1683.3103448275863,1633.2068965517242,1676.4137931034481,1678.7586206896551
2026-02-13 14:01:19,16355.216881594373,3993.3452865319637,4031.928832494311,4131.43921108889,4016.41266119578,4018.8952486035446
2026-02-13 14:01:49,19765.732216130476,1496.913899520706,1522.2923347470776,1525.499120719975,1506.223923312989,1519.0510672045789
2026-02-13 14:02:19,19281.689655172413,1861.5172413793102,1881.0689655172414,1798.551724137931,1880.1379310344828,1845.1724137931035
2026-02-13 14:02:49,18327.45956757129,2090.6927825097414,2160.6607124383595,2032.1735232249384,2081.5200524156003,2079.4510155522603
2026-02-13 14:03:19,19241.827586206895,1765.2413793103449,1809.7931034482758,1814.6206896551723,1810.2758620689656,1839.2413793103449
2026-02-13 14:03:49,19806.344827586207,3227.862068965517,3233.310344827586,3180.655172413793,3223.3793103448274,3251.2413793103447
2026-02-13 14:04:19,18087.068965517243,2636.8965517241377,2747.2413793103447,2637.2413793103447,2712.7586206896553,2725.3793103448274
2026-02-13 14:04:49,20536.97893321381,2586.0083439644177,2821.294348860463,2731.6829293521364,2785.849739682102,2759.852429059063
2026-02-13 14:05:19,20624.275862068964,1256.6896551724137,1264.551724137931,1241.3793103448277,1228.1379310344828,1246.1379310344828
2026-02-13 14:05:49,19929.137931034482,4118.9655172413795,4356.689655172414,4366.551724137931,4475.517241379311,4395.793103448275
2026-02-13 14:06:19,27656.96551724138,4957.448275862069,4978,5133.689655172414,5031.103448275862,5062.068965517241
2026-02-13 14:06:49,35743.03352186509,5579.114360601462,5398.503241826459,5838.563939853773,5707.545868395641,5655.7456200855295
2026-02-13 14:07:19,34575.354273695826,4008.516360376513,4282.90176878254,4197.77264420922,4167.775747336483,4120.194462641796
2026-02-13 14:07:49,25650.55172413793,3192.4137931034484,3377.5862068965516,2906.7241379310344,3089.7241379310344,3351.0344827586205
2026-02-13 14:08:19,25858.827586206895,3796.862068965517,3522,4840.896551724138,3654.4827586206898,3643.2413793103447
2026-02-13 14:08:49,36153.546429433474,1620.4268818316611,1562.3599186234958,1457.6049101755113,1552.0154477431813,1565.0494810523776
2026-02-13 14:09:19,32640.931034482757,1220.4827586206895,1230,1260.3103448275863,1216.7586206896551,1236.2068965517242
2026-02-13 14:09:49,36246.70666942548,3680.0468997861926,3617.0770397958486,4027.6915649355137,3977.2398096420447,3899.7861921511835
2026-02-13 14:10:19,35695.09293423911,1232.7321631780405,1205.627780268285,1231.9045484327044,1216.8005793303216,1217.6281940756576
2026-02-13 14:10:49,34088.620689655174,5568.758620689655,5529.6551724137935,5489.620689655172,5621.517241379311,5614.551724137931
2026-02-13 14:11:19,49380.206896551725,4188.275862068966,4302.482758620689,4503.931034482758,4454.413793103448,4369.724137931034
2026-02-13 14:11:49,63675.89655172414,3562.344827586207,3678.0689655172414,3415,3555.655172413793,3607.7241379310344
2026-02-13 14:12:19,72151.05854768636,3511.964692090201,3311.5647196745053,3567.2022619129716,3502.8618715950624,3438.728363561134
2026-02-13 14:12:49,61119.89241750284,1931.485121202717,2671.9768283852277,2544.08468673494,2708.734181579945,2755.4222268197645
2026-02-13 14:13:19,64801.08268395283,2966.3816288531825,2211.985380318599,2243.017722915661,2258.1201296462314,2473.5535480311705
2026-02-13 14:13:49,62679,5874.9655172413795,6035.172413793103,5511.068965517241,5858.137931034483,5729.724137931034
2026-02-13 14:14:19,65770.27586206897,6149.793103448275,6550.482758620689,6573.172413793103,6482.413793103448,6542.551724137931
2026-02-13 14:14:49,62127.16364388663,2276.1188883525274,2166.8160816495415,2227.5360319977935,2220.9502792910835,2256.809875181022
2026-02-13 14:15:19,60221.24900858649,3632.6080209662396,3554.9501706955407,3689.644470498982,3676.8164419462737,3697.644746370564
2026-02-13 14:15:49,59084.20399296576,5094.789834833282,5147.270783766077,5208.682459225544,5063.342643357126,5091.479604151581
2026-02-13 14:16:19,39008.58620689655,3468.8275862068963,3559.0344827586205,3318.4137931034484,3494.2758620689656,3502.7586206896553
2026-02-13 14:16:49,2840.0579350300027,2517.0011724946553,2558.866128698531,2523.174012000828,2494.9306848748192,2517.0011724946553
2026-02-13 14:17:19,5175.206896551724,3722.4827586206898,3674.206896551724,3755.7241379310344,3709.793103448276,3700.0689655172414
2026-02-13 14:17:49,4753.051934616181,1685.2196703220914,1709.083385061039,1713.3250569004763,1725.42933995448,1685.0127595006554
2026-02-13 14:18:19,4553.685952692918,1246.6726432659816,1246.3623198400112,1246.258878698021,1230.7427073994897,1256.8788359423488
2026-02-13 14:18:49,4765.265662172879,1504.0513050374102,1565.1139537289248,1528.0833017274076,1503.9823466537946,1503.0858876667933
2026-02-13 14:19:19,4966.619538604778,1745.232594227387,1859.9951722473186,1648.1257974412908,1724.1973861167623,1589.5030863133209
2026-02-13 14:19:49,4644.206896551724,1606.1379310344828,1596.9655172413793,1638.3103448275863,1712.2068965517242,1702.4827586206895
2026-02-13 14:20:19,4554.532602324058,1806.1101341333058,1812.6961139271061,1864.5563946070827,1870.9699665528776,1910.6927347332853
2026-02-13 14:20:49,5366.194269163132,3767.9045550153437,3745.801868901072,3798.248336264266,3466.5701182717835,3686.0797903520565
2026-02-13 14:21:19,4709.679644125659,1348.391323838753,1415.4281182109726,1383.909789992758,1476.67160936584,1404.048415462602
2026-02-13 14:21:49,5843.522637150442,2772.0423433674696,2906.9342436467705,2894.6932864383984,2767.145960484121,2890.7279059342777
2026-02-13 14:22:19,7197.793103448275,3224.4827586206898,3233.7241379310344,3307.448275862069,3254.4827586206898,3236.8275862068963
2026-02-13 14:22:49,7172.896551724138,1907.7931034482758,1990,2005.2758620689656,1984.344827586207,2039.103448275862
2026-02-13 14:23:19,6457.7270533066685,1353.2170195158956,1339.1490242052273,1343.079787600855,1356.527136059582,1348.044962416385
2026-02-13 14:23:49,7118.543548720778,1642.6453348044963,1622.5777532583961,1708.1925384456245,1694.9865526515414,1722.9156609888973
2026-02-13 14:24:19,7075.721526843901,1237.1987172856107,1210.19964828799,1243.6122892314056,1219.4062273714699,1217.5442226130133
2026-02-13 14:24:49,7160.626228490637,1529.9837925445702,1657.608883064933,1614.5729163074586,1595.779164798786,1581.7786820235178
2026-02-13 14:25:19,7940.6531259698595,3755.8191661781434,3732.4735335701225,3779.1647987861643,3849.029276871616,3804.958791682471
2026-02-13 14:25:49,6786.160052408372,1499.5690101024034,1478.6746198669105,1544.0126883425855,1529.8417405096027,1551.218839430404
2026-02-13 14:26:19,6056.7280502103595,1769.7427408786812,1724.9120629008896,1817.5046554934822,1795.7100489688944,1825.0913856128009
2026-02-13 14:26:49,8671.758620689656,4965.241379310345,5001.689655172414,5065.827586206897,4974,4963.379310344828
2026-02-13 14:27:19,10682.48275862069,2205.2413793103447,2215.5172413793102,2176.7586206896553,2227.0344827586205,2260.8965517241377
2026-02-13 14:27:49,10935.066726438841,1681.2303872547327,1721.5076381944202,1756.026069864478,1772.0611055553638,1739.4392910100346
2026-02-13 14:28:19,12073.137931034482,2052,1940.2068965517242,1894.8275862068965,2036.2758620689656,2064.206896551724
2026-02-13 14:28:49,11468.103448275862,1954.9655172413793,2070.0689655172414,2081.4137931034484,2061.0344827586205,2060.6206896551726
2026-02-13 14:29:19,10639.238541918128,1824.4645997861846,1925.7164534262165,1867.2966168914024,1904.6108218091526,1890.5404007311101
2026-02-13 14:29:49,10968.035584979827,1872.9698975897381,1810.834109168649,1898.9345194993273,1865.3839522775074,1876.2111651322366
2026-02-13 14:30:19,10502.310504172701,1905.5796951513896,1829.298572315332,1872.749844816884,1889.4406510793847,1917.5805227946755
2026-02-13 14:30:49,11744.681584663656,2618.4877426473126,2868.2550081026106,2815.9500741302627,2787.9874495741824,2822.9493500672347
2026-02-13 14:31:19,10589.200744776223,2049.927591200607,2055.237569822771,2011.5164471415765,2002.137783601131,1887.11123370802
2026-02-13 14:31:49,14824.338770302422,6337.735783992551,6622.366288492705,6408.46236077106,6320.976585399496,6676.092279044104
2026-02-13 14:32:19,19476.758620689656,1434.1379310344828,1451.1724137931035,1451.7241379310344,1474.551724137931,1479.5862068965516
2026-02-13 14:32:49,12581.048929347266,1987.1038929692081,1893.0726526671497,1691.941657184235,1770.0079307610083,1899.175890486535
2026-02-13 14:33:19,19307.18300631056,1352.322493879099,1450.6707127831992,1362.495258457188,1418.8075450877614,1427.704403600124
2026-02-13 14:33:49,19459.9179395235,2223.218287763335,2267.972278729787,2454.263352067028,2357.618177429921,2385.684239561425
2026-02-13 14:34:19,18770.655172413793,4211.620689655172,4345.206896551724,4336.827586206897,4300.206896551724,4420.827586206897
2026-02-13 14:34:49,19628.439417971174,2710.9164885180335,2671.746776084408,2495.3796289911043,2713.8128404937593,2617.8194607268465
2026-02-13 14:35:19,19654.19497224042,1853.3397703369078,1780.751060381392,1681.2993551501775,1793.2342494568775,1768.4058070967963
2026-02-13 14:35:49,20002.344908445117,2599.9517224731885,2662.88492706645,2734.0597951653504,2642.2290423807713,2699.817235077071
2026-02-13 14:36:19,18929.004896214054,1682.883939038687,1610.406178884215,1567.409144196952,1719.2607406385766,1624.5776153368734
2026-02-13 14:36:49,24178.908890268292,4149.493068487482,4199.875853507138,4297.020484171322,4189.1164907924685,4145.6652182909165
2026-02-13 14:37:19,34554.360194476045,2324.816385641874,2215.371883728147,2316.4718457984204,2289.2314058135926,2295.7829040377915
2026-02-13 14:37:49,37328.2526983689,3799.3034242560084,3729.7837856477804,3674.0232421807646,3710.196903341494,3736.0598641332454
2026-02-13 14:38:19,35099.44141783325,4257.29260051031,4435.969933108062,4560.030342734984,4500.724087993932,4507.896007171919
2026-02-13 14:38:49,36231.973516328144,2474.3611848684436,2519.259284802924,2495.844684299458,2429.5320528294073,2479.1889375495703
