Time,"container_id=""rskj-miner1"",exported_job=""docker-json-logs"",instance=""host.docker.internal:9080"",job=""promtail"",source=""promtail""","container_id=""rskj-miner2"",exported_job=""docker-json-logs"",instance=""host.docker.internal:9080"",job=""promtail"",source=""promtail""","container_id=""rskj-miner3"",exported_job=""docker-json-logs"",instance=""host.docker.internal:9080"",job=""promtail"",source=""promtail""","container_id=""rskj-miner4"",exported_job=""docker-json-logs"",instance=""host.docker.internal:9080"",job=""promtail"",source=""promtail""","container_id=""rskj-node1"",exported_job=""docker-json-logs"",instance=""host.docker.internal:9080"",job=""promtail"",source=""promtail""","container_id=""rskj-node2"",exported_job=""docker-json-logs"",instance=""host.docker.internal:9080"",job=""promtail"",source=""promtail"""
2026-02-19 03:30:59,31.777037420388183,31.777037420388183,31.777037420388183,31.777037420388183,31.777037420388183,31.777037420388183
2026-02-19 03:31:29,31.777037420388183,31.777037420388183,31.14149667198042,31.777037420388183,31.777037420388183,31.777037420388183
2026-02-19 03:31:59,31.12904007331163,31.12904007331163,31.12904007331163,31.12904007331163,31.12904007331163,31.12904007331163
2026-02-19 03:32:29,31.116588457282305,31.116588457282305,31.116588457282305,31.116588457282305,31.116588457282305,31.116588457282305
2026-02-19 03:32:59,31.726224658337376,31.726224658337376,31.726224658337376,31.726224658337376,31.726224658337376,31.726224658337376
2026-02-19 03:33:29,31.726224658337376,31.726224658337376,31.726224658337376,31.726224658337376,31.726224658337376,31.726224658337376
2026-02-19 03:33:59,31.07926348510456,31.07926348510456,31.07926348510456,31.07926348510456,31.07926348510456,31.07926348510456
2026-02-19 03:34:29,32.96837041928304,32.96837041928304,32.96837041928304,32.96837041928304,32.96837041928304,32.96837041928304
2026-02-19 03:34:59,33.6277378276687,33.6277378276687,33.6277378276687,33.6277378276687,33.6277378276687,33.6277378276687
2026-02-19 03:35:29,32.95518307111533,32.95518307111533,32.95518307111533,32.95518307111533,32.95518307111533,32.95518307111533
2026-02-19 03:35:59,32.95518307111533,32.95518307111533,32.95518307111533,32.95518307111533,32.95518307111533,32.95518307111533
2026-02-19 03:36:29,32.29607940969302,32.29607940969302,32.29607940969302,32.29607940969302,32.29607940969302,32.29607940969302
2026-02-19 03:36:59,31.017154665069175,31.017154665069175,31.017154665069175,31.017154665069175,31.017154665069175,31.017154665069175
2026-02-19 03:37:29,31.017154665069175,31.017154665069175,31.017154665069175,31.017154665069175,31.017154665069175,31.017154665069175
2026-02-19 03:37:59,31.624842759267214,31.624842759267214,31.624842759267214,31.624842759267214,31.624842759267214,31.624842759267214
2026-02-19 03:38:29,31.624842759267214,31.624842759267214,31.624842759267214,31.624842759267214,31.624842759267214,31.624842759267214
2026-02-19 03:38:59,32.257339614452555,32.257339614452555,32.257339614452555,32.257339614452555,32.257339614452555,32.257339614452555
2026-02-19 03:39:29,31.612192822163504,31.612192822163504,31.612192822163504,31.612192822163504,31.612192822163504,31.612192822163504
2026-02-19 03:39:59,31.59954794503464,31.59954794503464,31.59954794503464,31.59954794503464,31.59954794503464,31.59954794503464
2026-02-19 03:40:29,31.586908125856624,31.586908125856624,31.586908125856624,31.586908125856624,31.586908125856624,31.586908125856624
2026-02-19 03:40:59,31.57427336260628,31.57427336260628,31.57427336260628,31.57427336260628,31.57427336260628,31.57427336260628
2026-02-19 03:41:29,30.942787895354154,30.942787895354154,30.942787895354154,30.942787895354154,30.942787895354154,30.942787895354154
2026-02-19 03:41:59,30.323932137447073,30.323932137447073,30.323932137447073,30.323932137447073,30.323932137447073,30.323932137447073
2026-02-19 03:42:29,30.311802564592096,30.311802564592096,30.311802564592096,30.311802564592096,30.311802564592096,30.311802564592096
2026-02-19 03:42:59,30.918038615883937,30.918038615883937,30.918038615883937,30.918038615883937,30.918038615883937,30.918038615883937
2026-02-19 03:43:29,30.299677843566258,30.299677843566258,30.299677843566258,30.299677843566258,30.299677843566258,30.299677843566258
2026-02-19 03:43:59,30.299677843566258,30.299677843566258,30.299677843566258,30.299677843566258,30.299677843566258,30.299677843566258
2026-02-19 03:44:29,30.89330913187741,30.89330913187741,30.89330913187741,30.89330913187741,30.89330913187741,30.89330913187741
2026-02-19 03:44:59,30.880951808224655,30.880951808224655,30.880951808224655,30.880951808224655,30.880951808224655,30.880951808224655
2026-02-19 03:45:29,30.251227438951336,30.251227438951336,30.251227438951336,30.251227438951336,30.251227438951336,30.251227438951336
2026-02-19 03:45:59,30.251227438951336,30.251227438951336,30.251227438951336,30.251227438951336,30.251227438951336,30.251227438951336
2026-02-19 03:46:29,29.053278832368864,29.053278832368864,29.053278832368864,29.053278832368864,29.053278832368864,29.053278832368864
2026-02-19 03:46:59,28.47221325572149,28.47221325572149,28.47221325572149,28.47221325572149,28.47221325572149,28.47221325572149
2026-02-19 03:47:29,30.214940484677687,30.214940484677687,30.214940484677687,30.214940484677687,30.214940484677687,30.214940484677687
2026-02-19 03:47:59,30.190773366680425,30.190773366680425,30.190773366680425,30.190773366680425,30.190773366680425,30.190773366680425
2026-02-19 03:48:29,32.0386902229082,33.33305330791369,33.33305330791369,33.33305330791369,33.33305330791369,33.33305330791369
2026-02-19 03:48:59,36.08076889148016,36.08076889148016,36.08076889148016,36.08076889148016,36.08076889148016,36.08076889148016
2026-02-19 03:49:29,35.359153513650554,35.359153513650554,35.359153513650554,35.359153513650554,35.359153513650554,35.359153513650554
2026-02-19 03:49:59,36.066336583923565,36.066336583923565,36.066336583923565,36.066336583923565,36.066336583923565,36.066336583923565
2026-02-19 03:50:29,35.3308718483042,35.3308718483042,35.3308718483042,35.3308718483042,35.3308718483042,35.3308718483042
2026-02-19 03:50:59,36.02307428955617,36.02307428955617,36.02307428955617,36.02307428955617,36.02307428955617,36.02307428955617
2026-02-19 03:51:29,35.30261280376505,35.30261280376505,35.30261280376505,35.30261280376505,35.30261280376505,35.30261280376505
2026-02-19 03:51:59,35.30261280376505,35.30261280376505,35.30261280376505,35.30261280376505,35.30261280376505,35.30261280376505
2026-02-19 03:52:29,34.59656054768975,34.59656054768975,34.59656054768975,34.59656054768975,34.59656054768975,34.59656054768975
2026-02-19 03:52:59,33.22653675000124,33.22653675000124,33.22653675000124,33.22653675000124,33.22653675000124,33.22653675000124
2026-02-19 03:53:29,33.89106748500126,33.89106748500126,33.89106748500126,33.89106748500126,33.89106748500126,33.89106748500126
2026-02-19 03:53:59,33.87751105800726,33.87751105800726,33.87751105800726,33.87751105800726,33.87751105800726,33.87751105800726
2026-02-19 03:54:29,35.93670532054383,35.93670532054383,35.93670532054383,35.93670532054383,35.93670532054383,35.93670532054383
2026-02-19 03:54:59,36.65543942695471,36.65543942695471,36.65543942695471,36.65543942695471,36.65543942695471,36.65543942695471
2026-02-19 03:55:29,36.65543942695471,36.65543942695471,36.65543942695471,36.65543942695471,36.65543942695471,36.65543942695471
2026-02-19 03:55:59,35.92233063841561,35.92233063841561,35.92233063841561,35.92233063841561,35.92233063841561,35.92233063841561
2026-02-19 03:56:29,35.92233063841561,35.92233063841561,35.92233063841561,35.92233063841561,35.92233063841561,35.92233063841561
2026-02-19 03:56:59,35.92233063841561,35.92233063841561,35.92233063841561,35.92233063841561,35.92233063841561,35.92233063841561
2026-02-19 03:57:29,35.2038840256473,35.2038840256473,35.2038840256473,35.2038840256473,35.2038840256473,35.2038840256473
2026-02-19 03:57:59,33.80981021823167,33.80981021823167,33.80981021823167,33.80981021823167,33.80981021823167,33.80981021823167
2026-02-19 03:58:29,33.13361401386703,33.13361401386703,33.13361401386703,33.13361401386703,33.13361401386703,33.13361401386703
2026-02-19 03:58:59,32.45795335689626,32.45795335689626,32.45795335689626,32.45795335689626,32.45795335689626,32.45795335689626
2026-02-19 03:59:29,32.45795335689626,32.45795335689626,32.45795335689626,32.45795335689626,32.45795335689626,32.45795335689626
2026-02-19 03:59:59,31.79607077204243,31.79607077204243,32.45795335689626,31.172618403963167,31.172618403963167,31.79607077204243
2026-02-19 04:00:29,32.43199218748328,31.783352343733615,31.783352343733615,31.783352343733615,31.783352343733615,31.783352343733615
2026-02-19 04:00:59,31.783352343733615,31.783352343733615,31.783352343733615,31.783352343733615,31.783352343733615,31.783352343733615
2026-02-19 04:01:29,33.05417281850908,33.05417281850908,33.05417281850908,33.05417281850908,33.05417281850908,33.05417281850908
2026-02-19 04:01:59,33.05417281850908,33.05417281850908,32.3930893621389,33.05417281850908,33.05417281850908,33.05417281850908
2026-02-19 04:02:29,33.701770172369315,33.701770172369315,33.701770172369315,33.701770172369315,33.701770172369315,33.701770172369315
2026-02-19 04:02:59,33.68828946430036,33.01452367501436,33.01452367501436,33.68828946430036,33.68828946430036,33.01452367501436
2026-02-19 04:03:29,35.03527664011464,35.03527664011464,35.03527664011464,35.03527664011464,35.03527664011464,35.03527664011464
2026-02-19 04:03:59,34.33457110731234,34.33457110731234,34.33457110731234,34.33457110731234,34.33457110731234,34.33457110731234
2026-02-19 04:04:29,35.02126252945859,35.02126252945859,35.02126252945859,35.02126252945859,35.02126252945859,35.02126252945859
2026-02-19 04:04:59,33.63442053329203,33.63442053329203,33.63442053329203,33.63442053329203,33.63442053329203,33.63442053329203
2026-02-19 04:05:29,33.63442053329203,33.63442053329203,33.63442053329203,33.63442053329203,33.63442053329203,33.63442053329203
2026-02-19 04:05:59,32.961732122626195,32.961732122626195,32.961732122626195,32.961732122626195,32.961732122626195,32.961732122626195
2026-02-19 04:06:29,31.65644753057019,31.65644753057019,31.65644753057019,31.65644753057019,31.65644753057019,31.65644753057019
2026-02-19 04:06:59,31.023318579958794,31.023318579958794,31.023318579958794,31.023318579958794,31.023318579958794,31.023318579958794
2026-02-19 04:07:29,31.010909252526808,31.010909252526808,31.010909252526808,31.010909252526808,31.010909252526808,31.010909252526808
2026-02-19 04:07:59,31.010909252526808,31.010909252526808,31.010909252526808,31.010909252526808,31.010909252526808,31.010909252526808
2026-02-19 04:08:29,31.010909252526808,31.010909252526808,31.010909252526808,31.010909252526808,31.010909252526808,31.010909252526808
2026-02-19 04:08:59,29.78287724612675,29.78287724612675,29.78287724612675,29.78287724612675,29.78287724612675,29.78287724612675
2026-02-19 04:09:29,30.366383377132863,30.366383377132863,30.366383377132863,30.366383377132863,30.366383377132863,30.366383377132863
2026-02-19 04:09:59,29.759055709590204,29.759055709590204,29.759055709590204,29.759055709590204,29.759055709590204,29.759055709590204
2026-02-19 04:10:29,31.5805479914628,31.5805479914628,31.5805479914628,31.5805479914628,31.5805479914628,31.5805479914628
2026-02-19 04:10:59,30.329958291000874,30.329958291000874,30.329958291000874,30.329958291000874,30.329958291000874,30.329958291000874
2026-02-19 04:11:29,30.936557456820893,30.936557456820893,30.936557456820893,30.936557456820893,30.936557456820893,30.936557456820893
2026-02-19 04:11:59,30.924182833838163,30.924182833838163,30.924182833838163,30.924182833838163,30.924182833838163,30.924182833838163
2026-02-19 04:12:29,30.91181316070463,30.91181316070463,30.91181316070463,30.91181316070463,30.91181316070463,30.91181316070463
2026-02-19 04:12:59,30.28145946673154,30.28145946673154,30.28145946673154,30.28145946673154,30.28145946673154,30.28145946673154
2026-02-19 04:13:29,30.88708865606617,30.88708865606617,30.88708865606617,30.88708865606617,30.88708865606617,30.88708865606617
2026-02-19 04:13:59,30.862383927075506,30.862383927075506,30.862383927075506,31.479631605617012,30.862383927075506,31.479631605617012
2026-02-19 04:14:29,32.10922423772935,32.10922423772935,32.10922423772935,32.10922423772935,32.10922423772935,32.10922423772935
2026-02-19 04:14:59,32.09638054803426,32.73830815899495,32.73830815899495,32.73830815899495,32.73830815899495,32.73830815899495
2026-02-19 04:15:29,31.44187115589875,31.44187115589875,31.44187115589875,31.44187115589875,31.44187115589875,31.44187115589875
2026-02-19 04:15:59,31.44187115589875,31.44187115589875,31.44187115589875,31.44187115589875,31.44187115589875,31.44187115589875
2026-02-19 04:16:29,30.813033732780777,30.813033732780777,30.813033732780777,30.813033732780777,30.813033732780777,30.813033732780777
2026-02-19 04:16:59,30.813033732780777,30.813033732780777,30.813033732780777,30.813033732780777,30.813033732780777,30.813033732780777
2026-02-19 04:17:29,30.19677305812516,30.19677305812516,30.19677305812516,30.19677305812516,30.19677305812516,30.19677305812516
2026-02-19 04:17:59,29.569168061739106,28.989380452685396,28.989380452685396,28.989380452685396,28.989380452685396,28.989380452685396
2026-02-19 04:18:29,29.55734039451441,29.55734039451441,29.55734039451441,29.55734039451441,29.55734039451441,30.160551422973885
2026-02-19 04:18:59,30.751456946452787,30.751456946452787,30.751456946452787,30.751456946452787,30.751456946452787,30.751456946452787
2026-02-19 04:19:29,31.353939490947692,31.353939490947692,31.353939490947692,31.353939490947692,31.353939490947692,31.353939490947692
2026-02-19 04:19:59,30.112323487106163,30.112323487106163,30.112323487106163,30.112323487106163,30.112323487106163,30.112323487106163
2026-02-19 04:20:29,31.316329811442856,31.316329811442856,31.316329811442856,31.316329811442856,31.316329811442856,31.316329811442856
2026-02-19 04:20:59,31.942656407671716,31.942656407671716,31.942656407671716,31.942656407671716,31.942656407671716,31.942656407671716
2026-02-19 04:21:29,31.291281758206473,31.291281758206473,30.677727213927916,31.291281758206473,31.291281758206473,31.291281758206473
2026-02-19 04:21:59,31.917107393370603,31.917107393370603,31.917107393370603,31.917107393370603,31.917107393370603,31.917107393370603
2026-02-19 04:22:29,31.27876524550319,31.27876524550319,31.27876524550319,31.27876524550319,31.27876524550319,31.27876524550319
2026-02-19 04:22:59,31.266253739404988,31.266253739404988,31.266253739404988,31.266253739404988,31.904340550413256,31.266253739404988
2026-02-19 04:23:29,31.89157881419309,31.89157881419309,31.89157881419309,31.89157881419309,31.89157881419309,31.89157881419309
2026-02-19 04:23:59,32.52941039047695,32.52941039047695,32.52941039047695,32.52941039047695,32.52941039047695,32.52941039047695
2026-02-19 04:24:29,33.15345990820764,33.15345990820764,33.15345990820764,33.15345990820764,33.15345990820764,33.15345990820764
2026-02-19 04:24:59,33.81652910637179,33.15345990820764,33.81652910637179,33.81652910637179,33.81652910637179,33.81652910637179
2026-02-19 04:25:29,33.140198524244354,33.140198524244354,33.140198524244354,33.140198524244354,33.140198524244354,33.140198524244354
2026-02-19 04:25:59,33.140198524244354,33.140198524244354,33.140198524244354,33.140198524244354,33.140198524244354,33.140198524244354
2026-02-19 04:26:29,32.46440359593796,32.46440359593796,32.46440359593796,32.46440359593796,32.46440359593796,32.46440359593796
2026-02-19 04:26:59,31.178813213538817,31.178813213538817,31.178813213538817,31.80238947780959,31.80238947780959,31.80238947780959
2026-02-19 04:27:29,33.74895013296736,33.74895013296736,33.74895013296736,33.74895013296736,33.74895013296736,33.74895013296736
2026-02-19 04:27:59,33.73545055291417,33.73545055291417,33.73545055291417,33.73545055291417,33.73545055291417,33.73545055291417
2026-02-19 04:28:29,33.72195637269301,33.72195637269301,33.72195637269301,33.72195637269301,33.72195637269301,33.72195637269301
2026-02-19 04:28:59,33.04751724523915,33.04751724523915,33.04751724523915,33.04751724523915,33.04751724523915,33.04751724523915
2026-02-19 04:29:29,33.68150620942663,33.68150620942663,33.68150620942663,33.68150620942663,33.68150620942663,33.68150620942663
2026-02-19 04:29:59,35.04223906028747,35.04223906028747,34.34139427908172,35.04223906028747,35.04223906028747,35.04223906028747
2026-02-19 04:30:29,35.028222164663354,34.34139427908172,34.34139427908172,34.34139427908172,34.34139427908172,34.34139427908172
2026-02-19 04:30:59,35.01421087579749,35.01421087579749,35.01421087579749,35.01421087579749,35.01421087579749,35.01421087579749
2026-02-19 04:31:29,34.30020108761823,35.000205191447165,35.000205191447165,35.000205191447165,35.000205191447165,35.000205191447165
2026-02-19 04:31:59,33.61419706586586,33.61419706586586,33.61419706586586,33.61419706586586,33.61419706586586,33.61419706586586
2026-02-19 04:32:29,32.94191312454854,32.94191312454854,32.94191312454854,32.94191312454854,32.94191312454854,32.94191312454854
2026-02-19 04:32:59,31.637413364816425,32.283074862057575,32.283074862057575,32.283074862057575,32.283074862057575,32.283074862057575
2026-02-19 04:33:29,33.573876162050105,33.573876162050105,33.573876162050105,33.573876162050105,33.573876162050105,33.573876162050105
2026-02-19 04:33:59,34.24535368529111,34.24535368529111,34.24535368529111,34.24535368529111,34.24535368529111,34.24535368529111
2026-02-19 04:34:29,34.23165554381699,34.23165554381699,34.23165554381699,34.23165554381699,34.23165554381699,34.23165554381699
2026-02-19 04:34:59,33.54702243294065,33.54702243294065,33.54702243294065,33.54702243294065,33.54702243294065,33.54702243294065
2026-02-19 04:35:29,33.54702243294065,33.54702243294065,33.54702243294065,33.54702243294065,33.54702243294065,33.54702243294065
2026-02-19 04:35:59,32.87608198428184,32.87608198428184,32.87608198428184,32.87608198428184,32.87608198428184,32.87608198428184
2026-02-19 04:36:29,32.2185603445962,32.2185603445962,32.2185603445962,32.2185603445962,32.2185603445962,32.2185603445962
2026-02-19 04:36:59,33.52019018251789,33.52019018251789,33.52019018251789,33.52019018251789,33.52019018251789,33.52019018251789
2026-02-19 04:37:29,33.50678210644488,33.50678210644488,33.50678210644488,33.50678210644488,33.50678210644488,33.50678210644488
2026-02-19 04:37:59,32.17991353502966,32.17991353502966,32.17991353502966,32.17991353502966,32.83664646431598,32.17991353502966
2026-02-19 04:38:29,32.167041569615655,32.167041569615655,32.167041569615655,32.167041569615655,32.167041569615655,32.167041569615655
2026-02-19 04:38:59,32.15417475298781,32.15417475298781,32.15417475298781,32.15417475298781,32.15417475298781,32.15417475298781
2026-02-19 04:39:29,34.10861857427618,34.10861857427618,34.10861857427618,34.10861857427618,34.10861857427618,34.10861857427618
2026-02-19 04:39:59,35.47241212197106,35.47241212197106,35.47241212197106,35.47241212197106,35.47241212197106,35.47241212197106
2026-02-19 04:40:29,34.76296387953164,34.76296387953164,34.76296387953164,34.76296387953164,34.76296387953164,34.76296387953164
2026-02-19 04:40:59,34.749058693979826,34.06770460194101,34.06770460194101,34.76296387953164,34.06770460194101,34.06770460194101
2026-02-19 04:41:29,35.44403986785942,35.44403986785942,35.44403986785942,35.44403986785942,35.44403986785942,35.44403986785942
2026-02-19 04:41:59,35.42986225191228,35.42986225191228,35.42986225191228,35.42986225191228,35.42986225191228,35.42986225191228
2026-02-19 04:42:29,34.707376500871284,34.707376500871284,34.707376500871284,34.707376500871284,34.707376500871284,34.707376500871284
2026-02-19 04:42:59,34.69349355027094,34.69349355027094,34.69349355027094,34.69349355027094,34.69349355027094,34.69349355027094
2026-02-19 04:43:29,35.373208475907845,35.373208475907845,35.373208475907845,35.373208475907845,35.373208475907845,35.373208475907845
2026-02-19 04:43:59,35.373208475907845,35.373208475907845,35.373208475907845,35.373208475907845,35.373208475907845,35.373208475907845
2026-02-19 04:44:29,34.65187800866713,34.65187800866713,34.65187800866713,34.65187800866713,34.65187800866713,34.65187800866713
2026-02-19 04:44:59,33.94525691231439,33.94525691231439,33.94525691231439,33.94525691231439,33.94525691231439,33.94525691231439
2026-02-19 04:45:29,33.93167880954947,33.93167880954947,33.93167880954947,33.93167880954947,33.93167880954947,33.93167880954947
2026-02-19 04:45:59,34.59646826078615,34.59646826078615,34.59646826078615,33.90453889557043,34.59646826078615,34.59646826078615
2026-02-19 04:46:29,33.90453889557043,33.90453889557043,33.90453889557043,33.90453889557043,33.90453889557043,33.90453889557043
2026-02-19 04:46:59,33.226448117659025,33.90453889557043,33.90453889557043,33.90453889557043,33.90453889557043,33.90453889557043
2026-02-19 04:47:29,34.56879662161245,34.56879662161245,34.56879662161245,34.56879662161245,34.56879662161245,34.56879662161245
2026-02-19 04:47:59,34.541147115322616,34.541147115322616,34.541147115322616,34.541147115322616,34.541147115322616,34.541147115322616
2026-02-19 04:48:29,34.52733065647649,34.52733065647649,34.52733065647649,34.52733065647649,34.52733065647649,34.52733065647649
2026-02-19 04:48:59,34.52733065647649,34.52733065647649,34.52733065647649,34.52733065647649,34.52733065647649,34.52733065647649
2026-02-19 04:49:29,35.20379011869817,35.20379011869817,34.49971431632421,35.20379011869817,35.20379011869817,35.20379011869817
2026-02-19 04:49:59,35.1897086026507,35.1897086026507,35.1897086026507,35.1897086026507,35.1897086026507,35.1897086026507
2026-02-19 04:50:29,36.5967282810657,36.5967282810657,36.5967282810657,36.5967282810657,36.5967282810657,36.5967282810657
2026-02-19 04:50:59,36.5967282810657,36.5967282810657,36.5967282810657,36.5967282810657,36.5967282810657,36.5967282810657
2026-02-19 04:51:29,35.147497841135504,35.147497841135504,35.147497841135504,35.147497841135504,35.147497841135504,35.147497841135504
2026-02-19 04:51:59,35.85044779795822,35.85044779795822,35.133438841999045,35.85044779795822,35.85044779795822,35.133438841999045
2026-02-19 04:52:29,35.133438841999045,35.133438841999045,35.133438841999045,35.133438841999045,35.133438841999045,35.133438841999045
2026-02-19 04:52:59,34.41699775713301,34.41699775713301,34.41699775713301,34.41699775713301,34.41699775713301,34.41699775713301
2026-02-19 04:53:29,35.10533771227566,35.10533771227566,35.10533771227566,35.10533771227566,35.10533771227566,35.10533771227566
2026-02-19 04:53:59,34.40323095803015,34.40323095803015,34.40323095803015,34.40323095803015,34.40323095803015,34.40323095803015
2026-02-19 04:54:29,33.701680272334,33.701680272334,34.38946966564694,33.701680272334,33.701680272334,33.701680272334
2026-02-19 04:54:59,33.701680272334,33.701680272334,34.38946966564694,33.701680272334,33.701680272334,33.701680272334
2026-02-19 04:55:29,33.02764666688732,33.02764666688732,33.02764666688732,33.02764666688732,33.02764666688732,33.02764666688732
2026-02-19 04:55:59,33.014435608220566,33.014435608220566,33.014435608220566,33.014435608220566,33.014435608220566,33.014435608220566
2026-02-19 04:56:29,32.35414689605616,32.35414689605616,32.35414689605616,32.35414689605616,32.35414689605616,32.35414689605616
2026-02-19 04:56:59,31.70706395813503,31.70706395813503,31.70706395813503,31.70706395813503,31.70706395813503,31.70706395813503
2026-02-19 04:57:29,32.341205237297736,32.341205237297736,32.341205237297736,32.341205237297736,32.341205237297736,32.341205237297736
2026-02-19 04:57:59,31.68170338009876,31.68170338009876,31.68170338009876,31.68170338009876,31.68170338009876,31.68170338009876
2026-02-19 04:58:29,31.048069312496786,31.048069312496786,31.048069312496786,31.048069312496786,31.048069312496786,31.048069312496786
2026-02-19 04:58:59,29.806638341414825,29.806638341414825,29.806638341414825,29.806638341414825,29.806638341414825,29.806638341414825
2026-02-19 04:59:29,30.40277110824312,30.40277110824312,30.40277110824312,31.010826530407986,30.40277110824312,30.40277110824312
2026-02-19 04:59:59,30.99842219979582,30.99842219979582,30.99842219979582,31.63104306101614,31.63104306101614,30.99842219979582
2026-02-19 05:00:29,32.25075845666757,31.618390643791734,32.25075845666757,31.618390643791734,31.618390643791734,31.618390643791734
2026-02-19 05:00:59,32.237858153284904,32.237858153284904,32.237858153284904,32.237858153284904,32.237858153284904,32.237858153284904
2026-02-19 05:01:29,32.86946227022406,32.86946227022406,32.86946227022406,32.86946227022406,32.86946227022406,32.86946227022406
2026-02-19 05:01:59,35.57896304319713,35.57896304319713,35.57896304319713,35.57896304319713,35.57896304319713,35.57896304319713
2026-02-19 05:02:29,34.170036106686524,34.170036106686524,34.170036106686524,34.170036106686524,34.170036106686524,34.170036106686524
2026-02-19 05:02:59,34.85343682882026,34.85343682882026,34.85343682882026,34.85343682882026,34.85343682882026,34.85343682882026
2026-02-19 05:03:29,34.156368092243845,34.156368092243845,34.156368092243845,34.156368092243845,34.156368092243845,34.156368092243845
2026-02-19 05:03:59,34.82555965590709,34.82555965590709,34.82555965590709,34.82555965590709,34.82555965590709,34.82555965590709
2026-02-19 05:04:29,34.82555965590709,34.82555965590709,34.82555965590709,34.82555965590709,34.82555965590709,34.82555965590709
2026-02-19 05:04:59,33.44646749353317,33.44646749353317,33.44646749353317,33.44646749353317,33.44646749353317,33.44646749353317
2026-02-19 05:05:29,32.77753814366251,32.77753814366251,32.77753814366251,32.77753814366251,32.77753814366251,32.77753814366251
2026-02-19 05:05:59,32.12198738078926,32.12198738078926,32.12198738078926,32.12198738078926,32.12198738078926,32.12198738078926
2026-02-19 05:06:29,30.849956680510005,30.849956680510005,30.849956680510005,30.849956680510005,30.849956680510005,30.849956680510005
2026-02-19 05:06:59,30.232957546899804,30.232957546899804,30.232957546899804,30.232957546899804,30.232957546899804,30.232957546899804
2026-02-19 05:07:29,30.220864363881045,30.220864363881045,30.220864363881045,30.220864363881045,30.220864363881045,30.220864363881045
2026-02-19 05:07:59,30.825281651158665,30.825281651158665,30.825281651158665,30.825281651158665,30.825281651158665,30.825281651158665
2026-02-19 05:08:29,30.20877601813549,30.20877601813549,30.20877601813549,30.20877601813549,30.20877601813549,30.20877601813549
2026-02-19 05:08:59,29.592758657573672,29.592758657573672,29.592758657573672,29.592758657573672,29.592758657573672,29.592758657573672
2026-02-19 05:09:29,30.16047096919878,30.16047096919878,30.16047096919878,30.16047096919878,30.16047096919878,30.16047096919878
2026-02-19 05:09:59,31.378953996354408,31.378953996354408,31.378953996354408,31.378953996354408,31.378953996354408,31.378953996354408
2026-02-19 05:10:29,31.378953996354408,31.378953996354408,31.378953996354408,31.378953996354408,31.378953996354408,31.378953996354408
2026-02-19 05:10:59,30.75137491642732,30.75137491642732,30.75137491642732,30.75137491642732,30.75137491642732,30.75137491642732
2026-02-19 05:11:29,30.136347418098776,30.136347418098776,30.136347418098776,30.136347418098776,30.136347418098776,30.136347418098776
2026-02-19 05:11:59,28.942948060342065,28.942948060342065,28.942948060342065,28.942948060342065,28.942948060342065,28.942948060342065
2026-02-19 05:12:29,27.79680731715252,27.79680731715252,27.79680731715252,27.79680731715252,27.79680731715252,27.79680731715252
2026-02-19 05:12:59,30.088158185409203,30.088158185409203,30.088158185409203,30.088158185409203,30.088158185409203,30.088158185409203
2026-02-19 05:13:29,30.07612292213504,30.07612292213504,30.07612292213504,30.07612292213504,30.07612292213504,30.07612292213504
2026-02-19 05:13:59,29.47460046369234,29.47460046369234,29.47460046369234,29.47460046369234,29.47460046369234,29.47460046369234
2026-02-19 05:14:29,28.307406285330128,28.307406285330128,28.307406285330128,28.307406285330128,28.307406285330128,28.307406285330128
2026-02-19 05:14:59,27.730161656359677,28.296083322815992,28.296083322815992,28.296083322815992,28.296083322815992,28.296083322815992
2026-02-19 05:15:29,28.850460187276603,28.850460187276603,28.850460187276603,28.850460187276603,28.850460187276603,28.850460187276603
2026-02-19 05:15:59,28.850460187276603,28.850460187276603,28.850460187276603,28.850460187276603,28.850460187276603,28.850460187276603
2026-02-19 05:16:29,27.70798196386045,28.26214160313766,28.26214160313766,28.26214160313766,28.26214160313766,28.26214160313766
2026-02-19 05:16:59,29.403932123904426,29.403932123904426,29.403932123904426,29.403932123904426,29.403932123904426,29.403932123904426
2026-02-19 05:17:29,28.815853481426338,28.815853481426338,28.815853481426338,28.815853481426338,28.815853481426338,28.815853481426338
2026-02-19 05:17:59,28.22824059723309,28.22824059723309,28.22824059723309,28.22824059723309,28.22824059723309,28.22824059723309
2026-02-19 05:18:29,28.216949300994195,28.216949300994195,28.216949300994195,28.216949300994195,28.216949300994195,28.216949300994195
2026-02-19 05:18:59,28.2056625212738,28.2056625212738,28.2056625212738,28.2056625212738,28.2056625212738,28.2056625212738
2026-02-19 05:19:29,29.333433218618403,29.333433218618403,29.333433218618403,29.333433218618403,29.333433218618403,29.333433218618403
2026-02-19 05:19:59,29.908133842237575,29.908133842237575,29.908133842237575,29.908133842237575,29.908133842237575,29.908133842237575
2026-02-19 05:20:29,29.89617058870068,29.89617058870068,29.89617058870068,29.89617058870068,29.89617058870068,29.89617058870068
2026-02-19 05:20:59,29.29824717692667,29.29824717692667,29.29824717692667,29.29824717692667,29.29824717692667,29.29824717692667
2026-02-19 05:21:29,30.481896362874505,30.481896362874505,30.481896362874505,30.481896362874505,30.481896362874505,30.481896362874505
2026-02-19 05:21:59,29.872258435617017,29.872258435617017,29.872258435617017,29.872258435617017,29.872258435617017,29.872258435617017
2026-02-19 05:22:29,29.872258435617017,29.872258435617017,29.872258435617017,29.872258435617017,29.872258435617017,29.872258435617017
2026-02-19 05:22:59,30.469703604329357,30.469703604329357,30.469703604329357,30.469703604329357,30.469703604329357,30.469703604329357
2026-02-19 05:23:29,29.860309532242766,29.860309532242766,29.263103341597912,29.860309532242766,29.860309532242766,29.860309532242766
2026-02-19 05:23:59,30.445332716598468,30.445332716598468,30.445332716598468,30.445332716598468,30.445332716598468,30.445332716598468
2026-02-19 05:24:29,29.8364260622665,29.8364260622665,29.8364260622665,29.8364260622665,29.8364260622665,29.8364260622665
2026-02-19 05:24:59,29.21631046133996,29.812561695244856,29.812561695244856,29.21631046133996,29.21631046133996,29.21631046133996
2026-02-19 05:25:29,29.21631046133996,29.21631046133996,29.21631046133996,29.21631046133996,29.21631046133996,29.21631046133996
2026-02-19 05:25:59,29.21631046133996,29.21631046133996,29.21631046133996,29.21631046133996,29.21631046133996,29.21631046133996
2026-02-19 05:26:29,29.78871641589853,29.78871641589853,29.78871641589853,29.78871641589853,29.78871641589853,29.78871641589853
2026-02-19 05:26:59,30.97978368687719,30.97978368687719,30.97978368687719,30.97978368687719,30.97978368687719,30.97978368687719
2026-02-19 05:27:29,31.599379360614734,30.97978368687719,30.97978368687719,31.599379360614734,30.97978368687719,31.599379360614734
2026-02-19 05:27:59,31.586739608870488,31.586739608870488,31.586739608870488,30.96739177340244,31.586739608870488,31.586739608870488
2026-02-19 05:28:29,31.57410491302694,31.57410491302694,31.57410491302694,31.57410491302694,31.57410491302694,31.57410491302694
2026-02-19 05:28:59,32.19270477648296,32.19270477648296,32.19270477648296,32.19270477648296,32.19270477648296,32.19270477648296
2026-02-19 05:29:29,31.548850680953304,31.548850680953304,31.548850680953304,31.548850680953304,31.548850680953304,31.548850680953304
2026-02-19 05:29:59,32.15408898118914,32.15408898118914,32.15408898118914,32.15408898118914,32.15408898118914,32.15408898118914
2026-02-19 05:30:29,32.15408898118914,32.15408898118914,32.15408898118914,32.15408898118914,32.15408898118914,32.15408898118914
2026-02-19 05:30:59,32.7840518925086,32.7840518925086,32.7840518925086,32.7840518925086,32.7840518925086,32.7840518925086
2026-02-19 05:31:29,34.09488417793036,34.09488417793036,33.42635703718663,34.09488417793036,34.09488417793036,34.09488417793036
2026-02-19 05:31:59,34.08124622425918,34.08124622425918,34.08124622425918,34.08124622425918,34.08124622425918,34.08124622425918
2026-02-19 05:32:29,35.45812857171926,35.45812857171926,35.45812857171926,35.45812857171926,35.45812857171926,35.45812857171926
2026-02-19 05:32:59,36.16729114315364,36.16729114315364,36.16729114315364,36.16729114315364,36.16729114315364,36.16729114315364
2026-02-19 05:33:29,36.1383630970057,35.429767742162454,35.429767742162454,35.429767742162454,35.429767742162454,35.429767742162454
2026-02-19 05:33:59,36.12390775176689,36.12390775176689,36.12390775176689,36.12390775176689,36.12390775176689,36.12390775176689
2026-02-19 05:34:29,35.40142959673156,35.40142959673156,35.40142959673156,35.40142959673156,35.40142959673156,35.40142959673156
2026-02-19 05:34:59,35.37311411728291,34.67952364439501,34.67952364439501,34.67952364439501,34.67952364439501,34.67952364439501
2026-02-19 05:35:29,34.66565183493726,34.66565183493726,34.66565183493726,34.66565183493726,34.66565183493726,34.66565183493726
2026-02-19 05:35:59,35.358964871636,35.358964871636,35.358964871636,35.358964871636,35.358964871636,35.358964871636
2026-02-19 05:36:29,34.65178557420328,34.65178557420328,34.65178557420328,34.65178557420328,34.65178557420328,34.65178557420328
2026-02-19 05:36:59,34.6379248599736,34.6379248599736,34.6379248599736,34.6379248599736,34.6379248599736,34.6379248599736
2026-02-19 05:37:29,33.94516636277413,33.94516636277413,33.94516636277413,33.94516636277413,33.94516636277413,33.94516636277413
2026-02-19 05:37:59,36.02288210550681,36.02288210550681,36.02288210550681,36.02288210550681,36.02288210550681,36.02288210550681
2026-02-19 05:38:29,34.59637597412873,34.59637597412873,34.59637597412873,34.59637597412873,34.59637597412873,34.59637597412873
2026-02-19 05:38:59,34.58253742373908,34.58253742373908,34.58253742373908,34.58253742373908,34.58253742373908,34.58253742373908
2026-02-19 05:39:29,35.27418817221386,35.27418817221386,35.27418817221386,35.27418817221386,35.27418817221386,35.27418817221386
2026-02-19 05:39:59,34.56870440876959,34.56870440876959,34.56870440876959,34.56870440876959,34.56870440876959,34.56870440876959
2026-02-19 05:40:29,33.850233876710575,33.18650380069664,33.850233876710575,33.850233876710575,33.18650380069664,33.18650380069664
2026-02-19 05:40:59,35.21778332532968,35.21778332532968,35.21778332532968,35.21778332532968,35.21778332532968,35.21778332532968
2026-02-19 05:41:29,34.51342765882309,34.51342765882309,34.51342765882309,35.20369621199955,35.20369621199955,35.20369621199955
2026-02-19 05:41:59,33.80962984200437,33.80962984200437,33.80962984200437,33.80962984200437,33.80962984200437,33.80962984200437
2026-02-19 05:42:29,33.796105990067566,33.796105990067566,33.796105990067566,33.796105990067566,33.796105990067566,33.796105990067566
2026-02-19 05:42:59,33.796105990067566,33.796105990067566,33.796105990067566,33.796105990067566,33.796105990067566,33.796105990067566
2026-02-19 05:43:29,33.12018387026622,33.12018387026622,33.12018387026622,33.12018387026622,33.12018387026622,33.12018387026622
2026-02-19 05:43:59,33.12018387026622,33.12018387026622,33.12018387026622,33.12018387026622,33.12018387026622,33.12018387026622
2026-02-19 05:44:29,33.106935796718105,33.106935796718105,33.106935796718105,33.106935796718105,33.106935796718105,33.106935796718105
2026-02-19 05:44:59,33.106935796718105,33.106935796718105,33.106935796718105,33.106935796718105,33.106935796718105,33.106935796718105
2026-02-19 05:45:29,33.106935796718105,33.106935796718105,33.106935796718105,33.106935796718105,33.106935796718105,33.106935796718105
2026-02-19 05:45:59,32.444797080783744,32.444797080783744,32.444797080783744,32.444797080783744,32.444797080783744,32.444797080783744
2026-02-19 05:46:29,32.41884643428665,33.067223362972385,32.41884643428665,32.41884643428665,32.41884643428665,32.41884643428665
2026-02-19 05:46:59,33.053996473627194,33.053996473627194,33.053996473627194,33.053996473627194,33.053996473627194,33.053996473627194
2026-02-19 05:47:29,35.06313462358905,35.06313462358905,35.06313462358905,35.06313462358905,35.06313462358905,35.06313462358905
2026-02-19 05:47:59,35.76439731606083,35.76439731606083,35.76439731606083,35.76439731606083,35.76439731606083,35.76439731606083
2026-02-19 05:48:29,34.348127182344825,34.348127182344825,34.348127182344825,34.348127182344825,34.348127182344825,34.348127182344825
2026-02-19 05:48:59,34.33438793147189,34.33438793147189,34.33438793147189,34.33438793147189,34.33438793147189,34.33438793147189
2026-02-19 05:49:29,33.647700172842455,33.647700172842455,33.647700172842455,33.647700172842455,33.647700172842455,33.647700172842455
2026-02-19 05:49:59,32.302325145499495,32.302325145499495,32.302325145499495,32.302325145499495,32.302325145499495,32.302325145499495
2026-02-19 05:50:29,32.94837164840948,32.94837164840948,32.94837164840948,32.94837164840948,32.94837164840948,32.94837164840948
2026-02-19 05:50:59,31.643616131132465,31.643616131132465,31.643616131132465,31.643616131132465,31.643616131132465,31.643616131132465
2026-02-19 05:51:29,31.643616131132465,31.643616131132465,31.643616131132465,31.643616131132465,31.643616131132465,31.643616131132465
2026-02-19 05:51:59,31.630958684680014,31.630958684680014,31.630958684680014,31.630958684680014,31.630958684680014,31.630958684680014
2026-02-19 05:52:29,31.630958684680014,31.630958684680014,31.630958684680014,31.630958684680014,31.630958684680014,31.630958684680014
2026-02-19 05:52:59,30.378372720766684,30.378372720766684,30.378372720766684,30.378372720766684,30.378372720766684,30.378372720766684
2026-02-19 05:53:29,30.985940175182016,30.985940175182016,30.985940175182016,30.985940175182016,30.985940175182016,30.985940175182016
2026-02-19 05:53:59,29.75889694424481,29.75889694424481,29.75889694424481,29.75889694424481,29.75889694424481,29.75889694424481
2026-02-19 05:54:29,30.9611563807923,30.9611563807923,30.9611563807923,30.9611563807923,30.9611563807923,30.9611563807923
2026-02-19 05:54:59,30.329796479875185,30.329796479875185,30.329796479875185,30.329796479875185,30.329796479875185,30.329796479875185
2026-02-19 05:55:29,29.12873653927213,29.12873653927213,29.12873653927213,29.12873653927213,29.12873653927213,29.12873653927213
2026-02-19 05:55:59,29.11708504465642,29.699426745549548,29.11708504465642,29.11708504465642,29.11708504465642,29.11708504465642
2026-02-19 05:56:29,30.89928358606975,30.89928358606975,30.89928358606975,30.28129791434835,30.89928358606975,30.89928358606975
2026-02-19 05:56:59,32.134755597089786,32.134755597089786,32.134755597089786,32.134755597089786,32.134755597089786,32.134755597089786
2026-02-19 05:57:29,31.479463660953932,31.479463660953932,31.479463660953932,31.479463660953932,31.479463660953932,31.479463660953932
2026-02-19 05:57:59,31.479463660953932,31.479463660953932,31.479463660953932,31.479463660953932,31.479463660953932,31.479463660953932
2026-02-19 05:58:29,30.849874387734857,30.849874387734857,30.849874387734857,30.849874387734857,30.849874387734857,30.849874387734857
2026-02-19 05:58:59,29.628219361980552,29.628219361980552,29.628219361980552,29.628219361980552,29.628219361980552,29.628219361980552
2026-02-19 05:59:29,30.812869344434883,30.812869344434883,30.812869344434883,30.812869344434883,30.812869344434883,30.812869344434883
2026-02-19 05:59:59,32.04488618224367,32.04488618224367,32.04488618224367,32.04488618224367,32.04488618224367,32.04488618224367
2026-02-19 06:00:29,32.03206822777078,32.03206822777078,32.03206822777078,32.03206822777078,32.03206822777078,32.03206822777078
2026-02-19 06:00:59,30.763598325951055,30.763598325951055,30.763598325951055,30.763598325951055,30.763598325951055,30.763598325951055
2026-02-19 06:01:29,30.148326359432033,30.148326359432033,30.148326359432033,30.148326359432033,30.148326359432033,30.148326359432033
2026-02-19 06:01:59,30.148326359432033,30.148326359432033,30.148326359432033,30.148326359432033,30.148326359432033,30.148326359432033
2026-02-19 06:02:29,30.148326359432033,30.148326359432033,30.148326359432033,30.148326359432033,30.148326359432033,30.148326359432033
2026-02-19 06:02:59,29.545359832243392,29.545359832243392,29.545359832243392,29.545359832243392,29.545359832243392,29.545359832243392
2026-02-19 06:03:29,30.112162837067878,30.112162837067878,30.112162837067878,30.112162837067878,30.112162837067878,30.112162837067878
2026-02-19 06:03:59,30.71440609380923,30.10011797193305,30.71440609380923,30.71440609380923,30.71440609380923,30.71440609380923
2026-02-19 06:04:29,31.942485992759124,31.942485992759124,31.942485992759124,31.942485992759124,31.942485992759124,31.942485992759124
2026-02-19 06:04:59,31.29111481839478,31.92970899836202,31.29111481839478,31.29111481839478,31.29111481839478,31.92970899836202
2026-02-19 06:05:29,31.90417033991677,31.90417033991677,31.90417033991677,31.90417033991677,31.90417033991677,31.90417033991677
2026-02-19 06:05:59,33.179821582120745,33.179821582120745,33.179821582120745,33.179821582120745,33.179821582120745,33.179821582120745
2026-02-19 06:06:29,33.1665496534879,33.84341801376316,33.84341801376316,33.84341801376316,33.84341801376316,33.84341801376316
2026-02-19 06:06:59,34.492675668185015,34.492675668185015,34.492675668185015,34.492675668185015,34.492675668185015,34.492675668185015
2026-02-19 06:07:29,35.18252918154871,35.18252918154871,35.18252918154871,35.18252918154871,35.18252918154871,35.18252918154871
2026-02-19 06:07:59,34.47887859791774,35.18252918154871,35.18252918154871,35.18252918154871,35.18252918154871,35.18252918154871
2026-02-19 06:08:29,34.47887859791774,34.47887859791774,34.47887859791774,34.47887859791774,34.47887859791774,34.47887859791774
2026-02-19 06:08:59,35.168456169876094,35.168456169876094,35.168456169876094,35.168456169876094,35.168456169876094,35.168456169876094
2026-02-19 06:09:29,34.46508704647857,34.46508704647857,34.46508704647857,34.46508704647857,34.46508704647857,34.46508704647857
2026-02-19 06:09:59,33.762274991426786,34.43752049125531,34.43752049125531,34.43752049125531,34.43752049125531,33.762274991426786
2026-02-19 06:10:29,35.126270901080424,35.126270901080424,35.126270901080424,35.126270901080424,35.126270901080424,35.126270901080424
2026-02-19 06:10:59,35.126270901080424,35.126270901080424,35.126270901080424,35.126270901080424,35.126270901080424,35.126270901080424
2026-02-19 06:11:29,33.06056516192969,33.06056516192969,33.06056516192969,33.06056516192969,33.06056516192969,33.06056516192969
2026-02-19 06:11:59,32.38639411714762,32.38639411714762,32.38639411714762,32.38639411714762,32.38639411714762,32.38639411714762
2026-02-19 06:12:29,33.020908350690775,33.020908350690775,33.020908350690775,33.020908350690775,33.020908350690775,33.020908350690775
2026-02-19 06:12:59,33.0076999873505,33.0076999873505,33.0076999873505,33.0076999873505,33.0076999873505,33.0076999873505
2026-02-19 06:13:29,31.70059506785142,31.70059506785142,31.70059506785142,31.70059506785142,31.70059506785142,31.70059506785142
2026-02-19 06:13:59,31.70059506785142,31.70059506785142,31.70059506785142,31.70059506785142,31.70059506785142,31.70059506785142
2026-02-19 06:14:29,34.300018095142725,34.300018095142725,34.300018095142725,34.300018095142725,34.300018095142725,34.300018095142725
2026-02-19 06:14:59,34.986018457045574,34.986018457045574,34.986018457045574,34.986018457045574,34.986018457045574,34.986018457045574
2026-02-19 06:15:29,34.986018457045574,34.986018457045574,34.986018457045574,34.986018457045574,34.986018457045574,34.986018457045574
2026-02-19 06:15:59,33.58713189729612,33.58713189729612,33.58713189729612,33.58713189729612,33.58713189729612,33.58713189729612
2026-02-19 06:16:29,34.258874535242036,34.258874535242036,34.258874535242036,34.258874535242036,34.258874535242036,34.258874535242036
2026-02-19 06:16:59,33.5736970445372,34.258874535242036,33.5736970445372,33.5736970445372,33.5736970445372,33.5736970445372
2026-02-19 06:17:29,32.902223103646456,32.902223103646456,32.902223103646456,32.902223103646456,32.902223103646456,32.902223103646456
2026-02-19 06:17:59,32.902223103646456,32.902223103646456,32.902223103646456,32.902223103646456,32.902223103646456,32.902223103646456
2026-02-19 06:18:29,32.889062214404994,32.889062214404994,32.889062214404994,32.889062214404994,32.889062214404994,32.889062214404994
2026-02-19 06:18:59,32.889062214404994,31.58665535071456,31.58665535071456,31.58665535071456,31.58665535071456,31.58665535071456
2026-02-19 06:19:29,31.561391080298844,32.19261890190482,31.561391080298844,31.561391080298844,31.561391080298844,31.561391080298844
2026-02-19 06:19:59,31.548766523866725,31.548766523866725,31.548766523866725,31.548766523866725,31.548766523866725,31.548766523866725
2026-02-19 06:20:29,32.82333669143094,32.82333669143094,32.82333669143094,32.82333669143094,32.82333669143094,32.82333669143094
2026-02-19 06:20:59,32.82333669143094,32.82333669143094,32.82333669143094,32.82333669143094,32.82333669143094,32.82333669143094
2026-02-19 06:21:29,32.16686995760232,32.16686995760232,31.52353255845027,32.16686995760232,31.52353255845027,31.52353255845027
2026-02-19 06:21:59,31.510923145426897,31.510923145426897,31.510923145426897,31.510923145426897,31.510923145426897,31.510923145426897
2026-02-19 06:22:29,34.094793229256865,34.094793229256865,34.094793229256865,34.094793229256865,34.094793229256865,34.094793229256865
2026-02-19 06:22:59,33.39953220572586,33.39953220572586,33.39953220572586,33.39953220572586,33.39953220572586,33.39953220572586
2026-02-19 06:23:29,35.44385077297393,35.44385077297393,36.15272778843341,35.44385077297393,35.44385077297393,35.44385077297393
2026-02-19 06:23:59,36.15272778843341,36.15272778843341,36.15272778843341,36.15272778843341,36.15272778843341,36.15272778843341
2026-02-19 06:24:29,36.123811390639105,36.123811390639105,36.123811390639105,36.123811390639105,36.123811390639105,36.123811390639105
2026-02-19 06:24:59,36.123811390639105,36.123811390639105,36.123811390639105,36.123811390639105,36.123811390639105,36.123811390639105
2026-02-19 06:25:29,35.40133516282632,35.40133516282632,35.40133516282632,34.6933084595698,35.40133516282632,35.40133516282632
2026-02-19 06:25:59,34.67943113618597,34.67943113618597,34.6933084595698,34.67943113618597,34.67943113618597,34.67943113618597
2026-02-19 06:26:29,34.67943113618597,34.67943113618597,35.387174628761194,34.67943113618597,35.387174628761194,34.67943113618597
2026-02-19 06:26:59,33.972248176456866,33.972248176456866,33.972248176456866,33.972248176456866,33.972248176456866,33.972248176456866
2026-02-19 06:27:29,33.95865927718628,33.95865927718628,33.95865927718628,33.95865927718628,33.95865927718628,33.95865927718628
2026-02-19 06:27:59,33.2661742972059,33.2661742972059,33.2661742972059,33.2661742972059,33.2661742972059,33.2661742972059
2026-02-19 06:28:29,33.91792518403676,33.91792518403676,33.91792518403676,33.91792518403676,33.91792518403676,33.91792518403676
2026-02-19 06:28:59,33.90435801396315,33.90435801396315,33.90435801396315,33.90435801396315,33.90435801396315,33.90435801396315
2026-02-19 06:29:29,34.56861219617271,33.89079627075756,33.89079627075756,33.89079627075756,34.56861219617271,34.56861219617271
2026-02-19 06:29:59,34.55478475129424,34.55478475129424,34.55478475129424,34.55478475129424,34.55478475129424,34.55478475129424
2026-02-19 06:30:29,33.863689056268356,33.863689056268356,33.863689056268356,33.863689056268356,33.863689056268356,33.863689056268356
2026-02-19 06:30:59,31.87223323024733,31.87223323024733,31.87223323024733,31.87223323024733,31.87223323024733,31.87223323024733
2026-02-19 06:31:29,31.87223323024733,31.87223323024733,31.87223323024733,31.87223323024733,31.87223323024733,31.87223323024733
2026-02-19 06:31:59,33.14660750416822,32.49667402369433,33.14660750416822,33.14660750416822,33.14660750416822,33.14660750416822
2026-02-19 06:32:29,34.47193615515768,34.47193615515768,34.47193615515768,34.47193615515768,34.47193615515768,34.47193615515768
2026-02-19 06:32:59,35.14731032830953,34.458147380695614,34.458147380695614,35.14731032830953,35.14731032830953,35.14731032830953
2026-02-19 06:33:29,34.44436412174334,34.44436412174334,34.44436412174334,34.44436412174334,34.44436412174334,34.44436412174334
2026-02-19 06:33:59,33.75547683930847,33.75547683930847,33.75547683930847,33.75547683930847,33.75547683930847,33.75547683930847
2026-02-19 06:34:29,32.41875995647185,32.41875995647185,32.41875995647185,32.41875995647185,32.41875995647185,32.41875995647185
2026-02-19 06:34:59,33.71498646756984,33.71498646756984,33.71498646756984,33.71498646756984,33.71498646756984,33.71498646756984
2026-02-19 06:35:29,32.37987300345407,32.37987300345407,32.37987300345407,33.04068673821844,32.37987300345407,32.37987300345407
2026-02-19 06:35:59,31.732275543384993,31.732275543384993,31.732275543384993,31.732275543384993,31.732275543384993,31.732275543384993
2026-02-19 06:36:29,31.732275543384993,31.732275543384993,31.732275543384993,31.732275543384993,31.732275543384993,31.732275543384993
2026-02-19 06:36:59,30.47567743186695,31.09763003251729,31.09763003251729,31.09763003251729,31.09763003251729,31.09763003251729
2026-02-19 06:37:29,29.866163883229607,29.268840605565018,29.268840605565018,29.268840605565018,29.268840605565018,29.268840605565018
2026-02-19 06:37:59,28.671990407936335,29.25713306932279,29.25713306932279,29.25713306932279,29.25713306932279,29.25713306932279
2026-02-19 06:38:29,30.426945596825306,29.830338820416966,30.426945596825306,30.426945596825306,30.426945596825306,30.426945596825306
2026-02-19 06:38:59,31.643531721257467,31.643531721257467,31.643531721257467,31.643531721257467,31.643531721257467,31.643531721257467
2026-02-19 06:39:29,31.630874308568966,31.630874308568966,31.630874308568966,31.630874308568966,31.630874308568966,31.630874308568966
2026-02-19 06:39:59,31.61822195884554,31.61822195884554,31.61822195884554,31.61822195884554,31.61822195884554,31.61822195884554
2026-02-19 06:40:29,31.61822195884554,31.61822195884554,31.61822195884554,31.61822195884554,31.61822195884554,31.61822195884554
2026-02-19 06:40:59,30.985857519668627,30.985857519668627,30.985857519668627,30.985857519668627,30.985857519668627,30.985857519668627
2026-02-19 06:41:29,29.758817561889753,29.758817561889753,29.758817561889753,29.758817561889753,29.758817561889753,29.758817561889753
2026-02-19 06:41:59,30.35399391312755,30.35399391312755,30.35399391312755,30.35399391312755,30.35399391312755,30.35399391312755
2026-02-19 06:42:29,30.936309886128793,30.936309886128793,30.936309886128793,30.936309886128793,30.936309886128793,30.936309886128793
2026-02-19 06:42:59,31.542414069417823,31.542414069417823,31.542414069417823,31.542414069417823,31.542414069417823,31.542414069417823
2026-02-19 06:43:29,31.529797103790056,31.529797103790056,31.529797103790056,31.529797103790056,31.529797103790056,31.529797103790056
2026-02-19 06:43:59,31.529797103790056,31.529797103790056,31.529797103790056,31.529797103790056,31.529797103790056,31.529797103790056
2026-02-19 06:44:29,32.790479466420464,32.790479466420464,32.790479466420464,32.790479466420464,32.790479466420464,32.790479466420464
2026-02-19 06:44:59,32.7773632746339,32.7773632746339,32.7773632746339,32.7773632746339,32.7773632746339,32.7773632746339
2026-02-19 06:45:29,32.10896728273756,32.10896728273756,32.10896728273756,32.10896728273756,32.10896728273756,32.10896728273756
2026-02-19 06:45:59,32.75114662839231,32.75114662839231,32.75114662839231,32.75114662839231,32.75114662839231,32.75114662839231
2026-02-19 06:46:29,32.083285246346136,32.083285246346136,32.083285246346136,32.083285246346136,32.083285246346136,32.083285246346136
2026-02-19 06:46:59,32.72495095127306,32.72495095127306,32.72495095127306,32.72495095127306,32.72495095127306,32.72495095127306
2026-02-19 06:47:29,32.07045193224759,32.07045193224759,32.07045193224759,32.07045193224759,32.07045193224759,32.07045193224759
2026-02-19 06:47:59,30.800462035730593,30.800462035730593,30.800462035730593,30.800462035730593,30.800462035730593,30.800462035730593
2026-02-19 06:48:29,30.800462035730593,30.800462035730593,30.800462035730593,30.800462035730593,30.800462035730593,30.800462035730593
2026-02-19 06:48:59,30.172379013897977,30.172379013897977,30.172379013897977,30.172379013897977,30.172379013897977,30.172379013897977
2026-02-19 06:49:29,29.568931433620016,29.568931433620016,29.568931433620016,29.568931433620016,29.568931433620016,29.568931433620016
2026-02-19 06:49:59,28.398001748848664,28.398001748848664,28.398001748848664,28.398001748848664,28.398001748848664,28.398001748848664
2026-02-19 06:50:29,28.386642548149126,28.386642548149126,28.386642548149126,28.386642548149126,28.386642548149126,28.386642548149126
2026-02-19 06:50:59,28.942793648952463,28.942793648952463,28.942793648952463,28.942793648952463,28.942793648952463,28.942793648952463
2026-02-19 06:51:29,28.93121653149288,28.93121653149288,28.93121653149288,28.93121653149288,28.93121653149288,28.93121653149288
2026-02-19 06:51:59,30.702038432952495,30.702038432952495,30.702038432952495,30.702038432952495,30.702038432952495,30.702038432952495
2026-02-19 06:52:29,29.48623771100758,29.48623771100758,29.48623771100758,29.48623771100758,29.48623771100758,29.48623771100758
2026-02-19 06:52:59,30.07596246522773,30.07596246522773,30.07596246522773,30.07596246522773,30.07596246522773,30.07596246522773
2026-02-19 06:53:29,28.884954351604712,29.474443215923177,29.474443215923177,29.474443215923177,29.474443215923177,29.474443215923177
2026-02-19 06:53:59,29.45086837726135,29.45086837726135,29.45086837726135,29.45086837726135,29.45086837726135,29.45086837726135
2026-02-19 06:54:29,30.62842718631883,30.62842718631883,30.62842718631883,30.62842718631883,30.62842718631883,30.62842718631883
2026-02-19 06:54:59,31.240995730045206,31.240995730045206,31.240995730045206,31.240995730045206,31.240995730045206,31.240995730045206
2026-02-19 06:55:29,30.003852299135417,30.003852299135417,30.003852299135417,30.003852299135417,30.003852299135417,30.003852299135417
2026-02-19 06:55:59,32.47713465247411,32.47713465247411,32.47713465247411,32.47713465247411,32.47713465247411,32.47713465247411
2026-02-19 06:56:29,33.113426674585384,33.113426674585384,33.113426674585384,33.113426674585384,33.113426674585384,33.113426674585384
2026-02-19 06:56:59,33.77569520807709,33.77569520807709,33.77569520807709,33.77569520807709,33.77569520807709,33.77569520807709
2026-02-19 06:57:29,33.76218492999386,33.76218492999386,33.76218492999386,33.76218492999386,33.76218492999386,33.76218492999386
2026-02-19 06:57:59,32.425202406766104,32.425202406766104,32.425202406766104,32.425202406766104,32.425202406766104,32.425202406766104
2026-02-19 06:58:29,32.4122323258034,32.4122323258034,32.4122323258034,32.4122323258034,32.4122323258034,32.4122323258034
2026-02-19 06:58:59,33.04725278153054,33.04725278153054,33.04725278153054,33.04725278153054,33.04725278153054,33.04725278153054
2026-02-19 06:59:29,31.73858157138193,31.73858157138193,31.73858157138193,31.73858157138193,31.73858157138193,31.73858157138193
2026-02-19 06:59:59,32.36040386152845,32.36040386152845,33.02082026686576,32.36040386152845,32.36040386152845,32.36040386152845
2026-02-19 07:00:29,33.00761193875901,33.00761193875901,33.00761193875901,33.00761193875901,33.00761193875901,33.00761193875901
2026-02-19 07:00:59,32.99440889398351,32.33452071610384,32.99440889398351,32.99440889398351,32.99440889398351,32.99440889398351
2026-02-19 07:01:29,34.31365206009512,34.31365206009512,34.31365206009512,34.31365206009512,34.31365206009512,34.31365206009512
2026-02-19 07:01:59,33.62737901889322,33.62737901889322,33.62737901889322,33.62737901889322,33.62737901889322,33.62737901889322
2026-02-19 07:02:29,33.62737901889322,33.62737901889322,33.62737901889322,33.62737901889322,33.62737901889322,33.62737901889322
2026-02-19 07:02:59,32.29573480974505,32.29573480974505,32.29573480974505,32.29573480974505,32.29573480974505,32.29573480974505
2026-02-19 07:03:29,33.600482496058746,33.600482496058746,32.92847284613757,33.600482496058746,33.600482496058746,33.600482496058746
2026-02-19 07:03:59,32.269903389214825,32.269903389214825,32.269903389214825,32.269903389214825,32.269903389214825,32.269903389214825
2026-02-19 07:04:29,30.992015215001917,30.992015215001917,30.992015215001917,30.992015215001917,30.992015215001917,30.992015215001917
2026-02-19 07:04:59,30.992015215001917,30.992015215001917,30.992015215001917,30.992015215001917,30.992015215001917,30.992015215001917
2026-02-19 07:05:29,29.76473141248784,29.76473141248784,29.76473141248784,29.76473141248784,29.76473141248784,29.76473141248784
2026-02-19 07:05:59,30.360026040737598,30.360026040737598,30.360026040737598,30.360026040737598,30.360026040737598,30.360026040737598
2026-02-19 07:06:29,29.157769009524394,29.157769009524394,29.157769009524394,29.157769009524394,29.157769009524394,29.157769009524394
2026-02-19 07:06:59,28.574613629333903,28.574613629333903,28.574613629333903,28.574613629333903,28.574613629333903,28.574613629333903
2026-02-19 07:07:29,27.99192010820453,28.551758510368614,28.551758510368614,28.551758510368614,28.551758510368614,28.551758510368614
2026-02-19 07:07:59,29.122793680575988,29.122793680575988,29.122793680575988,29.122793680575988,29.122793680575988,29.122793680575988
2026-02-19 07:08:29,29.11114456310376,29.69336745436583,29.11114456310376,29.11114456310376,29.11114456310376,29.11114456310376
2026-02-19 07:08:59,29.68149010738409,29.68149010738409,29.68149010738409,29.68149010738409,29.68149010738409,29.68149010738409
2026-02-19 07:09:29,29.68149010738409,29.68149010738409,29.68149010738409,29.68149010738409,29.68149010738409,29.68149010738409
2026-02-19 07:09:59,29.087860305236408,29.087860305236408,29.087860305236408,29.087860305236408,29.087860305236408,29.087860305236408
2026-02-19 07:10:29,28.494700657892025,29.064594671049864,28.494700657892025,28.494700657892025,28.494700657892025,28.494700657892025
2026-02-19 07:10:59,29.645886564470864,29.645886564470864,29.645886564470864,29.645886564470864,29.645886564470864,29.645886564470864
2026-02-19 07:11:29,29.634028209845074,29.634028209845074,29.634028209845074,29.634028209845074,29.634028209845074,29.634028209845074
2026-02-19 07:11:59,30.226708774041978,30.226708774041978,30.226708774041978,30.226708774041978,30.226708774041978,30.226708774041978
2026-02-19 07:12:29,30.226708774041978,30.226708774041978,30.226708774041978,30.226708774041978,30.226708774041978,30.226708774041978
2026-02-19 07:12:59,29.029731106589914,29.029731106589914,29.622174598561138,29.029731106589914,29.029731106589914,29.029731106589914
2026-02-19 07:13:29,29.018119214147276,29.018119214147276,29.018119214147276,29.018119214147276,29.018119214147276,29.018119214147276
2026-02-19 07:13:59,30.178375049906666,30.178375049906666,30.178375049906666,30.178375049906666,30.178375049906666,30.178375049906666
2026-02-19 07:14:29,32.02553302996135,32.02553302996135,32.02553302996135,32.02553302996135,32.02553302996135,32.02553302996135
2026-02-19 07:14:59,32.01272281674937,32.01272281674937,32.65297727308435,32.01272281674937,32.01272281674937,32.01272281674937
2026-02-19 07:15:29,32.63991608217513,32.63991608217513,32.63991608217513,32.63991608217513,32.63991608217513,32.63991608217513
2026-02-19 07:15:59,32.626860115742254,32.626860115742254,33.29271440381862,32.626860115742254,32.626860115742254,32.626860115742254
2026-02-19 07:16:29,32.61380937169596,32.61380937169596,32.61380937169596,33.26608555912988,33.27939731805709,33.26608555912988
2026-02-19 07:16:59,32.61380937169596,33.26608555912988,33.26608555912988,33.26608555912988,32.61380937169596,33.26608555912988
2026-02-19 07:17:29,33.93140727031247,33.93140727031247,33.93140727031247,33.93140727031247,33.93140727031247,33.93140727031247
2026-02-19 07:17:59,31.935969071559935,31.935969071559935,31.935969071559935,31.935969071559935,31.935969071559935,31.935969071559935
2026-02-19 07:18:29,32.57468845299113,32.57468845299113,32.57468845299113,32.57468845299113,32.57468845299113,32.57468845299113
2026-02-19 07:18:59,33.22618222205096,33.22618222205096,33.22618222205096,33.22618222205096,33.22618222205096,33.22618222205096
2026-02-19 07:19:29,31.91042540605774,31.91042540605774,31.91042540605774,31.91042540605774,31.91042540605774,31.91042540605774
2026-02-19 07:19:59,31.272216897936588,31.272216897936588,31.272216897936588,31.272216897936588,31.272216897936588,31.272216897936588
2026-02-19 07:20:29,31.259708011177413,31.259708011177413,31.259708011177413,31.259708011177413,31.259708011177413,31.259708011177413
2026-02-19 07:20:59,31.247204127972942,31.247204127972942,31.247204127972942,31.247204127972942,31.247204127972942,31.247204127972942
2026-02-19 07:21:29,31.247204127972942,30.622260045413483,31.247204127972942,31.247204127972942,31.247204127972942,31.247204127972942
2026-02-19 07:21:59,30.61001114139532,30.61001114139532,30.61001114139532,30.61001114139532,30.61001114139532,30.61001114139532
2026-02-19 07:22:29,29.985811794199986,29.985811794199986,29.985811794199986,29.985811794199986,29.985811794199986,29.985811794199986
2026-02-19 07:22:59,30.585528030083985,30.585528030083985,29.973817469482302,30.585528030083985,30.585528030083985,30.585528030083985
2026-02-19 07:23:29,31.184759695249394,31.184759695249394,31.184759695249394,31.184759695249394,31.184759695249394,31.184759695249394
2026-02-19 07:23:59,31.17228579137129,31.17228579137129,31.17228579137129,31.17228579137129,31.17228579137129,31.17228579137129
2026-02-19 07:24:29,30.548840075543865,30.548840075543865,30.548840075543865,30.548840075543865,30.548840075543865,30.548840075543865
2026-02-19 07:24:59,29.339106008552328,29.339106008552328,29.339106008552328,29.339106008552328,29.339106008552328,29.339106008552328
2026-02-19 07:25:29,29.339106008552328,29.339106008552328,29.339106008552328,29.339106008552328,29.339106008552328,29.339106008552328
2026-02-19 07:25:59,28.17727741061366,28.17727741061366,28.17727741061366,28.74082295882593,28.17727741061366,28.17727741061366
2026-02-19 07:26:29,27.602686369656425,27.602686369656425,27.602686369656425,27.602686369656425,27.602686369656425,27.602686369656425
2026-02-19 07:26:59,28.717834898990542,28.717834898990542,28.717834898990542,28.717834898990542,28.717834898990542,28.717834898990542
2026-02-19 07:27:29,28.706347765030948,28.706347765030948,28.706347765030948,29.292191596970355,29.292191596970355,28.706347765030948
2026-02-19 07:27:59,28.706347765030948,28.706347765030948,28.706347765030948,28.706347765030948,28.706347765030948,28.706347765030948
2026-02-19 07:28:29,27.569576393535723,27.569576393535723,27.569576393535723,27.569576393535723,27.569576393535723,27.569576393535723
2026-02-19 07:28:59,26.477821168351714,26.477821168351714,26.477821168351714,26.477821168351714,26.477821168351714,26.477821168351714
2026-02-19 07:29:29,26.467230039884367,26.467230039884367,26.467230039884367,26.467230039884367,26.467230039884367,26.467230039884367
2026-02-19 07:29:59,25.93788543908668,25.93788543908668,25.419127730304947,25.93788543908668,25.93788543908668,25.93788543908668
2026-02-19 07:30:29,25.40896007921283,25.40896007921283,25.40896007921283,25.40896007921283,25.40896007921283,25.40896007921283
2026-02-19 07:30:59,23.91470995487448,23.91470995487448,24.402765260076,24.402765260076,23.91470995487448,23.91470995487448
2026-02-19 07:31:29,24.38324695231038,24.38324695231038,24.38324695231038,24.38324695231038,24.38324695231038,24.38324695231038
2026-02-19 07:31:59,24.870911891356588,24.870911891356588,24.870911891356588,24.870911891356588,24.870911891356588,24.870911891356588
2026-02-19 07:32:29,25.35818279713205,25.35818279713205,25.35818279713205,25.35818279713205,25.35818279713205,25.35818279713205
2026-02-19 07:32:59,26.38265338213618,26.38265338213618,26.38265338213618,26.38265338213618,26.38265338213618,26.38265338213618
2026-02-19 07:33:29,25.855000314493456,25.855000314493456,25.855000314493456,25.855000314493456,25.855000314493456,25.855000314493456
2026-02-19 07:33:59,25.327765148080303,25.327765148080303,25.327765148080303,25.327765148080303,25.327765148080303,25.327765148080303
2026-02-19 07:34:29,24.8212098451187,24.8212098451187,24.8212098451187,24.8212098451187,24.8212098451187,24.8212098451187
2026-02-19 07:34:59,23.838289935252,23.838289935252,23.838289935252,23.838289935252,23.838289935252,23.838289935252
2026-02-19 07:35:29,24.305329711663457,24.305329711663457,24.305329711663457,24.305329711663457,24.305329711663457,24.305329711663457
2026-02-19 07:35:59,23.819223117430187,23.819223117430187,23.819223117430187,23.819223117430187,23.819223117430187,23.819223117430187
2026-02-19 07:36:29,23.819223117430187,23.342838655081582,23.819223117430187,23.819223117430187,23.819223117430187,23.819223117430187
2026-02-19 07:36:59,22.875981881979957,22.875981881979957,22.875981881979957,22.875981881979957,22.875981881979957,22.875981881979957
2026-02-19 07:37:29,23.32416811901171,23.32416811901171,23.32416811901171,23.32416811901171,23.32416811901171,23.32416811901171
2026-02-19 07:37:59,23.314838451764103,23.314838451764103,23.314838451764103,23.314838451764103,23.314838451764103,23.314838451764103
2026-02-19 07:38:29,22.391570849074245,22.391570849074245,22.391570849074245,22.391570849074245,22.391570849074245,22.391570849074245
2026-02-19 07:38:59,22.83940226605573,22.83940226605573,22.83940226605573,22.83940226605573,22.83940226605573,22.83940226605573
2026-02-19 07:39:29,21.934961936319922,21.934961936319922,22.382614220734617,21.934961936319922,21.934961936319922,21.934961936319922
2026-02-19 07:39:59,22.821134398547247,22.821134398547247,22.821134398547247,22.821134398547247,22.821134398547247,22.821134398547247
2026-02-19 07:40:29,23.733610984957256,23.733610984957256,23.733610984957256,23.733610984957256,23.733610984957256,23.733610984957256
2026-02-19 07:40:59,23.25893876525811,23.25893876525811,23.25893876525811,23.25893876525811,23.25893876525811,23.25893876525811
2026-02-19 07:41:29,22.33788479015389,22.33788479015389,22.33788479015389,22.33788479015389,22.33788479015389,22.33788479015389
2026-02-19 07:41:59,22.33788479015389,22.33788479015389,22.33788479015389,22.33788479015389,22.33788479015389,22.33788479015389
2026-02-19 07:42:29,22.320018056383333,22.320018056383333,22.320018056383333,22.320018056383333,22.320018056383333,22.320018056383333
2026-02-19 07:42:59,22.766418417511,22.766418417511,22.766418417511,22.766418417511,22.766418417511,22.766418417511
2026-02-19 07:43:29,22.748208925403937,22.748208925403937,22.748208925403937,22.748208925403937,22.748208925403937,22.748208925403937
2026-02-19 07:43:59,21.83864090001716,21.83864090001716,21.83864090001716,21.83864090001716,21.83864090001716,21.83864090001716
2026-02-19 07:44:29,23.638847240869914,23.638847240869914,23.638847240869914,23.638847240869914,23.638847240869914,23.638847240869914
2026-02-19 07:44:59,24.10197953601304,24.10197953601304,24.10197953601304,24.10197953601304,24.10197953601304,24.10197953601304
2026-02-19 07:45:29,26.078322266334617,26.078322266334617,26.078322266334617,26.078322266334617,26.078322266334617,26.078322266334617
2026-02-19 07:45:59,27.121033731300177,27.121033731300177,27.121033731300177,27.121033731300177,27.121033731300177,27.121033731300177
2026-02-19 07:46:29,28.78105796392559,28.78105796392559,28.78105796392559,28.78105796392559,28.78105796392559,28.78105796392559
2026-02-19 07:46:59,29.356679123204103,29.356679123204103,29.356679123204103,29.356679123204103,29.356679123204103,29.356679123204103
2026-02-19 07:47:29,28.769545540740022,28.769545540740022,28.769545540740022,28.769545540740022,28.769545540740022,28.769545540740022
2026-02-19 07:47:59,28.758037722523728,28.758037722523728,28.758037722523728,28.758037722523728,28.758037722523728,28.758037722523728
2026-02-19 07:48:29,28.74653450743472,28.74653450743472,28.74653450743472,28.74653450743472,28.74653450743472,28.74653450743472
2026-02-19 07:48:59,31.103726970021334,30.49384997060915,30.49384997060915,30.49384997060915,30.49384997060915,30.49384997060915
2026-02-19 07:49:29,31.713111188817994,31.713111188817994,31.713111188817994,31.713111188817994,31.713111188817994,31.713111188817994
2026-02-19 07:49:59,32.334434463229314,32.334434463229314,32.334434463229314,32.334434463229314,32.334434463229314,32.334434463229314
2026-02-19 07:50:29,31.68774577396473,31.68774577396473,31.68774577396473,32.334434463229314,31.68774577396473,31.68774577396473
2026-02-19 07:50:59,31.68774577396473,31.68774577396473,31.68774577396473,31.68774577396473,31.68774577396473,31.68774577396473
2026-02-19 07:51:29,31.68774577396473,31.68774577396473,31.68774577396473,31.68774577396473,31.68774577396473,31.68774577396473
2026-02-19 07:51:59,29.824252820489413,29.824252820489413,29.824252820489413,29.824252820489413,29.824252820489413,29.824252820489413
2026-02-19 07:52:29,32.282730400868445,32.282730400868445,32.282730400868445,32.282730400868445,32.282730400868445,32.282730400868445
2026-02-19 07:52:59,31.624420962533936,31.624420962533936,31.624420962533936,31.624420962533936,31.624420962533936,31.624420962533936
2026-02-19 07:53:29,30.99193254328326,30.99193254328326,30.99193254328326,30.99193254328326,30.99193254328326,30.99193254328326
2026-02-19 07:53:59,31.599126485671263,31.599126485671263,32.244006618031904,31.599126485671263,31.599126485671263,31.611771194148925
2026-02-19 07:54:29,31.599126485671263,31.599126485671263,31.599126485671263,31.599126485671263,31.599126485671263,31.599126485671263
2026-02-19 07:54:59,32.23110901538469,32.23110901538469,32.23110901538469,32.23110901538469,32.23110901538469,32.23110901538469
2026-02-19 07:55:29,32.218216571778534,32.218216571778534,32.218216571778534,32.218216571778534,32.218216571778534,32.218216571778534
2026-02-19 07:55:59,33.50642458826987,33.50642458826987,33.50642458826987,33.50642458826987,33.50642458826987,33.50642458826987
2026-02-19 07:56:29,34.16288245880325,34.16288245880325,34.16288245880325,34.16288245880325,34.16288245880325,34.16288245880325
2026-02-19 07:56:59,34.14921730581974,34.14921730581974,34.14921730581974,34.14921730581974,34.14921730581974,34.14921730581974
2026-02-19 07:57:29,32.79690830050927,32.79690830050927,32.79690830050927,32.79690830050927,32.79690830050927,32.79690830050927
2026-02-19 07:57:59,33.45284646651946,33.45284646651946,33.45284646651946,33.45284646651946,33.45284646651946,33.45284646651946
2026-02-19 07:58:29,32.77067602137419,32.77067602137419,32.77067602137419,32.77067602137419,32.128113746445294,32.77067602137419
2026-02-19 07:58:59,34.09461133263771,34.09461133263771,34.09461133263771,34.09461133263771,34.09461133263771,34.09461133263771
2026-02-19 07:59:29,33.41271910598496,33.41271910598496,33.41271910598496,33.41271910598496,33.41271910598496,33.41271910598496
2026-02-19 07:59:59,32.74446472386526,32.74446472386526,32.74446472386526,32.74446472386526,32.74446472386526,32.74446472386526
2026-02-19 08:00:29,32.731366937975714,32.731366937975714,33.385994276735225,32.731366937975714,32.731366937975714,32.731366937975714
2026-02-19 08:00:59,34.053714162269934,34.053714162269934,34.053714162269934,34.053714162269934,34.053714162269934,34.053714162269934
2026-02-19 08:01:29,34.04009267660502,34.04009267660502,33.37263987902453,33.37263987902453,34.04009267660502,34.04009267660502
2026-02-19 08:01:59,33.359290823072925,33.359290823072925,33.359290823072925,33.359290823072925,33.359290823072925,33.359290823072925
2026-02-19 08:02:29,32.69210500661146,32.69210500661146,32.69210500661146,32.69210500661146,32.69210500661146,32.69210500661146
2026-02-19 08:02:59,32.03826290647923,32.03826290647923,32.69210500661146,32.03826290647923,32.03826290647923,32.03826290647923
2026-02-19 08:03:29,32.02544760131665,32.02544760131665,32.02544760131665,32.02544760131665,32.02544760131665,32.02544760131665
2026-02-19 08:03:59,32.02544760131665,32.02544760131665,32.02544760131665,32.02544760131665,32.02544760131665,32.02544760131665
2026-02-19 08:04:29,32.01263742227612,32.01263742227612,32.01263742227612,32.01263742227612,32.01263742227612,32.01263742227612
2026-02-19 08:04:59,31.359835719961065,31.359835719961065,31.359835719961065,31.359835719961065,31.359835719961065,31.359835719961065
2026-02-19 08:05:29,31.34729178567308,31.974237621386543,31.974237621386543,31.34729178567308,31.34729178567308,31.34729178567308
2026-02-19 08:05:59,32.61372237381427,32.61372237381427,32.61372237381427,32.61372237381427,32.61372237381427,32.61372237381427
2026-02-19 08:06:29,32.60067688486475,32.60067688486475,32.60067688486475,32.60067688486475,32.60067688486475,32.60067688486475
2026-02-19 08:06:59,32.5876366141108,32.5876366141108,32.5876366141108,32.5876366141108,32.5876366141108,32.5876366141108
2026-02-19 08:07:29,33.23938934639302,33.23938934639302,33.23938934639302,33.23938934639302,33.23938934639302,33.23938934639302
2026-02-19 08:07:59,32.57460155946516,32.57460155946516,32.57460155946516,32.57460155946516,32.57460155946516,32.57460155946516
2026-02-19 08:08:29,31.92310952827585,31.92310952827585,31.92310952827585,31.92310952827585,31.92310952827585,31.92310952827585
2026-02-19 08:08:59,30.04577530313701,30.04577530313701,30.04577530313701,30.04577530313701,30.04577530313701,30.04577530313701
2026-02-19 08:09:29,30.646690809199747,30.646690809199747,30.646690809199747,30.646690809199747,30.646690809199747,30.646690809199747
2026-02-19 08:09:59,31.234621927223376,31.234621927223376,31.234621927223376,31.234621927223376,31.234621927223376,31.234621927223376
2026-02-19 08:10:29,31.846570640021536,31.22212807845249,31.22212807845249,31.22212807845249,31.22212807845249,31.22212807845249
2026-02-19 08:10:59,31.833832011765526,31.846570640021536,32.48350205282196,32.48350205282196,32.48350205282196,31.846570640021536
2026-02-19 08:11:29,31.82109847896082,31.82109847896082,31.82109847896082,31.82109847896082,31.82109847896082,31.82109847896082
2026-02-19 08:11:59,31.82109847896082,31.82109847896082,31.82109847896082,31.82109847896082,31.82109847896082,31.82109847896082
2026-02-19 08:12:29,31.808370039569237,31.808370039569237,31.808370039569237,31.808370039569237,31.808370039569237,31.808370039569237
2026-02-19 08:12:59,32.44453744036062,32.44453744036062,32.44453744036062,32.44453744036062,32.44453744036062,32.44453744036062
2026-02-19 08:13:29,32.43155962538447,32.43155962538447,32.43155962538447,32.43155962538447,32.43155962538447,32.43155962538447
2026-02-19 08:13:59,32.43155962538447,32.43155962538447,32.43155962538447,32.43155962538447,32.43155962538447,32.43155962538447
2026-02-19 08:14:29,31.14726986421925,31.782928432876787,31.782928432876787,31.782928432876787,31.782928432876787,31.782928432876787
2026-02-19 08:14:59,31.134810956273565,31.134810956273565,31.134810956273565,31.134810956273565,31.134810956273565,31.134810956273565
2026-02-19 08:15:29,31.757507175399034,31.757507175399034,31.757507175399034,31.757507175399034,31.757507175399034,31.757507175399034
2026-02-19 08:15:59,31.757507175399034,31.122357031891056,31.122357031891056,31.122357031891056,31.122357031891056,31.122357031891056
2026-02-19 08:16:29,32.36674837587706,32.36674837587706,32.36674837587706,32.36674837587706,32.36674837587706,32.36674837587706
2026-02-19 08:16:59,32.353801676526714,32.353801676526714,32.353801676526714,32.353801676526714,32.353801676526714,32.353801676526714
2026-02-19 08:17:29,31.706725642996176,31.706725642996176,31.706725642996176,31.706725642996176,31.706725642996176,31.706725642996176
2026-02-19 08:17:59,31.706725642996176,31.706725642996176,31.706725642996176,31.706725642996176,31.706725642996176,31.706725642996176
2026-02-19 08:18:29,31.694042952738975,31.694042952738975,31.694042952738975,31.694042952738975,31.694042952738975,31.694042952738975
2026-02-19 08:18:59,31.68136533555788,31.68136533555788,31.68136533555788,31.68136533555788,31.68136533555788,31.68136533555788
2026-02-19 08:19:29,33.6070701376787,33.6070701376787,33.6070701376787,33.6070701376787,33.6070701376787,33.6070701376787
2026-02-19 08:19:59,36.37737352039905,36.37737352039905,35.664091686665735,36.37737352039905,36.37737352039905,36.37737352039905
2026-02-19 08:20:29,35.64982604999107,35.64982604999107,35.64982604999107,35.64982604999107,35.64982604999107,35.64982604999107
2026-02-19 08:20:59,34.92285479717965,34.22439770123606,34.92285479717965,34.92285479717965,34.92285479717965,34.92285479717965
2026-02-19 08:21:29,36.319204635733314,36.319204635733314,36.319204635733314,36.319204635733314,36.319204635733314,36.319204635733314
2026-02-19 08:21:59,34.880964132158276,34.880964132158276,34.880964132158276,34.880964132158276,34.880964132158276,34.880964132158276
2026-02-19 08:22:29,35.57858341480144,35.57858341480144,35.57858341480144,35.57858341480144,35.57858341480144,35.57858341480144
2026-02-19 08:22:59,35.550126240642946,35.550126240642946,35.550126240642946,35.550126240642946,35.550126240642946,35.550126240642946
2026-02-19 08:23:29,34.83912371583009,34.83912371583009,34.83912371583009,34.83912371583009,34.83912371583009,34.83912371583009
2026-02-19 08:23:59,35.52169182767063,34.82518806634376,35.52169182767063,35.52169182767063,35.52169182767063,35.52169182767063
2026-02-19 08:24:29,35.507483150939564,35.507483150939564,35.507483150939564,35.507483150939564,35.507483150939564,35.507483150939564
2026-02-19 08:24:59,36.21763281395835,35.49328015767919,36.21763281395835,36.21763281395835,35.49328015767919,35.49328015767919
2026-02-19 08:25:29,36.20314576083277,35.47908284561612,36.20314576083277,36.20314576083277,36.20314576083277,36.20314576083277
2026-02-19 08:25:59,34.07411116492972,33.39262894163113,34.07411116492972,34.07411116492972,34.07411116492972,34.07411116492972
2026-02-19 08:26:29,33.39262894163113,33.39262894163113,33.39262894163113,33.39262894163113,33.39262894163113,33.39262894163113
2026-02-19 08:26:59,32.71168645225338,32.71168645225338,32.71168645225338,32.71168645225338,32.71168645225338,32.71168645225338
2026-02-19 08:27:29,32.698601777672486,32.698601777672486,32.698601777672486,32.698601777672486,32.698601777672486,32.698601777672486
2026-02-19 08:27:59,33.35257381322593,33.35257381322593,33.35257381322593,33.35257381322593,33.35257381322593,33.35257381322593
2026-02-19 08:28:29,32.03181189022219,32.03181189022219,32.03181189022219,32.03181189022219,32.03181189022219,32.03181189022219
2026-02-19 08:28:59,30.763352139369392,30.763352139369392,30.763352139369392,30.763352139369392,30.763352139369392,30.763352139369392
2026-02-19 08:29:29,32.64631539711591,32.64631539711591,32.64631539711591,32.64631539711591,32.64631539711591,32.64631539711591
2026-02-19 08:29:59,31.993389089173593,31.993389089173593,31.993389089173593,31.993389089173593,31.993389089173593,31.993389089173593
2026-02-19 08:30:29,31.980591733537924,31.980591733537924,31.980591733537924,31.980591733537924,31.980591733537924,31.980591733537924
2026-02-19 08:30:59,31.967799496844506,31.967799496844506,31.967799496844506,31.967799496844506,31.967799496844506,31.967799496844506
2026-02-19 08:31:29,31.328443506907615,31.328443506907615,31.328443506907615,31.328443506907615,31.328443506907615,31.328443506907615
2026-02-19 08:31:59,31.94223037209495,31.94223037209495,31.94223037209495,31.94223037209495,31.94223037209495,31.94223037209495
2026-02-19 08:32:29,32.568042549545034,32.568042549545034,32.568042549545034,32.568042549545034,32.568042549545034,32.568042549545034
2026-02-19 08:32:59,32.54199332639221,32.54199332639221,32.54199332639221,32.54199332639221,32.54199332639221,32.54199332639221
2026-02-19 08:33:29,35.928990129532146,35.928990129532146,35.928990129532146,35.928990129532146,35.928990129532146,35.928990129532146
2026-02-19 08:33:59,35.19632616281073,35.19632616281073,35.914618533480336,35.914618533480336,35.19632616281073,35.19632616281073
2026-02-19 08:34:29,35.19632616281073,35.19632616281073,35.90025268606694,35.19632616281073,35.19632616281073,35.19632616281073
2026-02-19 08:34:59,35.168174733292666,35.168174733292666,35.168174733292666,35.168174733292666,35.168174733292666,35.168174733292666
2026-02-19 08:35:29,33.77551501385428,33.77551501385428,33.77551501385428,33.77551501385428,33.77551501385428,33.77551501385428
2026-02-19 08:35:59,33.76200480784873,33.76200480784873,33.76200480784873,33.76200480784873,33.76200480784873,33.76200480784873
2026-02-19 08:36:29,33.08676471169176,33.08676471169176,33.08676471169176,33.08676471169176,33.08676471169176,33.08676471169176
2026-02-19 08:36:59,32.42502941745793,32.42502941745793,32.42502941745793,32.42502941745793,32.42502941745793,32.42502941745793
2026-02-19 08:37:29,31.140998252526593,31.140998252526593,31.140998252526593,31.140998252526593,31.140998252526593,31.140998252526593
2026-02-19 08:37:59,31.116090436484292,31.116090436484292,31.116090436484292,31.116090436484292,31.116090436484292,31.116090436484292
2026-02-19 08:38:29,30.49376862775461,30.49376862775461,30.49376862775461,30.49376862775461,30.49376862775461,30.49376862775461
2026-02-19 08:38:59,29.883893255199517,29.883893255199517,29.883893255199517,29.883893255199517,29.883893255199517,29.883893255199517
2026-02-19 08:39:29,28.700491082293617,28.700491082293617,28.700491082293617,28.700491082293617,28.700491082293617,28.700491082293617
2026-02-19 08:39:59,28.6890108858607,29.274500903939487,29.274500903939487,29.274500903939487,29.274500903939487,29.274500903939487
2026-02-19 08:40:29,28.11523066814349,28.11523066814349,28.11523066814349,28.11523066814349,28.11523066814349,28.11523066814349
2026-02-19 08:40:59,28.10398457587623,28.10398457587623,28.10398457587623,28.10398457587623,28.10398457587623,28.10398457587623
2026-02-19 08:41:29,28.654597841686797,28.654597841686797,28.654597841686797,28.654597841686797,28.654597841686797,28.654597841686797
2026-02-19 08:41:59,27.508867816849136,27.508867816849136,27.508867816849136,27.508867816849136,27.508867816849136,27.508867816849136
2026-02-19 08:42:29,27.508867816849136,27.508867816849136,27.508867816849136,27.508867816849136,27.508867816849136,27.508867816849136
2026-02-19 08:42:59,27.497864269722395,27.497864269722395,27.497864269722395,27.497864269722395,27.497864269722395,27.497864269722395
2026-02-19 08:43:29,28.0366024264948,28.0366024264948,28.0366024264948,28.0366024264948,28.0366024264948,28.0366024264948
2026-02-19 08:43:59,28.597334475024695,28.597334475024695,28.597334475024695,28.597334475024695,28.597334475024695,28.0366024264948
2026-02-19 08:44:29,28.585895541234684,28.014177630409993,28.585895541234684,28.585895541234684,28.585895541234684,28.585895541234684
2026-02-19 08:44:59,27.45389407780179,27.45389407780179,27.45389407780179,27.45389407780179,27.45389407780179,27.45389407780179
2026-02-19 08:45:29,28.55160618598557,28.55160618598557,28.55160618598557,28.55160618598557,28.55160618598557,28.55160618598557
2026-02-19 08:45:59,29.12263830970528,29.12263830970528,29.12263830970528,29.12263830970528,29.12263830970528,29.12263830970528
2026-02-19 08:46:29,27.969381832640952,28.54018554351117,28.54018554351117,28.54018554351117,28.54018554351117,28.54018554351117
2026-02-19 08:46:59,28.505951018321447,28.505951018321447,28.505951018321447,28.505951018321447,28.505951018321447,28.505951018321447
2026-02-19 08:47:29,29.657591439461633,29.657591439461633,29.657591439461633,29.657591439461633,29.657591439461633,29.657591439461633
2026-02-19 08:47:59,29.657591439461633,29.657591439461633,29.657591439461633,29.657591439461633,29.657591439461633,29.657591439461633
2026-02-19 08:48:29,29.0644396106724,29.0644396106724,29.657591439461633,29.0644396106724,29.0644396106724,29.0644396106724
2026-02-19 08:48:59,27.913487802089776,27.913487802089776,27.913487802089776,27.913487802089776,27.913487802089776,27.913487802089776
2026-02-19 08:49:29,27.913487802089776,27.913487802089776,27.913487802089776,27.913487802089776,27.913487802089776,27.913487802089776
2026-02-19 08:49:59,27.89116147800615,27.89116147800615,27.89116147800615,27.89116147800615,27.89116147800615,27.89116147800615
2026-02-19 08:50:29,27.880005013414948,27.880005013414948,27.880005013414948,27.880005013414948,27.880005013414948,27.880005013414948
2026-02-19 08:50:59,27.868853011409584,27.868853011409584,27.868853011409584,27.868853011409584,27.868853011409584,27.868853011409584
2026-02-19 08:51:29,28.426230071637775,27.85770547020502,27.85770547020502,27.85770547020502,27.85770547020502,27.85770547020502
2026-02-19 08:51:59,28.994754673070528,28.994754673070528,28.994754673070528,28.994754673070528,28.994754673070528,28.994754673070528
2026-02-19 08:52:29,27.846562388016935,27.846562388016935,28.403493635777277,27.846562388016935,27.846562388016935,27.846562388016935
2026-02-19 08:52:59,30.74485496772065,30.74485496772065,30.74485496772065,30.74485496772065,30.74485496772065,30.74485496772065
2026-02-19 08:53:29,30.73255702573356,30.73255702573356,30.73255702573356,30.73255702573356,30.73255702573356,30.73255702573356
2026-02-19 08:53:59,30.11790588521889,30.11790588521889,30.11790588521889,30.11790588521889,30.11790588521889,30.11790588521889
2026-02-19 08:54:29,29.515547767514512,29.515547767514512,29.515547767514512,29.515547767514512,29.515547767514512,29.515547767514512
2026-02-19 08:54:59,28.92523681216422,28.92523681216422,28.92523681216422,28.92523681216422,28.92523681216422,28.92523681216422
2026-02-19 08:55:29,27.77979743440252,27.77979743440252,27.77979743440252,27.77979743440252,27.77979743440252,27.77979743440252
2026-02-19 08:55:59,27.224201485714467,27.224201485714467,27.224201485714467,27.224201485714467,27.224201485714467,27.224201485714467
2026-02-19 08:56:29,27.213311805120185,27.757578041222583,27.213311805120185,27.213311805120185,27.213311805120185,27.213311805120185
2026-02-19 08:56:59,28.301404510206215,28.301404510206215,28.301404510206215,28.301404510206215,28.301404510206215,28.301404510206215
2026-02-19 08:57:29,27.72428226943409,27.72428226943409,27.72428226943409,27.72428226943409,27.180668891602053,27.72428226943409
2026-02-19 08:57:59,28.278767914822776,28.278767914822776,28.278767914822776,28.278767914822776,28.278767914822776,28.278767914822776
2026-02-19 08:58:29,27.71319255652632,27.71319255652632,27.71319255652632,27.71319255652632,27.71319255652632,27.71319255652632
2026-02-19 08:58:59,29.397697861867567,29.397697861867567,29.397697861867567,29.397697861867567,29.397697861867567,29.397697861867567
2026-02-19 08:59:29,32.45743386756167,32.45743386756167,32.45743386756167,32.45743386756167,32.45743386756167,32.45743386756167
2026-02-19 08:59:59,32.44445089401464,32.44445089401464,32.44445089401464,32.44445089401464,32.44445089401464,32.44445089401464
2026-02-19 09:00:29,31.159650638611662,31.159650638611662,31.159650638611662,31.159650638611662,31.159650638611662,31.159650638611662
2026-02-19 09:00:59,31.782843651383896,31.782843651383896,31.782843651383896,31.782843651383896,31.782843651383896,31.782843651383896
2026-02-19 09:01:29,31.14718677835622,31.14718677835622,31.770130513923345,31.770130513923345,31.770130513923345,31.770130513923345
2026-02-19 09:01:59,31.770130513923345,31.770130513923345,31.770130513923345,31.770130513923345,31.770130513923345,31.770130513923345
2026-02-19 09:02:29,31.757422461717773,31.757422461717773,31.757422461717773,31.757422461717773,31.757422461717773,31.757422461717773
2026-02-19 09:02:59,31.73202160493599,31.73202160493599,31.109825102878425,31.73202160493599,31.73202160493599,31.73202160493599
2026-02-19 09:03:29,33.01399527777541,33.01399527777541,32.366662037034715,32.366662037034715,33.01399527777541,33.01399527777541
2026-02-19 09:03:59,33.66080547325758,33.000789679664294,33.66080547325758,33.66080547325758,33.66080547325758,33.66080547325758
2026-02-19 09:04:29,32.97439432804691,33.63388221460785,32.97439432804691,32.97439432804691,32.97439432804691,32.97439432804691
2026-02-19 09:04:59,33.63388221460785,33.63388221460785,33.63388221460785,33.63388221460785,33.63388221460785,33.63388221460785
2026-02-19 09:05:29,33.63388221460785,33.63388221460785,33.63388221460785,33.63388221460785,33.63388221460785,33.63388221460785
2026-02-19 09:05:59,32.30198047890938,32.30198047890938,32.30198047890938,32.30198047890938,32.30198047890938,32.30198047890938
2026-02-19 09:06:29,31.64327849298346,31.64327849298346,31.64327849298346,32.93484088045217,31.64327849298346,31.64327849298346
2026-02-19 09:06:59,33.59353769806122,33.59353769806122,33.59353769806122,33.59353769806122,33.59353769806122,33.59353769806122
2026-02-19 09:07:29,33.59353769806122,33.59353769806122,33.59353769806122,33.59353769806122,33.59353769806122,33.59353769806122
2026-02-19 09:07:59,32.92166694409999,32.92166694409999,32.92166694409999,32.92166694409999,32.92166694409999,32.92166694409999
2026-02-19 09:08:29,33.5666682428688,33.5666682428688,33.5666682428688,33.5666682428688,33.5666682428688,33.5666682428688
2026-02-19 09:08:59,33.55324157557165,33.55324157557165,33.55324157557165,33.55324157557165,33.55324157557165,33.55324157557165
2026-02-19 09:09:29,33.55324157557165,33.55324157557165,33.55324157557165,33.55324157557165,33.55324157557165,33.55324157557165
2026-02-19 09:09:59,32.88217674406022,33.55324157557165,33.55324157557165,33.55324157557165,33.55324157557165,33.55324157557165
2026-02-19 09:10:29,31.580042544995433,31.580042544995433,31.580042544995433,31.580042544995433,31.580042544995433,31.580042544995433
2026-02-19 09:10:59,31.567410527977437,32.21164339589534,31.567410527977437,30.93606231741789,30.93606231741789,32.21164339589534
2026-02-19 09:11:29,32.18587923504157,32.18587923504157,32.18587923504157,32.18587923504157,32.18587923504157,32.18587923504157
2026-02-19 09:11:59,31.542161650340734,31.542161650340734,31.542161650340734,31.542161650340734,31.542161650340734,31.542161650340734
2026-02-19 09:12:29,30.911318417333923,30.911318417333923,30.911318417333923,30.911318417333923,30.911318417333923,30.911318417333923
2026-02-19 09:12:59,30.293092048987244,30.293092048987244,30.293092048987244,30.293092048987244,30.293092048987244,30.293092048987244
2026-02-19 09:13:29,29.093485603847352,29.093485603847352,29.093485603847352,29.093485603847352,29.093485603847352,29.093485603847352
2026-02-19 09:13:59,29.093485603847352,29.093485603847352,29.093485603847352,29.093485603847352,29.093485603847352,29.093485603847352
2026-02-19 09:14:29,28.511615891770404,28.511615891770404,28.511615891770404,28.511615891770404,29.093485603847352,28.511615891770404
2026-02-19 09:14:59,28.488811160915528,29.07021547032197,28.488811160915528,28.488811160915528,28.488811160915528,28.488811160915528
2026-02-19 09:15:29,29.05858738413384,29.05858738413384,29.05858738413384,29.05858738413384,29.05858738413384,29.05858738413384
2026-02-19 09:15:59,29.639759131816515,29.639759131816515,29.639759131816515,29.639759131816515,29.639759131816515,29.639759131816515
2026-02-19 09:16:29,29.046963949180185,29.046963949180185,29.046963949180185,29.046963949180185,29.046963949180185,29.046963949180185
2026-02-19 09:16:59,31.428791381781657,31.428791381781657,31.428791381781657,31.428791381781657,31.428791381781657,31.428791381781657
2026-02-19 09:17:29,31.416219865228943,31.416219865228943,32.04454426253352,31.416219865228943,31.416219865228943,31.416219865228943
2026-02-19 09:17:59,31.403653377282847,31.403653377282847,31.403653377282847,31.403653377282847,31.403653377282847,31.403653377282847
2026-02-19 09:18:29,30.77558030973719,30.77558030973719,30.77558030973719,30.77558030973719,30.77558030973719,30.77558030973719
2026-02-19 09:18:59,30.77558030973719,30.77558030973719,30.77558030973719,30.77558030973719,30.77558030973719,30.77558030973719
2026-02-19 09:19:29,30.7632700776133,30.7632700776133,30.7632700776133,30.7632700776133,30.7632700776133,30.7632700776133
2026-02-19 09:19:59,31.378535479165564,31.378535479165564,31.378535479165564,31.378535479165564,31.378535479165564,31.378535479165564
2026-02-19 09:20:29,29.533226564706798,29.533226564706798,29.533226564706798,29.533226564706798,29.533226564706798,29.533226564706798
2026-02-19 09:20:59,30.123891096000932,30.123891096000932,30.123891096000932,30.123891096000932,30.123891096000932,30.123891096000932
2026-02-19 09:21:29,30.71407837035378,30.71407837035378,30.71407837035378,30.71407837035378,30.71407837035378,30.71407837035378
2026-02-19 09:21:59,30.099796802946702,30.099796802946702,30.099796802946702,30.099796802946702,30.099796802946702,30.099796802946702
2026-02-19 09:22:29,28.907844849550017,28.907844849550017,29.486001746541017,28.907844849550017,28.907844849550017,28.907844849550017
2026-02-19 09:22:59,30.063691492759247,30.67723621710127,30.67723621710127,30.063691492759247,30.063691492759247,30.063691492759247
2026-02-19 09:23:29,29.462417662904063,29.462417662904063,29.462417662904063,29.462417662904063,29.462417662904063,29.462417662904063
2026-02-19 09:23:59,28.861620041922123,28.861620041922123,28.861620041922123,28.861620041922123,28.861620041922123,28.861620041922123
2026-02-19 09:24:29,28.850075393905357,28.850075393905357,28.850075393905357,28.850075393905357,28.850075393905357,28.850075393905357
2026-02-19 09:24:59,30.603684436292067,30.603684436292067,30.603684436292067,30.603684436292067,30.603684436292067,30.603684436292067
2026-02-19 09:25:29,32.47687475326863,33.126412248334006,33.126412248334006,33.126412248334006,32.47687475326863,33.126412248334006
2026-02-19 09:25:59,34.464719303166696,34.464719303166696,33.788940493300686,33.788940493300686,34.464719303166696,34.464719303166696
2026-02-19 09:26:29,33.775424917103365,33.775424917103365,33.775424917103365,33.775424917103365,33.775424917103365,33.775424917103365
2026-02-19 09:26:59,34.450933415445434,34.450933415445434,33.76191474713652,34.450933415445434,34.450933415445434,34.450933415445434
2026-02-19 09:27:29,32.424942923149914,32.424942923149914,32.424942923149914,32.424942923149914,32.424942923149914,32.424942923149914
2026-02-19 09:27:59,31.77644406468692,31.77644406468692,31.77644406468692,31.77644406468692,31.77644406468692,31.77644406468692
2026-02-19 09:28:29,33.04698831993831,33.04698831993831,33.04698831993831,33.04698831993831,33.04698831993831,33.04698831993831
2026-02-19 09:28:59,33.033769524610335,33.033769524610335,33.033769524610335,33.033769524610335,33.033769524610335,33.033769524610335
2026-02-19 09:29:29,33.02055601680049,33.02055601680049,33.02055601680049,33.02055601680049,33.02055601680049,33.02055601680049
2026-02-19 09:29:59,33.66749475028164,33.66749475028164,33.66749475028164,33.66749475028164,33.66749475028164,33.66749475028164
2026-02-19 09:30:29,32.99414485527601,33.66749475028164,33.66749475028164,33.66749475028164,33.66749475028164,33.66749475028164
2026-02-19 09:30:59,33.64056614128058,33.64056614128058,33.64056614128058,33.64056614128058,33.64056614128058,33.64056614128058
2026-02-19 09:31:29,33.64056614128058,33.64056614128058,33.64056614128058,33.64056614128058,33.64056614128058,33.64056614128058
2026-02-19 09:31:59,31.66223172764415,31.66223172764415,31.66223172764415,31.66223172764415,31.66223172764415,31.66223172764415
2026-02-19 09:32:29,31.649566834953095,31.649566834953095,31.649566834953095,31.649566834953095,31.649566834953095,31.649566834953095
2026-02-19 09:32:59,31.63690700821911,32.282558171652155,32.282558171652155,32.282558171652155,32.282558171652155,32.282558171652155
2026-02-19 09:33:29,30.991767200507507,31.624252245415825,30.991767200507507,31.624252245415825,30.991767200507507,30.991767200507507
2026-02-19 09:33:59,30.37193185649736,30.37193185649736,30.37193185649736,30.37193185649736,30.37193185649736,30.37193185649736
2026-02-19 09:34:29,29.764493219367413,29.764493219367413,29.764493219367413,29.764493219367413,29.764493219367413,29.764493219367413
2026-02-19 09:34:59,30.335500114853048,30.335500114853048,30.335500114853048,30.335500114853048,30.335500114853048,30.335500114853048
2026-02-19 09:35:29,30.335500114853048,30.335500114853048,30.335500114853048,30.335500114853048,30.335500114853048,30.335500114853048
2026-02-19 09:35:59,30.335500114853048,30.335500114853048,30.335500114853048,30.335500114853048,30.335500114853048,30.335500114853048
2026-02-19 09:36:29,30.32336591480711,30.32336591480711,30.32336591480711,30.32336591480711,30.32336591480711,30.32336591480711
2026-02-19 09:36:59,30.92983323310325,30.32336591480711,30.32336591480711,30.32336591480711,30.32336591480711,30.32336591480711
2026-02-19 09:37:29,30.311236568441185,30.311236568441185,30.311236568441185,30.311236568441185,30.311236568441185,30.311236568441185
2026-02-19 09:37:59,30.29911207381381,30.29911207381381,30.29911207381381,30.29911207381381,30.29911207381381,30.29911207381381
2026-02-19 09:38:29,30.89273227756397,30.89273227756397,30.89273227756397,30.89273227756397,30.89273227756397,30.89273227756397
2026-02-19 09:38:59,30.89273227756397,30.89273227756397,30.89273227756397,30.89273227756397,30.89273227756397,30.89273227756397
2026-02-19 09:39:29,30.880375184652944,30.880375184652944,30.880375184652944,30.880375184652944,30.880375184652944,30.880375184652944
2026-02-19 09:39:59,30.262767680959882,30.262767680959882,30.262767680959882,30.262767680959882,30.262767680959882,30.262767680959882
2026-02-19 09:40:29,29.645649322409753,29.645649322409753,29.645649322409753,29.645649322409753,29.645649322409753,29.645649322409753
2026-02-19 09:40:59,31.460200226135804,31.460200226135804,31.460200226135804,31.460200226135804,31.460200226135804,31.460200226135804
2026-02-19 09:41:29,31.447616146045352,30.830996221613088,30.830996221613088,30.830996221613088,31.447616146045352,31.447616146045352
2026-02-19 09:41:59,33.37246183511249,33.37246183511249,33.37246183511249,33.37246183511249,33.37246183511249,33.37246183511249
2026-02-19 09:42:29,33.359112850378445,33.359112850378445,33.359112850378445,33.359112850378445,33.359112850378445,33.359112850378445
2026-02-19 09:42:59,32.03809198150346,32.025276744710865,32.03809198150346,32.03809198150346,32.03809198150346,32.03809198150346
2026-02-19 09:43:29,32.66578227960508,32.01246663401297,32.01246663401297,32.66578227960508,32.01246663401297,32.66578227960508
2026-02-19 09:43:59,31.37221730133272,31.37221730133272,31.37221730133272,31.37221730133272,31.37221730133272,31.37221730133272
2026-02-19 09:44:29,31.359668414412184,31.359668414412184,31.359668414412184,30.744772955306065,31.359668414412184,31.359668414412184
2026-02-19 09:44:59,30.117825545201462,30.117825545201462,30.117825545201462,30.117825545201462,30.117825545201462,30.117825545201462
2026-02-19 09:45:29,31.32205186294871,31.32205186294871,31.32205186294871,31.32205186294871,31.32205186294871,31.32205186294871
2026-02-19 09:45:59,31.309523042203537,31.309523042203537,31.309523042203537,31.309523042203537,31.94849290020769,31.309523042203537
2026-02-19 09:46:29,30.67105924832692,31.284480433293457,31.284480433293457,30.67105924832692,31.284480433293457,31.284480433293457
2026-02-19 09:46:59,31.897405973942544,31.27196664112014,31.27196664112014,31.27196664112014,31.897405973942544,31.897405973942544
2026-02-19 09:47:29,32.53535409342139,32.53535409342139,32.53535409342139,32.53535409342139,32.53535409342139,32.53535409342139
2026-02-19 09:47:59,32.50933101580331,32.50933101580331,32.50933101580331,32.50933101580331,32.50933101580331,32.50933101580331
2026-02-19 09:48:29,33.82270798884176,33.82270798884176,33.146253829064925,33.82270798884176,33.82270798884176,33.82270798884176
2026-02-19 09:48:59,33.146253829064925,33.146253829064925,33.146253829064925,33.146253829064925,33.146253829064925,33.146253829064925
2026-02-19 09:49:29,33.795655234083966,33.795655234083966,33.795655234083966,33.795655234083966,33.795655234083966,33.795655234083966
2026-02-19 09:49:59,34.45777971143014,34.45777971143014,33.78213697199033,34.45777971143014,34.45777971143014,34.45777971143014
2026-02-19 09:50:29,33.76862411720154,33.76862411720154,33.76862411720154,33.76862411720154,33.76862411720154,33.76862411720154
2026-02-19 09:50:59,33.75511666755465,33.75511666755465,33.75511666755465,33.75511666755465,33.75511666755465,33.75511666755465
2026-02-19 09:51:29,33.08001433420356,33.08001433420356,33.08001433420356,33.08001433420356,33.08001433420356,33.08001433420356
2026-02-19 09:51:59,32.4184140475195,32.4184140475195,32.4184140475195,32.4184140475195,32.4184140475195,32.4184140475195
2026-02-19 09:52:29,32.405446681900486,32.405446681900486,32.405446681900486,32.405446681900486,32.405446681900486,32.405446681900486
2026-02-19 09:52:59,33.701140877158124,33.701140877158124,33.701140877158124,33.701140877158124,33.701140877158124,33.701140877158124
2026-02-19 09:53:29,33.68766042080726,33.68766042080726,33.68766042080726,33.68766042080726,33.68766042080726,33.68766042080726
2026-02-19 09:53:59,34.36141362922341,34.36141362922341,34.36141362922341,34.36141362922341,34.36141362922341,34.36141362922341
2026-02-19 09:54:29,33.67418535663894,34.36141362922341,34.36141362922341,34.36141362922341,34.36141362922341,34.36141362922341
2026-02-19 09:54:59,34.33392999614621,34.33392999614621,34.33392999614621,34.33392999614621,34.33392999614621,34.33392999614621
2026-02-19 09:55:29,33.64725139622329,33.64725139622329,33.64725139622329,33.64725139622329,33.64725139622329,33.64725139622329
2026-02-19 09:55:59,33.62033897866653,34.29274575823986,33.62033897866653,33.62033897866653,33.62033897866653,33.62033897866653
2026-02-19 09:56:29,34.97860067340466,34.97860067340466,34.97860067340466,34.97860067340466,34.97860067340466,34.97860067340466
2026-02-19 09:56:59,37.10472303507704,37.10472303507704,36.37717944615396,37.10472303507704,37.10472303507704,37.10472303507704
2026-02-19 09:57:29,35.64963585723088,35.64963585723088,35.64963585723088,35.64963585723088,35.64963585723088,35.64963585723088
2026-02-19 09:57:59,35.64963585723088,35.64963585723088,35.64963585723088,35.64963585723088,35.64963585723088,35.64963585723088
2026-02-19 09:58:29,36.362628574375506,36.362628574375506,36.362628574375506,36.362628574375506,36.362628574375506,36.362628574375506
2026-02-19 09:58:59,34.92266848283023,34.92266848283023,34.92266848283023,34.92266848283023,34.92266848283023,34.92266848283023
2026-02-19 09:59:29,34.22421511317363,34.22421511317363,34.22421511317363,34.22421511317363,34.22421511317363,34.22421511317363
2026-02-19 09:59:59,33.53973081091016,33.53973081091016,33.53973081091016,33.53973081091016,33.53973081091016,33.53973081091016
2026-02-19 10:00:29,33.52631491858579,33.52631491858579,33.52631491858579,33.52631491858579,33.52631491858579,33.52631491858579
2026-02-19 10:00:59,34.18316248047073,33.51290439261835,33.51290439261835,33.51290439261835,34.18316248047073,33.51290439261835
2026-02-19 10:01:29,34.169489215478535,34.169489215478535,34.169489215478535,34.169489215478535,34.169489215478535,34.169489215478535
2026-02-19 10:01:59,35.535716605151954,35.535716605151954,35.535716605151954,35.535716605151954,35.535716605151954,35.535716605151954
2026-02-19 10:02:29,34.82500227304891,34.82500227304891,34.82500227304891,34.82500227304891,34.82500227304891,34.82500227304891
2026-02-19 10:02:59,34.79714784323084,34.79714784323084,34.79714784323084,34.79714784323084,34.79714784323084,34.79714784323084
2026-02-19 10:03:29,34.78322898409355,34.78322898409355,34.78322898409355,34.78322898409355,34.78322898409355,34.78322898409355
2026-02-19 10:03:59,34.76931569249991,34.76931569249991,34.76931569249991,34.76931569249991,34.76931569249991,34.76931569249991
2026-02-19 10:04:29,34.76931569249991,34.76931569249991,34.76931569249991,34.76931569249991,34.76931569249991,34.76931569249991
2026-02-19 10:04:59,33.39245079107691,33.39245079107691,33.39245079107691,34.073929378649915,33.39245079107691,33.39245079107691
2026-02-19 10:05:29,34.74150580303642,34.74150580303642,34.74150580303642,34.74150580303642,34.74150580303642,34.74150580303642
2026-02-19 10:05:59,35.422161384729506,35.422161384729506,35.422161384729506,35.422161384729506,35.422161384729506,35.422161384729506
2026-02-19 10:06:29,36.11615237057913,36.11615237057913,36.11615237057913,36.11615237057913,36.11615237057913,36.11615237057913
2026-02-19 10:06:59,36.838475417990715,36.838475417990715,36.838475417990715,36.838475417990715,36.838475417990715,36.838475417990715
2026-02-19 10:07:29,36.101705909630894,36.101705909630894,36.101705909630894,36.101705909630894,36.101705909630894,36.101705909630894
2026-02-19 10:07:59,35.37967179143828,35.37967179143828,35.37967179143828,35.37967179143828,35.37967179143828,35.37967179143828
2026-02-19 10:08:29,36.072830321176134,36.072830321176134,36.072830321176134,36.072830321176134,36.072830321176134,36.072830321176134
2026-02-19 10:08:59,35.35137371475262,35.35137371475262,35.35137371475262,35.35137371475262,35.35137371475262,35.35137371475262
2026-02-19 10:09:29,34.63048850196138,34.63048850196138,33.951459315648414,34.63048850196138,34.63048850196138,34.63048850196138
2026-02-19 10:09:59,35.308969032691806,35.308969032691806,35.308969032691806,35.308969032691806,35.308969032691806,35.308969032691806
2026-02-19 10:10:29,34.60278965203797,34.60278965203797,34.60278965203797,34.60278965203797,34.60278965203797,34.60278965203797
2026-02-19 10:10:59,33.23251918181727,33.23251918181727,33.23251918181727,33.23251918181727,33.23251918181727,33.23251918181727
2026-02-19 10:11:29,32.567868798180925,32.567868798180925,32.567868798180925,32.567868798180925,32.567868798180925,32.567868798180925
2026-02-19 10:11:59,33.870057253348385,33.205938483674885,33.205938483674885,33.205938483674885,33.205938483674885,33.205938483674885
2026-02-19 10:12:29,33.870057253348385,33.870057253348385,33.870057253348385,33.870057253348385,33.870057253348385,33.870057253348385
2026-02-19 10:12:59,34.54745839841535,34.54745839841535,34.54745839841535,34.54745839841535,34.54745839841535,34.54745839841535
2026-02-19 10:13:29,33.856509230447045,33.856509230447045,33.856509230447045,33.856509230447045,33.856509230447045,33.856509230447045
2026-02-19 10:13:59,32.51579146492134,32.51579146492134,32.51579146492134,32.51579146492134,32.51579146492134,32.51579146492134
2026-02-19 10:14:29,32.50278514833537,32.50278514833537,32.50278514833537,32.50278514833537,32.50278514833537,32.50278514833537
2026-02-19 10:14:59,33.15284085130208,33.15284085130208,33.15284085130208,33.15284085130208,33.15284085130208,33.15284085130208
2026-02-19 10:15:29,33.78885036073709,33.12632388307558,33.12632388307558,33.12632388307558,33.12632388307558,33.12632388307558
2026-02-19 10:15:59,35.153919915310865,35.153919915310865,35.153919915310865,35.153919915310865,35.153919915310865,35.153919915310865
2026-02-19 10:16:29,34.45084151700465,34.45084151700465,34.45084151700465,34.45084151700465,34.45084151700465,34.45084151700465
2026-02-19 10:16:59,33.76182468666455,33.76182468666455,33.76182468666455,33.76182468666455,33.76182468666455,33.76182468666455
2026-02-19 10:17:29,33.086588192931266,33.086588192931266,33.086588192931266,33.086588192931266,33.086588192931266,33.086588192931266
2026-02-19 10:17:59,31.140832114481363,31.776359300491183,31.140832114481363,31.140832114481363,31.776359300491183,31.776359300491183
2026-02-19 10:18:29,31.140832114481363,31.140832114481363,31.140832114481363,31.140832114481363,31.140832114481363,31.140832114481363
2026-02-19 10:18:59,30.50580826600286,30.50580826600286,30.50580826600286,30.50580826600286,30.50580826600286,30.50580826600286
2026-02-19 10:19:29,31.115924431322917,31.115924431322917,31.115924431322917,31.115924431322917,31.115924431322917,31.115924431322917
2026-02-19 10:19:59,31.115924431322917,30.49360594269646,30.49360594269646,30.49360594269646,30.49360594269646,30.49360594269646
2026-02-19 10:20:29,30.49360594269646,30.49360594269646,30.49360594269646,30.49360594269646,30.49360594269646,30.49360594269646
2026-02-19 10:20:59,30.49360594269646,30.49360594269646,30.49360594269646,29.88373382384253,30.49360594269646,30.49360594269646
2026-02-19 10:21:29,28.700337964418367,28.700337964418367,28.700337964418367,28.700337964418367,28.700337964418367,28.700337964418367
2026-02-19 10:21:59,29.274344723706736,29.274344723706736,29.274344723706736,29.274344723706736,29.274344723706736,29.274344723706736
2026-02-19 10:22:29,28.6888578292326,28.6888578292326,28.6888578292326,28.6888578292326,28.6888578292326,28.6888578292326
2026-02-19 10:22:59,28.677382286100908,28.677382286100908,28.677382286100908,28.677382286100908,28.677382286100908,28.677382286100908
2026-02-19 10:23:29,28.092593106522735,28.092593106522735,28.092593106522735,28.092593106522735,28.092593106522735,28.092593106522735
2026-02-19 10:23:59,32.26955906856563,32.26955906856563,32.26955906856563,32.26955906856563,32.26955906856563,32.26955906856563
2026-02-19 10:24:29,32.91495024993694,32.91495024993694,32.91495024993694,32.91495024993694,32.91495024993694,32.91495024993694
2026-02-19 10:24:59,32.901784269836966,32.901784269836966,32.901784269836966,32.901784269836966,32.901784269836966,32.901784269836966
2026-02-19 10:25:29,32.243748584440226,32.243748584440226,32.243748584440226,32.243748584440226,32.243748584440226,32.243748584440226
2026-02-19 10:25:59,31.58623406330632,31.58623406330632,31.58623406330632,31.58623406330632,31.58623406330632,31.58623406330632
2026-02-19 10:26:29,30.335419194399392,30.335419194399392,30.335419194399392,30.335419194399392,30.335419194399392,30.335419194399392
2026-02-19 10:26:59,30.32328502672163,30.32328502672163,30.32328502672163,30.32328502672163,30.32328502672163,30.32328502672163
2026-02-19 10:27:29,29.70493259845673,29.70493259845673,29.70493259845673,29.70493259845673,29.70493259845673,29.70493259845673
2026-02-19 10:27:59,30.29903125042586,30.29903125042586,30.29903125042586,30.29903125042586,30.29903125042586,30.29903125042586
2026-02-19 10:28:29,30.27479687327052,30.27479687327052,30.27479687327052,30.27479687327052,30.27479687327052,30.27479687327052
2026-02-19 10:28:59,32.12785664028966,32.12785664028966,32.12785664028966,32.12785664028966,32.12785664028966,32.12785664028966
2026-02-19 10:29:29,33.41245171973794,33.41245171973794,33.41245171973794,33.41245171973794,33.41245171973794,33.41245171973794
2026-02-19 10:29:59,34.08070075413269,34.08070075413269,34.08070075413269,34.08070075413269,34.08070075413269,34.08070075413269
2026-02-19 10:30:29,34.08070075413269,34.08070075413269,34.08070075413269,34.08070075413269,34.08070075413269,34.08070075413269
2026-02-19 10:30:59,33.39908673905004,33.39908673905004,33.39908673905004,33.39908673905004,33.39908673905004,33.39908673905004
2026-02-19 10:31:29,32.73110500426904,32.73110500426904,32.73110500426904,32.73110500426904,32.73110500426904,32.73110500426904
2026-02-19 10:31:59,31.434953246099987,31.434953246099987,31.434953246099987,31.434953246099987,31.434953246099987,31.434953246099987
2026-02-19 10:32:29,31.434953246099987,31.434953246099987,31.434953246099987,31.434953246099987,31.434953246099987,31.434953246099987
2026-02-19 10:32:59,31.40981031309563,31.40981031309563,31.40981031309563,31.40981031309563,31.40981031309563,31.40981031309563
2026-02-19 10:33:29,32.66569514308479,32.66569514308479,32.66569514308479,32.66569514308479,32.66569514308479,32.66569514308479
2026-02-19 10:33:59,32.01238124022309,32.01238124022309,32.01238124022309,32.01238124022309,32.01238124022309,32.01238124022309
2026-02-19 10:34:29,31.372133615418637,31.372133615418637,31.372133615418637,31.372133615418637,31.372133615418637,31.372133615418637
2026-02-19 10:34:59,30.744690943110264,30.744690943110264,30.744690943110264,30.744690943110264,30.744690943110264,30.744690943110264
2026-02-19 10:35:29,30.73239306673302,30.73239306673302,30.73239306673302,30.73239306673302,30.73239306673302,30.73239306673302
2026-02-19 10:35:59,29.503584145169874,29.503584145169874,30.1056981073162,29.503584145169874,29.503584145169874,29.503584145169874
2026-02-19 10:36:29,29.503584145169874,29.503584145169874,29.503584145169874,29.503584145169874,29.503584145169874,29.503584145169874
2026-02-19 10:36:59,29.491782711511807,29.491782711511807,30.081618365742045,29.491782711511807,29.491782711511807,29.491782711511807
2026-02-19 10:37:29,33.21253736680434,33.21253736680434,33.21253736680434,33.21253736680434,33.21253736680434,33.21253736680434
2026-02-19 10:37:59,36.66932493225135,36.66932493225135,36.66932493225135,36.66932493225135,36.66932493225135,36.66932493225135
2026-02-19 10:38:29,36.66932493225135,36.66932493225135,36.66932493225135,36.66932493225135,36.66932493225135,36.66932493225135
2026-02-19 10:38:59,35.935938433606324,35.935938433606324,35.935938433606324,35.935938433606324,35.935938433606324,35.935938433606324
2026-02-19 10:39:29,35.935938433606324,35.935938433606324,35.935938433606324,35.935938433606324,35.935938433606324,35.935938433606324
2026-02-19 10:39:59,34.512875271635515,34.512875271635515,34.512875271635515,34.512875271635515,34.512875271635515,34.512875271635515
2026-02-19 10:40:29,35.20313277706823,35.20313277706823,35.20313277706823,35.20313277706823,35.20313277706823,35.20313277706823
2026-02-19 10:40:59,33.80908871909632,33.80908871909632,33.80908871909632,33.80908871909632,33.80908871909632,33.80908871909632
2026-02-19 10:41:29,32.47024880582011,33.80908871909632,32.47024880582011,32.47024880582011,32.47024880582011,33.80908871909632
2026-02-19 10:41:59,33.10640592042374,32.45726070629778,33.10640592042374,33.10640592042374,33.10640592042374,32.45726070629778
2026-02-19 10:42:29,32.444277802015264,32.444277802015264,32.444277802015264,32.444277802015264,32.444277802015264,32.444277802015264
2026-02-19 10:42:59,33.09316335805557,33.09316335805557,33.09316335805557,32.43130009089445,33.09316335805557,33.09316335805557
2026-02-19 10:43:29,36.52291137023848,36.52291137023848,36.52291137023848,36.52291137023848,36.52291137023848,36.52291137023848
2026-02-19 10:43:59,36.508302205690384,37.25336959764325,37.25336959764325,37.25336959764325,37.25336959764325,37.25336959764325
2026-02-19 10:44:29,36.508302205690384,36.508302205690384,36.508302205690384,36.508302205690384,36.508302205690384,36.508302205690384
2026-02-19 10:44:59,37.20868343335927,37.20868343335927,37.20868343335927,37.20868343335927,37.20868343335927,37.20868343335927
2026-02-19 10:45:29,37.93767595918565,37.93767595918565,37.93767595918565,37.93767595918565,37.93767595918565,37.93767595918565
2026-02-19 10:45:59,37.92250088880197,37.92250088880197,37.92250088880197,37.92250088880197,37.92250088880197,37.92250088880197
2026-02-19 10:46:29,36.42076985360541,36.42076985360541,36.42076985360541,36.42076985360541,36.42076985360541,36.42076985360541
2026-02-19 10:46:59,37.14918525067752,37.14918525067752,37.14918525067752,37.14918525067752,37.14918525067752,37.14918525067752
2026-02-19 10:47:29,37.87701208810879,37.87701208810879,37.87701208810879,37.13432557657725,37.87701208810879,37.87701208810879
2026-02-19 10:47:59,37.10462405760808,37.10462405760808,36.377082409419685,36.377082409419685,37.10462405760808,37.10462405760808
2026-02-19 10:48:29,37.10462405760808,37.10462405760808,37.10462405760808,37.10462405760808,37.10462405760808,37.10462405760808
2026-02-19 10:48:59,35.6352809449268,35.6352809449268,35.6352809449268,35.6352809449268,35.6352809449268,35.6352809449268
2026-02-19 10:49:29,38.572774125423955,38.572774125423955,38.572774125423955,38.572774125423955,38.572774125423955,38.572774125423955
2026-02-19 10:49:59,38.557345015773784,38.557345015773784,38.557345015773784,38.557345015773784,38.557345015773784,38.557345015773784
2026-02-19 10:50:29,37.78619811545831,37.78619811545831,37.78619811545831,37.78619811545831,37.78619811545831,37.78619811545831
2026-02-19 10:50:59,37.771083636212126,37.771083636212126,37.771083636212126,37.771083636212126,37.771083636212126,37.771083636212126
2026-02-19 10:51:29,37.75597520275764,37.75597520275764,37.75597520275764,37.01566196348789,37.75597520275764,37.01566196348789
2026-02-19 10:51:59,38.49569026893007,38.49569026893007,38.49569026893007,38.49569026893007,38.49569026893007,38.49569026893007
2026-02-19 10:52:29,37.72577646355147,37.72577646355147,37.72577646355147,37.72577646355147,37.72577646355147,37.72577646355147
2026-02-19 10:52:59,37.72577646355147,37.72577646355147,37.72577646355147,37.72577646355147,37.72577646355147,37.72577646355147
2026-02-19 10:53:29,36.97126093428044,36.97126093428044,36.97126093428044,36.97126093428044,36.97126093428044,36.97126093428044
2026-02-19 10:53:59,36.23183571559483,36.23183571559483,36.23183571559483,36.23183571559483,36.23183571559483,36.23183571559483
2026-02-19 10:54:29,36.23183571559483,36.23183571559483,36.23183571559483,36.23183571559483,36.23183571559483,36.23183571559483
2026-02-19 10:54:59,36.23183571559483,36.23183571559483,35.507199001282935,36.23183571559483,35.507199001282935,36.23183571559483
2026-02-19 10:55:29,34.79705502125728,34.79705502125728,34.79705502125728,34.79705502125728,34.79705502125728,34.79705502125728
2026-02-19 10:55:59,35.478798923233754,35.478798923233754,35.478798923233754,35.478798923233754,35.478798923233754,35.478798923233754
2026-02-19 10:56:29,36.188374901698424,36.188374901698424,36.188374901698424,36.188374901698424,36.188374901698424,36.188374901698424
2026-02-19 10:56:59,35.46460740366446,35.46460740366446,35.46460740366446,35.46460740366446,35.46460740366446,35.46460740366446
2026-02-19 10:57:29,34.75531525559117,34.75531525559117,34.75531525559117,34.75531525559117,34.75531525559117,34.75531525559117
2026-02-19 10:57:59,33.37900477146976,33.37900477146976,33.37900477146976,33.37900477146976,33.37900477146976,33.37900477146976
2026-02-19 10:58:29,32.69834010616995,32.69834010616995,32.69834010616995,32.69834010616995,32.69834010616995,32.69834010616995
2026-02-19 10:58:59,33.35230690829334,33.35230690829334,33.35230690829334,33.35230690829334,33.35230690829334,33.35230690829334
2026-02-19 10:59:29,32.03155555472493,32.03155555472493,32.03155555472493,32.03155555472493,32.03155555472493,32.03155555472493
2026-02-19 10:59:59,32.67218666581943,32.67218666581943,32.67218666581943,32.67218666581943,32.67218666581943,32.67218666581943
2026-02-19 11:00:29,32.64605414403664,32.64605414403664,32.64605414403664,32.64605414403664,32.64605414403664,32.64605414403664
2026-02-19 11:00:59,33.29897522691737,33.29897522691737,32.64605414403664,33.29897522691737,33.29897522691737,33.29897522691737
2026-02-19 11:01:29,32.63299572237902,32.63299572237902,32.63299572237902,32.63299572237902,32.63299572237902,32.63299572237902
2026-02-19 11:01:59,32.63299572237902,32.63299572237902,32.63299572237902,32.63299572237902,32.63299572237902,32.63299572237902
2026-02-19 11:02:29,31.980335807931443,31.980335807931443,31.980335807931443,31.980335807931443,31.980335807931443,31.980335807931443
2026-02-19 11:02:59,31.340729091772815,31.340729091772815,31.340729091772815,31.340729091772815,31.340729091772815,31.340729091772815
2026-02-19 11:03:29,33.24572882504684,33.24572882504684,33.24572882504684,33.24572882504684,33.24572882504684,33.24572882504684
2026-02-19 11:03:59,33.23243053351682,33.23243053351682,33.23243053351682,33.23243053351682,33.23243053351682,33.23243053351682
2026-02-19 11:04:29,33.20584990627889,33.20584990627889,33.20584990627889,33.20584990627889,33.20584990627889,33.20584990627889
2026-02-19 11:04:59,33.86996690440447,33.86996690440447,33.86996690440447,33.86996690440447,33.86996690440447,33.86996690440447
2026-02-19 11:05:29,33.19256756631638,33.19256756631638,33.19256756631638,33.19256756631638,33.19256756631638,33.19256756631638
2026-02-19 11:05:59,33.17929053928985,33.17929053928985,33.17929053928985,33.17929053928985,33.17929053928985,33.17929053928985
2026-02-19 11:06:29,33.17929053928985,33.17929053928985,32.515704728504055,33.17929053928985,33.17929053928985,33.17929053928985
2026-02-19 11:06:59,31.228082821255295,31.228082821255295,31.228082821255295,31.228082821255295,31.228082821255295,31.228082821255295
2026-02-19 11:07:29,31.83990341988933,31.83990341988933,31.83990341988933,31.83990341988933,31.83990341988933,31.83990341988933
2026-02-19 11:07:59,31.20310535149154,31.20310535149154,31.20310535149154,31.20310535149154,31.20310535149154,31.20310535149154
2026-02-19 11:08:29,30.57904324446171,30.57904324446171,30.57904324446171,30.57904324446171,30.57904324446171,30.57904324446171
2026-02-19 11:08:59,30.57904324446171,30.57904324446171,30.57904324446171,30.57904324446171,30.57904324446171,30.57904324446171
2026-02-19 11:09:29,30.57904324446171,30.57904324446171,30.57904324446171,30.57904324446171,30.57904324446171,30.57904324446171
2026-02-19 11:09:59,29.368113131981026,29.368113131981026,29.368113131981026,29.368113131981026,29.368113131981026,29.368113131981026
2026-02-19 11:10:29,29.95547539462065,29.95547539462065,29.95547539462065,29.95547539462065,29.95547539462065,29.95547539462065
2026-02-19 11:10:59,28.76923856899367,28.76923856899367,28.76923856899367,28.76923856899367,28.76923856899367,28.76923856899367
2026-02-19 11:11:29,28.18257625609475,28.18257625609475,28.18257625609475,28.18257625609475,28.18257625609475,28.18257625609475
2026-02-19 11:11:59,28.18257625609475,28.18257625609475,28.18257625609475,28.18257625609475,28.18257625609475,28.18257625609475
2026-02-19 11:12:29,27.607877161080474,27.607877161080474,27.607877161080474,27.607877161080474,27.607877161080474,27.607877161080474
2026-02-19 11:12:59,27.05571961785886,27.05571961785886,27.05571961785886,27.05571961785886,27.05571961785886,27.05571961785886
2026-02-19 11:13:29,27.034079371079713,27.034079371079713,27.034079371079713,27.034079371079713,27.034079371079713,27.034079371079713
2026-02-19 11:13:59,27.563731054117905,27.563731054117905,27.563731054117905,27.563731054117905,27.563731054117905,27.563731054117905
2026-02-19 11:14:29,28.103759672930185,28.677305788704267,28.677305788704267,28.677305788704267,28.677305788704267,28.677305788704267
2026-02-19 11:14:59,28.66583486638879,28.103759672930185,28.66583486638879,28.66583486638879,28.66583486638879,28.103759672930185
2026-02-19 11:15:29,28.642906785029258,28.642906785029258,28.642906785029258,28.642906785029258,28.642906785029258,28.642906785029258
2026-02-19 11:15:59,31.62408352919783,31.62408352919783,31.62408352919783,31.62408352919783,31.62408352919783,31.62408352919783
2026-02-19 11:16:29,30.991601858613873,30.991601858613873,30.991601858613873,30.991601858613873,30.991601858613873,30.991601858613873
2026-02-19 11:16:59,30.979205217870422,30.979205217870422,30.979205217870422,30.979205217870422,30.979205217870422,30.979205217870422
2026-02-19 11:17:29,29.75242869124276,30.347477265067614,30.347477265067614,30.347477265067614,30.347477265067614,29.75242869124276
2026-02-19 11:17:59,29.74052771976626,30.335338274161582,29.728631508678355,30.335338274161582,29.728631508678355,29.74052771976626
2026-02-19 11:18:29,30.32320413885192,30.32320413885192,30.32320413885192,30.32320413885192,30.32320413885192,30.32320413885192
2026-02-19 11:18:59,30.32320413885192,30.32320413885192,30.32320413885192,30.32320413885192,30.32320413885192,30.32320413885192
2026-02-19 11:19:29,30.31107485719638,30.31107485719638,30.31107485719638,30.31107485719638,30.31107485719638,30.31107485719638
2026-02-19 11:19:59,30.298950427253505,30.298950427253505,30.298950427253505,30.298950427253505,30.298950427253505,30.298950427253505
2026-02-19 11:20:29,29.099111990334265,29.68109423014095,29.099111990334265,29.099111990334265,29.099111990334265,29.099111990334265
2026-02-19 11:20:59,29.68109423014095,29.68109423014095,29.68109423014095,29.68109423014095,29.68109423014095,29.68109423014095
2026-02-19 11:21:29,29.075837356599916,29.075837356599916,29.075837356599916,29.075837356599916,29.075837356599916,29.075837356599916
2026-02-19 11:21:59,28.482922881224127,28.482922881224127,28.482922881224127,28.482922881224127,28.482922881224127,28.482922881224127
2026-02-19 11:22:29,28.482922881224127,28.482922881224127,28.482922881224127,28.482922881224127,28.482922881224127,28.482922881224127
2026-02-19 11:22:59,27.91326442359965,27.91326442359965,27.91326442359965,27.91326442359965,27.91326442359965,27.91326442359965
2026-02-19 11:23:29,27.344057135473605,27.344057135473605,27.344057135473605,27.344057135473605,27.344057135473605,27.344057135473605
2026-02-19 11:23:59,27.333119512619415,27.333119512619415,27.333119512619415,27.333119512619415,27.333119512619415,27.333119512619415
2026-02-19 11:24:29,26.77574253951808,26.77574253951808,26.77574253951808,26.77574253951808,26.77574253951808,26.77574253951808
2026-02-19 11:24:59,26.765032242502272,26.765032242502272,26.765032242502272,26.765032242502272,26.765032242502272,26.765032242502272
2026-02-19 11:25:29,26.21923970501317,26.21923970501317,26.21923970501317,26.21923970501317,26.21923970501317,26.21923970501317
2026-02-19 11:25:59,27.824066928877613,27.824066928877613,27.824066928877613,27.824066928877613,27.824066928877613,27.824066928877613
2026-02-19 11:26:29,27.26758559030006,27.26758559030006,27.26758559030006,27.26758559030006,27.26758559030006,27.26758559030006
2026-02-19 11:26:59,27.25667855606394,27.25667855606394,27.25667855606394,27.25667855606394,27.25667855606394,27.25667855606394
2026-02-19 11:27:29,27.245775884641517,27.245775884641517,27.245775884641517,27.245775884641517,27.245775884641517,27.245775884641517
2026-02-19 11:27:59,27.23487757428766,27.23487757428766,27.23487757428766,27.23487757428766,27.23487757428766,27.23487757428766
2026-02-19 11:28:29,26.15637642234587,26.15637642234587,26.15637642234587,26.15637642234587,26.15637642234587,26.15637642234587
2026-02-19 11:28:59,27.202208792196718,27.74625296804065,26.668832149212466,27.202208792196718,27.202208792196718,27.202208792196718
2026-02-19 11:29:29,28.86720158794949,28.86720158794949,28.86720158794949,28.86720158794949,28.301178027401463,28.86720158794949
2026-02-19 11:29:59,27.724060405066695,27.724060405066695,27.724060405066695,27.724060405066695,27.724060405066695,27.724060405066695
2026-02-19 11:30:29,27.16957919696536,27.16957919696536,27.16957919696536,27.16957919696536,27.16957919696536,27.16957919696536
2026-02-19 11:30:59,27.71297078090467,27.71297078090467,27.71297078090467,27.71297078090467,27.71297078090467,27.71297078090467
2026-02-19 11:31:29,27.158711365286575,27.158711365286575,27.158711365286575,27.158711365286575,27.158711365286575,27.158711365286575
2026-02-19 11:31:59,27.701885592592305,27.701885592592305,27.701885592592305,27.701885592592305,27.701885592592305,27.701885592592305
2026-02-19 11:32:29,27.136988741588166,27.136988741588166,27.136988741588166,27.136988741588166,27.136988741588166,27.136988741588166
2026-02-19 11:32:59,28.797989548483294,28.797989548483294,28.797989548483294,28.797989548483294,28.797989548483294,28.797989548483294
2026-02-19 11:33:29,28.222029757513624,28.222029757513624,28.222029757513624,28.222029757513624,28.222029757513624,28.222029757513624
2026-02-19 11:33:59,28.222029757513624,28.222029757513624,28.222029757513624,28.222029757513624,28.222029757513624,28.222029757513624
2026-02-19 11:34:29,28.21074094561062,28.21074094561062,28.21074094561062,28.21074094561062,28.21074094561062,28.21074094561062
2026-02-19 11:34:59,28.21074094561062,28.21074094561062,28.21074094561062,28.21074094561062,28.21074094561062,28.21074094561062
2026-02-19 11:35:29,27.63546751624773,27.09359560416444,27.63546751624773,27.63546751624773,27.63546751624773,27.09359560416444
2026-02-19 11:35:59,28.188176866572682,28.188176866572682,28.188176866572682,28.188176866572682,28.188176866572682,28.188176866572682
2026-02-19 11:36:29,28.751940403904136,28.751940403904136,28.176901595826056,28.751940403904136,28.751940403904136,28.751940403904136
2026-02-19 11:36:59,27.61336356390953,27.61336356390953,27.61336356390953,27.61336356390953,28.176901595826056,27.61336356390953
2026-02-19 11:37:29,27.050271854114293,26.519874366778716,26.519874366778716,27.591277291196576,27.050271854114293,27.050271854114293
2026-02-19 11:37:59,28.705964893760918,28.705964893760918,28.705964893760918,28.705964893760918,28.705964893760918,28.705964893760918
2026-02-19 11:38:29,29.865685875468856,29.865685875468856,29.865685875468856,29.865685875468856,29.865685875468856,29.865685875468856
2026-02-19 11:38:59,29.256664809096296,29.256664809096296,29.256664809096296,29.256664809096296,29.256664809096296,29.256664809096296
2026-02-19 11:39:29,30.438634067383784,30.438634067383784,30.438634067383784,30.438634067383784,30.438634067383784,30.438634067383784
2026-02-19 11:39:59,30.426458613756832,30.426458613756832,30.426458613756832,31.03498778603197,30.426458613756832,30.426458613756832
2026-02-19 11:40:29,30.41428803031133,30.41428803031133,30.41428803031133,30.41428803031133,30.41428803031133,30.41428803031133
2026-02-19 11:40:59,29.79407986879722,29.79407986879722,29.79407986879722,29.79407986879722,29.79407986879722,29.79407986879722
2026-02-19 11:41:29,28.614234305992852,29.198198271421276,28.614234305992852,28.614234305992852,28.614234305992852,28.614234305992852
2026-02-19 11:41:59,29.18651899211271,29.18651899211271,29.18651899211271,29.18651899211271,29.18651899211271,29.18651899211271
2026-02-19 11:42:29,28.03073284002505,28.03073284002505,28.03073284002505,28.03073284002505,28.03073284002505,28.03073284002505
2026-02-19 11:42:59,28.019520546889037,28.019520546889037,28.019520546889037,28.019520546889037,28.019520546889037,28.019520546889037
2026-02-19 11:43:29,28.019520546889037,28.019520546889037,28.019520546889037,28.019520546889037,28.019520546889037,28.019520546889037
2026-02-19 11:43:59,27.99710941357481,27.99710941357481,27.99710941357481,27.99710941357481,27.99710941357481,27.99710941357481
2026-02-19 11:44:29,27.985910569809384,27.985910569809384,27.985910569809384,27.985910569809384,27.985910569809384,27.985910569809384
2026-02-19 11:44:59,27.985910569809384,27.985910569809384,27.985910569809384,27.985910569809384,27.985910569809384,27.985910569809384
2026-02-19 11:45:29,27.426192358413196,27.426192358413196,27.974716205581455,27.426192358413196,27.974716205581455,27.974716205581455
2026-02-19 11:45:59,27.963526319099223,27.963526319099223,27.963526319099223,29.104894740286948,29.104894740286948,29.104894740286948
2026-02-19 11:46:29,29.68699263509269,29.68699263509269,29.68699263509269,29.68699263509269,29.68699263509269,29.68699263509269
2026-02-19 11:46:59,30.26862019479942,30.26862019479942,30.26862019479942,30.26862019479942,30.26862019479942,30.26862019479942
2026-02-19 11:47:29,29.65138249178707,29.65138249178707,29.65138249178707,29.65138249178707,29.65138249178707,29.65138249178707
2026-02-19 11:47:59,30.849298344455267,30.849298344455267,30.849298344455267,30.849298344455267,30.849298344455267,30.849298344455267
2026-02-19 11:48:29,30.83695862511749,30.83695862511749,30.83695862511749,30.83695862511749,30.83695862511749,30.83695862511749
2026-02-19 11:48:59,31.44111631850079,32.0699386448708,31.44111631850079,31.44111631850079,31.44111631850079,31.44111631850079
2026-02-19 11:49:29,33.36556416612358,33.36556416612358,33.36556416612358,33.36556416612358,33.36556416612358,33.36556416612358
2026-02-19 11:49:59,34.00565459434657,33.338877053280946,32.685173581647994,32.685173581647994,32.685173581647994,32.685173581647994
2026-02-19 11:50:29,36.80881415477248,36.80881415477248,36.80881415477248,36.80881415477248,36.80881415477248,36.80881415477248
2026-02-19 11:50:59,37.54499043786793,37.54499043786793,37.54499043786793,37.54499043786793,37.54499043786793,37.54499043786793
2026-02-19 11:51:29,36.79409062911057,36.79409062911057,36.79409062911057,36.79409062911057,36.79409062911057,36.79409062911057
2026-02-19 11:51:59,36.76466124366178,36.043785533001746,36.77937299285892,36.043785533001746,36.043785533001746,36.043785533001746
2026-02-19 11:52:29,38.24995355790571,38.24995355790571,38.24995355790571,38.24995355790571,38.24995355790571,38.24995355790571
2026-02-19 11:52:59,39.01495262906382,39.01495262906382,39.01495262906382,39.01495262906382,39.01495262906382,39.01495262906382
2026-02-19 11:53:29,37.4699605049529,37.4699605049529,37.4699605049529,37.4699605049529,37.4699605049529,37.4699605049529
2026-02-19 11:53:59,37.4699605049529,37.4699605049529,37.4699605049529,37.4699605049529,37.4699605049529,37.4699605049529
2026-02-19 11:54:29,36.72056129485384,36.72056129485384,36.72056129485384,36.72056129485384,36.72056129485384,36.72056129485384
2026-02-19 11:54:59,35.98615006895677,35.98615006895677,35.98615006895677,35.98615006895677,35.98615006895677,35.98615006895677
2026-02-19 11:55:29,35.26642706757763,35.26642706757763,35.26642706757763,35.26642706757763,35.26642706757763,35.26642706757763
2026-02-19 11:55:59,35.2523204967506,35.2523204967506,35.2523204967506,35.2523204967506,35.2523204967506,35.2523204967506
2026-02-19 11:56:29,35.957366906685614,35.957366906685614,35.957366906685614,35.957366906685614,35.957366906685614,35.957366906685614
2026-02-19 11:56:59,35.2382195685519,35.2382195685519,35.2382195685519,35.2382195685519,35.2382195685519,35.2382195685519
2026-02-19 11:57:29,33.84278607363725,33.84278607363725,33.84278607363725,33.84278607363725,33.84278607363725,33.84278607363725
2026-02-19 11:57:59,35.210034631012185,35.210034631012185,35.210034631012185,35.210034631012185,35.210034631012185,35.210034631012185
2026-02-19 11:58:29,34.49203160481659,34.49203160481659,34.49203160481659,34.49203160481659,34.49203160481659,34.49203160481659
2026-02-19 11:58:59,33.78867009633117,33.78867009633117,33.78867009633117,33.78867009633117,33.78867009633117,33.78867009633117
2026-02-19 11:59:29,37.305422019017136,37.305422019017136,37.305422019017136,38.05153045939748,37.305422019017136,37.305422019017136
2026-02-19 11:59:59,38.05153045939748,38.05153045939748,38.05153045939748,38.05153045939748,38.05153045939748,38.05153045939748
2026-02-19 12:00:29,37.29049985020953,37.29049985020953,37.29049985020953,37.29049985020953,37.29049985020953,37.29049985020953
2026-02-19 12:00:59,37.29049985020953,37.29049985020953,37.29049985020953,37.29049985020953,37.29049985020953,37.29049985020953
2026-02-19 12:01:29,36.54468985320534,36.54468985320534,36.54468985320534,36.54468985320534,36.54468985320534,36.54468985320534
2026-02-19 12:01:59,35.785150749503686,35.785150749503686,35.785150749503686,35.0834811269644,35.785150749503686,35.785150749503686
2026-02-19 12:02:29,37.23087083978364,37.23087083978364,36.50085376449376,36.48625342298797,36.48625342298797,37.23087083978364
2026-02-19 12:02:59,35.75652835452821,35.75652835452821,36.48625342298797,35.75652835452821,36.48625342298797,35.75652835452821
2026-02-19 12:03:29,35.75652835452821,35.75652835452821,35.75652835452821,35.75652835452821,35.75652835452821,35.75652835452821
2026-02-19 12:03:59,35.742225743186395,35.742225743186395,35.742225743186395,35.742225743186395,35.742225743186395,35.742225743186395
2026-02-19 12:04:29,35.02738122832267,35.02738122832267,35.02738122832267,35.02738122832267,35.02738122832267,35.02738122832267
2026-02-19 12:04:59,35.01337027583134,35.01337027583134,35.01337027583134,35.01337027583134,35.01337027583134,35.01337027583134
2026-02-19 12:05:29,34.313102870314715,34.313102870314715,34.99936492772101,34.313102870314715,34.313102870314715,34.313102870314715
2026-02-19 12:05:59,36.41333927080093,36.41333927080093,36.41333927080093,36.41333927080093,36.41333927080093,36.41333927080093
2026-02-19 12:06:29,37.884438177341295,37.884438177341295,37.884438177341295,37.884438177341295,37.884438177341295,37.884438177341295
2026-02-19 12:06:59,37.884438177341295,37.884438177341295,37.884438177341295,37.884438177341295,37.884438177341295,37.884438177341295
2026-02-19 12:07:29,37.126749413794464,37.126749413794464,37.126749413794464,37.126749413794464,37.126749413794464,37.126749413794464
2026-02-19 12:07:59,37.126749413794464,37.126749413794464,37.126749413794464,37.126749413794464,37.126749413794464,37.126749413794464
2026-02-19 12:08:29,37.11189871402895,37.11189871402895,37.11189871402895,37.11189871402895,37.11189871402895,37.11189871402895
2026-02-19 12:08:59,37.838995033634205,37.838995033634205,37.838995033634205,37.838995033634205,37.838995033634205,37.838995033634205
2026-02-19 12:09:29,37.808729891846504,37.808729891846504,37.808729891846504,37.808729891846504,37.808729891846504,37.808729891846504
2026-02-19 12:09:59,37.808729891846504,37.808729891846504,37.808729891846504,37.808729891846504,37.808729891846504,37.808729891846504
2026-02-19 12:10:29,37.05255529400958,37.05255529400958,36.31150418812938,37.05255529400958,37.05255529400958,37.05255529400958
2026-02-19 12:10:59,35.585274104366796,35.585274104366796,35.585274104366796,35.585274104366796,35.585274104366796,35.585274104366796
2026-02-19 12:11:29,35.57103999472505,35.57103999472505,35.57103999472505,35.57103999472505,35.57103999472505,35.57103999472505
2026-02-19 12:11:59,35.57103999472505,35.57103999472505,35.57103999472505,34.85961919483055,35.57103999472505,35.57103999472505
2026-02-19 12:12:29,34.16242681093394,34.16242681093394,33.47917827471526,33.47917827471526,34.16242681093394,34.16242681093394
2026-02-19 12:12:59,32.80959470922095,32.80959470922095,32.80959470922095,32.80959470922095,32.80959470922095,32.80959470922095
2026-02-19 12:13:29,34.12144829453929,34.12144829453929,34.12144829453929,34.12144829453929,34.12144829453929,34.12144829453929
2026-02-19 12:13:59,34.12144829453929,34.12144829453929,34.12144829453929,34.12144829453929,34.12144829453929,34.12144829453929
2026-02-19 12:14:29,33.439019328648506,33.439019328648506,33.439019328648506,33.439019328648506,33.439019328648506,33.439019328648506
2026-02-19 12:14:59,32.77023894207554,32.11483416323403,32.11483416323403,32.11483416323403,32.77023894207554,32.77023894207554
2026-02-19 12:15:29,31.472537479969347,31.472537479969347,31.472537479969347,31.472537479969347,31.472537479969347,31.472537479969347
2026-02-19 12:15:59,31.45994846497736,31.45994846497736,31.45994846497736,31.45994846497736,31.45994846497736,31.45994846497736
2026-02-19 12:16:29,30.83074949567781,30.83074949567781,30.83074949567781,30.83074949567781,30.83074949567781,30.83074949567781
2026-02-19 12:16:59,30.81841719587954,30.81841719587954,30.81841719587954,30.81841719587954,30.81841719587954,30.81841719587954
2026-02-19 12:17:29,30.806089829001188,30.806089829001188,30.806089829001188,30.806089829001188,30.806089829001188,30.806089829001188
2026-02-19 12:17:59,30.806089829001188,30.806089829001188,30.806089829001188,30.806089829001188,30.806089829001188,30.806089829001188
2026-02-19 12:18:29,30.793767393069587,30.793767393069587,30.793767393069587,30.177892045208196,30.793767393069587,30.793767393069587
2026-02-19 12:18:59,30.177892045208196,30.177892045208196,30.177892045208196,30.177892045208196,30.177892045208196,30.177892045208196
2026-02-19 12:19:29,28.982847520217952,28.982847520217952,29.56250447062231,28.982847520217952,28.982847520217952,28.982847520217952
2026-02-19 12:19:59,30.15375456003476,30.15375456003476,30.15375456003476,30.15375456003476,30.15375456003476,30.15375456003476
2026-02-19 12:20:29,29.550679468834065,29.550679468834065,29.550679468834065,29.550679468834065,29.550679468834065,29.550679468834065
2026-02-19 12:20:59,27.81286311063087,27.81286311063087,28.369120372843486,27.81286311063087,27.81286311063087,27.81286311063087
2026-02-19 12:21:29,28.93650278030036,28.93650278030036,28.93650278030036,28.93650278030036,28.93650278030036,28.93650278030036
2026-02-19 12:21:59,29.503426742772,29.503426742772,29.503426742772,29.503426742772,29.503426742772,29.503426742772
2026-02-19 12:22:29,28.91335820791656,28.91335820791656,28.91335820791656,28.91335820791656,28.91335820791656,28.91335820791656
2026-02-19 12:22:59,29.479828721926065,29.479828721926065,29.479828721926065,29.479828721926065,29.479828721926065,29.479828721926065
2026-02-19 12:23:29,28.89023214748754,28.89023214748754,28.89023214748754,28.89023214748754,28.89023214748754,28.89023214748754
2026-02-19 12:23:59,28.89023214748754,28.89023214748754,28.89023214748754,28.89023214748754,28.89023214748754,28.89023214748754
2026-02-19 12:24:29,28.31242750453779,28.31242750453779,28.31242750453779,28.31242750453779,28.31242750453779,28.31242750453779
2026-02-19 12:24:59,28.867124584206696,28.867124584206696,28.867124584206696,28.867124584206696,28.867124584206696,28.867124584206696
2026-02-19 12:25:29,28.27846617968555,28.27846617968555,28.27846617968555,28.27846617968555,28.27846617968555,28.27846617968555
2026-02-19 12:25:59,28.832497889077953,28.26715479321368,28.26715479321368,28.832497889077953,28.832497889077953,28.832497889077953
2026-02-19 12:26:29,28.25584793129639,28.25584793129639,28.25584793129639,28.25584793129639,28.25584793129639,28.25584793129639
2026-02-19 12:26:59,27.6796546802814,27.6796546802814,27.6796546802814,27.6796546802814,27.6796546802814,27.6796546802814
2026-02-19 12:27:29,27.6796546802814,27.6796546802814,27.6796546802814,27.12606158667577,27.6796546802814,27.6796546802814
2026-02-19 12:27:59,26.583540354942254,27.657515385281926,26.583540354942254,27.657515385281926,27.657515385281926,27.657515385281926
2026-02-19 12:28:29,29.937384118723944,29.937384118723944,29.937384118723944,29.937384118723944,29.937384118723944,29.937384118723944
2026-02-19 12:28:59,31.14685443712039,31.14685443712039,31.14685443712039,31.14685443712039,31.14685443712039,31.14685443712039
2026-02-19 12:29:29,31.14685443712039,31.14685443712039,31.14685443712039,31.14685443712039,31.14685443712039,31.14685443712039
2026-02-19 12:29:59,30.51170778143863,30.51170778143863,30.51170778143863,30.51170778143863,30.51170778143863,30.51170778143863
2026-02-19 12:30:29,29.303444153293665,29.303444153293665,29.303444153293665,29.303444153293665,29.303444153293665,29.303444153293665
2026-02-19 12:30:59,29.889513036359535,30.487303297086726,30.487303297086726,30.487303297086726,30.487303297086726,30.487303297086726
2026-02-19 12:31:29,31.70630275414891,31.70630275414891,31.70630275414891,31.70630275414891,31.70630275414891,31.70630275414891
2026-02-19 12:31:59,31.693620233047252,31.693620233047252,31.693620233047252,31.059747828386307,31.693620233047252,31.059747828386307
2026-02-19 12:32:29,31.04732392925495,31.04732392925495,31.04732392925495,31.04732392925495,31.04732392925495,31.04732392925495
2026-02-19 12:32:59,31.655603099676917,31.655603099676917,31.655603099676917,31.655603099676917,31.03490499968325,31.655603099676917
2026-02-19 12:33:29,32.93448946490386,32.93448946490386,32.93448946490386,32.93448946490386,32.93448946490386,32.93448946490386
2026-02-19 12:33:59,33.59317925420194,33.59317925420194,33.59317925420194,33.59317925420194,33.59317925420194,33.59317925420194
2026-02-19 12:34:29,32.9213156691179,32.9213156691179,32.9213156691179,32.9213156691179,32.9213156691179,32.9213156691179
2026-02-19 12:34:59,32.24998419999325,32.24998419999325,32.24998419999325,32.24998419999325,32.24998419999325,32.24998419999325
2026-02-19 12:35:29,32.881825890439515,32.881825890439515,32.881825890439515,32.881825890439515,32.881825890439515,32.881825890439515
2026-02-19 12:35:59,32.224189372630725,32.224189372630725,32.224189372630725,32.224189372630725,32.881825890439515,32.224189372630725
2026-02-19 12:36:29,33.51263620463569,33.51263620463569,33.51263620463569,33.51263620463569,33.51263620463569,33.51263620463569
2026-02-19 12:36:59,33.51263620463569,33.51263620463569,33.51263620463569,33.51263620463569,33.51263620463569,33.51263620463569
2026-02-19 12:37:29,33.49923115015384,33.49923115015384,33.49923115015384,33.49923115015384,33.49923115015384,33.49923115015384
2026-02-19 12:37:59,33.49923115015384,33.49923115015384,33.49923115015384,33.49923115015384,33.49923115015384,33.49923115015384
2026-02-19 12:38:29,32.8161148285399,32.8161148285399,32.8161148285399,32.8161148285399,32.8161148285399,32.8161148285399
2026-02-19 12:38:59,33.45904815026066,33.45904815026066,33.45904815026066,34.14188586761291,33.45904815026066,33.45904815026066
2026-02-19 12:39:29,33.45904815026066,33.45904815026066,33.45904815026066,33.45904815026066,33.45904815026066,33.45904815026066
2026-02-19 12:39:59,32.77675124038054,32.77675124038054,32.77675124038054,32.77675124038054,32.77675124038054,32.77675124038054
2026-02-19 12:40:29,32.09552438199507,32.09552438199507,32.09552438199507,32.09552438199507,32.09552438199507,32.09552438199507
2026-02-19 12:40:59,32.73743486963497,32.73743486963497,32.73743486963497,32.73743486963497,32.73743486963497,32.73743486963497
2026-02-19 12:41:29,32.08268617224227,32.08268617224227,32.08268617224227,32.08268617224227,32.08268617224227,32.08268617224227
2026-02-19 12:41:59,30.812211799821476,31.441032448797426,30.812211799821476,30.812211799821476,30.812211799821476,30.812211799821476
2026-02-19 12:42:29,32.057025156534266,32.057025156534266,32.057025156534266,32.057025156534266,32.057025156534266,32.057025156534266
2026-02-19 12:42:59,32.69816565966495,32.69816565966495,32.69816565966495,32.69816565966495,32.69816565966495,32.69816565966495
2026-02-19 12:43:29,32.03138466553306,32.03138466553306,32.03138466553306,32.03138466553306,32.03138466553306,32.03138466553306
2026-02-19 12:43:59,31.3907569722224,31.3907569722224,31.3907569722224,31.3907569722224,31.3907569722224,31.3907569722224
2026-02-19 12:44:29,31.3907569722224,31.3907569722224,31.3907569722224,31.3907569722224,31.3907569722224,31.3907569722224
2026-02-19 12:44:59,31.365649389165736,31.365649389165736,31.365649389165736,31.365649389165736,31.365649389165736,31.365649389165736
2026-02-19 12:45:29,33.285478056977794,33.285478056977794,33.285478056977794,33.285478056977794,33.285478056977794,33.285478056977794
2026-02-19 12:45:59,33.272163865755,33.272163865755,33.272163865755,33.272163865755,33.272163865755,33.272163865755
2026-02-19 12:46:29,33.272163865755,33.272163865755,33.272163865755,33.272163865755,33.272163865755,33.272163865755
2026-02-19 12:46:59,32.6067205884399,32.6067205884399,32.6067205884399,32.6067205884399,32.6067205884399,32.6067205884399
2026-02-19 12:47:29,31.31549445313768,31.31549445313768,31.31549445313768,31.31549445313768,31.31549445313768,31.31549445313768
2026-02-19 12:47:59,31.302968255356426,31.302968255356426,31.302968255356426,31.302968255356426,31.302968255356426,31.302968255356426
2026-02-19 12:48:29,33.21896033633028,32.56760817287282,33.21896033633028,33.21896033633028,33.21896033633028,33.21896033633028
2026-02-19 12:48:59,33.883339543056884,33.883339543056884,33.883339543056884,33.883339543056884,33.883339543056884,33.883339543056884
2026-02-19 12:49:29,33.86978620723966,33.86978620723966,33.86978620723966,33.86978620723966,33.86978620723966,33.86978620723966
2026-02-19 12:49:59,35.92851092617982,35.92851092617982,35.92851092617982,35.92851092617982,35.92851092617982,35.92851092617982
2026-02-19 12:50:29,35.20994070765622,35.20994070765622,35.20994070765622,35.20994070765622,35.20994070765622,35.20994070765622
2026-02-19 12:50:59,35.89977386600062,35.89977386600062,35.89977386600062,35.89977386600062,35.89977386600062,35.89977386600062
2026-02-19 12:51:29,35.89977386600062,35.89977386600062,35.89977386600062,35.89977386600062,35.89977386600062,35.89977386600062
2026-02-19 12:51:59,34.478142820907,34.478142820907,34.478142820907,34.478142820907,34.478142820907,34.478142820907
2026-02-19 12:52:29,34.46435156377864,34.46435156377864,34.46435156377864,34.46435156377864,34.46435156377864,34.46435156377864
2026-02-19 12:52:59,33.099563241853005,33.775064532503066,33.099563241853005,33.099563241853005,33.099563241853005,33.099563241853005
2026-02-19 12:53:29,31.78882053747563,32.42459694822514,31.78882053747563,31.78882053747563,32.43757197701594,31.78882053747563
2026-02-19 12:53:59,33.73455066493343,33.73455066493343,33.73455066493343,33.73455066493343,33.73455066493343,33.73455066493343
2026-02-19 12:54:29,33.05985965163477,33.05985965163477,33.05985965163477,33.05985965163477,33.05985965163477,33.05985965163477
2026-02-19 12:54:59,33.72105684466746,33.72105684466746,33.72105684466746,33.72105684466746,33.72105684466746,33.72105684466746
2026-02-19 12:55:29,31.737988933746255,31.737988933746255,31.737988933746255,31.737988933746255,31.737988933746255,31.737988933746255
2026-02-19 12:55:59,31.72529373817276,31.72529373817276,31.72529373817276,31.72529373817276,31.72529373817276,31.72529373817276
2026-02-19 12:56:29,32.34685569309104,32.34685569309104,32.34685569309104,32.34685569309104,32.34685569309104,32.34685569309104
2026-02-19 12:56:59,33.65366866309191,33.65366866309191,33.65366866309191,33.65366866309191,33.65366866309191,33.65366866309191
2026-02-19 12:57:29,35.013276877080834,35.013276877080834,35.013276877080834,35.013276877080834,35.013276877080834,35.013276877080834
2026-02-19 12:57:59,34.2992861350034,34.2992861350034,34.2992861350034,34.2992861350034,34.2992861350034,34.2992861350034
2026-02-19 12:58:29,35.68497729485754,35.68497729485754,35.68497729485754,35.68497729485754,35.68497729485754,35.68497729485754
2026-02-19 12:58:59,35.68497729485754,35.68497729485754,35.68497729485754,35.68497729485754,35.68497729485754,35.68497729485754
2026-02-19 12:59:29,35.68497729485754,35.68497729485754,35.68497729485754,35.68497729485754,35.68497729485754,35.68497729485754
2026-02-19 12:59:59,33.58641515010156,33.58641515010156,33.58641515010156,33.58641515010156,33.58641515010156,33.58641515010156
2026-02-19 13:00:29,33.57298058404152,34.258143453103585,34.258143453103585,34.258143453103585,34.258143453103585,34.258143453103585
2026-02-19 13:00:59,32.88836036397174,32.88836036397174,32.88836036397174,32.88836036397174,32.88836036397174,32.88836036397174
2026-02-19 13:01:29,33.546127571251176,33.546127571251176,33.546127571251176,33.546127571251176,33.546127571251176,33.546127571251176
2026-02-19 13:01:59,33.53270912022268,33.53270912022268,33.53270912022268,33.53270912022268,33.53270912022268,33.53270912022268
2026-02-19 13:02:29,34.203363302627125,34.203363302627125,34.203363302627125,34.203363302627125,34.203363302627125,34.203363302627125
2026-02-19 13:02:59,33.505888318159954,34.17600608452316,33.505888318159954,33.505888318159954,33.505888318159954,33.505888318159954
2026-02-19 13:03:29,33.49248596283269,33.49248596283269,33.49248596283269,33.49248596283269,33.49248596283269,33.49248596283269
2026-02-19 13:03:59,34.83164416277284,34.83164416277284,34.83164416277284,34.83164416277284,34.83164416277284,34.83164416277284
2026-02-19 13:04:29,34.12135727500558,34.12135727500558,34.12135727500558,34.12135727500558,34.12135727500558,34.12135727500558
2026-02-19 13:04:59,34.78986290673749,34.78986290673749,34.78986290673749,34.78986290673749,34.78986290673749,34.78986290673749
2026-02-19 13:05:29,34.78986290673749,34.78986290673749,34.78986290673749,34.78986290673749,34.78986290673749,34.78986290673749
2026-02-19 13:05:59,35.45727731444597,35.45727731444597,35.45727731444597,35.45727731444597,35.45727731444597,35.45727731444597
2026-02-19 13:06:29,36.151956291590594,36.151956291590594,36.151956291590594,36.151956291590594,36.151956291590594,36.151956291590594
2026-02-19 13:06:59,36.8749954174224,36.8749954174224,36.8749954174224,36.8749954174224,36.8749954174224,36.8749954174224
2026-02-19 13:07:29,36.8749954174224,36.8749954174224,36.8749954174224,36.8749954174224,36.8749954174224,36.8749954174224
2026-02-19 13:07:59,36.8749954174224,36.8749954174224,36.8749954174224,36.8749954174224,36.8749954174224,36.8749954174224
2026-02-19 13:08:29,36.8749954174224,36.8749954174224,36.8749954174224,36.8749954174224,36.8749954174224,36.8749954174224
2026-02-19 13:08:59,36.13749550907395,36.13749550907395,36.13749550907395,36.13749550907395,36.13749550907395,36.13749550907395
2026-02-19 13:09:29,36.84550132108773,36.84550132108773,36.84550132108773,36.84550132108773,36.84550132108773,36.84550132108773
2026-02-19 13:09:59,36.8307631205593,36.8307631205593,36.8307631205593,36.8307631205593,36.8307631205593,36.8307631205593
2026-02-19 13:10:29,36.09414785814811,36.09414785814811,36.09414785814811,36.09414785814811,36.09414785814811,36.09414785814811
2026-02-19 13:10:59,35.372264900985144,35.372264900985144,35.372264900985144,35.372264900985144,35.372264900985144,35.372264900985144
2026-02-19 13:11:29,35.372264900985144,35.372264900985144,35.372264900985144,35.372264900985144,35.372264900985144,35.372264900985144
2026-02-19 13:11:59,33.971523210906135,33.971523210906135,33.971523210906135,33.971523210906135,33.971523210906135,33.971523210906135
2026-02-19 13:12:29,33.95793460162177,33.95793460162177,33.95793460162177,33.95793460162177,33.95793460162177,33.95793460162177
2026-02-19 13:12:59,33.94435142778112,33.94435142778112,33.94435142778112,33.94435142778112,33.94435142778112,33.94435142778112
2026-02-19 13:13:29,34.62323845633675,34.62323845633675,34.62323845633675,34.62323845633675,34.62323845633675,34.62323845633675
2026-02-19 13:13:59,33.25215821346581,33.25215821346581,33.25215821346581,33.25215821346581,33.25215821346581,33.25215821346581
2026-02-19 13:14:29,33.917201377735125,33.917201377735125,33.917201377735125,33.917201377735125,33.917201377735125,33.917201377735125
2026-02-19 13:14:59,33.238857350180425,33.238857350180425,33.238857350180425,33.238857350180425,33.238857350180425,33.238857350180425
2026-02-19 13:15:29,31.284146627131015,31.284146627131015,31.284146627131015,31.284146627131015,31.284146627131015,31.284146627131015
2026-02-19 13:15:59,31.90982955967364,31.90982955967364,31.90982955967364,31.90982955967364,31.90982955967364,31.90982955967364
2026-02-19 13:16:29,31.27163296848017,31.27163296848017,31.27163296848017,31.27163296848017,31.27163296848017,31.27163296848017
2026-02-19 13:16:59,31.897065627849766,31.897065627849766,31.897065627849766,31.897065627849766,31.897065627849766,31.897065627849766
2026-02-19 13:17:29,31.88430680159863,31.88430680159863,31.88430680159863,31.259124315292777,31.88430680159863,31.88430680159863
2026-02-19 13:17:59,32.5219929376306,32.5219929376306,32.5219929376306,32.5219929376306,32.5219929376306,32.5219929376306
2026-02-19 13:18:29,31.234122017300432,31.234122017300432,31.234122017300432,31.234122017300432,31.234122017300432,31.234122017300432
2026-02-19 13:18:59,32.495980546799366,32.495980546799366,32.495980546799366,32.495980546799366,32.495980546799366,32.495980546799366
2026-02-19 13:19:29,33.13264179767226,33.13264179767226,33.13264179767226,33.13264179767226,33.13264179767226,33.13264179767226
2026-02-19 13:19:59,35.84949149274964,35.84949149274964,35.84949149274964,35.84949149274964,35.84949149274964,35.84949149274964
2026-02-19 13:20:29,35.84949149274964,35.84949149274964,35.84949149274964,35.84949149274964,35.84949149274964,35.84949149274964
2026-02-19 13:20:59,35.13250166289465,35.13250166289465,35.13250166289465,35.13250166289465,35.13250166289465,35.13250166289465
2026-02-19 13:21:29,34.42985162963676,34.42985162963676,34.42985162963676,34.42985162963676,34.42985162963676,34.42985162963676
2026-02-19 13:21:59,33.06642950510314,33.06642950510314,33.06642950510314,33.06642950510314,33.06642950510314,33.06642950510314
2026-02-19 13:22:29,33.06642950510314,33.06642950510314,33.06642950510314,33.06642950510314,33.06642950510314,33.06642950510314
2026-02-19 13:22:59,33.7277580952052,33.7277580952052,33.7277580952052,33.7277580952052,33.7277580952052,33.7277580952052
2026-02-19 13:23:29,33.053202933301094,33.053202933301094,33.053202933301094,33.053202933301094,33.053202933301094,33.053202933301094
2026-02-19 13:23:59,33.71426699196712,33.71426699196712,33.71426699196712,33.71426699196712,33.71426699196712,33.71426699196712
2026-02-19 13:24:29,33.03998165212778,33.03998165212778,33.03998165212778,33.03998165212778,33.03998165212778,33.03998165212778
2026-02-19 13:24:59,32.37918201908522,32.37918201908522,32.37918201908522,32.37918201908522,32.37918201908522,32.37918201908522
2026-02-19 13:25:29,32.37918201908522,32.37918201908522,32.37918201908522,32.37918201908522,32.37918201908522,32.37918201908522
2026-02-19 13:25:59,32.35328385413908,32.35328385413908,32.35328385413908,32.35328385413908,31.718905739352035,32.35328385413908
2026-02-19 13:26:29,33.646892379237556,32.98714939140937,33.646892379237556,33.646892379237556,32.98714939140937,33.646892379237556
2026-02-19 13:26:59,34.319830226822305,34.319830226822305,34.319830226822305,34.319830226822305,34.319830226822305,34.319830226822305
2026-02-19 13:27:29,32.96076494984015,32.96076494984015,32.96076494984015,32.96076494984015,32.96076494984015,32.96076494984015
2026-02-19 13:27:59,32.96076494984015,32.96076494984015,32.96076494984015,32.96076494984015,32.96076494984015,32.96076494984015
2026-02-19 13:28:29,32.93440161160267,32.93440161160267,32.93440161160267,32.93440161160267,32.93440161160267,32.93440161160267
2026-02-19 13:28:59,33.593089643834716,33.593089643834716,33.593089643834716,33.593089643834716,33.593089643834716,33.593089643834716
2026-02-19 13:29:29,32.262803293938866,32.262803293938866,32.262803293938866,32.262803293938866,32.262803293938866,32.262803293938866
2026-02-19 13:29:59,31.617547228060083,31.617547228060083,31.617547228060083,31.617547228060083,31.617547228060083,31.617547228060083
2026-02-19 13:30:29,32.23699821335224,32.23699821335224,32.23699821335224,32.23699821335224,32.23699821335224,32.23699821335224
2026-02-19 13:30:59,32.88173817761928,32.224103414066896,32.88173817761928,32.224103414066896,32.88173817761928,32.224103414066896
2026-02-19 13:31:29,33.5259571919952,33.5259571919952,33.5259571919952,33.5259571919952,33.5259571919952,33.5259571919952
2026-02-19 13:31:59,32.85543804815529,32.85543804815529,32.85543804815529,32.85543804815529,32.85543804815529,32.85543804815529
2026-02-19 13:32:29,32.842295872936035,32.842295872936035,32.842295872936035,32.842295872936035,32.842295872936035,32.842295872936035
2026-02-19 13:32:59,32.842295872936035,32.842295872936035,32.842295872936035,32.842295872936035,32.842295872936035,32.842295872936035
2026-02-19 13:33:29,32.82915895458686,32.82915895458686,32.82915895458686,32.82915895458686,32.82915895458686,32.82915895458686
2026-02-19 13:33:59,31.52912425998522,31.52912425998522,31.52912425998522,31.52912425998522,31.52912425998522,31.52912425998522
2026-02-19 13:34:29,32.80290088008862,32.80290088008862,32.80290088008862,32.80290088008862,32.80290088008862,32.80290088008862
2026-02-19 13:34:59,34.1281380756442,34.1281380756442,34.1281380756442,34.1281380756442,34.1281380756442,34.1281380756442
2026-02-19 13:35:29,33.44557531413132,33.44557531413132,33.44557531413132,33.44557531413132,33.44557531413132,33.44557531413132
2026-02-19 13:35:59,32.12113053169172,32.12113053169172,32.12113053169172,32.12113053169172,32.12113053169172,32.12113053169172
2026-02-19 13:36:29,31.46611643788946,32.09543876664725,31.46611643788946,32.09543876664725,31.46611643788946,31.46611643788946
2026-02-19 13:36:59,32.08260059114059,32.08260059114059,32.08260059114059,32.08260059114059,32.08260059114059,32.73734754198019
2026-02-19 13:37:29,30.812129607731425,30.812129607731425,30.812129607731425,30.812129607731425,30.812129607731425,30.812129607731425
2026-02-19 13:37:59,31.428372199886052,31.428372199886052,31.428372199886052,31.428372199886052,31.428372199886052,31.428372199886052
2026-02-19 13:38:29,30.787484833985975,30.787484833985975,30.787484833985975,30.787484833985975,30.787484833985975,30.787484833985975
2026-02-19 13:38:59,30.787484833985975,30.787484833985975,30.787484833985975,30.787484833985975,30.787484833985975,30.787484833985975
2026-02-19 13:39:29,30.171735137306257,30.171735137306257,30.171735137306257,30.171735137306257,30.171735137306257,30.171735137306257
2026-02-19 13:39:59,30.159666443251336,30.159666443251336,30.159666443251336,30.159666443251336,30.159666443251336,30.159666443251336
2026-02-19 13:40:29,30.750554628207514,30.750554628207514,30.750554628207514,30.750554628207514,30.750554628207514,30.750554628207514
2026-02-19 13:40:59,30.750554628207514,30.750554628207514,30.750554628207514,30.750554628207514,30.750554628207514,30.750554628207514
2026-02-19 13:41:29,30.738254406356234,30.738254406356234,30.738254406356234,30.738254406356234,30.738254406356234,30.738254406356234
2026-02-19 13:41:59,31.353019494483355,31.353019494483355,31.353019494483355,31.353019494483355,31.353019494483355,31.353019494483355
2026-02-19 13:42:29,30.111439922501816,30.111439922501816,30.111439922501816,30.111439922501816,30.111439922501816,30.111439922501816
2026-02-19 13:42:59,30.099395346532816,30.099395346532816,30.099395346532816,30.099395346532816,30.099395346532816,30.099395346532816
2026-02-19 13:43:29,29.49740743960216,29.49740743960216,29.49740743960216,29.49740743960216,29.49740743960216,29.49740743960216
2026-02-19 13:43:59,30.0873555883942,30.0873555883942,30.0873555883942,29.485608476626314,30.0873555883942,30.0873555883942
2026-02-19 13:44:29,30.075320646158843,29.473814233235668,30.075320646158843,30.075320646158843,30.075320646158843,30.075320646158843
2026-02-19 13:44:59,28.306651189599535,28.884337948570952,28.884337948570952,28.884337948570952,28.884337948570952,28.884337948570952
2026-02-19 13:45:29,28.861235099706168,28.872784213391522,28.295328529123697,28.861235099706168,28.861235099706168,28.861235099706168
2026-02-19 13:45:59,29.450239897659355,28.861235099706168,29.450239897659355,29.450239897659355,29.450239897659355,29.450239897659355
2026-02-19 13:46:29,29.450239897659355,28.861235099706168,29.450239897659355,29.450239897659355,29.450239897659355,29.450239897659355
2026-02-19 13:46:59,27.718330189757804,27.718330189757804,27.718330189757804,28.27269679355296,27.718330189757804,28.284010397712045
2026-02-19 13:47:29,28.83815072942402,28.83815072942402,28.26138771483554,28.26138771483554,28.83815072942402,28.83815072942402
2026-02-19 13:47:59,28.26138771483554,28.26138771483554,28.26138771483554,28.26138771483554,28.26138771483554,28.26138771483554
2026-02-19 13:48:29,27.142236761328057,27.142236761328057,27.142236761328057,27.142236761328057,27.142236761328057,27.142236761328057
2026-02-19 13:48:59,27.685081496554616,27.685081496554616,27.685081496554616,27.685081496554616,27.685081496554616,27.685081496554616
2026-02-19 13:49:29,28.227487613235112,28.227487613235112,28.227487613235112,28.227487613235112,28.227487613235112,28.227487613235112
2026-02-19 13:49:59,27.66293786097041,27.66293786097041,27.66293786097041,27.66293786097041,27.66293786097041,27.66293786097041
2026-02-19 13:50:29,28.204910139542545,28.204910139542545,28.204910139542545,28.204910139542545,28.204910139542545,28.204910139542545
2026-02-19 13:50:59,27.640811936751692,27.640811936751692,27.640811936751692,27.640811936751692,27.640811936751692,27.640811936751692
2026-02-19 13:51:29,27.077160499737452,27.077160499737452,27.077160499737452,27.077160499737452,27.077160499737452,27.077160499737452
2026-02-19 13:51:59,25.99450298197027,25.99450298197027,25.99450298197027,25.484806845068892,25.99450298197027,25.99450298197027
2026-02-19 13:52:29,26.50378728439303,26.50378728439303,26.50378728439303,26.50378728439303,26.50378728439303,26.50378728439303
2026-02-19 13:52:59,25.963322054089687,25.963322054089687,25.963322054089687,25.963322054089687,25.963322054089687,25.963322054089687
2026-02-19 13:53:29,25.963322054089687,25.963322054089687,25.963322054089687,25.963322054089687,25.963322054089687,25.963322054089687
2026-02-19 13:53:59,27.00143536896888,27.00143536896888,27.00143536896888,27.00143536896888,27.00143536896888,27.00143536896888
2026-02-19 13:54:29,28.092293357875224,28.092293357875224,28.092293357875224,28.092293357875224,28.092293357875224,28.092293357875224
2026-02-19 13:54:59,29.21553112072957,29.21553112072957,29.21553112072957,29.21553112072957,29.21553112072957,29.21553112072957
2026-02-19 13:55:29,29.787921806446903,29.787921806446903,29.787921806446903,29.787921806446903,29.787921806446903,29.787921806446903
2026-02-19 13:55:59,29.787921806446903,29.787921806446903,29.787921806446903,29.787921806446903,29.787921806446903,29.787921806446903
2026-02-19 13:56:29,28.608320102911605,28.608320102911605,28.608320102911605,28.608320102911605,28.608320102911605,28.608320102911605
2026-02-19 13:56:59,28.59687677487044,28.59687677487044,28.59687677487044,28.59687677487044,28.59687677487044,28.59687677487044
2026-02-19 13:57:29,29.157146784643704,29.157146784643704,29.157146784643704,29.157146784643704,29.157146784643704,28.585438024160492
2026-02-19 13:57:59,28.002523771971813,28.002523771971813,28.002523771971813,28.002523771971813,28.002523771971813,28.002523771971813
2026-02-19 13:58:29,30.298707959030015,30.298707959030015,30.298707959030015,30.298707959030015,30.298707959030015,30.298707959030015
2026-02-19 13:58:59,31.522775760574827,31.522775760574827,31.522775760574827,31.522775760574827,31.522775760574827,31.522775760574827
2026-02-19 13:59:29,32.14036998327601,32.14036998327601,32.14036998327601,32.14036998327601,32.14036998327601,32.14036998327601
2026-02-19 13:59:59,32.1275138352827,32.1275138352827,32.1275138352827,31.484963558577043,32.1275138352827,32.1275138352827
2026-02-19 14:00:29,31.484963558577043,31.484963558577043,31.484963558577043,31.484963558577043,31.484963558577043,31.484963558577043
2026-02-19 14:00:59,30.842922181690543,30.842922181690543,30.842922181690543,30.842922181690543,30.842922181690543,30.842922181690543
2026-02-19 14:01:29,34.73413986130391,34.73413986130391,34.73413986130391,34.73413986130391,34.73413986130391,34.73413986130391
2026-02-19 14:01:59,34.03945706407783,34.03945706407783,34.03945706407783,34.03945706407783,34.03945706407783,34.03945706407783
2026-02-19 14:02:29,33.35866792279627,33.35866792279627,33.35866792279627,32.691494564340346,32.691494564340346,32.691494564340346
2026-02-19 14:02:59,32.03766467305354,32.03766467305354,32.03766467305354,32.03766467305354,32.03766467305354,32.03766467305354
2026-02-19 14:03:29,32.02484960718432,32.02484960718432,32.02484960718432,32.02484960718432,32.02484960718432,32.02484960718432
2026-02-19 14:03:59,32.01203966734145,32.01203966734145,32.01203966734145,32.01203966734145,32.01203966734145,32.01203966734145
2026-02-19 14:04:29,31.37179887399462,30.74436289651473,31.37179887399462,31.37179887399462,31.37179887399462,31.37179887399462
2026-02-19 14:04:59,31.35925015444502,31.35925015444502,31.35925015444502,31.35925015444502,31.35925015444502,31.35925015444502
2026-02-19 14:05:29,30.73206515135612,30.73206515135612,30.73206515135612,30.73206515135612,30.73206515135612,30.73206515135612
2026-02-19 14:05:59,29.51507537136242,29.51507537136242,29.51507537136242,29.51507537136242,29.51507537136242,29.51507537136242
2026-02-19 14:06:29,28.924773863935172,28.924773863935172,28.924773863935172,28.924773863935172,28.924773863935172,28.924773863935172
2026-02-19 14:06:59,28.9132039543896,28.9132039543896,28.9132039543896,29.503269341213876,28.9132039543896,28.9132039543896
2026-02-19 14:07:29,28.334939875301806,28.334939875301806,28.334939875301806,28.334939875301806,28.334939875301806,28.334939875301806
2026-02-19 14:07:59,28.323605899351687,28.323605899351687,28.323605899351687,28.323605899351687,28.323605899351687,28.323605899351687
2026-02-19 14:08:29,28.878521986131783,28.878521986131783,28.878521986131783,28.878521986131783,28.878521986131783,28.878521986131783
2026-02-19 14:08:59,28.866970577337334,28.866970577337334,28.866970577337334,28.866970577337334,28.866970577337334,28.866970577337334
2026-02-19 14:09:29,29.44430998888408,29.44430998888408,29.44430998888408,29.44430998888408,29.44430998888408,29.44430998888408
2026-02-19 14:09:59,30.021182910186297,30.021182910186297,30.021182910186297,30.021182910186297,30.021182910186297,30.021182910186297
2026-02-19 14:10:29,28.83234406694292,28.83234406694292,28.83234406694292,28.83234406694292,28.83234406694292,28.83234406694292
2026-02-19 14:10:59,29.408990948281776,29.408990948281776,29.408990948281776,29.408990948281776,29.408990948281776,29.408990948281776
2026-02-19 14:11:29,28.82081112931614,28.82081112931614,28.82081112931614,28.82081112931614,28.82081112931614,28.82081112931614
2026-02-19 14:11:59,28.809282804864417,28.809282804864417,28.809282804864417,28.809282804864417,28.809282804864417,28.809282804864417
2026-02-19 14:12:29,28.797759091742467,28.797759091742467,28.797759091742467,28.23309714876713,28.797759091742467,28.797759091742467
2026-02-19 14:12:59,28.22180390990762,28.22180390990762,28.22180390990762,28.22180390990762,28.22180390990762,28.22180390990762
2026-02-19 14:13:29,28.210515188343656,28.774725492110527,28.210515188343656,28.210515188343656,28.210515188343656,28.210515188343656
2026-02-19 14:13:59,29.35022000195274,29.35022000195274,29.35022000195274,29.35022000195274,29.35022000195274,29.35022000195274
2026-02-19 14:14:29,30.53596889003163,30.53596889003163,30.53596889003163,30.53596889003163,30.53596889003163,30.53596889003163
2026-02-19 14:14:59,31.14668826783226,31.14668826783226,31.14668826783226,30.523754502475615,31.14668826783226,31.14668826783226
2026-02-19 14:15:29,31.134229592525127,31.134229592525127,31.134229592525127,31.134229592525127,31.134229592525127,31.134229592525127
2026-02-19 14:15:59,29.901314100661132,29.901314100661132,29.901314100661132,29.901314100661132,29.901314100661132,29.901314100661132
2026-02-19 14:16:29,31.7315137341344,31.7315137341344,31.7315137341344,31.7315137341344,31.7315137341344,31.7315137341344
2026-02-19 14:16:59,31.718821128640744,31.718821128640744,31.718821128640744,31.084444706067927,31.718821128640744,31.718821128640744
2026-02-19 14:17:29,30.462755811946572,30.462755811946572,30.462755811946572,30.462755811946572,30.462755811946572,30.462755811946572
2026-02-19 14:17:59,30.462755811946572,30.462755811946572,30.462755811946572,30.462755811946572,30.462755811946572,30.462755811946572
2026-02-19 14:18:29,31.68077376629051,31.059582123814227,31.059582123814227,31.059582123814227,31.059582123814227,31.059582123814227
2026-02-19 14:18:59,31.68077376629051,31.68077376629051,31.68077376629051,31.68077376629051,31.68077376629051,31.68077376629051
2026-02-19 14:19:29,30.426215125145408,30.426215125145408,30.426215125145408,30.426215125145408,30.426215125145408,30.426215125145408
2026-02-19 14:19:59,31.034739427648315,31.034739427648315,31.034739427648315,31.034739427648315,31.034739427648315,31.034739427648315
2026-02-19 14:20:29,30.40187902123971,30.40187902123971,30.40187902123971,30.40187902123971,30.40187902123971,30.40187902123971
2026-02-19 14:20:59,31.009916601664504,31.009916601664504,31.009916601664504,31.009916601664504,31.009916601664504,31.009916601664504
2026-02-19 14:21:29,32.2498121454788,32.89480838838838,32.2498121454788,32.2498121454788,32.89480838838838,32.89480838838838
2026-02-19 14:21:59,32.89480838838838,32.89480838838838,32.89480838838838,33.552704556156144,32.89480838838838,32.89480838838838
2026-02-19 14:22:29,32.881650465033026,32.881650465033026,32.881650465033026,32.881650465033026,32.881650465033026,32.881650465033026
2026-02-19 14:22:59,32.86849780484701,32.86849780484701,32.86849780484701,32.86849780484701,32.86849780484701,32.86849780484701
2026-02-19 14:23:29,32.84220826556278,32.84220826556278,32.84220826556278,32.84220826556278,32.84220826556278,32.84220826556278
2026-02-19 14:23:59,34.16903347949152,34.16903347949152,34.16903347949152,34.16903347949152,34.16903347949152,34.16903347949152
2026-02-19 14:24:29,34.83847318342171,34.83847318342171,34.83847318342171,34.83847318342171,34.83847318342171,34.83847318342171
2026-02-19 14:24:59,34.82453779414834,34.82453779414834,34.82453779414834,34.82453779414834,34.82453779414834,34.82453779414834
2026-02-19 14:25:29,34.810607979030685,34.810607979030685,34.810607979030685,34.810607979030685,34.810607979030685,34.810607979030685
2026-02-19 14:25:59,34.796683735839075,34.796683735839075,34.796683735839075,34.796683735839075,34.796683735839075,34.796683735839075
2026-02-19 14:26:29,36.92651915394231,36.92651915394231,36.92651915394231,36.92651915394231,36.92651915394231,36.92651915394231
2026-02-19 14:26:59,36.18798877086346,36.18798877086346,36.18798877086346,36.18798877086346,36.18798877086346,36.18798877086346
2026-02-19 14:27:29,35.4642289954462,35.4642289954462,35.4642289954462,35.4642289954462,35.4642289954462,35.4642289954462
2026-02-19 14:27:59,35.45004330384801,36.17351357535512,35.45004330384801,35.45004330384801,36.17351357535512,35.45004330384801
2026-02-19 14:28:29,34.74104243777106,34.74104243777106,34.74104243777106,34.74104243777106,34.74104243777106,34.74104243777106
2026-02-19 14:28:59,34.74104243777106,34.74104243777106,34.74104243777106,34.74104243777106,34.74104243777106,34.74104243777106
2026-02-19 14:29:29,34.04622158901564,34.04622158901564,34.04622158901564,34.04622158901564,34.04622158901564,34.04622158901564
2026-02-19 14:29:59,32.0440313898088,32.0440313898088,32.0440313898088,32.0440313898088,32.0440313898088,32.0440313898088
2026-02-19 14:30:29,32.68491201760498,32.68491201760498,32.68491201760498,32.68491201760498,32.68491201760498,32.68491201760498
2026-02-19 14:30:59,34.685490112378545,34.00538246311622,34.00538246311622,34.00538246311622,34.00538246311622,34.00538246311622
2026-02-19 14:31:29,33.99178031013098,33.99178031013098,33.99178031013098,33.99178031013098,33.99178031013098,33.99178031013098
2026-02-19 14:31:59,33.99178031013098,33.99178031013098,33.99178031013098,33.99178031013098,33.99178031013098,33.99178031013098
2026-02-19 14:32:29,33.99178031013098,33.99178031013098,33.99178031013098,33.311944703928354,33.99178031013098,33.99178031013098
2026-02-19 14:32:59,33.96459232456772,33.96459232456772,33.96459232456772,33.96459232456772,33.96459232456772,33.96459232456772
2026-02-19 14:33:29,33.95100648763789,33.95100648763789,33.95100648763789,33.27198635788513,33.95100648763789,33.95100648763789
2026-02-19 14:33:59,33.92385111460882,33.92385111460882,33.92385111460882,33.92385111460882,33.92385111460882,33.92385111460882
2026-02-19 14:34:29,34.602328136900994,34.602328136900994,34.602328136900994,34.602328136900994,34.602328136900994,34.602328136900994
2026-02-19 14:34:59,33.23207594267972,33.23207594267972,33.23207594267972,33.23207594267972,33.23207594267972,33.23207594267972
2026-02-19 14:35:29,31.9160857353496,31.9160857353496,31.9160857353496,31.9160857353496,31.9160857353496,31.9160857353496
2026-02-19 14:35:59,31.277764020642607,31.277764020642607,31.277764020642607,31.277764020642607,31.277764020642607,31.277764020642607
2026-02-19 14:36:29,30.65220874022976,30.65220874022976,30.65220874022976,30.65220874022976,30.65220874022976,30.65220874022976
2026-02-19 14:36:59,30.639947856733663,30.639947856733663,30.639947856733663,31.25274681386834,30.639947856733663,30.639947856733663
2026-02-19 14:37:29,31.877801750145704,31.877801750145704,31.877801750145704,31.877801750145704,31.877801750145704,31.877801750145704
2026-02-19 14:37:59,31.24024571514279,30.615440800839934,30.615440800839934,30.615440800839934,30.615440800839934,30.615440800839934
2026-02-19 14:38:29,32.489350701377745,32.489350701377745,32.489350701377745,32.489350701377745,32.489350701377745,32.489350701377745
2026-02-19 14:38:59,32.47635496109719,33.125882060319135,32.47635496109719,32.47635496109719,32.47635496109719,32.47635496109719
2026-02-19 14:39:29,34.46416769555603,34.46416769555603,34.46416769555603,34.46416769555603,34.46416769555603,34.46416769555603
2026-02-19 14:39:59,35.15345104946715,34.45038202847781,35.15345104946715,35.15345104946715,35.15345104946715,35.15345104946715
2026-02-19 14:40:29,35.84217746242831,35.84217746242831,35.84217746242831,35.84217746242831,35.84217746242831,35.84217746242831
2026-02-19 14:40:59,36.55902101167688,35.82784059144334,36.55902101167688,36.55902101167688,36.55902101167688,36.55902101167688
2026-02-19 14:41:29,34.409058104022186,34.409058104022186,34.409058104022186,34.409058104022186,34.409058104022186,34.409058104022186
2026-02-19 14:41:59,35.097239266102626,35.097239266102626,35.097239266102626,35.097239266102626,35.097239266102626,35.097239266102626
2026-02-19 14:42:29,34.381536362988264,34.381536362988264,34.381536362988264,34.381536362988264,34.381536362988264,34.381536362988264
2026-02-19 14:42:59,35.06916709024803,35.06916709024803,35.06916709024803,35.06916709024803,35.06916709024803,35.06916709024803
2026-02-19 14:43:29,35.06916709024803,35.06916709024803,35.06916709024803,35.06916709024803,35.06916709024803,35.06916709024803
2026-02-19 14:43:59,34.35403663494369,33.68042807347421,33.68042807347421,33.68042807347421,33.68042807347421,34.35403663494369
2026-02-19 14:44:29,34.34029502028971,34.34029502028971,34.34029502028971,34.34029502028971,34.34029502028971,34.34029502028971
2026-02-19 14:44:59,33.65348911988392,33.65348911988392,33.65348911988392,33.65348911988392,33.65348911988392,33.65348911988392
2026-02-19 14:45:29,32.98041933748624,32.320810950736515,32.98041933748624,32.98041933748624,32.320810950736515,32.98041933748624
2026-02-19 14:45:59,32.307882626356225,32.307882626356225,32.307882626356225,31.674394731721787,32.307882626356225,32.307882626356225
2026-02-19 14:46:29,32.307882626356225,32.307882626356225,32.307882626356225,31.674394731721787,32.307882626356225,32.307882626356225
2026-02-19 14:46:59,34.27166935274777,34.27166935274777,34.27166935274777,34.27166935274777,34.27166935274777,33.59967583602723
2026-02-19 14:47:29,34.27166935274777,34.27166935274777,33.586235965692815,34.27166935274777,34.27166935274777,34.27166935274777
2026-02-19 14:47:59,33.57280147130654,33.57280147130654,33.57280147130654,32.91451124637896,33.57280147130654,33.57280147130654
2026-02-19 14:48:29,33.57280147130654,33.57280147130654,33.57280147130654,33.57280147130654,33.57280147130654,33.57280147130654
2026-02-19 14:48:59,32.2433185330428,32.2433185330428,32.2433185330428,32.2433185330428,32.2433185330428,32.2433185330428
2026-02-19 14:49:29,32.23042120562958,32.23042120562958,32.23042120562958,32.87502962974217,32.23042120562958,32.23042120562958
2026-02-19 14:49:59,31.57317845640439,31.57317845640439,31.57317845640439,31.57317845640439,31.57317845640439,31.57317845640439
2026-02-19 14:50:29,32.20464202553247,32.20464202553247,32.20464202553247,32.20464202553247,32.20464202553247,32.20464202553247
2026-02-19 14:50:59,32.20464202553247,32.20464202553247,32.20464202553247,32.20464202553247,32.20464202553247,32.20464202553247
2026-02-19 14:51:29,31.560549185021824,32.20464202553247,32.20464202553247,32.20464202553247,32.20464202553247,32.20464202553247
2026-02-19 14:51:59,30.92933820132139,30.92933820132139,30.92933820132139,30.92933820132139,30.92933820132139,30.92933820132139
2026-02-19 14:52:29,31.535305795361676,31.535305795361676,32.16601191126891,31.535305795361676,31.535305795361676,31.535305795361676
2026-02-19 14:52:59,34.81752575170053,34.81752575170053,34.81752575170053,34.81752575170053,34.81752575170053,34.81752575170053
2026-02-19 14:53:29,34.121175236666524,34.121175236666524,34.121175236666524,34.121175236666524,34.121175236666524,34.121175236666524
2026-02-19 14:53:59,34.10752676657186,34.10752676657186,34.10752676657186,34.10752676657186,34.10752676657186,34.10752676657186
2026-02-19 14:54:29,34.775761430982534,34.775761430982534,34.775761430982534,34.775761430982534,34.775761430982534,34.775761430982534
2026-02-19 14:54:59,36.18070219279422,36.18070219279422,36.18070219279422,36.18070219279422,36.18070219279422,36.18070219279422
2026-02-19 14:55:29,35.45708814893834,35.45708814893834,35.45708814893834,35.45708814893834,35.45708814893834,35.45708814893834
2026-02-19 14:55:59,35.45708814893834,35.45708814893834,35.45708814893834,35.45708814893834,35.45708814893834,35.45708814893834
2026-02-19 14:56:29,36.15176341995234,35.442905313678764,36.15176341995234,36.15176341995234,36.15176341995234,36.15176341995234
2026-02-19 14:56:59,38.36454055536078,38.36454055536078,38.36454055536078,38.36454055536078,38.36454055536078,38.36454055536078
2026-02-19 14:57:29,39.131831366468,39.131831366468,39.131831366468,39.131831366468,39.131831366468,39.131831366468
2026-02-19 14:57:59,37.58221084435586,37.58221084435586,37.58221084435586,37.58221084435586,37.58221084435586,37.58221084435586
2026-02-19 14:58:29,38.31852151921848,38.31852151921848,38.31852151921848,38.31852151921848,38.31852151921848,38.31852151921848
2026-02-19 14:58:59,39.069257992823005,38.3031941106108,38.3031941106108,38.3031941106108,38.3031941106108,38.3031941106108
2026-02-19 14:59:29,39.850643152679474,39.850643152679474,39.850643152679474,39.850643152679474,39.850643152679474,39.850643152679474
2026-02-19 14:59:59,39.8347028954184,39.8347028954184,39.8347028954184,39.8347028954184,39.8347028954184,39.8347028954184
2026-02-19 15:00:29,40.63139695332677,40.63139695332677,40.63139695332677,40.63139695332677,40.63139695332677,40.63139695332677
2026-02-19 15:00:59,40.63139695332677,40.63139695332677,40.63139695332677,40.63139695332677,40.63139695332677,40.63139695332677
2026-02-19 15:01:29,40.61514439454543,40.61514439454543,39.81876901426023,40.61514439454543,39.81876901426023,40.61514439454543
2026-02-19 15:01:59,39.80284150665453,39.80284150665453,39.80284150665453,39.80284150665453,39.80284150665453,39.80284150665453
2026-02-19 15:02:29,38.991181962650835,38.991181962650835,38.991181962650835,38.991181962650835,38.991181962650835,38.991181962650835
2026-02-19 15:02:59,39.75509719966309,39.75509719966309,39.75509719966309,39.75509719966309,39.75509719966309,39.75509719966309
2026-02-19 15:03:29,40.55019914365634,39.73919516078322,40.55019914365634,40.55019914365634,40.55019914365634,40.55019914365634
2026-02-19 15:03:59,39.73919516078322,39.73919516078322,39.73919516078322,39.73919516078322,39.73919516078322,39.73919516078322
2026-02-19 15:04:29,38.16552303241621,38.16552303241621,38.16552303241621,38.16552303241621,38.16552303241621,38.16552303241621
2026-02-19 15:04:59,38.92883349306453,38.92883349306453,38.92883349306453,38.92883349306453,38.92883349306453,38.92883349306453
2026-02-19 15:05:29,37.38725168673918,37.38725168673918,37.38725168673918,37.38725168673918,37.38725168673918,37.38725168673918
2026-02-19 15:05:59,35.906716519944304,35.906716519944304,35.906716519944304,35.906716519944304,35.906716519944304,35.906716519944304
2026-02-19 15:06:29,36.61020091000306,36.61020091000306,36.61020091000306,36.61020091000306,36.61020091000306,36.61020091000306
2026-02-19 15:06:59,37.34240492820311,36.59555682963905,37.34240492820311,37.34240492820311,37.34240492820311,37.34240492820311
2026-02-19 15:07:29,35.86364569304627,35.86364569304627,35.86364569304627,35.86364569304627,35.86364569304627,35.86364569304627
2026-02-19 15:07:59,33.754576417129606,33.754576417129606,33.754576417129606,33.754576417129606,33.754576417129606,33.754576417129606
2026-02-19 15:08:29,33.079484888787015,33.079484888787015,33.079484888787015,33.079484888787015,33.079484888787015,33.079484888787015
2026-02-19 15:08:59,33.079484888787015,33.079484888787015,33.079484888787015,33.079484888787015,33.079484888787015,33.079484888787015
2026-02-19 15:09:29,32.417895191011276,32.417895191011276,32.417895191011276,32.417895191011276,32.417895191011276,32.417895191011276
2026-02-19 15:09:59,32.40492803293487,32.40492803293487,31.756829472276177,32.40492803293487,32.40492803293487,32.40492803293487
2026-02-19 15:10:29,32.40492803293487,32.40492803293487,32.40492803293487,32.40492803293487,32.40492803293487,32.40492803293487
2026-02-19 15:10:59,32.391966061721696,32.391966061721696,32.391966061721696,32.391966061721696,32.391966061721696,32.391966061721696
2026-02-19 15:11:29,31.10924420567752,31.10924420567752,31.10924420567752,31.744126740487264,31.10924420567752,31.10924420567752
2026-02-19 15:11:59,31.731429089791067,31.731429089791067,31.731429089791067,31.731429089791067,31.731429089791067,31.731429089791067
2026-02-19 15:12:29,31.731429089791067,31.731429089791067,31.731429089791067,31.731429089791067,31.731429089791067,31.731429089791067
2026-02-19 15:12:59,30.474864497835345,30.474864497835345,30.474864497835345,30.474864497835345,30.474864497835345,30.474864497835345
2026-02-19 15:13:29,31.07192804307693,31.07192804307693,31.07192804307693,31.07192804307693,31.07192804307693,31.07192804307693
2026-02-19 15:13:59,31.668016981593976,31.668016981593976,31.668016981593976,31.668016981593976,31.668016981593976,31.668016981593976
2026-02-19 15:14:29,32.30137732122586,32.94740486765038,32.30137732122586,32.94740486765038,32.30137732122586,32.30137732122586
2026-02-19 15:14:59,32.934225905703315,32.934225905703315,32.288456770297365,32.934225905703315,32.934225905703315,32.934225905703315
2026-02-19 15:15:29,31.630030559837465,32.27554138758925,32.27554138758925,31.630030559837465,31.630030559837465,31.630030559837465
2026-02-19 15:15:59,31.617378547613527,31.617378547613527,31.617378547613527,30.98503097666126,31.617378547613527,31.617378547613527
2026-02-19 15:16:29,33.53919400773435,33.53919400773435,33.53919400773435,33.53919400773435,33.53919400773435,33.53919400773435
2026-02-19 15:16:59,33.53919400773435,33.53919400773435,33.53919400773435,33.53919400773435,33.53919400773435,33.53919400773435
2026-02-19 15:17:29,33.52577833013126,33.52577833013126,33.52577833013126,33.52577833013126,33.52577833013126,33.52577833013126
2026-02-19 15:17:59,34.196293896733884,34.196293896733884,34.196293896733884,34.196293896733884,34.196293896733884,34.196293896733884
2026-02-19 15:18:29,32.84212065842323,32.84212065842323,32.84212065842323,32.84212065842323,32.84212065842323,32.84212065842323
2026-02-19 15:18:59,32.84212065842323,32.84212065842323,32.84212065842323,32.84212065842323,32.84212065842323,32.84212065842323
2026-02-19 15:19:29,30.910741226742672,31.541572680349663,31.541572680349663,31.541572680349663,31.541572680349663,31.541572680349663
2026-02-19 15:19:59,31.528956051277525,31.528956051277525,31.528956051277525,31.528956051277525,31.528956051277525,31.528956051277525
2026-02-19 15:20:29,30.898376930251978,30.898376930251978,30.898376930251978,30.898376930251978,30.898376930251978,30.898376930251978
2026-02-19 15:20:59,29.674801203814,29.674801203814,29.674801203814,29.08130517973772,29.08130517973772,29.08130517973772
2026-02-19 15:21:29,27.929685494620102,27.929685494620102,27.929685494620102,27.929685494620102,27.929685494620102,27.929685494620102
2026-02-19 15:21:59,27.907346214974087,27.907346214974087,27.907346214974087,27.907346214974087,27.907346214974087,27.907346214974087
2026-02-19 15:22:29,28.46549313927357,28.46549313927357,28.46549313927357,28.46549313927357,28.46549313927357,28.46549313927357
2026-02-19 15:22:59,27.8961832764881,27.8961832764881,27.8961832764881,27.8961832764881,27.8961832764881,27.8961832764881
2026-02-19 15:23:29,27.338259610958335,27.338259610958335,27.338259610958335,27.338259610958335,27.338259610958335,27.338259610958335
2026-02-19 15:23:59,27.87387079325623,27.87387079325623,27.87387079325623,27.87387079325623,27.87387079325623,27.87387079325623
2026-02-19 15:24:29,27.862721244938932,27.862721244938932,27.862721244938932,27.862721244938932,27.862721244938932,27.862721244938932
2026-02-19 15:24:59,27.840435525978375,27.840435525978375,27.840435525978375,27.851576156440956,27.840435525978375,27.840435525978375
2026-02-19 15:25:29,27.283626815458813,27.283626815458813,27.283626815458813,27.283626815458813,27.283626815458813,27.283626815458813
2026-02-19 15:25:59,27.283626815458813,27.272713364732628,27.283626815458813,27.272713364732628,27.272713364732628,27.82929935176799
2026-02-19 15:26:29,28.374530984667825,28.374530984667825,28.374530984667825,28.374530984667825,28.374530984667825,28.374530984667825
2026-02-19 15:26:59,28.374530984667825,28.374530984667825,28.374530984667825,28.374530984667825,28.374530984667825,28.374530984667825
2026-02-19 15:27:29,27.79591754882848,27.79591754882848,27.79591754882848,27.79591754882848,27.79591754882848,27.79591754882848
2026-02-19 15:27:59,27.78479918180895,27.78479918180895,27.78479918180895,27.78479918180895,27.78479918180895,27.78479918180895
2026-02-19 15:28:29,27.78479918180895,27.78479918180895,27.78479918180895,27.78479918180895,27.78479918180895,27.78479918180895
2026-02-19 15:28:59,28.884183849867835,28.317827303792,28.884183849867835,28.317827303792,28.884183849867835,28.884183849867835
2026-02-19 15:29:29,28.30650017287048,28.30650017287048,28.30650017287048,28.30650017287048,28.30650017287048,28.30650017287048
2026-02-19 15:29:59,28.295177572801332,28.295177572801332,28.295177572801332,28.295177572801332,28.295177572801332,28.295177572801332
2026-02-19 15:30:29,28.283859501772213,28.283859501772213,28.283859501772213,28.283859501772213,28.283859501772213,28.283859501772213
2026-02-19 15:30:59,28.272545957971506,28.272545957971506,28.272545957971506,28.837996877130937,28.837996877130937,28.837996877130937
