Time,"__name__=""promtail_custom_block_processed_after_seconds"",container_id=""rskj-miner1"",exported_job=""docker-json-logs"",instance=""host.docker.internal:9080"",job=""promtail"",source=""promtail""","__name__=""promtail_custom_block_processed_after_seconds"",container_id=""rskj-miner2"",exported_job=""docker-json-logs"",instance=""host.docker.internal:9080"",job=""promtail"",source=""promtail""","__name__=""promtail_custom_block_processed_after_seconds"",container_id=""rskj-miner3"",exported_job=""docker-json-logs"",instance=""host.docker.internal:9080"",job=""promtail"",source=""promtail""","__name__=""promtail_custom_block_processed_after_seconds"",container_id=""rskj-miner4"",exported_job=""docker-json-logs"",instance=""host.docker.internal:9080"",job=""promtail"",source=""promtail""","__name__=""promtail_custom_block_processed_after_seconds"",container_id=""rskj-node1"",exported_job=""docker-json-logs"",instance=""host.docker.internal:9080"",job=""promtail"",source=""promtail""","__name__=""promtail_custom_block_processed_after_seconds"",container_id=""rskj-node2"",exported_job=""docker-json-logs"",instance=""host.docker.internal:9080"",job=""promtail"",source=""promtail"""
2026-02-19 03:38:48,0.277236,0.362054,0.475993,0.308615,0.241644,0.24578
2026-02-19 03:39:18,0.614267,0.872806,0.900355,1.113812,0.499411,0.315434
2026-02-19 03:39:48,0.526682,0.50849,0.348053,0.434447,0.394025,0.410498
2026-02-19 03:40:18,0.717947,0.684998,0.484946,0.613327,0.417956,0.434776
2026-02-19 03:40:48,0.44323,0.534459,0.555277,0.484363,0.443381,0.719248
2026-02-19 03:41:18,0.44323,0.996488,0.836872,0.704704,0.762287,0.468126
2026-02-19 03:41:48,0.210379,0.237531,0.223798,0.17989,0.364208,0.370318
2026-02-19 03:42:18,0.579596,0.61504,0.607261,0.332199,0.451991,0.709297
2026-02-19 03:42:48,0.31191,0.380463,0.42175,0.602489,0.478382,0.457702
2026-02-19 03:43:18,0.651617,0.867708,0.556196,0.639445,0.644799,0.872952
2026-02-19 03:43:48,0.651617,0.867708,0.556196,0.639445,0.644799,0.872952
2026-02-19 03:44:18,0.5515,0.594178,0.520175,0.597668,0.627627,0.484479
2026-02-19 03:44:48,0.576045,0.533891,0.856814,0.757032,0.476677,0.504595
2026-02-19 03:45:18,0.623413,0.375586,0.762692,0.376938,0.77393,1.124931
2026-02-19 03:45:48,0.622758,1.497444,0.501858,1.289652,0.659703,1.366454
2026-02-19 03:46:18,0.380019,1.497444,0.501858,1.289652,0.659703,1.366454
2026-02-19 03:46:48,0.010886,0.011952,0.017678,0.012425,0.006351,0.007076
2026-02-19 03:47:18,0.777378,0.716189,0.576494,0.560218,0.644213,0.675861
2026-02-19 03:47:48,0.886206,0.900814,0.388422,0.984097,0.573968,0.61899
2026-02-19 03:48:18,0.587481,0.699826,0.970555,8.485794,0.000019,0.608134
2026-02-19 03:48:48,0.411984,0.624212,0.624691,0.820987,0.549544,0.684692
2026-02-19 03:49:18,0.240849,0.010054,0.010677,0.016685,0.007551,0.011348
2026-02-19 03:49:48,0.438913,0.908385,0.900732,0.799386,0.91627,0.7021
2026-02-19 03:50:18,0.21367,0.013229,0.021388,0.018671,0.008627,0.018662
2026-02-19 03:50:48,0.009966,0.011144,0.021604,0.015414,0.01024,0.004177
2026-02-19 03:51:18,0.021299,0.030876,0.034987,0.034132,0.031853,0.032187
2026-02-19 03:51:48,0.021299,0.030876,0.034987,0.034132,0.031853,0.032187
2026-02-19 03:52:18,0.031237,0.029458,0.027297,0.034697,0.02959,0.035245
2026-02-19 03:52:48,0.008341,0.005222,0.032438,0.018205,0.010977,0.0173
2026-02-19 03:53:18,0.444613,0.566557,0.61156,0.81732,0.447136,0.430753
2026-02-19 03:53:48,0.55218,1.30796,1.335322,1.666432,0.797668,1.043131
2026-02-19 03:54:18,0.686599,0.461189,0.836396,0.826805,0.766937,0.539557
2026-02-19 03:54:48,0.755568,0.467377,0.67364,0.508465,0.371921,0.389753
2026-02-19 03:55:18,0.755568,0.467377,0.67364,0.508465,0.371921,0.389753
2026-02-19 03:55:48,0.755568,0.467377,0.67364,0.508465,0.371921,0.389753
2026-02-19 03:56:18,0.412339,1.002425,0.970943,1.211189,0.915815,0.721427
2026-02-19 03:56:48,0.412339,1.002425,0.970943,1.211189,0.915815,0.721427
2026-02-19 03:57:18,0.696597,1.002425,1.379348,0.579162,0.866474,0.721427
2026-02-19 03:57:48,0.666284,2.046604,0.847957,1.371382,0.940667,0.890209
2026-02-19 03:58:18,0.666284,2.046604,0.847957,1.371382,0.940667,0.890209
2026-02-19 03:58:48,0.93093,1.420282,0.747595,1.08367,0.846915,0.845755
2026-02-19 03:59:18,0.420122,1.686095,1.545816,1.204188,1.133071,1.107194
2026-02-19 03:59:48,1.058785,1.016035,1.50768,1.112975,0.659461,0.679901
2026-02-19 04:00:18,0.590976,0.434571,2.274632,1.155296,0.955329,0.471142
2026-02-19 04:00:48,1.277551,0.50895,1.1398,0.361828,0.944092,0.641453
2026-02-19 04:01:18,0.296167,0.924262,0.003485,1.232251,1.191554,0.750269
2026-02-19 04:01:48,0.563896,0.017571,0.601174,0.014378,0.009022,0.008572
2026-02-19 04:02:18,0.845543,0.809558,0.840876,0.786239,0.017754,0.038715
2026-02-19 04:02:48,1.150262,1.721886,1.537214,2.238172,3.204414,0.944888
2026-02-19 04:03:18,1.341625,1.210089,0.764137,1.924956,1.517023,0.908327
2026-02-19 04:03:48,1.364005,0.945072,0.948183,1.216538,0.615035,0.337447
2026-02-19 04:04:18,1.846203,0.473265,1.36297,1.447507,1.49453,0.960884
2026-02-19 04:04:48,1.230101,0.718408,1.292042,1.243334,0.715601,0.463911
2026-02-19 04:05:18,1.230101,0.718408,1.292042,1.243334,0.715601,0.463911
2026-02-19 04:05:48,1.310272,1.221065,1.263146,0.737556,1.432563,0.81078
2026-02-19 04:06:18,0.630236,0.445397,1.217618,0.963108,1.197146,0.692908
2026-02-19 04:06:48,0.630236,0.445397,1.217618,0.963108,1.197146,0.692908
2026-02-19 04:07:18,0.464883,0.809204,0.309529,0.379385,0.313457,1.087758
2026-02-19 04:07:48,1.800892,0.832706,0.993716,2.124417,1.520309,1.665526
2026-02-19 04:08:18,1.800892,0.832706,0.993716,2.124417,1.520309,1.665526
2026-02-19 04:08:48,1.327768,1.139071,0.657594,0.487113,1.619004,2.299582
2026-02-19 04:09:18,0.489763,0.303807,0.805125,0.638156,0.806863,0.499397
2026-02-19 04:09:48,0.614265,1.41339,0.460657,0.508241,0.405648,0.386302
2026-02-19 04:10:18,0.391698,0.449774,0.590945,0.433801,0.413123,0.422945
2026-02-19 04:10:48,0.549037,0.468207,0.754143,0.759957,0.438136,0.465062
2026-02-19 04:11:18,0.722254,0.371445,0.621714,0.830238,0.59477,0.586838
2026-02-19 04:11:48,0.765011,0.714812,0.795099,0.547945,0.494934,0.668038
2026-02-19 04:12:18,0.49033,0.239699,0.482124,0.502974,0.54822,0.388514
2026-02-19 04:12:48,0.651564,0.839993,0.533093,0.88811,0.687057,0.444148
2026-02-19 04:13:18,0.536042,0.84782,0.882494,0.73301,0.47267,0.49995
2026-02-19 04:13:48,1.044313,0.446586,0.758427,0.000128,0.391809,0.685598
2026-02-19 04:14:18,1.085035,0.410279,1.501289,0.000053,5.127586,0.530863
2026-02-19 04:14:48,0.878887,1.070998,0.52317,1.308355,0.477104,0.49606
2026-02-19 04:15:18,5.361932,1.250024,0.634028,0.56808,0.487244,0.000097
2026-02-19 04:15:48,0.785521,0.777213,0.750951,0.56534,0.633657,0.693967
2026-02-19 04:16:18,0.414879,1.17702,0.934163,0.982905,0.95363,0.914985
2026-02-19 04:16:48,0.414879,1.17702,0.934163,0.982905,0.95363,0.914985
2026-02-19 04:17:18,0.77326,0.797454,0.576608,1.038994,0.566406,0.814883
2026-02-19 04:17:48,0.548439,0.504605,0.431193,0.613583,0.403627,0.434278
2026-02-19 04:18:18,0.992591,0.549484,1.199542,0.976084,0.725323,0.692781
2026-02-19 04:18:48,1.137112,0.389608,0.683077,0.484284,0.609614,0.670187
2026-02-19 04:19:18,0.988359,0.845818,1.075067,0.478232,0.594239,0.812659
2026-02-19 04:19:48,0.998174,0.957251,0.705109,0.918433,0.633822,0.71097
2026-02-19 04:20:18,0.69883,0.780071,0.708575,0.736392,0.486971,0.514171
2026-02-19 04:20:48,0.569612,0.904379,1.569227,1.236544,0.71607,1.17298
2026-02-19 04:21:18,0.778312,1.013812,1.152847,0.572562,0.518997,1.072264
2026-02-19 04:21:48,0.520513,0.53391,0.00003,0.521781,0.612864,0.623205
2026-02-19 04:22:18,0.909488,0.542228,0.000241,1.275021,0.000058,0.000143
2026-02-19 04:22:48,0.709544,1.564927,0.000241,1.275021,1.232067,1.200636
2026-02-19 04:23:18,1.133175,1.218343,0.814107,5.782541,0.696722,1.056728
2026-02-19 04:23:48,0.495261,0.510523,0.575193,0.958978,1.46929,0.502759
2026-02-19 04:24:18,0.980927,0.473987,1.148498,0.911221,0.814846,0.745844
2026-02-19 04:24:48,1.805506,1.144311,0.52881,1.561758,1.100282,1.343056
2026-02-19 04:25:18,1.224142,7.692717,1.68283,1.667093,0.942354,1.495701
2026-02-19 04:25:48,1.621081,0.91828,1.827753,0.956169,1.333427,1.161071
2026-02-19 04:26:18,1.965581,1.764398,0.854687,1.368108,1.190381,0.849133
2026-02-19 04:26:48,1.356734,1.518372,1.706605,0.796849,1.129304,3.058803
2026-02-19 04:27:18,0.72212,1.503593,1.483001,1.144846,0.980789,1.144062
2026-02-19 04:27:48,1.432096,0.732349,9.740247,0.607788,1.26983,1.088388
2026-02-19 04:28:18,0.462403,0.013306,0.035554,6.552577,0.011242,0.009508
2026-02-19 04:28:48,0.004314,0.013028,0.003979,0.005376,0.008034,0.060452
2026-02-19 04:29:18,0.836577,2.244326,2.25907,2.090769,1.365078,1.355914
2026-02-19 04:29:48,1.55417,1.387059,1.343964,1.576979,1.298295,1.215157
2026-02-19 04:30:18,0.386154,0.622315,0.439232,0.286805,0.807386,0.61648
2026-02-19 04:30:48,1.604644,0.348533,0.29367,0.377854,1.049235,1.255354
2026-02-19 04:31:18,1.367874,0.4115,0.357197,0.497189,0.634172,0.51969
2026-02-19 04:31:48,1.875115,0.372666,0.491154,0.278511,1.461738,1.299584
2026-02-19 04:32:18,1.875115,0.372666,0.491154,0.278511,1.461738,1.299584
2026-02-19 04:32:48,0.765467,2.417225,3.046276,2.635975,1.896542,1.864897
2026-02-19 04:33:18,0.910988,1.100913,1.049625,1.193493,0.00623,0.008433
2026-02-19 04:33:48,0.010192,0.004506,0.003753,0.009493,0.010307,0.005778
2026-02-19 04:34:18,2.036304,1.020476,1.815674,1.736568,1.756557,1.782892
2026-02-19 04:34:48,2.489733,0.000094,0.000373,0.803474,2.667743,0.00006
2026-02-19 04:35:18,2.489733,0.000094,0.000373,0.803474,2.667743,0.00006
2026-02-19 04:35:48,2.25957,0.293073,0.773398,0.549341,2.395589,1.81277
2026-02-19 04:36:18,0.446027,1.643852,1.710954,1.837984,1.381954,1.472749
2026-02-19 04:36:48,0.9402,1.589512,7.232743,9.441055,8.602627,7.487056
2026-02-19 04:37:18,2.003816,0.808774,0.31287,0.659881,1.05811,2.078862
2026-02-19 04:37:48,1.159134,3.232925,3.647771,2.917055,1.123759,1.507991
2026-02-19 04:38:18,0.000034,0.000054,0.659248,0.000296,1.89995,2.206626
2026-02-19 04:38:48,1.199532,1.778288,1.408466,0.483521,0.032275,0.051174
2026-02-19 04:39:18,0.360186,0.013787,0.015586,0.015247,0.01107,0.019879
2026-02-19 04:39:48,0.553051,0.431739,0.61725,0.882265,0.363059,0.403981
2026-02-19 04:40:18,0.42046,0.478003,0.613164,0.45306,0.453803,0.467001
2026-02-19 04:40:48,0.42046,0.478003,0.613164,0.45306,0.453803,0.467001
2026-02-19 04:41:18,0.692905,0.500597,0.36603,0.551722,0.436019,0.555665
2026-02-19 04:41:48,0.376995,0.20112,0.335208,0.40465,0.397689,0.590546
2026-02-19 04:42:18,0.290397,0.749164,0.359971,0.183562,0.810081,0.413105
2026-02-19 04:42:48,0.030974,0.021537,0.04044,0.031844,0.028796,0.025042
2026-02-19 04:43:18,0.247117,0.218109,0.312684,0.307518,0.391874,0.389629
2026-02-19 04:43:48,0.500346,0.550096,0.883,0.703147,0.42559,0.631957
2026-02-19 04:44:18,0.796808,1.112959,1.116781,0.476059,0.84799,0.591325
2026-02-19 04:44:48,0.864444,0.535601,0.535569,0.54223,0.769544,0.527803
2026-02-19 04:45:18,0.492054,1.00758,1.013205,0.499964,0.554441,0.556564
2026-02-19 04:45:48,1.105661,0.573217,1.102345,0.911547,0.884448,0.623503
2026-02-19 04:46:18,0.750648,0.610471,0.490861,0.458425,0.673705,0.454098
2026-02-19 04:46:48,0.750648,0.610471,0.490861,0.458425,0.673705,0.454098
2026-02-19 04:47:18,0.000071,0.97777,0.314073,0.965504,0.569922,1.433279
2026-02-19 04:47:48,0.730101,1.392996,0.606145,1.357874,0.743833,1.424149
2026-02-19 04:48:18,0.779985,0.778256,0.770675,0.390617,0.529889,0.539076
2026-02-19 04:48:48,0.779985,0.778256,0.770675,0.390617,0.529889,0.539076
2026-02-19 04:49:18,0.000035,0.429361,0.000053,0.000043,0.001142,0.000022
2026-02-19 04:49:48,0.546685,1.011819,0.927961,0.652155,0.852239,0.557117
2026-02-19 04:50:18,0.813508,0.742618,3.709972,0.529355,0.487664,0.494656
2026-02-19 04:50:48,0.919062,1.223069,2.179185,1.481691,0.821898,0.772773
2026-02-19 04:51:18,0.996374,0.82399,0.928381,0.941771,1.130223,0.765605
2026-02-19 04:51:48,0.630315,0.797107,0.755225,0.800687,0.768201,0.810711
2026-02-19 04:52:18,2.157269,1.194632,0.672927,2.135165,1.436381,0.733382
2026-02-19 04:52:48,1.973687,0.902693,0.716712,2.653954,1.5913,1.122011
2026-02-19 04:53:18,1.504658,1.724378,0.64404,1.647328,1.168092,0.790302
2026-02-19 04:53:48,0.629102,1.080815,1.442749,1.466921,1.500742,0.791867
2026-02-19 04:54:18,1.087474,0.716219,0.985603,0.68039,0.702975,0.519335
2026-02-19 04:54:48,1.02573,0.689351,0.313289,1.029214,0.819218,0.515794
2026-02-19 04:55:18,1.02573,0.689351,0.313289,1.029214,0.819218,0.515794
2026-02-19 04:55:48,0.764481,0.824712,1.343226,0.001096,0.000134,0.511271
2026-02-19 04:56:18,1.338187,1.001537,0.645685,2.006506,1.040267,0.814856
2026-02-19 04:56:48,1.338187,1.001537,0.645685,2.006506,1.040267,0.814856
2026-02-19 04:57:18,0.913743,0.653264,1.268452,0.792164,1.04306,0.612294
2026-02-19 04:57:48,0.986134,1.082788,0.60051,1.273942,0.840855,0.608061
2026-02-19 04:58:18,1.17243,0.894106,1.375868,0.65297,0.924755,0.900324
2026-02-19 04:58:48,0.803505,0.876255,0.619617,0.741819,0.705819,0.580925
2026-02-19 04:59:18,0.422675,0.730795,0.889368,0.509495,0.739027,0.733987
2026-02-19 04:59:48,0.660292,1.43415,1.500125,1.474589,1.060365,0.831804
2026-02-19 05:00:18,4.793075,0.666688,1.283844,0.497695,1.481502,1.065568
2026-02-19 05:00:48,0.987185,1.491279,2.309127,2.359699,2.10558,0.924519
2026-02-19 05:01:18,0.700929,1.442375,1.772764,1.721702,1.270327,0.805359
2026-02-19 05:01:48,0.000027,0.008731,0.006402,0.006966,0.003959,0.003564
2026-02-19 05:02:18,0.003932,0.003262,0.003655,0.003868,0.003335,0.004951
2026-02-19 05:02:48,0.559034,0.011336,0.0107,0.012171,0.00857,0.008899
2026-02-19 05:03:18,0.829314,0.019613,0.016383,0.014009,0.006281,0.008085
2026-02-19 05:03:48,0.480259,0.007417,0.016106,0.011847,0.006346,0.007289
2026-02-19 05:04:18,0.73978,0.788196,1.253454,0.798896,0.024219,0.025848
2026-02-19 05:04:48,1.932622,1.686749,2.03609,0.622886,1.651036,1.313665
2026-02-19 05:05:18,2.65319,2.0611,0.999949,1.686539,2.231843,2.676454
2026-02-19 05:05:48,2.65319,2.0611,0.999949,1.686539,2.231843,2.676454
2026-02-19 05:06:18,1.246168,2.264505,0.754302,1.185566,1.251493,2.097508
2026-02-19 05:06:48,1.372994,1.369109,0.720203,1.394412,1.148601,1.932336
2026-02-19 05:07:18,1.542222,1.287571,1.440597,0.214121,0.620027,1.210566
2026-02-19 05:07:48,1.754181,0.754861,1.484082,2.005455,1.07565,1.36471
2026-02-19 05:08:18,0.910231,2.340254,2.234041,1.659368,1.88962,2.33516
2026-02-19 05:08:48,0.000008,0.007057,0.008372,0.006816,0.004545,0.003458
2026-02-19 05:09:18,0.191131,0.29104,0.351141,0.433255,0.005939,0.007281
2026-02-19 05:09:48,0.343765,0.006648,0.006123,0.007145,0.003922,0.003324
2026-02-19 05:10:18,0.343765,0.006648,0.006123,0.007145,0.003922,0.003324
2026-02-19 05:10:48,0.021794,0.01819,0.032221,0.020463,0.030029,0.019613
2026-02-19 05:11:18,0.021794,0.01819,0.032221,0.020463,0.030029,0.019613
2026-02-19 05:11:48,0.386792,0.902948,0.449752,0.696315,0.486814,0.361114
2026-02-19 05:12:18,0.386792,0.902948,0.449752,0.696315,0.486814,0.361114
2026-02-19 05:12:48,0.598055,0.426944,0.502813,0.547903,0.478494,0.63444
2026-02-19 05:13:18,0.446306,0.58598,0.411855,0.49441,0.40861,0.388749
2026-02-19 05:13:48,0.830925,0.559446,0.810738,0.742626,0.716864,0.535307
2026-02-19 05:14:18,0.46484,0.269528,0.201558,0.37195,0.454516,0.440251
2026-02-19 05:14:48,0.423718,0.399508,0.420479,0.403123,0.028849,0.026059
2026-02-19 05:15:18,0.814207,0.378932,0.510464,6.639787,0.00008,0.447937
2026-02-19 05:15:48,0.788455,0.531509,0.739694,0.782747,0.410818,0.610661
2026-02-19 05:16:18,0.788455,0.732705,0.482033,0.000093,0.000793,0.000068
2026-02-19 05:16:48,0.592294,0.4469,0.597424,0.714531,0.4973,0.666345
2026-02-19 05:17:18,0.544791,0.694518,1.011869,0.833532,0.947809,0.512953
2026-02-19 05:17:48,0.526606,0.461509,0.510824,0.554139,0.433706,0.761001
2026-02-19 05:18:18,0.483646,0.002667,0.00004,0.000223,0.00004,0.739822
2026-02-19 05:18:48,0.991111,1.327553,2.006477,1.012126,0.585548,6.649662
2026-02-19 05:19:18,0.366603,0.55294,0.594683,0.802691,0.476046,0.469455
2026-02-19 05:19:48,0.655874,0.396864,0.311883,0.315933,0.387386,0.415778
2026-02-19 05:20:18,0.225563,0.016331,0.017706,0.021119,0.011697,0.009999
2026-02-19 05:20:48,0.225563,0.016331,0.017706,0.021119,0.011697,0.009999
2026-02-19 05:21:18,0.636772,0.351185,0.731693,0.572958,0.455067,0.436987
2026-02-19 05:21:48,0.322418,0.269182,0.247675,0.404917,0.280317,0.279766
2026-02-19 05:22:18,0.322418,0.269182,0.247675,0.404917,0.280317,0.279766
2026-02-19 05:22:48,0.595865,0.458407,0.35671,0.363366,0.448239,0.647373
2026-02-19 05:23:18,0.595865,0.458407,0.35671,0.363366,0.448239,0.647373
2026-02-19 05:23:48,0.410464,0.611188,0.782243,0.583366,0.564037,0.767661
2026-02-19 05:24:18,0.904029,0.54922,0.980672,1.024176,0.941461,0.655925
2026-02-19 05:24:48,0.933289,0.796904,0.662785,1.272573,0.547929,0.788483
2026-02-19 05:25:18,0.494211,6.868647,1.288679,0.979571,0.673399,0.699321
2026-02-19 05:25:48,0.494211,6.868647,1.288679,0.979571,0.673399,0.699321
2026-02-19 05:26:18,0.597758,0.32703,0.63415,0.628922,0.505802,0.532176
2026-02-19 05:26:48,0.901042,0.855047,0.612992,0.564187,0.369751,0.695628
2026-02-19 05:27:18,0.907002,0.678004,1.93538,0.001124,0.000191,0.000054
2026-02-19 05:27:48,1.118354,1.502662,1.458096,0.000084,0.823631,0.543137
2026-02-19 05:28:18,1.287202,0.829081,1.365285,0.718715,0.719813,0.600719
2026-02-19 05:28:48,1.034118,0.48831,1.357357,0.789574,0.716316,0.645354
2026-02-19 05:29:18,1.034118,0.48831,1.357357,0.789574,0.716316,0.645354
2026-02-19 05:29:48,0.404132,0.009376,0.000107,0.005704,0.004065,0.00544
2026-02-19 05:30:18,0.44525,0.010069,0.417647,0.009664,0.00799,0.005675
2026-02-19 05:30:48,0.692516,1.618182,1.609588,1.950854,1.097323,1.08395
2026-02-19 05:31:18,1.097219,1.198243,1.73137,0.732045,0.567899,0.502268
2026-02-19 05:31:48,1.839191,0.662281,0.000059,1.614006,1.086296,0.000082
2026-02-19 05:32:18,0.714151,0.464796,0.000048,0.476512,0.000048,0.701743
2026-02-19 05:32:48,0.445089,0.527656,0.820279,0.814488,1.000122,0.813077
2026-02-19 05:33:18,0.000052,0.000032,0.796452,0.000034,0.170503,0.176922
2026-02-19 05:33:48,0.320322,0.010365,0.009902,0.010591,0.009574,0.011869
2026-02-19 05:34:18,0.578314,1.155937,1.377014,6.633969,6.401003,0.942318
2026-02-19 05:34:48,0.567446,0.010409,0.013306,0.016554,0.007255,0.008028
2026-02-19 05:35:18,1.413466,0.000033,0.013803,0.016424,0.013311,0.000025
2026-02-19 05:35:48,1.413466,0.000033,0.013803,0.016424,0.013311,0.000025
2026-02-19 05:36:18,1.36537,0.548651,0.455042,0.360895,2.562308,7.415512
2026-02-19 05:36:48,0.326375,0.594942,1.506374,1.000909,0.004904,0.008555
2026-02-19 05:37:18,2.025442,1.104438,1.70904,1.511613,1.308775,1.953562
2026-02-19 05:37:48,0.772478,0.790739,0.423549,0.584311,0.315447,0.570651
2026-02-19 05:38:18,1.504398,1.09904,0.87276,0.7201,0.775813,0.916831
2026-02-19 05:38:48,1.010095,0.189837,0.959936,0.266652,0.346612,0.204246
2026-02-19 05:39:18,1.010095,0.279199,0.319726,0.308782,0.443077,0.618042
2026-02-19 05:39:48,0.532306,0.008852,0.010211,0.015365,0.004294,0.005038
2026-02-19 05:40:18,0.595324,2.234928,1.792571,1.685515,1.76349,2.234056
2026-02-19 05:40:48,0.474681,1.302099,0.739597,0.631563,0.006736,1.766631
2026-02-19 05:41:18,4.313144,1.3453,0.78169,0.299452,2.565383,2.222871
2026-02-19 05:41:48,0.558275,1.021471,1.070784,0.79374,0.011623,0.012206
2026-02-19 05:42:18,0.296752,0.185847,0.296386,0.299071,0.009464,0.00764
2026-02-19 05:42:48,0.756491,0.76233,0.831854,0.808908,0.58164,0.582044
2026-02-19 05:43:18,0.756491,0.76233,0.831854,0.808908,0.58164,0.582044
2026-02-19 05:43:48,0.521124,0.785582,0.835556,0.814919,0.594035,0.549153
2026-02-19 05:44:18,0.801563,0.4023,0.424794,0.634458,0.420479,0.415257
2026-02-19 05:44:48,0.662672,0.524105,0.341586,0.549517,0.695537,0.40339
2026-02-19 05:45:18,0.662672,0.524105,0.341586,0.549517,0.695537,0.40339
2026-02-19 05:45:48,0.662672,0.524105,0.341586,0.549517,0.695537,0.40339
2026-02-19 05:46:18,0.210669,0.304439,0.309473,0.408432,0.459281,0.441214
2026-02-19 05:46:48,0.273244,0.190609,0.434464,0.3875,0.011199,0.009949
2026-02-19 05:47:18,0.28372,0.336455,0.296761,0.330876,0.527883,0.263244
2026-02-19 05:47:48,0.685781,0.390673,0.522458,0.404246,0.767472,0.63244
2026-02-19 05:48:18,0.927539,1.015501,0.558242,0.862302,0.821013,0.993049
2026-02-19 05:48:48,0.647111,0.744018,0.77182,0.784716,0.465198,0.000074
2026-02-19 05:49:18,0.763943,0.817415,0.972162,1.353814,0.83857,0.74518
2026-02-19 05:49:48,0.655182,1.184177,0.88861,0.449191,0.965532,0.52571
2026-02-19 05:50:18,0.441821,0.260737,0.380527,0.347725,0.39371,0.447151
2026-02-19 05:50:48,0.029705,0.035907,0.020527,0.019018,0.031515,0.022657
2026-02-19 05:51:18,0.007464,0.00758,0.008688,0.00873,0.003747,0.006259
2026-02-19 05:51:48,0.006239,0.005992,0.013944,0.008597,0.004213,0.004965
2026-02-19 05:52:18,0.006239,0.005992,0.013944,0.008597,0.004213,0.004965
2026-02-19 05:52:48,0.006239,0.005992,0.013944,0.008597,0.004213,0.004965
2026-02-19 05:53:18,0.492211,0.45227,0.541308,0.691926,0.603897,0.570266
2026-02-19 05:53:48,0.609601,1.025158,0.904729,0.491394,0.799069,0.609517
2026-02-19 05:54:18,0.538065,0.600206,0.716166,0.760584,0.502059,0.720284
2026-02-19 05:54:48,0.720273,0.546558,0.527933,1.031185,0.625982,0.814608
2026-02-19 05:55:18,0.618062,0.411071,0.920109,0.797808,0.800497,0.635058
2026-02-19 05:55:48,0.618062,0.690048,0.681107,0.901697,0.572788,0.649946
2026-02-19 05:56:18,0.644976,1.080235,0.554987,0.77729,0.000037,0.687232
2026-02-19 05:56:48,0.418025,1.189195,1.044853,0.904029,0.589251,0.403871
2026-02-19 05:57:18,0.635915,0.842933,0.373905,0.85976,0.689041,0.692167
2026-02-19 05:57:48,0.635915,0.842933,0.373905,0.85976,0.689041,0.692167
2026-02-19 05:58:18,0.830152,1.208088,0.726513,1.003105,0.895176,1.124061
2026-02-19 05:58:48,0.773635,1.258862,0.955855,0.631928,0.606043,0.825254
2026-02-19 05:59:18,0.52528,0.386704,0.331579,0.494963,0.716801,0.509252
2026-02-19 05:59:48,0.38615,0.466726,0.38697,0.69786,0.864877,0.557188
2026-02-19 06:00:18,0.93921,1.41512,0.897416,0.897861,1.158374,0.853197
2026-02-19 06:00:48,0.516651,1.312494,1.235573,1.225261,0.927822,0.924254
2026-02-19 06:01:18,0.482558,1.505779,1.090272,0.804585,0.894253,0.933002
2026-02-19 06:01:48,1.716855,0.833605,1.238095,1.625751,0.538815,0.960427
2026-02-19 06:02:18,0.000128,0.833605,1.238095,1.625751,0.538815,0.960427
2026-02-19 06:02:48,1.050823,1.690894,1.873387,1.477314,1.298671,1.048683
2026-02-19 06:03:18,0.5144,1.25048,1.265597,1.376058,1.076268,0.979439
2026-02-19 06:03:48,1.312226,0.789972,0.973969,1.05514,0.766705,0.704151
2026-02-19 06:04:18,1.014058,1.105145,0.877984,1.135241,0.826221,1.070207
2026-02-19 06:04:48,0.633612,2.192595,1.412337,1.069273,1.116566,0.922842
2026-02-19 06:05:18,1.04614,0.923727,3.412677,0.393364,0.533207,0.851195
2026-02-19 06:05:48,0.38986,0.006301,0.017775,0.007286,0.00393,0.003849
2026-02-19 06:06:18,0.560421,1.131561,0.699016,0.889857,0.027798,0.023708
2026-02-19 06:06:48,0.53773,0.331193,0.627844,2.012888,0.923087,1.767863
2026-02-19 06:07:18,1.427138,1.590123,0.999599,1.047085,0.709246,1.406878
2026-02-19 06:07:48,1.427138,1.590123,0.999599,1.047085,0.709246,1.406878
2026-02-19 06:08:18,0.97498,2.169476,1.508638,1.796349,1.04471,2.116231
2026-02-19 06:08:48,2.132379,0.997794,1.53044,0.606729,1.482508,1.89624
2026-02-19 06:09:18,1.313396,0.632982,0.321903,1.761622,1.26326,1.577694
2026-02-19 06:09:48,1.499702,1.130267,0.321404,0.80037,1.011553,1.312774
2026-02-19 06:10:18,0.617695,1.287152,0.969875,1.549991,0.960479,1.017133
2026-02-19 06:10:48,0.617695,1.287152,0.969875,1.549991,0.960479,1.017133
2026-02-19 06:11:18,0.714087,1.085678,0.807241,0.861079,1.143484,1.625584
2026-02-19 06:11:48,0.49831,0.793989,1.426429,1.55703,0.889361,0.950652
2026-02-19 06:12:18,0.487759,0.169006,0.262125,0.174763,0.508764,0.678614
2026-02-19 06:12:48,0.015648,0.017407,0.013551,0.016205,0.018866,0.021207
2026-02-19 06:13:18,0.49721,0.283105,0.563803,0.756595,0.492456,0.458629
2026-02-19 06:13:48,0.288182,0.283105,0.306722,0.232393,0.320569,0.326205
2026-02-19 06:14:18,0.601381,0.599183,0.862467,0.800778,0.513404,0.430407
2026-02-19 06:14:48,1.338379,0.926909,0.435188,1.030736,0.703349,0.574034
2026-02-19 06:15:18,1.338379,0.926909,0.435188,1.030736,0.703349,0.574034
2026-02-19 06:15:48,0.367823,0.000054,0.634455,0.281075,0.493464,0.000119
2026-02-19 06:16:18,0.006419,0.008398,0.006378,0.013208,0.009471,0.00691
2026-02-19 06:16:48,0.505541,0.360801,0.625367,0.346214,0.012303,0.012942
2026-02-19 06:17:18,0.831571,0.00006,1.255613,0.811268,0.54683,0.000064
2026-02-19 06:17:48,0.468086,0.273022,0.998325,0.613121,0.461937,0.617344
2026-02-19 06:18:18,0.681885,1.11652,0.956528,0.49721,0.975588,1.205963
2026-02-19 06:18:48,0.954511,0.940904,1.57982,0.950678,0.668059,1.27815
2026-02-19 06:19:18,0.58782,0.772712,0.957304,0.726407,0.364281,0.442869
2026-02-19 06:19:48,0.489548,0.492303,0.464459,0.514992,0.736625,0.546078
2026-02-19 06:20:18,0.280585,0.353409,0.271649,0.300896,0.008273,0.007048
2026-02-19 06:20:48,0.280585,0.353409,0.271649,0.300896,0.008273,0.007048
2026-02-19 06:21:18,0.280585,0.403913,0.271649,0.300896,0.008273,0.007048
2026-02-19 06:21:48,0.657184,0.517195,0.574394,0.531577,0.431712,0.433653
2026-02-19 06:22:18,0.69194,0.000039,1.338487,0.000043,0.569827,0.580241
2026-02-19 06:22:48,1.146429,0.720161,1.252849,0.961206,0.714343,0.724923
2026-02-19 06:23:18,1.019756,1.182682,0.922486,0.674337,0.568914,0.583029
2026-02-19 06:23:48,0.942338,1.285847,0.821052,1.238221,1.149276,1.483894
2026-02-19 06:24:18,0.534864,6.147024,0.960873,0.696121,0.651621,6.045307
2026-02-19 06:24:48,0.74084,1.375502,1.146982,0.548205,0.837243,1.07505
2026-02-19 06:25:18,0.74084,1.375502,1.146982,0.548205,0.837243,1.07505
2026-02-19 06:25:48,0.365532,0.19564,0.631481,0.720912,0.566528,0.608505
2026-02-19 06:26:18,3.712086,0.955873,0.189926,1.164594,0.852999,0.930357
2026-02-19 06:26:48,1.20484,1.393871,1.224213,0.669237,0.743021,0.913788
2026-02-19 06:27:18,0.704331,1.02425,0.862441,0.860277,0.858527,0.806915
2026-02-19 06:27:48,1.120846,1.93047,0.920773,1.694007,1.242883,1.489051
2026-02-19 06:28:18,1.049465,1.187847,1.339359,0.682717,0.848054,0.867208
2026-02-19 06:28:48,0.651812,0.000086,2.035855,1.353308,0.000041,0.000085
2026-02-19 06:29:18,4.966048,0.773802,1.588264,2.206747,0.000029,1.246783
2026-02-19 06:29:48,0.704255,1.307382,1.620604,1.853618,1.479519,1.662502
2026-02-19 06:30:18,1.767786,0.893825,1.604591,0.000078,0.000077,0.000363
2026-02-19 06:30:48,1.16709,0.894773,1.135796,0.776728,0.850792,0.881248
2026-02-19 06:31:18,0.973407,0.823079,0.733755,1.057924,0.607465,0.655988
2026-02-19 06:31:48,1.41042,0.5871,0.781711,1.548417,0.94437,0.705369
2026-02-19 06:32:18,0.35889,1.97924,0.950713,1.717875,0.959162,1.633867
2026-02-19 06:32:48,0.785806,1.081889,0.73093,1.04176,0.034284,0.035715
2026-02-19 06:33:18,2.299775,1.021305,2.093426,1.817901,1.404878,2.227693
2026-02-19 06:33:48,1.94985,1.895579,1.018316,1.681458,1.083266,1.683794
2026-02-19 06:34:18,0.284268,0.79693,0.681893,0.468603,0.642534,0.647738
2026-02-19 06:34:48,0.996316,0.794557,1.092936,0.67013,0.662635,1.186519
2026-02-19 06:35:18,1.290159,1.546781,5.849047,1.406706,0.977733,1.437263
2026-02-19 06:35:48,0.408902,0.344126,0.34766,0.287211,0.540103,0.416019
2026-02-19 06:36:18,0.408902,0.344126,0.34766,0.287211,0.540103,0.416019
2026-02-19 06:36:48,0.408902,0.441834,1.964926,1.448703,1.195874,1.646001
2026-02-19 06:37:18,0.000057,0.598134,0.873781,0.797839,0.764708,0.870507
2026-02-19 06:37:48,1.730357,1.708079,0.637253,1.409148,0.877508,1.25186
2026-02-19 06:38:18,2.321771,0.792972,1.509756,1.91582,1.221122,1.790647
2026-02-19 06:38:48,1.665395,0.501762,0.412076,0.108645,0.450939,0.461007
2026-02-19 06:39:18,0.960247,0.461731,0.557064,0.324733,0.008108,0.008498
2026-02-19 06:39:48,1.51897,0.266526,0.217914,0.291627,0.688718,0.740103
2026-02-19 06:40:18,0.999033,0.369842,0.60224,0.461922,0.009642,0.024401
2026-02-19 06:40:48,0.999033,0.369842,0.60224,0.461922,0.009642,0.024401
2026-02-19 06:41:18,1.024025,0.156399,0.227051,0.255477,0.587777,0.00006
2026-02-19 06:41:48,1.024025,0.156399,0.227051,0.255477,0.587777,0.00006
2026-02-19 06:42:18,0.000008,0.005395,0.008958,0.006127,0.003149,0.005527
2026-02-19 06:42:48,1.447687,0.002937,1.700032,1.82416,1.617728,1.706479
2026-02-19 06:43:18,0.015866,0.016272,0.011192,0.016569,0.028401,0.014332
2026-02-19 06:43:48,0.015866,0.016272,0.011192,0.016569,0.028401,0.014332
2026-02-19 06:44:18,0.340633,0.604746,0.485737,0.589018,0.603355,0.339425
2026-02-19 06:44:48,0.313612,0.592983,0.627717,0.690321,0.42477,0.375676
2026-02-19 06:45:18,0.587985,0.540151,0.506462,0.364416,0.400203,0.396837
2026-02-19 06:45:48,0.721597,0.511652,0.899109,0.668879,0.525149,0.516104
2026-02-19 06:46:18,0.721597,0.511652,0.228702,0.668879,0.525149,0.516104
2026-02-19 06:46:48,0.479445,0.445598,0.799716,0.639199,0.510458,0.644737
2026-02-19 06:47:18,0.328744,0.929109,0.518787,0.743905,0.54219,0.726175
2026-02-19 06:47:48,0.798598,1.185972,0.909074,8.491023,0.675106,0.722628
2026-02-19 06:48:18,0.747578,1.185972,0.737569,2.301156,9.755189,0.341962
2026-02-19 06:48:48,0.455807,0.536258,0.454511,0.707058,1.203714,0.435501
2026-02-19 06:49:18,0.62412,0.539999,0.47123,0.744946,0.606921,0.817017
2026-02-19 06:49:48,0.527561,0.603437,0.70335,0.638288,0.459902,0.468752
2026-02-19 06:50:18,0.457932,0.679219,0.60385,0.325499,0.453582,0.571722
2026-02-19 06:50:48,0.457932,0.679219,0.60385,0.325499,0.453582,0.571722
2026-02-19 06:51:18,0.213087,0.214865,0.000053,0.235912,0.239771,0.227428
2026-02-19 06:51:48,0.359228,5.277177,0.405748,0.473879,0.374125,5.535089
2026-02-19 06:52:18,0.372651,0.892969,0.680529,0.813148,0.701913,0.698215
2026-02-19 06:52:48,0.811607,0.533808,0.392341,1.193944,3.704207,0.632082
2026-02-19 06:53:18,0.811607,0.533808,0.392341,1.193944,3.704207,0.632082
2026-02-19 06:53:48,0.610651,0.530417,0.433229,0.451909,0.744688,0.430845
2026-02-19 06:54:18,0.743404,0.766245,0.658269,0.443862,0.499673,0.635532
2026-02-19 06:54:48,0.413639,0.323123,0.354929,0.000129,0.743644,0.490187
2026-02-19 06:55:18,0.748121,0.448816,0.558669,0.000061,0.000069,0.857737
2026-02-19 06:55:48,0.744779,0.92922,0.566343,0.817479,0.599586,0.560568
2026-02-19 06:56:18,0.707392,0.793697,0.514838,0.895927,0.679151,0.645425
2026-02-19 06:56:48,0.684619,0.637989,0.85753,0.664173,0.629326,0.575976
2026-02-19 06:57:18,0.797159,0.999802,0.454406,1.301403,1.154408,0.679741
2026-02-19 06:57:48,0.361217,0.320185,0.346865,0.302493,0.543962,0.534878
2026-02-19 06:58:18,1.182883,0.921862,1.40286,0.621541,1.194484,1.250345
2026-02-19 06:58:48,1.151433,8.973657,1.201044,1.415757,1.025315,0.525335
2026-02-19 06:59:18,0.293798,0.772572,1.110324,0.367693,0.969105,1.305597
2026-02-19 06:59:48,0.857448,0.879727,0.835347,1.635019,0.971647,1.213307
2026-02-19 07:00:18,0.953917,1.761061,1.304854,0.555828,0.873154,1.027613
2026-02-19 07:00:48,1.357991,0.901611,1.345173,1.327373,1.122502,1.422195
2026-02-19 07:01:18,0.813069,1.392732,0.594911,1.296304,0.885886,0.962067
2026-02-19 07:01:48,0.38733,0.324579,0.500048,0.300784,0.638672,0.582385
2026-02-19 07:02:18,0.38733,0.324579,0.500048,0.300784,0.638672,0.582385
2026-02-19 07:02:48,1.144061,1.809274,1.592842,0.641743,0.981807,1.103929
2026-02-19 07:03:18,0.31024,1.323625,0.632027,1.277664,0.70487,0.707495
2026-02-19 07:03:48,1.381257,1.110184,1.736478,1.406467,1.463473,1.45384
2026-02-19 07:04:18,0.721036,1.110184,1.736478,1.406467,1.463473,1.45384
2026-02-19 07:04:48,0.266569,0.252947,0.313631,0.307157,0.603308,0.584503
2026-02-19 07:05:18,1.421033,1.853674,1.472626,0.828135,1.098302,1.190521
2026-02-19 07:05:48,0.867061,0.592708,0.749885,0.838745,0.582182,0.561875
2026-02-19 07:06:18,1.50955,6.611486,1.710508,0.000043,0.000099,0.000041
2026-02-19 07:06:48,0.940094,0.902232,1.414426,1.164828,1.092593,0.889837
2026-02-19 07:07:18,0.000034,1.275906,0.993756,0.000032,1.370439,1.974911
2026-02-19 07:07:48,1.184849,0.729977,0.644576,0.516821,0.012807,0.017299
2026-02-19 07:08:18,2.75501,0.854807,1.512093,0.000073,0.000473,0.000061
2026-02-19 07:08:48,2.083525,1.517921,1.196708,0.581224,0.932719,1.521522
2026-02-19 07:09:18,2.089944,1.601613,0.863196,1.534379,1.140918,1.516872
2026-02-19 07:09:48,2.369986,2.000493,1.020444,1.327573,1.413381,2.015703
2026-02-19 07:10:18,0.390083,0.543305,0.494947,0.391076,0.501559,0.477207
2026-02-19 07:10:48,1.2216,0.000077,0.693476,0.813166,0.587439,0.763716
2026-02-19 07:11:18,1.143694,1.35248,1.119823,0.537842,1.468837,2.036173
2026-02-19 07:11:48,1.437417,1.104424,1.321035,0.537842,0.000095,0.879159
2026-02-19 07:12:18,1.1577,2.690411,2.166372,1.565119,2.341121,2.639141
2026-02-19 07:12:48,1.942099,1.218912,0.919909,0.943705,1.552087,1.679329
2026-02-19 07:13:18,0.129866,0.306993,0.662854,0.566169,0.367529,0.22712
2026-02-19 07:13:48,0.584296,0.248229,0.190548,0.256958,0.008261,0.004187
2026-02-19 07:14:18,0.43514,0.796038,0.516319,0.271181,0.410718,0.338735
2026-02-19 07:14:48,0.236701,0.442832,0.423995,0.367489,0.623257,0.422109
2026-02-19 07:15:18,0.639901,0.445115,0.806116,0.576177,0.48108,0.589972
2026-02-19 07:15:48,0.848805,0.969426,0.475223,0.990777,0.591692,0.892218
2026-02-19 07:16:18,1.236963,1.431069,1.804508,8.336027,0.733935,1.208017
2026-02-19 07:16:48,0.864652,0.424322,3.4687,0.660131,1.105619,0.448557
2026-02-19 07:17:18,4.642267,0.817593,0.736314,0.923615,0.753309,1.340499
2026-02-19 07:17:48,0.204983,0.474417,0.514331,0.408794,0.017753,0.014005
2026-02-19 07:18:18,0.990732,0.428366,0.450948,0.512604,0.465511,0.467311
2026-02-19 07:18:48,0.661513,0.895955,0.687373,0.955755,1.023882,0.549466
2026-02-19 07:19:18,0.47296,1.207922,1.128673,0.972794,1.02229,0.715466
2026-02-19 07:19:48,0.548117,1.025696,1.046293,0.473473,0.61338,0.533168
2026-02-19 07:20:18,0.674894,0.67346,0.624533,0.91578,0.634049,0.671145
2026-02-19 07:20:48,0.867051,0.855713,0.887412,0.375196,0.57459,0.559048
2026-02-19 07:21:18,0.867051,0.855713,0.887412,0.375196,0.57459,0.559048
2026-02-19 07:21:48,0.57424,0.918559,0.451374,0.797159,0.546873,0.556057
2026-02-19 07:22:18,0.435222,0.023797,0.578987,0.572967,0.005982,0.005732
2026-02-19 07:22:48,1.621847,1.803556,1.400451,0.481401,0.712127,0.782723
2026-02-19 07:23:18,0.561708,0.699492,0.880946,0.519061,0.569143,0.546899
2026-02-19 07:23:48,0.384117,0.939166,0.775695,0.956407,0.630581,0.627032
2026-02-19 07:24:18,0.917413,1.162974,0.603759,1.153799,0.808255,1.174965
2026-02-19 07:24:48,0.89082,1.185472,1.113343,0.574409,0.895551,0.650289
2026-02-19 07:25:18,1.362554,1.484534,1.231499,1.526642,0.672101,1.179505
2026-02-19 07:25:48,0.903332,0.816467,1.10594,0.526597,0.521123,0.741499
2026-02-19 07:26:18,1.030631,0.756189,1.367413,0.918318,0.775006,0.000044
2026-02-19 07:26:48,1.260249,0.324829,0.709799,0.350504,0.65723,0.513906
2026-02-19 07:27:18,0.427583,0.039813,0.536692,0.707615,0.134221,0.000071
2026-02-19 07:27:48,1.223199,1.270891,0.925661,1.532969,5.72951,1.359995
2026-02-19 07:28:18,0.593034,0.094792,0.711212,0.566032,0.064223,0.035179
2026-02-19 07:28:48,0.557755,0.391588,0.64617,0.366294,0.877368,2.052303
2026-02-19 07:29:18,1.30664,1.498549,0.653126,1.532713,0.94013,1.184478
2026-02-19 07:29:48,0.539995,1.258582,1.245882,1.175318,0.802009,0.77311
2026-02-19 07:30:18,0.000052,0.000096,0.864566,0.000046,0.000038,0.000044
2026-02-19 07:30:48,1.273781,1.414251,1.886183,0.947371,0.587586,0.795706
2026-02-19 07:31:18,0.755924,1.604297,1.388151,1.765468,1.095258,1.330746
2026-02-19 07:31:48,1.247007,1.330745,1.192557,1.046724,0.599387,0.688743
2026-02-19 07:32:18,1.89779,1.897375,0.476736,0.59202,1.240159,0.904172
2026-02-19 07:32:48,1.200114,0.68586,1.476673,1.407011,0.922389,1.105037
2026-02-19 07:33:18,0.983658,0.871394,1.267881,1.055238,1.15411,1.031711
2026-02-19 07:33:48,0.360809,0.010208,0.60746,0.619634,0.013632,0.010068
2026-02-19 07:34:18,1.27824,1.614329,0.820379,1.636114,0.985317,1.355137
2026-02-19 07:34:48,1.839002,0.937306,1.842443,2.123724,1.425387,1.566038
2026-02-19 07:35:18,1.180381,1.373509,0.994743,0.000095,0.81214,0.87904
2026-02-19 07:35:48,0.651184,1.377587,2.08384,0.96207,0.936955,1.522704
2026-02-19 07:36:18,0.651184,0.000076,2.08384,0.000306,9.432561,0.000073
2026-02-19 07:36:48,3.127137,0.938559,0.691928,0.775779,1.214132,0.629726
2026-02-19 07:37:18,0.000041,0.033847,0.019424,0.013258,0.017763,0.01139
2026-02-19 07:37:48,0.862336,0.000064,0.000075,0.000088,1.500494,0.848332
2026-02-19 07:38:18,0.933584,1.102127,0.859274,1.08501,0.008269,0.009369
2026-02-19 07:38:48,0.933584,1.102127,0.859274,1.08501,0.008269,0.009369
2026-02-19 07:39:18,2.406246,1.336442,1.229491,1.843786,1.447154,1.040524
2026-02-19 07:39:48,0.107506,0.1601,0.161726,0.165405,0.238416,0.234514
2026-02-19 07:40:18,0.57849,0.383125,0.005757,0.012143,0.010554,0.008032
2026-02-19 07:40:48,0.535181,0.000072,2.047366,0.000076,0.000048,1.283871
2026-02-19 07:41:18,1.094899,0.303747,1.900409,1.193563,1.700466,1.808667
2026-02-19 07:41:48,0.722876,0.936923,0.443687,0.835454,0.01187,0.011193
2026-02-19 07:42:18,1.169548,0.841734,1.261041,0.976835,0.031322,0.070734
2026-02-19 07:42:48,1.009869,0.950966,1.086493,1.588732,4.468909,0.017648
2026-02-19 07:43:18,0.00002,0.008204,0.006878,0.009365,0.005058,0.004859
2026-02-19 07:43:48,1.231981,0.228771,0.642929,0.009026,0.857347,0.467391
2026-02-19 07:44:18,0.005259,0.005814,0.003554,0.003716,0.00361,0.003628
2026-02-19 07:44:48,0.721852,0.451049,0.886871,0.958363,0.516679,0.487925
2026-02-19 07:45:18,0.84329,0.709075,0.513632,0.575913,1.146516,0.74487
2026-02-19 07:45:48,0.791298,0.881388,0.725574,0.593885,0.511553,0.515184
2026-02-19 07:46:18,1.069524,0.611243,1.29401,1.0607,0.708743,0.514373
2026-02-19 07:46:48,1.069524,0.611243,1.29401,1.0607,0.708743,0.514373
2026-02-19 07:47:18,0.225656,0.195699,0.269497,0.298011,0.422573,0.425652
2026-02-19 07:47:48,0.359208,0.592577,0.563121,0.618813,0.594758,0.340923
2026-02-19 07:48:18,0.388263,1.279516,1.434574,1.255835,0.91039,0.83527
2026-02-19 07:48:48,0.566314,0.925502,0.498223,0.980396,0.994788,0.711526
2026-02-19 07:49:18,1.001204,1.084692,0.559505,0.791388,0.844635,0.818277
2026-02-19 07:49:48,0.963498,0.640481,0.927836,1.131942,1.557912,0.940003
2026-02-19 07:50:18,0.591615,0.612683,0.31836,0.85573,0.581115,0.566822
2026-02-19 07:50:48,0.591615,0.612683,0.31836,0.85573,0.581115,0.566822
2026-02-19 07:51:18,1.488602,2.175641,0.455344,0.000234,0.000044,1.727497
2026-02-19 07:51:48,0.842006,1.553003,1.634236,0.554231,1.721953,1.18007
2026-02-19 07:52:18,0.760385,1.061693,1.183236,1.102507,0.940052,0.817944
2026-02-19 07:52:48,0.37869,1.084171,1.286728,1.421286,0.875479,0.803795
2026-02-19 07:53:18,0.464353,1.352354,1.251048,0.905477,1.067515,0.0007
2026-02-19 07:53:48,0.746726,10.953043,0.655437,1.124543,0.718096,0.64875
2026-02-19 07:54:18,1.945856,2.584303,0.502406,1.468243,1.72903,2.200609
2026-02-19 07:54:48,0.864716,0.544244,0.565775,0.64575,1.145036,1.133851
2026-02-19 07:55:18,0.794324,1.252279,0.976036,0.569781,0.96773,1.148382
2026-02-19 07:55:48,0.481533,0.000133,0.000096,1.040056,0.000058,1.043205
2026-02-19 07:56:18,0.541101,0.6594,0.968875,0.688774,0.675477,0.787355
2026-02-19 07:56:48,0.261732,0.514161,0.408527,0.332559,0.010033,0.014951
2026-02-19 07:57:18,0.777517,0.974203,0.446128,0.740017,0.708601,0.757077
2026-02-19 07:57:48,0.769791,0.867588,1.108604,0.880729,1.071617,1.0294
2026-02-19 07:58:18,0.330943,0.993149,1.398746,0.6808,0.675558,0.800657
2026-02-19 07:58:48,2.973877,1.774696,1.782544,1.04182,0.966544,1.286876
2026-02-19 07:59:18,0.301834,0.533098,0.416495,0.448675,0.751885,0.807084
2026-02-19 07:59:48,1.67707,0.938933,0.964202,1.005676,1.079734,0.875343
2026-02-19 08:00:18,1.140919,1.131284,0.821399,0.708305,0.957793,0.735352
2026-02-19 08:00:48,1.691699,6.97675,0.697202,0.923783,1.198627,6.73688
2026-02-19 08:01:18,1.409367,1.560111,0.485638,0.888831,0.875174,0.728
2026-02-19 08:01:48,0.000061,0.91348,0.901371,1.686836,0.74223,0.721194
2026-02-19 08:02:18,0.934514,1.150934,2.530413,1.686836,1.086744,1.281668
2026-02-19 08:02:48,0.934514,0.000079,0.000162,0.000071,5.660112,1.089078
2026-02-19 08:03:18,4.746149,1.536185,2.544038,0.397159,2.504937,1.200336
2026-02-19 08:03:48,1.469165,0.665712,1.80771,1.421639,1.32067,0.668753
2026-02-19 08:04:18,1.697496,1.973676,0.163381,2.609108,1.534146,0.810633
2026-02-19 08:04:48,1.296794,0.955455,1.880859,1.905511,1.472924,0.956615
2026-02-19 08:05:18,2.14755,0.997985,0.000107,0.000058,0.000344,1.11807
2026-02-19 08:05:48,0.438405,0.453275,0.25629,0.21962,0.421245,0.501799
2026-02-19 08:06:18,0.837133,0.812276,1.365154,0.939144,0.006894,0.013647
2026-02-19 08:06:48,0.005918,0.003208,0.006304,0.004306,0.00398,0.003911
2026-02-19 08:07:18,0.005918,0.003208,0.006304,0.004306,0.00398,0.003911
2026-02-19 08:07:48,0.011396,0.008592,0.005986,0.00428,0.005247,0.005367
2026-02-19 08:08:18,0.011396,0.008592,0.005986,0.00428,0.005247,0.005367
2026-02-19 08:08:48,0.592547,0.591477,1.147921,1.299833,0.010616,0.011745
2026-02-19 08:09:18,0.875029,0.615497,2.0264,0.819272,0.006536,0.006447
2026-02-19 08:09:48,1.206934,1.186404,1.666935,1.004569,0.000058,0.000069
2026-02-19 08:10:18,1.237549,0.900804,0.357883,1.083179,0.84744,0.635736
2026-02-19 08:10:48,0.426409,1.550152,0.000099,1.076155,0.000051,1.539113
2026-02-19 08:11:18,0.551236,0.000348,2.676943,1.715965,2.288829,0.000325
2026-02-19 08:11:48,1.240597,2.79348,1.727275,0.327261,1.189094,1.663406
2026-02-19 08:12:18,1.298842,0.883171,0.233228,0.946599,0.912128,1.014735
2026-02-19 08:12:48,0.016221,0.029276,0.021167,0.015493,0.018889,0.020132
2026-02-19 08:13:18,1.146526,1.018595,0.918136,1.151188,1.514536,1.103716
2026-02-19 08:13:48,0.400229,2.827619,4.774197,3.664363,2.562859,2.262968
2026-02-19 08:14:18,0.400229,2.827619,4.774197,3.664363,2.562859,2.262968
2026-02-19 08:14:48,0.007859,0.006875,0.007669,0.003245,0.016483,0.006186
2026-02-19 08:15:18,0.460779,0.603657,0.685006,0.620799,1.242944,0.312513
2026-02-19 08:15:48,0.274482,1.035011,0.755767,0.778602,0.393048,0.497877
2026-02-19 08:16:18,0.405045,0.345344,0.66203,0.55362,0.727467,0.347388
2026-02-19 08:16:48,1.113252,0.792528,1.238889,0.742123,0.48805,0.494866
2026-02-19 08:17:18,0.64576,2.335736,0.497991,1.073754,1.11881,0.576483
2026-02-19 08:17:48,0.584487,0.861515,0.888242,0.854991,0.602024,0.834256
2026-02-19 08:18:18,0.341525,0.574996,0.425069,0.258254,0.393164,0.574343
2026-02-19 08:18:48,0.027327,0.065346,0.083267,0.057369,0.049976,0.050042
2026-02-19 08:19:18,0.448491,0.835504,0.666378,0.468358,0.534064,0.53039
2026-02-19 08:19:48,0.708477,0.834248,0.930645,0.000038,0.503229,0.720147
2026-02-19 08:20:18,0.615873,1.002382,1.749559,1.340075,0.740552,0.76888
2026-02-19 08:20:48,0.521609,0.519285,0.607626,0.549559,0.590968,0.386647
2026-02-19 08:21:18,0.625435,1.020471,0.698678,0.608264,0.556513,0.537884
2026-02-19 08:21:48,0.439501,0.521288,0.761524,0.92483,0.613315,0.545649
2026-02-19 08:22:18,0.000045,0.436385,0.355092,0.877172,0.000097,0.710868
2026-02-19 08:22:48,0.618631,1.194577,1.011114,1.125648,0.854168,1.245694
2026-02-19 08:23:18,0.830134,0.697307,0.750119,0.938665,0.787093,0.498023
2026-02-19 08:23:48,1.002946,0.280173,0.782929,1.713767,0.823511,0.478679
2026-02-19 08:24:18,1.196768,1.078269,0.688655,1.036425,0.823511,0.693969
2026-02-19 08:24:48,0.000087,0.408313,0.794548,0.793894,0.831172,0.947141
2026-02-19 08:25:18,0.955553,1.08931,0.954205,1.090231,1.234505,0.643099
2026-02-19 08:25:48,0.849027,1.019268,0.42938,1.038698,0.660192,0.835642
2026-02-19 08:26:18,0.740997,0.378459,0.69925,0.711461,0.604278,0.840179
2026-02-19 08:26:48,0.750407,0.447583,0.984089,0.654672,0.000141,0.926556
2026-02-19 08:27:18,1.573111,1.289238,1.128487,1.037749,0.662982,0.660303
2026-02-19 08:27:48,1.047664,0.659507,0.618395,0.484315,0.634395,0.553245
2026-02-19 08:28:18,0.731059,0.90352,1.210872,1.394306,0.990044,0.845557
2026-02-19 08:28:48,0.327405,0.545804,0.426324,0.610498,0.576625,0.541595
2026-02-19 08:29:18,0.922107,0.783653,0.517819,0.783031,0.88047,0.780853
2026-02-19 08:29:48,1.01638,0.00012,0.825387,1.508448,1.126671,0.000068
2026-02-19 08:30:18,0.800467,0.875016,0.483307,0.332412,0.559779,0.573751
2026-02-19 08:30:48,0.931122,0.740317,1.458855,1.238197,0.909581,0.847522
2026-02-19 08:31:18,0.958377,1.730735,2.320276,0.841377,1.440261,1.063776
2026-02-19 08:31:48,0.627998,1.542615,2.054228,1.840757,1.222904,1.20273
2026-02-19 08:32:18,0.343654,0.409801,0.008014,0.604225,0.012093,0.010952
2026-02-19 08:32:48,0.402774,0.007988,0.010453,0.011868,0.011927,0.006198
2026-02-19 08:33:18,0.322284,0.498811,0.500798,0.007386,0.007969,0.010972
2026-02-19 08:33:48,0.369568,0.461779,0.654823,0.780457,0.521109,0.512195
2026-02-19 08:34:18,0.788977,0.919802,0.000038,2.853391,1.082742,0.880068
2026-02-19 08:34:48,0.317486,0.371098,0.00934,0.015874,0.005831,0.005275
2026-02-19 08:35:18,1.606948,1.426938,7.158756,0.015874,0.000083,1.669565
2026-02-19 08:35:48,0.000057,1.694568,2.336333,1.23932,1.546073,2.029732
2026-02-19 08:36:18,1.835177,2.640126,2.487325,1.38601,0.000088,1.911349
2026-02-19 08:36:48,0.625424,0.477199,0.731723,0.591092,0.756767,0.707843
2026-02-19 08:37:18,1.435224,1.984112,1.500945,2.230389,1.449015,2.084004
2026-02-19 08:37:48,0.25145,0.705709,0.909777,0.793932,1.131227,1.535542
2026-02-19 08:38:18,1.85942,1.147397,0.381633,1.768015,1.834025,1.848321
2026-02-19 08:38:48,0.352487,0.477226,0.640569,0.444604,0.491197,0.509827
2026-02-19 08:39:18,0.352487,0.477226,0.640569,0.444604,0.491197,0.509827
2026-02-19 08:39:48,1.860412,0.53543,0.724133,0.742391,1.365978,1.341933
2026-02-19 08:40:18,2.358763,1.174526,2.023294,2.056614,1.767087,1.647876
2026-02-19 08:40:48,0.000025,0.755433,0.000104,0.000052,0.000071,0.000043
2026-02-19 08:41:18,1.208201,0.215609,0.41617,0.261532,0.486517,0.459282
2026-02-19 08:41:48,1.128302,0.679954,1.571638,1.51527,1.545586,1.405422
2026-02-19 08:42:18,1.311699,0.165949,0.201117,0.212472,0.000041,0.00008
2026-02-19 08:42:48,1.647355,0.32229,5.931493,6.193711,1.139995,1.031948
2026-02-19 08:43:18,0.590789,0.424048,0.049076,0.011708,0.023891,0.05492
2026-02-19 08:43:48,0.39623,1.961614,2.598562,0.000054,7.067963,2.614848
2026-02-19 08:44:18,1.373424,1.854002,0.507134,0.29818,1.882576,1.022414
2026-02-19 08:44:48,0.627905,2.067589,1.204386,2.21345,0.023447,0.02051
2026-02-19 08:45:18,0.391634,0.015812,0.015068,0.007686,0.01054,0.020865
2026-02-19 08:45:48,0.265396,0.378351,0.219158,0.311922,0.005523,0.004791
2026-02-19 08:46:18,0.498632,0.949812,0.552535,0.765114,0.512965,0.491939
2026-02-19 08:46:48,1.030055,1.014061,0.974232,0.515421,0.538414,0.578316
2026-02-19 08:47:18,0.579962,0.666349,0.760388,0.830141,0.636253,0.450894
2026-02-19 08:47:48,0.333528,0.488507,0.523095,0.708221,0.49955,0.453197
2026-02-19 08:48:18,0.333528,0.488507,0.523095,0.708221,0.49955,0.453197
2026-02-19 08:48:48,0.606056,1.030433,0.842757,0.703271,0.538877,0.765852
2026-02-19 08:49:18,0.995897,0.960865,0.628981,1.012839,3.860393,0.630977
2026-02-19 08:49:48,3.970084,0.746241,0.619781,0.817731,0.555413,0.581884
2026-02-19 08:50:18,0.720482,0.437903,0.747799,0.828328,0.600208,0.608763
2026-02-19 08:50:48,0.374072,0.958956,0.81777,0.810216,1.113911,0.000078
2026-02-19 08:51:18,0.408835,0.785803,0.000077,0.000167,0.000056,0.6248
2026-02-19 08:51:48,0.521188,0.596927,0.695978,0.56856,0.473902,0.529605
2026-02-19 08:52:18,0.389825,0.644776,1.132377,1.072121,0.893124,0.640061
2026-02-19 08:52:48,0.273726,0.356215,0.187065,0.316269,0.01779,0.007332
2026-02-19 08:53:18,0.743178,0.972521,0.364478,0.713291,0.579005,0.000239
2026-02-19 08:53:48,0.743178,0.972521,0.662701,0.713291,0.579005,0.000239
2026-02-19 08:54:18,0.857202,7.025303,0.662701,1.213006,0.888601,6.863254
2026-02-19 08:54:48,0.807839,0.792946,1.150207,0.964013,0.000044,0.584069
2026-02-19 08:55:18,0.679453,0.422479,0.765636,0.641836,0.860858,0.621019
2026-02-19 08:55:48,0.679453,0.422479,0.765636,0.641836,0.860858,0.621019
2026-02-19 08:56:18,0.195203,0.481501,0.304533,0.299079,0.627151,0.425522
2026-02-19 08:56:48,1.071766,0.582681,0.84573,1.231174,1.175057,0.789684
2026-02-19 08:57:18,1.163791,1.326634,1.591198,0.624641,0.920649,0.969475
2026-02-19 08:57:48,0.447772,0.796007,0.610583,0.317356,0.818686,0.730527
2026-02-19 08:58:18,1.82212,1.150316,0.512713,0.947723,1.177727,1.163682
2026-02-19 08:58:48,0.479613,0.21391,0.333157,0.245786,0.457393,0.345303
2026-02-19 08:59:18,0.670837,0.52543,0.648432,0.485214,0.560042,0.39706
2026-02-19 08:59:48,0.825948,0.541574,0.566387,0.612088,0.629893,0.691921
2026-02-19 09:00:18,0.825948,0.541574,0.554925,0.612088,0.629893,0.691921
2026-02-19 09:00:48,0.908762,1.369536,0.665699,1.306501,1.331182,0.77983
2026-02-19 09:01:18,0.33632,0.250294,0.299764,0.321711,0.419007,0.776291
2026-02-19 09:01:48,1.446884,1.841929,1.385608,0.970696,1.347827,0.756553
2026-02-19 09:02:18,0.703362,0.316495,0.240478,0.400375,1.343536,1.22206
2026-02-19 09:02:48,0.930372,0.957205,0.828533,1.085359,0.978425,0.679474
2026-02-19 09:03:18,1.055345,1.048371,0.983914,1.296265,0.951347,0.9315
2026-02-19 09:03:48,1.614845,1.498509,0.026455,0.058799,0.007796,0.006582
2026-02-19 09:04:18,0.614911,0.96558,0.016868,0.016755,0.007232,0.009187
2026-02-19 09:04:48,0.614481,0.82381,2.624338,2.514536,6.560438,0.834781
2026-02-19 09:05:18,0.00007,1.06192,1.853971,1.961245,2.266516,1.146482
2026-02-19 09:05:48,0.911272,2.18137,2.661262,2.797898,1.416515,1.174456
2026-02-19 09:06:18,2.094946,2.028547,2.348787,2.095636,0.864356,1.559257
2026-02-19 09:06:48,2.506876,1.565334,1.775002,0.813669,1.312886,0.877079
2026-02-19 09:07:18,2.506876,1.565334,1.775002,0.813669,1.312886,0.877079
2026-02-19 09:07:48,2.506876,1.565334,1.775002,0.813669,1.312886,0.877079
2026-02-19 09:08:18,0.448623,0.836979,0.504053,0.930856,0.954595,0.687563
2026-02-19 09:08:48,0.263079,0.009287,0.014041,0.008641,0.005226,0.006838
2026-02-19 09:09:18,0.263079,0.009287,0.014041,0.008641,0.005226,0.006838
2026-02-19 09:09:48,0.263079,0.009287,0.014041,0.008641,0.005226,0.006838
2026-02-19 09:10:18,0.660452,1.345577,1.87605,1.640315,1.205163,1.67484
2026-02-19 09:10:48,0.000166,0.714772,2.322335,1.593169,0.781269,0.808653
2026-02-19 09:11:18,1.862879,0.000123,0.000183,1.949625,2.791093,0.00006
2026-02-19 09:11:48,1.184061,1.594479,1.581786,0.595851,0.928425,2.029608
2026-02-19 09:12:18,0.906411,3.858225,3.453189,2.738103,1.695349,2.280518
2026-02-19 09:12:48,1.69703,0.610733,1.175038,0.728108,1.876899,2.240519
2026-02-19 09:13:18,0.624289,1.45606,0.638665,0.995696,0.008899,0.019441
2026-02-19 09:13:48,0.624289,1.45606,0.638665,0.995696,0.008899,0.019441
2026-02-19 09:14:18,0.624289,1.45606,0.638665,0.995696,0.008899,0.019441
2026-02-19 09:14:48,0.822822,1.199699,0.935711,1.03675,0.971036,1.25541
2026-02-19 09:15:18,0.220933,0.514188,1.492576,0.292205,0.861654,0.469803
2026-02-19 09:15:48,0.00715,0.008844,0.007439,0.008989,0.004906,0.003977
2026-02-19 09:16:18,0.04277,0.028622,0.027806,0.029868,0.021661,0.015625
2026-02-19 09:16:48,0.028136,0.026351,0.046767,0.020398,0.020809,0.01147
2026-02-19 09:17:18,0.658083,0.866858,0.447889,1.058225,0.663603,0.680888
2026-02-19 09:17:48,0.613644,0.522523,0.744055,0.507807,0.509499,0.445292
2026-02-19 09:18:18,0.613644,0.522523,0.744055,0.507807,0.509499,0.445292
2026-02-19 09:18:48,0.817401,0.979172,0.481155,0.845527,0.482885,0.442816
2026-02-19 09:19:18,0.553695,0.704909,0.460317,0.663782,0.451527,0.412033
2026-02-19 09:19:48,0.888904,0.749141,0.540674,1.028051,0.725348,0.731581
2026-02-19 09:20:18,0.667629,0.352112,0.898471,0.545819,0.532769,0.732981
2026-02-19 09:20:48,0.484753,0.662982,0.616942,0.547302,0.50651,0.51377
2026-02-19 09:21:18,0.300794,0.298229,0.279516,0.343623,0.005748,0.007115
2026-02-19 09:21:48,0.638856,0.436328,0.762854,0.729527,0.537692,0.523714
2026-02-19 09:22:18,0.638856,0.436328,0.762854,0.729527,0.537692,0.523714
2026-02-19 09:22:48,0.700674,0.431297,0.897926,0.684469,0.632382,0.77239
2026-02-19 09:23:18,0.82948,0.858015,0.898276,0.548255,0.802059,0.922922
2026-02-19 09:23:48,0.898782,0.4684,0.953727,1.020355,0.694935,0.596457
2026-02-19 09:24:18,1.043861,0.609816,0.624701,0.545932,1.254252,0.625179
2026-02-19 09:24:48,0.359221,0.630743,0.280963,0.54726,0.523818,0.476945
2026-02-19 09:25:18,0.885069,0.614752,1.275686,0.933672,1.03775,0.690187
2026-02-19 09:25:48,2.332378,1.509965,1.55694,0.387253,0.000399,0.000112
2026-02-19 09:26:18,0.387384,0.456261,0.517342,0.744914,0.36934,0.491993
2026-02-19 09:26:48,1.207224,1.1583,0.80781,1.536337,0.810808,0.877246
2026-02-19 09:27:18,0.741397,0.406884,1.220626,1.015295,0.663187,0.903236
2026-02-19 09:27:48,0.49625,0.851729,0.706339,0.894653,0.667726,0.653594
2026-02-19 09:28:18,0.750735,0.95214,1.08018,0.627748,0.732355,0.745404
2026-02-19 09:28:48,0.884615,0.665305,1.214563,1.269434,0.701738,0.69451
2026-02-19 09:29:18,0.424952,0.909495,0.745798,0.845117,0.895385,0.67155
2026-02-19 09:29:48,0.905819,1.302866,0.563575,1.372509,0.830158,0.848833
2026-02-19 09:30:18,0.922629,0.62559,0.88898,0.727733,0.662737,0.647713
2026-02-19 09:30:48,0.670019,0.87349,0.741952,0.695051,0.876099,0.591218
2026-02-19 09:31:18,0.670019,0.87349,0.741952,0.695051,0.876099,0.591218
2026-02-19 09:31:48,1.05586,6.579497,1.019905,1.641978,1.255404,6.004687
2026-02-19 09:32:18,1.010472,0.97909,1.526154,0.772868,1.05443,1.900079
2026-02-19 09:32:48,1.749913,2.238358,2.85576,12.144594,1.299922,1.377274
2026-02-19 09:33:18,1.545078,0.974851,1.798501,2.520141,1.218257,0.868501
2026-02-19 09:33:48,0.982632,0.614184,1.815907,1.448284,0.706321,0.962581
2026-02-19 09:34:18,1.143106,1.437542,1.224967,0.00005,0.000057,0.000038
2026-02-19 09:34:48,1.186899,1.135118,0.777041,1.349745,0.992841,0.707447
2026-02-19 09:35:18,1.106191,1.372058,0.942436,1.319223,0.00006,0.76372
2026-02-19 09:35:48,1.106191,1.372058,0.942436,1.319223,0.00006,0.76372
2026-02-19 09:36:18,0.8679,0.516788,0.577862,0.686696,0.618302,0.746493
2026-02-19 09:36:48,0.8679,0.516788,0.577862,0.686696,0.618302,0.746493
2026-02-19 09:37:18,0.709846,0.89003,0.828388,0.968338,0.62321,0.716818
2026-02-19 09:37:48,0.709846,0.89003,4.145779,0.968338,0.62321,0.716818
2026-02-19 09:38:18,1.11132,1.077871,1.744701,2.035471,0.90256,0.839969
2026-02-19 09:38:48,1.069341,0.000034,0.386259,0.000022,0.997445,0.958859
2026-02-19 09:39:18,0.927921,0.776537,1.150017,0.997977,0.027454,0.038474
2026-02-19 09:39:48,1.790119,2.038349,1.906536,1.143364,1.336068,1.982408
2026-02-19 09:40:18,1.524475,0.000124,3.420251,3.038725,1.972643,0.000193
2026-02-19 09:40:48,0.521613,0.948013,1.03376,0.741554,0.278042,0.262672
2026-02-19 09:41:18,1.347088,1.782492,1.636951,1.743585,1.5812,1.437463
2026-02-19 09:41:48,2.115582,0.372177,0.4551,0.953118,0.025082,0.028499
2026-02-19 09:42:18,2.649906,0.842951,1.433578,1.829848,2.12133,0.000071
2026-02-19 09:42:48,3.204014,1.974303,1.971316,0.880353,1.950219,2.692186
2026-02-19 09:43:18,0.989755,2.575834,2.533059,1.934413,1.815854,2.572333
2026-02-19 09:43:48,0.731096,0.597583,0.422352,0.995616,0.007072,0.005748
2026-02-19 09:44:18,2.420539,0.366491,0.421447,2.027936,0.971283,1.112088
2026-02-19 09:44:48,1.398539,0.198645,0.403886,0.973911,0.942083,1.28058
2026-02-19 09:45:18,1.798283,0.578111,6.576824,1.713463,0.984152,1.70104
2026-02-19 09:45:48,0.779241,0.942888,1.187312,1.043486,0.024739,0.011065
2026-02-19 09:46:18,0.000022,1.535919,1.536926,2.418338,2.362748,1.872706
2026-02-19 09:46:48,0.00005,0.007059,0.013961,0.009022,0.008324,0.007659
2026-02-19 09:47:18,0.018231,0.010626,0.009377,0.00762,0.008858,0.005617
2026-02-19 09:47:48,0.029298,0.033109,0.019334,0.032927,0.020678,0.033092
2026-02-19 09:48:18,0.840343,7.067834,0.664376,0.396454,0.384811,6.097743
2026-02-19 09:48:48,0.493113,0.500355,0.623345,0.680696,0.57836,0.363082
2026-02-19 09:49:18,0.446172,0.348509,0.431024,0.346953,0.330456,0.325122
2026-02-19 09:49:48,0.492894,0.710016,0.693715,0.694543,0.427013,0.432075
2026-02-19 09:50:18,0.547042,0.417897,0.404625,0.463545,0.400184,0.418205
2026-02-19 09:50:48,0.406635,0.828993,1.002956,0.768836,0.758994,0.673351
2026-02-19 09:51:18,0.296275,0.360632,0.507518,0.250727,0.576281,0.381987
2026-02-19 09:51:48,0.373972,0.325496,0.572065,0.451496,0.006936,0.007047
2026-02-19 09:52:18,0.36442,0.75661,0.694915,0.606993,0.538108,0.560132
2026-02-19 09:52:48,0.450567,0.533162,0.568584,0.419509,0.445822,0.452525
2026-02-19 09:53:18,0.424067,0.863849,0.816186,0.529121,0.523412,0.812027
2026-02-19 09:53:48,0.458347,0.900525,0.995701,1.007883,0.864371,0.657252
2026-02-19 09:54:18,0.458347,0.900525,0.995701,1.007883,0.864371,0.657252
2026-02-19 09:54:48,0.747088,0.766,0.555886,0.489396,0.558912,0.54085
2026-02-19 09:55:18,0.747088,0.766,0.555886,0.489396,0.558912,0.54085
2026-02-19 09:55:48,0.541149,0.582185,1.018242,0.953801,0.523827,0.65309
2026-02-19 09:56:18,0.010368,0.009707,0.020172,0.008151,0.003837,0.005961
2026-02-19 09:56:48,0.010054,0.012568,0.003095,0.007921,0.007866,0.008496
2026-02-19 09:57:18,0.612349,0.643475,6.042327,0.633683,0.671387,0.638701
2026-02-19 09:57:48,0.345326,0.493189,0.275713,0.577995,0.506321,0.640002
2026-02-19 09:58:18,0.701879,1.344837,0.775781,1.281212,8.480607,1.171395
2026-02-19 09:58:48,0.825251,0.879048,1.253915,1.523014,1.29137,0.990414
2026-02-19 09:59:18,0.998469,0.944149,1.43684,1.309931,0.809964,0.895434
2026-02-19 09:59:48,0.398327,0.98437,0.977444,2.122576,0.659368,0.681035
2026-02-19 10:00:18,0.885605,0.632524,2.240496,0.829421,0.55896,0.6004
2026-02-19 10:00:48,1.374762,6.656233,1.423844,0.58015,0.000072,6.93151
2026-02-19 10:01:18,0.493837,0.62527,0.840895,0.857599,0.000041,0.597832
2026-02-19 10:01:48,1.329307,1.051144,1.184282,0.586211,1.32842,0.827537
2026-02-19 10:02:18,1.039597,0.642841,1.044389,1.246567,0.544728,0.796805
2026-02-19 10:02:48,0.551453,0.543738,1.122587,0.617499,0.581723,0.918757
2026-02-19 10:03:18,1.112547,0.820502,1.294593,1.076832,0.736359,0.436288
2026-02-19 10:03:48,0.861959,0.367789,0.334452,0.747788,0.726775,0.806518
2026-02-19 10:04:18,0.23982,0.367789,0.334452,0.506945,0.418573,0.403251
2026-02-19 10:04:48,0.23982,0.367789,0.334452,0.506945,0.418573,0.403251
2026-02-19 10:05:18,1.07699,0.989111,0.752623,0.974264,1.03068,0.793812
2026-02-19 10:05:48,1.312283,0.690806,0.738512,1.441839,0.802972,0.904549
2026-02-19 10:06:18,0.751204,0.557777,0.598933,0.330779,0.608458,0.890684
2026-02-19 10:06:48,1.097303,0.741973,1.406079,5.453924,1.078569,0.852636
2026-02-19 10:07:18,0.730407,1.765268,1.080848,1.732263,0.895376,0.784189
2026-02-19 10:07:48,0.639064,1.463138,6.261645,1.969395,1.45151,1.251966
2026-02-19 10:08:18,0.912156,0.000015,1.514104,0.000044,0.000031,0.000067
2026-02-19 10:08:48,1.049049,0.000054,1.892952,2.396404,1.22047,0.000066
2026-02-19 10:09:18,1.720238,1.238481,1.550859,1.205291,0.932176,0.985507
2026-02-19 10:09:48,1.144902,0.341608,0.367831,0.336254,0.685253,1.186205
2026-02-19 10:10:18,1.198678,0.589748,0.31204,0.552025,1.504766,1.386779
2026-02-19 10:10:48,0.513514,0.920625,1.028152,0.863348,0.012669,0.007945
2026-02-19 10:11:18,0.542988,1.767867,1.488528,1.908149,1.433653,1.688267
2026-02-19 10:11:48,0.364385,0.00715,0.016858,0.01102,0.004312,0.005992
2026-02-19 10:12:18,0.520643,1.441119,1.532192,1.234345,1.25417,1.384699
2026-02-19 10:12:48,0.660559,0.075182,0.032384,0.069927,0.045713,0.049283
2026-02-19 10:13:18,0.660559,0.075182,0.032384,0.069927,0.045713,0.049283
2026-02-19 10:13:48,2.125131,2.051753,1.007594,2.019611,1.679791,1.902325
2026-02-19 10:14:18,0.890202,1.208519,0.997669,0.865254,0.537539,0.862158
2026-02-19 10:14:48,0.706489,2.635446,2.621652,2.680826,1.674133,1.822348
2026-02-19 10:15:18,0.900473,0.792774,1.511824,1.044491,0.57719,0.76807
2026-02-19 10:15:48,0.495685,0.524917,0.405757,0.831535,0.031465,0.035857
2026-02-19 10:16:18,0.495685,0.524917,0.405757,0.831535,0.031465,0.035857
2026-02-19 10:16:48,0.338482,0.306569,0.259391,0.796992,0.284849,0.273887
2026-02-19 10:17:18,0.416225,0.000064,0.259391,2.426456,0.284849,2.377877
2026-02-19 10:17:48,1.128793,0.710808,0.476748,0.545229,0.630803,0.949348
2026-02-19 10:18:18,0.892483,0.000098,0.419309,0.307136,0.000077,0.000075
2026-02-19 10:18:48,0.246311,0.248043,0.254495,0.214896,0.008292,0.012263
2026-02-19 10:19:18,0.308707,0.856954,0.820655,0.838482,0.539427,0.491761
2026-02-19 10:19:48,0.308707,0.856954,0.820655,0.838482,0.539427,0.491761
2026-02-19 10:20:18,0.000201,0.858141,0.504094,1.013399,0.565463,0.515701
2026-02-19 10:20:48,0.000201,0.858141,0.504094,1.013399,0.565463,0.515701
2026-02-19 10:21:18,0.56294,0.333957,0.563571,0.490874,0.416566,0.405558
2026-02-19 10:21:48,0.422437,0.762795,0.571491,0.385558,0.536039,0.533529
2026-02-19 10:22:18,0.527067,0.550835,0.585115,0.594342,0.550257,0.507008
2026-02-19 10:22:48,1.029918,0.000065,0.699252,0.000077,0.000065,0.6793
2026-02-19 10:23:18,0.464522,0.332143,0.487871,0.514558,0.401608,0.467374
2026-02-19 10:23:48,0.31339,0.41451,0.477609,0.258591,0.401136,0.407253
2026-02-19 10:24:18,0.726416,0.988329,0.618885,0.733999,0.583582,0.498705
2026-02-19 10:24:48,0.64184,0.83471,0.981146,0.892679,0.616963,0.780698
2026-02-19 10:25:18,1.037976,0.895118,0.915595,1.102385,0.63293,0.587476
2026-02-19 10:25:48,0.564828,0.405307,0.772612,1.081452,0.574608,0.504629
2026-02-19 10:26:18,0.733177,1.102306,0.378037,0.700028,1.045194,0.745376
2026-02-19 10:26:48,2.639469,0.011994,0.011575,0.016346,0.007038,0.00663
2026-02-19 10:27:18,0.014333,0.012934,0.028849,0.014732,0.009302,0.01048
2026-02-19 10:27:48,0.475236,0.364216,0.008347,0.017643,0.00727,0.005185
2026-02-19 10:28:18,0.644592,0.477641,0.617307,0.588281,0.560392,0.514185
2026-02-19 10:28:48,0.47602,0.424982,0.595766,0.490834,0.670575,0.662552
2026-02-19 10:29:18,0.858524,0.668595,0.394084,0.869902,0.554534,0.698056
2026-02-19 10:29:48,0.873934,1.288136,1.197557,0.623684,0.806465,0.632296
2026-02-19 10:30:18,0.873934,1.288136,1.197557,0.623684,0.806465,0.632296
2026-02-19 10:30:48,0.435613,1.343998,1.498093,1.583764,1.035452,0.964614
2026-02-19 10:31:18,0.794357,1.117344,0.869471,1.132172,0.778782,0.71867
2026-02-19 10:31:48,0.555142,0.878466,1.090112,0.533635,0.535911,0.497933
2026-02-19 10:32:18,0.555142,0.878466,1.090112,0.533635,0.535911,0.497933
2026-02-19 10:32:48,0.370912,0.2685,0.129545,0.296037,0.473605,0.215384
2026-02-19 10:33:18,0.000046,0.007444,0.007824,0.021602,0.007898,0.01044
2026-02-19 10:33:48,0.588092,1.36525,1.525787,1.379126,0.757438,0.610147
2026-02-19 10:34:18,0.588092,1.36525,1.525787,1.379126,0.757438,0.610147
2026-02-19 10:34:48,1.225133,0.95862,1.186322,1.142618,0.564669,0.528555
2026-02-19 10:35:18,0.881844,0.559677,0.953323,1.701384,0.72212,0.64349
2026-02-19 10:35:48,0.799873,1.049278,0.761893,1.11582,0.649197,0.589118
2026-02-19 10:36:18,0.437318,0.431655,0.467627,0.417826,0.54596,0.7441
2026-02-19 10:36:48,0.311678,0.372441,0.499804,0.000117,0.523303,0.476915
2026-02-19 10:37:18,0.000025,0.012209,2.357291,0.596127,0.013982,0.005705
2026-02-19 10:37:48,0.27684,0.014212,0.011979,0.015704,0.007775,0.00572
2026-02-19 10:38:18,1.683509,0.743948,2.383898,1.877901,1.072211,0.870507
2026-02-19 10:38:48,1.739795,1.698707,1.229539,1.753656,1.053343,0.896977
2026-02-19 10:39:18,1.535611,1.693725,1.861093,0.984618,0.928049,0.696484
2026-02-19 10:39:48,0.351205,0.715983,0.280567,0.762634,0.776221,0.775605
2026-02-19 10:40:18,1.455036,1.270327,2.035088,1.097729,1.072734,0.770315
2026-02-19 10:40:48,1.725176,1.363482,1.960544,1.086253,1.317036,1.142782
2026-02-19 10:41:18,0.271622,0.366278,0.73013,0.293909,0.731173,0.71576
2026-02-19 10:41:48,0.797799,0.014199,0.030662,0.032002,0.025343,0.028761
2026-02-19 10:42:18,0.00282,0.00398,0.003868,0.003465,0.006012,0.004497
2026-02-19 10:42:48,0.00282,0.00398,0.003868,0.003465,0.006012,0.004497
2026-02-19 10:43:18,0.280096,0.006213,0.011003,0.010531,0.007582,0.005869
2026-02-19 10:43:48,0.017557,0.008483,0.034328,0.707176,0.01329,0.010059
2026-02-19 10:44:18,0.718459,2.74483,2.098783,2.492756,1.51103,2.299319
2026-02-19 10:44:48,0.507446,0.511275,0.812815,0.556772,1.010577,1.427287
2026-02-19 10:45:18,0.770258,0.733314,0.663624,0.709108,1.164114,1.442188
2026-02-19 10:45:48,0.437686,0.806391,1.003512,1.203395,0.021354,0.031098
2026-02-19 10:46:18,0.917305,0.785887,0.425698,0.62715,1.187226,1.588132
2026-02-19 10:46:48,0.520376,0.000075,0.00011,0.000089,1.32314,1.138689
2026-02-19 10:47:18,0.442756,1.95903,2.005244,1.530645,0.647914,0.624073
2026-02-19 10:47:48,1.733445,2.171915,1.395509,1.586584,1.164727,1.345507
2026-02-19 10:48:18,2.136353,1.647848,0.000028,8.58036,0.710822,0.940731
2026-02-19 10:48:48,2.136353,0.656741,1.34806,1.106096,0.710822,1.57579
2026-02-19 10:49:18,0.208556,1.34621,0.702852,0.91908,1.424923,0.675226
2026-02-19 10:49:48,1.623356,0.600723,0.85109,1.039743,0.495649,0.620149
2026-02-19 10:50:18,0.626965,0.587543,0.620649,0.98242,0.452802,0.493015
2026-02-19 10:50:48,0.468402,0.711235,0.718887,0.743717,0.40509,0.445123
2026-02-19 10:51:18,0.865181,0.960821,0.580219,0.719141,0.50183,0.611936
2026-02-19 10:51:48,0.726743,0.515142,0.870854,0.584872,0.4441,0.493487
2026-02-19 10:52:18,0.39722,0.301293,0.898123,0.575441,0.613198,0.751201
2026-02-19 10:52:48,0.39722,0.301293,0.898123,0.575441,0.613198,0.751201
2026-02-19 10:53:18,0.39722,0.301293,0.898123,0.575441,0.613198,0.751201
2026-02-19 10:53:48,0.489539,6.373434,1.055275,1.197328,0.672659,5.584072
2026-02-19 10:54:18,0.709962,0.990439,1.145048,1.280816,0.70801,0.751825
2026-02-19 10:54:48,0.709962,0.990439,1.145048,1.280816,0.70801,0.751825
2026-02-19 10:55:18,0.000101,0.000096,0.715162,1.255914,0.728095,0.000055
2026-02-19 10:55:48,0.558834,0.565786,0.865386,0.406219,0.472944,1.534291
2026-02-19 10:56:18,0.341994,1.036674,0.456283,0.000055,0.565349,0.000115
2026-02-19 10:56:48,1.256819,1.17627,0.555663,1.256902,0.781099,0.601064
2026-02-19 10:57:18,1.256819,1.17627,0.555663,1.256902,0.781099,0.601064
2026-02-19 10:57:48,0.954499,0.860844,0.980224,0.590904,0.573019,0.577749
2026-02-19 10:58:18,1.041183,1.101621,0.619408,1.281576,0.758154,0.859831
2026-02-19 10:58:48,0.695377,0.803969,0.682617,0.664822,0.553479,0.615079
2026-02-19 10:59:18,1.172002,0.892085,0.63115,0.416687,0.473382,0.515649
2026-02-19 10:59:48,0.941528,1.086779,1.004966,0.491174,1.001835,0.739026
2026-02-19 11:00:18,1.086419,0.668309,0.923884,0.446175,0.969075,0.71082
2026-02-19 11:00:48,0.940699,0.595805,0.42468,0.611981,0.683622,0.4758
2026-02-19 11:01:18,5.234102,1.427796,0.703387,0.71899,0.66663,0.78613
2026-02-19 11:01:48,5.234102,1.427796,0.703387,0.71899,0.66663,0.78613
2026-02-19 11:02:18,5.234102,1.427796,0.703387,0.71899,0.66663,0.78613
2026-02-19 11:02:48,0.279094,0.857007,0.711825,0.880017,0.852359,1.271428
2026-02-19 11:03:18,0.241517,0.022989,0.017084,0.01468,0.008938,0.015142
2026-02-19 11:03:48,0.023407,0.035529,0.047544,0.038964,0.02191,0.043653
2026-02-19 11:04:18,0.026035,0.008719,0.012788,0.015926,0.007932,0.009478
2026-02-19 11:04:48,0.785091,1.147579,0.818454,1.072351,0.982557,1.361232
2026-02-19 11:05:18,1.554909,6.596758,0.959531,1.415725,0.864883,5.946196
2026-02-19 11:05:48,1.454874,1.322585,1.517136,0.624678,1.294857,2.102187
2026-02-19 11:06:18,0.876969,1.086333,1.048965,0.624678,0.691067,0.653249
2026-02-19 11:06:48,0.647221,1.253852,1.041212,1.107853,0.749385,1.059126
2026-02-19 11:07:18,0.831339,0.339767,0.523902,0.364061,0.659176,0.871844
2026-02-19 11:07:48,0.806803,0.339767,0.45515,0.364061,0.536283,0.518265
2026-02-19 11:08:18,1.071077,0.000155,1.052333,0.848973,0.000566,0.001732
2026-02-19 11:08:48,1.071077,0.000155,1.052333,0.848973,0.000566,0.001732
2026-02-19 11:09:18,1.071077,0.000155,1.052333,0.848973,0.000566,0.001732
2026-02-19 11:09:48,1.071077,0.000155,1.052333,0.848973,0.000566,0.001732
2026-02-19 11:10:18,1.224278,1.62493,0.986887,1.226876,1.317911,1.027651
2026-02-19 11:10:48,1.513686,0.000071,0.000208,1.010626,1.130049,0.000237
2026-02-19 11:11:18,0.743809,0.705995,1.103868,0.778336,0.790967,0.612323
2026-02-19 11:11:48,1.461465,1.780083,1.391632,0.676288,1.154421,1.208126
2026-02-19 11:12:18,1.067489,1.31951,1.162443,0.579563,0.988822,1.2743
2026-02-19 11:12:48,1.546474,0.738028,1.564004,1.96356,8.248665,1.383428
2026-02-19 11:13:18,0.38208,0.642371,0.864499,1.14469,0.004352,0.005052
2026-02-19 11:13:48,1.289295,0.365544,0.666815,0.000042,0.000048,0.000128
2026-02-19 11:14:18,0.952057,0.311463,0.403182,0.246307,1.06451,1.34287
2026-02-19 11:14:48,0.767405,0.444095,0.281481,0.443964,0.925522,1.206798
2026-02-19 11:15:18,0.807646,1.30998,0.023275,0.014394,0.013235,0.005879
2026-02-19 11:15:48,0.510784,0.991719,0.487604,2.480152,0.03588,0.023117
2026-02-19 11:16:18,0.408687,0.938448,3.001003,1.170547,0.62744,2.207491
2026-02-19 11:16:48,0.52962,1.947672,3.042329,1.630953,4.17169,1.628108
2026-02-19 11:17:18,2.116768,2.692853,2.15654,1.972165,0.849851,1.587474
2026-02-19 11:17:48,1.08813,0.968672,0.956752,0.964488,0.011404,0.007739
2026-02-19 11:18:18,1.207425,1.396191,2.486876,0.566238,1.647759,1.974573
2026-02-19 11:18:48,1.207425,1.396191,2.486876,0.566238,1.647759,1.974573
2026-02-19 11:19:18,1.002775,0.676587,1.469465,1.00466,1.079801,1.735499
2026-02-19 11:19:48,0.340563,1.011913,0.00032,1.865992,1.211953,0.000223
2026-02-19 11:20:18,0.340563,0.570322,0.537977,0.54126,0.921831,1.264957
2026-02-19 11:20:48,0.456678,0.35493,0.513931,0.493144,0.373403,0.356945
2026-02-19 11:21:18,0.351412,0.885538,0.001885,0.00008,0.000067,0.581692
2026-02-19 11:21:48,0.333304,0.742169,0.899182,0.882929,0.611181,0.513895
2026-02-19 11:22:18,0.730005,0.368641,0.503285,0.468617,0.442773,0.603073
2026-02-19 11:22:48,1.097195,1.127119,1.072668,0.549011,1.180991,0.75415
2026-02-19 11:23:18,0.874456,0.489654,0.588539,0.36654,0.820025,0.506894
2026-02-19 11:23:48,0.470771,1.316118,1.199156,1.298424,0.787449,0.616746
2026-02-19 11:24:18,0.823122,0.914099,0.494882,0.987254,0.812256,0.457745
2026-02-19 11:24:48,1.0637,0.57384,0.575298,0.707061,0.659485,0.611578
2026-02-19 11:25:18,0.766695,1.415573,1.101326,1.370817,0.889259,0.947261
2026-02-19 11:25:48,0.34644,0.712032,0.676221,0.410493,0.58322,0.872333
2026-02-19 11:26:18,0.628065,0.843162,0.504732,0.96561,0.557539,0.49346
2026-02-19 11:26:48,0.000099,5.909069,1.174826,0.000099,0.000038,6.213889
2026-02-19 11:27:18,0.606012,0.710806,0.689853,0.000055,0.67728,0.488846
2026-02-19 11:27:48,1.32348,1.083401,1.623788,1.419301,0.662583,0.6597
2026-02-19 11:28:18,0.000132,1.315611,1.200797,1.286908,0.657247,1.181295
2026-02-19 11:28:48,0.80116,1.063396,0.756281,1.280462,0.631781,0.849585
2026-02-19 11:29:18,0.928621,0.752997,0.554381,0.689469,0.676005,0.50026
2026-02-19 11:29:48,0.519132,0.557972,0.373432,0.590223,0.237416,0.531618
2026-02-19 11:30:18,0.953163,0.666952,1.032793,1.166965,1.075285,1.044532
2026-02-19 11:30:48,1.02503,1.324484,1.106286,1.509493,1.002363,0.828951
2026-02-19 11:31:18,0.671787,0.880896,1.027872,1.144832,0.795025,0.612044
2026-02-19 11:31:48,0.671787,0.880896,1.027872,1.144832,0.795025,0.612044
2026-02-19 11:32:18,0.841775,1.236253,0.928082,1.295907,0.953576,0.864832
2026-02-19 11:32:48,0.467468,1.542157,1.335919,1.646544,0.812466,0.769418
2026-02-19 11:33:18,1.048105,1.864719,0.896253,1.517622,0.797473,1.131894
2026-02-19 11:33:48,0.615241,1.820432,1.674686,1.499203,1.056608,0.897476
2026-02-19 11:34:18,0.000095,1.42566,0.884187,0.000051,0.000038,0.638107
2026-02-19 11:34:48,0.000095,1.42566,0.884187,0.000051,0.000038,0.638107
2026-02-19 11:35:18,1.053402,0.605095,0.947143,1.276653,1.023453,1.142837
2026-02-19 11:35:48,0.998652,2.003883,0.901568,1.425182,0.943764,0.930227
2026-02-19 11:36:18,1.398924,1.271462,1.461018,6.979959,0.956848,0.829599
2026-02-19 11:36:48,1.621941,1.918952,6.827059,1.631971,1.029728,0.931379
2026-02-19 11:37:18,7.190323,3.217883,3.651662,2.672292,11.203483,0.000063
2026-02-19 11:37:48,0.50771,0.679617,0.780379,0.771761,0.629652,0.989887
2026-02-19 11:38:18,1.214321,0.518597,1.720003,1.179139,1.245072,0.663875
2026-02-19 11:38:48,1.289649,0.983793,1.949505,1.406655,1.175778,0.692694
2026-02-19 11:39:18,0.783325,0.732832,0.609231,0.931503,0.757921,0.587948
2026-02-19 11:39:48,0.000101,1.279375,0.000048,0.533302,1.289582,0.000159
2026-02-19 11:40:18,0.946485,1.176942,1.207381,0.736343,0.99658,0.94027
2026-02-19 11:40:48,0.992659,0.870805,1.376159,6.904959,1.100261,0.565933
2026-02-19 11:41:18,1.636338,2.718593,2.677665,3.549199,1.932959,1.662701
2026-02-19 11:41:48,1.099899,8.90457,6.454612,5.643777,3.142486,2.094062
2026-02-19 11:42:18,0.818745,0.000033,1.201764,0.726263,0.699877,0.443101
2026-02-19 11:42:48,1.484659,1.026857,0.3508,0.258148,0.655637,0.897968
2026-02-19 11:43:18,1.484659,1.026857,0.3508,0.258148,0.655637,0.897968
2026-02-19 11:43:48,0.573443,0.007892,0.011307,0.012774,0.00531,0.007403
2026-02-19 11:44:18,0.665951,2.463276,2.47159,2.380073,1.820099,2.346286
2026-02-19 11:44:48,0.63173,0.015498,0.014851,0.016881,0.016807,0.008201
2026-02-19 11:45:18,0.346585,2.067091,2.218386,2.034308,1.165623,1.710832
2026-02-19 11:45:48,1.811924,0.659285,0.68816,0.352244,1.258027,1.831845
2026-02-19 11:46:18,1.353677,1.712708,1.496978,1.52145,1.090935,1.453529
2026-02-19 11:46:48,1.13901,1.088412,0.677388,1.048654,0.681637,0.890055
2026-02-19 11:47:18,1.680652,0.52851,1.337256,1.032389,0.637813,1.41358
2026-02-19 11:47:48,0.574285,1.010372,0.000072,0.46373,0.461652,0.477568
2026-02-19 11:48:18,1.081202,1.33466,0.816303,1.30544,1.398584,1.782023
2026-02-19 11:48:48,0.003653,0.795638,0.004115,0.00494,0.006788,0.006702
2026-02-19 11:49:18,0.000013,0.000091,0.007587,0.000357,0.000035,0.000036
2026-02-19 11:49:48,0.922127,1.531228,0.673397,1.382158,0.027116,0.022368
2026-02-19 11:50:18,0.550564,0.301585,1.47591,0.85601,0.46963,0.451488
2026-02-19 11:50:48,0.598527,0.493546,0.630182,4.680657,0.420578,0.428182
2026-02-19 11:51:18,0.659257,0.392918,0.672632,1.088307,0.529392,0.505441
2026-02-19 11:51:48,0.385045,0.000045,0.733351,0.001629,0.495088,0.000071
2026-02-19 11:52:18,0.519109,0.389059,1.104235,0.491467,0.447347,0.804354
2026-02-19 11:52:48,0.000069,0.389059,1.104235,0.491467,0.447347,0.804354
2026-02-19 11:53:18,0.621128,0.264337,0.317752,0.537775,0.948047,1.171598
2026-02-19 11:53:48,0.498837,0.508493,0.194924,0.498585,0.46158,0.472802
2026-02-19 11:54:18,0.030094,0.009615,0.02064,0.022244,0.019953,0.029739
2026-02-19 11:54:48,0.030094,0.009615,0.02064,0.022244,0.019953,0.029739
2026-02-19 11:55:18,0.348758,0.548183,0.66072,0.543853,0.530512,0.580143
2026-02-19 11:55:48,0.290819,0.404145,0.20564,0.260085,0.452262,0.43828
2026-02-19 11:56:18,0.290819,0.404145,0.20564,0.260085,0.452262,0.43828
2026-02-19 11:56:48,0.641216,0.79683,0.582553,0.701877,0.513425,0.65886
2026-02-19 11:57:18,0.303341,0.292708,0.520933,0.324511,0.573871,0.425032
2026-02-19 11:57:48,0.599187,0.455928,0.90696,1.116731,0.495876,0.521721
2026-02-19 11:58:18,0.429724,0.600029,0.509546,0.479943,0.567318,0.428024
2026-02-19 11:58:48,0.79046,0.000077,0.544003,0.830655,0.597572,0.969008
2026-02-19 11:59:18,0.772319,0.549459,0.690808,0.935178,0.559239,0.775862
2026-02-19 11:59:48,0.743404,0.660693,0.645861,0.507216,0.506684,0.514395
2026-02-19 12:00:18,0.743404,0.660693,0.645861,0.507216,0.506684,0.514395
2026-02-19 12:00:48,1.31759,1.420845,1.342994,8.288074,0.754031,1.089282
2026-02-19 12:01:18,0.895229,1.045779,1.086452,0.666552,0.719487,1.136403
2026-02-19 12:01:48,0.904086,0.727272,1.207074,0.484407,0.632632,0.636835
2026-02-19 12:02:18,0.496142,1.079114,0.985835,0.830652,0.98356,0.765737
2026-02-19 12:02:48,1.127491,0.329556,1.263425,0.844708,0.971574,0.52934
2026-02-19 12:03:18,0.00007,2.201946,0.000032,0.917324,0.000045,0.72415
2026-02-19 12:03:48,0.934625,0.681893,0.669316,0.675448,1.2229,0.353783
2026-02-19 12:04:18,0.919132,1.105166,0.927194,0.456331,1.092567,0.729719
2026-02-19 12:04:48,0.743771,0.78701,1.068097,0.519473,0.784244,0.633894
2026-02-19 12:05:18,0.743771,0.78701,1.068097,0.519473,0.784244,0.633894
2026-02-19 12:05:48,0.000514,0.000057,0.842638,1.639147,0.900863,0.90216
2026-02-19 12:06:18,0.858648,1.003433,2.091893,2.159697,0.866424,0.882518
2026-02-19 12:06:48,0.858648,1.003433,2.091893,2.159697,0.866424,0.882518
2026-02-19 12:07:18,1.073788,0.976368,0.984178,1.407369,1.159532,1.057585
2026-02-19 12:07:48,1.073788,0.976368,0.984178,1.407369,1.159532,1.057585
2026-02-19 12:08:18,1.042707,0.726271,1.258249,0.00003,0.541983,0.000038
2026-02-19 12:08:48,0.622535,1.175187,0.000083,1.753037,1.148843,0.000093
2026-02-19 12:09:18,1.147805,0.66316,1.655102,0.834785,1.293175,0.885085
2026-02-19 12:09:48,0.892354,0.345821,1.285224,0.000196,0.932423,1.665513
2026-02-19 12:10:18,1.180654,0.896986,1.178567,0.895901,0.981158,0.765985
2026-02-19 12:10:48,1.00906,1.167965,0.634835,1.315811,1.061237,0.878172
2026-02-19 12:11:18,1.475571,1.170708,0.901429,1.692948,1.606133,1.103169
2026-02-19 12:11:48,1.181385,1.418927,0.898989,1.349077,1.086334,0.792225
2026-02-19 12:12:18,0.833855,0.000397,1.214423,0.99034,0.0132,0.000053
2026-02-19 12:12:48,0.004461,0.018841,0.007314,1.228309,0.011441,0.006522
2026-02-19 12:13:18,0.93873,2.481703,2.508047,1.68218,1.142412,1.680146
2026-02-19 12:13:48,0.236913,0.009662,0.01322,0.017108,0.004497,0.006953
2026-02-19 12:14:18,0.000069,0.318206,0.817052,0.694918,0.000051,0.000047
2026-02-19 12:14:48,0.614499,2.829322,1.813641,2.225194,1.288285,1.542789
2026-02-19 12:15:18,1.780429,0.394186,0.812485,1.781721,1.100872,1.332706
2026-02-19 12:15:48,1.989144,2.070424,1.715896,0.808834,1.667559,1.84819
2026-02-19 12:16:18,0.463882,0.887491,0.34134,0.996185,0.673567,2.060893
2026-02-19 12:16:48,1.392949,1.535848,1.560945,0.891955,0.81912,0.912749
2026-02-19 12:17:18,0.365613,0.469002,0.464904,0.518971,1.063403,0.396303
2026-02-19 12:17:48,1.734093,1.868338,1.603434,1.013441,0.972028,1.081151
2026-02-19 12:18:18,0.000041,1.45491,1.526057,1.439657,1.403124,0.000064
2026-02-19 12:18:48,0.893848,1.148772,1.477625,1.103145,1.188574,1.150687
2026-02-19 12:19:18,0.893848,1.148772,1.477625,1.103145,1.188574,1.150687
2026-02-19 12:19:48,1.006577,1.606424,2.103434,1.84308,0.890911,1.106158
2026-02-19 12:20:18,1.006577,1.606424,2.103434,1.84308,0.890911,1.106158
2026-02-19 12:20:48,0.259069,0.413863,0.484035,0.513884,0.56248,0.744075
2026-02-19 12:21:18,0.301494,0.583106,1.06807,0.510511,0.430929,0.460173
2026-02-19 12:21:48,0.000154,0.636364,0.499836,0.676084,0.428795,0.000069
2026-02-19 12:22:18,0.668451,0.362245,0.498545,0.494588,0.555081,1.014478
2026-02-19 12:22:48,0.722699,0.828308,0.460864,0.959499,0.506289,1.076878
2026-02-19 12:23:18,0.537749,0.766057,0.862483,0.919478,0.846602,0.821324
2026-02-19 12:23:48,0.537749,0.766057,0.862483,0.919478,0.846602,0.821324
2026-02-19 12:24:18,0.528561,0.654459,1.364249,0.907974,0.660559,1.153181
2026-02-19 12:24:48,0.289836,0.417562,0.397239,0.294534,0.416909,0.000029
2026-02-19 12:25:18,0.627978,0.64686,0.52248,0.720226,0.693229,0.508554
2026-02-19 12:25:48,0.83973,0.586371,0.479329,0.615673,0.414121,0.572589
2026-02-19 12:26:18,0.992583,1.12523,1.28214,0.9939,0.753073,0.520392
2026-02-19 12:26:48,0.000154,0.000068,1.042904,0.69082,0.469619,0.000084
2026-02-19 12:27:18,1.463064,0.487483,1.266029,1.364874,0.693055,0.86331
2026-02-19 12:27:48,0.292092,0.362982,0.348659,0.00004,0.469461,0.784119
2026-02-19 12:28:18,0.598296,1.312765,0.943398,1.335813,0.535675,0.844787
2026-02-19 12:28:48,1.014435,0.623128,0.856875,0.545254,0.976117,0.851454
2026-02-19 12:29:18,1.014435,0.623128,0.856875,0.545254,0.976117,0.851454
2026-02-19 12:29:48,0.660089,0.541106,0.350683,0.476513,0.483264,0.496994
2026-02-19 12:30:18,0.660089,0.660569,0.350683,0.476513,0.483264,0.496994
2026-02-19 12:30:48,0.509434,0.828251,0.809357,0.822286,0.598363,0.638517
2026-02-19 12:31:18,0.677713,0.693588,0.677562,1.02364,0.507771,0.541398
2026-02-19 12:31:48,0.455657,1.197868,1.201261,1.212676,0.66619,0.671129
2026-02-19 12:32:18,0.587593,1.331001,0.71965,1.335733,1.2143,0.724305
2026-02-19 12:32:48,0.587593,1.188361,0.529528,1.580909,0.514841,0.942116
2026-02-19 12:33:18,0.934347,0.648693,1.054721,0.834601,1.458054,0.000056
2026-02-19 12:33:48,0.68211,0.51498,0.335465,0.748433,0.986515,1.009559
2026-02-19 12:34:18,1.182056,0.695047,1.476863,1.701722,0.97765,1.038085
2026-02-19 12:34:48,0.198369,1.100264,0.559671,0.407072,0.753819,0.834671
2026-02-19 12:35:18,0.446276,0.62061,1.123878,1.096033,0.783874,0.790876
2026-02-19 12:35:48,0.870428,0.62061,0.885769,0.989342,0.754983,0.752407
2026-02-19 12:36:18,1.029519,1.357719,1.374056,0.991107,0.790741,1.087205
2026-02-19 12:36:48,0.69583,0.696079,0.611585,0.754047,0.727889,0.70545
2026-02-19 12:37:18,0.722766,0.516234,0.644372,0.791116,0.70696,0.840436
2026-02-19 12:37:48,0.722766,0.516234,0.644372,0.791116,0.70696,0.840436
2026-02-19 12:38:18,0.522196,1.662892,2.098253,1.135895,1.609682,1.59316
2026-02-19 12:38:48,0.535969,0.414818,0.631478,0.509397,1.027772,0.786684
2026-02-19 12:39:18,1.201646,1.489475,1.21016,8.500395,1.530792,1.018405
2026-02-19 12:39:48,0.425751,1.104445,1.185835,2.079761,1.208895,1.423937
2026-02-19 12:40:18,0.219924,0.012812,0.013048,0.012452,0.006984,0.005229
2026-02-19 12:40:48,0.273946,0.006174,0.006432,0.00727,0.003633,0.003872
2026-02-19 12:41:18,0.632338,0.513467,0.648904,1.380722,0.033582,0.02933
2026-02-19 12:41:48,0.00005,1.242858,9.187264,1.285102,0.74626,0.716692
2026-02-19 12:42:18,0.881813,1.610534,2.025379,1.466258,0.923875,1.301763
2026-02-19 12:42:48,0.881813,1.610534,2.025379,1.466258,0.923875,1.301763
2026-02-19 12:43:18,0.867627,0.839878,2.263383,1.083083,1.175327,1.345118
2026-02-19 12:43:48,0.685759,1.206644,1.665259,1.717628,1.272379,1.307557
2026-02-19 12:44:18,0.685759,1.206644,1.665259,1.717628,1.272379,1.307557
2026-02-19 12:44:48,0.960303,1.629409,0.357567,0.283964,1.153548,1.011061
2026-02-19 12:45:18,0.655612,0.998089,1.209894,0.86614,0.878774,1.228364
2026-02-19 12:45:48,0.004642,1.97578,1.941376,1.953943,1.423349,1.792708
2026-02-19 12:46:18,0.548761,0.013024,0.017862,0.011867,0.004747,0.007883
2026-02-19 12:46:48,0.548761,0.013024,0.017862,0.011867,0.004747,0.007883
2026-02-19 12:47:18,0.753767,2.077765,0.693849,1.505616,1.281055,1.964315
2026-02-19 12:47:48,0.736468,0.564353,1.102925,1.038517,0.017352,0.02807
2026-02-19 12:48:18,1.026884,2.524614,0.428409,0.38231,0.025498,0.006043
2026-02-19 12:48:48,0.574528,0.78571,0.686493,0.296811,1.003967,0.836838
2026-02-19 12:49:18,0.428911,0.691362,0.596553,0.792202,0.00557,0.007099
2026-02-19 12:49:48,0.269147,0.305985,0.004247,0.328406,0.005606,0.004331
2026-02-19 12:50:18,1.062002,0.67914,1.866364,0.921566,1.314607,1.547822
2026-02-19 12:50:48,0.744558,2.14436,1.556019,1.164332,1.324238,1.537274
2026-02-19 12:51:18,0.573817,0.507689,0.782194,0.723832,0.462185,0.519531
2026-02-19 12:51:48,1.062417,0.507689,1.4919,5.679074,0.462185,1.668542
2026-02-19 12:52:18,0.000208,0.3128,0.000096,0.000054,0.365101,0.306653
2026-02-19 12:52:48,0.434992,0.715365,0.276285,0.253557,0.595969,0.332215
2026-02-19 12:53:18,11.533853,1.292314,0.506859,0.42131,0.583729,0.448448
2026-02-19 12:53:48,0.35325,0.406894,0.33362,0.385805,0.258039,0.000205
2026-02-19 12:54:18,0.392212,0.545877,0.798227,0.767604,0.850481,0.262767
2026-02-19 12:54:48,0.256385,0.780366,0.541497,0.488056,0.499571,0.354882
2026-02-19 12:55:18,0.017605,0.019853,0.021942,0.017895,0.013505,0.019846
2026-02-19 12:55:48,0.440514,0.492565,0.516729,0.446671,0.443297,0.388039
2026-02-19 12:56:18,0.526613,0.639715,0.449589,0.788527,0.263504,0.351313
2026-02-19 12:56:48,0.236973,0.302101,0.288337,0.274785,0.624696,0.442564
2026-02-19 12:57:18,0.758467,3.245553,0.731741,0.692586,0.865494,0.383908
2026-02-19 12:57:48,0.365134,0.936568,0.673831,0.538309,0.490948,0.64098
2026-02-19 12:58:18,0.405495,0.650535,0.501213,0.882552,0.395399,0.401856
2026-02-19 12:58:48,0.405495,0.650535,0.501213,0.882552,0.395399,0.401856
2026-02-19 12:59:18,0.780215,0.722837,1.083149,0.753737,0.631162,0.553424
2026-02-19 12:59:48,0.293528,0.24259,0.642101,0.42393,0.496934,0.684119
2026-02-19 13:00:18,0.31536,0.421008,0.257654,0.427211,0.006014,0.005928
2026-02-19 13:00:48,0.296055,0.302451,0.490075,0.209887,0.451898,0.463687
2026-02-19 13:01:18,0.558211,0.734689,0.63075,0.599999,0.309133,0.481414
2026-02-19 13:01:48,0.541961,1.693418,1.107057,1.692463,0.924872,0.757505
2026-02-19 13:02:18,0.545449,1.326475,0.603384,1.271347,0.528352,0.431206
2026-02-19 13:02:48,0.913803,5.964936,0.760745,0.379626,0.44108,0.45013
2026-02-19 13:03:18,0.690477,0.658194,0.761049,0.684163,0.530469,0.799031
2026-02-19 13:03:48,0.264303,0.274497,0.416558,0.354074,0.429586,5.603498
2026-02-19 13:04:18,0.289331,0.012364,0.444964,0.422043,0.017329,0.015321
2026-02-19 13:04:48,0.412664,0.951126,1.211567,0.140804,0.633851,0.761729
2026-02-19 13:05:18,1.186608,0.752818,1.12067,0.456912,0.000044,0.90083
2026-02-19 13:05:48,0.255786,0.007013,0.606392,0.015558,0.004404,0.005235
2026-02-19 13:06:18,0.000076,0.682436,0.000049,1.309552,0.012215,0.000054
2026-02-19 13:06:48,1.209999,0.795643,1.583435,0.913212,0.888396,1.067526
2026-02-19 13:07:18,1.209999,0.795643,1.583435,0.913212,0.888396,1.067526
2026-02-19 13:07:48,1.209999,0.795643,1.583435,0.913212,0.888396,1.067526
2026-02-19 13:08:18,1.209999,0.795643,1.583435,0.913212,0.888396,1.067526
2026-02-19 13:08:48,1.209999,0.644481,1.583435,0.913212,0.888396,1.067526
2026-02-19 13:09:18,0.658545,1.123712,1.315412,0.416817,0.568528,0.757058
2026-02-19 13:09:48,0.658545,1.123712,1.315412,0.416817,0.568528,0.757058
2026-02-19 13:10:18,1.149507,0.543828,0.182359,1.050315,0.94653,1.01719
2026-02-19 13:10:48,0.487346,9.709794,0.182359,0.300594,0.668557,0.805648
2026-02-19 13:11:18,1.222859,1.384688,1.397989,1.306985,1.10254,1.031106
2026-02-19 13:11:48,0.759001,0.922566,1.099814,1.109744,0.891122,0.765171
2026-02-19 13:12:18,0.690003,0.574154,0.369651,0.394662,0.716737,0.586291
2026-02-19 13:12:48,0.347515,0.618708,0.377503,0.638803,0.568008,0.956167
2026-02-19 13:13:18,0.321324,0.528631,0.616894,0.665768,0.590325,0.775351
2026-02-19 13:13:48,1.141816,1.325456,0.567434,0.924187,0.426535,0.370453
2026-02-19 13:14:18,0.000164,3.190716,0.445772,1.612759,0.000088,0.000058
2026-02-19 13:14:48,1.552015,1.740593,1.439199,0.856004,1.275267,1.257936
2026-02-19 13:15:18,0.296592,0.890984,0.433956,0.387961,0.657337,8.679898
2026-02-19 13:15:48,0.28729,0.604258,0.009772,0.01226,0.009127,0.008765
2026-02-19 13:16:18,0.594242,0.930123,0.048491,0.058432,0.052234,0.030332
2026-02-19 13:16:48,0.594242,0.930123,0.048491,0.058432,0.052234,0.030332
2026-02-19 13:17:18,0.300299,0.308786,0.446994,0.337906,0.433134,0.470015
2026-02-19 13:17:48,5.588337,1.503963,0.607256,2.473319,0.752683,1.367435
2026-02-19 13:18:18,1.264836,0.727029,2.235842,2.263421,0.752683,1.561773
2026-02-19 13:18:48,0.807507,0.54294,6.416159,1.052824,1.356707,1.523848
2026-02-19 13:19:18,0.573802,0.014746,0.009382,0.015158,0.009285,0.013453
2026-02-19 13:19:48,0.486833,0.006794,0.009697,0.011735,0.005976,0.004912
2026-02-19 13:20:18,0.845419,0.927312,1.149106,1.200131,0.505195,0.748083
2026-02-19 13:20:48,0.845419,0.927312,1.149106,1.200131,0.505195,0.748083
2026-02-19 13:21:18,1.435695,0.246563,0.270425,0.177022,0.605578,0.9599
2026-02-19 13:21:48,0.030778,0.008049,0.004885,0.008441,0.013553,0.00903
2026-02-19 13:22:18,0.396435,0.018529,0.01354,0.012135,0.007823,0.012201
2026-02-19 13:22:48,0.397348,2.008692,2.134426,2.139591,1.537563,1.840355
2026-02-19 13:23:18,0.430168,0.257762,0.609616,0.833717,0.000048,0.449144
2026-02-19 13:23:48,0.310767,0.386989,0.431909,0.396354,0.354692,0.633617
2026-02-19 13:24:18,0.64279,0.49532,0.515082,0.627497,0.637409,0.396378
2026-02-19 13:24:48,0.47287,0.931295,0.706691,3.225052,0.433543,0.46123
2026-02-19 13:25:18,0.47287,0.931295,0.706691,3.225052,0.433543,0.46123
2026-02-19 13:25:48,0.693502,0.295733,0.586741,0.570991,0.507068,0.41198
2026-02-19 13:26:18,0.00005,0.300402,0.000059,0.000029,0.498879,0.000037
2026-02-19 13:26:48,0.460446,0.996811,0.317133,0.596972,0.790047,0.515541
2026-02-19 13:27:18,9.429404,6.433275,0.622703,0.728418,0.504441,0.62323
2026-02-19 13:27:48,0.465417,0.947919,0.50063,0.767839,0.556074,0.531237
2026-02-19 13:28:18,0.43137,0.381175,0.427666,0.433918,0.568386,0.00007
2026-02-19 13:28:48,0.45839,0.232324,0.442996,0.266664,0.684863,0.288086
2026-02-19 13:29:18,0.693098,0.666631,0.465176,0.535602,0.518672,0.532093
2026-02-19 13:29:48,0.693098,0.666631,0.465176,0.535602,0.518672,0.532093
2026-02-19 13:30:18,0.386331,0.737044,0.000097,0.000059,0.00013,0.532001
2026-02-19 13:30:48,0.264492,0.196075,0.335827,0.245122,0.534701,0.429178
2026-02-19 13:31:18,0.44748,0.478762,0.540709,0.584026,0.426231,0.497338
2026-02-19 13:31:48,0.409216,0.251727,0.187175,0.317473,0.320287,0.318757
2026-02-19 13:32:18,0.409216,0.251727,0.411183,0.280353,0.320287,0.318757
2026-02-19 13:32:48,0.594171,0.462913,0.341384,0.491222,0.413204,0.426228
2026-02-19 13:33:18,1.099958,0.966164,0.595678,1.228227,0.849086,0.836742
2026-02-19 13:33:48,0.964511,0.795007,0.554868,0.704464,0.667417,0.526327
2026-02-19 13:34:18,0.964511,0.795007,0.554868,0.704464,0.667417,0.526327
2026-02-19 13:34:48,0.819059,0.623494,0.89595,0.000007,0.669415,0.671856
2026-02-19 13:35:18,0.819059,0.623494,0.89595,0.000007,0.669415,0.671856
2026-02-19 13:35:48,0.569774,1.644384,1.329113,1.335598,8.072822,1.649476
2026-02-19 13:36:18,0.323404,0.004655,0.434487,0.528124,1.398808,0.473175
2026-02-19 13:36:48,0.635297,1.478737,0.79117,0.733526,1.579312,0.618147
2026-02-19 13:37:18,0.893241,1.091069,0.417241,1.253909,0.779491,0.4533
2026-02-19 13:37:48,0.450049,0.978537,0.88666,0.762057,0.905868,0.580373
2026-02-19 13:38:18,0.619846,0.822963,0.670142,0.592353,0.648658,0.685838
2026-02-19 13:38:48,0.485288,1.554889,1.428422,1.332174,0.843601,0.756479
2026-02-19 13:39:18,0.485288,1.554889,1.428422,1.332174,0.843601,0.756479
2026-02-19 13:39:48,0.525732,0.81601,0.813679,0.814081,0.766868,0.783597
2026-02-19 13:40:18,0.733976,0.000188,1.068167,1.323494,0.891926,0.000062
2026-02-19 13:40:48,0.733976,0.000188,1.068167,1.323494,0.891926,0.000062
2026-02-19 13:41:18,0.342423,0.084084,0.117959,0.111117,0.15193,0.18719
2026-02-19 13:41:48,0.499616,1.044731,1.075764,0.930997,1.033393,1.269464
2026-02-19 13:42:18,0.486378,0.772194,0.668297,0.636629,0.72307,1.079897
2026-02-19 13:42:48,0.883775,1.810159,1.661374,2.07765,1.674511,1.635024
2026-02-19 13:43:18,0.703793,0.432317,0.612772,0.412866,0.639731,0.71042
2026-02-19 13:43:48,0.774909,0.92276,0.726745,0.000011,0.960936,0.857319
2026-02-19 13:44:18,0.774909,1.277153,7.229109,0.000089,0.000067,1.163548
2026-02-19 13:44:48,1.026023,0.662613,1.531857,1.688498,6.673766,0.882329
2026-02-19 13:45:18,1.042718,0.000061,0.686451,0.000045,1.316461,0.000194
2026-02-19 13:45:48,1.139722,0.000057,0.824397,1.30507,1.416853,1.002498
2026-02-19 13:46:18,1.139722,0.000057,0.824397,1.30507,1.416853,1.002498
2026-02-19 13:46:48,1.139722,0.000057,0.824397,1.30507,1.416853,1.002498
2026-02-19 13:47:18,0.978673,2.463525,0.000072,1.500485,0.000053,0.91947
2026-02-19 13:47:48,1.216425,1.600406,0.293897,0.513942,1.010985,1.000599
2026-02-19 13:48:18,1.216425,1.600406,0.293897,0.513942,1.010985,1.000599
2026-02-19 13:48:48,0.921962,2.252969,2.258236,2.398716,1.461543,1.797316
2026-02-19 13:49:18,0.701776,1.998387,2.327369,1.93591,1.648812,2.07014
2026-02-19 13:49:48,1.08102,0.559611,0.969496,0.845774,0.157946,0.272346
2026-02-19 13:50:18,0.49384,0.009015,0.479155,0.347712,0.006709,0.006258
2026-02-19 13:50:48,0.60822,2.123025,1.879187,2.141463,1.677467,2.126879
2026-02-19 13:51:18,0.690588,0.205628,0.404552,0.525594,0.011011,0.008865
2026-02-19 13:51:48,0.437313,0.010218,0.009556,0.365599,0.009939,0.006659
2026-02-19 13:52:18,1.539045,0.782583,1.666933,1.366584,0.000219,0.045807
2026-02-19 13:52:48,0.252127,0.263084,0.200821,0.274471,0.576729,0.62109
2026-02-19 13:53:18,0.016154,0.027322,0.013241,0.026537,0.046637,0.023208
2026-02-19 13:53:48,0.844775,0.820676,0.642145,0.480894,1.141267,0.40742
2026-02-19 13:54:18,0.383431,0.513761,0.758686,0.534042,0.000037,0.729136
2026-02-19 13:54:48,0.488044,0.466919,0.592914,0.42375,0.366204,0.6294
2026-02-19 13:55:18,0.290734,0.452573,0.357611,0.499228,0.524228,0.528321
2026-02-19 13:55:48,0.630796,0.539672,0.444643,0.516968,0.453004,0.454048
2026-02-19 13:56:18,0.477416,0.734089,1.15436,1.203293,0.837833,0.795338
2026-02-19 13:56:48,0.452448,0.000016,0.888595,0.874829,0.628872,0.636218
2026-02-19 13:57:18,0.63073,0.906512,0.570531,0.678956,0.55655,0.557077
2026-02-19 13:57:48,0.491635,1.563416,1.012488,1.163656,0.746247,0.637652
2026-02-19 13:58:18,0.557178,0.886497,0.47727,0.772993,0.589771,0.585354
2026-02-19 13:58:48,0.540958,1.338499,0.603154,0.487387,0.900354,0.744581
2026-02-19 13:59:18,0.94963,0.901665,0.645178,0.480185,0.590009,0.529005
2026-02-19 13:59:48,0.907975,0.489644,1.05596,0.899027,0.677653,0.940747
2026-02-19 14:00:18,0.443484,0.325019,0.543916,0.592263,0.488562,0.639566
2026-02-19 14:00:48,0.040979,0.036982,0.036,0.043971,0.030636,0.044896
2026-02-19 14:01:18,0.00997,0.01579,0.011914,0.010484,0.009562,0.005748
2026-02-19 14:01:48,3.112602,1.200396,0.64075,0.54591,1.705111,1.197287
2026-02-19 14:02:18,0.792861,2.078936,1.573314,1.439202,1.006536,1.091848
2026-02-19 14:02:48,0.525434,0.292263,0.212829,0.339956,0.819535,0.471311
2026-02-19 14:03:18,0.632093,0.453028,0.393221,0.45252,0.424401,0.402045
2026-02-19 14:03:48,0.962616,1.156813,1.125333,0.734954,0.810061,0.836579
2026-02-19 14:04:18,0.709247,0.695458,0.753726,1.262998,0.58327,0.541998
2026-02-19 14:04:48,0.476117,1.219088,0.938447,0.719092,0.880225,0.648925
2026-02-19 14:05:18,0.88085,0.717265,0.834062,0.812292,0.615552,0.578154
2026-02-19 14:05:48,0.73721,1.031519,0.705155,0.687161,0.514125,0.520468
2026-02-19 14:06:18,0.467837,0.868112,0.723575,0.367942,0.759417,0.755233
2026-02-19 14:06:48,0.246103,0.67679,0.728927,0.565748,0.866921,5.314586
2026-02-19 14:07:18,0.64443,0.651559,0.649266,0.570338,0.576514,1.070557
2026-02-19 14:07:48,0.64443,0.651559,0.649266,0.570338,0.576514,1.070557
2026-02-19 14:08:18,0.80106,0.57595,1.006306,1.158272,0.866071,0.929002
2026-02-19 14:08:48,0.605556,0.972882,0.999161,0.748183,0.579574,0.597926
2026-02-19 14:09:18,0.612608,0.689808,0.551243,0.663987,0.514373,0.558904
2026-02-19 14:09:48,1.018475,0.786486,1.165503,1.200416,0.730046,0.788848
2026-02-19 14:10:18,0.697472,0.679226,0.800943,0.575237,0.473128,0.482013
2026-02-19 14:10:48,0.38987,0.008027,0.009453,0.436154,0.008815,0.010581
2026-02-19 14:11:18,0.409487,0.025928,0.065863,0.173005,0.047753,0.048893
2026-02-19 14:11:48,0.296395,0.011047,0.009782,0.120412,0.00633,0.004411
2026-02-19 14:12:18,0.297698,0.009118,0.016919,0.139507,0.008611,0.006166
2026-02-19 14:12:48,0.404774,0.016011,0.016772,0.013818,0.005697,0.011325
2026-02-19 14:13:18,0.404774,1.25197,0.016772,1.313225,0.005697,0.950281
2026-02-19 14:13:48,0.579845,0.498174,0.487419,0.821471,1.344154,0.918069
2026-02-19 14:14:18,1.533716,1.273278,1.045667,2.53779,1.54915,0.795355
2026-02-19 14:14:48,0.722929,0.74497,0.817335,1.603729,0.797251,0.481348
2026-02-19 14:15:18,1.515118,8.497815,4.46171,3.503344,4.703871,0.786189
2026-02-19 14:15:48,0.848516,2.371869,2.372644,2.856615,1.920954,1.206316
2026-02-19 14:16:18,2.334454,0.007644,0.015659,0.020294,0.008338,0.004154
2026-02-19 14:16:48,0.529454,0.008099,0.013137,0.01857,0.007557,0.007485
2026-02-19 14:17:18,0.774405,2.083187,1.892266,1.627282,1.419143,2.024729
2026-02-19 14:17:48,0.774405,2.083187,1.892266,1.627282,1.419143,2.024729
2026-02-19 14:18:18,1.294068,1.709532,1.281328,1.882356,0.000045,0.000049
2026-02-19 14:18:48,1.019403,2.308089,2.98236,2.208027,2.244306,0.000066
2026-02-19 14:19:18,1.230226,0.213392,0.243922,1.533133,1.616828,0.272009
2026-02-19 14:19:48,1.869692,0.59688,1.267902,1.447849,1.285941,1.691354
2026-02-19 14:20:18,1.114695,0.528338,0.88124,0.458934,0.638431,0.952439
2026-02-19 14:20:48,1.174299,0.535308,1.082693,1.078792,0.861834,1.335482
2026-02-19 14:21:18,0.505328,2.455962,2.262924,2.246174,1.778941,2.44528
2026-02-19 14:21:48,0.828196,0.408783,0.734444,0.523915,0.004475,0.006276
2026-02-19 14:22:18,1.174126,0.358571,0.753935,0.31639,0.482603,0.77767
2026-02-19 14:22:48,0.483947,2.202773,2.311644,1.922052,1.397192,2.334625
2026-02-19 14:23:18,1.419132,0.766296,0.757494,0.675445,0.044569,0.050333
2026-02-19 14:23:48,0.445136,0.88079,1.203051,0.873978,0.983581,0.456786
2026-02-19 14:24:18,0.000037,0.66274,1.132478,0.492319,0.432854,0.46552
2026-02-19 14:24:48,2.155123,2.090368,0.936396,2.067444,0.992715,0.705734
2026-02-19 14:25:18,0.931567,1.059404,0.695611,1.065115,1.044836,1.118287
2026-02-19 14:25:48,1.023303,0.72817,0.976302,0.782584,0.555999,0.521091
2026-02-19 14:26:18,0.498926,0.568926,0.429405,0.518855,0.574654,0.802906
2026-02-19 14:26:48,0.400865,0.978189,0.843616,0.705146,0.701109,0.704698
2026-02-19 14:27:18,0.736978,0.99442,0.709452,1.027968,0.850944,0.795408
2026-02-19 14:27:48,1.320299,1.556074,1.55685,1.256821,1.218253,0.97145
2026-02-19 14:28:18,1.234375,9.099013,1.622647,1.368142,7.975612,1.412741
2026-02-19 14:28:48,1.319851,1.171059,1.417888,1.191668,0.763323,0.971763
2026-02-19 14:29:18,0.632028,1.167315,0.827073,1.036857,0.744502,0.865595
2026-02-19 14:29:48,0.763734,1.493647,1.659482,1.675495,1.092699,0.000072
2026-02-19 14:30:18,0.805386,0.498762,0.177984,0.70795,0.725016,1.463849
2026-02-19 14:30:48,0.706891,0.559711,1.341018,0.954232,0.559359,0.592927
2026-02-19 14:31:18,1.853266,1.088855,1.813075,1.905362,1.340106,1.513202
2026-02-19 14:31:48,1.853266,1.088855,1.813075,1.905362,1.340106,1.513202
2026-02-19 14:32:18,1.853266,1.088855,1.813075,1.905362,1.340106,1.513202
2026-02-19 14:32:48,0.771547,1.082716,0.712674,1.337213,0.634038,0.698042
2026-02-19 14:33:18,2.565347,1.322266,1.402257,1.434557,0.964331,0.999259
2026-02-19 14:33:48,0.950805,1.342849,0.709327,1.45236,1.029651,1.307958
2026-02-19 14:34:18,1.243418,1.677082,1.584982,0.939998,0.984417,1.477021
2026-02-19 14:34:48,1.383243,0.96905,1.618322,1.539856,0.824296,0.978291
2026-02-19 14:35:18,0.516586,1.07823,1.200183,1.076085,0.543405,0.809951
2026-02-19 14:35:48,1.103626,1.445819,0.701172,1.382592,0.848608,1.45206
2026-02-19 14:36:18,0.643078,0.538912,1.20854,1.107,0.73787,0.60649
2026-02-19 14:36:48,0.936555,0.674618,1.244929,0.618998,0.63438,0.768245
2026-02-19 14:37:18,1.097934,1.237729,1.325771,0.798636,0.616748,0.707448
2026-02-19 14:37:48,15.517745,1.667793,1.169199,2.317554,1.137452,1.372536
2026-02-19 14:38:18,1.261087,0.534821,1.130867,1.324884,0.000128,1.465935
2026-02-19 14:38:48,1.582465,0.856143,0.382463,0.737503,1.212068,0.917988
2026-02-19 14:39:18,1.691321,0.958364,1.608161,0.979601,1.258272,1.117327
2026-02-19 14:39:48,1.104029,1.475856,1.297045,0.979601,0.827639,1.872718
2026-02-19 14:40:18,0.464478,1.089149,1.482681,1.602677,1.006497,1.095788
2026-02-19 14:40:48,1.068734,0.694479,0.532326,0.894261,0.758367,1.205931
2026-02-19 14:41:18,1.777,0.939186,1.695825,1.566431,1.191859,1.129201
2026-02-19 14:41:48,1.445949,1.336518,1.835408,1.402368,1.709206,1.773987
2026-02-19 14:42:18,1.441032,0.000152,0.938657,0.514216,1.287984,0.968402
2026-02-19 14:42:48,1.980971,1.80901,1.744807,1.717288,1.400674,0.995997
2026-02-19 14:43:18,1.980971,1.80901,1.744807,1.717288,1.400674,0.995997
2026-02-19 14:43:48,2.025922,1.239639,0.716326,1.688989,1.544828,0.988988
2026-02-19 14:44:18,1.48703,2.178051,0.000093,2.151371,1.351746,1.345316
2026-02-19 14:44:48,1.340296,2.028637,1.916761,1.862063,1.577477,1.477786
2026-02-19 14:45:18,2.304221,2.127093,1.019542,1.92999,1.49812,1.260563
2026-02-19 14:45:48,0.360535,6.671575,0.779202,0.824954,0.598354,0.636965
2026-02-19 14:46:18,3.797964,5.692977,3.221728,1.606517,2.443299,2.405506
2026-02-19 14:46:48,1.522514,2.838769,1.411671,0.930126,0.990009,0.000517
2026-02-19 14:47:18,3.892963,3.583448,1.448126,3.352028,2.947804,0.00045
2026-02-19 14:47:48,1.066858,0.526771,0.633723,0.62395,0.050328,0.021293
2026-02-19 14:48:18,3.016841,1.186731,2.269868,0.000012,1.976185,2.289622
2026-02-19 14:48:48,2.413295,2.535801,1.253357,3.270054,1.445486,2.346927
2026-02-19 14:49:18,7.979661,2.199158,1.907773,1.057473,1.97719,2.467485
2026-02-19 14:49:48,0.000067,0.000076,0.000033,0.693929,0.000041,2.411375
2026-02-19 14:50:18,1.384048,0.000177,2.854677,1.270533,0.000068,0.000493
2026-02-19 14:50:48,1.384048,0.000177,2.854677,1.270533,0.000068,0.000493
2026-02-19 14:51:18,1.384048,0.000177,2.854677,1.270533,0.000068,0.000493
2026-02-19 14:51:48,2.643178,1.310273,0.627421,2.145822,0.000055,2.253109
2026-02-19 14:52:18,1.55408,1.099613,1.218722,0.588026,2.025931,1.590889
2026-02-19 14:52:48,0.291866,0.679031,0.419949,0.428308,0.562059,0.640023
2026-02-19 14:53:18,0.367268,0.372273,0.346368,0.223799,0.223584,0.229427
2026-02-19 14:53:48,1.096624,0.893621,0.472249,0.717273,0.014157,0.038533
2026-02-19 14:54:18,0.536338,0.720168,0.705999,0.774985,0.467094,0.464277
2026-02-19 14:54:48,0.737499,0.602031,1.163552,0.983194,0.72893,0.635036
2026-02-19 14:55:18,0.737499,0.602031,1.163552,0.983194,0.72893,0.635036
2026-02-19 14:55:48,0.603771,0.83218,0.704805,1.180534,0.649141,0.589574
2026-02-19 14:56:18,0.9604,0.83218,0.582189,0.95898,0.000061,0.663342
2026-02-19 14:56:48,0.899645,1.576456,1.294362,0.887086,1.491129,1.038949
2026-02-19 14:57:18,0.517797,0.5391,0.548515,0.425851,0.927469,0.333154
2026-02-19 14:57:48,0.379023,1.347304,1.011313,1.436018,0.853903,0.631799
2026-02-19 14:58:18,0.47511,1.085528,0.00007,1.071743,0.000052,0.000041
2026-02-19 14:58:48,0.358229,0.41969,0.339738,0.744889,0.918633,0.72669
2026-02-19 14:59:18,0.658714,1.978151,1.782658,0.00005,1.687629,0.712456
2026-02-19 14:59:48,0.650359,1.208941,0.940062,0.878972,0.575687,0.547921
2026-02-19 15:00:18,1.409869,3.138757,1.329612,0.981082,0.000024,0.689761
2026-02-19 15:00:48,1.409869,3.138757,1.329612,0.981082,0.000024,0.689761
2026-02-19 15:01:18,1.409869,3.138757,0.654045,0.981082,0.000024,0.689761
2026-02-19 15:01:48,1.499174,0.55771,6.785718,1.159259,7.097778,0.618479
2026-02-19 15:02:18,1.213451,0.859644,0.707509,0.903051,1.91237,0.775201
2026-02-19 15:02:48,0.404171,0.650999,0.433359,0.680658,2.154983,0.641994
2026-02-19 15:03:18,0.62585,2.245263,1.430736,1.599803,1.253878,0.798821
2026-02-19 15:03:48,0.919053,0.988831,1.157278,1.270237,0.874469,0.797764
2026-02-19 15:04:18,0.849497,1.01584,0.799565,0.585226,0.562275,0.75684
2026-02-19 15:04:48,0.001758,0.000063,0.000135,1.071797,0.955836,0.929672
2026-02-19 15:05:18,1.250998,1.826424,1.65772,0.720846,1.484891,0.973409
2026-02-19 15:05:48,0.43589,1.051098,1.124255,1.252345,0.625054,0.803807
2026-02-19 15:06:18,1.046297,0.920289,0.822205,1.360132,0.680547,0.5547
2026-02-19 15:06:48,1.464786,1.427049,2.063589,2.211637,1.47213,1.3968
2026-02-19 15:07:18,0.000037,1.872799,1.436983,1.984431,8.022531,1.062325
2026-02-19 15:07:48,2.991808,2.052461,1.704419,2.169147,2.86788,2.334982
2026-02-19 15:08:18,0.660852,1.518686,0.615162,1.387034,1.322379,1.194215
2026-02-19 15:08:48,0.660852,1.726904,1.759701,2.052928,2.156733,1.092138
2026-02-19 15:09:18,1.751513,1.403904,0.999237,1.656967,1.566922,1.107232
2026-02-19 15:09:48,1.166795,1.206149,1.980884,0.960322,1.304325,0.859997
2026-02-19 15:10:18,1.382913,1.205362,1.41252,0.959127,1.114825,0.927456
2026-02-19 15:10:48,0.905852,1.318987,0.928484,1.002821,0.903392,0.879255
2026-02-19 15:11:18,0.905852,1.318987,0.928484,1.367994,0.903392,0.879255
2026-02-19 15:11:48,0.000008,1.167384,0.000027,0.490423,0.975843,0.796591
2026-02-19 15:12:18,3.009909,2.532744,0.000095,0.904388,0.000135,0.000038
2026-02-19 15:12:48,0.959076,1.434991,1.215826,0.676298,0.000105,0.837891
2026-02-19 15:13:18,0.594805,1.465921,2.172055,1.578394,1.358957,1.140705
2026-02-19 15:13:48,0.553181,1.167216,1.531085,1.171761,1.44855,0.832693
2026-02-19 15:14:18,2.000987,1.620496,1.25541,1.787503,1.755957,1.051077
2026-02-19 15:14:48,3.993418,4.884312,3.66482,6.476048,2.249861,11.2983
2026-02-19 15:15:18,0.000041,2.62562,3.911409,2.534129,9.077296,3.483113
2026-02-19 15:15:48,2.837033,1.9208,2.052803,1.941497,2.366301,2.395836
2026-02-19 15:16:18,2.881834,2.796356,2.703106,3.160732,1.818219,2.408934
2026-02-19 15:16:48,1.483142,2.417362,0.000058,0.000157,1.534728,1.935814
2026-02-19 15:17:18,2.182309,0.639078,0.635654,0.610901,1.308501,1.510493
2026-02-19 15:17:48,1.485265,1.335518,1.784002,2.546204,0.050519,0.026836
2026-02-19 15:18:18,2.136402,0.53979,0.749774,0.584609,1.435648,1.612445
2026-02-19 15:18:48,0.004332,1.343837,1.467453,1.639145,1.637356,1.953372
2026-02-19 15:19:18,2.890719,0.000085,2.524528,1.471272,0.000058,0.000049
2026-02-19 15:19:48,1.664239,3.219563,3.476022,3.274843,2.209656,2.355509
2026-02-19 15:20:18,3.04431,1.060235,1.656586,1.153837,1.810266,2.033489
2026-02-19 15:20:48,1.965864,0.438853,1.554776,1.669738,0.590877,0.531115
2026-02-19 15:21:18,1.288284,1.233379,1.331316,0.93361,0.464684,0.469499
2026-02-19 15:21:48,1.119677,2.307335,1.994763,2.353285,2.142886,2.320904
2026-02-19 15:22:18,2.106261,1.283521,1.736304,1.760556,1.648299,1.375275
2026-02-19 15:22:48,2.106261,1.283521,0.704068,1.760556,1.648299,1.375275
2026-02-19 15:23:18,1.618195,1.456855,1.957361,1.213945,1.818307,2.200673
2026-02-19 15:23:48,1.104952,0.387553,0.008942,0.015092,0.053598,0.05061
2026-02-19 15:24:18,0.700452,0.5642,0.023741,0.014396,0.022256,0.035832
2026-02-19 15:24:48,0.641769,0.846088,0.867972,0.197795,0.468174,0.612939
2026-02-19 15:25:18,0.612225,1.224364,1.379249,0.986413,0.890817,1.189343
2026-02-19 15:25:48,0.612225,1.224364,1.379249,0.986413,0.890817,6.552379
2026-02-19 15:26:18,0.737355,1.019208,1.830052,0.590417,0.531854,0.61013
2026-02-19 15:26:48,1.851325,1.104053,0.943464,0.676893,0.617539,0.542294
2026-02-19 15:27:18,0.542219,0.457141,0.22517,0.894275,0.578324,0.554695
2026-02-19 15:27:48,0.733013,1.001841,0.676759,0.764443,0.502384,0.631886
2026-02-19 15:28:18,0.733013,1.001841,0.676759,0.764443,0.502384,0.631886
2026-02-19 15:28:48,0.569524,0.367986,0.457024,0.469372,0.461221,0.334877
2026-02-19 15:29:18,0.493115,1.0288,0.857068,1.069126,0.373855,0.450594
2026-02-19 15:29:48,0.618974,1.589231,1.366611,1.341452,1.102391,0.884701
2026-02-19 15:30:18,0.790545,0.586364,0.993336,0.836779,0.718985,0.708108
2026-02-19 15:30:48,0.445232,0.413992,1.189818,0.501094,0.688465,0.698434
2026-02-19 15:31:18,4.983163,0.00005,2.170389,0.000623,0.811265,1.483731
2026-02-19 15:31:48,0.059045,1.379449,1.265544,1.295353,1.660505,1.880962
2026-02-19 15:32:18,0.414843,1.79576,1.962201,1.730253,1.289342,1.788248
2026-02-19 15:32:48,0.903771,1.04035,0.783622,1.142381,0.635057,0.902068
2026-02-19 15:33:18,0.903771,1.04035,0.783622,1.142381,0.635057,0.902068
2026-02-19 15:33:48,1.233079,1.53169,1.355878,0.946572,0.839296,0.957861
2026-02-19 15:34:18,0.803998,1.951322,2.017069,1.892788,1.32456,1.024202
2026-02-19 15:34:48,0.284905,0.254166,0.52893,0.793127,0.802895,0.579442
2026-02-19 15:35:18,1.235138,1.431366,1.409399,0.769679,1.099464,0.000031
2026-02-19 15:35:48,1.008034,0.789694,0.292532,1.478486,0.778035,0.663346
2026-02-19 15:36:18,0.906104,0.938837,0.292532,0.757097,0.964664,0.663346
2026-02-19 15:36:48,0.596281,1.257409,1.199157,1.07221,0.593753,0.769377
2026-02-19 15:37:18,1.813038,1.194658,0.756707,0.725813,0.75393,0.79568
2026-02-19 15:37:48,0.570327,1.514958,1.404048,1.305766,0.813914,0.776344
2026-02-19 15:38:18,1.507046,1.597005,1.227228,1.578378,1.03902,0.938857
2026-02-19 15:38:48,0.573187,0.703027,0.709345,0.887841,0.982778,0.876746
