Time,"__name__=""dockerstats_memory_usage_bytes"",id=""0dad7441fca6"",instance=""docker-stats-exporter:9487"",job=""docker-stats-exporter"",name=""rskj-node2""","__name__=""dockerstats_memory_usage_bytes"",id=""1e90f9caa9e3"",instance=""docker-stats-exporter:9487"",job=""docker-stats-exporter"",name=""rskj-miner1""","__name__=""dockerstats_memory_usage_bytes"",id=""9f0188587dc4"",instance=""docker-stats-exporter:9487"",job=""docker-stats-exporter"",name=""rskj-miner4""","__name__=""dockerstats_memory_usage_bytes"",id=""d856b9fa972d"",instance=""docker-stats-exporter:9487"",job=""docker-stats-exporter"",name=""rskj-miner3""","__name__=""dockerstats_memory_usage_bytes"",id=""df7d33e94132"",instance=""docker-stats-exporter:9487"",job=""docker-stats-exporter"",name=""rskj-node1""","__name__=""dockerstats_memory_usage_bytes"",id=""ee087d56bc0e"",instance=""docker-stats-exporter:9487"",job=""docker-stats-exporter"",name=""rskj-miner2"""
2026-02-13 02:40:18,4196634624,4116017152,4118044672,4109377536,4106899456,4118888448
2026-02-13 02:40:48,4196683776,4117475328,4118237184,4109606912,4106919936,4119093248
2026-02-13 02:41:18,4196704256,4118700032,4118392832,4109733888,4106940416,4119269376
2026-02-13 02:41:48,4196741120,4120137728,4118482944,4109856768,4106989568,4119339008
2026-02-13 02:42:18,4196777984,4121382912,4119003136,4110090240,4107046912,4119580672
2026-02-13 02:42:48,4196794368,4122607616,4118790144,4110180352,4107067392,4119633920
2026-02-13 02:43:18,4196802560,4123951104,4118876160,4110499840,4107079680,4119715840
2026-02-13 02:43:48,4196810752,4125274112,4118937600,4110331904,4107100160,4119773184
2026-02-13 02:44:18,4196814848,4126519296,4118970368,4110336000,4107100160,4119859200
2026-02-13 02:44:48,4196921344,4127907840,4119126016,4110774272,4107145216,4120018944
2026-02-13 02:45:18,4196925440,4129730560,4119207936,4110565376,4107137024,4120096768
2026-02-13 02:45:48,4196937728,4132827136,4119306240,4110987264,4107141120,4120195072
2026-02-13 02:46:18,4196945920,4137320448,4119457792,4110827520,4107161600,4120346624
2026-02-13 02:46:48,4196962304,4110086144,4117405696,4108828672,4106121216,4119388160
2026-02-13 02:47:18,4196986880,4112220160,4117585920,4109217792,4106129408,4119576576
2026-02-13 02:47:48,4197011456,4112789504,4114522112,4106465280,4104007680,4118667264
2026-02-13 02:48:18,4197199872,4114890752,4114763776,4106436608,4104056832,4118921216
2026-02-13 02:48:48,4197249024,4116398080,4113846272,4106637312,4103041024,4117999616
2026-02-13 02:49:18,4197265408,4118720512,4112818176,4105854976,4103049216,4118081536
2026-02-13 02:49:48,4197306368,4121276416,4112990208,4106047488,4103102464,4118241280
2026-02-13 02:50:18,4197322752,4123185152,4112543744,4105854976,4100956160,4116185088
2026-02-13 02:50:48,4197322752,4128112640,4112547840,4105900032,4101005312,4116197376
2026-02-13 02:51:18,4197326848,4131897344,4109357056,4104273920,4098850816,4116234240
2026-02-13 02:51:48,4197351424,4135763968,4108353536,4104396800,4097802240,4115238912
2026-02-13 02:52:18,4197359616,4136460288,4104691712,4102045696,4093505536,4109955072
2026-02-13 02:52:48,4197376000,4140339200,4103684096,4102152192,4092465152,4110016512
2026-02-13 02:53:18,4197404672,4145164288,4103880704,4102565888,4092534784,4110204928
2026-02-13 02:53:48,4197416960,4149190656,4102852608,4102393856,4091469824,4109185024
2026-02-13 02:54:18,4197425152,4153028608,4102676480,4102455296,4090429440,4108169216
2026-02-13 02:54:48,4197437440,4158074880,4038107136,4102569984,4090466304,4108218368
2026-02-13 02:55:18,4197486592,4163977216,4036190208,4102262784,4088406016,4108431360
2026-02-13 02:55:48,4197498880,4173340672,4036272128,4102377472,4088446976,4108505088
2026-02-13 02:56:18,4197539840,4182384640,3971883008,4101259264,4088565760,4108722176
2026-02-13 02:56:48,4197888000,4181118976,4065685504,4049776640,4181512192,4012703744
2026-02-13 02:57:18,4197638144,4190322688,4065742848,4049797120,4181536768,4012756992
2026-02-13 02:57:48,4197670912,4093427712,4065804288,4049907712,4181573632,4012855296
2026-02-13 02:58:18,4197666816,4102762496,4065832960,4049907712,4181577728,4012883968
2026-02-13 02:58:48,4197683200,4112273408,4065869824,4049936384,4181598208,4012912640
2026-02-13 02:59:18,4197720064,4121399296,4065955840,4050038784,4181647360,4013002752
2026-02-13 02:59:48,4197724160,4132052992,4065959936,4050067456,4181651456,4013006848
2026-02-13 03:00:18,4197761024,4115943424,4066099200,3986419712,4181729280,3933974528
2026-02-13 03:00:48,4197838848,4115963904,4066177024,3986522112,4181803008,3934085120
2026-02-13 03:01:18,4197847040,4116033536,4066234368,3986571264,4181811200,3934138368
2026-02-13 03:01:48,4197888000,4116545536,4066406400,3986870272,4181843968,3934310400
2026-02-13 03:02:18,4197888000,4116889600,4066443264,3986874368,4181843968,3934343168
2026-02-13 03:02:48,4197912576,4117344256,4066553856,3987025920,4181860352,3934461952
2026-02-13 03:03:18,4197908480,4117680128,4066586624,3987025920,4181864448,3934494720
2026-02-13 03:03:48,4197945344,4118196224,4066762752,3987234816,4181889024,3934670848
2026-02-13 03:04:18,4197957632,4118577152,4066869248,3987312640,4181897216,3934789632
2026-02-13 03:04:48,4197986304,4118822912,4066938880,3987402752,4181917696,3934875648
2026-02-13 03:05:18,4197982208,4119031808,4066955264,3987402752,4181921792,3934896128
2026-02-13 03:05:48,4197994496,4119379968,4067000320,3987476480,4181934080,3934945280
2026-02-13 03:06:18,4198014976,4119990272,4067332096,3988000768,4181958656,3935256576
2026-02-13 03:06:48,4108541952,4120866816,4067504128,3988004864,4181979136,4068663296
2026-02-13 03:07:18,4108546048,4121497600,4067553280,3988008960,4181979136,4068724736
2026-02-13 03:07:48,4108587008,4122353664,4067749888,3988254720,4182003712,4068929536
2026-02-13 03:08:18,4108697600,4123004928,4067831808,3988299776,4182011904,4069031936
2026-02-13 03:08:48,4108701696,4123688960,4067864576,3988357120,4182016000,4069060608
2026-02-13 03:09:18,4108718080,4124348416,4067938304,3988414464,4182040576,4069109760
2026-02-13 03:09:48,4108791808,4125155328,4067995648,3988480000,4182065152,4069154816
2026-02-13 03:10:18,4108824576,4125675520,4068048896,3988520960,4182081536,4069208064
2026-02-13 03:10:48,4108849152,4126601216,4068106240,3988598784,4182114304,4069257216
2026-02-13 03:11:18,4108873728,4127596544,4068315136,3988779008,4182142976,4069519360
2026-02-13 03:11:48,4108918784,4129132544,4068597760,3989098496,4182183936,4069797888
2026-02-13 03:12:18,4108935168,4130398208,4068741120,3989213184,4182196224,4069945344
2026-02-13 03:12:48,4108951552,4131971072,4068835328,3989327872,4182216704,4070031360
2026-02-13 03:13:18,4108967936,4132855808,4068896768,3989389312,4182233088,4070105088
2026-02-13 03:13:48,4108976128,4134084608,4068933632,3989438464,4182241280,4070133760
2026-02-13 03:14:18,4109021184,4135370752,4069072896,3989540864,4182278144,4070240256
2026-02-13 03:14:48,4109029376,4136796160,4069109760,3989573632,4182282240,4070264832
2026-02-13 03:15:18,4109058048,4137943040,4069294080,3989684224,4182335488,4070375424
2026-02-13 03:15:48,4109127680,4139323392,4069474304,3989823488,4182376448,4070502400
2026-02-13 03:16:18,4109148160,4141719552,4069621760,3989934080,4182396928,4070653952
2026-02-13 03:16:48,4109176832,4144545792,4069724160,3990069248,4182429696,4070768640
2026-02-13 03:17:18,4109213696,4147007488,4069982208,3990278144,4182487040,4071002112
2026-02-13 03:17:48,4109230080,4149575680,4070064128,3990380544,4182515712,4071079936
2026-02-13 03:18:18,4109246464,4152496128,4070154240,3990425600,4182532096,4071161856
2026-02-13 03:18:48,4109279232,4154753024,4070240256,3990503424,4182577152,4071231488
2026-02-13 03:19:18,4109283328,4157526016,4070264832,3990523904,4182581248,4071251968
2026-02-13 03:19:48,4109324288,4160225280,4070326272,3990585344,4182630400,4071305216
2026-02-13 03:20:18,4109418496,4129304576,4174458880,4060532736,4133961728,4071370752
2026-02-13 03:20:48,4109414400,4131823616,4174483456,4060590080,4133986304,4071493632
2026-02-13 03:21:18,4109467648,4137222144,4174712832,4060823552,4134027264,4071665664
2026-02-13 03:21:48,4109492224,4141785088,4174778368,4060876800,4134055936,4071673856
2026-02-13 03:22:18,4109516800,4041285632,4174864384,4060938240,4134088704,4071755776
2026-02-13 03:22:48,4109529088,4046307328,4174942208,4061052928,4134121472,4071911424
2026-02-13 03:23:18,4109557760,4051083264,4177866752,4061085696,4134141952,4071940096
2026-02-13 03:23:48,4109574144,4055859200,4177907712,4061130752,4134166528,4071964672
2026-02-13 03:24:18,4109606912,4061192192,4178059264,4061200384,4134199296,4072062976
2026-02-13 03:24:48,4109615104,4065988608,4178014208,4061212672,4134203392,4072062976
2026-02-13 03:25:18,4109619200,4070608896,4178182144,4061241344,4134203392,4072075264
2026-02-13 03:25:48,4109623296,4076785664,4178194432,4061515776,4134211584,4072091648
2026-02-13 03:26:18,4109635584,4086407168,4178280448,4061298688,4134227968,4072181760
2026-02-13 03:26:48,4109651968,4094775296,4178329600,4061384704,4134277120,4072218624
2026-02-13 03:27:18,4109717504,4103454720,4178599936,4062003200,4134412288,4072435712
2026-02-13 03:27:48,4109733888,4112777216,4178690048,4062294016,4134445056,4072579072
2026-02-13 03:28:18,4109758464,4121681920,4178800640,4062400512,4134498304,4072701952
2026-02-13 03:28:48,4109799424,4130156544,4178894848,4062543872,4134572032,4072828928
2026-02-13 03:29:18,4109799424,4134903808,4177842176,4062543872,4133490688,4072853504
2026-02-13 03:29:48,4109840384,4120743936,4177948672,4062654464,4133539840,4008878080
2026-02-13 03:30:18,4109856768,4025970688,4177993728,4062703616,4133552128,4008972288
2026-02-13 03:30:48,4109869056,4035190784,4178038784,4062756864,4133568512,4008972288
2026-02-13 03:31:18,4109869056,4035186688,4178063360,4062752768,4133572608,4009005056
2026-02-13 03:31:48,4109873152,4035272704,4178071552,4062773248,4133576704,4009013248
2026-02-13 03:32:18,4109881344,4035342336,4178141184,4062822400,4133609472,4009086976
2026-02-13 03:32:48,4109905920,4035403776,4178194432,4062892032,4133646336,4009144320
2026-02-13 03:33:18,4109918208,4035567616,4178276352,4062957568,4133662720,4009234432
2026-02-13 03:33:48,4109938688,4036194304,4178440192,4063158272,4133691392,4009410560
2026-02-13 03:34:18,4109942784,4036554752,4178526208,4063219712,4133695488,4009504768
2026-02-13 03:34:48,4109971456,4037095424,4178722816,4063444992,4133724160,4009713664
2026-02-13 03:35:18,4109996032,4037398528,4178862080,4063539200,4133748736,4009820160
2026-02-13 03:35:48,4110012416,4037648384,4178993152,4063678464,4133769216,4009947136
2026-02-13 03:36:18,4110032896,4038025216,4179091456,4063764480,4133785600,4010057728
2026-02-13 03:36:48,4110036992,4038393856,4179128320,4063830016,4133789696,4010115072
2026-02-13 03:37:18,4178182144,4038758400,4179202048,4063866880,4133797888,4010139648
2026-02-13 03:37:48,4088090624,3970179072,3954978816,4013809664,4133822464,4064153600
2026-02-13 03:38:18,4088098816,3970662400,3955089408,4013879296,4133826560,4064276480
2026-02-13 03:38:48,4088098816,3971366912,3955347456,4018532352,4133830656,4064280576
2026-02-13 03:39:18,4088197120,3972153344,3955372032,4018872320,4133875712,4064600064
2026-02-13 03:39:48,4088205312,3972866048,3955372032,4018827264,4133879808,4064587776
2026-02-13 03:40:18,4088233984,3973611520,3955568640,4018991104,4133904384,4064784384
2026-02-13 03:40:48,4088233984,3974291456,3955572736,4018999296,4133904384,4064808960
2026-02-13 03:41:18,4088258560,3974934528,3956006912,4019109888,4138827776,4064968704
2026-02-13 03:41:48,4088291328,3975589888,3955798016,4019146752,4138909696,4065021952
2026-02-13 03:42:18,4088320000,3976282112,3954802688,4018384896,4137779200,4065091584
2026-02-13 03:42:48,4088340480,3977138176,3955122176,4018429952,4137787392,4065148928
2026-02-13 03:43:18,4088356864,3978166272,3954978816,4018540544,4137795584,4065271808
2026-02-13 03:43:48,4088369152,3979497472,3955052544,4018610176,4137807872,4065345536
2026-02-13 03:44:18,4088373248,3980820480,3955167232,4018708480,4137820160,4065468416
2026-02-13 03:44:48,4088389632,3982159872,3955249152,4018782208,4137836544,4065546240
2026-02-13 03:45:18,4088401920,3983970304,3955417088,4018941952,4137848832,4065710080
2026-02-13 03:45:48,4088430592,3984814080,3955531776,4019060736,4137893888,4065828864
2026-02-13 03:46:18,4088434688,3986116608,3955560448,4019093504,4137897984,4065861632
2026-02-13 03:46:48,4088459264,3987427328,3955621888,4019146752,4137906176,4065923072
2026-02-13 03:47:18,4088475648,3988647936,3956068352,4019556352,4137943040,4066062336
2026-02-13 03:47:48,4088586240,3990061056,3955949568,4019433472,4137984000,4066197504
2026-02-13 03:48:18,4088586240,3992805376,3955990528,4019474432,4137988096,4066242560
2026-02-13 03:48:48,4088598528,3995586560,3956060160,4019552256,4138016768,4066299904
2026-02-13 03:49:18,4088594432,3998420992,3956097024,4019593216,4138016768,4066336768
2026-02-13 03:49:48,4088635392,4075073536,4117934080,4095188992,4152483840,4066570240
2026-02-13 03:50:18,4088655872,4077584384,4117811200,4095336448,4152512512,4066725888
2026-02-13 03:50:48,4088659968,4080107520,4118077440,4095340544,4152516608,4066725888
2026-02-13 03:51:18,4088700928,4082434048,4117975040,4095512576,4152569856,4066889728
2026-02-13 03:51:48,4088741888,4084932608,4118077440,4095639552,4152889344,4067057664
2026-02-13 03:52:18,4088754176,4087296000,4118114304,4095684608,4152901632,4067098624
2026-02-13 03:52:48,4088758272,4090195968,4118134784,4095713280,4152938496,4067119104
2026-02-13 03:53:18,4088836096,4095119360,4118454272,4096049152,4153032704,4067446784
2026-02-13 03:53:48,4088856576,4100390912,4118528000,4096131072,4153065472,4067524608
2026-02-13 03:54:18,4088901632,4105117696,4118618112,4096221184,4153098240,4067639296
2026-02-13 03:54:48,4088942592,4109565952,4118716416,4096331776,4153131008,4067758080
2026-02-13 03:55:18,4088979456,4113960960,4118843392,4096516096,4153196544,4067934208
2026-02-13 03:55:48,4088991744,4119064576,4118876160,4096557056,4153217024,4067971072
2026-02-13 03:56:18,4089008128,4124012544,4118949888,4096618496,4153245696,4068061184
2026-02-13 03:56:48,4089065472,4128624640,4119072768,4096765952,4153311232,4068249600
2026-02-13 03:57:18,4089114624,4133605376,4119257088,4096962560,4153393152,4068556800
2026-02-13 03:57:48,4089126912,4034121728,4119285760,4096991232,4153405440,4068589568
2026-02-13 03:58:18,4089135104,4043464704,4119392256,4097134592,4153421824,4068696064
2026-02-13 03:58:48,4089151488,4054040576,4119465984,4043628544,4153450496,4068761600
2026-02-13 03:59:18,4089151488,4062748672,4119769088,4043661312,4153442304,4068802560
2026-02-13 03:59:48,4089192448,4071755776,4119609344,4043767808,4153499648,4068913152
2026-02-13 04:00:18,4089241600,4080484352,4119781376,3980410880,4153552896,4048687104
2026-02-13 04:00:48,4089286656,4088283136,4119883776,3980533760,4153610240,4048797696
2026-02-13 04:01:18,4089561088,4097449984,4119949312,3980595200,4153618432,4048859136
2026-02-13 04:01:48,4089593856,4105871360,4119998464,3980656640,4153667584,4048924672
2026-02-13 04:02:18,4089393152,4050857984,4120150016,3980836864,4101771264,4049158144
2026-02-13 04:02:48,4089425920,4056649728,4055306240,3905757184,4101812224,4293308416
2026-02-13 04:03:18,4164091904,4056715264,4055367680,3855720448,4101840896,4195741696
2026-02-13 04:03:48,4164395008,4056780800,4055429120,3855835136,4102135808,4195794944
2026-02-13 04:04:18,4164149248,4056879104,4055498752,3855917056,4102402048,4195872768
2026-02-13 04:04:48,4164153344,4057534464,4055502848,3855917056,4101881856,4195876864
2026-02-13 04:05:18,4164161536,4056588288,4054532096,3856007168,4100816896,4195971072
2026-02-13 04:05:48,4164202496,4057116672,4053610496,3855093760,4100026368,4196143104
2026-02-13 04:06:18,4164214784,4057542656,4053696512,3855192064,4099772416,4196233216
2026-02-13 04:06:48,4164493312,4056973312,4052783104,3852124160,4099796992,4193697792
2026-02-13 04:07:18,4164239360,4054073344,4049616896,3847888896,4097921024,4189446144
2026-02-13 04:07:48,4164251648,4053360640,4049641472,3846844416,4097646592,4188405760
2026-02-13 04:08:18,4164251648,4053680128,4047499264,3844702208,4096049152,4187881472
2026-02-13 04:08:48,4164268032,4053925888,4047552512,3844755456,4096069632,4187926528
2026-02-13 04:09:18,4164272128,4052164608,4045996032,3844816896,4093919232,4185858048
2026-02-13 04:09:48,4164313088,4053245952,4046389248,3845173248,4093984768,4186218496
2026-02-13 04:10:18,4164313088,4053458944,4044337152,3842048000,4093992960,4185788416
2026-02-13 04:10:48,4164325376,4054200320,4044402688,3842117632,4094021632,4184231936
2026-02-13 04:11:18,4164354048,4054908928,4044603392,3842314240,4094033920,4184428544
2026-02-13 04:11:48,4164366336,4055539712,4042477568,3840212992,4094054400,4183666688
2026-02-13 04:12:18,4164374528,4056215552,4042522624,3840274432,4094070784,4183425024
2026-02-13 04:12:48,4164399104,3990900736,3904630784,4294705152,4178337792,4159844352
2026-02-13 04:13:18,4164427776,4033318912,4095795200,3927388160,4068446208,4045754368
2026-02-13 04:13:48,4164440064,4033744896,4095848448,3927433216,4068483072,4045819904
2026-02-13 04:14:18,4164710400,4034887680,4095967232,3927547904,4068466688,4046217216
2026-02-13 04:14:48,4164456448,4036169728,4095971328,3927646208,4068470784,4045971456
2026-02-13 04:15:18,4164468736,4037750784,4096331776,3927846912,4068601856,4046299136
2026-02-13 04:15:48,4164476928,4039159808,4096425984,3927924736,4068622336,4046381056
2026-02-13 04:16:18,4164476928,4035231744,4096479232,3927973888,4068610048,4046438400
2026-02-13 04:16:48,4164493312,4036587520,4096565248,3928064000,4068622336,4046528512
2026-02-13 04:17:18,4164493312,4037918720,4096618496,3928109056,4068622336,4046659584
2026-02-13 04:17:48,4164526080,4039487488,4096921600,3928408064,4068655104,4046884864
2026-02-13 04:18:18,4164538368,4040785920,4097060864,3928510464,4068667392,4047011840
2026-02-13 04:18:48,4164546560,4042096640,4097114112,3928608768,4068675584,4047060992
2026-02-13 04:19:18,4164562944,4044623872,4097249280,3928772608,4068687872,4047224832
2026-02-13 04:19:48,4164575232,4047462400,4097429504,3928948736,4068704256,4047441920
2026-02-13 04:20:18,4164571136,4050325504,4097482752,3929001984,4068704256,4047491072
2026-02-13 04:20:48,4164632576,4053106688,4097908736,3929481216,4068749312,4047982592
2026-02-13 04:21:18,4164640768,4055408640,4097978368,3929505792,4068757504,4048080896
2026-02-13 04:21:48,4164657152,4057997312,4098027520,3929550848,4068798464,4048117760
2026-02-13 04:22:18,4164657152,4060536832,4098052096,3929579520,4068806656,4048158720
2026-02-13 04:22:48,4164689920,4062978048,4098154496,3929681920,4068851712,4048248832
2026-02-13 04:23:18,4164698112,4065296384,4098215936,3929751552,4068872192,4048343040
2026-02-13 04:23:48,4164718592,4067713024,4098256896,3930034176,4069154816,4048363520
2026-02-13 04:24:18,4164726784,4072718336,4098437120,3929968640,4068925440,4048527360
2026-02-13 04:24:48,4164747264,4077522944,4098744320,3930091520,4068990976,4048650240
2026-02-13 04:25:18,4164771840,4082688000,4098887680,3930247168,4069003264,4048793600
2026-02-13 04:25:48,4164796416,4087750656,4098985984,3930365952,4069036032,4048859136
2026-02-13 04:26:18,4164820992,4093333504,4099129344,3930501120,4069085184,4049047552
2026-02-13 04:26:48,4164841472,4097208320,4099203072,3930574848,4069117952,4049104896
2026-02-13 04:27:18,4164845568,4102332416,4099219456,3930587136,4069117952,4049133568
2026-02-13 04:27:48,4164857856,4108013568,4099248128,3930619904,4069130240,4049182720
2026-02-13 04:28:18,4164866048,4112818176,4099280896,3930664960,4069146624,4049223680
2026-02-13 04:28:48,4164911104,4117987328,4099436544,3930865664,4069216256,4049338368
2026-02-13 04:29:18,4165185536,4127539200,4099534848,3930972160,4069220352,4049428480
2026-02-13 04:29:48,4164943872,4136099840,4099620864,3931074560,4069265408,4049506304
2026-02-13 04:30:18,4164984832,4039192576,4099743744,3931258880,4069322752,4049629184
2026-02-13 04:30:48,4165033984,4048240640,4099940352,3931459584,4069429248,4049829888
2026-02-13 04:31:18,4165050368,4057657344,4099993600,3931533312,4069449728,4049891328
2026-02-13 04:31:48,4165079040,4066869248,4100034560,3931574272,4069470208,4049928192
2026-02-13 04:32:18,4165111808,4076478464,4100165632,3931967488,4069515264,4050055168
2026-02-13 04:32:48,4165120000,4085194752,4100173824,3931734016,4069519360,4050055168
2026-02-13 04:33:18,4165136384,4093792256,4100239360,3931832320,4069568512,4050132992
2026-02-13 04:33:48,4165165056,4102270976,4100345856,3931947008,4069601280,4050251776
2026-02-13 04:34:18,4165193728,4101267456,4081020928,3932041216,4068573184,4049293312
2026-02-13 04:34:48,4165214208,4101488640,4081115136,3932139520,4068593664,4049395712
2026-02-13 04:35:18,4165255168,4101513216,4081414144,3931377664,4068634624,4048617472
2026-02-13 04:35:48,4165259264,4101869568,4081733632,3931381760,4068638720,4048879616
2026-02-13 04:36:18,4165263360,4102242304,4081496064,3931463680,4068642816,4048695296
2026-02-13 04:36:48,4165283840,4102668288,4080504832,3930472448,4067581952,4049055744
2026-02-13 04:37:18,4260442112,4102893568,3949449216,3930607616,4067631104,4184203264
2026-02-13 04:37:48,4162396160,4103254016,3948408832,3929575424,4066566144,4184244224
2026-02-13 04:38:18,4162465792,4103692288,3948548096,3929722880,4066603008,4184387584
2026-02-13 04:38:48,4162490368,4104081408,3948593152,3929767936,4066627584,4184428544
2026-02-13 04:39:18,4162510848,4211056640,3875889152,4005969920,4168183808,4118847488
2026-02-13 04:39:48,4162531328,4212740096,3994316800,4006207488,4168212480,4119068672
2026-02-13 04:40:18,4162547712,4211867648,3992846336,4004200448,4167151616,4116525056
2026-02-13 04:40:48,4162564096,4212883456,3992961024,4004315136,4167180288,4116643840
2026-02-13 04:41:18,4162584576,4213395456,3992051712,4003467264,4166123520,4116828160
2026-02-13 04:41:48,4162613248,4214132736,3991035904,4002455552,4166148096,4116361216
2026-02-13 04:42:18,4162629632,4214628352,3991351296,4002504704,4166160384,4116418560
2026-02-13 04:42:48,4162637824,4214247424,3988967424,4001472512,4164014080,4116713472
2026-02-13 04:43:18,4162637824,4214923264,3988987904,4001488896,4164014080,4116475904
2026-02-13 04:43:48,4162666496,4215738368,3989372928,4001660928,4164038656,4116627456
2026-02-13 04:44:18,4162674688,4214784000,3988099072,4000628736,4162969600,4114542592
2026-02-13 04:44:48,4162682880,4216213504,3988172800,4000710656,4162994176,4114616320
2026-02-13 04:45:18,4162703360,4214390784,3985711104,4000944128,4159787008,4113768448
2026-02-13 04:45:48,4162703360,4215660544,3985719296,4000944128,4159787008,4113776640
2026-02-13 04:46:18,4162711552,4217139200,3985756160,4000980992,4159791104,4113809408
2026-02-13 04:46:48,4162715648,4217143296,3984683008,4000985088,4158709760,4113809408
2026-02-13 04:47:18,4162756608,4218703872,3984949248,4001251328,4158771200,4114296832
2026-02-13 04:47:48,4162756608,4218843136,3983351808,4000202752,4156620800,4113018880
2026-02-13 04:48:18,4162781184,4220215296,3983429632,4000288768,4156641280,4113096704
2026-02-13 04:48:48,4162797568,4220485632,3981340672,3999272960,4155584512,4112629760
2026-02-13 04:49:18,4162809856,4222349312,3981410304,3999342592,4155596800,4112699392
2026-02-13 04:49:48,4162813952,4225171456,3981459456,3999395840,4155596800,4112777216
2026-02-13 04:50:18,4162826240,4226703360,3980484608,3997343744,4155088896,4111249408
2026-02-13 04:50:48,4162830336,4229185536,3980529664,3997396992,4155097088,4111310848
2026-02-13 04:51:18,4162854912,4231405568,3979579392,3997523968,4154036224,4111429632
2026-02-13 04:51:48,4162879488,4232212480,3978555392,3997581312,4152979456,4110417920
2026-02-13 04:52:18,4162879488,4229779456,3974864896,3995508736,4148682752,4105641984
2026-02-13 04:52:48,4162912256,4232372224,3972833280,3993477120,4148719616,4104695808
2026-02-13 04:53:18,4162924544,4129009664,3972927488,3993595904,4148731904,4104785920
2026-02-13 04:53:48,4162928640,4131532800,3972927488,3993600000,4148740096,4104790016
2026-02-13 04:54:18,4162973696,4135399424,3973160960,3993841664,4148789248,4105031680
2026-02-13 04:54:48,4162998272,4140187648,3973386240,3994071040,4148817920,4105269248
2026-02-13 04:55:18,4163022848,4145213440,3973611520,3994296320,4148850688,4105502720
2026-02-13 04:55:48,4163043328,4149059584,3973152768,3994394624,4147802112,4104548352
2026-02-13 04:56:18,4163055616,4153962496,3973206016,3994439680,4147818496,4104601600
2026-02-13 04:56:48,4163100672,4157530112,3971092480,3993432064,4146798592,4104118272
2026-02-13 04:57:18,4163125248,4162162688,3971186688,3993522176,4146827264,4104212480
2026-02-13 04:57:48,4163166208,4114911232,3971264512,3993616384,4146876416,4039663616
2026-02-13 04:58:18,4163190784,4118220800,3968131072,3991568384,4145856512,4038684672
2026-02-13 04:58:48,4163198976,4122689536,3968155648,3991592960,4145864704,4038709248
2026-02-13 04:59:18,4163264512,4126928896,3967504384,3990720512,4144349184,4036722688
2026-02-13 04:59:48,4163293184,4135956480,3967385600,3991101440,4144386048,4036874240
2026-02-13 05:00:18,4163309568,4145164288,3875774464,3979309056,4079226880,4036931584
2026-02-13 05:00:48,4163334144,4154359808,3875840000,3925266432,4078186496,4036472832
2026-02-13 05:01:18,4163375104,4163878912,3875991552,3925438464,4078252032,4036632576
2026-02-13 05:01:48,4163420160,4172505088,3876102144,3925557248,4078325760,4036743168
2026-02-13 05:02:18,4163452928,4075507712,3876225024,3925684224,4078383104,4036841472
2026-02-13 05:02:48,4163481600,4085121024,3876298752,3925766144,4078407680,4036927488
2026-02-13 05:03:18,4163698688,4076974080,4075597824,4051714048,4135649280,3960610816
2026-02-13 05:03:48,4163719168,4085792768,4075593728,4051722240,4135657472,3960352768
2026-02-13 05:04:18,4163768320,4091191296,4075806720,4051931136,4135759872,3960545280
2026-02-13 05:04:48,4163780608,4091215872,4075884544,4052013056,4135784448,3960635392
2026-02-13 05:05:18,4163780608,4091215872,4075892736,4052025344,4135784448,3960655872
2026-02-13 05:05:48,4163821568,4091248640,4075933696,4052074496,4135874560,3960700928
2026-02-13 05:06:18,4163858432,4091596800,4076040192,4052168704,4135915520,3960815616
2026-02-13 05:06:48,4163866624,4091654144,4076052480,4052205568,4135923712,3960819712
2026-02-13 05:07:18,4163874816,4092203008,4076085248,4052234240,4135919616,3960852480
2026-02-13 05:07:48,4163891200,4092493824,4076191744,4052353024,4135944192,3960979456
2026-02-13 05:08:18,4074778624,4028489728,4012183552,4051902464,4084006912,4080603136
2026-02-13 05:08:48,4074905600,4028911616,4012298240,4052045824,4084035584,4080709632
2026-02-13 05:09:18,4075048960,4029296640,4012396544,4052144128,4084047872,4080807936
2026-02-13 05:09:48,4075077632,4029755392,4012539904,4052320256,4084088832,4080943104
2026-02-13 05:10:18,4075085824,4030115840,4012580864,4052357120,4084097024,4081254400
2026-02-13 05:10:48,4075098112,4030308352,4012601344,4052381696,4084109312,4081008640
2026-02-13 05:11:18,4075159552,4030746624,4012851200,4052635648,4084137984,4081303552
2026-02-13 05:11:48,4075192320,4031606784,4013043712,4052836352,4084178944,4081475584
2026-02-13 05:12:18,4075220992,4032356352,4013252608,4053037056,4084195328,4081688576
2026-02-13 05:12:48,4075237376,4033159168,4013473792,4053258240,4084215808,4081901568
2026-02-13 05:13:18,4075241472,4033830912,4013547520,4053331968,4084224000,4081983488
2026-02-13 05:13:48,4075266048,4034437120,4013617152,4053409792,4084256768,4082049024
2026-02-13 05:14:18,4075311104,4035178496,4014055424,4053590016,4084318208,4082253824
2026-02-13 05:14:48,4075335680,4035719168,4013903872,4053712896,4084346880,4082384896
2026-02-13 05:15:18,4075339776,4036423680,4013989888,4053782528,4084355072,4082470912
2026-02-13 05:15:48,4075356160,4037160960,4014096384,4053897216,4084371456,4082581504
2026-02-13 05:16:18,4075372544,4038426624,4014292992,4054102016,4084396032,4082786304
2026-02-13 05:16:48,4075384832,4039548928,4014637056,4054200320,4084400128,4082888704
2026-02-13 05:17:18,4075388928,4040925184,4014501888,4054327296,4084408320,4083011584
2026-02-13 05:17:48,4075388928,4042252288,4014505984,4054331392,4084412416,4083011584
2026-02-13 05:18:18,4075417600,4043685888,4014751744,4055146496,4084436992,4083253248
2026-02-13 05:18:48,4075442176,4045066240,4014907392,4055310336,4084465664,4083425280
2026-02-13 05:19:18,4075483136,4046184448,4015116288,4055506944,4084518912,4083683328
2026-02-13 05:19:48,4075491328,4047785984,4015120384,4055511040,4084527104,4083740672
2026-02-13 05:20:18,4075515904,4048814080,4015296512,4055691264,4084555776,4083896320
2026-02-13 05:20:48,4075532288,4050067456,4015394816,4055789568,4084649984,4084056064
2026-02-13 05:21:18,4075565056,4052275200,4015710208,4056109056,4084682752,4084412416
2026-02-13 05:21:48,4075585536,4055031808,4015857664,4056272896,4084715520,4084563968
2026-02-13 05:22:18,4075601920,4057649152,4016041984,4056469504,4084756480,4084989952
2026-02-13 05:22:48,4075630592,4060106752,4016197632,4056633344,4084813824,4084912128
2026-02-13 05:23:18,4075655168,4062732288,4016365568,4056805376,4084924416,4085075968
2026-02-13 05:23:48,4075675648,4065189888,4016451584,4056911872,4084936704,4085174272
2026-02-13 05:24:18,4075683840,4067659776,4016574464,4057022464,4084969472,4085301248
2026-02-13 05:24:48,4075737088,4070207488,4016672768,4057133056,4084989952,4085399552
2026-02-13 05:25:18,4075741184,4072714240,4016689152,4057161728,4084994048,4085424128
2026-02-13 05:25:48,4075765760,4075036672,3953782784,4275576832,4085030912,4085563392
2026-02-13 05:26:18,4075802624,4059152384,4109594624,4094992384,4046659584,3859636224
2026-02-13 05:26:48,4075810816,4063821824,4109697024,4095082496,4046667776,3859771392
2026-02-13 05:27:18,4075819008,4069060608,4109795328,4095193088,4046692352,3859873792
2026-02-13 05:27:48,4075859968,4074479616,4110372864,4095434752,4046745600,3860099072
2026-02-13 05:28:18,4075876352,4079534080,4110172160,4095512576,4046757888,3860217856
2026-02-13 05:28:48,4075896832,4060868608,4110290944,4095647744,4046802944,3860353024
2026-02-13 05:29:18,4075921408,4065808384,4110397440,4095774720,4046823424,3860463616
2026-02-13 05:29:48,4075945984,4070436864,4110471168,4095873024,4046856192,3860541440
2026-02-13 05:30:18,4075945984,4075204608,4110495744,4095909888,4047130624,3860574208
2026-02-13 05:30:48,4075962368,4079656960,4110553088,4095975424,4046893056,3860631552
2026-02-13 05:31:18,4075974656,4089298944,4110688256,4096139264,4046929920,3860774912
2026-02-13 05:31:48,4076003328,4098408448,4110737408,4096180224,4046979072,3860844544
2026-02-13 05:32:18,4076011520,4107902976,4110782464,4096233472,4046987264,3860893696
2026-02-13 05:32:48,4076027904,4117118976,4110835712,4096266240,4047011840,3860926464
2026-02-13 05:33:18,4076023808,4127162368,4110848000,4096294912,4047015936,3860971520
2026-02-13 05:33:48,4076044288,4137488384,4111151104,4096339968,4047040512,3861004288
2026-02-13 05:34:18,4076044288,4145999872,4110917632,4096380928,4047040512,3861037056
2026-02-13 05:34:48,4196016128,4154388480,4110958592,4040671232,4047056896,4070514688
2026-02-13 05:35:18,4196081664,4163571712,4111122432,4040822784,4047138816,4070641664
2026-02-13 05:35:48,4196093952,4066910208,4111159296,4040863744,4047151104,4070682624
2026-02-13 05:36:18,4196126720,4068106240,4111257600,4040982528,4047187968,4070793216
2026-02-13 05:36:48,4196175872,4068163584,4111302656,4041035776,4047253504,4070842368
2026-02-13 05:37:18,4196188160,4066816000,4111413248,4039254016,4046729216,4068810752
2026-02-13 05:37:48,4196196352,4067475456,4111478784,4039307264,4046737408,4068864000
2026-02-13 05:38:18,4196208640,4067651584,4111609856,4039184384,4046753792,4069019648
2026-02-13 05:38:48,4196212736,4067991552,4111613952,4039188480,4046753792,4069019648
2026-02-13 05:39:18,4196225024,4068421632,4111757312,4039335936,4046770176,4069146624
2026-02-13 05:39:48,4196237312,4068868096,4111855616,4039430144,4046790656,4069253120
2026-02-13 05:40:18,4196253696,4069150720,4111962112,4039577600,4046819328,4069359616
2026-02-13 05:40:48,4196257792,4069404672,4111962112,4039577600,4046819328,4069359616
2026-02-13 05:41:18,4196261888,4069715968,4111994880,4039667712,4046819328,4069392384
2026-02-13 05:41:48,4196290560,4070182912,4112216064,4039827456,4046872576,4069634048
2026-02-13 05:42:18,4196311040,4071149568,4112510976,4040122368,4046901248,4069953536
2026-02-13 05:42:48,4196323328,4072009728,4112674816,4040290304,4046979072,4070117376
2026-02-13 05:43:18,4196327424,4072656896,4112732160,4040335360,4046983168,4070166528
2026-02-13 05:43:48,4196343808,4073480192,4112912384,4040527872,4046999552,4070359040
2026-02-13 05:44:18,4196364288,4073988096,4113014784,4040622080,4047024128,4070449152
2026-02-13 05:44:48,4196380672,4074688512,4113096704,4040712192,4047048704,4070539264
2026-02-13 05:45:18,4196388864,4075335680,4113199104,4040818688,4047065088,4070645760
2026-02-13 05:45:48,4196401152,4076077056,4113240064,4040921088,4047077376,4070690816
2026-02-13 05:46:18,4196417536,4076781568,4113362944,4041048064,4047093760,4070817792
2026-02-13 05:46:48,4196433920,4077699072,4113461248,4041154560,4047118336,4070920192
2026-02-13 05:47:18,4196450304,4079190016,4113682432,4041367552,4047138816,4071124992
2026-02-13 05:47:48,4196487168,4080648192,4113887232,4041580544,4047183872,4071329792
2026-02-13 05:48:18,4196491264,4081983488,4113969152,4041699328,4047196160,4071411712
2026-02-13 05:48:48,4196511744,4083171328,4114087936,4041781248,4047224832,4071534592
2026-02-13 05:49:18,4196532224,4084563968,4114231296,4042190848,4047249408,4071915520
2026-02-13 05:49:48,4196556800,4085911552,4114345984,4042047488,4047278080,4072136704
2026-02-13 05:50:18,4196560896,4087218176,4114399232,4042108928,4047294464,4071940096
2026-02-13 05:50:48,4196577280,4088606720,4114472960,4042174464,4047306752,4072009728
2026-02-13 05:51:18,4196601856,4089991168,4114579456,4042289152,4047331328,4072161280
2026-02-13 05:51:48,4196638720,4091973632,4114796544,4042522624,4047368192,4072357888
2026-02-13 05:52:18,4196671488,4207456256,4294483968,4038008832,4206743552,3921555456
2026-02-13 05:52:48,4196683776,4209917952,4168589312,4038078464,4206768128,3921608704
2026-02-13 05:53:18,4196728832,4212690944,4168781824,4038266880,4206845952,3921776640
2026-02-13 05:53:48,4196757504,4215025664,4168830976,4038328320,4206886912,3921838080
2026-02-13 05:54:18,4196761600,4217380864,4168859648,4038348800,4206886912,3921858560
2026-02-13 05:54:48,4196798464,4219731968,4168912896,4038414336,4206923776,3921920000
2026-02-13 05:55:18,4196814848,4222128128,4168978432,4038483968,4206952448,3922006016
2026-02-13 05:55:48,4196818944,4224655360,4168986624,4038483968,4206956544,3922001920
2026-02-13 05:56:18,4196831232,4227100672,4169007104,4038516736,4206960640,3922034688
2026-02-13 05:56:48,4196847616,4231417856,4169121792,4038623232,4206985216,3922149376
2026-02-13 05:57:18,4196892672,4234448896,4169375744,4036751360,4204929024,3919720448
2026-02-13 05:57:48,4196929536,4239011840,4169506816,4036882432,4204961792,3919855616
2026-02-13 05:58:18,4196937728,4242575360,4169572352,4036947968,4203900928,3918839808
2026-02-13 05:58:48,4196966400,4246269952,4169691136,4035985408,4203450368,3903049728
2026-02-13 05:59:18,4168818688,4251049984,4169760768,3925626880,4137508864,4141559808
2026-02-13 05:59:48,4168818688,4255760384,4169801728,3925667840,4137517056,4141600768
2026-02-13 06:00:18,4168847360,4260540416,4170027008,3925856256,4137570304,4141776896
2026-02-13 06:00:48,4168863744,4265590784,4170051584,3925884928,4137594880,4141813760
2026-02-13 06:01:18,4168880128,4268879872,4170121216,3925147648,4135464960,4140265472
2026-02-13 06:01:48,4168970240,4277297152,4170334208,3925172224,4135555072,4140494848
2026-02-13 06:02:18,4169011200,4178661376,4170428416,3925282816,4133441536,4138450944
2026-02-13 06:02:48,4169027584,4189270016,4170461184,3925319680,4133453824,4138487808
2026-02-13 06:03:18,4169093120,4196544512,4170584064,3923333120,4132454400,4137541632
2026-02-13 06:03:48,4169121792,4206149632,4170674176,3923402752,4132487168,4137611264
2026-02-13 06:04:18,4169183232,4215513088,4170809344,3868889088,4132564992,4137779200
2026-02-13 06:04:48,4169203712,4222558208,4170895360,3867619328,4130439168,4136767488
2026-02-13 06:05:18,4169224192,4232015872,4171182080,3867725824,4130467840,4136869888
2026-02-13 06:05:48,4169265152,4240769024,4171030528,3815972864,4130496512,4136919040
2026-02-13 06:06:18,4169265152,4250710016,4171030528,3816001536,4130496512,4136947712
2026-02-13 06:06:48,4169277440,4253351936,4171415552,3816013824,4130500608,4136960000
2026-02-13 06:07:18,4169334784,4253360128,4171198464,3816226816,4130590720,4137148416
2026-02-13 06:07:48,4169338880,4253511680,4171202560,3816550400,4130594816,4137205760
2026-02-13 06:08:18,4169347072,4253806592,4171288576,3816325120,4130594816,4137238528
2026-02-13 06:08:48,4169351168,4254228480,4171599872,3816386560,4130603008,4137295872
2026-02-13 06:09:18,4169383936,4254666752,4171534336,3816570880,4130639872,4137500672
2026-02-13 06:09:48,4169400320,4255117312,4171649024,3816681472,4130664448,4137607168
2026-02-13 06:10:18,4169424896,4255567872,4171853824,3816886272,4130689024,4137811968
2026-02-13 06:10:48,4169445376,4255809536,4171911168,3816951808,4130705408,4137877504
2026-02-13 06:11:18,4169465856,4256157696,4172042240,3817082880,4130725888,4138020864
2026-02-13 06:11:48,4169494528,4256632832,4172173312,3817226240,4130750464,4138143744
2026-02-13 06:12:18,4169523200,4256989184,4172320768,3817377792,4130779136,4138299392
2026-02-13 06:12:48,4169535488,4257607680,4172451840,3817500672,4130803712,4138430464
2026-02-13 06:13:18,4169551872,4258312192,4172595200,3999100928,4130816000,4113534976
2026-02-13 06:13:48,4073676800,4190081024,4165595136,3851673600,4122873856,4110761984
2026-02-13 06:14:18,4073713664,4190769152,4165152768,3851759616,4122882048,4110876672
2026-02-13 06:14:48,4073742336,4191481856,4165193728,3851816960,4122890240,4110962688
2026-02-13 06:15:18,4073742336,4192120832,4165218304,3851849728,4122890240,4110995456
2026-02-13 06:15:48,4073832448,4192731136,4165275648,3851919360,4122918912,4111130624
2026-02-13 06:16:18,4073873408,4193402880,4165341184,3852005376,4122951680,4111249408
2026-02-13 06:16:48,4073877504,4194037760,4165345280,3852009472,4122951680,4111249408
2026-02-13 06:17:18,4073930752,4193009664,4165386240,3849912320,4122701824,4109168640
2026-02-13 06:17:48,4073996288,4194394112,4165513216,3850051584,4122439680,4109373440
2026-02-13 06:18:18,4074127360,4195815424,4165750784,3849216000,4121382912,4109164544
2026-02-13 06:18:48,4074233856,4196646912,4165804032,3848200192,4121391104,4108279808
2026-02-13 06:19:18,4074323968,4197879808,4165947392,3848359936,4121411584,4108410880
2026-02-13 06:19:48,4074418176,4197646336,4166053888,3846316032,4120354816,4107526144
2026-02-13 06:20:18,4074516480,4198731776,4166144000,3846381568,4120371200,4107689984
2026-02-13 06:20:48,4074663936,4199018496,4166262784,3846512640,4119322624,4106854400
2026-02-13 06:21:18,4074741760,4199739392,4166361088,3845533696,4119334912,4105953280
2026-02-13 06:21:48,4074835968,4095492096,4166422528,3845599232,4119359488,4106072064
2026-02-13 06:22:18,4074848256,4089753600,4166463488,3840253952,4112904192,4099108864
2026-02-13 06:22:48,4074897408,4092829696,4166541312,3840331776,4112916480,4099235840
2026-02-13 06:23:18,4074901504,4094447616,4166586368,3838226432,4111835136,4097667072
2026-02-13 06:23:48,4074971136,4096962560,4166664192,3838304256,4111847424,4097802240
2026-02-13 06:24:18,4075040768,4099600384,4166774784,3838423040,4111855616,4097982464
2026-02-13 06:24:48,4075298816,4100108288,4166983680,3838107648,4110815232,4096282624
2026-02-13 06:25:18,4075380736,4102787072,4167102464,3838201856,4110839808,4096421888
2026-02-13 06:25:48,4075450368,4104077312,4167139328,3837898752,4109234176,4094369792
2026-02-13 06:26:18,4075446272,4106571776,4167163904,3837931520,4109242368,4094386176
2026-02-13 06:26:48,4075610112,4107907072,4167249920,3838054400,4108197888,4093530112
2026-02-13 06:27:18,4075761664,4109438976,4167344128,3838111744,4107677696,4092674048
2026-02-13 06:27:48,4075765760,4114120704,4167344128,3838115840,4107681792,4092678144
2026-02-13 06:28:18,4076015616,4118663168,4167479296,3837992960,4106633216,4091944960
2026-02-13 06:28:48,4076306432,4123525120,4167643136,3838201856,4106674176,4092379136
2026-02-13 06:29:18,4076388352,4127088640,4167733248,3838197760,4106424320,4091457536
2026-02-13 06:29:48,4076965888,4130758656,4167970816,3838181376,4105965568,4091125760
2026-02-13 06:30:18,4077060096,4135665664,4168044544,3838259200,4105973760,4091273216
2026-02-13 06:30:48,4077064192,4138274816,4168048640,3837960192,4103827456,4089663488
2026-02-13 06:31:18,4077260800,4143099904,4168126464,3838042112,4103843840,4089921536
2026-02-13 06:31:48,4077277184,4147163136,4168142848,3838083072,4103049216,4088864768
2026-02-13 06:32:18,4077502464,4151963648,4168228864,3838058496,4102275072,4088070144
2026-02-13 06:32:48,4077772800,4161871872,4168597504,3838181376,4102311936,4088426496
2026-02-13 06:33:18,4078088192,4168044544,4168458240,3838345216,4100190208,4087218176
2026-02-13 06:33:48,4078219264,4177063936,4168519680,3838124032,4100202496,4087361536
2026-02-13 06:34:18,4078657536,4079271936,4168613888,3838050304,4099182592,4086808576
2026-02-13 06:34:48,4078723072,4088467456,4168908800,3838083072,4099194880,4086906880
2026-02-13 06:35:18,4078956544,4098228224,4168732672,3838181376,4099239936,4087218176
2026-02-13 06:35:48,4079333376,4107165696,4168843264,3838283776,4099284992,4087664640
2026-02-13 06:36:18,4079403008,4115951616,4168876032,3838427136,4098224128,4086718464
2026-02-13 06:36:48,4079759360,4124438528,4168994816,3838275584,4098293760,4087291904
2026-02-13 06:37:18,4079763456,4123979776,4168994816,3838058496,4090208256,4079235072
2026-02-13 06:37:48,4079923200,4124123136,4169064448,3838144512,4090249216,4079497216
2026-02-13 06:38:18,4079927296,4122107904,4169121792,3838124032,4088635392,4077428736
2026-02-13 06:38:48,4079931392,4122468352,4169150464,3838132224,4088639488,4077424640
2026-02-13 06:39:18,4079980544,4122988544,4169326592,3838320640,4088659968,4077641728
2026-02-13 06:39:48,4080001024,4121268224,4169408512,3838226432,4087054336,4076093440
2026-02-13 06:40:18,4080058368,4121767936,4169572352,3838427136,4087078912,4076331008
2026-02-13 06:40:48,4080115712,4120010752,4169973760,3838201856,4085764096,4074868736
2026-02-13 06:41:18,4080148480,4121010176,4170018816,3838275584,4085776384,4074971136
2026-02-13 06:41:48,4080164864,4119801856,4170108928,3838341120,4084715520,4075028480
2026-02-13 06:42:18,4080193536,4120166400,4169920512,3838464000,4084736000,4074065920
2026-02-13 06:42:48,4080480256,4070940672,4170051584,4056334336,4083675136,3945701376
2026-02-13 06:43:18,4080250880,4275761152,4101087232,4001124352,4053585920,3945938944
2026-02-13 06:43:48,4080308224,4063801344,4101365760,4001402880,4053696512,3946201088
2026-02-13 06:44:18,4080381952,4064428032,4101566464,4001611776,4053766144,3946360832
2026-02-13 06:44:48,4080459776,4065234944,4101865472,4001894400,4053905408,3946618880
2026-02-13 06:45:18,4080525312,4066021376,4102115328,4002168832,4054003712,3946840064
2026-02-13 06:45:48,4080545792,4066717696,4102201344,4002258944,4054302720,3946909696
2026-02-13 06:46:18,4080578560,4067442688,4102303744,4002369536,4054081536,3947008000
2026-02-13 06:46:48,4196143104,4068491264,4102516736,4002529280,4054142976,3947085824
2026-02-13 06:47:18,4196409344,4069126144,4102889472,4002881536,4054319104,4099624960
2026-02-13 06:47:48,4207144960,4069654528,4103004160,4002992128,4054376448,4099964928
2026-02-13 06:48:18,4207165440,4071309312,4103155712,4003143680,4054421504,4099883008
2026-02-13 06:48:48,4207513600,4072640512,4103528448,4003536896,4054577152,4100206592
2026-02-13 06:49:18,4207333376,4074024960,4103761920,4003811328,4054675456,4100444160
2026-02-13 06:49:48,4207407104,4075495424,4104052736,4004069376,4054810624,4100644864
2026-02-13 06:50:18,4207493120,4076703744,4104298496,4004356096,4054937600,4100861952
2026-02-13 06:50:48,4207497216,4078071808,4104306688,4004356096,4054945792,4100866048
2026-02-13 06:51:18,4215291904,4079853568,4104851456,4004913152,4063150080,4101226496
2026-02-13 06:51:48,4215336960,4081201152,4104949760,4005015552,4063223808,4108996608
2026-02-13 06:52:18,4215349248,4082253824,4104986624,4005048320,4063248384,4109021184
2026-02-13 06:52:48,4215373824,4083916800,4105158656,4013142016,4063326208,4109144064
2026-02-13 06:53:18,4215406592,4086538240,4105314304,4013268992,4063371264,4109262848
2026-02-13 06:53:48,4215537664,4097146880,4105506816,4013506560,4063485952,4109406208
2026-02-13 06:54:18,4215607296,4099948544,4105736192,4013744128,4063617024,4109586432
2026-02-13 06:54:48,4215607296,4102582272,4105740288,4013748224,4063621120,4109586432
2026-02-13 06:55:18,4215750656,4105187328,4113920000,4013989888,4063768576,4109778944
2026-02-13 06:55:48,4215975936,4107862016,4114608128,4014694400,4064243712,4110254080
2026-02-13 06:56:18,4216037376,4110508032,4114841600,4014936064,4064370688,4110430208
2026-02-13 06:56:48,4216119296,4112506880,4115050496,4014120960,4064501760,4109496320
2026-02-13 06:57:18,4216172544,4115238912,4115292160,4014391296,4064653312,4109668352
2026-02-13 06:57:48,4216217600,4117467136,4115537920,4014637056,4065341440,4108742656
2026-02-13 06:58:18,4216348672,4081827840,4115943424,3951779840,4064501760,4081012736
2026-02-13 06:58:48,4216508416,4087152640,4116426752,3952312320,4064755712,4081446912
2026-02-13 06:59:18,4217147392,4092014592,4116983808,3952939008,4065095680,4081864704
2026-02-13 06:59:48,4216668160,4096733184,4117123072,3953082368,4065210368,4081995776
2026-02-13 07:00:18,4216766464,4073472000,4117487616,3953446912,4065468416,4017913856
2026-02-13 07:00:48,4216832000,4078120960,4127866880,3953680384,4065648640,4018094080
2026-02-13 07:01:18,4216901632,4083920896,4127576064,3953885184,4065787904,4018278400
2026-02-13 07:01:48,4217135104,4087828480,4127928320,3954364416,4066070528,4018606080
2026-02-13 07:02:18,4217323520,4092153856,4128509952,3960995840,4066512896,4019163136
2026-02-13 07:02:48,4217454592,4098920448,4128952320,3961372672,4066803712,4019548160
2026-02-13 07:03:18,4217536512,4108476416,4129275904,3961847808,4067008512,4019789824
2026-02-13 07:03:48,4217663488,4118544384,4129640448,4195074048,4067233792,4020076544
2026-02-13 07:04:18,4217880576,4205502464,4199911424,3969654784,4200415232,3990921216
2026-02-13 07:04:48,4217892864,4214964224,4200210432,3969839104,4200435712,3990953984
2026-02-13 07:05:18,4217982976,4224294912,4200407040,3970469888,4200828928,3991195648
2026-02-13 07:05:48,4217987072,4231737344,4200652800,3970469888,4198678528,3989049344
2026-02-13 07:06:18,4218101760,4240330752,4201009152,3971190784,4198932480,3989348352
2026-02-13 07:06:48,4218253312,4142718976,4201639936,3970633728,4199301120,3988525056
2026-02-13 07:07:18,4218298368,4146241536,4201545728,3965456384,4195135488,3983237120
2026-02-13 07:07:48,4218368000,4152233984,4202033152,3965771776,4195295232,3983396864
2026-02-13 07:08:18,4218519552,4150894592,4202012672,3961831424,4194398208,3979882496
2026-02-13 07:08:48,4218556416,4151263232,4202225664,3962064896,4194439168,3980054528
2026-02-13 07:09:18,4294193152,4150013952,4202291200,3960025088,4193910784,3977990144
2026-02-13 07:09:48,4157521920,4148826112,4202381312,3957952512,4192894976,4189437952
2026-02-13 07:10:18,4157546496,4149260288,4202524672,3958140928,4192923648,4189573120
2026-02-13 07:10:48,4157554688,4149641216,4202590208,3958210560,4192956416,4189712384
2026-02-13 07:11:18,4157579264,4149989376,4202639360,3957207040,4191883264,4189241344
2026-02-13 07:11:48,4157587456,4150333440,4202672128,3957231616,4191891456,4189253632
2026-02-13 07:12:18,4157595648,4149592064,4202704896,3957301248,4190822400,4188229632
2026-02-13 07:12:48,4157648896,4149923840,4203249664,3957555200,4190920704,4188389376
2026-02-13 07:13:18,4157693952,4150448128,4203311104,3957952512,4191010816,4188684288
2026-02-13 07:13:48,4157730816,4150263808,4203593728,3957166080,4189978624,4188950528
2026-02-13 07:14:18,4158021632,4151259136,4203737088,3957469184,4190052352,4189134848
2026-02-13 07:14:48,4157808640,4151914496,4203954176,3957751808,4190146560,4189593600
2026-02-13 07:15:18,4157816832,4152819712,4203995136,3957796864,4190158848,4189380608
2026-02-13 07:15:48,4157857792,4153184256,4204105728,3957952512,4190265344,4189470720
2026-02-13 07:16:18,4157882368,4153880576,4204179456,3958095872,4190302208,4189552640
2026-02-13 07:16:48,4157911040,4154044416,4204249088,3957116928,4190322688,4188553216
2026-02-13 07:17:18,4157919232,4151975936,4204310528,3954024448,4188737536,4186480640
2026-02-13 07:17:48,4157964288,4152725504,4204453888,3954163712,4188786688,4186861568
2026-02-13 07:18:18,4157992960,4153618432,4204617728,3954372608,4188819456,4186804224
2026-02-13 07:18:48,4158038016,4155260928,4204965888,3954720768,4188913664,4187070464
2026-02-13 07:19:18,4158074880,4156805120,4205187072,3955011584,4188958720,4187303936
2026-02-13 07:19:48,4158095360,4155465728,4205293568,3951890432,4186296320,4183605248
2026-02-13 07:20:18,4158132224,4156891136,4205412352,3952271360,4186345472,4183744512
2026-02-13 07:20:48,4158177280,4158201856,4205531136,3952197632,4186394624,4183855104
2026-02-13 07:21:18,4158173184,4159574016,4205531136,3952214016,4186402816,4184145920
2026-02-13 07:21:48,4158267392,4161064960,4205764608,3952525312,4186800128,4184096768
2026-02-13 07:22:18,4158337024,4160983040,4206018560,3951644672,4186095616,4183212032
2026-02-13 07:22:48,4158341120,4161425408,4206055424,3950571520,4183941120,4181602304
2026-02-13 07:23:18,4158341120,4162142208,4206051328,3949527040,4182863872,4181663744
2026-02-13 07:23:48,4158345216,4163608576,4206116864,3949531136,4181794816,4180611072
2026-02-13 07:24:18,4158398464,4165382144,4206456832,3949989888,4180811776,4179947520
2026-02-13 07:24:48,4158447616,4168167424,4206723072,3950219264,4180865024,4180152320
2026-02-13 07:25:18,4158492672,4170838016,4206911488,3949408256,4179865600,4179849216
2026-02-13 07:25:48,4158521344,4173549568,4207034368,3949535232,4179910656,4179935232
2026-02-13 07:26:18,4158558208,4176293888,4207116288,3949670400,4179959808,4180070400
2026-02-13 07:26:48,4158558208,4178624512,4207153152,3949682688,4179963904,4180062208
2026-02-13 07:27:18,4158595072,4181143552,4207230976,3949826048,4180017152,4180160512
2026-02-13 07:27:48,4158640128,4183797760,4207353856,3949969408,4180336640,4180262912
2026-02-13 07:28:18,4158689280,4175888384,4175114240,3982172160,4136361984,4021211136
2026-02-13 07:28:48,4158709760,4180926464,4175273984,3982323712,4136439808,4021313536
2026-02-13 07:29:18,4158738432,4185776128,4175392768,3982536704,4136554496,4021428224
2026-02-13 07:29:48,4158812160,4190990336,4175679488,3982843904,4136751104,4021612544
2026-02-13 07:30:18,4158849024,4195532800,4175826944,3983011840,4136845312,4021731328
2026-02-13 07:30:48,4158918656,4200099840,4176048128,3983544320,4137295872,4021878784
2026-02-13 07:31:18,4159143936,4205056000,4176396288,3983687680,4137328640,4022325248
2026-02-13 07:31:48,4159176704,4210290688,4176539648,3983863808,4137455616,4022165504
2026-02-13 07:32:18,4159381504,4109594624,4177063936,3984506880,4138213376,4022538240
2026-02-13 07:32:48,4159422464,4114776064,4177215488,3984654336,4138061824,4022538240
2026-02-13 07:33:18,4159565824,4122812416,4177686528,3985301504,4138500096,4023091200
2026-02-13 07:33:48,4159664128,4132564992,4178051072,3985694720,4138782720,4023021568
2026-02-13 07:34:18,4159873024,4143157248,4178882560,3986624512,4139487232,4023472128
2026-02-13 07:34:48,4159930368,4152385536,4179120128,3986845696,4139683840,4023570432
2026-02-13 07:35:18,4160032768,4162416640,4179472384,3987722240,4140003328,4023799808
2026-02-13 07:35:48,4160208896,4171972608,4182134784,3937681408,4140417024,4024487936
2026-02-13 07:36:18,4169904128,4181479424,4182499328,3887263744,4140822528,4024455168
2026-02-13 07:36:48,4169928704,4191289344,4182552576,3887304704,4140843008,4024496128
2026-02-13 07:37:18,4170338304,4200357888,4182855680,3835944960,4141047808,4195901440
2026-02-13 07:37:48,4170149888,4209131520,4183085056,3836084224,4141203456,4196036608
2026-02-13 07:38:18,4170371072,4212170752,4183445504,3836547072,4141543424,4196319232
2026-02-13 07:38:48,4170452992,4212338688,4183621632,3836735488,4141637632,4196466688
2026-02-13 07:39:18,4170489856,4212637696,4183752704,3836887040,4141940736,4196610048
2026-02-13 07:39:48,4170801152,4213121024,4184092672,3837071360,4141740032,4196782080
2026-02-13 07:40:18,4170575872,4213493760,4184006656,3837181952,4141768704,4196868096
2026-02-13 07:40:48,4170620928,4214005760,4184211456,3837337600,4141826048,4197003264
2026-02-13 07:41:18,4170633216,4163743744,4184268800,3837427712,4141842432,4131115008
2026-02-13 07:41:48,4170653696,4164128768,4184317952,3837444096,4141854720,4131135488
2026-02-13 07:42:18,4170665984,4164489216,4184358912,3837521920,4141867008,4131209216
2026-02-13 07:42:48,4170776576,4165148672,4184477696,3837681664,4141957120,4131348480
2026-02-13 07:43:18,4170854400,4165246976,4184678400,3837898752,4142034944,4131950592
2026-02-13 07:43:48,4170887168,4165582848,4184821760,3837992960,4142067712,4132560896
2026-02-13 07:44:18,4170985472,4166856704,4185284608,3838586880,4142178304,4132249600
2026-02-13 07:44:48,4171075584,4167561216,4185628672,3838918656,4142260224,4132540416
2026-02-13 07:45:18,4171177984,4168294400,4185710592,3839082496,4142317568,4132646912
2026-02-13 07:45:48,4171165696,4168900608,4185739264,3839086592,4142313472,4132651008
2026-02-13 07:46:18,4171169792,4169592832,4185735168,3839111168,4142321664,4132687872
2026-02-13 07:46:48,4171198464,4170264576,4185821184,3839172608,4142342144,4132741120
2026-02-13 07:47:18,4171264000,4065456128,4185964544,3839381504,4142428160,4132892672
2026-02-13 07:47:48,4171284480,4066185216,4186030080,3839426560,4142444544,4132966400
2026-02-13 07:48:18,4171350016,4066865152,4186107904,3839565824,4142518272,4133089280
2026-02-13 07:48:48,4171415552,4067856384,4186296320,3839725568,4142592000,4133261312
2026-02-13 07:49:18,4171456512,4069244928,4186464256,3839934464,4142665728,4133478400
2026-02-13 07:49:48,4171517952,4070645760,4186664960,3840126976,4142743552,4133617664
2026-02-13 07:50:18,4171534336,4071936000,4186742784,3840253952,4142792704,4133728256
2026-02-13 07:50:48,4171599872,4073324544,4186906624,3840372736,4142829568,4133867520
2026-02-13 07:51:18,4171644928,4047015936,4187037696,4019605504,4142907392,4068851712
2026-02-13 07:51:48,4171694080,4048310272,4272087040,3910836224,4294266880,4010758144
2026-02-13 07:52:18,4171730944,4069449728,4104892416,3910946816,4044050432,4010864640
2026-02-13 07:52:48,4171804672,4071653376,4105113600,3911094272,4044156928,4011008000
2026-02-13 07:53:18,4171902976,4072452096,4105482240,3911417856,4044361728,4011245568
2026-02-13 07:53:48,4171976704,4074704896,4105936896,3911819264,4044554240,4011466752
2026-02-13 07:54:18,4172005376,4078010368,4106043392,3911946240,4044619776,4011569152
2026-02-13 07:54:48,4172046336,4080107520,4106219520,3912060928,4044693504,4011667456
2026-02-13 07:55:18,4172185600,4082966528,4106588160,3912482816,4044984320,4011945984
2026-02-13 07:55:48,4172218368,4085477376,4106719232,3912581120,4045058048,4012027904
2026-02-13 07:56:18,4172263424,4088336384,4106952704,3912839168,4045205504,4012163072
2026-02-13 07:56:48,4172296192,4090834944,4107091968,3912957952,4045283328,4012220416
2026-02-13 07:57:18,4172402688,4093689856,4107505664,3913408512,4045553664,4012503040
2026-02-13 07:57:48,4172484608,4096548864,4107968512,3913842688,4045852672,4012769280
2026-02-13 07:58:18,4172550144,4099072000,4109533184,3914088448,4045971456,4012969984
2026-02-13 07:58:48,4172554240,4103733248,4109590528,3914092544,4045971456,4012974080
2026-02-13 07:59:18,4172566528,4108488704,4109717504,3914276864,4046032896,4013129728
2026-02-13 07:59:48,4172595200,4113534976,4109905920,3914436608,4046069760,4013240320
2026-02-13 08:00:18,4172681216,4118544384,4110364672,3914948608,4046368768,4013604864
2026-02-13 08:00:48,4172783616,4123709440,4110888960,3915497472,4046794752,4013899776
2026-02-13 08:01:18,4172812288,4128645120,4111339520,3915689984,4046946304,4013920256
2026-02-13 08:01:48,4172918784,4133691392,4111589376,3916152832,4047347712,4014112768
2026-02-13 08:02:18,4172967936,4138725376,4111835136,3916443648,4047548416,4014202880
2026-02-13 08:02:48,4173058048,4143845376,4112154624,3916738560,4047806464,4014362624
2026-02-13 08:03:18,4173090816,4149067776,4112240640,3916849152,4047880192,4014424064
2026-02-13 08:03:48,4084686848,4132626432,4112879616,3917438976,3984535552,4293918720
2026-02-13 08:04:18,4085010432,4142809088,4113874944,3918450688,3985395712,4111851520
2026-02-13 08:04:48,4085014528,4056399872,4113907712,3918446592,3985399808,4111855616
2026-02-13 08:05:18,4085477376,4065951744,4114546688,3919237120,3985997824,4112117760
2026-02-13 08:05:48,4085272576,4074745856,4114653184,3919339520,3986042880,4112191488
2026-02-13 08:06:18,4085350400,4084908032,4114833408,3919626240,3986219008,4112318464
2026-02-13 08:06:48,4085587968,4094926848,4115578880,3920478208,3986886656,4112637952
2026-02-13 08:07:18,4085624832,4104433664,4115726336,3920633856,3986997248,4112719872
2026-02-13 08:07:48,4085633024,4113960960,4115791872,3920674816,3987001344,4112764928
2026-02-13 08:08:18,4085710848,4123496448,4115963904,3920891904,3987177472,4112891904
2026-02-13 08:08:48,4085862400,4126314496,4116430848,3921448960,3987615744,4113080320
2026-02-13 08:09:18,4085993472,4126556160,4116660224,3921739776,3987746816,4113293312
2026-02-13 08:09:48,4086276096,4127182848,4116979712,3921829888,3987771392,4113567744
2026-02-13 08:10:18,4086128640,4127580160,4117102592,3922198528,3987939328,4113694720
2026-02-13 08:10:48,4086239232,4128153600,4117336064,3922399232,3988033536,4113866752
2026-02-13 08:11:18,4086272000,4128550912,4117430272,3922526208,3988070400,4113969152
2026-02-13 08:11:48,4086337536,4128800768,4117794816,3922628608,3988131840,4114071552
2026-02-13 08:12:18,4086374400,4129177600,4117630976,3922739200,3988221952,4114194432
2026-02-13 08:12:48,4086411264,4129624064,4117749760,3922833408,3988246528,4114296832
2026-02-13 08:13:18,4086439936,4130050048,4117843968,3922948096,3988271104,4114432000
2026-02-13 08:13:48,4086472704,4130471936,4117987328,3923066880,3988320256,4114522112
2026-02-13 08:14:18,4086550528,4053934080,4195983360,4043898880,4052627456,4049899520
2026-02-13 08:14:48,4086587392,4054732800,4196212736,4044070912,4052705280,4050030592
2026-02-13 08:15:18,4086628352,4055842816,4196380672,4044316672,4052795392,4050210816
2026-02-13 08:15:48,4086685696,4056485888,4196634624,4044558336,4052893696,4050391040
2026-02-13 08:16:18,4086714368,4057423872,4196712448,4044668928,4052922368,4050497536
2026-02-13 08:16:48,4086743040,4057780224,4197060608,4044726272,4052951040,4050554880
2026-02-13 08:17:18,4086792192,4058468352,4196954112,4044902400,4053045248,4050685952
2026-02-13 08:17:48,4086812672,4059480064,4197052416,4045234176,4053106688,4050755584
2026-02-13 08:18:18,4086833152,4059930624,4197130240,4045078528,4053151744,4050796544
2026-02-13 08:18:48,4086915072,4060581888,4197556224,4045217792,4053258240,4050890752
2026-02-13 08:19:18,4086919168,4061503488,4197294080,4045238272,4053262336,4051197952
2026-02-13 08:19:48,4086956032,4063891456,4197785600,4045414400,4053315584,4051120128
2026-02-13 08:20:18,4086996992,4064641024,4197711872,4045660160,4053372928,4051320832
2026-02-13 08:20:48,4087042048,4066480128,4197994496,4045914112,4053463040,4051533824
2026-02-13 08:21:18,4087070720,4067627008,4198141952,4046204928,4053520384,4051681280
2026-02-13 08:21:48,4087119872,4068732928,4198338560,4046274560,4053635072,4051759104
2026-02-13 08:22:18,4087123968,4070076416,4198342656,4046303232,4053639168,4051783680
2026-02-13 08:22:48,4087164928,4071415808,4198518784,4046446592,4053700608,4051935232
2026-02-13 08:23:18,4087230464,4072849408,4198727680,4045643776,4052721664,4051582976
2026-02-13 08:23:48,4087287808,4074266624,4199002112,4045901824,4052856832,4051734528
2026-02-13 08:24:18,4087312384,4076634112,4199137280,4046041088,4052918272,4051881984
2026-02-13 08:24:48,4087357440,4079910912,4199395328,4046254080,4053032960,4052025344
2026-02-13 08:25:18,4087439360,4081790976,4199690240,4046565376,4053196800,4052279296
2026-02-13 08:25:48,4087492608,4085383168,4199936000,4046745600,4053303296,4052439040
2026-02-13 08:26:18,4087574528,4087287808,4200214528,4046987264,4053458944,4052656128
2026-02-13 08:26:48,4087947264,3984515072,4200730624,4047421440,4053790720,4052922368
2026-02-13 08:27:18,4087947264,3986923520,4200726528,4047482880,4053794816,4052955136
2026-02-13 08:27:48,4088020992,3989553152,4201037824,4047716352,4053950464,4053143552
2026-02-13 08:28:18,4088037376,3992006656,4201099264,4047810560,4053962752,4053225472
2026-02-13 08:28:48,4088082432,3994529792,4201267200,4046860288,4052979712,4052762624
2026-02-13 08:29:18,4196093952,3949289472,4201607168,4047228928,3989348352,4130463744
2026-02-13 08:29:48,4196098048,3954081792,4201660416,4047228928,3989356544,4130467840
2026-02-13 08:30:18,4196130816,3958808576,4201758720,4047380480,3989385216,4130611200
2026-02-13 08:30:48,4196339712,3964641280,4202180608,4047802368,3989626880,4130836480
2026-02-13 08:31:18,4196388864,3969482752,4202610688,4048015360,3989741568,4130975744
2026-02-13 08:31:48,4196454400,3974340608,4202573824,4048232448,3989909504,4131078144
2026-02-13 08:32:18,4196515840,3979329536,4202782720,4048478208,3990106112,4131217408
2026-02-13 08:32:48,4196618240,3984257024,4203032576,4049227776,3990323200,4131360768
2026-02-13 08:33:18,4196696064,3989041152,4203237376,4048986112,3990487040,4131500032
2026-02-13 08:33:48,4196806656,3991732224,4203610112,4048355328,3988688896,4130570240
2026-02-13 08:34:18,4196855808,3949727744,4203872256,4048658432,3988963328,4065804288
2026-02-13 08:34:48,4197150720,3959808000,4204990464,4049444864,3989659648,4066279424
2026-02-13 08:35:18,4197244928,3967610880,4204929024,4000075776,3988819968,4066426880
2026-02-13 08:35:48,4197400576,3978006528,4205387776,4000669696,3989266432,4066643968
2026-02-13 08:36:18,4197531648,3985661952,4205686784,4000047104,3988574208,4066824192
2026-02-13 08:36:48,4197638144,4069572608,4206018560,4294705152,3925204992,3938852864
2026-02-13 08:37:18,4197715968,4042575872,4100407296,3961073664,4046352384,3935768576
2026-02-13 08:37:48,4197736448,4052922368,4100947968,3961937920,4046737408,3935821824
2026-02-13 08:38:18,4197838848,4063166464,4102463488,3963592704,4047908864,3935989760
2026-02-13 08:38:48,4197961728,4074754048,4104728576,3965325312,4049539072,3936149504
2026-02-13 08:39:18,4198047744,4075028480,4105379840,3966423040,4050706432,3936317440
2026-02-13 08:39:48,4198088704,4075069440,4105441280,3966476288,4050776064,3936346112
2026-02-13 08:40:18,4198109184,4075298816,4105625600,3966627840,4050878464,3936448512
2026-02-13 08:40:48,4198170624,4075909120,4105953280,3966947328,4051001344,3936702464
2026-02-13 08:41:18,4198191104,4076335104,4106047488,3967049728,4051038208,3936792576
2026-02-13 08:41:48,4198207488,4076777472,4106170368,3967164416,4051091456,3936919552
2026-02-13 08:42:18,4198219776,4077162496,4106248192,3967262720,4051124224,3937009664
2026-02-13 08:42:48,4198244352,4077658112,4106412032,3967934464,4051202048,3937103872
2026-02-13 08:43:18,4198285312,4078055424,4106522624,3967520768,4051304448,3937165312
2026-02-13 08:43:48,4198354944,4078419968,4106743808,3967721472,4051423232,3937329152
2026-02-13 08:44:18,4198371328,4078804992,4106801152,3967787008,4051447808,3937427456
2026-02-13 08:44:48,4198404096,4079296512,4106895360,3967950848,4051529728,3937701888
2026-02-13 08:45:18,4198416384,4079833088,4107087872,3968081920,4051542016,3937619968
2026-02-13 08:45:48,4198465536,4080766976,4107309056,3968299008,4051623936,3937820672
2026-02-13 08:46:18,4198494208,4081721344,4107677696,3968643072,4051660800,3938131968
2026-02-13 08:46:48,4198551552,4082638848,4107902976,3968847872,4051832832,3938308096
2026-02-13 08:47:18,4198559744,4083249152,4107911168,3968872448,4051845120,3938324480
2026-02-13 08:47:48,4198715392,4084195328,4108324864,3969290240,4052107264,3938603008
2026-02-13 08:48:18,4198719488,4084842496,4108374016,3969355776,4052148224,3938639872
2026-02-13 08:48:48,4198801408,4085587968,4108890112,3969769472,4052402176,3938930688
2026-02-13 08:49:18,4198821888,4086222848,4108963840,3969884160,4052439040,3939008512
2026-02-13 08:49:48,4198928384,4087230464,4109406208,3970277376,4052656128,3939315712
2026-02-13 08:50:18,4198957056,4089364480,4109635584,3970547712,4052799488,3939504128
2026-02-13 08:50:48,4198989824,4089946112,4110127104,3970740224,4052893696,3939631104
2026-02-13 08:51:18,4199010304,4091441152,4109959168,3971125248,4052946944,3939737600
2026-02-13 08:51:48,4199014400,4092760064,4110000128,3970871296,4052951040,3939741696
2026-02-13 08:52:18,4199055360,4094066688,4110270464,3971141632,4053078016,3939950592
2026-02-13 08:52:48,4199059456,4095348736,4110307328,3971145728,4053086208,3939958784
2026-02-13 08:53:18,4199112704,4096974848,4110581760,3971518464,4053532672,3940130816
2026-02-13 08:53:48,4159721472,4098330624,4111007744,3971825664,4053475328,4146728960
2026-02-13 08:54:18,4159754240,4100055040,4111155200,3972067328,4053557248,4146855936
2026-02-13 08:54:48,4159778816,4101103616,4111302656,3972157440,4053606400,4146921472
2026-02-13 08:55:18,4159877120,4103966720,4111818752,3972710400,4053790720,4147322880
2026-02-13 08:55:48,4159901696,4106543104,4112048128,3973160960,4053880832,4147437568
2026-02-13 08:56:18,4159901696,4108976128,4112048128,3972931584,4053880832,4147470336
2026-02-13 08:56:48,4159922176,4111687680,4112187392,3973046272,4053938176,4147523584
2026-02-13 08:57:18,4159922176,4114001920,4112187392,3973074944,4053934080,4147560448
2026-02-13 08:57:48,4160008192,4116582400,4112568320,3973390336,4054130688,4147777536
2026-02-13 08:58:18,4160057344,4119306240,4112728064,3973591040,4054249472,4147871744
2026-02-13 08:58:48,4160057344,4121690112,4112748544,3973595136,4054253568,4147875840
2026-02-13 08:59:18,4160081920,4125044736,4112859136,3973722112,4054343680,4147941376
2026-02-13 08:59:48,4160147456,4205379584,4113190912,4040433664,4003889152,4053880832
2026-02-13 09:00:18,4160208896,4125429760,4201361408,3846111232,4091969536,4020994048
2026-02-13 09:00:48,4160274432,4129619968,4201750528,3846467584,4091162624,4020051968
2026-02-13 09:01:18,4160335872,4134313984,4201914368,3846668288,4091260928,4020178944
2026-02-13 09:01:48,4160442368,4139216896,4202758144,3847020544,4091547648,4020318208
2026-02-13 09:02:18,4160471040,4043280384,4202344448,3847143424,4091621376,4020375552
2026-02-13 09:02:48,4160614400,4047843328,4202762240,3847573504,4091940864,4020555776
2026-02-13 09:03:18,4160778240,4053327872,4203622400,3848273920,4092428288,4020813824
2026-02-13 09:03:48,4160827392,4058398720,4203663360,3848626176,4092661760,4020932608
2026-02-13 09:04:18,4160872448,4063305728,4204056576,3848843264,4092796928,4021334016
2026-02-13 09:04:48,4160909312,4068904960,4203966464,3848994816,4092866560,4021129216
2026-02-13 09:05:18,4160933888,4079755264,4204158976,3849256960,4092981248,4021276672
2026-02-13 09:05:48,4160995328,4089323520,4204486656,3849646080,4093206528,4021465088
2026-02-13 09:06:18,4161040384,4099702784,4204666880,3849916416,4093378560,4021571584
2026-02-13 09:06:48,4161204224,4107456512,4205395968,3850788864,4093931520,4021891072
2026-02-13 09:07:18,4161290240,4117647360,4205735936,3851280384,4094263296,4022083584
2026-02-13 09:07:48,4161527808,4126801920,4206485504,3852136448,4094918656,4022382592
2026-02-13 09:08:18,4161572864,4136538112,4206731264,3852410880,4095098880,4022468608
2026-02-13 09:08:48,4161658880,4146774016,4207185920,3852775424,4095369216,4022587392
2026-02-13 09:09:18,4161843200,4050399232,4207587328,3853475840,4095856640,4022878208
2026-02-13 09:09:48,4161847296,4058271744,4207624192,3853479936,4095856640,4022886400
2026-02-13 09:10:18,4161933312,4058603520,4207935488,3853934592,4096151552,4023025664
2026-02-13 09:10:48,4161941504,4058722304,4207976448,3853926400,4096151552,4023029760
2026-02-13 09:11:18,4162023424,4059475968,4208439296,3856261120,4096286720,4023463936
2026-02-13 09:11:48,4162048000,4060119040,4208525312,3856306176,4096307200,4023533568
2026-02-13 09:12:18,4162072576,4059213824,4208635904,3856424960,4095254528,4022591488
2026-02-13 09:12:48,4162121728,4059561984,4208750592,3856527360,4095324160,4022669312
2026-02-13 09:13:18,4162121728,4058771456,4208754688,3855466496,4093169664,4021071872
2026-02-13 09:13:48,4162154496,4059168768,4209090560,3855544320,4093206528,4021133312
2026-02-13 09:14:18,4162170880,4059553792,4208898048,3855695872,4093247488,4021207040
2026-02-13 09:14:48,4162174976,4059762688,4208930816,3855687680,4093251584,4021211136
2026-02-13 09:15:18,4162211840,4059594752,4209049600,3854786560,4093317120,4020248576
2026-02-13 09:15:48,4162211840,4060160000,4209111040,3854790656,4093317120,4020273152
2026-02-13 09:16:18,4162232320,4059262976,4209225728,3854123008,4092284928,4018249728
2026-02-13 09:16:48,4162236416,4059959296,4209287168,3854127104,4092289024,4018249728
2026-02-13 09:17:18,4162277376,4060848128,4209487872,3853336576,4091273216,4017934336
2026-02-13 09:17:48,4162281472,4060995584,4209541120,3852288000,4091277312,4016861184
2026-02-13 09:18:18,4162297856,4061892608,4209815552,3852640256,4091363328,4017123328
2026-02-13 09:18:48,4162404352,4061712384,4210360320,3851853824,4090888192,4017332224
2026-02-13 09:19:18,4162404352,4062388224,4210094080,3851882496,4090888192,4016287744
2026-02-13 09:19:48,4162428928,4063121408,4210216960,3851964416,4090920960,4016357376
2026-02-13 09:20:18,4162482176,4063559680,4210393088,3852214272,4090982400,4016545792
2026-02-13 09:20:48,4162514944,4065218560,4210843648,3852640256,4091056128,4016914432
2026-02-13 09:21:18,4162588672,4066750464,4211101696,3852963840,4091166720,4017168384
2026-02-13 09:21:48,4085321728,4068192256,4211412992,3847778304,4091248640,4113719296
2026-02-13 09:22:18,4085452800,4063649792,4212293632,3848019968,4084944896,4108587008
2026-02-13 09:22:48,4085522432,4131917824,4130680832,3924451328,4123709440,4075843584
2026-02-13 09:23:18,4085579776,4133228544,4131368960,3924680704,4123766784,4075958272
2026-02-13 09:23:48,4085587968,4134576128,4130893824,3924754432,4123803648,4075991040
2026-02-13 09:24:18,4085604352,4135739392,4131270656,3924910080,4123848704,4076056576
2026-02-13 09:24:48,4085620736,4137033728,4131098624,3925000192,4123877376,4076101632
2026-02-13 09:25:18,4085645312,4138127360,4131471360,3924099072,4123914240,4075110400
2026-02-13 09:25:48,4085645312,4140769280,4131532800,3924107264,4123914240,4075114496
2026-02-13 09:26:18,4085682176,4143452160,4131459072,3924406272,4123992064,4075302912
2026-02-13 09:26:48,4085747712,4144734208,4131758080,3923636224,4123049984,4073324544
2026-02-13 09:27:18,4085780480,4147695616,4132184064,3923886080,4123152384,4073467904
2026-02-13 09:27:48,4085817344,4149280768,4132020224,3921821696,4123185152,4071387136
2026-02-13 09:28:18,4085837824,4151926784,4132139008,3921973248,4123267072,4071477248
2026-02-13 09:28:48,4085895168,4153618432,4132384768,3921145856,4122853376,4070535168
2026-02-13 09:29:18,4085964800,4155117568,4132495360,3921362944,4121878528,4069597184
2026-02-13 09:29:48,4086026240,4157956096,4132700160,3921641472,4121997312,4069744640
2026-02-13 09:30:18,4086067200,4159107072,4132859904,3919728640,4121559040,4067815424
2026-02-13 09:30:48,4086128640,4164268032,4133142528,3920035840,4121702400,4067991552
2026-02-13 09:31:18,4086128640,4168044544,4133146624,3919015936,4120621056,4068032512
2026-02-13 09:31:48,4086157312,4173824000,4133277696,3919147008,4120682496,4068106240
2026-02-13 09:32:18,4086251520,4178776064,4133560320,3919556608,4120862720,4068319232
2026-02-13 09:32:48,4086337536,4183470080,4133785600,3919953920,4121010176,4068438016
2026-02-13 09:33:18,4086337536,4188700672,4133785600,3919974400,4121014272,4068458496
2026-02-13 09:33:48,4086362112,4193558528,4133900288,3920113664,4121075712,4068511744
2026-02-13 09:34:18,4086472704,4198264832,4134191104,3920924672,4121300992,4068675584
2026-02-13 09:34:48,4086661120,4203139072,4134572032,3921317888,4121620480,4068929536
2026-02-13 09:35:18,4086669312,4104298496,4134883328,3921440768,4121653248,4068978688
2026-02-13 09:35:48,4086710272,4114071552,4134744064,3921600512,4121698304,4069081088
2026-02-13 09:36:18,4086710272,4123447296,4134744064,3921633280,4121698304,4070916096
2026-02-13 09:36:48,4086853632,4133253120,4135100416,3922444288,4121939968,4071161856
2026-02-13 09:37:18,4086898688,4138950656,4135215104,3917553664,4115582976,4069359616
2026-02-13 09:37:48,4086956032,4147888128,4135329792,3917709312,4115644416,4069437440
2026-02-13 09:38:18,4087037952,4091232256,4131872768,3918225408,4064718848,4075208704
2026-02-13 09:38:48,4087062528,4100481024,4132061184,3918454784,4064825344,4075261952
2026-02-13 09:39:18,4087140352,4110073856,4132278272,3918839808,4065005568,4075397120
2026-02-13 09:39:48,4087185408,4119277568,4132458496,3918983168,4065058816,4075466752
2026-02-13 09:40:18,4087656448,4125888512,4132724736,3919622144,4001574912,4075753472
2026-02-13 09:40:48,4087517184,4125822976,4132950016,3920007168,4002017280,4075925504
2026-02-13 09:41:18,4087521280,4126343168,4133048320,3920130048,4001779712,4076040192
2026-02-13 09:41:48,4087582720,4126687232,4133371904,3920359424,4001890304,4076302336
2026-02-13 09:42:18,4087623680,4127440896,4133556224,3925446656,4001947648,4076527616
2026-02-13 09:42:48,4087758848,4127608832,4133662720,3925557248,4001988608,4076621824
2026-02-13 09:43:18,4087783424,4128104448,4133715968,3925602304,4002013184,4076662784
2026-02-13 09:43:48,4087795712,4128206848,4133904384,3925782528,4002320384,4076806144
2026-02-13 09:44:18,4087865344,4128989184,4134109184,3926069248,4002119680,4077023232
2026-02-13 09:44:48,4087877632,4129103872,4134182912,3926142976,4002406400,4077092864
2026-02-13 09:45:18,4088406016,4129464320,4134240256,3926224896,4002156544,4077162496
2026-02-13 09:45:48,4087906304,4129968128,4134334464,3926294528,4002193408,4077236224
2026-02-13 09:46:18,4087922688,4130656256,4134408192,3926401024,4002201600,4077346816
2026-02-13 09:46:48,4088217600,4131192832,4134514688,3926487040,4002238464,4077453312
2026-02-13 09:47:18,4088524800,4132196352,4134707200,3926675456,4002549760,4077690880
2026-02-13 09:47:48,4088528896,4132642816,4134752256,3926679552,4002287616,4077699072
2026-02-13 09:48:18,4088025088,4133376000,4134862848,3926859776,4002308096,4077858816
2026-02-13 09:48:48,4088303616,4294225920,4134903808,3880538112,4002312192,4077858816
2026-02-13 09:49:18,4088070144,4180135936,4177027072,4016209920,4116570112,3986452480
2026-02-13 09:49:48,4088074240,4180807680,4177068032,4016214016,4116574208,3986456576
2026-02-13 09:50:18,4088094720,4181438464,4177248256,4016451584,4116897792,3986579456
2026-02-13 09:50:48,4196265984,4091936768,4177629184,3953442816,4116717568,4138270720
2026-02-13 09:51:18,4196302848,4092391424,4177932288,3953799168,4115705856,4137512960
2026-02-13 09:51:48,4196335616,4093820928,4178239488,3954118656,4115759104,4137779200
2026-02-13 09:52:18,4196364288,4094177280,4178501632,3953418240,4115542016,4136943616
2026-02-13 09:52:48,4196364288,4024614912,4178522112,3952357376,4115288064,4135870464
2026-02-13 09:53:18,4196438016,4024975360,4178792448,3951607808,4114313216,4136083456
2026-02-13 09:53:48,4196462592,4026294272,4178956288,3951702016,4114616320,4136194048
2026-02-13 09:54:18,4196503552,4026699776,4179169280,3950948352,4112257024,4134768640
2026-02-13 09:54:48,4196798464,4028076032,4179369984,3951034368,4112318464,4134887424
2026-02-13 09:55:18,4196569088,4028399616,4179525632,3950149632,4111818752,4133928960
2026-02-13 09:55:48,4196646912,4029104128,4180152320,3950501888,4110868480,4133109760
2026-02-13 09:56:18,4196704256,4031094784,4180160512,3950800896,4110925824,4133318656
2026-02-13 09:56:48,4196790272,4033130496,4180647936,3950190592,4108967936,4131999744
2026-02-13 09:57:18,4196790272,4035342336,4180750336,3950346240,4108984320,4132622336
2026-02-13 09:57:48,4196818944,4036886528,4180873216,3949379584,4108492800,4131340288
2026-02-13 09:58:18,4196827136,4038434816,4180946944,3948445696,4108021760,4130312192
2026-02-13 09:58:48,4196859904,4041129984,4181123072,3948691456,4108148736,4130181120
2026-02-13 09:59:18,4196888576,4043096064,4181204992,3946688512,4107145216,4128583680
2026-02-13 09:59:48,4196929536,4045725696,4181422080,3946958848,4107472896,4128743424
2026-02-13 10:00:18,4196962304,4046995456,4181561344,3945066496,4106743808,4126720000
2026-02-13 10:00:48,4197023744,4050567168,4181798912,3945369600,4106866688,4127391744
2026-02-13 10:01:18,4197064704,4055875584,4181966848,3945627648,4106928128,4127019008
2026-02-13 10:01:48,4197142528,4059717632,4182261760,3944882176,4104929280,4126117888
2026-02-13 10:02:18,4197224448,4064497664,4182614016,3945385984,4105342976,4126097408
2026-02-13 10:02:48,4197224448,4003921920,4182650880,3943501824,4050796544,4125294592
2026-02-13 10:03:18,4197314560,4008538112,4182855680,3943809024,4050960384,4125466624
2026-02-13 10:03:48,4197347328,4013199360,4182876160,3942739968,4049883136,4125208576
2026-02-13 10:04:18,4197335040,4016766976,4182986752,3942879232,4049141760,4123930624
2026-02-13 10:04:48,4197347328,4021665792,4183093248,3942989824,4048973824,4123996160
2026-02-13 10:05:18,4197437440,4026880000,4183318528,3941101568,4048097280,4122767360
2026-02-13 10:05:48,4197498880,4034068480,4183724032,3941539840,3984924672,4122955776
2026-02-13 10:06:18,4197679104,4042579968,4184866816,3942359040,3984519168,4122202112
2026-02-13 10:06:48,4197736448,4052971520,4184555520,3941474304,3984723968,4121186304
2026-02-13 10:07:18,4197822464,3953987584,4184883200,3935682560,3983970304,4115955712
2026-02-13 10:07:48,4197937152,3960590336,4185350144,3935404032,3982286848,4115050496
2026-02-13 10:08:18,4198060032,3971186688,4185812992,3935903744,3982716928,4115230720
2026-02-13 10:08:48,4198232064,3980431360,4186353664,3936595968,3982274560,4114386944
2026-02-13 10:09:18,4198608896,3926503424,4186832896,3936948224,3928190976,4114001920
2026-02-13 10:09:48,4198387712,3935526912,4186783744,3937193984,3927867392,4113567744
2026-02-13 10:10:18,4198473728,3944050688,4187193344,3936661504,3926216704,4112367616
2026-02-13 10:10:48,4198551552,3886669824,4187463680,3936972800,3872075776,4112494592
2026-02-13 10:11:18,4198547456,3886395392,4187463680,3935940608,3872079872,4111433728
2026-02-13 10:11:48,4198572032,3886452736,4187529216,3934916608,3871068160,4111179776
2026-02-13 10:12:18,4198588416,3886915584,4187652096,3935064064,3871121408,4251570176
2026-02-13 10:12:48,4293894144,3834912768,4293898240,3887865856,4005953536,4117889024
2026-02-13 10:13:18,4225171456,4033851392,4102684672,4068732928,4085755904,3942289408
2026-02-13 10:13:48,4225179648,4034281472,4102782976,4068839424,4085788672,3942612992
2026-02-13 10:14:18,4225200128,4034695168,4102877184,4066807808,4083658752,3942481920
2026-02-13 10:14:48,4225249280,4035026944,4103053312,4066979840,4083761152,3942604800
2026-02-13 10:15:18,4225298432,4035567616,4103290880,4065087488,4081713152,3942838272
2026-02-13 10:15:48,4225302528,4035940352,4103315456,4064014336,4080902144,3943100416
2026-02-13 10:16:18,4225323008,4036435968,4103524352,4064239616,4080746496,3942993920
2026-02-13 10:16:48,4225347584,4036943872,4103888896,4063268864,4079697920,3943354368
2026-02-13 10:17:18,4225368064,4037791744,4103884800,4063510528,4079783936,3943608320
2026-02-13 10:17:48,4225372160,4038443008,4103938048,4063514624,4080058368,3943354368
2026-02-13 10:18:18,4225409024,4039241728,4104126464,4063727616,4079865856,3943526400
2026-02-13 10:18:48,4225454080,4040142848,4104454144,4064559104,4079964160,3943776256
2026-02-13 10:19:18,4225511424,4040929280,4104650752,4064272384,4080074752,3943993344
2026-02-13 10:19:48,4225552384,4041609216,4104843264,4064489472,4080156672,3946233856
2026-02-13 10:20:18,4225593344,4042326016,4105048064,4064628736,4080254976,3944288256
2026-02-13 10:20:48,4225601536,4042924032,4105068544,4064632832,4080271360,3944292352
2026-02-13 10:21:18,4225638400,4043452416,4105150464,4064751616,4080304128,3944660992
2026-02-13 10:21:48,4225740800,4044685312,4105674752,4065259520,4080492544,3944800256
2026-02-13 10:22:18,4225748992,4046090240,4105756672,4065402880,4080513024,3944939520
2026-02-13 10:22:48,4225802240,4047609856,4106092544,4065722368,4080607232,3945205760
2026-02-13 10:23:18,4225814528,4049002496,4106338304,4065959936,4080697344,3945394176
2026-02-13 10:23:48,4225859584,4050518016,4106600448,4066213888,4080836608,3945558016
2026-02-13 10:24:18,4225892352,4051869696,4106743808,4066398208,4080893952,3945725952
2026-02-13 10:24:48,4225908736,4053135360,4106850304,4066471936,4080930816,3945791488
2026-02-13 10:25:18,4225921024,4054507520,4107022336,4066689024,4081025024,3945910272
2026-02-13 10:25:48,4225957888,4056109056,4107223040,4066861056,4081106944,3946037248
2026-02-13 10:26:18,4225961984,4057194496,4107280384,4066963456,4081131520,3946119168
2026-02-13 10:26:48,4225982464,4059529216,4107440128,4067069952,4081168384,3946237952
2026-02-13 10:27:18,4226084864,4062687232,4108152832,4067815424,4081524736,3946745856
2026-02-13 10:27:48,4226113536,4065345536,4108378112,4067995648,4081635328,3946860544
2026-02-13 10:28:18,4226154496,4068077568,4108541952,4068204544,4081766400,3947122688
2026-02-13 10:28:48,4226158592,4070809600,4108660736,4068319232,4081831936,3947192320
2026-02-13 10:29:18,4226191360,4073410560,4108869632,4068552704,4081979392,3947601920
2026-02-13 10:29:48,4226195456,4076163072,4108890112,4068556800,4081987584,3947343872
2026-02-13 10:30:18,4226252800,4078817280,4109148160,4068843520,4082176000,3947524096
2026-02-13 10:30:48,4226256896,4040830976,4109176832,4068847616,4082176000,3947528192
2026-02-13 10:31:18,4226273280,4043341824,4109258752,4068933632,4082233344,3947864064
2026-02-13 10:31:48,4226404352,4048711680,4109897728,4069568512,4082614272,3947986944
2026-02-13 10:32:18,4226490368,4054048768,4110368768,4070084608,4082937856,3948306432
2026-02-13 10:32:48,4226584576,4058337280,4110843904,4070514688,4083281920,3948498944
2026-02-13 10:33:18,4226625536,4063567872,4110946304,4070670336,4083372032,3948597248
2026-02-13 10:33:48,4226740224,4068708352,4111470592,4071505920,4083773440,3949121536
2026-02-13 10:34:18,4226801664,4073844736,4111970304,4071751680,4084166656,3949027328
2026-02-13 10:34:48,4226838528,4078948352,4112216064,4071976960,4084359168,3949363200
2026-02-13 10:35:18,4226867200,4083814400,4112470016,4072218624,4084551680,3949182976
2026-02-13 10:35:48,4226953216,4205637632,4203520000,4039036928,4145360896,3949301760
2026-02-13 10:36:18,4227018752,4210171904,4203724800,4202340352,4145553408,3949441024
2026-02-13 10:36:48,4227321856,4220207104,4204204032,4202749952,4145680384,3949821952
2026-02-13 10:37:18,4227100672,4229668864,4204134400,4202766336,4145864704,3949674496
2026-02-13 10:37:48,4227141632,4239855616,4204367872,4202967040,4146028544,3949744128
2026-02-13 10:38:18,4227203072,4249022464,4204527616,4066918400,4012130304,4154679296
2026-02-13 10:38:48,4294778880,4258709504,4204720128,4067053568,4012273664,4154757120
2026-02-13 10:39:18,4116467712,4268036096,4205322240,4066619392,4011798528,4155092992
2026-02-13 10:39:48,4116754432,4170772480,4206239744,4066492416,4011720704,4156239872
2026-02-13 10:40:18,4117012480,4179959808,4206575616,4066848768,4012097536,4156166144
2026-02-13 10:40:48,4117180416,4189036544,4206944256,4065067008,4010328064,4156334080
2026-02-13 10:41:18,4117217280,4199047168,4207104000,4068843520,4010487808,4156399616
2026-02-13 10:41:48,4117295104,4199657472,4207243264,4067872768,4009562112,4156502016
2026-02-13 10:42:18,4117364736,4199862272,4207456256,4067049472,4008726528,4156641280
2026-02-13 10:42:48,4117393408,4200243200,4207792128,4067098624,4008755200,4156710912
2026-02-13 10:43:18,4117479424,4201033728,4207992832,4066390016,4007743488,4156993536
2026-02-13 10:43:48,4117536768,4201361408,4208181248,4065497088,4006752256,4157157376
2026-02-13 10:44:18,4117536768,4201668608,4208189440,4065529856,4006752256,4157190144
2026-02-13 10:44:48,4117561344,4202098688,4208295936,4065607680,4006789120,4157456384
2026-02-13 10:45:18,4117606400,4203118592,4208459776,4065820672,4006846464,4157440000
2026-02-13 10:45:48,4117626880,4202889216,4208541696,4065873920,4006883328,4157480960
2026-02-13 10:46:18,4117651456,4203159552,4208607232,4064878592,4005834752,4157575168
2026-02-13 10:46:48,4117786624,4203532288,4208697344,4064944128,4005871616,4157640704
2026-02-13 10:47:18,4117856256,4204269568,4209115136,4064309248,4004917248,4158054400
2026-02-13 10:47:48,4117913600,4205207552,4209393664,4064530432,4004974592,4158320640
2026-02-13 10:48:18,4117950464,4206026752,4209524736,4064710656,4005007360,4158500864
2026-02-13 10:48:48,4118126592,4206800896,4209717248,4063825920,4004057088,4158652416
2026-02-13 10:49:18,4118126592,4207427584,4209717248,4063854592,4004057088,4158681088
2026-02-13 10:49:48,4118167552,4208050176,4209885184,4061863936,4001984512,4158844928
2026-02-13 10:50:18,4118183936,4208693248,4209979392,4061970432,4001996800,4158943232
2026-02-13 10:50:48,4118192128,4210221056,4210085888,4062035968,4002074624,4159004672
2026-02-13 10:51:18,4118196224,4210061312,4210085888,4059914240,3999924224,4159053824
2026-02-13 10:51:48,4118319104,4211093504,4210515968,4060278784,4000088064,4159356928
2026-02-13 10:52:18,4118351872,4212097024,4210589696,4051763200,3991482368,4159483904
2026-02-13 10:52:48,4118491136,4213800960,4210855936,4051984384,3991552000,4159676416
2026-02-13 10:53:18,4118577152,4215025664,4211089408,4051189760,3990601728,4159864832
2026-02-13 10:53:48,4118630400,4216401920,4211318784,4050321408,3989622784,4160061440
2026-02-13 10:54:18,4118654976,4217643008,4211355648,4050407424,3989663744,4160110592
2026-02-13 10:54:48,4118716416,4219043840,4211499008,4048408576,3987652608,4160282624
2026-02-13 10:55:18,4118790144,4220379136,4211679232,4048539648,3987791872,4160405504
2026-02-13 10:55:48,4118884352,4221861888,4211929088,4047761408,3986898944,4160823296
2026-02-13 10:56:18,4118913024,4223143936,4211978240,4046782464,3985850368,4160679936
2026-02-13 10:56:48,4118945792,4224593920,4212137984,4046925824,3985956864,4160778240
2026-02-13 10:57:18,4118974464,4226965504,4212326400,4045004800,3983872000,4160933888
2026-02-13 10:57:48,4119044096,4229685248,4212654080,4045336576,3983986688,4161183744
2026-02-13 10:58:18,4119101440,4232437760,4212920320,4043513856,3981963264,4161425408
2026-02-13 10:58:48,4119142400,4189622272,4173799424,4043698176,4081541120,4161544192
2026-02-13 10:59:18,4119232512,4192182272,4174036992,4159619072,4017598464,4161716224
2026-02-13 10:59:48,4119269376,4194787328,4174180352,4158640128,4016615424,4161757184
2026-02-13 11:00:18,4119285760,4197490688,4174340096,4092383232,3860361216,4161892352
2026-02-13 11:00:48,4119314432,4200026112,4174508032,4092473344,3860492288,4161953792
2026-02-13 11:01:18,4119363584,4202541056,4174700544,4092686336,3860635648,4163162112
2026-02-13 11:01:48,4119453696,4205797376,4175040512,4093018112,3860885504,4163354624
2026-02-13 11:02:18,4119506944,4210585600,4175310848,4093304832,3861065728,4163514368
2026-02-13 11:02:48,4119564288,4215808000,4175659008,4093599744,3861245952,4163698688
2026-02-13 11:03:18,4119683072,4220710912,4176072704,4094074880,3861540864,4120584192
2026-02-13 11:03:48,4196352000,4225548288,4176265216,4094234624,3861667840,4120662016
2026-02-13 11:04:18,4196352000,4125540352,4176269312,4094271488,3861667840,4120694784
2026-02-13 11:04:48,4196573184,4130791424,4176441344,4094423040,3861774336,4120784896
2026-02-13 11:05:18,4196610048,4135915520,4176576512,4094595072,3861880832,4120870912
2026-02-13 11:05:48,4196716544,4140711936,4176830464,4094873600,3862110208,4121010176
2026-02-13 11:06:18,4196773888,4145594368,4177059840,4095168512,3862351872,4121120768
2026-02-13 11:06:48,4196880384,4150673408,4177506304,4095680512,3862974464,4121272320
2026-02-13 11:07:18,4196904960,4160061440,4177645568,4095881216,3863101440,4121415680
2026-02-13 11:07:48,4197068800,4170293248,4178194432,4096413696,3863588864,4121944064
2026-02-13 11:08:18,4197146624,4179308544,4178567168,4096823296,3863994368,4122390528
2026-02-13 11:08:48,4197146624,4188598272,4178599936,4096827392,3863994368,4121878528
2026-02-13 11:09:18,4197363712,4198490112,4179107840,4097384448,3864514560,4122181632
2026-02-13 11:09:48,4197543936,4207099904,4179623936,4097912832,3814002688,4122423296
2026-02-13 11:10:18,4197621760,4216430592,4179972096,4098326528,3814453248,4122595328
2026-02-13 11:10:48,4197789696,4225347584,4180414464,4098727936,3814961152,4122849280
2026-02-13 11:11:18,4197855232,4235272192,4180656128,4070293504,3814305792,4122980352
2026-02-13 11:11:48,4197974016,4139098112,4180959232,4070608896,3814662144,4123148288
2026-02-13 11:12:18,4197978112,4139610112,4181004288,4070682624,3814703104,4123230208
2026-02-13 11:12:48,4198039552,4139749376,4181164032,4070862848,3814866944,4123308032
2026-02-13 11:13:18,4198100992,4140093440,4181237760,4070944768,3815059456,4123340800
2026-02-13 11:13:48,4198154240,4139900928,4181303296,4071030784,3815149568,4123414528
2026-02-13 11:14:18,4198240256,4140044288,4181397504,4071133184,3815264256,4124024832
2026-02-13 11:14:48,4198268928,4140494848,4181544960,4071268352,3815305216,4123611136
2026-02-13 11:15:18,4198301696,4141047808,4181737472,4071501824,3815362560,4123807744
2026-02-13 11:15:48,4198342656,4141527040,4181987328,4071731200,3815452672,4123992064
2026-02-13 11:16:18,4198371328,4141928448,4182061056,4072112128,3815510016,4124078080
2026-02-13 11:16:48,4198404096,4142260224,4182110208,4072144896,3815530496,4124131328
2026-02-13 11:17:18,4198416384,4142575616,4182200320,4072275968,3815575552,4124217344
2026-02-13 11:17:48,4198432768,4142952448,4182253568,4072296448,3815600128,4124250112
2026-02-13 11:18:18,4198445056,4143386624,4182339584,4072390656,3815665664,4124315648
2026-02-13 11:18:48,4198477824,4143783936,4182536192,4072542208,3815772160,4124413952
2026-02-13 11:19:18,4198539264,4144517120,4182753280,4072820736,3815858176,4124639232
2026-02-13 11:19:48,4198596608,4145786880,4182941696,4072992768,3815952384,4124790784
2026-02-13 11:20:18,4198629376,4146540544,4183080960,4073209856,3816157184,4124962816
2026-02-13 11:20:48,4198633472,4147134464,4183113728,4073213952,3816161280,4124966912
2026-02-13 11:21:18,4198674432,4147945472,4183322624,4073472000,3816300544,4125126656
2026-02-13 11:21:48,4198694912,4148609024,4183379968,4073598976,3816329216,4125257728
2026-02-13 11:22:18,4198756352,4149268480,4183523328,4073762816,3816407040,4125421568
2026-02-13 11:22:48,4198805504,4257296384,4294967296,4073910272,3955900416,4125532160
2026-02-13 11:23:18,4198830080,4048351232,4103585792,4071956480,4059631616,4125589504
2026-02-13 11:23:48,4198834176,4049453056,4103741440,4072222720,4059668480,4125663232
2026-02-13 11:24:18,4198838272,4050214912,4103749632,4072108032,4059672576,4125704192
2026-02-13 11:24:48,4198838272,4051603456,4103786496,4072112128,4059672576,4125982720
2026-02-13 11:25:18,4198862848,4052918272,4103872512,4072235008,4059701248,4125831168
2026-02-13 11:25:48,4198952960,4054626304,4104396800,4072710144,4059947008,4126183424
2026-02-13 11:26:18,4198993920,4055986176,4104724480,4073041920,4060123136,4126412800
2026-02-13 11:26:48,4199055360,4057505792,4105031680,4073345024,4060307456,4126601216
2026-02-13 11:27:18,4199084032,4058898432,4105158656,4073496576,4060389376,4126679040
2026-02-13 11:27:48,4199084032,4060299264,4105261056,4073574400,4060434432,4126736384
2026-02-13 11:28:18,4199354368,4061700096,4105314304,4073664512,4060463104,4126801920
2026-02-13 11:28:48,4199182336,4063559680,4105609216,4073910272,4060647424,4126994432
2026-02-13 11:29:18,4199329792,4066152448,4106076160,4074442752,4060860416,4127399936
2026-02-13 11:29:48,4199358464,4068831232,4106317824,4074618880,4060958720,4127551488
2026-02-13 11:30:18,4199481344,4071526400,4106657792,4075024384,4061167616,4127850496
2026-02-13 11:30:48,4199505920,4074524672,4106792960,4075118592,4061220864,4127895552
2026-02-13 11:31:18,4199538688,4076838912,4107038720,4075417600,4061421568,4128014336
2026-02-13 11:31:48,4199575552,4079431680,4107206656,4075569152,4061528064,4128088064
2026-02-13 11:32:18,4192448512,4082089984,4107448320,4075819008,4061687808,4195311616
2026-02-13 11:32:48,4192489472,4084682752,4107714560,4076060672,4061814784,4195442688
2026-02-13 11:33:18,4192571392,4087091200,4107935744,4076322816,4061949952,4195602432
2026-02-13 11:33:48,4192628736,4090716160,4108431360,4076748800,4062220288,4195758080
2026-02-13 11:34:18,4192657408,4095455232,4108587008,4076937216,4062306304,4195872768
2026-02-13 11:34:48,4192690176,4100481024,4108783616,4077105152,4062400512,4195950592
2026-02-13 11:35:18,4192858112,4105605120,4109410304,4077805568,4062875648,4196286464
2026-02-13 11:35:48,4192866304,4110503936,4109430784,4077809664,4062879744,4196286464
2026-02-13 11:36:18,4192903168,4115763200,4109664256,4078051328,4063043584,4196401152
2026-02-13 11:36:48,4192931840,4120600576,4109783040,4078170112,4063125504,4196450304
2026-02-13 11:37:18,4192935936,4125855744,4109787136,4078186496,4063125504,4196470784
2026-02-13 11:37:48,4193013760,4130996224,4110413824,4078546944,4063461376,4196601856
2026-02-13 11:38:18,4193099776,4136013824,4110483456,4078878720,4063748096,4196737024
2026-02-13 11:38:48,4193132544,4055465984,4110659584,4079017984,4063883264,4196786176
2026-02-13 11:39:18,4193521664,4065099776,4111237120,4079640576,4064301056,4197019648
2026-02-13 11:39:48,4193558528,4074868736,4111474688,4079845376,4064477184,4197097472
2026-02-13 11:40:18,4193652736,4084580352,4112060416,4080218112,4064780288,4197224448
2026-02-13 11:40:48,4194017280,4093947904,4112269312,4080660480,4065218560,4197376000
2026-02-13 11:41:18,4193878016,4103426048,4112666624,4081078272,4065603584,4197523456
2026-02-13 11:41:48,4193923072,4112949248,4112822272,4081201152,4065710080,4197588992
2026-02-13 11:42:18,4193959936,4123004928,4113063936,4081455104,4065968128,4197666816
2026-02-13 11:42:48,4194021376,4132511744,4113281024,4081684480,4066193408,4197732352
2026-02-13 11:43:18,4194095104,4142403584,4113616896,4082032640,4066455552,4198117376
2026-02-13 11:43:48,4194115584,4148932608,4114038784,4082184192,4066582528,4197912576
2026-02-13 11:44:18,4194291712,4149440512,4114231296,4082716672,4066996224,4198166528
2026-02-13 11:44:48,4194316288,4149731328,4114407424,4082860032,4067028992,4198285312
2026-02-13 11:45:18,4194385920,4150398976,4114800640,4083269632,4067151872,4198694912
2026-02-13 11:45:48,4194435072,4151103488,4114935808,4083396608,4067201024,4198780928
2026-02-13 11:46:18,4194435072,4151169024,4114939904,4083412992,4067201024,4198801408
2026-02-13 11:46:48,4194725888,4194623488,4205260800,3968774144,4204888064,4198871040
2026-02-13 11:47:18,4194922496,4194922496,4205408256,4087709696,4171309056,4199034880
2026-02-13 11:47:48,4194693120,4195651584,4205580288,4087848960,4171087872,4199161856
2026-02-13 11:48:18,4194775040,4195909632,4205772800,4088061952,4171157504,4199370752
2026-02-13 11:48:48,4194783232,4196139008,4205838336,4088098816,4171169792,4199407616
2026-02-13 11:49:18,4194820096,4196413440,4205953024,4086071296,4169068544,4199526400
2026-02-13 11:49:48,4194832384,4197187584,4206071808,4086149120,4169080832,4199591936
2026-02-13 11:50:18,4194836480,4197900288,4206149632,4086267904,4169089024,4199723008
2026-02-13 11:50:48,4194844672,4198625280,4206194688,4085198848,4168015872,4199710720
2026-02-13 11:51:18,4194852864,4199305216,4206284800,4085313536,4168028160,4199829504
2026-02-13 11:51:48,4194865152,4199985152,4206338048,4084252672,4167225344,4199845888
2026-02-13 11:52:18,4194889728,4200755200,4206497792,4076920832,4159721472,4200038400
2026-02-13 11:52:48,4194914304,4201533440,4206624768,4077015040,4159492096,4200108032
2026-02-13 11:53:18,4194922496,4202237952,4206714880,4074995712,4157370368,4200222720
2026-02-13 11:53:48,4194926592,4203245568,4206755840,4074995712,4157374464,4200226816
2026-02-13 11:54:18,4195237888,4204093440,4207095808,4074307584,4156432384,4200525824
2026-02-13 11:54:48,4195037184,4205547520,4207439872,4073545728,4155518976,4200730624
2026-02-13 11:55:18,4195061760,4206948352,4207562752,4073684992,4155572224,4200833024
2026-02-13 11:55:48,4195074048,4208451584,4207656960,4072689664,4154568704,4200873984
2026-02-13 11:56:18,4195098624,4209491968,4207706112,4072755200,4154597376,4200935424
2026-02-13 11:56:48,4195164160,4105355264,4207972352,4071915520,4153630720,4201119744
2026-02-13 11:57:18,4195221504,4106698752,4208189440,4072161280,4153954304,4201328640
2026-02-13 11:57:48,4195233792,4108103680,4208304128,4071170048,4152655872,4201377792
2026-02-13 11:58:18,4195229696,4110131200,4208304128,4070129664,4151582720,4201406464
2026-02-13 11:58:48,4195237888,4110712832,4208336896,4070133760,4151582720,4201414656
2026-02-13 11:59:18,4195237888,4112211968,4208443392,4070264832,4151590912,4201541632
2026-02-13 11:59:48,4195270656,4115185664,4208713728,4069421056,4150579200,4201992192
2026-02-13 12:00:18,4195287040,4118765568,4208828416,4069572608,4150624256,4201852928
2026-02-13 12:00:48,4195282944,4120608768,4208869376,4069576704,4150628352,4201857024
2026-02-13 12:01:18,4195295232,4122918912,4208971776,4069715968,4150673408,4201963520
2026-02-13 12:01:48,4195315712,4125822976,4209209344,4069904384,4150771712,4294443008
2026-02-13 12:02:18,4117962752,4128591872,4209364992,4070129664,4150841344,4158857216
2026-02-13 12:02:48,4118056960,4131237888,4209639424,4070408192,4151021568,4159021056
2026-02-13 12:03:18,4118118400,4133806080,4209864704,4070899712,4151181312,4159168512
2026-02-13 12:03:48,4118126592,4136300544,4209938432,4070694912,4151205888,4159221760
2026-02-13 12:04:18,4118192128,4140077056,4210221056,4070977536,4151357440,4159414272
2026-02-13 12:04:48,4118261760,4144803840,4210397184,4071108608,4151451648,4159500288
2026-02-13 12:05:18,4118380544,4150247424,4210782208,4071546880,4151705600,4159770624
2026-02-13 12:05:48,4118401024,4155006976,4210888704,4071628800,4151762944,4159815680
2026-02-13 12:06:18,4118437888,4160000000,4211122176,4071878656,4151939072,4159967232
2026-02-13 12:06:48,4118507520,4164833280,4211359744,4072071168,4152086528,4160110592
2026-02-13 12:07:18,4118507520,4169695232,4211359744,4065640448,4145627136,4160143360
2026-02-13 12:07:48,4118528000,4174602240,4211515392,4065775616,4145733632,4160172032
2026-02-13 12:08:18,4118528000,4180045824,4211515392,4065804288,4145733632,4160204800
2026-02-13 12:08:48,4118556672,4184891392,4211642368,4066033664,4145795072,4160245760
2026-02-13 12:09:18,4118736896,4191629312,4212195328,4065378304,4145090560,4160602112
2026-02-13 12:09:48,4118786048,4201050112,4212428800,4065595392,4080087040,4160958464
2026-02-13 12:10:18,4119085056,4210475008,4212674560,4064813056,4079210496,4160868352
2026-02-13 12:10:48,4118855680,4114710528,4212867072,4065140736,4079353856,4160909312
2026-02-13 12:11:18,4119027712,4124663808,4213223424,4065366016,4079656960,4161138688
2026-02-13 12:11:48,4119138304,4134010880,4213534720,4065697792,4079910912,4161298432
2026-02-13 12:12:18,4119314432,4143493120,4214108160,4065185792,4079276032,4161589248
2026-02-13 12:12:48,4119425024,4152455168,4214378496,4010950656,4079452160,4161781760
2026-02-13 12:13:18,4119552000,4163051520,4214730752,4010450944,4078657536,4161949696
2026-02-13 12:13:48,4119670784,4172369920,4214980608,4009705472,4077776896,4162084864
2026-02-13 12:14:18,4119760896,4177444864,4215218176,4010102784,4042006528,4162256896
2026-02-13 12:14:48,4119797760,4211642368,4197875712,4145565696,4014387200,4162285568
2026-02-13 12:15:18,4119846912,4211802112,4197994496,4145688576,4014444544,4162420736
2026-02-13 12:15:48,4119883776,4212654080,4198244352,4145958912,4014555136,4162617344
2026-02-13 12:16:18,4119883776,4212752384,4198244352,4145987584,4014563328,4162650112
2026-02-13 12:16:48,4119887872,4213092352,4198285312,4144914432,4013486080,4162654208
2026-02-13 12:17:18,4119891968,4213432320,4198543360,4144943104,4013490176,4162686976
2026-02-13 12:17:48,4119916544,4213927936,4198449152,4144009216,4012470272,4162809856
2026-02-13 12:18:18,4119949312,4214362112,4198563840,4144152576,4012507136,4162953216
2026-02-13 12:18:48,4119969792,4214759424,4198690816,4144267264,4012556288,4163039232
2026-02-13 12:19:18,4120002560,4215111680,4198793216,4144402432,4012621824,4163133440
2026-02-13 12:19:48,4120014848,4215500800,4198883328,4144439296,4012642304,4163153920
2026-02-13 12:20:18,4120014848,4216135680,4198973440,4144586752,4012658688,4163297280
2026-02-13 12:20:48,4120035328,4216975360,4199227392,4144791552,4012720128,4163465216
2026-02-13 12:21:18,4120043520,4217483264,4199522304,4145033216,4012781568,4163682304
2026-02-13 12:21:48,4120096768,4218454016,4199788544,4145344512,4012929024,4163940352
2026-02-13 12:22:18,4120170496,4219240448,4200017920,4141297664,4008706048,4164157440
2026-02-13 12:22:48,4120227840,4220112896,4200296448,4141543424,4008808448,4164358144
2026-02-13 12:23:18,4120289280,4220928000,4200468480,4141752320,4008955904,4164505600
2026-02-13 12:23:48,4120367104,4221718528,4200693760,4142002176,4009070592,4164677632
2026-02-13 12:24:18,4120387584,4222636032,4200792064,4142116864,4009115648,4164747264
2026-02-13 12:24:48,4120432640,4222988288,4200968192,4142243840,4009201664,4164861952
2026-02-13 12:25:18,4120489984,4224303104,4201144320,4142460928,4009283584,4165066752
2026-02-13 12:25:48,4120559616,4226437120,4201586688,4142874624,4009521152,4165410816
2026-02-13 12:26:18,4120576000,4227325952,4201738240,4143067136,4009574400,4165566464
2026-02-13 12:26:48,4120657920,4228599808,4202098688,4143390720,4009787392,4165779456
2026-02-13 12:27:18,4120662016,4229906432,4202160128,4143484928,4009820160,4165869568
2026-02-13 12:27:48,4120715264,4231303168,4202381312,4143677440,4009902080,4166017024
2026-02-13 12:28:18,4120772608,4233035776,4202590208,4143902720,4010049536,4119863296
2026-02-13 12:28:48,4196397056,4234178560,4202668032,4143960064,4010094592,4119928832
2026-02-13 12:29:18,4196593664,4235837440,4202708992,4144009216,4010123264,4119961600
2026-02-13 12:29:48,4196593664,4237225984,4202762240,4144013312,4010139648,4119961600
2026-02-13 12:30:18,4196671488,4239691776,4203028480,4144324608,4010291200,4120195072
2026-02-13 12:30:48,4196724736,4242284544,4203171840,4144439296,4010659840,4120240128
2026-02-13 12:31:18,4196724736,4245303296,4203180032,4144472064,4010389504,4120272896
2026-02-13 12:31:48,4196741120,4247478272,4203302912,4143489024,4009373696,4120629248
2026-02-13 12:32:18,4196794368,4250169344,4203520000,4143730688,4009521152,4120535040
2026-02-13 12:32:48,4197101568,4252766208,4203720704,4141776896,4007473152,4120641536
2026-02-13 12:33:18,4196876288,4255080448,4203880448,4141957120,4007600128,4121268224
2026-02-13 12:33:48,4196929536,4152422400,4204154880,4142174208,4007809024,4120875008
2026-02-13 12:34:18,4196978688,4155797504,4204343296,4140216320,4005810176,4121042944
2026-02-13 12:34:48,4197019648,4158541824,4204494848,4140310528,4005883904,4121124864
2026-02-13 12:35:18,4197089280,4163158016,4204773376,4138520576,4003954688,4121358336
2026-02-13 12:35:48,4197150720,4168593408,4205010944,4138684416,4004118528,4121477120
2026-02-13 12:36:18,4197240832,4173639680,4205481984,4138098688,4003356672,4121821184
2026-02-13 12:36:48,4197232640,4179292160,4205531136,4137025536,4002283520,4121800704
2026-02-13 12:37:18,4197330944,4183293952,4205895680,4131008512,3996180480,4122050560
2026-02-13 12:37:48,4197347328,4187951104,4206071808,4129001472,3994144768,4122107904
2026-02-13 12:38:18,4197347328,4192923648,4206071808,4129026048,3931394048,4122128384
2026-02-13 12:38:48,4197351424,4197941248,4206092288,4127948800,3930316800,4122128384
2026-02-13 12:39:18,4197400576,4202717184,4206309376,4127117312,3929518080,4122238976
2026-02-13 12:39:48,4197683200,4294053888,4105646080,4089974784,4061749248,4122320896
2026-02-13 12:40:18,4197519360,4081602560,4106444800,4096184320,4062482432,4122517504
2026-02-13 12:40:48,4197572608,4090912768,4106964992,4096671744,4062982144,4122542080
2026-02-13 12:41:18,4197851136,4102262784,4109238272,4099035136,4065148928,4122877952
2026-02-13 12:41:48,4197904384,4111142912,4109570048,4099321856,4065423360,4122951680
2026-02-13 12:42:18,4197924864,4121030656,4110004224,4099780608,4065849344,4123013120
2026-02-13 12:42:48,4197982208,4084629504,4110802944,4100583424,4066562048,4123111424
2026-02-13 12:43:18,4198051840,4094771200,4111466496,4101259264,4067188736,4123230208
2026-02-13 12:43:48,4198264832,4104249344,4112228352,4101984256,4067909632,4123336704
2026-02-13 12:44:18,4198293504,4114268160,4112437248,4102234112,4068098048,4123410432
2026-02-13 12:44:48,4198359040,4120563712,4112871424,4102680576,4068495360,4123488256
2026-02-13 12:45:18,4198461440,4121018368,4113334272,4103385088,4068888576,4123652096
2026-02-13 12:45:48,4198502400,4121333760,4113510400,4103278592,4068978688,4123774976
2026-02-13 12:46:18,4198510592,4121755648,4113707008,4103438336,4068995072,4123889664
2026-02-13 12:46:48,4198526976,4122189824,4113809408,4103520256,4069023744,4123959296
2026-02-13 12:47:18,4198551552,4122632192,4113952768,4103680000,4069060608,4124110848
2026-02-13 12:47:48,4198572032,4123074560,4114063360,4103819264,4069093376,4124221440
2026-02-13 12:48:18,4198580224,4123447296,4114132992,4103901184,4069126144,4124278784
2026-02-13 12:48:48,4198592512,4123906048,4114272256,4104040448,4069199872,4124352512
2026-02-13 12:49:18,4198596608,4124229632,4114272256,4104044544,4069199872,4124360704
2026-02-13 12:49:48,4198637568,4124557312,4114468864,4104192000,4069310464,4124430336
2026-02-13 12:50:18,4198658048,4124798976,4114575360,4104318976,4069355520,4124545024
2026-02-13 12:50:48,4198674432,4125655040,4114853888,4104536064,4069433344,4124704768
2026-02-13 12:51:18,4198719488,4127014912,4115316736,4105031680,4069593088,4125093888
2026-02-13 12:51:48,4198768640,4127711232,4115705856,4105388032,4069752832,4125331456
2026-02-13 12:52:18,4198801408,4128415744,4116049920,4106022912,4069941248,4125753344
2026-02-13 12:52:48,4198838272,4129292288,4116262912,4105965568,4070047744,4125650944
2026-02-13 12:53:18,4198866944,4130041856,4116422656,4106129408,4070117376,4125782016
2026-02-13 12:53:48,4198871040,4130705408,4116451328,4106133504,4070117376,4125782016
2026-02-13 12:54:18,4198871040,4131393536,4116455424,4106166272,4070125568,4125814784
2026-02-13 12:54:48,4198912000,4132106240,4116549632,4106248192,4070174720,4125872128
2026-02-13 12:55:18,4198940672,4132839424,4116660224,4106366976,4070227968,4125978624
2026-02-13 12:55:48,4198998016,4134715392,4117352448,4107063296,4070592512,4126371840
2026-02-13 12:56:18,4199010304,4136214528,4117733376,4107345920,4071022592,4126523392
2026-02-13 12:56:48,4199043072,4137787392,4118069248,4107685888,4070973440,4126736384
2026-02-13 12:57:18,4199325696,4139163648,4118183936,4107816960,4071067648,4126781440
2026-02-13 12:57:48,4199350272,4140515328,4118278144,4108169216,4071133184,4126826496
2026-02-13 12:58:18,4199133184,4142100480,4118548480,4108181504,4071346176,4126937088
2026-02-13 12:58:48,4199145472,4143501312,4118577152,4108275712,4071624704,4127207424
2026-02-13 12:59:18,4199182336,4144820224,4118827008,4108451840,4071555072,4127072256
2026-02-13 12:59:48,4199202816,4146159616,4118941696,4108550144,4071628800,4127125504
2026-02-13 13:00:18,4199219200,4147961856,4119121920,4108734464,3944607744,4127789056
2026-02-13 13:00:48,4199256064,4151222272,4119515136,4109094912,3944808448,4196585472
2026-02-13 13:01:18,4190466048,4153868288,4119822336,4109467648,3945017344,4196745216
2026-02-13 13:01:48,4190494720,4156268544,4119998464,4109590528,3945070592,4196810752
2026-02-13 13:02:18,4190523392,4158955520,4120150016,4109807616,3945177088,4196921344
2026-02-13 13:02:48,4190568448,4161687552,4120506368,4110155776,3945418752,4197064704
2026-02-13 13:03:18,4190617600,4164243456,4120715264,4110401536,3945603072,4197163008
2026-02-13 13:03:48,4190670848,4166905856,4120870912,4110548992,4075352064,4197289984
2026-02-13 13:04:18,4190670848,4169510912,4120870912,4110557184,4075352064,4197302272
2026-02-13 13:04:48,4190691328,4219121664,4218372096,4175196160,3947466752,4197347328
2026-02-13 13:05:18,4190707712,4222717952,4218482688,4175327232,3947532288,4197437440
2026-02-13 13:05:48,4190765056,4228050944,4218748928,4175544320,3947798528,4197490688
2026-02-13 13:06:18,4190826496,4233256960,4219191296,4176023552,3948331008,4197629952
2026-02-13 13:06:48,4190892032,4238766080,4219588608,4176429056,3948797952,4197732352
2026-02-13 13:07:18,4190982144,4243951616,4220387328,4177235968,3949867008,4197986304
2026-02-13 13:07:48,4191019008,4143980544,4220604416,4177432576,3950088192,4198060032
2026-02-13 13:08:18,4191076352,4149424128,4221009920,4177866752,3950567424,4198203392
2026-02-13 13:08:48,4191084544,4154105856,4221296640,4178137088,3950813184,4198273024
2026-02-13 13:09:18,4191203328,4159565824,4221865984,4178763776,3951513600,4198477824
2026-02-13 13:09:48,4191227904,4164530176,4222320640,4178931712,3951730688,4198510592
2026-02-13 13:10:18,4191350784,4172533760,4222676992,4179689472,3952451584,4198903808
2026-02-13 13:10:48,4191473664,4182405120,4223148032,4180033536,3953029120,4198961152
2026-02-13 13:11:18,4191571968,4192604160,4223901696,4180848640,3954098176,4199149568
2026-02-13 13:11:48,4191588352,4198928384,4223946752,4180873216,3954139136,4199202816
2026-02-13 13:12:18,4191649792,4207992832,4224196608,4181147648,3954511872,4199329792
2026-02-13 13:12:48,4191764480,4218396672,4224688128,4181630976,3893002240,4199477248
2026-02-13 13:13:18,4191813632,4228853760,4224933888,4180824064,3892285440,4199550976
2026-02-13 13:13:48,4191936512,4238245888,4225392640,4181266432,3892928512,4199755776
2026-02-13 13:14:18,4192018432,4248367104,4225753088,4115914752,3864322048,4199845888
2026-02-13 13:14:48,4192092160,4152414208,4226027520,4115116032,3863601152,4199956480
2026-02-13 13:15:18,4192149504,4157960192,4226433024,4115546112,3864248320,4200128512
2026-02-13 13:15:48,4192194560,4158046208,4226514944,4115636224,3864342528,4200177664
2026-02-13 13:16:18,4192215040,4158263296,4226564096,4115705856,3864350720,4200255488
2026-02-13 13:16:48,4192231424,4158754816,4226715648,4115828736,3864408064,4200357888
2026-02-13 13:17:18,4192264192,4159229952,4226895872,4116037632,3864506368,4200566784
2026-02-13 13:17:48,4192284672,4159713280,4227096576,4116209664,3864584192,4200726528
2026-02-13 13:18:18,4192337920,4160110592,4227579904,4116467712,3864739840,4200890368
2026-02-13 13:18:48,4192374784,4160462848,4227514368,4116586496,3864817664,4200976384
2026-02-13 13:19:18,4192387072,4160864256,4227608576,4116709376,3864850432,4201086976
2026-02-13 13:19:48,4192399360,4161548288,4227710976,4120834048,3864907776,4201172992
2026-02-13 13:20:18,4192456704,4161716224,4227870720,4121047040,3865022464,4201349120
2026-02-13 13:20:48,4192518144,4162154496,4228259840,4121350144,3865124864,4201521152
2026-02-13 13:21:18,4192534528,4162912256,4228419584,4121513984,3865202688,4201697280
2026-02-13 13:21:48,4192575488,4163735552,4228534272,4121640960,3865284608,4201791488
2026-02-13 13:22:18,4192595968,4164395008,4228595712,4121739264,3865325568,4201893888
2026-02-13 13:22:48,4192706560,4165308416,4228939776,4122058752,3865493504,4202164224
2026-02-13 13:23:18,4192673792,4166008832,4229005312,4122169344,3865559040,4202229760
2026-02-13 13:23:48,4192710656,4166754304,4229206016,4122898432,3865722880,4202356736
2026-02-13 13:24:18,4192735232,4167495680,4229328896,4122517504,3865829376,4202426368
2026-02-13 13:24:48,4192772096,4168273920,4229468160,4122644480,3865923584,4202516480
2026-02-13 13:25:18,4192800768,4169039872,4229623808,4122824704,3866042368,4202631168
2026-02-13 13:25:48,4192837632,4169871360,4229779456,4122935296,3866103808,4202729472
2026-02-13 13:26:18,4192878592,4294172672,4230008832,4162658304,3902287872,4202967040
2026-02-13 13:26:48,4193026048,4155371520,4185378816,4160688128,3900481536,4203163648
2026-02-13 13:27:18,4193054720,4156817408,4185534464,4160823296,3900583936,4203307008
2026-02-13 13:27:48,4196671488,4158156800,4185612288,4159811584,3899535360,4203347968
2026-02-13 13:28:18,4196880384,4159610880,4185960448,4160245760,3899871232,4203532288
2026-02-13 13:28:48,4196909056,4161126400,4186107904,4160389120,3899994112,4203589632
2026-02-13 13:29:18,4196921344,4162469888,4186202112,4160520192,3900071936,4160151552
2026-02-13 13:29:48,4294443008,4163784704,4186345472,4160643072,3900198912,4160188416
2026-02-13 13:30:18,4131446784,4165255168,4186533888,4160851968,3900399616,4160311296
2026-02-13 13:30:48,4131545088,4167536640,4186963968,4161253376,3900760064,4160520192
2026-02-13 13:31:18,4131635200,4170395648,4187426816,4160655360,3900030976,4160868352
2026-02-13 13:31:48,4131688448,4173213696,4187594752,4160778240,3900182528,4160970752
2026-02-13 13:32:18,4131753984,4176060416,4188020736,4161232896,3900592128,4161208320
2026-02-13 13:32:48,4131811328,4178518016,4188405760,4160540672,3900162048,4161327104
2026-02-13 13:33:18,4132171776,4181856256,4189069312,4161216512,3900813312,4161581056
2026-02-13 13:33:48,4131934208,4184141824,4189323264,4161458176,3901030400,4161667072
2026-02-13 13:34:18,4131979264,4186648576,4189560832,4100571136,3835346944,4161777664
2026-02-13 13:34:48,4131983360,4189036544,4189589504,4100837376,3835351040,4161773568
2026-02-13 13:35:18,4132024320,4191752192,4189839360,4067692544,3807850496,4161880064
2026-02-13 13:35:48,4132073472,4196139008,4190400512,4067438592,3807436800,4162011136
2026-02-13 13:36:18,4132147200,4201676800,4191047680,4007882752,3807891456,4162555904
2026-02-13 13:36:48,4132179968,4206194688,4191211520,4008366080,3808071680,4162359296
2026-02-13 13:37:18,4132241408,4211720192,4191948800,4001521664,3809120256,4162551808
2026-02-13 13:37:48,4132315136,4217020416,4192550912,4002484224,3809873920,4162670592
2026-02-13 13:38:18,4132425728,4221964288,4192972800,3971141632,3810467840,4162846720
2026-02-13 13:38:48,4132524032,4227244032,4193472512,3940474880,3811110912,4163002368
2026-02-13 13:39:18,4132597760,4232327168,4193673216,3940511744,3811430400,4163108864
2026-02-13 13:39:48,4132683776,4236541952,4194078720,3941326848,3811991552,4163239936
2026-02-13 13:40:18,4132843520,4241776640,4194873344,3911073792,3813150720,4163481600
2026-02-13 13:40:48,4132921344,4143259648,4195176448,3911835648,3813605376,4163596288
2026-02-13 13:41:18,4133122048,4152344576,4196352000,3913515008,3815399424,4164034560
2026-02-13 13:41:48,4133228544,4162555904,4196749312,3913904128,3815755776,4164112384
2026-02-13 13:42:18,4133310464,4171247616,4197494784,3893387264,3816493056,4164251648
2026-02-13 13:42:48,4133330944,4181143552,4197101568,3892838400,3816693760,4164325376
2026-02-13 13:43:18,4133429248,4191334400,4197425152,3894116352,3817250816,4165001216
2026-02-13 13:43:48,4133552128,4199788544,4198060032,3893334016,3818233856,4164673536
2026-02-13 13:44:18,4133662720,4209418240,4198449152,3894403072,3818885120,4164853760
2026-02-13 13:44:48,4134010880,4218318848,4198752256,3895390208,3819413504,4164964352
2026-02-13 13:45:18,4133851136,4227776512,4199088128,3895853056,3820167168,4165124096
2026-02-13 13:45:48,4133994496,4294967296,4199620608,4138115072,3974844416,4165304320
2026-02-13 13:46:18,4134047744,4195930112,4197208064,4078592000,4162002944,4165406720
2026-02-13 13:46:48,4134051840,4196098048,4197244928,4078628864,4162019328,4165394432
2026-02-13 13:47:18,4134100992,4196696064,4197539840,4078989312,4162183168,4165656576
2026-02-13 13:47:48,4134113280,4197056512,4197576704,4079030272,4162191360,4165660672
2026-02-13 13:48:18,4134125568,4197437440,4197638144,4079104000,4162207744,4165750784
2026-02-13 13:48:48,4134133760,4197855232,4197740544,4079222784,4162240512,4165804032
2026-02-13 13:49:18,4134162432,4198318080,4197892096,4079427584,4162347008,4165971968
2026-02-13 13:49:48,4134170624,4198891520,4197965824,4079525888,4162408448,4166025216
2026-02-13 13:50:18,4134215680,4199022592,4198174720,4079788032,4162592768,4166164480
2026-02-13 13:50:48,4294840320,4199600128,4198408192,4080070656,4162727936,4195766272
2026-02-13 13:51:18,4195885056,4199952384,4198580224,4080259072,4162809856,4195926016
2026-02-13 13:51:48,4195926016,4201213952,4199006208,4080730112,4163072000,4196229120
2026-02-13 13:52:18,4195942400,4201639936,4199165952,4080881664,4163149824,4196372480
2026-02-13 13:52:48,4195954688,4202360832,4199251968,4080975872,4163166208,4196442112
2026-02-13 13:53:18,4195958784,4203069440,4199358464,4081094656,4163235840,4196528128
2026-02-13 13:53:48,4195995648,4203921408,4199522304,4081270784,4163330048,4196638720
2026-02-13 13:54:18,4196016128,4204486656,4199575552,4081352704,4163383296,4196691968
2026-02-13 13:54:48,4196024320,4205211648,4199665664,4081467392,4163457024,4196732928
2026-02-13 13:55:18,4196048896,4205912064,4199751680,4081577984,4163510272,4196823040
2026-02-13 13:55:48,4196106240,4206796800,4200017920,4081934336,4163715072,4196978688
2026-02-13 13:56:18,4196151296,4207562752,4200275968,4082245632,4163899392,4197154816
2026-02-13 13:56:48,4196225024,4209184768,4200812544,4082921472,4164313088,4197498880
2026-02-13 13:57:18,4196253696,4210581504,4201033728,4083212288,4164521984,4197646336
2026-02-13 13:57:48,4196302848,4211970048,4201218048,4083449856,4164640768,4197748736
2026-02-13 13:58:18,4196323328,4213235712,4201439232,4083707904,4164829184,4197908480
2026-02-13 13:58:48,4196368384,4214591488,4201533440,4083806208,4164882432,4197949440
2026-02-13 13:59:18,4196409344,4216086528,4201807872,4084232192,4165255168,4198076416
2026-02-13 13:59:48,4196413440,4217307136,4201820160,4084248576,4165259264,4198080512
2026-02-13 14:00:18,4196470784,4218871808,4202070016,4084600832,4165550080,4198162432
2026-02-13 14:00:48,4196478976,4114763776,4202131456,4084690944,4165623808,4198174720
2026-02-13 14:01:18,4196491264,4116525056,4202151936,4084723712,4165644288,4198187008
2026-02-13 14:01:48,4196499456,4119175168,4202188800,4084760576,4165656576,4198195200
2026-02-13 14:02:18,4196532224,4121845760,4202336256,4085002240,4165791744,4198346752
2026-02-13 14:02:48,4196569088,4124377088,4202467328,4085194752,4165902336,4198461440
2026-02-13 14:03:18,4196573184,4126953472,4202557440,4085346304,4166008832,4198539264
2026-02-13 14:03:48,4196642816,4129697792,4202901504,4085956608,4166447104,4198731776
2026-02-13 14:04:18,4196683776,4132204544,4203237376,4086513664,4166860800,4198912000
2026-02-13 14:04:48,4196757504,4134977536,4203466752,4086951936,4167229440,4199006208
2026-02-13 14:05:18,4196753408,4137734144,4203466752,4086951936,4167225344,4199047168
2026-02-13 14:05:48,4196839424,4140339200,4203765760,4087484416,4167684096,4199161856
2026-02-13 14:06:18,4196904960,4143943680,4204064768,4088258560,4168040448,4199342080
2026-02-13 14:06:48,4197060608,4149211136,4204920832,4089409536,4169289728,4199636992
2026-02-13 14:07:18,4197113856,4153946112,4205137920,4090179584,4169711616,4199813120
2026-02-13 14:07:48,4259954688,4294152192,4205449216,4208705536,4294574080,4199903232
2026-02-13 14:08:18,4200767488,4083089408,4161433600,4210012160,4209659904,4174901248
2026-02-13 14:08:48,4200767488,4088242176,4161445888,4210036736,4209668096,4174905344
2026-02-13 14:09:18,4200771584,4092874752,4161445888,4210049024,4209668096,4174942208
2026-02-13 14:09:48,4200878080,4098224128,4162068480,4210610176,4210163712,4175118336
2026-02-13 14:10:18,4200886272,4103340032,4162072576,4210610176,4210163712,4175159296
2026-02-13 14:10:48,4201070592,4108759040,4163244032,4211630080,4211097600,4175425536
2026-02-13 14:11:18,4201160704,4116008960,4163846144,4212158464,4211560448,4175618048
2026-02-13 14:11:48,4201295872,4125622272,4164362240,4212580352,4211949568,4175773696
2026-02-13 14:12:18,4201418752,4136656896,4165021696,4213088256,4212416512,4176003072
2026-02-13 14:12:48,4201459712,4145696768,4165410816,4213387264,4212703232,4176101376
2026-02-13 14:13:18,4201529344,4093566976,4166266880,4213714944,4213006336,4176199680
2026-02-13 14:13:48,4201730048,4103221248,4166963200,4214648832,4213841920,4176433152
2026-02-13 14:14:18,4202012672,4113321984,4168204288,4215554048,4214648832,4176797696
2026-02-13 14:14:48,4202057728,4122755072,4168368128,4216016896,4214763520,4176850944
2026-02-13 14:15:18,4202172416,4131651584,4169068544,4216307712,4215296000,4177010688
2026-02-13 14:15:48,4202356736,4140384256,4169592832,4216737792,4215693312,4177215488
2026-02-13 14:16:18,4202516480,4146491392,4170268672,4217237504,4216156160,4177436672
2026-02-13 14:16:48,4202704896,4146917376,4170752000,4217655296,4216557568,4177661952
2026-02-13 14:17:18,4202741760,4147109888,4170911744,4217806848,4216619008,4177793024
2026-02-13 14:17:48,4202782720,4147539968,4171022336,4217921536,4216655872,4177866752
2026-02-13 14:18:18,4202778624,4147867648,4171022336,4217921536,4216655872,4177899520
2026-02-13 14:18:48,4202786816,4148232192,4171059200,4217958400,4216659968,4177899520
2026-02-13 14:19:18,4202823680,4148797440,4171300864,4218273792,4216729600,4178124800
2026-02-13 14:19:48,4202852352,4149202944,4171395072,4218294272,4216766464,4178186240
2026-02-13 14:20:18,4202901504,4149784576,4171726848,4218568704,4216877056,4178427904
2026-02-13 14:20:48,4202954752,4150145024,4171988992,4218720256,4216926208,4178583552
2026-02-13 14:21:18,4202958848,4150472704,4171988992,4218773504,4216954880,4178608128
2026-02-13 14:21:48,4202975232,4150837248,4172107776,4218892288,4217004032,4178669568
2026-02-13 14:22:18,4203020288,4151615488,4172419072,4219158528,4217053184,4178972672
2026-02-13 14:22:48,4203044864,4152631296,4172795904,4219469824,4217131008,4179189760
2026-02-13 14:23:18,4203069440,4153339904,4172898304,4219551744,4217151488,4179308544
2026-02-13 14:23:48,4203118592,4154200064,4173131776,4219781120,4217253888,4179431424
2026-02-13 14:24:18,4203114496,4154912768,4173127680,4219785216,4217253888,4179464192
2026-02-13 14:24:48,4203139072,4155715584,4173258752,4219899904,4217311232,4179521536
2026-02-13 14:25:18,4203249664,4156522496,4173586432,4220174336,4217462784,4179783680
2026-02-13 14:25:48,4203253760,4157190144,4173619200,4220198912,4217462784,4179791872
2026-02-13 14:26:18,4203311104,4157952000,4173840384,4220383232,4217556992,4179963904
2026-02-13 14:26:48,4203442176,4158722048,4174254080,4220989440,4217708544,4180254720
2026-02-13 14:27:18,4203520000,4160372736,4174794752,4221173760,4217958400,4180553728
2026-02-13 14:27:48,4203544576,4161720320,4174917632,4221296640,4218003456,4180623360
2026-02-13 14:28:18,4203622400,4163420160,4175286272,4221558784,4218146816,4180848640
2026-02-13 14:28:48,4203663360,4164911104,4175523840,4221730816,4218253312,4180951040
2026-02-13 14:29:18,4203708416,4166492160,4175650816,4221837312,4218327040,4181032960
2026-02-13 14:29:48,4203732992,4167573504,4175728640,4221890560,4218359808,4181069824
2026-02-13 14:30:18,4203810816,4168912896,4176162816,4222025728,4218470400,4181184512
2026-02-13 14:30:48,4203917312,4170473472,4176519168,4222279680,4218658816,4181360640
2026-02-13 14:31:18,4203945984,4171726848,4176343040,4222337024,4218707968,4181422080
2026-02-13 14:31:48,4204040192,4173209600,4176764928,4222685184,4218814464,4181721088
2026-02-13 14:32:18,4204118016,4176244736,4177473536,4223021056,4218933248,4182114304
2026-02-13 14:32:48,4204150784,4210507776,4177547264,4132569088,4154048512,4182306816
2026-02-13 14:33:18,4204224512,4213346304,4209311744,4132876288,4154146816,4182528000
2026-02-13 14:33:48,4204302336,4216541184,4209520640,4133101568,4154236928,4182667264
2026-02-13 14:34:18,4204396544,4218867712,4209881088,4133388288,4154359808,4182851584
2026-02-13 14:34:48,4204761088,4221906944,4210024448,4133916672,4154503168,4183019520
2026-02-13 14:35:18,4205072384,4224335872,4210155520,4134051840,4154585088,4183146496
2026-02-13 14:35:48,4204670976,4227194880,4210638848,4134240256,4154753024,4183404544
2026-02-13 14:36:18,4120563712,4229943296,4210929664,4134502400,4154859520,4294967296
2026-02-13 14:36:48,4120588288,4232847360,4211007488,4134555648,4154863616,4126486528
2026-02-13 14:37:18,4120788992,4237889536,4211224576,4134772736,4154961920,4126773248
2026-02-13 14:37:48,4121178112,4168138752,4211601408,4135235584,4155187200,4127207424
2026-02-13 14:38:18,4121640960,4173365248,4212109312,4135714816,4155498496,4127797248
2026-02-13 14:38:48,4121780224,4178681856,4212346880,4135960576,4155572224,4127961088
2026-02-13 14:39:18,4122308608,4184252416,4212924416,4136525824,4155924480,4128604160
2026-02-13 14:39:48,4122689536,4189159424,4213264384,4136939520,4156088320,4129091584
2026-02-13 14:40:18,4122685440,4193832960,4213268480,4136943616,4156088320,4129116160
