Time,"name=""rskj-miner1""","name=""rskj-miner2""","name=""rskj-miner3""","name=""rskj-miner4""","name=""rskj-node1""","name=""rskj-node2"""
2026-02-18 21:49:40,16.941176470588236,13.453781512605042,16.88235294117647,15.18487394957983,15.394957983193278,15.571428571428573
2026-02-18 21:50:10,16.419892102653737,10.940992588359858,15.831666694677402,14.714038419522362,13.890522848355491,12.335927127275172
2026-02-18 21:50:40,14.798319327731091,12.57983193277311,14.882352941176471,18.067226890756302,16.49579831932773,12.260504201680671
2026-02-18 21:51:10,24.32752665943984,17.873799379837145,16.865404492399225,16.899017655313823,16.504062991067304,14.697355484407696
2026-02-18 21:51:40,21.084387972907106,17.10112775004622,17.050706734566965,15.11790114119565,17.269197801643728,16.991882216507843
2026-02-18 21:52:10,21.57160984546088,17.832082622543048,17.06737031403625,16.974932562458505,16.605181556147528,16.21022025395171
2026-02-18 21:52:40,23.462184873949575,15.756302521008402,14.865546218487397,12.924369747899158,11.52941176470588,12.873949579831933
2026-02-18 21:53:10,21.34435845076932,18.638498836144237,17.646910530163613,12.966277594305934,11.81502676448097,13.756186922798966
2026-02-18 21:53:40,26.671820641669886,21.293759768743385,17.856842742138788,14.823280281003681,12.680459151947026,13.789684206988117
2026-02-18 21:54:10,25.504201680672267,16.554621848739494,21.016806722689076,12.705882352941176,13.714285714285715,13.899159663865547
2026-02-18 21:54:40,21.361344537815125,18.394957983193276,27.49579831932773,10.512605042016807,15.680672268907559,18.30252100840336
2026-02-18 21:55:10,22.68067226890756,15.798319327731091,24.554621848739497,10.630252100840334,15.941176470588236,15.08403361344538
2026-02-18 21:55:40,19.7393299215973,21.949395383232076,28.72244771052344,17.596490785791715,19.40319829245133,29.9409248661776
2026-02-18 21:56:10,24.260096468966907,33.20952589032117,35.13386329641519,26.402917598023564,27.470126552494918,37.82289373287844
2026-02-18 21:56:40,40.66386554621848,34.436974789915965,29.12605042016807,28.478991596638654,27.12605042016807,33.45378151260504
2026-02-18 21:57:10,41.26925436348204,31.80698997470567,28.95822653971882,25.235506180724204,24.344742392793215,33.45406263918184
2026-02-18 21:57:40,48.05122775172692,25.000420175128994,27.546681456831205,21.386914065782616,20.277651725239078,22.639035950184038
2026-02-18 21:58:10,47.26930478407381,19.29427978386373,18.067378717468213,12.605147942419684,14.69760250086135,14.79844368440071
2026-02-18 21:58:40,37.17615818354467,17.65531382089226,21.571247300442856,19.05026008184805,22.453592826951034,17.327585482474937
2026-02-18 21:59:10,46.07485588477505,22.966000571418967,19.9744542108536,19.43664812356095,22.02483991865683,19.697147947093328
2026-02-18 21:59:40,42.713926773724594,21.117469601095788,27.3863244846682,26.00818480516971,22.697288258081866,17.209939412273847
2026-02-18 22:00:10,43.82517064630976,15.663269170881977,26.6300825667225,26.40283470663985,22.303956637741663,17.270837366281473
2026-02-18 22:00:40,51.15644884355116,24.652392014274653,32.606134060532604,31.07430225903108,23.406726593273405,25.721307612025722
2026-02-18 22:01:10,43.88593360716451,18.820281462527777,34.29903710187867,33.07858056696519,25.175072385697934,22.902498148272844
2026-02-18 22:01:40,49.7685380018517,18.466459052268327,22.876862216985103,23.205117414359062,23.415537412675704,21.37867182897063
2026-02-18 22:02:10,47.61584617711818,18.88330504059028,20.80777182042792,20.64809990419685,20.60608097887289,22.900314301561426
2026-02-18 22:02:40,44.16189051548818,13.53849773938182,12.706523017967294,16.185690034791673,16.23611274518043,15.580617510126563
2026-02-18 22:03:10,35.732593806462454,11.639144501869826,11.370225639732762,14.286314551031554,15.235934282953062,16.790621454682967
2026-02-18 22:03:40,41.44781625809921,16.41273016059768,21.53908213088165,25.598144428663872,17.824577916348016,23.648449908818165
2026-02-18 22:04:10,48.59908902969898,21.345614064574683,24.144074491150818,30.278837588449846,20.16068037043885,26.513941879422493
2026-02-18 22:04:40,57.85214256300789,18.681771196625007,22.44669854529258,23.673661475885133,14.790786012622592,26.82510735925642
2026-02-18 22:05:10,69.56653276635797,20.866598315881472,21.41284434509303,23.34571490999546,15.782308351681598,25.639948232684002
2026-02-18 22:05:40,76.72591285348122,18.378923484180007,12.950123954788015,11.504685070801294,12.210597083911088,20.471448380184036
2026-02-18 22:06:10,79.74217620760359,15.58035564220646,12.975226058018755,8.941477024437797,9.975125214292918,15.723217587145783
2026-02-18 22:06:40,69.99630227242169,19.673591501949712,17.286876428667476,15.429608713190804,16.194366007798845,17.345703912868093
2026-02-18 22:07:10,87.02192565949258,23.9593925693108,18.631348062491067,15.799248695301404,15.278209642584017,17.345558142075582
2026-02-18 22:07:40,67.43980839531072,23.925375015756963,16.89986974242615,20.261355519139457,18.126812050926507,18.067986049834026
2026-02-18 22:08:10,64.44076542317615,27.430184968863713,24.24512366273646,24.261931374114447,21.303774171589925,22.13575588479995
2026-02-18 22:08:40,63.63346051061398,25.043279493083688,25.91727313982218,21.14392322301965,19.127014807469287,19.13541859253408
2026-02-18 22:09:10,39.3297141032321,20.799368035363127,24.63149402490882,21.421248130157828,18.42950064709145,19.362320789283494
2026-02-18 22:09:40,40.68203973242798,20.504890920703215,28.765672795724225,19.731755689266866,17.80732125449595,17.471175501697537
2026-02-18 22:10:10,33.127720725414726,16.194093819856466,20.706926399650406,15.353715313377144,13.925071852362306,14.975544985461454
2026-02-18 22:10:40,50.45632552901827,15.790712136746391,15.513387229608217,10.395482125149169,14.630989797804933,14.849488209489556
2026-02-18 22:11:10,49.20374805664103,16.572124879196608,16.84944745577545,11.000462204294296,15.219126854069497,15.731753435018275
2026-02-18 22:11:40,46.22120628944559,15.765633272545443,14.227727681460253,9.32827981477902,14.143689124570352,16.152210634238987
2026-02-18 22:12:10,44.070189592577655,17.00954686029313,15.454820492133928,10.51331181928197,16.488503428801938,15.908632513110128
2026-02-18 22:12:40,22.388247850677782,13.648091032094866,15.059962518173645,15.144002487583094,13.345547142220843,13.681707019858646
2026-02-18 22:13:10,23.186432701358072,13.101721124109183,14.639639639639643,14.65644749226839,13.748823450315989,10.437676482452604
2026-02-18 22:13:40,22.900121853859403,12.529938232698854,14.336736837682256,14.353544266565823,14.210681121055504,9.723097609143242
2026-02-18 22:14:10,23.530400436993144,14.630866843144668,15.235934282953062,16.70658431026514,15.336778856254462,12.092945081726123
2026-02-18 22:14:40,21.126405485806483,14.546462965764128,15.327988705692535,13.983428292912487,20.0339501504227,12.134657725339922
2026-02-18 22:15:10,22.185619684695283,19.80738848364651,20.496487276883258,20.86624760496151,19.765370264546707,17.958586843255237
2026-02-18 22:15:40,21.791014673008725,20.63969611913206,21.72378439249038,22.379279627544246,20.043027379531743,19.253071583441184
2026-02-18 22:16:10,21.08143038176523,19.3274419463397,21.467475683342148,20.351301224434987,17.89236049917336,16.490848208665877
2026-02-18 22:16:40,21.12339182758881,21.459083394177426,23.078795202967513,22.365450623966698,15.223612544793843,19.9232944770345
2026-02-18 22:17:10,14.275403672496555,16.062976266407063,18.043573131021517,15.483903454295211,15.257309745207962,16.69240323609386
2026-02-18 22:17:40,13.838652556667984,15.19818058224725,16.859825946844136,14.115593450767463,16.4234342349298,15.735278073834122
2026-02-18 22:18:10,21.109598480646735,16.748180641691455,20.126388678801323,17.13474176036572,17.252390796483976,16.70616312879208
2026-02-18 22:18:40,22.823913006941293,14.764954032840889,18.571740701524398,15.97505840434293,16.260777492058693,11.899359653103414
2026-02-18 22:19:10,31.52994167969209,14.92462058185852,18.630565219583524,16.025479419822183,16.017075917242305,16.000268912082554
2026-02-18 22:19:40,31.596904175665347,16.2018168219901,21.5800132774225,18.697636114589198,14.48751670182102,18.94133564147598
2026-02-18 22:20:10,23.302325190544618,13.932656028100604,17.33598877320359,20.377980016974647,10.621759481012766,17.529264459962523
2026-02-18 22:20:40,21.58055732965814,14.084507042253518,21.656190124037785,23.42095532622945,13.05926249621836,22.303270698174728
2026-02-18 22:21:10,22.865738367549305,14.2186068790494,21.3279103185741,23.218682509937057,13.025319540500337,18.344691972201442
2026-02-18 22:21:40,23.20187564601383,12.260607231993545,17.69762771115724,30.05067269472852,12.806830309498398,15.655593744485245
2026-02-18 22:22:10,25.57164345918873,12.05892486491483,17.672417415272395,24.378356120639666,15.18500155463491,15.428701081521693
2026-02-18 22:22:40,23.419774457572142,11.73089527907094,12.478781869212282,20.48705063780441,11.789717819868574,14.54597401724341
2026-02-18 22:23:10,15.302778197952907,11.529605539588902,12.445587320795308,20.336476243298208,11.79851762214491,14.336375401267249
2026-02-18 22:23:40,14.252340375468497,12.57163985949344,12.664078387872065,13.092657019445705,11.35313198541152,14.311164893527623
2026-02-18 22:24:10,11.630252100840336,12.88235294117647,16.714285714285715,18.537815126050422,14.949579831932772,17.478991596638654
2026-02-18 22:24:40,21.99178144354154,15.361473625828786,20.58840830595215,22.016991739426377,16.731233035571723,17.563172799771422
2026-02-18 22:25:10,23.067808432145352,16.68109280065884,20.67279007033791,21.857693891442644,20.294629276368315,21.02574014470953
2026-02-18 22:25:40,25.773542412477525,16.31119850753794,20.958335434208976,19.235617405334544,20.109581673641575,20.496142792315837
2026-02-18 22:26:10,27.54621848739496,16.521008403361346,17.134453781512605,13.563025210084035,16.806722689075627,17.319327731092436
2026-02-18 22:26:40,17.966537533928857,27.630484289783947,26.59686215850553,7.487457877797292,17.378297296615937,17.386700728577548
2026-02-18 22:27:10,21.907563025210084,26.504201680672267,27.504201680672264,7.84033613445378,11.579831932773107,14.294117647058824
2026-02-18 22:27:40,21.176470588235297,26.100840336134457,27.403361344537814,9.756302521008402,13.907563025210084,14.08403361344538
2026-02-18 22:28:10,25.07605169834787,24.891174641590617,29.092925931528256,12.210289248558798,13.58846367165835,13.43720062522059
2026-02-18 22:28:40,27.025210084033613,11.378151260504202,16.050420168067227,17.04201680672269,11.394957983193276,10.680672268907562
2026-02-18 22:29:10,21.815126050420165,10.840336134453782,14.80672268907563,16.61344537815126,14.008403361344538,10.0672268907563
2026-02-18 22:29:40,25.067648195767994,12.890972957528698,16.092707440461183,16.529689574614704,14.067463318711237,9.840501521033966
2026-02-18 22:30:10,21.899527723155007,13.731323215516229,14.285954385787997,14.21032286256912,14.680919007042133,8.168204507638784
2026-02-18 22:30:40,24.016806722689076,13.344537815126047,11.487394957983192,9.88235294117647,12.302521008403358,8.142857142857142
2026-02-18 22:31:10,23.378740640520352,27.832634436162255,13.311259947729774,12.773431262973018,14.16842441406086,10.764977268334498
2026-02-18 22:31:40,26.831481823834896,30.3944471521487,15.596376531486866,13.982958269608915,15.428312129207914,14.335893514394716
2026-02-18 22:32:10,41.512256199527734,29.798068923790556,15.142729893026111,13.655347434055177,14.36122385526172,16.369610339408915
2026-02-18 22:32:40,45.13483306582407,31.899427726283413,17.36149043269271,15.092563803057168,16.04215161471945,15.563155992907504
2026-02-18 22:33:10,48.470995554584476,20.403532802796658,14.764829956554253,12.512710190841938,11.344633148177714,14.319448062588759
2026-02-18 22:33:40,46.4004971781779,15.9651303413061,8.398280032249394,7.1469363074442365,5.719228701961838,13.05932545014781
2026-02-18 22:34:10,39.31168852982179,13.688966525018053,8.465324084182944,7.482741824411709,6.542150259502494,13.420226077901134
2026-02-18 22:34:40,38.438282076691806,13.781346053714497,8.616490585686211,9.893007709491574,8.95241614458236,13.982901389052182
2026-02-18 22:35:10,48.382491265788765,13.1769013705993,8.683821553345874,9.137328675087343,10.657417360924482,12.530233808116098
2026-02-18 22:35:40,48.69747899159663,19.327731092436974,14.554621848739496,13.966386554621845,12.714285714285714,13.478991596638654
2026-02-18 22:36:10,47.168067226890756,23.243697478991592,20.310924369747898,13.294117647058822,9.890756302521007,11.30252100840336
2026-02-18 22:36:40,46.596247090360585,35.6467592709305,26.66364148200435,16.18473794337863,11.06713388963118,11.134360215460374
2026-02-18 22:37:10,45.54660123194312,35.63055151723964,26.680896478121657,16.3950957571072,11.36144001210094,8.806796695770553
2026-02-18 22:37:40,59.41076620560999,36.32712055259576,32.86499386564932,24.604628493638764,18.386245609317488,6.277205425118907
2026-02-18 22:38:10,56.74789915966386,38.90756302521008,30.327731092436977,24.92436974789916,23.33613445378151,9.336134453781511
2026-02-18 22:38:40,57.175509655299905,26.2516596359725,24.974370178652457,19.01648711786357,17.6299557990622,7.890623686996857
2026-02-18 22:39:10,66.59607902454601,26.20986378265729,25.83171569986807,21.77292627793044,19.688910177225402,11.075537180359829
2026-02-18 22:39:40,53.470138906395746,18.99143704674751,16.54607944471055,12.680565709531852,12.159561684355594,10.243611398223544
2026-02-18 22:40:10,50.890328652700404,15.336005579785045,14.873824589709331,13.151149990336213,10.588146318098167,12.907454559205386
2026-02-18 22:40:40,44.92474726678375,16.512743804569784,30.916226186774676,29.605290800763022,29.01705056345011,36.109547139051585
2026-02-18 22:41:10,35.20978815304073,14.193158040688736,32.01653767615398,28.856900362181833,29.293871480071598,37.56270955706255
2026-02-18 22:41:40,29.167822119141857,20.411593179889245,35.5123066192721,25.588020268737232,33.646776077511944,38.428248502113426
2026-02-18 22:42:10,25.831715699868074,20.47881950571844,36.9240594616852,25.537600524365345,33.554339879496816,32.49552524768699
2026-02-18 22:42:40,22.697478991596636,19.252100840336137,18.747899159663866,9.243697478991596,16.10924369747899,13.184873949579831
2026-02-18 22:43:10,16.01680672268908,20.949579831932773,18.71428571428571,7.966386554621849,18.588235294117645,16.63865546218487
2026-02-18 22:43:40,15.142729893026113,15.747766825488865,15.915832640061847,10.403273922067882,15.285585835413146,16.54607944471055
2026-02-18 22:44:10,17.54607104141982,18.865387685817765,16.293980722851067,12.705775581717802,14.277190947975226,21.739313115015843
2026-02-18 22:44:40,18.252100840336137,17.478991596638654,18.33613445378151,11.319327731092436,13.277310924369749,19.88235294117647
2026-02-18 22:45:10,14.478869925462812,16.02507541953429,14.218367912874683,10.983100982344688,8.840261846539105,14.646935740035799
2026-02-18 22:45:40,15.226762800312605,18.327577079184213,16.537676153981902,8.336064402820146,8.218418332619056,14.562902832749309
2026-02-18 22:46:10,17.92436974789916,15.117647058823527,13.621848739495798,6.142857142857143,8.436974789915967,11.932773109243696
2026-02-18 22:46:40,20.924193914336858,21.856959185216933,20.277140528230856,15.974655675162394,16.764565003655434,16.823388038755976
2026-02-18 22:47:10,27.62978773465992,31.604510848557165,27.940706878875986,19.00808389774962,21.55425959227576,14.621602998268937
2026-02-18 22:47:40,26.605042016806717,28.100840336134453,28.378151260504204,24.285714285714285,24.51260504201681,17.621848739495796
2026-02-18 22:48:10,32.40336134453782,32.17647058823529,29.495798319327733,29.319327731092436,29.218487394957986,20.79831932773109
2026-02-18 22:48:40,35.87334666644258,27.56256197374834,26.814675383607,21.789549755466293,26.007966252668023,12.991378296163091
2026-02-18 22:49:10,35.3781512605042,26.11764705882353,25.168067226890756,20.90756302521008,22.92436974789916,17.865546218487395
2026-02-18 22:49:40,36.36103898286569,26.932546785321133,22.02502499978992,17.59649078579172,20.008235224914078,14.40324030890497
2026-02-18 22:50:10,24.436974789915965,22.714285714285715,20.882352941176467,14.529411764705882,14.941176470588236,11.49579831932773
2026-02-18 22:50:40,26.924143494592485,28.386316081377473,20.453609633532494,21.957798673960724,17.814976344736603,14.88222788043798
2026-02-18 22:51:10,20.941000495794153,19.041856791119407,16.537676153981902,21.722506533558544,20.680498483206026,10.420080503525181
2026-02-18 22:51:40,24.243697478991596,25.008403361344538,18.159663865546214,21.96638655462185,21.899159663865543,12.336134453781513
2026-02-18 22:52:10,30.714027613213336,26.66364148200436,19.428408164637272,21.462004520970414,23.369551516373814,12.579726220788062
2026-02-18 22:52:40,29.88235294117647,27.647058823529413,24.630252100840334,23.57142857142857,27.100840336134453,19.73949579831933
2026-02-18 22:53:10,32.01411646080161,36.07259894126543,29.980673892950172,24.039996638937904,23.964372741786406,21.24191244433241
2026-02-18 22:53:40,28.933882214567753,31.580273880534314,28.522221288750732,25.48937242711921,20.725867428379402,20.05376795765773
2026-02-18 22:54:10,25.63973318547642,33.402221214106895,29.932624292219025,24.09395634860628,18.96096913486903,21.464455533713057
2026-02-18 22:54:40,19.876673891493184,27.815582102592533,19.09538451198817,15.088126081623738,10.518003259572895,14.348841507468451
2026-02-18 22:55:10,19.315269901281244,20.827557235874817,15.240495694181897,13.434152488972906,9.040117622348246,12.257929006511239
2026-02-18 22:55:40,19.158697880779123,23.024049207602978,15.730299312639701,12.066618489824045,10.965833655445945,12.96573282019394
2026-02-18 22:56:10,19.51211314000487,19.730595027016122,12.142551028125341,11.99129433711755,17.234859625387593,11.159382536574707
2026-02-18 22:56:40,21.983008546146674,16.495659700338653,14.504079797648759,13.798203376442213,16.092301745363486,10.369660759153284
2026-02-18 22:57:10,18.251640714939956,14.293757300236129,15.503810828298445,17.94072418342395,17.092006083880236,13.537473845197178
2026-02-18 22:57:40,19.6215189660678,21.747533654896557,30.83141459807398,19.671938286751487,27.470126552494918,19.30219660173779
2026-02-18 22:58:10,21.117647058823525,25.95798319327731,37.462184873949575,22.025210084033613,23.747899159663863,21.831932773109244
2026-02-18 22:58:40,22.62968160466543,33.72183894523668,41.77205616665126,24.554002840264534,29.385813803013367,25.71363747132425
2026-02-18 22:59:10,31.167805312560404,35.82322837623213,46.78111948639088,26.25188023630054,34.41147553381904,35.98289090007647
2026-02-18 22:59:40,37.310610835203065,26.52918883034597,28.109007487332043,24.109041100494956,25.915748607154566,29.293871480071598
2026-02-18 23:00:10,34.28571428571428,23.39495798319328,24.235294117647058,23.3781512605042,24.731092436974787,26.85714285714285
2026-02-18 23:00:40,34.75601045369367,15.125923311568812,19.243535768606986,18.411609986470705,18.890597558003712,22.75611129318241
2026-02-18 23:01:10,31.091914421606358,16.041747197526092,16.285440580830578,12.041814423287002,13.10062015764441,12.2350884859078
2026-02-18 23:01:40,26.176690560424877,14.386675518281663,20.36991907495021,11.907663089605794,16.495936940646555,12.218590072185478
2026-02-18 23:02:10,33.54621848739496,32.05882352941176,43.403361344537814,20.857142857142858,17.61344537815126,26.949579831932773
2026-02-18 23:02:40,34.57837905970338,47.056846350993666,60.619301710012195,37.22532666694677,43.36792571740683,27.12491071803706
2026-02-18 23:03:10,34.470588235294116,48.96638655462184,60.82352941176471,39.08403361344537,45.07563025210084,28.134453781512605
2026-02-18 23:03:40,42.46147123577755,53.53691534596058,65.92326179391944,37.2346683249021,43.705147812641805,32.217945916875344
2026-02-18 23:04:10,37.54558746911817,34.251525184450685,45.478227256684754,30.033108687248948,44.091695937883394,17.201391573250866
2026-02-18 23:04:40,40.01546166515412,22.52025142012033,31.040973412658403,13.36929851097442,18.14224731941783,20.226210883667775
2026-02-18 23:05:10,52.168067226890756,24.773109243697476,37.495798319327726,19.596638655462183,22.89075630252101,19.176470588235293
2026-02-18 23:05:40,46.671484512865334,26.57938522041647,31.974252533570862,24.587822053410864,21.646695013529186,16.999714290516128
2026-02-18 23:06:10,59.67126602914238,36.24308835145628,33.1086872489538,22.898774810507387,22.226517201391573,20.23495403438598
2026-02-18 23:06:40,54.25073317479391,37.18393653941497,33.906708234246196,20.949051704578874,22.906985538179708,17.386116316395384
2026-02-18 23:07:10,42.75558393976572,33.680106216702235,24.478580191929545,13.20986201912573,13.96615182938102,17.377859195643772
2026-02-18 23:07:40,45.26890756302521,24.823529411764707,38.621848739495796,28.974789915966383,26.84873949579832,29.96638655462185
2026-02-18 23:08:10,34.209509083880945,17.478697837011143,35.55402430211257,29.8818507251979,26.142417774491182,28.68019024890338
2026-02-18 23:08:40,43.42784154888154,14.386312835078401,32.78936488462379,34.016235021260144,26.369304717567775,28.83144821095444
2026-02-18 23:09:10,46.5534482323975,26.9573035973883,32.67984840718301,46.36857894338798,39.982185323059085,31.873146055141465
2026-02-18 23:09:40,52.87350526466164,34.302232754346605,23.646860110419244,31.898891605952894,28.386316081377473,21.991411836875326
2026-02-18 23:10:10,62.35977244271152,39.64605934304177,28.31021066695798,28.352226414460134,25.201045351797852,24.511987092762368
2026-02-18 23:10:40,75.06659607902456,38.46186166502803,27.377921193939546,26.302299980672426,24.369543113083083,23.966185158107915
2026-02-18 23:11:10,74.19265384324503,28.55438189595046,31.319064545676085,17.30237561028899,17.226745993731146,23.68047327333384
2026-02-18 23:11:40,62.99053797415169,23.243306835179244,25.688643888338014,12.848523554225979,14.99974790339658,18.66355187307776
2026-02-18 23:12:10,74.87332039226561,15.966252384433746,18.134301392425275,14.604919286392553,16.722548550012185,15.016680532096371
2026-02-18 23:12:40,49.59580511251912,16.823246668123225,16.34426312162821,13.335910320834943,16.36947278197005,15.545957210803179
2026-02-18 23:13:10,44.25172897706742,16.41162679305216,16.268770850665124,10.739405551213856,17.19313283081655,14.915841043352579
2026-02-18 23:13:40,43.41067031923565,17.268472223389324,15.76430846281186,14.814752569262957,20.411250136551175,15.739099014310561
2026-02-18 23:14:10,21.714285714285715,17.159663865546218,16.35294117647059,14.134453781512605,23.554621848739497,17.764705882352942
2026-02-18 23:14:40,18.688918580516134,17.29397231956034,18.714128452702077,16.209947815564576,22.8905639448408,17.69733027453551
2026-02-18 23:15:10,18.26890756302521,15.428571428571427,14.436974789915965,17.193277310924373,18.23529411764706,17.218487394957982
2026-02-18 23:15:40,18.344537815126046,15.831932773109243,14.655462184873947,11.092436974789917,14.369747899159666,16.999999999999996
2026-02-18 23:16:10,16.15098905900741,15.97452143661451,14.529167577015512,10.924186148131964,10.974605468815652,14.159425892001815
2026-02-18 23:16:40,19.663535066637536,16.327456681400314,17.537520377808775,11.08384733029697,14.747651299978154,14.268667753483136
2026-02-18 23:17:10,20.56233403919196,16.554065409566068,19.074989075997443,10.503848610130753,18.142247319417834,12.739067594366574
2026-02-18 23:17:40,21.71410324282989,18.663708708330184,21.99981512760397,15.218359509583953,15.00827724136772,14.941050915538526
2026-02-18 23:18:10,18.814809835128823,20.512260298146252,20.150921833246503,16.80644022789533,16.671988706072163,13.6804423455068
2026-02-18 23:18:40,20.369576726246,19.62168385139621,20.3359635633314,18.344383660641505,17.68892698380686,13.436861875110292
2026-02-18 23:19:10,20.856617060074115,17.209650176886296,20.02470525953127,16.461769871347784,14.09208171222574,12.831609287160827
2026-02-18 23:19:40,17.54607104141982,14.369627145990371,14.378030436719019,14.092318551944945,13.621734271140582,7.520945202141157
2026-02-18 23:20:10,19.478664224130686,13.117426597872306,16.15939227912136,9.831767533318768,11.596443757247778,9.218332465000588
2026-02-18 23:20:40,17.764108769453127,18.86491210379483,12.7810829888071,7.386306342643945,11.537427313367617,9.134146751369702
2026-02-18 23:21:10,12.949362195593354,21.453420950908388,10.991411909043546,6.235189324549168,14.579586897699201,7.798188265743435
2026-02-18 23:21:40,9.688912791381657,18.46187459034302,11.924169341691737,10.041848036167462,20.55427639871599,10.97460546881565
2026-02-18 23:22:10,10.705612463551336,17.33569741939279,11.680377805601537,12.755980941656933,21.02468005008277,13.167735267178138
2026-02-18 23:22:40,10.512428362548528,12.806507453656241,8.520865195542934,13.882119628241545,17.898858842708528,13.201458799011784
2026-02-18 23:23:10,14.159544877774138,11.252006285661466,10.42848379425383,17.638507239434965,14.125931714859538,16.470449828152702
2026-02-18 23:23:40,22.377775163442635,13.772877766760223,11.714088838843043,14.25186131325524,10.377976840725367,16.251827700374786
2026-02-18 23:24:10,24.30211256953665,15.436715349321862,17.361052755415876,15.461925009663705,10.453605821750896,14.117409791432078
2026-02-18 23:24:40,28.21777602245321,17.25166592438846,23.68007529221952,17.98273993092611,13.982840768720115,16.907136794870716
2026-02-18 23:25:10,31.899159663865547,18.63865546218487,23.294117647058822,13.630252100840334,17.32773109243697,17.033613445378155
2026-02-18 23:25:40,28.696996689131275,20.772760121678626,24.285306129308754,14.125813011546025,17.70558478008773,20.25176047461387
2026-02-18 23:26:10,29.335641417791297,22.621468546747113,16.19300515957715,13.159442698442044,15.00815112351053,19.604712525839904
2026-02-18 23:26:40,26.050639081000675,20.033781796485684,13.15977445188615,10.134538945705424,12.260607231993545,17.453928184270456
2026-02-18 23:27:10,25.83990185038907,17.78121376111326,11.94937900203358,12.638443051377287,12.688862372060974,15.4787314498916
2026-02-18 23:27:40,21.806356195694192,16.134182618779516,10.848557167106437,12.041814423287004,13.756071326532329,12.176265945110167
2026-02-18 23:28:10,28.327731092436974,29.050420168067227,16.050420168067227,16.36134453781513,29.90756302521008,26.05882352941176
2026-02-18 23:28:40,36.49487828037948,35.47809719082712,20.95745485407931,18.419703704948613,33.70503264623581,29.629505138525914
2026-02-18 23:29:10,37.97734301465645,43.71722468737394,27.497646900631977,26.65725426919457,36.04443996235041,35.55701223611672
2026-02-18 23:29:40,42.05572130940875,47.56902130520654,27.969912173803422,30.003781989326384,37.08030424003026,36.181031222422995
2026-02-18 23:30:10,40.89694239464794,33.72779075826596,27.348674589433696,28.289993444386546,25.54167857322957,22.322704274596163
2026-02-18 23:30:40,33.9709540778592,24.431856384051628,19.7337457137094,26.297653466012232,23.339272507227857,18.557116923283797
2026-02-18 23:31:10,42.59807052337894,16.5467746815019,12.916400551279036,20.009075935325555,17.370331775858013,15.067733369188879
2026-02-18 23:31:40,44.72268907563025,17.45378151260504,10.193277310924369,18.428571428571427,14.23529411764706,15.663865546218487
2026-02-18 23:32:10,36.27670123191207,15.159409085561586,7.840204366313172,18.419858489773283,11.655266298045412,15.428312129207914
2026-02-18 23:32:40,34.40307224309039,17.646910530163613,9.714204082318636,15.655330627473719,9.386475743901311,15.361215451970994
2026-02-18 23:33:10,27.64612954186414,27.9402373029478,17.91536418943901,20.94887566804477,17.58764411280293,12.402944438842392
2026-02-18 23:33:40,34.293541285020424,23.520613098939513,22.445000924354215,18.68876153341961,20.74755046133679,12.890539654795719
2026-02-18 23:34:10,40.688391791734595,25.37772474412195,22.445000924354215,15.487134670005545,19.907228449942018,15.243441286701065
2026-02-18 23:34:40,51.85627132317104,26.478546579049095,21.310566208971277,16.966101410060332,18.68876153341961,13.823297087443908
2026-02-18 23:35:10,51.64662481827885,18.663708708330184,13.134343408878918,12.193174847270189,13.495684910210839,16.30238401357972
2026-02-18 23:35:40,48.80590242180804,20.46184097746256,13.058604057074671,12.10063696408464,11.167879531436446,14.218248432799452
2026-02-18 23:36:10,50.51218056991118,16.083898454634834,12.87384139629079,11.941076125410714,14.260384366517927,11.714187275737178
2026-02-18 23:36:40,44.134082906866325,17.29397231956034,12.672162418803204,11.125956924731724,15.596507592373174,12.403257115486426
2026-02-18 23:37:10,52.41928707080553,16.09216651820978,12.831717113998083,7.974655888136334,13.151039478328094,10.134283457420883
2026-02-18 23:37:40,47.82232380696284,15.42818248279455,12.10893843012361,10.554355772543548,14.898784064267288,11.403073872087258
2026-02-18 23:38:10,61.30989395136216,23.419774457572142,20.377808776323086,8.764558578847414,18.445068150115123,19.680341506865435
2026-02-18 23:38:40,66.74846007109304,23.126244758359306,23.55481978840158,12.302624391801611,23.96658795452062,22.3531290178909
2026-02-18 23:39:10,59.824032134723815,19.26906948797889,24.134656593752887,12.832040605383238,24.185077185522562,21.890940260002186
2026-02-18 23:39:40,59.32773109243696,19.495798319327726,30.815126050420165,10.605042016806722,23.72268907563025,20.57983193277311
2026-02-18 23:40:10,44.00036975100631,14.235413742972627,23.302716829553187,12.403465575340967,17.664013983310785,10.067311490012521
2026-02-18 23:40:40,39.553957076351665,12.193072385338063,25.176047461387206,10.352767180383523,12.445168988756492,5.252012571217291
2026-02-18 23:41:10,34.276446812265235,11.369461274085525,24.64643748476929,10.058569952018015,12.092132131122744,8.176264463921077
2026-02-18 23:41:40,41.20939143879935,16.89047242903481,25.37772474412195,20.41982487689282,19.814793028688594,17.529117157694827
2026-02-18 23:42:10,56.916444676005675,17.487541912116907,26.71451020596811,22.680862864393816,21.084210791687322,20.168236707871493
2026-02-18 23:42:40,64.14285714285714,20.672268907563023,23.865546218487392,22.50420168067227,20.344537815126053,22.77310924369748
2026-02-18 23:43:10,64.65437555671333,23.99959664543453,24.386144770676125,23.293726155862927,21.117292146350483,19.848405909144383
2026-02-18 23:43:40,55.63025210084034,14.17647058823529,17.529411764705884,14.403361344537815,13.352941176470587,12.470588235294116
2026-02-18 23:44:10,33.30224115763733,15.268779253955852,17.722540146721457,14.604919286392551,13.646944143326529,13.445265165838943
2026-02-18 23:44:40,23.579435639737152,13.184652358783886,20.697131140653102,17.55432681803667,14.344296734508664,16.108972958437672
2026-02-18 23:45:10,20.511915565863337,16.478437699573124,17.67167490168398,14.369264898658868,16.4364223051326,16.461631541796915
2026-02-18 23:45:40,19.612950934010065,20.20117139904036,15.503810828298445,15.713889565809264,15.066847054275941,14.873574615765989
2026-02-18 23:46:10,18.941176470588232,18.663865546218485,18.134453781512605,13.92436974789916,14.04201680672269,14.126050420168065
2026-02-18 23:46:40,17.453928184270453,19.35310380759502,15.15138782678846,19.83209942940697,14.361465222396824,11.689173858603851
2026-02-18 23:47:10,18.05806478719382,16.621150371833117,18.335364060333603,25.570354186798877,12.991050796185036,13.77253056594261
2026-02-18 23:47:40,18.880131749205972,17.275278538659318,19.905221234476613,22.8712588434974,14.065572117566,14.275631438318182
2026-02-18 23:48:10,19.94706549594589,17.762466915934965,16.090408772003528,22.92148048565307,14.13267235222451,13.947821703146662
2026-02-18 23:48:40,20.493042952208107,18.291658264435036,17.91355784096256,15.855011090945755,15.01478792767359,12.46891174295893
2026-02-18 23:49:10,21.560669842790283,17.41826523152933,17.661936091015267,12.7549091275743,14.006873198726192,10.729920260811845
2026-02-18 23:49:40,23.469996554708704,16.772686402863794,16.52899506735124,12.587917951648278,13.806374629211026,10.34427703503273
2026-02-18 23:50:10,23.991193425320585,17.898858842708524,16.36947278197005,12.35273356750307,13.235071679467575,10.806541066536699
2026-02-18 23:50:40,22.528843810660234,20.806198163071514,14.966009260270747,11.596346310597212,12.915640782165152,13.11731637017554
2026-02-18 23:51:10,23.11745279451433,25.3947445819783,16.058688582448887,11.781413601566374,13.3360223863665,10.29403114259544
2026-02-18 23:51:40,21.486853272606567,24.478374494760637,16.596220263354706,11.756006151105435,13.621505340201507,12.01650378561885
2026-02-18 23:52:10,21.688711114098925,22.814742609367915,19.6215189660678,12.428362548528597,14.36110317473656,15.218231626359222
2026-02-18 23:52:40,26.546218487394952,19.72268907563025,19.126050420168067,12.0672268907563,13.840336134453779,15.621848739495798
2026-02-18 23:53:10,26.403139469416224,16.18473794337863,17.95783228712364,12.957874303577283,16.899017655313823,19.31916538516483
2026-02-18 23:53:40,26.486949799163046,20.64671181996941,20.671921480311255,17.15937547268113,19.77277692811886,21.125695366464427
2026-02-18 23:54:10,26.722464517104903,24.470382601826874,21.924185511046126,20.411593179889245,22.89896723556945,21.58805388190015
2026-02-18 23:54:40,26.90711080486042,22.70550074788659,22.13408178013815,20.43663131712072,20.058486411993076,20.470244197576513
2026-02-18 23:55:10,30.722430903941984,26.52918883034597,25.4619709078075,24.08383122830901,18.865387685817765,22.49560928059428
2026-02-18 23:55:40,36.007798188265745,28.377674324801262,25.95754693198434,23.32733903631872,18.621535772508025,22.730710408228436
2026-02-18 23:56:10,40.411085527974315,29.45328649938656,21.176114687148115,19.680341506865428,15.982924656728459,19.2517772810541
2026-02-18 23:56:40,38.55429786304317,29.991344610549493,21.352761741497968,20.898984042150907,22.714094839539165,20.47041621498979
2026-02-18 23:57:10,30.990554939329773,27.54529259520688,18.175859634970248,16.167523780713257,22.915196127861247,17.764108769453127
2026-02-18 23:57:40,30.318563397561405,27.747199650428982,19.302034402494055,17.82308009041789,21.360806030100083,19.436484794500977
2026-02-18 23:58:10,25.655462184873944,26.781512605042018,24.26050420168067,21.495798319327726,24.30252100840336,23.15126050420168
2026-02-18 23:58:40,24.521008403361343,31.058823529411754,27.18487394957983,24.798319327731093,23.336134453781515,25.647058823529413
2026-02-18 23:59:10,24.116836408860205,32.65436455917448,29.99058855164532,29.604046922792516,24.469765722160595,29.60404692279251
2026-02-18 23:59:40,24.655047814322447,25.76427286936354,25.234870002184838,24.486983412043493,25.806288969933277,24.159257827599536
2026-02-19 00:00:10,25.856708290616965,23.386161577116347,22.949194131191074,22.251726861733417,23.562629199509253,21.571066032503655
2026-02-19 00:00:40,27.301832726906046,20.461669033553775,20.167558801038627,17.856692688419617,20.04151155853214,15.09205650277724
2026-02-19 00:01:10,36.08433684316674,19.579996470558577,19.29427978386373,16.487533508684944,19.369910671518248,14.588357885360379
2026-02-19 00:01:40,39.79765045965614,19.57950286549806,19.176148300028572,16.52913396413506,16.34426312162821,15.050167224080269
2026-02-19 00:02:10,37.71460264371969,17.8656963503895,16.462323212800108,15.12617753090362,14.3446583584736,13.56313918604358
2026-02-19 00:02:40,44.73109243697479,20.18487394957983,16.39495798319328,18.98319327731092,16.352941176470583,16.226890756302524
2026-02-19 00:03:10,50.62099796642073,18.125745785785114,21.07527604578074,18.806406615014872,15.915698895816877,17.470294616897196
2026-02-19 00:03:40,44.39458491945446,18.68891858051613,20.075461550743274,18.151107973882574,17.15951966790195,18.209931008983123
2026-02-19 00:04:10,62.88969933278433,25.52057948605906,23.63825818053478,20.260163694727822,17.176181912909026,20.134115393018607
2026-02-19 00:04:40,61.50368484298452,20.95780707725145,22.41157637330779,15.949445802976447,14.798194973151487,17.806573054007952
2026-02-19 00:05:10,60.52737723101744,28.88138213841551,24.654633457698903,23.528620886692885,21.67994353130987,23.293334677825957
2026-02-19 00:05:40,65.33448736586472,28.19256657395191,25.839684713830742,24.293505205751114,20.79779501357109,22.083476887137298
2026-02-19 00:06:10,68.63865546218487,27.91596638655462,25.71428571428571,25.882352941176467,23.336134453781515,24.579831932773107
2026-02-19 00:06:40,75.65419068587083,28.04154552024336,24.176064267827435,23.83153224315558,23.436580897800038,26.92391724508832
2026-02-19 00:07:10,75.5953681450732,21.066872825666792,13.882119628241544,12.134249844540427,15.419908909093966,20.613098939513623
2026-02-19 00:07:40,76.74014067345102,21.201858839149907,12.966495516769047,13.56313918604358,14.983319187556198,21.420348070151846
2026-02-19 00:08:10,56.98175676243454,16.150853339831766,12.32742031713486,11.335848676083796,16.907136794870713,20.646538322563295
2026-02-19 00:08:40,47.351349534469435,20.108567779234313,15.08352660414776,16.974219353971296,17.940573426103327,25.041175086551714
2026-02-19 00:09:10,60.847716845095036,17.66356867951799,17.873649182366684,17.579536478378515,15.814860254449506,23.68027428110452
2026-02-19 00:09:40,57.896240525687794,14.63791741592861,16.125237382989095,18.62090987009059,16.87309883535284,20.435944406164396
2026-02-19 00:10:10,56.19979160364357,12.520587543275857,13.167624617659913,18.587610500487376,12.915532251016772,16.041477597391683
2026-02-19 00:10:40,62.115559140869216,8.06695573258042,13.629793956505662,14.713791133071155,12.007999731101476,8.73079896474068
2026-02-19 00:11:10,55.654526814675386,7.7393657249458,11.529217996336195,14.386312835078401,12.117443404312533,5.999899161358633
2026-02-19 00:11:40,67.68850681927043,11.899059671767466,13.714170469155723,11.529314879706892,10.932681237972792,8.260434786262302
2026-02-19 00:12:10,79.93916119761685,17.419728914397115,19.041536767980638,11.226607732578168,17.512163558901875,9.06699831096695
2026-02-19 00:12:40,70.95559813115526,22.377399079022553,18.50357971160633,10.108903902389835,18.23468118718699,14.764209606399787
2026-02-19 00:13:10,66.7473382576617,39.655128948496234,31.772842245023153,25.781295955496176,31.43671061587718,27.974554835673647
2026-02-19 00:13:40,52.40248063057764,48.66304767987093,41.738794305978054,34.638073309692274,40.33545654694879,38.12540965698056
2026-02-19 00:14:10,38.24241201976404,46.998420221169035,36.99035326543646,33.553494000201674,34.28456186346677,38.133171994218685
2026-02-19 00:14:40,33.98290770665793,40.495458021361166,37.327417416660374,35.529113200729405,33.85685834572818,38.07531029151016
2026-02-19 00:15:10,19.016646918933453,24.277106915067943,24.966176754817187,20.72251493684927,21.51242426534231,22.17628423290561
2026-02-19 00:15:40,13.873832993000057,13.3696355492811,16.344400467222965,13.436861875110292,14.100721842673591,10.05873900219326
2026-02-19 00:16:10,17.79831932773109,15.02521008403361,20.41176470588235,13.823529411764705,14.218487394957984,10.747899159663863
2026-02-19 00:16:40,15.03348711355367,20.83175771632171,23.68887656406249,17.882202670565796,17.226745993731146,10.747808841942504
2026-02-19 00:17:10,16.033478710262937,20.285543818959507,26.814900715120043,20.84856429777901,19.033453500390753,12.680565709531852
2026-02-19 00:17:40,20.150921833246503,22.66348464731685,28.823044990840497,22.48701702492395,21.125695366464427,18.327423068519856
2026-02-19 00:18:10,22.14267106999101,21.730909824287192,27.51237384559793,22.638465222981317,21.100663019638493,19.1426962798632
2026-02-19 00:18:40,25.327092594304347,24.4951807937615,20.5961194255607,16.999571439375476,16.528995067351243,14.747527373259498
2026-02-19 00:19:10,23.495403438597673,24.050015966118217,20.344195895867298,16.571150064704796,15.999731096956355,17.201391573250866
2026-02-19 00:19:40,25.991159812440127,23.562629199509253,17.982891043848,17.403068855985616,12.890539654795719,17.966084603620107
2026-02-19 00:20:10,22.545839565721586,23.108855313356077,18.982874237407778,19.32740626207963,12.646846271491235,13.520781163341795
2026-02-19 00:20:40,23.79771938522558,14.949202961269883,19.1339714124854,19.50370999050444,12.697158895153901,16.646639160357303
2026-02-19 00:21:10,26.167407544347622,19.04993991748107,18.663395040461165,19.58774148550877,14.26854785173483,18.28525331294169
2026-02-19 00:21:40,21.461643824105273,18.36088165844558,18.814651731468953,15.91556515381965,14.94079981176945,14.806349419762526
2026-02-19 00:22:10,20.64671181996941,15.134199425219744,14.71403841952236,12.991378296163091,14.193038772457605,18.150955446126954
2026-02-19 00:22:40,20.462184873949578,14.705882352941174,23.882352941176467,12.436974789915967,14.117647058823529,14.117647058823529
2026-02-19 00:23:10,21.075453147452542,12.882244687019437,22.008218418332618,10.075545583650559,10.764615423399803,11.730993857194475
2026-02-19 00:23:40,22.41979126401237,13.537587603569687,22.47021058469606,11.436782575082772,8.226752491554763,9.067074502949529
2026-02-19 00:24:10,21.394598410110753,13.730861666190483,26.075192013579606,15.537553990689235,11.99139510260332,12.915749315137559
2026-02-19 00:24:40,18.596169844457698,15.999596648823978,19.38606589749838,23.73049418922212,13.907212423216219,16.495382469349508
2026-02-19 00:25:10,17.016806722689076,14.445378151260503,18.30252100840336,23.268907563025206,14.252100840336135,15.756302521008402
2026-02-19 00:25:40,12.739388744632398,19.176309442777793,17.991445450038235,21.789732859387737,16.277174141393772,18.31077049772691
2026-02-19 00:26:10,17.19284387788543,21.99944539213297,14.797946270262093,18.285253312941688,13.024881725670781,16.6466391603573
2026-02-19 00:26:40,25.000210085799036,21.874133396078957,15.924503567256865,11.773208178219985,10.521096815939627,15.680804040370086
2026-02-19 00:27:10,27.940941672759056,24.495592474012824,15.949445802976447,13.722573759884371,9.89907647834892,15.041890404282315
2026-02-19 00:27:40,34.252100840336134,20.28571428571429,24.327731092436974,14.57983193277311,16.84033613445378,25.873949579831933
2026-02-19 00:28:10,37.26019109083117,23.058629759413783,30.806463811228475,21.16788934546768,22.058638162704515,30.377895984067365
2026-02-19 00:28:40,35.82262632034487,23.167483172693125,33.77225784223927,22.96580758468274,24.61282488676756,30.40259489256573
2026-02-19 00:29:10,31.982655753684814,20.730744021108887,34.461605687299375,20.823179442362314,27.671803835229657,30.68015663602292
2026-02-19 00:29:40,28.814883908538587,20.428399761346544,22.36115662893589,20.05865496928598,18.109091520239325,19.32756867589348
2026-02-19 00:30:10,21.630252100840334,15.100840336134452,15.991596638655462,13.605042016806724,12.899159663865548,9.159663865546218
2026-02-19 00:30:40,18.151107973882574,14.562902832749302,11.69738069427988,11.520911588978244,12.88224468701944,11.43687868169175
2026-02-19 00:31:10,23.796610169491526,15.059322033898304,10.584745762711863,11.169491525423728,9.584745762711865,11.703389830508474
2026-02-19 00:31:40,23.8638000728795,14.652169860088302,10.3726176453141,8.923501944865809,10.991245985271561,12.347143716685167
2026-02-19 00:32:10,20.804555816377544,13.982695355202834,9.220104573612534,8.143860749302984,8.635373676940418,15.169105870189739
2026-02-19 00:32:40,27.389366281927423,12.347248351722854,10.101523702988088,8.74561448111049,7.8049524584329095,13.872646226335144
2026-02-19 00:33:10,25.84808786333117,14.066872263724441,10.966110098064755,9.008176264463922,7.856944782904633,13.377814004688954
2026-02-19 00:33:40,25.604611687198535,13.310700660493103,11.814927480210418,11.546024436564092,9.688912791381659,12.2350884859078
2026-02-19 00:34:10,26.562355570867958,13.15092896817727,12.629933699150442,11.756006151105433,12.680352596153039,14.604673831752137
2026-02-19 00:34:40,22.73873147121105,15.713757520755605,11.134079526738596,11.041645658969447,13.251655406540957,13.806258613155862
2026-02-19 00:35:10,23.470391005117605,13.218376316165411,7.588171527970353,11.57973462407879,16.428433374509456,14.025092226115746
2026-02-19 00:35:40,24.04282496890652,12.437392853541295,9.504521160375138,10.613802144609902,15.218998957948166,14.118121617533363
2026-02-19 00:36:10,34.537234668324906,12.949362195593354,10.840153946992489,8.831784339758997,15.00815112351053,13.335910320834946
2026-02-19 00:36:40,32.86527003974757,13.226779606894059,14.73937193805094,11.663767531365284,14.924244334081225,13.453668456567595
2026-02-19 00:37:10,44.39421186198551,12.81491067377019,19.57109964538411,11.176282751550396,11.840137140552258,13.159442698442044
2026-02-19 00:37:40,45.613445378151255,13.865546218487395,20.924369747899156,11.873949579831933,12.151260504201678,13.252100840336134
2026-02-19 00:38:10,45.80595284112872,15.991327876842407,19.91563167005597,16.0081343170703,16.54594040436295,14.840086721231577
2026-02-19 00:38:40,44.074519129769826,12.44506441014092,17.79787064191659,17.369310017394515,21.352402880599644,14.218128954732231
2026-02-19 00:39:10,42.083679969075895,13.142746699607565,16.44523995596676,20.167897748758413,26.789690842934093,16.756161712926783
2026-02-19 00:39:40,43.45232093038889,22.940405364525564,23.889953278881382,29.2091022150516,33.57030015797788,26.268024604214986
2026-02-19 00:40:10,41.1768166119043,23.20187564601383,23.378347717207706,28.538054941638162,31.91623459020663,23.17666535012899
2026-02-19 00:40:40,56.57095318526735,33.587953042411414,26.7224645171049,27.2686784144671,30.218233460223022,23.268712027630027
2026-02-19 00:41:10,60.662846002588196,35.83133056587285,28.562545167308116,29.444883279272617,27.713819935799393,23.55422597939531
2026-02-19 00:41:40,67.72098182398763,35.3436467988202,28.713561842978745,29.234557112005575,29.041284673495625,23.512012302210866
2026-02-19 00:42:10,80.39158018570649,38.746271165077104,28.402167976135463,28.545019116843832,22.738540397462295,27.519852107054326
2026-02-19 00:42:40,81.73812204836895,31.91542999277323,25.965950152098284,27.07517520713938,20.04167997176518,27.96591653921783
2026-02-19 00:43:10,66.98990781744997,31.276522440610737,23.654865843718227,22.797744594674082,20.209574548540793,26.15900439484719
2026-02-19 00:43:40,67.85523771420951,22.929585917183438,16.878375675135025,13.736080549443223,12.560845502433821,16.678335667133425
2026-02-19 00:44:10,54.16354088522131,20.813536717512708,20.4801200300075,20.271734600316744,18.029507376844208,15.853963490872717
2026-02-19 00:44:40,36.52701598786322,17.81338045779637,18.688628444726,18.74697831052131,17.496624043478977,17.87173032359168
2026-02-19 00:45:10,50.10544566422433,15.495928046879555,18.763493293989175,17.7965607208649,14.020522310301997,19.438678970050095
2026-02-19 00:45:40,46.793061718434856,15.496840123705793,17.52218636546995,24.094056743310475,11.866343955896195,17.244856797095604
2026-02-19 00:46:10,40.6642072622459,11.487491491525136,14.647181909091673,16.33627173337591,9.680753619778317,14.722812796746194
2026-02-19 00:46:40,43.377422228197844,14.302280633938924,12.20147560545201,15.428312129207914,10.714105645283272,17.70558478008773
2026-02-19 00:47:10,27.319557307204263,17.76485516685014,16.058958478642676,18.596794931049835,11.672366994680628,18.395112563971125
2026-02-19 00:47:40,22.73090142099646,16.714145259283537,12.47048344131562,12.823421651918892,13.529298073125437,21.394778195141225
2026-02-19 00:48:10,24.46197931109823,16.949437399685717,15.613314173830473,13.537701363854085,13.61333098041193,22.84854749119755
2026-02-19 00:48:40,23.126050420168067,13.352941176470587,18.6890756302521,15.352941176470585,13.663865546218487,14.563025210084032
2026-02-19 00:49:10,24.462184873949578,7.512605042016805,12.22689075630252,15.008403361344536,14.260504201680671,9.092436974789916
2026-02-19 00:49:40,17.8317829261939,9.512525104831052,15.125923311568812,14.815001554608786,13.781396794984916,8.747825648523962
2026-02-19 00:50:10,18.30252100840336,7.453781512605043,14.411764705882351,12.68067226890756,11.76470588235294,4.53781512605042
2026-02-19 00:50:40,18.99968067763567,15.016554343624477,14.193038772457605,12.218282045679905,15.11739298499185,7.588107762894743
2026-02-19 00:51:10,20.949403786522804,17.991445450038242,17.487248006319277,9.924286350534869,16.100705036092133,10.470500247897077
2026-02-19 00:51:40,25.478777489264804,18.176317846068525,19.310762094436182,12.260401173099385,17.848589507651198,13.34442567709515
2026-02-19 00:52:10,26.017025353154228,22.73968688812511,16.77325019537979,14.24381717493424,22.420356473583812,18.40351599593274
2026-02-19 00:52:40,25.008403361344538,18.252100840336137,18.15126050420168,16.184873949579835,16.235294117647058,18.369747899159663
2026-02-19 00:53:10,20.562852413004936,21.99141183687532,20.806547844135768,22.445189536222387,17.235149284459798,21.15108276401039
2026-02-19 00:53:40,20.462184873949578,22.218487394957982,19.764705882352942,27.48739495798319,16.680672268907564,20.016806722689076
2026-02-19 00:54:10,23.70568314551979,27.29388828665305,20.688901773934674,28.84849707145318,15.663733918202368,18.756144906345323
2026-02-19 00:54:40,23.17627582961488,29.966134738363547,19.20151931496374,27.04178956479357,21.10906631036714,18.688918580516134
2026-02-19 00:55:10,25.949361770069164,23.504004168032203,19.21832589642104,23.377954807102462,15.621717464559124,15.9074293493332
2026-02-19 00:55:40,24.03381541021353,22.697669728317045,16.605181556147528,17.84888948646627,13.142967587962923,16.924511970688826
2026-02-19 00:56:10,18.57111645182434,18.192971546696693,15.966118216500563,18.898842036268302,14.218248432799452,15.97452143661451
2026-02-19 00:56:40,19.999999999999996,13.815126050420165,19.57142857142857,18.73949579831933,11.210084033613445,19.378151260504204
2026-02-19 00:57:10,18.932773109243698,17.823529411764703,14.722689075630251,15.596638655462183,12.436974789915965,17.563025210084035
2026-02-19 00:57:40,23.15946924815758,18.428416567928004,15.932639221519148,15.739363534760214,16.42003008378081,14.638532449307151
2026-02-19 00:58:10,23.974588448836567,12.403257115486424,15.53768455727263,13.857026411542764,14.613322577121203,16.848597910941923
2026-02-19 00:58:40,23.78071325333602,11.03324258008134,11.991193573325267,13.621390877617559,11.663473496689186,13.612987798729453
2026-02-19 00:59:10,21.08367926589469,9.915799734458245,13.335910320834946,13.756071326532329,13.554394043797585,18.24339086738038
2026-02-19 00:59:40,23.605042016806717,8.747899159663865,14.57983193277311,18.983193277310924,16.058823529411764,21.579831932773107
2026-02-19 01:00:10,27.56372009378388,15.798717614729785,16.11805339630411,20.899686546719668,15.639049723942621,19.47948267603385
2026-02-19 01:00:40,27.42316387504517,18.884415944598988,13.04344172052409,21.296444149360855,21.09474144234244,17.758242497079515
2026-02-19 01:01:10,32.1631774899779,23.29666266062679,12.589610629732661,21.70825384285678,20.80899594073302,18.405372015430256
2026-02-19 01:01:40,22.4642614023145,28.649707115783812,8.70668717276387,13.925656993503601,15.640101185823902,14.438309423560161
2026-02-19 01:02:10,21.69126298450264,24.565502403603727,6.908259656435945,8.429421454264295,14.46364339261102,10.900258849631896
2026-02-19 01:02:40,24.470999512596848,27.294576379434947,9.65562446427671,8.168204507638785,8.916116237247685,12.260710264038051
2026-02-19 01:03:10,27.092436974789912,25.478991596638657,12.252100840336135,9.88235294117647,8.84873949579832,10.697478991596638
2026-02-19 01:03:40,38.74789915966386,22.361344537815125,14.9327731092437,9.647058823529411,8.478991596638656,11.327731092436975
2026-02-19 01:04:10,42.109597559643355,22.61363540870091,18.143009605122725,15.848872679602346,10.596727703594146,13.546332322120353
2026-02-19 01:04:40,49.57184514155581,19.983361204716,17.899310078235946,15.706014336254926,13.546332322120353,13.689190665467773
2026-02-19 01:05:10,48.85632174249173,17.974487823734055,14.831683501117626,13.604813364481272,13.848506747785752,11.377960034285138
2026-02-19 01:05:40,41.66421566567786,14.470709837897793,20.168236707871493,13.81524214489197,16.529550668493012,10.899251254212219
2026-02-19 01:06:10,42.344537815126046,15.092436974789916,19.016806722689076,11.420168067226891,14.22689075630252,11.352941176470587
2026-02-19 01:06:40,41.17716264138893,18.630565219583524,19.218810400174792,11.672465083446781,13.706112707776603,11.092623405435384
2026-02-19 01:07:10,46.15126050420168,23.201680672268907,20.201680672268907,11.815126050420167,13.80672268907563,12.235294117647056
2026-02-19 01:07:40,59.31982621702703,24.857351742451613,15.630383448600407,18.899318481667912,14.706005932822963,15.176598122673296
2026-02-19 01:08:10,57.19327731092437,30.7563025210084,19.43697478991597,23.773109243697476,20.18487394957983,16.277310924369743
2026-02-19 01:08:40,63.168067226890756,26.302521008403364,26.210084033613445,29.99159663865546,24.596638655462183,18.663865546218485
2026-02-19 01:09:10,58.747899159663866,25.72268907563025,26.235294117647058,29.731092436974794,24.739495798319325,18.050420168067227
2026-02-19 01:09:40,45.07563025210084,26.252100840336134,25.285714285714285,23.151260504201677,21.873949579831933,15.588235294117647
2026-02-19 01:10:10,37.915647767665824,19.226729187149687,23.369551516373814,19.100679826219945,17.117503214258704,15.352812161242346
2026-02-19 01:10:40,36.4961050092858,24.57163505575677,16.874091378919147,12.210186640223865,13.15977445188615,13.62196320977487
2026-02-19 01:11:10,32.66386554621849,21.613445378151262,20.41176470588235,10.3781512605042,13.016806722689076,13.151260504201678
2026-02-19 01:11:40,37.91596638655462,17.18487394957983,21.201680672268907,10.067226890756302,13.159663865546218,12.092436974789916
2026-02-19 01:12:10,44.596638655462186,24.521008403361343,24.462184873949578,15.268907563025211,19.16806722689076,19.689075630252102
2026-02-19 01:12:40,36.47028176233814,19.82336282888379,26.033394677355652,15.67213720893102,20.041848387828676,19.235132477878338
2026-02-19 01:13:10,41.1418199541188,17.86509583792005,20.461669033553775,19.982689512029108,19.360856448997083,19.35245329949665
2026-02-19 01:13:40,49.36974789915966,20.48739495798319,20.840336134453782,21.210084033613448,19.697478991596636,20.2436974789916
2026-02-19 01:14:10,52.10127816200135,13.395070546811317,13.588349481928416,13.966503920201006,14.025327943932297,11.68077042664224
2026-02-19 01:14:40,54.857603845410466,16.781653627341402,11.958083681375472,14.243817174934245,13.117757292078084,14.294237766703919
2026-02-19 01:15:10,57.77262375946422,19.57966739775296,16.100705036092133,11.781413601566374,13.899042865186006,14.058705389030346
2026-02-19 01:15:40,63.97371472748357,16.932488529604544,13.151039478328098,11.050234449841179,14.831683501117626,14.218248432799447
2026-02-19 01:16:10,64.38601356291124,24.54601221838472,16.848597910941926,15.49566810362938,18.588079091772336,19.117486407677248
2026-02-19 01:16:40,54.36974789915966,24.66386554621849,17.05042016806723,17.90756302521008,15.91596638655462,14.403361344537815
2026-02-19 01:17:10,42.05882352941176,23.66386554621849,19.26890756302521,18.689075630252102,20.008403361344538,14.915966386554622
2026-02-19 01:17:40,24.3781512605042,30.588235294117645,19.89075630252101,18.19327731092437,18.11764705882353,15.050420168067227
2026-02-19 01:18:10,13.277422499348734,23.495995764670287,16.613584988109142,16.23543054983655,14.907688299901679,10.36143160866898
2026-02-19 01:18:40,15.117774098942007,20.596811737913757,19.344700375633405,11.294212556408036,17.68922427919562,16.23543054983655
2026-02-19 01:19:10,18.729675906864188,24.099017721348805,12.116730667428513,13.553596786797636,14.124982144207578,18.418775050626422
2026-02-19 01:19:40,16.56975767149531,20.22485127550163,14.032198433771384,13.931368265385002,15.41021073505193,18.636776123416126
2026-02-19 01:20:10,22.560181489728183,21.602319035415704,11.141452758055708,9.763475192202662,15.21656933999916,20.703272696718898
2026-02-19 01:20:40,22.333506982371816,30.534222864536947,8.217520627825298,14.578116860201321,14.905809400574721,17.93066361940612
2026-02-19 01:21:10,22.166949565568128,29.54472883720149,15.368972992958337,9.654975379392639,14.595902727593565,18.620909870090586
2026-02-19 01:21:40,22.495609280594277,32.07536071125453,15.436845068528834,12.571322930059411,14.411643599633617,18.17631784606852
2026-02-19 01:22:10,15.13432660229746,29.40311425954404,19.688910177225402,13.36123225855245,18.083881648053378,16.92422752749977
2026-02-19 01:22:40,15.193021966017382,21.310566208971277,22.19290432093578,13.428345742088368,20.65511504008336,18.840019495470667
2026-02-19 01:23:10,19.126050420168063,23.974789915966387,24.42016806722689,15.588235294117647,24.159663865546218,26.48739495798319
2026-02-19 01:23:40,18.31061662829196,23.066839212786338,23.82312902304163,12.588023730693603,23.629854960420836,24.344128670106386
2026-02-19 01:24:10,22.991403433584594,24.621641834942565,23.722489726977088,11.235199704204165,19.226729187149687,24.907353719716642
2026-02-19 01:24:40,25.04180637137503,23.193082411072176,17.739346728178756,8.949504626011546,17.865396089108494,22.9241771077554
2026-02-19 01:25:10,24.06702464685171,18.789758069259925,12.159561684355594,10.184788363122998,14.613322577121203,13.277199351265956
2026-02-19 01:25:40,24.100435286801904,18.04171358464564,9.68050957126771,12.924152535251507,17.445084956555352,15.806457034335555
2026-02-19 01:26:10,20.075461550743274,22.235107268006153,8.554549961765028,15.714153662574265,18.167914555339873,14.840211426794733
2026-02-19 01:26:40,17.92421912420904,26.31910656212973,15.714153662574262,13.125940118150266,18.756144906345327,14.268787657246579
2026-02-19 01:27:10,13.394732861632578,27.176013848506752,14.94092536259895,11.705685618729097,20.747550461336782,14.041780810406548
2026-02-19 01:27:40,18.688918580516134,27.193048797909263,18.756144906345327,7.378089259754121,15.957849093705095,11.361249065133906
2026-02-19 01:28:10,23.94097528592197,28.285476592633678,15.546087848001278,7.689011016714148,15.730960244031564,11.747800438651778
2026-02-19 01:28:40,27.201680672268907,26.949579831932773,13.915966386554624,10.126050420168067,13.848739495798318,14.26890756302521
2026-02-19 01:29:10,29.050176048940767,28.882110234367786,15.125923311568812,10.470500247897077,12.655355837345905,14.588112704935252
2026-02-19 01:29:40,27.058368766911485,29.61294768155157,15.419908909093966,13.226668459353624,16.369472781970053,23.083645653014234
2026-02-19 01:30:10,26.798094133662744,26.932546785321136,21.756119696473142,15.067100276468265,19.033453500390753,25.87373215351132
2026-02-19 01:30:40,30.016806722689072,24.51260504201681,19.848739495798316,15.252100840336134,19.42016806722689,23.016806722689076
2026-02-19 01:31:10,34.03332745102983,32.949302947034056,18.941017302375613,15.596507592373177,15.453651649986137,26.655238191275703
2026-02-19 01:31:40,31.411500743691228,38.49547482794263,18.167914555339873,14.73937193805094,14.571306123477953,25.251888639591265
2026-02-19 01:32:10,39.30219073789296,41.46183645515584,19.42000487390862,17.159519667901954,13.512491491668138,28.453542407206662
2026-02-19 01:32:40,35.310924369747895,41.57142857142857,18.999999999999996,16.915966386554622,13.579831932773109,29.02521008403361
2026-02-19 01:33:10,29.672518256455938,29.193522634643987,19.7900822695989,16.311061437491073,18.117799309237892,24.30272523298515
2026-02-19 01:33:40,34.25181300997471,18.95782388383291,22.235107268006153,18.226737590440415,17.478844715590625,19.176309442777793
2026-02-19 01:34:10,28.86530365291048,20.83175771632171,21.50402097461366,18.285560625540963,19.462021327551874,18.16791455533987
2026-02-19 01:34:40,34.5372346683249,20.218147594158083,22.402984823784475,16.041747197526096,17.209794793364818,17.722391220315625
2026-02-19 01:35:10,39.43631199475639,19.73076082754912,22.873565150165543,18.898842036268302,16.470311423337424,23.688677501218468
2026-02-19 01:35:40,41.53816418625366,22.521197657123167,19.966554340792776,18.89931848166791,16.15139623022042,25.32794393230195
2026-02-19 01:36:10,46.957193996739555,13.512377943227843,15.949311776272667,13.890522848355491,9.546058049444547,19.201357960370416
2026-02-19 01:36:40,41.89880757304561,14.798194973151487,14.840211426794733,15.789783279132108,11.613347786993387,18.764548197073978
2026-02-19 01:37:10,44.705506676414494,18.781354778531277,13.436861875110296,14.067108679758993,10.68058251611331,12.411660406215077
2026-02-19 01:37:40,45.60427555839398,22.92398447084923,13.781280986874172,11.999798322717265,11.319137493487505,11.949379002033579
2026-02-19 01:38:10,45.27731092436974,23.38655462184874,13.445378151260504,12.46218487394958,13.554621848739496,12.781512605042018
2026-02-19 01:38:40,48.16725769314802,31.26838204399926,21.966017377859195,22.76432328868422,19.6047125258399,20.26016369472782
2026-02-19 01:39:10,47.32773109243698,31.478991596638657,24.176470588235293,23.6890756302521,23.2436974789916,23.731092436974787
2026-02-19 01:39:40,42.0668733876186,30.739237485399286,22.78972445609701,23.23509886471542,24.63844841639986,22.453592826951034
2026-02-19 01:40:10,36.294117647058826,31.092436974789916,21.117647058823525,22.487394957983195,24.176470588235293,24.067226890756302
2026-02-19 01:40:40,35.18457828085479,25.43676103562155,15.546087848001278,13.75618692279897,21.386374904412566,20.151091167301118
2026-02-19 01:41:10,37.99159663865546,23.495798319327726,12.521008403361344,11.420168067226891,17.915966386554622,19.22689075630252
2026-02-19 01:41:40,33.92436974789916,16.630252100840334,12.890756302521009,11.52941176470588,18.18487394957983,19.30252100840336
2026-02-19 01:42:10,31.991596638655462,15.949579831932773,16.218487394957982,11.890756302521007,19.19327731092437,18.210084033613448
2026-02-19 01:42:40,32.59609082200299,15.730828053310027,12.302314246819382,10.44520260163695,13.067007277188619,14.924118922371054
2026-02-19 01:43:10,38.71363506495689,13.260281339809415,11.680475958387253,11.008218349271441,14.25186131325524,13.310700660493103
2026-02-19 01:43:40,61.8387771736847,19.192793458988426,16.03320924682571,15.411376183793685,17.814676940917455,16.537398216851678
2026-02-19 01:44:10,72.78991596638656,21.579831932773107,14.352941176470585,14.848739495798318,17.210084033613445,14.98319327731092
2026-02-19 01:44:40,71.71368307829347,18.907404139461015,14.52088637910606,14.915841043352579,17.17632624935925,15.546087848001278
2026-02-19 01:45:10,64.98319327731093,27.865546218487395,23.352941176470587,24.81512605042017,22.45378151260504,17.092436974789916
2026-02-19 01:45:40,48.04161309568827,24.714078032957705,16.638515642725693,21.789732859387737,16.537676153981902,13.688960596969773
2026-02-19 01:46:10,53.43742384389785,27.99183186413331,21.48757552584475,24.159866889637726,19.31108664778695,17.621996823502716
2026-02-19 01:46:40,66.40336134453783,37.60504201680672,25.899159663865547,30.310924369747898,25.697478991596633,20.134453781512605
2026-02-19 01:47:10,63.452181877767785,27.99929413544196,17.999546229926974,20.217977698041224,18.68860448896246,18.503735199952942
2026-02-19 01:47:40,57.20119998991605,33.19299837816489,20.49562608717574,19.20151931496374,19.352778548079428,22.73930471172511
2026-02-19 01:48:10,41.20168067226891,33.2436974789916,16.6218487394958,18.159663865546214,17.57142857142857,19.88235294117647
2026-02-19 01:48:40,23.80672268907563,22.672268907563023,16.48739495798319,15.907563025210084,11.924369747899158,15.34453781512605
2026-02-19 01:49:10,20.84016100705036,27.680439660170926,19.470424618280518,16.30238401357972,14.941050915538526,14.680548902950397
2026-02-19 01:49:40,21.058646565995243,23.93257199519332,19.99142864345678,19.31916538516483,15.134326602297463,11.386458937319857
2026-02-19 01:50:10,18.747426535465493,16.54580136635211,21.360806030100086,19.007924169978907,14.428207692243053,14.831558868263823
2026-02-19 01:50:40,18.588079091772336,19.764539793783246,18.01665532222418,13.142746699607569,16.369610339408915,16.41162679305216
2026-02-19 01:51:10,16.69761930772527,16.12618593433558,24.126253161791272,13.62196320977487,14.638778477130057,16.7144261716485
2026-02-19 01:51:40,13.966386554621849,15.092436974789916,24.470588235294112,12.294117647058822,16.33613445378151,21.11764705882353
2026-02-19 01:52:10,14.033613445378151,17.504201680672267,22.68067226890756,14.17647058823529,18.87394957983193,20.35294117647059
2026-02-19 01:52:40,16.932630818228418,16.974647271871664,24.848530684616097,19.386391710994026,20.268737237502208,24.756094486600954
2026-02-19 01:53:10,21.67190467387103,17.48710105712509,17.587939698492463,19.739164047663067,24.50378985227139,33.1423001294096
2026-02-19 01:53:40,25.05882352941176,22.369747899159663,19.41176470588235,17.949579831932773,21.88235294117647,30.04201680672269
2026-02-19 01:54:10,26.428127258365407,25.419740844691685,19.487067444244634,15.260247726928961,19.243374060940155,27.848271457622566
2026-02-19 01:54:40,25.862653379431904,26.99816961561928,14.90576910039997,10.660294217341196,15.981967324249203,21.23584841705647
2026-02-19 01:55:10,23.9479348507703,34.938901411792614,13.32135654119282,11.431622120909106,11.796010372353946,14.592478348558547
2026-02-19 01:55:40,25.642329333604497,33.6333129957291,11.922920479967459,11.804284455291166,15.032879126838857,15.914175310148465
2026-02-19 01:56:10,28.6164614563296,30.268877797456128,15.092069248955589,11.87197586624749,15.7530357854062,14.829377420366244
2026-02-19 01:56:40,27.578904910759306,29.738496185002184,15.755772915196129,14.260024873113512,18.108635003865416,17.78091492722934
2026-02-19 01:57:10,24.19327731092437,20.773109243697476,15.899159663865547,13.159663865546218,18.277310924369747,16.73109243697479
2026-02-19 01:57:40,22.394957983193276,17.386554621848738,15.008403361344536,13.050420168067228,15.445378151260503,14.15126050420168
2026-02-19 01:58:10,15.058570444194213,17.32743987496008,13.335910320834943,13.10062015764441,12.562814070351758,14.024974370178652
2026-02-19 01:58:40,17.59649078579172,12.260401173099385,16.966243981143016,13.899042865186006,12.890647977748088,18.772951487802626
2026-02-19 01:59:10,20.537297379057666,14.453417140744348,16.932346243372013,15.360957286791088,11.159382536574707,20.612925724561563
2026-02-19 01:59:40,27.839868237508615,12.865329994453875,16.386279222197945,14.277070973597084,9.209929244886641,21.134098586578375
2026-02-19 02:00:10,32.738945563940106,14.974538243054738,16.966101410060336,15.64679585217055,13.277087780037311,26.058385573351707
2026-02-19 02:00:40,30.495798319327726,16.60504201680672,15.941176470588234,13.966386554621849,13.605042016806724,20.69747899159664
2026-02-19 02:01:10,24.025613875863456,19.832266088505687,16.882636682969462,11.949780668582664,14.403603421906249,20.8154758903511
2026-02-19 02:01:40,18.773109243697476,24.83193277310924,21.210084033613448,12.613445378151258,19.084033613445378,23.218487394957982
2026-02-19 02:02:10,18.92436974789916,23.050420168067227,20.04201680672269,11.420168067226891,17.445378151260503,18.260504201680668
2026-02-19 02:02:40,28.814883908538587,28.764464164166693,23.512407458760855,11.554524751892842,19.941008899084885,18.176317846068525
2026-02-19 02:03:10,35.81452412564495,22.579452446177374,22.150888220366046,16.764424127325594,21.4030016302247,13.520781163341795
2026-02-19 02:03:40,37.93245434912312,26.59641515617516,19.335971966622132,19.42000487390862,19.176309442777793,10.638566062470064
2026-02-19 02:04:10,43.5622930707047,30.117140888388434,18.302213408178012,19.949244550511754,19.478664224130686,10.730912085511168
2026-02-19 02:04:40,34.849032344809615,24.588441919679994,24.30272523298515,17.512752208001743,15.52954226506105,8.18494273061118
2026-02-19 02:05:10,36.52070150671003,21.411584776598517,25.27709851177721,11.932672834682062,13.209973025436764,9.815043571062429
2026-02-19 02:05:40,38.899159663865554,19.672268907563026,26.672268907563023,11.49579831932773,12.134453781512605,9.563025210084032
2026-02-19 02:06:10,30.688817741027385,16.058688582448887,27.562793589969832,10.848648330686297,11.680574112822582,9.722607373047286
2026-02-19 02:06:40,27.94957983193277,16.48739495798319,18.22689075630252,13.899159663865547,12.285714285714285,12.579831932773109
2026-02-19 02:07:10,25.672268907563023,19.857142857142858,20.344537815126053,15.983193277310923,14.76470588235294,15.369747899159664
2026-02-19 02:07:40,26.361123015772975,13.428458584381648,19.40319829245132,14.588112704935252,15.226762800312601,15.714153662574265
2026-02-19 02:08:10,32.65518777153134,13.730977050613022,15.520877975815328,14.235174494331982,17.31077890101764,16.361207048680264
2026-02-19 02:08:40,31.99973109469668,18.630095545415585,16.730951840740833,17.75615330963606,23.075436340871086,19.151099570591846
2026-02-19 02:09:10,34.705590709321775,18.67211199905883,14.159544877774136,15.613314173830473,20.529239250090335,16.848597910941926
2026-02-19 02:09:40,40.63865546218487,20.966386554621845,15.008403361344536,17.277310924369747,23.30252100840336,18.8655462184874
2026-02-19 02:10:10,41.46989126233173,23.764306482243995,21.932404497403407,20.386211996437037,20.8567923228181,21.47863061125023
2026-02-19 02:10:40,47.53781512605042,17.411764705882355,21.18487394957983,18.067226890756302,13.050420168067228,15.882352941176473
2026-02-19 02:11:10,53.14330372524139,23.15985848620576,34.823822048924775,24.050622274136753,17.958134101967243,24.554828191833543
2026-02-19 02:11:40,48.00606848721283,27.291520789570207,38.26147844353305,27.04144576706345,18.90567170151045,26.04948151112
2026-02-19 02:12:10,47.35903164493647,23.72536596752142,34.16252625962853,26.217946580412814,21.31614925472673,22.50825302610957
2026-02-19 02:12:40,44.94297719087634,25.42683740162731,37.10650927037481,25.668600773642787,24.268040549553152,25.05168734160331
2026-02-19 02:13:10,35.24743230625583,22.400626917433637,26.302187541683335,19.407763105242097,23.05088702147525,15.431172468987594
2026-02-19 02:13:40,54.73615208128483,16.10232878669457,20.094294430577623,13.522258360016473,20.917899973947172,10.841338274966594
2026-02-19 02:14:10,45.73224535072313,15.983596225114919,18.41222887971966,11.865845357445986,18.55508962410817,8.353151760128409
2026-02-19 02:14:40,46.03400028571668,17.243842385230128,15.865679543525573,10.20176640139833,17.15140463365238,7.680736812914393
2026-02-19 02:15:10,73.99159663865545,11.45378151260504,10.563025210084033,10.907563025210083,12.336134453781513,7.890756302521009
2026-02-19 02:15:40,68.6890756302521,12.52941176470588,10.033613445378151,11.504201680672269,12.714285714285714,13.73109243697479
2026-02-19 02:16:10,90.30327985949461,16.311061437491066,9.31100261346734,13.958100488239394,15.764838359986216,16.655602147917207
2026-02-19 02:16:40,97.89998235279288,14.647181909091673,7.857208884108269,13.823645576853586,16.252237413759776,17.916116942159178
2026-02-19 02:17:10,79.90756302521008,25.705882352941174,18.294117647058822,18.655462184873947,24.739495798319325,17.394957983193276
2026-02-19 02:17:40,67.08459734955755,28.74814074067849,23.630450676056096,22.126236354927347,25.38676795603324,18.857301321859843
2026-02-19 02:18:10,66.12605042016806,29.70588235294117,34.72268907563026,21.924369747899156,30.747899159663866,18.89075630252101
2026-02-19 02:18:40,54.47853379383367,29.680422853589466,35.21819144376938,25.461970907807498,33.714002403341155,18.361190242098804
2026-02-19 02:19:10,45.966386554621835,21.705882352941178,27.563025210084035,20.344537815126053,26.61344537815126,19.537815126050422
2026-02-19 02:19:40,37.050731518752244,19.24385919209405,23.605240380171256,16.82367078714947,24.47079387221741,12.857250901268078
2026-02-19 02:20:10,23.067033050142438,15.193149637398006,14.907437752623931,17.100696632801405,16.201544524835928,12.806615070461591
2026-02-19 02:20:40,22.823529411764707,17.57142857142857,13.554621848739496,12.252100840336135,10.781512605042016,13.69747899159664
2026-02-19 02:21:10,22.470588235294116,18.64705882352941,18.428571428571427,9.823529411764705,10.932773109243698,17.42016806722689
2026-02-19 02:21:40,21.55480298153766,24.17667375356095,20.83210783283893,10.327817880822526,12.89926806107614,23.117841326397702
2026-02-19 02:22:10,20.419996470617892,24.865337266073396,19.680506886496755,7.495735329955211,13.747783632070318,22.840144200468902
2026-02-19 02:22:40,25.067437541491945,25.722905234497766,24.479197304179028,6.798376456945015,18.47914688358726,21.781695644501212
2026-02-19 02:23:10,29.210329498567212,21.39513777426701,19.285876351902118,10.33622131278414,18.285867948470152,20.495970554374406
2026-02-19 02:23:40,30.57168547634853,14.462306405936182,16.857284514995925,9.82361196312574,15.93290699921848,14.739619660669415
2026-02-19 02:24:10,31.546218487394956,11.327731092436975,16.504201680672267,11.109243697478991,19.403361344537814,15.815126050420167
2026-02-19 02:24:40,28.21055816064136,12.08423670986067,16.580110590093952,16.428847543656197,19.891090606564816,19.647389031748435
2026-02-19 02:25:10,22.538004521046393,15.311053034059107,16.756443331456566,15.58836628879234,19.781678837637287,17.27745611307658
2026-02-19 02:25:40,18.63865546218487,16.61344537815126,17.974789915966387,16.84033613445378,20.899159663865543,18.8655462184874
2026-02-19 02:26:10,19.823695997445352,18.949739073437588,21.958167715695083,15.621980016638792,16.49593694064656,17.89931007823595
2026-02-19 02:26:40,23.118035597236926,11.62204406796753,18.159969075110503,12.882569454948822,13.369972604581589,13.975024790332613
2026-02-19 02:27:10,25.529411764705884,18.84873949579832,19.45378151260504,14.058823529411764,18.672268907563023,14.756302521008404
2026-02-19 02:27:40,29.747649179418662,21.11746960109579,19.47882790900917,12.941067722119982,18.33598036991286,13.34442567709515
2026-02-19 02:28:10,30.622106068118214,24.126253161791272,17.94973067000563,15.840469247640732,22.016991739426377,16.058958478642676
2026-02-19 02:28:40,29.697478991596633,28.26890756302521,15.873949579831933,17.546218487394956,26.647058823529413,19.26050420168067
2026-02-19 02:29:10,28.63913679221499,20.823879392930973,14.201919359989242,18.924687809879156,22.714667473402912,21.56338761996
2026-02-19 02:29:40,32.10978335770349,16.933057698448714,12.949797475587827,16.159935461100186,23.66426326492882,21.622212138019126
2026-02-19 02:30:10,30.500319639312263,11.364018707311327,12.45752161771138,13.340735506880655,25.32720971703509,19.270885905588642
2026-02-19 02:30:40,32.96573884809179,14.678544090308796,18.606842136253903,11.137187607775843,23.258552670317375,16.59642836113424
2026-02-19 02:31:10,35.75814673373598,20.457260140307195,22.181659124173546,12.903551420736528,27.4557965040965,15.57847277131946
2026-02-19 02:31:40,35.88522783670791,24.604850309979057,22.249514211929775,15.923754405740292,28.34815232295023,16.823829271780554
2026-02-19 02:32:10,30.891535080716327,26.941855677033878,18.62231820970277,15.781910468331137,29.017538257266995,17.899610914560874
2026-02-19 02:32:40,32.639752596725934,22.65622373861306,14.034085179333761,16.630811119701505,28.177417728327004,17.664459309556626
2026-02-19 02:33:10,37.00124373928536,23.462973545329255,10.647416719889744,23.294900668930048,27.513529866550137,16.244243503983327
2026-02-19 02:33:40,33.39608054052236,19.5972973881475,13.26094994789741,23.429358970049417,26.61433997781438,14.992100574809236
2026-02-19 02:34:10,36.91658683339216,21.092791475486987,18.899477302139534,24.65587656935411,20.907914418729725,14.933024084438392
2026-02-19 02:34:40,37.26081731779258,58.01729426297698,25.504416003495827,28.96662997168043,19.294279783863725,15.588366288792338
2026-02-19 02:35:10,29.597882263960667,51.262658094877935,29.135677969662588,20.77398210008824,15.832598008319676,17.412496323374928
2026-02-19 02:35:40,26.437419116287668,52.21096152876519,27.269365871695317,21.949948738634266,18.336442629287887,18.504512680885394
2026-02-19 02:36:10,27.791083658977268,50.716416656162025,24.97583932097987,24.269927307870077,20.068070086978445,31.589562586663305
2026-02-19 02:36:40,31.210870862290648,10.832205853929091,18.807196820087903,20.605561484743316,22.109801087422372,28.269620242527125
2026-02-19 02:37:10,35.605640430931615,11.890956150523536,15.042269617976775,18.765021260861527,24.252508445520093,26.42901561370779
2026-02-19 02:37:40,40.52237049984873,10.899526034488554,13.353390029916973,14.496285589431576,21.672997411677702,26.479881676695012
2026-02-19 02:38:10,39.26149398724338,10.933048732320984,10.80699513433112,11.05910233031085,23.31991562812508,12.042320394631796
2026-02-19 02:38:40,33.91710645735991,15.756832162425628,15.664392080406063,16.672829338801304,24.034421325086555,16.891324078120274
2026-02-19 02:39:10,40.13546559997312,20.706404363135206,18.160121683739927,23.538408531307514,23.303108481726433,30.479759993949422
2026-02-19 02:39:40,41.40440515307109,24.21909796045279,23.025790566148725,36.16057547669269,27.26959503180753,40.40437994235149
2026-02-19 02:40:10,45.884666453770784,24.194497201539576,25.29539304502748,37.13632620132108,24.270131267122714,40.21211153503538
2026-02-19 02:40:40,43.17683341876822,22.31111185808284,17.38670072857755,30.546475180463702,25.613660618996796,39.61377826704426
2026-02-19 02:41:10,41.933477873577715,16.521286072034826,14.882603068959144,25.2357182473655,23.008790063698548,26.210524546631035
2026-02-19 02:41:40,51.85801442041043,12.437183818215432,12.269113766617926,26.31136657758954,22.756684986302293,19.86588009882519
2026-02-19 02:42:10,47.220074624357125,12.571851154660663,12.706309455780026,26.715183703653906,24.605869104843862,20.10991966116508
2026-02-19 02:42:40,55.32072237115222,18.70635394169601,22.202240392614943,31.631049522256866,24.706505206013595,23.588829970503458
2026-02-19 02:43:10,59.34603393362858,27.17715572661496,30.891535080716327,41.47163373866569,36.0261183055035,30.95876366631092
2026-02-19 02:43:40,49.00082354325283,29.857644666296913,30.000504210154794,30.8156439604027,33.504764785962784,26.714734701423552
2026-02-19 02:44:10,53.731092436974784,32.86554621848739,30.08403361344538,30.20168067226891,34.789915966386545,29.52941176470588
2026-02-19 02:44:40,55.77357792922628,26.58845872654392,23.311120261514798,26.479214111042953,34.35322985907444,24.168270321599337
2026-02-19 02:45:10,56.02756418336905,19.311735787217945,14.328333123240473,17.31165175007353,25.908651624017814,16.64775830917265
2026-02-19 02:45:40,67.80957183074918,17.08475146014538,21.084919534434217,24.597672171099624,34.89222236228412,23.337115004832132
2026-02-19 02:46:10,81.14558472553699,13.723150357995225,21.983932233016233,24.782345625063027,32.92547648660459,20.10151601734512
2026-02-19 02:46:40,86.55753134559144,18.530034623012533,24.74032740596322,30.35396147769673,30.87498739453427,22.731856532992705
2026-02-19 02:47:10,77.3716984461793,27.488087934989945,34.269771506844705,39.81612981839877,36.98412565022647,30.748674336327802
2026-02-19 02:47:40,89.8846189399733,27.462877215391984,26.202341235493332,36.673193441851474,24.530030168827786,20.90809011991899
2026-02-19 02:48:10,90.8258191382976,27.85784515576023,24.437590863635215,36.4378933922704,22.7064547845744,21.10137230350345
2026-02-19 02:48:40,78.07825473125146,23.11842414871088,22.194023328515243,29.698477259739825,21.10995327574036,19.605701031967463
2026-02-19 02:49:10,77.51455919056784,22.059379648226425,18.655932502500065,23.53840853130751,11.479280990277067,16.294528433489923
2026-02-19 02:49:40,67.58267154082104,26.219589058363795,25.093491323164834,19.715114080423547,13.286272532459348,16.94188831463507
2026-02-19 02:50:10,49.0813516055354,26.37545344619105,25.30901518205025,19.204285906220612,13.720945855165928,17.38210399032648
2026-02-19 02:50:40,53.73247124023847,33.78957091275506,22.176505164161554,19.724578050214124,14.619195566378368,16.63447812578722
2026-02-19 02:51:10,48.618283497493515,25.123644943782487,17.188536497300383,14.1908288619627,19.51448892023747,11.688540695770461
2026-02-19 02:51:40,31.28673630470561,22.218117085950357,12.066301682732677,14.308265878480503,19.30440331844288,14.417425183891444
2026-02-19 02:52:10,32.43724737182665,26.622072454390374,13.18498474777099,14.411885814166503,23.453978604862225,18.000151261775304
2026-02-19 02:52:40,22.639035950184034,19.647389031748435,16.126321450780686,13.983428292912487,22.798702499201667,17.991899023512996
2026-02-19 02:53:10,23.126244758359313,19.73125824586761,39.8322674980462,32.14312725317019,40.773451877746865,17.504348776040132
2026-02-19 02:53:40,18.17631784606852,22.302333593835346,39.50386971538055,31.411500743691235,39.940840833270315,16.504062991067304
2026-02-19 02:54:10,16.48739495798319,22.495798319327733,40.134453781512605,41.85714285714286,39.52100840336135,16.403361344537814
2026-02-19 02:54:40,22.3781512605042,23.705882352941178,43.72268907563025,44.70588235294118,43.03361344537815,20.07563025210084
2026-02-19 02:55:10,25.874167009806804,26.823754821469088,19.277472919940504,28.48763434986849,20.73126664929957,19.638820494289863
2026-02-19 02:55:40,28.832175060294624,23.823729611173203,19.23545576013243,28.73133387675526,17.537962503886586,21.092614223648937
2026-02-19 02:56:10,28.252338254943314,20.00857150060084,18.47074345162564,18.32788510827822,13.958100488239394,17.689224279195624
2026-02-19 02:56:40,21.949395383232073,20.806547844135764,16.04188200099159,16.983050562600315,11.84023663666692,12.167964975084244
2026-02-19 02:57:10,18.51291618346527,17.630548412578364,19.51293299047043,17.067513739726717,15.907830383703928,15.949847896603305
2026-02-19 02:57:40,15.21033966957428,17.243987293904098,19.033933343417537,16.832215667490207,18.89947730213953,14.588480478663508
2026-02-19 02:58:10,14.688952193679045,16.428433374509456,18.663708708330184,19.35277854807943,18.84017781363182,14.512483088377412
2026-02-19 02:58:40,14.773357535420761,14.479234945125127,20.462528781996337,17.722986940956993,20.2356342123397,19.29444192339367
2026-02-19 02:59:10,15.748163834686299,14.714533017361633,19.966722129783694,14.487638447705006,16.697759626212203,13.092657019445705
2026-02-19 02:59:40,21.840519668232506,14.50432356574425,17.62199682350272,14.311044630627148,16.974932562458505,13.151371019924534
2026-02-19 03:00:10,19.529904115229797,16.19368555509803,22.7064547845744,16.958410716236543,19.252586199652093,12.638974091783828
2026-02-19 03:00:40,22.580021680854458,19.33629694367179,20.378322506911818,18.32788510827822,17.277456113076582,11.126143917175774
2026-02-19 03:01:10,24.24410494294022,18.91628430729928,20.647405838753595,21.025563454847983,19.748231062706935,13.99183179549236
2026-02-19 03:01:40,23.98319327731092,19.361344537815125,19.983193277310924,18.352941176470587,17.04201680672269,14.033613445378151
2026-02-19 03:02:10,27.428801922705233,17.832082622543044,14.865671140093614,12.73119942184388,14.033731375893913,14.29423776670392
2026-02-19 03:02:40,26.89915966386555,16.42016806722689,15.436974789915967,14.142857142857142,14.394957983193276,14.445378151260504
2026-02-19 03:03:10,26.49602097496617,24.613652215564834,15.69761090429331,15.15138782678846,13.924486760392943,17.916116942159178
2026-02-19 03:03:40,27,29.94957983193277,16.35294117647059,17.899159663865547,13.621848739495798,17.453781512605044
2026-02-19 03:04:10,30.798060520499824,30.529155217183053,14.25198107578928,20.436803052075195,15.478861522172085,15.974655675162397
2026-02-19 03:04:40,28.941419675795586,29.36999470583786,12.781620013613557,18.04216842158337,14.88247800401684,14.571551021437154
2026-02-19 03:05:10,30.100840336134453,21.61344537815126,9.899159663865545,15.42016806722689,12.285714285714286,11.983193277310923
2026-02-19 03:05:40,27.79061657016564,19.51309696883115,11.89105607704396,14.874324562804103,14.294478012050726,14.82390312360816
2026-02-19 03:06:10,25.781729258229056,21.235472566996357,13.537928890158737,12.11774888864612,13.134564156001307,16.51274380456978
2026-02-19 03:06:40,32.26077530063278,23.52960949251674,16.882494810880765,19.319490079748565,12.05892486491483,18.35309540416306
2026-02-19 03:07:10,26.764930797737797,27.260733283472966,19.924537180984714,21.42034807015185,13.781628417045521,18.798477298128553
2026-02-19 03:07:40,28.78223820768591,23.773708580888595,20.529929325949396,24.92499810919603,17.20211433901695,16.244106994293972
2026-02-19 03:08:10,29.689325120379163,24.20188404944579,23.243892805821893,27.764939201169753,16.874091378919147,18.697636114589198
2026-02-19 03:08:40,30.27731092436975,17.848739495798316,19.966386554621845,20.403361344537814,19.403361344537814,13.680672268907562
2026-02-19 03:09:10,31.521538177112223,16.143128455940435,16.134724953360564,19.067547353737034,14.958234592178021,12.487604833694684
2026-02-19 03:09:40,33.12605042016807,15.394957983193278,17.621848739495796,15.554621848739497,11.747899159663866,14.638655462184872
2026-02-19 03:10:10,33.132327745489974,12.093929519266302,11.825175529949274,10.708166761850372,13.748446265999261,14.907447844928948
2026-02-19 03:10:40,28.312028622780645,18.745905632170395,15.252045084238993,13.311944635748244,15.629986730048884,14.773318999546472
2026-02-19 03:11:10,36.407766990291265,17.099472570295966,19.753418214801627,12.908590049383548,17.065878321631338,15.890079618369338
2026-02-19 03:11:40,45.604192562233344,21.45832633453153,20.904021231565157,12.984177108878962,18.485235327711898,15.436557261396851
2026-02-19 03:12:10,47.11804300876477,23.45397860486223,24.09263943394482,15.4959285372146,18.27746451650854,19.546382742712122
2026-02-19 03:12:40,52.5126050420168,19.445378151260506,19.831932773109244,12.65546218487395,11.100840336134453,22.084033613445378
2026-02-19 03:13:10,45.94040436295189,18.755987294331188,13.251878119695467,8.966235861582158,10.714105645283272,18.192971546696697
2026-02-19 03:13:40,39.520344195895866,16.251827700374786,12.848523554225979,8.730945698391626,12.243491706021748,16.23502126014689
2026-02-19 03:14:10,46.65507012546114,14.646935740035799,12.764598616818349,8.89908488163965,10.663775934656012,6.621793094175681
2026-02-19 03:14:40,47.21888419230413,15.26063244228943,15.916100135295256,17.159808065613998,16.89930167480399,8.974865335002814
2026-02-19 03:15:10,53.369747899159655,14.73109243697479,18,21.57983193277311,21.084033613445378,14.109243697478993
2026-02-19 03:15:40,61.28416930665613,12.688755745653472,15.352554137290655,21.97423594363167,18.428106854449048,13.982840768720115
2026-02-19 03:16:10,60.6890756302521,12.000000000000002,15.714285714285717,21.319327731092432,18.33613445378151,16.504201680672267
2026-02-19 03:16:40,66.68011193183251,11.016714145259284,14.848614717523384,14.386433727447667,14.445256762548212,13.815009957899516
2026-02-19 03:17:10,80.3186527844304,12.512499894958868,15.420038487071539,11.235199704204165,16.100705036092133,12.151158393626945
2026-02-19 03:17:40,72.89854707103302,16.125914908278084,14.73937193805094,20.08386484147192,14.579709414206604,12.655355837345905
2026-02-19 03:18:10,76.68002789892522,19.697313467954054,23.058629759413783,26.041797968084307,14.167948168502786,15.823396442046707
2026-02-19 03:18:40,73.20168067226889,26.100840336134457,22.949579831932773,28.025210084033613,15.84033613445378,17.747899159663866
2026-02-19 03:19:10,58.594669086753385,24.847904272125305,22.352189842358243,29.864542368323754,12.730664515478471,14.6045511075258
2026-02-19 03:19:40,61.24318283039638,22.64686851370997,24.419962857454983,18.72253174343073,16.90742094604247,11.520911588978246
2026-02-19 03:20:10,60.70486210315794,21.428211290566544,16.176198719349255,13.067007277188619,18.06692324498748,8.06709130938976
2026-02-19 03:20:40,48.80631255199536,17.646910530163613,15.932639221519148,12.109141939983699,18.420013277199352,6.260451592843759
2026-02-19 03:21:10,57.25161973428795,21.243518962025533,23.377954807102462,13.285602641994606,22.41997966403644,12.773001907546996
2026-02-19 03:21:40,58.02521008403361,18.15126050420168,22.512605042016805,16.285714285714285,20.41176470588235,15.34453781512605
2026-02-19 03:22:10,41.512256199527734,18.109091520239325,23.344341644187868,17.46203813413333,21.12587289182444,14.772985100965542
2026-02-19 03:22:40,42.19256819213122,21.352582309541013,22.982807011646862,18.924051696610142,24.192870708055327,19.89882522982807
2026-02-19 03:23:10,26.79764375688008,17.940724183423946,15.571036024301907,19.579338336008334,16.520591917850812,15.697083266808399
2026-02-19 03:23:40,20.546218487394956,26.89075630252101,19.63865546218487,24.075630252100837,19.35294117647059,19.18487394957983
2026-02-19 03:24:10,21.134808988386357,22.798702499201667,15.403620228911407,23.067614581757677,18.563337198944517,20.571774315534714
2026-02-19 03:24:40,21.134276182553087,20.991420240166054,14.873824589709333,19.394795001722677,13.941059318829256,13.176359862522164
2026-02-19 03:25:10,24.19388724085481,21.319865206685883,11.916266796641937,16.79874282544938,13.82387791288856,12.874274141364909
2026-02-19 03:25:40,20.747899159663863,15.285714285714283,11.285714285714285,13.344537815126051,9.285714285714286,10.781512605042016
2026-02-19 03:26:10,24.622055647526444,18.319481676316602,14.991722619517809,17.638803687425945,9.672350187816704,14.865671140093614
2026-02-19 03:26:40,24.00799986554848,18.949261356951986,14.386312835078401,17.587939698492463,13.125829817986254,21.14250180669232
2026-02-19 03:27:10,23.730693601788204,17.35264953530193,15.999731096956355,19.49547066435858,15.15940908556159,19.781180148232803
2026-02-19 03:27:40,25.764489374038874,21.915782220317478,16.00826883807699,20.89058075142226,20.008235224914074,22.2939303031067
2026-02-19 03:28:10,21.814576103123446,22.9826138836836,15.108862801778105,17.007974588875907,18.98271472147761,18.209624967437797
2026-02-19 03:28:40,24.4699713452602,22.562456408661966,15.33574783828979,21.016276900582334,18.461719452450776,18.16760921993563
2026-02-19 03:29:10,26.5126050420168,23.672268907563026,19.04201680672269,21.41176470588235,22.134453781512605,22.39495798319328
2026-02-19 03:29:40,25.29390509323451,18.36959353282746,15.64692733674507,18.4620297308426,18.377996823556106,16.378013630137563
2026-02-19 03:30:10,25.915748607154566,16.924227527499767,16.10070503609213,15.899026058604548,18.36959353282746,16.352803757951616
2026-02-19 03:30:40,23.57923749821433,13.251766762182465,18.562557246455974,11.730796702604136,17.73904859541356,12.797996689159094
2026-02-19 03:31:10,15.252100840336135,14.80672268907563,13.45378151260504,9.058823529411764,15.117647058823527,10.117647058823529
2026-02-19 03:31:40,18.386245609317488,14.554377237357356,14.915715702257105,6.378044066486277,14.86529638157342,13.78128098687417
2026-02-19 03:32:10,13.899042865186006,15.100713439382861,15.293989126141797,9.941092931992168,15.243569381769904,14.27719094797523
2026-02-19 03:32:40,12.201783208262253,17.77325859881175,15.546349128984275,12.848847469306463,15.865679543525573,18.0589752855066
2026-02-19 03:33:10,22.9073705262981,18.798161359988573,21.28553541566878,13.041907210863773,15.251972672498551,17.87379937983715
2026-02-19 03:33:40,22.764323288684224,26.453336918707247,19.6047125258399,16.80644022789533,16.083763298095832,17.6299557990622
2026-02-19 03:34:10,31.974252533570862,26.797868943379104,18.377842389203543,13.99136148972286,13.848506747785752,14.882102821801316
2026-02-19 03:34:40,35.20020167219865,26.90643250283602,15.6211923868745,13.201126003109115,12.806184614091848,11.041552875929584
2026-02-19 03:35:10,29.04177275821212,24.067024646851706,10.243611398223544,13.378038840009749,13.050310501592424,11.184779959832271
2026-02-19 03:35:40,22.352941176470587,13.563025210084035,12.88235294117647,12.134453781512603,12.000000000000002,13.025210084033612
2026-02-19 03:36:10,21.95779867396072,16.831791329484627,16.041882000991585,16.80658145729868,16.277174141393772,14.51248308837741
2026-02-19 03:36:40,22.462184873949575,17.176470588235297,15.91596638655462,17.529411764705884,17.285714285714285,15.092436974789916
2026-02-19 03:37:10,29.217750813004713,22.453215465156337,23.848138282228177,24.310311504751983,22.343974521650715,19.260018654991892
2026-02-19 03:37:40,29.70563272577541,25.520793942908043,23.02501659649919,24.57122209057067,22.327543466021297,24.95777346408854
2026-02-19 03:38:10,28.495798319327726,21.058823529411764,18.76470588235294,21.361344537815125,19.689075630252102,25.613445378151262
2026-02-19 03:38:40,33.529411764705884,21.857142857142854,21.571428571428573,18.285714285714285,16.596638655462186,24.899159663865547
2026-02-19 03:39:10,29.88235294117647,25.26050420168067,18.344537815126053,14.025210084033615,13.722689075630251,23.058823529411764
2026-02-19 03:39:40,34.07563025210084,25.201680672268907,16.873949579831933,14.411764705882351,14.361344537815127,15.134453781512603
2026-02-19 03:40:10,33.65546218487395,24.798319327731093,18.798319327731093,13.857142857142854,13.80672268907563,18.025210084033613
2026-02-19 03:40:40,29.335641417791297,21.176114687148115,15.924102115930824,14.848489941345525,13.680442345506796,18.18456832658275
2026-02-19 03:41:10,34.03304146148805,12.546007630123865,10.772928186080907,9.64689669081192,11.63005663770357,15.730828053310027
2026-02-19 03:41:40,41.327383803497455,15.226762800312601,14.378030436719019,14.268787657246579,11.495701716792297,16.949437399685717
2026-02-19 03:42:10,41.27661719971093,29.60454446143762,28.74741600981496,29.09194803448682,27.663400615115712,26.92391724508832
2026-02-19 03:42:40,43.159663865546214,34.88235294117648,35.89915966386555,37,36.01680672268907,31.28571428571429
2026-02-19 03:43:10,45.42780793600108,41.91526192837095,41.21779465891329,46.51182333070032,38.27666761903162,34.133880102855414
2026-02-19 03:43:40,38.87394957983194,39.01680672268907,37.26890756302521,42.042016806722685,41.32773109243697,34.529411764705884
2026-02-19 03:44:10,42.09208325980455,27.184645507180615,23.554423912404097,31.20982176620365,31.00814278871607,23.579633784590044
2026-02-19 03:44:40,43.469857649451264,23.940774104636898,16.974504630174287,25.251676442412734,27.95751331910388,19.050099998319357
2026-02-19 03:45:10,43.25173738035816,16.63011235199704,14.840211426794733,23.293921899815974,32.26863639801346,13.638540852597878
2026-02-19 03:45:40,48.084437684350284,16.7144261716485,17.865696350389495,23.815326179211592,33.70616559803023,11.210178236791904
2026-02-19 03:46:10,57.746928623048355,17.083746491655603,21.108888926236535,29.915463605653684,36.02460462849365,12.537604410009918
2026-02-19 03:46:40,63.23423135745618,18.403052049545387,20.167728273474395,28.428093645484946,33.07507436849801,12.361136787617017
2026-02-19 03:47:10,61.24646655000674,22.757100551891234,24.220958406245792,34.728765648135685,38.699690402476776,18.744110916677883
2026-02-19 03:47:40,58.20145882234169,24.153857802680395,23.58177060986177,40.69390811270117,44.370409631256145,22.27774833211344
2026-02-19 03:48:10,41.52679976106947,28.049098542018964,36.790254326409396,44.9004315893087,43.24306133952533,30.085055904697004
2026-02-19 03:48:40,39.82769934882469,25.643182850700814,39.1883024011038,50.74792616647876,48.013662903198664,32.853224748027124
2026-02-19 03:49:10,30.18538126691205,27.235751861375824,35.067816265819594,44.6225986991378,40.227566849863024,28.521487756096743
2026-02-19 03:49:40,28.10107647963428,39.1936066689636,32.38682678005698,41.86589803275657,33.285993999949575,24.680879671257735
2026-02-19 03:50:10,31.39574947267578,31.656260241854838,14.82390312360816,31.883156718236595,33.429414186912275,14.672638806020322
2026-02-19 03:50:40,33.78208037109868,30.294626800450423,13.000218491067079,26.891208255600933,32.353484932519876,9.764869997815088
2026-02-19 03:51:10,43.042740214121245,25.73152489957814,14.764954032840889,24.479403015176725,30.874468478461825,11.5296055395889
2026-02-19 03:51:40,49.1693067892468,11.63894888106423,14.412128036841269,23.47117994571292,31.152045849895377,11.201963074699364
2026-02-19 03:52:10,64.33667509811006,12.966495516769047,12.86565433322969,25.050630677568712,28.731333876755265,7.2941789426801895
2026-02-19 03:52:40,50.49664700247063,16.67254911847258,12.924586967848198,27.71475150842871,27.975260088404845,10.143027613909476
2026-02-19 03:53:10,43.135178742499875,17.00868922166759,13.201902552984086,28.328207196759603,29.109732936688008,11.748096606665658
2026-02-19 03:53:40,30.362365121516692,18.479612760092778,13.916434165854316,29.56401895862046,27.723620962049146,15.950115970284715
2026-02-19 03:54:10,11.882652503844636,18.605511063304114,17.437414388598032,28.513323865307534,26.210744808692652,19.40385051723993
2026-02-19 03:54:40,12.546534786591259,16.24410699429398,17.176903619418976,26.639327041858195,23.10982629814197,19.21056833365547
2026-02-19 03:55:10,10.546484365152063,13.983545803675723,15.017185307192618,28.02591661974672,24.546837315226437,17.017235728631817
2026-02-19 03:55:40,13.445604127800467,16.10111094304106,14.773357535420761,26.689524193683923,27.412225415553205,13.815358241314982
2026-02-19 03:56:10,12.664078387872065,15.54647977276929,15.159918654095025,25.386981293803256,31.613976705490852,13.6724986974571
2026-02-19 03:56:40,17.723284816296342,14.319809069212408,15.118155232108643,26.168946855356484,35.0852129483344,13.126491646778044
2026-02-19 03:57:10,21.236007933039765,15.613970217486301,12.77353860633971,26.505092608154897,35.58943157753202,13.05926249621836
2026-02-19 03:57:40,20.45412527941646,13.43720062522059,12.428780315635555,26.18531403889141,34.983781240020846,12.487604833694682
2026-02-19 03:58:10,22.50476902779062,20.38706858156088,13.622192156104775,27.37043791019942,33.00083195374674,14.546585208030457
2026-02-19 03:58:40,20.059329226787227,21.109775876702773,14.756674538013566,24.227501533652113,28.269620242527125,16.210492701496676
2026-02-19 03:59:10,18.916761208454133,21.35383839657128,17.773856044371612,19.731921509307114,26.05991848396992,18.832724064036302
2026-02-19 03:59:40,22.294304994159614,25.336347364263563,23.17666535012899,22.470777065353488,24.87415860637484,22.731283456163492
2026-02-19 04:00:10,25.269332257685,19.52973999563018,21.35330005546312,19.252424410494292,21.529773609640497,20.966738936788857
2026-02-19 04:00:40,22.135011807020348,20.294629276368312,22.277872551408866,21.513147390270344,22.43754044219602,22.067783221425756
2026-02-19 04:01:10,26.639327041858202,25.73174113633117,27.000680689429146,24.471205156432514,21.193811608696016,23.034194139348056
2026-02-19 04:01:40,25.664512550736575,22.02576535542913,23.420758506516968,18.92484684487844,18.202139549736547,19.731589872013586
2026-02-19 04:02:10,23.37854417721306,21.134808988386357,22.336509857308524,17.874249987394748,16.764987646851203,18.790231768601153
2026-02-19 04:02:40,26.47965915107104,21.151793742699397,24.857769523601437,17.109675033824384,14.933149575199375,20.16857567837845
2026-02-19 04:03:10,27.151945007016987,20.47110431355412,24.471205156432514,15.126431758783838,16.571846349067624,16.630671361462895
2026-02-19 04:03:40,30.941696499100825,22.966772550799174,22.75668498630229,14.891006571539018,14.33637540126725,16.580110590093952
2026-02-19 04:04:10,29.10181854852264,24.916803926182393,21.933510370096474,14.479478301791657,17.740092103936266,16.546774681501898
2026-02-19 04:04:40,33.927761825600726,21.930045505684014,15.93538528705523,10.939835104864574,16.783369435628767,16.178865884170403
2026-02-19 04:05:10,28.520573937719867,16.33825048066025,14.38202624530884,12.509760131646336,15.129253528340064,15.591023197629022
2026-02-19 04:05:40,29.108036403935927,12.837089028444773,17.68143197770091,12.719548644927292,14.793296839842828,18.38667427880579
2026-02-19 04:06:10,34.1370856701481,20.61154582395809,31.11461866541291,13.072169795479732,15.137522248715452,25.29636968129764
2026-02-19 04:06:40,30.436719019167906,22.268720430920748,33.940891253014684,15.142729893026113,16.26877085066512,22.058638162704515
2026-02-19 04:07:10,29.21873293052883,27.71451860940008,33.630534710375706,17.924520374120785,16.680812443802047,19.991764636677615
2026-02-19 04:07:40,29.319820501184896,28.235768668380985,30.874468478461818,17.67256592547774,21.739861174137378,20.445721776836585
2026-02-19 04:08:10,29.63025210084033,18.521008403361346,18.621848739495796,17.84033613445378,18.77310924369748,13.48739495798319
2026-02-19 04:08:40,29.352694515172146,18.35278695137016,20.604868866648182,17.378005226846835,21.36956832295527,20.48722279644709
2026-02-19 04:09:10,32.899436129715376,12.815233741460014,17.353087000731097,11.848839065874502,15.4959285372146,26.75652736577618
2026-02-19 04:09:40,36.21848739495798,13.058823529411764,19.22689075630252,11.865546218487395,12.630252100840336,24.941176470588232
2026-02-19 04:10:10,45.72268907563025,13.168067226890756,19.210084033613445,11.99159663865546,11.983193277310923,28.554621848739494
2026-02-19 04:10:40,47.33573667448173,15.176343055940707,19.697313467954054,14.193158040688736,10.579743027369519,22.974596852127295
2026-02-19 04:11:10,46.50420168067227,18.310924369747898,16.57983193277311,14.285714285714285,13.890756302521009,19.10084033613445
2026-02-19 04:11:40,39.74823317843006,20.9413524483399,14.470709837897793,18.04216842158337,16.008537886872997,19.386717535441473
2026-02-19 04:12:10,30.68933352381112,22.907755527357367,12.100942024722896,21.059000495802483,20.84051126480054,18.04216842158337
2026-02-19 04:12:40,26.80627216349305,21.008050284869164,11.91576612157779,18.865229155812507,22.377775163442635,16.957698189946388
2026-02-19 04:13:10,36.57983193277311,17.655462184873947,14.30252100840336,19.058823529411764,23.28571428571428,19.764705882352942
2026-02-19 04:13:40,39.15126050420168,14.327731092436972,12.033613445378151,19.10084033613445,21.26890756302521,27.80672268907563
2026-02-19 04:14:10,43.68944276842662,11.983293977260312,15.4959285372146,20.504373986336017,19.706047949982768,25.117858133261624
2026-02-19 04:14:40,51.058823529411754,16.714285714285715,17.176470588235297,29.168067226890752,22.915966386554622,28.915966386554626
2026-02-19 04:15:10,41.747899159663866,23.025210084033613,24.756302521008404,37.361344537815114,28.126050420168063,31.77310924369748
2026-02-19 04:15:40,45.84033613445378,25.857142857142858,29.100840336134453,32.22689075630252,32.983193277310924,23.966386554621845
2026-02-19 04:16:10,46.03322661154108,27.646826497256328,31.890488315224246,31.75603566356585,38.65513735178696,23.840135797178178
2026-02-19 04:16:40,50.3781512605042,22.235294117647058,29.974789915966387,26.23529411764706,37.252100840336134,19.20168067226891
2026-02-19 04:17:10,53.90756302521007,15.966386554621847,23.252100840336134,21.949579831932773,36.95798319327731,13.823529411764705
2026-02-19 04:17:40,55.77357792922629,17.689224279195624,24.23549777729224,27.294347011319424,43.655829040580166,16.706022739686883
2026-02-19 04:18:10,73.34392147965144,15.504071394358032,23.361148225645163,28.663624675422895,38.49547482794263,17.53766775069117
2026-02-19 04:18:40,78.48871409603522,15.084287130876147,19.395283954352173,28.958469890250253,37.202305921107914,20.017143145262946
2026-02-19 04:19:10,89.87243911867027,28.7894321103847,20.083696072334924,30.48688257340213,38.41111914085477,16.814843448009277
2026-02-19 04:19:40,92.77995327809616,25.15924102115931,22.02483991865683,33.11709046906775,31.15914018251794,12.0586208635149
2026-02-19 04:20:10,81.86417035007814,25.335708643552206,18.176165106468797,27.781045696710983,27.344078250785703,13.520781163341795
2026-02-19 04:20:40,89.12455252852894,28.20960992252231,19.150938639686725,29.907060385539737,33.27675165123275,9.243542125342431
2026-02-19 04:21:10,72.20046721903833,13.99136148972286,19.22656762071226,23.797919362699787,25.537385926286955,11.159476311322498
2026-02-19 04:21:40,72.18548055025671,13.353053387003252,18.025361557660148,20.48756712241279,27.487625946436523,12.86565433322969
2026-02-19 04:22:10,68.62127209015051,16.94103410895707,22.109057907076412,29.924118284720297,35.6635658523878,19.907395736170287
2026-02-19 04:22:40,62.42752222651722,15.32747348784054,22.075259239340518,28.436496865598905,32.68012302314247,22.226517201391577
2026-02-19 04:23:10,60.235294117647065,15.689075630252102,21.51260504201681,31.142857142857146,35.529411764705884,22.806722689075627
2026-02-19 04:23:40,46.058436483727036,15.949445802976447,18.19312442752582,28.285476592633675,29.72243930723272,21.100663019638493
2026-02-19 04:24:10,35.28571428571429,16.529411764705884,17.462184873949578,24.773109243697476,23.19327731092437,14.57142857142857
2026-02-19 04:24:40,18.008332213412174,14.346190028222011,18.739080768713883,26.936903641983605,20.780137078349682,16.882811450073913
2026-02-19 04:25:10,24.299489315952155,17.579962370649106,18.923867759709715,27.21408412847735,17.957935761322403,18.814675446848543
2026-02-19 04:25:40,25.601182626809006,17.285837875975375,22.006265906246586,32.33745180879746,15.379188119976147,18.864913444820544
2026-02-19 04:26:10,23.627338165752533,12.691399917686486,18.30215778996615,28.028591347001854,16.69788420672451,16.067933846812867
2026-02-19 04:26:40,23.18448429438161,13.957748609267071,14.806473840775784,26.360901497453824,15.235038066587117,12.537604410009914
2026-02-19 04:27:10,17.98319327731092,13.873949579831931,18.092436974789916,26.579831932773107,18.71428571428571,13.739495798319329
2026-02-19 04:27:40,28.142384161610735,14.134216231659973,14.436732155762089,22.839952269709755,23.108855313356077,13.218265239239676
2026-02-19 04:28:10,30.352941176470587,15.588235294117647,15.798319327731091,23.739495798319325,23.52941176470588,14.29411764705882
2026-02-19 04:28:40,27.697013495571504,15.638392632056606,20.890405203273897,21.62148535318734,20.89880842338784,14.798070620661838
2026-02-19 04:29:10,34.133593270757885,14.554254934749544,18.268447013940822,52.95664815172727,18.62978244245943,11.722393553103704
2026-02-19 04:29:40,23.60464530007899,12.512394749668074,21.932404497403407,56.33518764390515,23.512209878825562,10.377976840725365
2026-02-19 04:30:10,20.268737237502208,13.75618692279897,22.36115662893589,55.15920034285426,21.789732859387737,12.142755102898295
2026-02-19 04:30:40,24.4701769718156,14.100603351204184,18.949261356951986,52.65457723399607,22.335759062872896,12.831717113998083
2026-02-19 04:31:10,17.150972252567183,12.588023730693601,17.369455975529824,20.218147594158083,21.12569536646443,13.722458446076535
2026-02-19 04:31:40,18.07547835732473,13.495684910210842,18.260350753355013,19.20151931496374,17.98304215930959,16.125914908278084
2026-02-19 04:32:10,15.57943917380234,13.32739510768636,20.360831239548585,19.53732258850617,18.302059611942557,16.024806097325275
2026-02-19 04:32:40,14.436853471819566,13.697363887698424,23.78131276207763,20.327560272602753,20.159494458029766,16.78977487584138
2026-02-19 04:33:10,19.63008714212486,13.672154015512476,26.10062100318485,21.235115671296878,23.260308736901372,18.369593532827455
2026-02-19 04:33:40,21.847821520104198,14.436368219822695,21.503298180748708,29.948321499096675,19.62102432670896,16.864837611865045
2026-02-19 04:34:10,26.377486281858438,13.302185659185062,18.310462761442984,30.696705125080882,18.285253312941688,14.655092728754738
2026-02-19 04:34:40,27.898456341436766,11.100560490071677,15.789517911313158,33.25966572271287,21.63810996361436,17.570985605404907
2026-02-19 04:35:10,25.58759022881776,13.520667546196313,18.797845432468087,32.28490038066268,18.16760921993563,18.402897405947748
2026-02-19 04:35:40,23.234903615065292,11.352750373943294,18.966067797179882,21.293759768743385,15.403102468866074,21.142501806692326
2026-02-19 04:36:10,26.31866423535541,14.09208171222574,18.00794937942741,22.562456408661966,14.915590363268153,23.478399704209135
2026-02-19 04:36:40,23.2180971748374,20.22655081427203,20.075292852220976,23.764306482243995,11.562830876791988,24.32732222987849
2026-02-19 04:37:10,24.94895086678487,17.21805332638673,14.192919506230936,21.243161937094023,12.562708503146979,19.520516289505302
2026-02-19 04:37:40,24.150651664243757,18.49533205045251,19.957480063527807,21.738947757619556,16.957555691873313,22.39439341865331
2026-02-19 04:38:10,17.2602141140485,16.831649888237173,23.856741903497422,19.646728626409644,17.48710105712509,22.066856019226567
2026-02-19 04:38:40,16.76428325336336,20.596119425560698,31.436182281118956,23.79771938522558,15.755905313311427,17.82308009041789
2026-02-19 04:39:10,14.781512605042016,24.38655462184874,35.39495798319328,36.20168067226891,21.991596638655466,23
2026-02-19 04:39:40,16.81456085509731,25.41091055762832,31.410708883734994,37.72982420758966,23.999193304426743,20.167389331451044
2026-02-19 04:40:10,22.428571428571427,25.882352941176467,26.638655462184875,38.47899159663865,28.243697478991596,17.915966386554622
2026-02-19 04:40:40,29.831180726536306,17.554179306404038,18.218028116938225,34.141996420258316,31.511810626622854,17.29368167189062
2026-02-19 04:41:10,73.97478991596638,19.563025210084035,18.41176470588235,31.41176470588235,34.168067226890756,18.56302521008403
2026-02-19 04:41:40,80.89007655397855,21.588053881900155,18.529256056671795,27.285484995924403,30.823270392685775,16.67212880564029
2026-02-19 04:42:10,80.8137678358347,20.848389102704157,17.722391220315625,26.142417774491182,29.091948034486816,18.604729332280133
2026-02-19 04:42:40,71.19327731092437,20.88235294117647,14.966386554621847,22.34453781512605,26.35294117647059,16.43697478991597
2026-02-19 04:43:10,40.75493260730732,26.713387785284525,33.43585089576821,24.90672582434204,26.6545662330678,25.444522873180738
2026-02-19 04:43:40,35.54621848739496,23.815126050420172,33.31092436974789,28.96638655462185,28.46218487394958,25.243697478991596
2026-02-19 04:44:10,46.40219154138971,22.528843810660234,34.94869877229985,32.73026730418561,31.3185381881129,23.789316235725146
2026-02-19 04:44:40,62.57878018856826,23.82312902304163,34.083460782171734,39.32707013327507,36.890136300230246,29.1423673551705
2026-02-19 04:45:10,48.58741869884539,14.562780457471302,15.4787314498916,32.839784205307474,29.772608863716577,17.89045562259458
2026-02-19 04:45:40,48.04921867055354,14.457137046201824,12.711433510728455,29.10918273956816,32.27856682824311,19.67729907460764
2026-02-19 04:46:10,36.287213036956686,13.728464530562782,12.669169427895898,27.79590349397896,31.058532410192957,18.83850410582782
2026-02-19 04:46:40,30.498966136741124,12.60974204264262,13.906308260736921,23.211077590590147,26.905867597708554,13.85546252669401
2026-02-19 04:47:10,36.16826548252602,16.88078370224738,17.58414968984102,26.558421748415306,25.405918443442594,13.753771058608184
2026-02-19 04:47:40,39.40236800752921,17.54577615690361,17.755854894414426,32.46136652017176,26.318664235355406,14.24333840323353
2026-02-19 04:48:10,46.15009705637672,19.43648479450098,18.444913153449914,28.33542011545927,23.385965059704375,13.982840768720115
2026-02-19 04:48:40,49.31849884875884,21.243340448059694,20.453437757348617,32.95742928690274,24.016403085662425,17.646762239290094
2026-02-19 04:49:10,58.57044419421521,16.756020907211642,15.520747550461339,32.217945916875344,31.53728508764559,18.95766457706593
2026-02-19 04:49:40,63.42750542007697,20.016470311423337,17.41987529621351,35.30192769869414,28.142384161610735,18.32742306851986
2026-02-19 04:50:10,90.50344114755339,30.512348635725754,27.966151544945,50.991168141444184,57.99110931840909,30.218233460223026
2026-02-19 04:50:40,94.65387136350651,30.394447152148707,28.52052906673837,45.209324213038435,54.637737180887726,30.436463252718443
2026-02-19 04:51:10,80.08268768592126,28.940690072435753,27.218029949076488,37.36071662661132,52.20920656795685,25.688643888338014
2026-02-19 04:51:40,85.9817482059125,24.40295121090402,25.184450681501154,38.61279642358952,54.13354397405086,22.335759062872892
2026-02-19 04:52:10,67.06666330535037,12.512499894958864,15.386425324156944,25.67205317602373,26.840110587305986,11.403265518777154
2026-02-19 04:52:40,70.31755501962135,14.587867532751272,14.90718721376772,37.49485307093098,41.402317588632215,10.478727427039654
2026-02-19 04:53:10,80.09176393475686,14.184754749960085,13.764590213527619,43.62148217241872,34.77281703515097,20.865370879236313
2026-02-19 04:53:40,68.23414732525505,16.714004806641906,13.083813717416515,35.89855632678442,29.73059276314684,20.15932505336045
2026-02-19 04:54:10,51.90669064385472,16.991311070402176,13.083813717416515,34.43639602695753,24.4701769718156,17.655165459404046
2026-02-19 04:54:40,36.16715544986261,15.184491147282001,13.688730536204968,32.8563145466921,14.159306908229203,22.83976034217625
2026-02-19 04:55:10,25.092436974789916,17.638655462184875,16.882352941176475,30.436974789915965,14.932773109243696,15.268907563025211
2026-02-19 04:55:40,19.890422009714122,16.033343977412144,18.403052049545384,30.772592057276356,19.36101914253542,17.02492395085797
2026-02-19 04:56:10,18.176165106468797,15.167812305675534,17.15937547268113,29.915463605653684,22.545839565721586,18.882035596040406
2026-02-19 04:56:40,16.00826883807699,13.823413248628164,15.37802203342829,20.798144553407116,22.092251325619113,13.21837631616541
2026-02-19 04:57:10,14.949202961269886,10.89048175256086,12.66354629715217,18.671798189961596,26.13379494634589,19.957480063527807
2026-02-19 04:57:40,14.369506394850509,12.20147560545201,14.36110317473656,25.276886102754574,38.52876422245004,22.150888220366046
2026-02-19 04:58:10,15.067100276468265,14.10912513340224,14.436853471819566,28.07539432441744,38.73076696834481,22.840144200468906
2026-02-19 04:58:40,12.134351812169648,15.99986554734834,13.562911236040035,28.470348988663964,41.10889824455257,24.335929950168488
2026-02-19 04:59:10,15.327473487840543,16.865262768692965,20.218147594158083,30.50368901363002,48.82270886203594,15.747634493537927
2026-02-19 04:59:40,15.38642532415694,16.453643246695403,21.243518962025533,25.17625902303342,35.529113200729405,16.092301745363486
2026-02-19 05:00:10,16.596220263354706,14.503836037746945,21.50365957160744,23.234708368696584,46.16690335537759,17.730645445913126
2026-02-19 05:00:40,20.04151155853214,16.965958841373745,21.890204448627347,24.864919371780537,39.89815382805475,17.31889112039192
2026-02-19 05:01:10,22.654891053166725,18.503735199952942,16.873524196868985,23.226305219196153,28.360629563960572,16.663445459358165
2026-02-19 05:01:40,24.117444391223607,22.756111293182414,13.714170469155723,24.00820161175116,31.1846118940177,18.98303375601886
2026-02-19 05:02:10,23.94937857665062,22.91577381702675,13.890639574457358,26.36952630650163,22.79812774682566,19.15950286132049
2026-02-19 05:02:40,25.13403136081747,17.478697837011143,12.999781516277038,25.999563032554075,29.066738374144975,18.93245491672409
2026-02-19 05:03:10,23.503806658711618,15.57957009125897,11.067040890069073,27.98272297944573,30.37764071192081,17.89045562259458
2026-02-19 05:03:40,25.9319014486908,8.789620516957413,10.184531612382774,28.41921279956976,31.335081173742058,13.226446169876644
2026-02-19 05:04:10,24.067024646851706,6.6133898034470295,10.159578490937053,28.352702918462874,30.529155217183057,11.008310854530636
2026-02-19 05:04:40,26.243256415858557,12.251894926135694,13.772877766760223,33.621283675904614,30.848221038301876,12.419959328414649
2026-02-19 05:05:10,29.696979882691043,14.495554696559724,16.209811599805047,32.71373590359826,33.461622493739604,16.428295322767685
2026-02-19 05:05:40,25.85714285714285,13.689075630252098,16.823529411764703,29.64705882352941,31.16806722689075,17.22689075630252
2026-02-19 05:06:10,28.282149308910636,16.275259421081376,16.43490316346679,26.349619795824054,30.155862706381548,18.89677771709448
2026-02-19 05:06:40,27.769142223379855,12.250350790223246,12.687263164085802,19.341774704453986,27.113773662586016,17.493299276573936
2026-02-19 05:07:10,24.047186932849367,15.527324057269611,16.300329367480003,22.618807555286683,34.46595415742421,14.006520131746994
2026-02-19 05:07:40,23.358007679575195,22.274128905954615,21.173445810262404,28.7017820983557,35.15464177386425,13.544283589739283
2026-02-19 05:08:10,25.21742783916642,24.419142052854923,27.032477626990463,28.763497332044867,32.570060081509176,11.43649426494685
2026-02-19 05:08:40,23.92376662773207,21.554078468610033,29.06649412199693,28.318613816458406,29.4446358495164,10.142601447022344
2026-02-19 05:09:10,25.83990185038907,15.335876707954487,23.554225979395305,24.51219307238534,17.201391573250866,11.344347153829348
2026-02-19 05:09:40,34.67110349231959,16.369197674027763,24.284897986622298,21.453060401331047,15.411246680783838,15.999462202951161
2026-02-19 05:10:10,31.335871127133387,13.100730245964321,19.025050209662105,29.898908412534347,20.184704330215716,16.90742094604247
2026-02-19 05:10:40,30.49554205426846,14.050302098301696,18.806564650717224,30.604784833740894,24.495592474012824,17.19313283081655
2026-02-19 05:11:10,23.15067687369226,13.890406124215357,16.806299000865526,31.671470467131073,31.814324008638433,18.041561977429136
2026-02-19 05:11:40,16.94103410895707,11.714187275737178,17.621700657977666,36.93246275241384,37.6047260107058,18.43681985865665
2026-02-19 05:12:10,18.52023024242679,14.419562203268768,22.234359900844506,30.536532078484097,33.847317339607585,19.69665140120163
2026-02-19 05:12:40,15.34415098779022,14.445013991243915,23.864944581229043,41.88129711015688,29.75555238103241,20.150752502037765
2026-02-19 05:13:10,16.360932077342586,17.58779190440577,27.02452879339176,46.09967815937413,25.327092594304347,21.890204448627344
2026-02-19 05:13:40,18.10053612544327,13.394732861632578,23.008016671988706,41.18418177845751,21.688711114098925,15.024957563738425
2026-02-19 05:14:10,20.10907471365787,13.436861875110296,19.21832589642104,39.91563096108436,18.865387685817765,13.394845421467046
2026-02-19 05:14:40,31.310398144568996,14.42832893564814,14.386312835078401,28.318851784003634,20.22655081427203,12.924152535251507
2026-02-19 05:15:10,35.529113200729405,12.436870278401022,12.83182494264754,22.9073705262981,18.848581104360466,12.688969000260503
2026-02-19 05:15:40,69.2845498394985,13.747668106418379,11.293927833145661,19.445051343674898,18.68035831330566,14.411522495420249
2026-02-19 05:16:10,81.4097123601926,16.302110030839557,8.663647134946178,20.95745485407931,20.69695721956589,15.82313050931489
2026-02-19 05:16:40,71.27491512890323,18.402742764949075,12.772679909918994,20.36066014587745,22.957211522301773,17.79772108500555
2026-02-19 05:17:10,77.72138283390197,18.629938992621973,13.999764709836812,17.94927816339221,21.38619518999681,15.142602645333692
2026-02-19 05:17:40,46.30975689688495,19.940673764526945,11.083754191070812,16.713864356360762,17.80627379141702,13.772762031209297
2026-02-19 05:18:10,32.33559099847062,17.764407320885365,12.025007983059108,18.62153577250802,16.714004806641906,14.0333775902926
2026-02-19 05:18:40,34.89915966386555,15.294117647058822,10.579831932773107,17.773109243697476,15.72268907563025,10.932773109243698
2026-02-19 05:19:10,36.8985395203442,23.108855313356077,16.01653753718425,28.6129644879918,22.159291440479993,19.873615569486226
2026-02-19 05:19:40,32.19273625653351,19.26018050116805,16.319053461286366,32.73054234382615,26.823078603720944,25.898724391186708
2026-02-19 05:20:10,44.25976034016235,16.671988706072163,15.848473134905294,30.02470546713501,26.176030654946974,26.108804894035398
2026-02-19 05:20:40,54.7894555507937,17.268762447374392,17.125906504987356,27.571196880698484,20.764531390492518,27.285484995924403
2026-02-19 05:21:10,65.45158145944674,9.150952909145909,10.125710060166046,15.839803704077173,14.999495815266714,19.31867836375248
2026-02-19 05:21:40,81.20031596107629,16.966101410060332,15.293860607384751,17.184585133022978,13.596410144367322,21.08367926589469
2026-02-19 05:22:10,83.88094317742558,17.024923950857968,15.84006991479135,16.63837582561638,15.134199425219746,20.722340800994942
2026-02-19 05:22:40,95.78669624550436,23.217706967833013,11.957581257772848,25.28486437430675,18.049813451648685,20.00773083257706
2026-02-19 05:23:10,77.19133131097536,22.352377671151146,13.680327386704535,27.587539809920752,16.646639160357303,22.041461139635135
2026-02-19 05:23:40,64.52778501382318,18.1339966219339,8.268699108425839,23.167483172693125,16.04161239632614,16.579413964353837
2026-02-19 05:24:10,62.01628557743213,16.92422752749977,8.201611751161755,21.596457172628803,15.680540499659667,14.932647624809874
2026-02-19 05:24:40,37.554306266333896,10.680582516113311,8.89908488163965,12.167964975084244,15.848606314232654,14.151141587045485
2026-02-19 05:25:10,33.62996949605465,12.075528777069099,8.529340089579078,11.697380694279879,19.79815295669784,10.991504273073339
2026-02-19 05:25:40,27.478760682683333,9.378072453172663,13.075520373778371,15.285585835413148,22.453592826951034,9.44529877900186
2026-02-19 05:26:10,13.066897473172945,12.150954177625772,16.260094283337395,17.024780887876776,24.024604421737266,10.470324277539222
2026-02-19 05:26:40,13.554621848739496,12.789915966386555,22.159663865546214,18.56302521008403,29.15126050420168,14.857142857142854
2026-02-19 05:27:10,12.823421651918892,14.554499542020658,25.17625902303342,17.17632624935925,30.142603843665178,17.478844715590625
2026-02-19 05:27:40,15.957714996386619,15.94090855615872,22.730710408228436,11.890556461235944,27.1676106283928,17.445084956555352
2026-02-19 05:28:10,16.92436974789916,14.974789915966383,21.82352941176471,12.613445378151262,26.823529411764707,17.126050420168067
2026-02-19 05:28:40,18.764075157137576,16.402809989580184,17.646465665019665,11.713891970017816,22.747134550099158,16.21794225404188
2026-02-19 05:29:10,19.604712525839904,15.100586544763953,14.218248432799452,11.991395102603319,20.176131493588343,15.512344330347391
2026-02-19 05:29:40,18.14255222601301,15.386296028638174,15.075376884422113,10.226718878674308,21.268550108401545,16.319053461286366
2026-02-19 05:30:10,14.2098452126855,17.403068855985616,14.18463555234366,9.344380766709804,23.789516142585843,19.176148300028572
2026-02-19 05:30:40,12.327420317134862,15.881952555817918,15.53742342630018,10.999722696066486,22.11708948513903,18.436510003949476
2026-02-19 05:31:10,16.940891749718492,13.655232685164956,19.646728626409644,10.504025142434582,22.52903312549369,19.176148300028572
2026-02-19 05:31:40,15.646664369805801,15.680276967807533,19.234809206490592,14.688705326756468,21.70533515961782,18.907086375973716
2026-02-19 05:32:10,22.23454673792478,16.024671439615474,21.486672716883465,14.797821921952202,19.04977983933313,15.713757520755605
2026-02-19 05:32:40,22.8483554898237,15.638392632056608,20.176131493588343,14.235054873027345,22.23492042150552,12.025007983059108
2026-02-19 05:33:10,18.3526327288617,16.940891749718496,22.100468899682358,16.697198366414014,21.890388396833664,11.3359439337154
2026-02-19 05:33:40,18.570960395956405,26.974109896389166,23.948976076233368,27.243010680403014,21.621303664613492,10.06697310151845
2026-02-19 05:34:10,17.15937547268113,26.19283709517487,21.932404497403407,28.03314230012941,19.92403489016991,12.613233391035445
2026-02-19 05:34:40,14.655339030764447,26.151040747556742,22.02502499978992,28.764464164166693,20.991420240166047,16.293980722851067
2026-02-19 05:35:10,19.982689512029108,23.18428947169399,15.512213977798877,26.43630832836147,20.175961950539058,16.125643891330473
2026-02-19 05:35:40,24.882143847530696,11.915866253224763,10.983100982344688,17.705733565264158,19.85697599179839,21.184695926924984
2026-02-19 05:36:10,27.587307989647407,10.831568686766833,10.327383953480556,15.62972673187456,22.923599206749355,18.856509024906725
2026-02-19 05:36:40,30.940656459555306,13.672039125392851,12.907346095023614,15.310667047612645,21.12569536646443,17.638359019176146
2026-02-19 05:37:10,29.990840567044525,20.68855407006546,21.02468005008277,19.856642269522617,24.40274614925674,15.487004529297579
2026-02-19 05:37:40,28.90707719197997,24.04161274600427,23.89035478395321,20.058486411993076,25.62141812742643,9.82336431320482
2026-02-19 05:38:10,21.546037428256906,28.39471937210612,25.798102536953476,24.85693397534475,27.142629053537366,12.957874303577283
2026-02-19 05:38:40,22.1086863356386,31.579035822626317,23.747300488222987,23.64646269421779,25.814475265329445,10.814853407056964
2026-02-19 05:39:10,23.134259375971634,31.066965823816606,17.285569028831688,23.52921404021815,27.974554835673647,13.159553281064865
2026-02-19 05:39:40,24.780887876776212,27.80602169693201,17.73064544591313,29.12531616849995,32.64623580918128,15.21810374528373
2026-02-19 05:40:10,34.98201741117945,23.167288494504387,18.486773553830123,33.654330946858934,33.73836173573997,13.587778562065141
2026-02-19 05:40:40,34.35207515776912,16.730670655361628,18.243237565439525,37.595690864936174,35.52851608782971,15.134072250279404
2026-02-19 05:41:10,32.671170716950684,13.016369197674027,16.839770091761622,37.47773184094652,30.368727101610034,13.201236933212328
2026-02-19 05:41:40,34.44508869673364,12.98308417576323,14.831808136066083,32.63838119007404,27.277081705195755,13.61333098041193
2026-02-19 05:42:10,28.08308964404558,12.940741487681084,12.747470673254679,27.175557124130282,25.528553662061782,11.957581257772848
2026-02-19 05:42:40,28.999025242848987,15.638129810762663,15.411246680783838,26.780612416389367,26.02433531645995,14.04154482202279
2026-02-19 05:43:10,30.02521008403361,18.100840336134453,18.865546218487395,32.193277310924366,32.81512605042017,15.268907563025211
2026-02-19 05:43:40,35.53721786188467,17.470294616897196,19.96605099073965,26.671820641669886,29.10035125460076,14.61319977815499
2026-02-19 05:44:10,36.80610409909077,19.319003041965683,20.3273894556394,26.007966252668023,25.310498983210366,15.688811952740291
2026-02-19 05:44:40,40.612762810709064,19.512277104586477,15.050167224080269,28.999512613233392,22.554242785835534,13.327507100720995
2026-02-19 05:45:10,34.89827987529726,19.755804475517426,11.764409300605864,22.503634362158937,17.663420249909667,16.848314748367685
2026-02-19 05:45:40,28.36039124735303,19.79765386037444,11.604651944472453,25.23444590097812,14.470101845316123,16.696917750663847
2026-02-19 05:46:10,37.032679848407184,27.293429577405615,21.201146189591856,41.37710814013092,27.133769736897385,20.587716276060267
2026-02-19 05:46:40,36.41176470588235,24,28.36974789915967,38.72268907563025,26.78991596638656,21.672268907563026
2026-02-19 05:47:10,42.94009394721141,25.9069099098342,28.789190188482642,44.99886557481744,25.856491012831604,21.99944539213297
2026-02-19 05:47:40,43.02439926373562,29.92965145109641,30.854184351860415,42.78906361626842,30.375108212373615,24.567360626665213
2026-02-19 05:48:10,39.0760928950266,27.754196330259806,21.912534776798097,26.165600598455114,20.466828608171603,19.94570196599228
2026-02-19 05:48:40,44.96743013238074,27.610842613994528,16.734608110947676,27.560411851229244,19.96217692792603,19.6932128598445
2026-02-19 05:49:10,43.91752750624091,26.325300698477804,18.928664486900388,25.350289561497146,23.719667487581216,17.651063686718835
2026-02-19 05:49:40,44.28720293119096,22.017546808296075,28.11018857776732,25.395811623920128,28.345490604726205,24.87478570708259
2026-02-19 05:50:10,42.87358929756893,16.823388038755976,29.008159595297517,38.1173267451534,27.151032344266017,24.335929950168488
2026-02-19 05:50:40,42.38584225475202,16.5543436244769,26.764256062923312,38.17582897766424,28.058351960471256,25.29369254298247
2026-02-19 05:51:10,59.839330431421324,13.840103527671804,23.402968017344246,30.36083427169291,22.445000924354215,29.251609216651826
2026-02-19 05:51:40,69.01622675439702,15.596507592373174,12.125948521440998,30.277056495323574,11.20998983201822,19.394795001722677
2026-02-19 05:52:10,83.11485328224263,18.562401263823062,12.789486067695204,15.142348156364491,12.831501462135728,21.335417296897585
2026-02-19 05:52:40,77.36069444794582,24.310720077982538,26.940950076049784,27.58800346215578,25.226678767405318,37.78119511600743
2026-02-19 05:53:10,68.30194704246183,24.638448416399864,28.403122662834768,33.554339879496816,27.142629053537366,31.84006857085235
2026-02-19 05:53:40,61.10821666862742,38.04137745584107,39.16740895111007,50.07478865901413,45.29335641417791,32.41962319961009
2026-02-19 05:54:10,56.36039730424699,32.89860674610511,35.47839532108704,53.67977008789768,48.637838019529084,30.184366649300014
2026-02-19 05:54:40,59.27681279989243,29.445130713187282,23.672069982605187,42.033260224703994,40.050083612742746,14.092318551944938
2026-02-19 05:55:10,46.18526206102571,27.93300784040202,21.605223573307335,42.109597559643355,44.00877318296792,12.764813149690331
2026-02-19 05:55:40,40.654778911278804,13.672039125392851,12.655249491605183,32.27676845767298,35.07504075561755,13.604813364481267
2026-02-19 05:56:10,25.773325826267445,13.336246523080023,15.050546643249103,31.52127328801082,32.706157194598276,13.96650392020101
2026-02-19 05:56:40,17.344537815126053,12.168067226890757,15.932773109243698,31.537815126050422,34.42016806722689,12.487394957983192
2026-02-19 05:57:10,21.091905246086228,9.94932900851239,18.646588741460295,30.394191743065303,35.90665781534919,13.344201406687226
2026-02-19 05:57:40,22.907178030621335,10.974605468815652,17.982891043848,26.646610981328045,33.10028402883985,12.428362548528597
2026-02-19 05:58:10,22.445000924354208,14.495554696559724,16.949294969832444,24.528999512613236,36.12544326986101,9.730928891951397
2026-02-19 05:58:40,22.596069006663697,14.688705326756468,16.436560422846483,23.15908002319269,34.57896019428081,17.10040923338067
2026-02-19 05:59:10,16.470311423337424,18.613132552394077,14.151022671887867,27.083578427253325,37.54558746911817,19.545889985042265
2026-02-19 05:59:40,13.52089478239679,19.98302535272813,17.781363181822,29.596389946302974,36.97447920605709,20.27714052823086
2026-02-19 06:00:10,25.049788660790057,15.596245472803204,19.814626522020454,36.2679932438678,35.35204994832063,25.016176062788333
2026-02-19 06:00:40,33.63053471037571,15.428701081521693,19.748065109790836,35.76500642862545,34.93306666442575,20.353112211026982
2026-02-19 06:01:10,40.35260207897412,16.512466281795955,20.722514936849272,31.2350316383896,30.96612633507282,19.596473979210263
2026-02-19 06:01:40,42.74682150870145,13.529070695696744,17.049990336378073,28.69675554397788,30.747124022083476,19.058343066981504
2026-02-19 06:02:10,38.00808396568097,27.310694868110353,23.764506180620334,36.15936000537811,37.59632271997715,26.361123015772982
2026-02-19 06:02:40,33.28487517121417,29.15052561700125,24.041410720738128,38.36037746947556,41.84768451215515,26.604371318370116
2026-02-19 06:03:10,34.10895706758767,32.33586272384266,29.268661607885647,43.78954798699171,45.058444887017764,29.277064898614302
2026-02-19 06:03:40,31.478991596638657,33.91596638655462,28.554621848739497,43.579831932773104,46.86554621848739,31.193277310924366
2026-02-19 06:04:10,28.159190601838624,21.84837229626393,16.369472781970053,34.67168619014807,43.91522831549049,22.310549402531056
2026-02-19 06:04:40,29.2434517356997,20.235124074587606,19.98302535272813,37.26019109083117,39.739161855782726,19.32756867589348
2026-02-19 06:05:10,25.62982134754038,17.310633434732193,14.07539369086234,37.75566797196686,37.25147476513,16.789633787667434
2026-02-19 06:05:40,31.16806722689075,15.436974789915967,17.210084033613445,34.11764705882353,36.54621848739495,14.319327731092436
2026-02-19 06:06:10,33.61316291459736,21.36956832295527,24.663658288585815,38.041697128595565,37.64674246434904,19.1426962798632
2026-02-19 06:06:40,34.48681534764122,21.100485706122587,24.226483588511122,30.50368901363002,34.91537957345254,21.7727433152384
2026-02-19 06:07:10,33.100562180149744,19.28555222225023,25.47037419853615,25.109032697204224,35.14256182721154,19.7393299215973
2026-02-19 06:07:40,27.437205354666844,20.91614215245506,23.159858486205767,30.235548197884015,35.33643139858317,18.075782149429823
2026-02-19 06:08:10,21.344717182497327,14.79844368440071,29.605290800763033,25.143068429146464,28.874192220102685,13.016916108538727
2026-02-19 06:08:40,17.815126050420165,15.974789915966383,29.28571428571429,33.27731092436974,31.983193277310924,9.546218487394958
2026-02-19 06:09:10,18.419858489773283,18.604729332280133,29.34404463790525,38.51195778222215,35.33554057914993,11.285524613031713
2026-02-19 06:09:40,22.8483554898237,21.369388749768913,31.08351120149241,37.553990689232116,35.34394379926388,13.697248785734695
2026-02-19 06:10:10,25.45356761707885,24.739287905143655,20.957807077251452,41.61309568827153,41.06688179090933,17.167922958630605
2026-02-19 06:10:40,29.394957983193276,26.411764705882355,21.218487394957986,36.705882352941174,39.20168067226891,19.899159663865547
2026-02-19 06:11:10,35.50360498142888,22.806339389253964,19.7979865884607,32.80617132485168,34.50362178786911,17.419875296213508
2026-02-19 06:11:40,32.983193277310924,18.579831932773107,18.26050420168067,32.39495798319327,32.87394957983194,16.932773109243694
2026-02-19 06:12:10,29.29411764705882,14.705882352941178,17.14285714285714,23.32773109243697,23.243697478991592,13.974789915966385
2026-02-19 06:12:40,27.03361344537815,16.327731092436974,18.991596638655462,29.151260504201677,20.07563025210084,11.529411764705884
2026-02-19 06:13:10,26.680223861783837,16.520730744021108,22.4954202450379,26.4449336985933,16.5543436244769,12.218282045679905
2026-02-19 06:13:40,25.974135105837664,15.318941539288925,19.957480063527807,25.9321193583355,13.192944715679436,11.974488038116684
2026-02-19 06:14:10,29.058579339669414,18.865387685817765,23.285518609087323,28.024974580045548,12.436870278401022,13.176359862522164
2026-02-19 06:14:40,26.243697478991596,16.411764705882355,18.18487394957983,22.058823529411768,14.445378151260504,14.403361344537814
2026-02-19 06:15:10,18.268600527722224,30.276802070553437,26.806272163493055,32.167526596191664,19.966050990739653,21.974420597973143
2026-02-19 06:15:40,25.756086083310226,33.52913000731086,30.907303299972277,33.37787077419517,20.377980016974647,25.520793942908043
2026-02-19 06:16:10,46.57142857142857,33,29.95798319327731,40.02521008403361,24.04201680672269,25.81512605042017
2026-02-19 06:16:40,44.033243418122545,34.890463105352055,33.453500390753014,39.36101377299351,33.117368761607054,30.29386307678087
2026-02-19 06:17:10,63.34400551255873,23.251905446172724,27.655229787984975,32.31065285165671,26.646834900547056,28.50396215157856
2026-02-19 06:17:40,51.66256312866062,23.226305219196156,25.209448501298287,30.873171264589967,24.780887876776216,22.772535146172785
2026-02-19 06:18:10,30.007394709421533,30.822493361567677,91.78683069476656,97.58495512755874,96.68582568653156,25.23444590097812
2026-02-19 06:18:40,43.39459332274519,26.369526306501623,87.2681742170234,100.94873152326451,93.73870807808338,21.302341997126074
2026-02-19 06:19:10,34.04984790171594,32.02467185425455,87.68760188904389,100.63696408463723,95.97317692139627,18.655148652963817
2026-02-19 06:19:40,41.680322014100724,31.10898227745985,90.99083200981505,103.26803976437174,102.57896992462247,25.024999789917736
2026-02-19 06:20:10,39.503869715380546,22.12586448853372,24.73088461441501,30.159410425122473,31.09217569600256,21.74771640574449
2026-02-19 06:20:40,69.13271094006033,24.0330075712377,27.453089417913834,29.360604354512066,24.965757165785735,21.007873751081902
2026-02-19 06:21:10,87.25977092629475,15.688943790388318,18.403206695742053,25.756086083310226,21.983008546146678,17.47884471559063
2026-02-19 06:21:40,105.71250903346163,16.5543436244769,28.873464311524177,39.53715063612376,30.108737668274483,27.27685248987412
2026-02-19 06:22:10,138.23529411764704,15.722689075630253,25.563025210084035,38.21008403361345,26.05882352941176,24.69747899159664
2026-02-19 06:22:40,112.09149502945353,11.781413601566374,24.503995764741475,34.663574255678526,27.39472777539685,22.554432315694832
2026-02-19 06:23:10,107.46128183796775,9.596558012117546,27.714052823085527,32.68039764371728,26.167847329014045,22.445189536222387
2026-02-19 06:23:40,98.29246567284584,8.71413925816373,14.520764356901566,18.587922892052237,17.36945597552982,10.302347859699838
2026-02-19 06:24:10,74.55211589526402,16.386003831803972,27.965446539612117,25.948707606467014,23.9235655944338,21.19256495579981
2026-02-19 06:24:40,63.342940934262145,20.32721864154685,27.806021696932003,27.4446862684134,20.33562179104728,24.28510205625068
2026-02-19 06:25:10,46.134453781512605,22.235294117647058,27.445378151260506,28.378151260504204,19.966386554621845,25.3109243697479
2026-02-19 06:25:40,31.587704408329277,21.285356548629434,27.688610275457552,29.730592763146845,15.016554343624474,32.76415522428194
2026-02-19 06:26:10,22.94957983193277,15.394957983193278,15.680672268907566,25.487394957983195,9.647058823529411,25.04201680672269
2026-02-19 06:26:40,19.21816440059831,23.10045209324213,22.41979126401237,23.18448429438161,17.604746138720355,29.22639955630998
2026-02-19 06:27:10,18.797687472689994,25.79745218648113,24.36052569661524,24.52018419548923,21.091728009142553,30.032603946085846
2026-02-19 06:27:40,15.840203023504007,25.428357744892903,23.319131772001917,18.55446592885774,21.529230846799607,21.369568322955274
2026-02-19 06:28:10,18.369284807946016,22.352377671151142,22.554053259161535,14.352579346739155,22.360780820651584,19.52891943900574
2026-02-19 06:28:40,16.781512605042014,13.285714285714286,15.722689075630253,13.630252100840334,15.773109243697478,13.865546218487395
2026-02-19 06:29:10,12.51281534143431,12.613657372392813,13.916200272273482,12.067429704700919,12.664078387872063,13.218709558143834
2026-02-19 06:29:40,16.2525105674933,12.596956225787206,13.966738657277075,12.042320394631798,14.16842441406086,14.059177962469644
2026-02-19 06:30:10,12.37016370298161,15.437493697267135,14.832431342229993,14.269387206292649,14.916467780429594,16.555178325321858
2026-02-19 06:30:40,15.722953326946673,16.605321097833578,14.017042303231985,14.554866468344004,13.90779676969361,19.092757861476663
2026-02-19 06:31:10,24.03381541021353,15.731224632139762,15.243825578366204,19.672434222136317,19.748065109790836,21.58841670938411
2026-02-19 06:31:40,28.386316081377473,15.520877975815328,15.226762800312601,19.59647397921026,21.546037428256906,20.411593179889245
2026-02-19 06:32:10,32.46191208477239,15.554491138729926,15.487264812900733,19.29395551297888,20.71411164612062,18.94942059310426
2026-02-19 06:32:40,32.95798319327731,14.285714285714285,15.84033613445378,20.932773109243698,20.95798319327731,17.30252100840336
2026-02-19 06:33:10,23.083839631599734,17.293972319560343,18.09228493878203,15.109116730111513,16.109108326820785,17.226745993731146
2026-02-19 06:33:40,22.638655462184875,19.697478991596636,18.26050420168067,17.218487394957986,13.411764705882353,19.647058823529413
2026-02-19 06:34:10,21.571066032503655,14.730844859750256,16.571150064704796,15.243441286701065,14.134216231659973,18.058520024873534
2026-02-19 06:34:40,20.033445097100028,14.714162065864992,16.873807783127873,11.075537180359829,14.562902832749302,17.613297367249018
2026-02-19 06:35:10,23.167872538886225,11.974689288325308,13.688960596969773,11.957882706868011,14.394837018176322,11.546121461164192
2026-02-19 06:35:40,19.51211314000487,10.671999865549607,14.159306908229205,14.461820290244784,15.797921060813588,10.024957354016284
2026-02-19 06:36:10,27.453550810497397,17.983042159309583,13.554507945311384,14.54609625129201,15.529281266543979,11.831833345938271
2026-02-19 06:36:40,26.78946572326516,18.428261709887227,15.882086015361088,19.940841330397813,19.268583721281995,9.983025495369828
2026-02-19 06:37:10,26.68862708189778,19.957647770625705,18.772793734559084,23.09204887312818,21.814759415808137,10.596460563688009
2026-02-19 06:37:40,26.461962504516773,18.98303375601886,17.218342703002495,19.672103595768103,24.890547138259343,11.184779959832271
2026-02-19 06:38:10,17.52955907192497,13.916083328431327,17.185018361498834,21.193455407188292,22.655652568508977,9.134530542273463
2026-02-19 06:38:40,19.873782573255685,14.36122385526172,14.613322577121203,18.848581104360466,19.680506886496755,10.93268123797279
2026-02-19 06:39:10,21.15090502680627,14.066990470748392,10.176299557990623,17.545923597922723,19.487067444244634,12.579620510579653
2026-02-19 06:39:40,27.22689075630252,18.857142857142858,9.588235294117645,26.184873949579828,24.126050420168063,13.840336134453779
2026-02-19 06:40:10,29.369254298247093,29.302028537335506,19.73076082754912,34.175896203425154,36.10863682963312,22.226517201391573
2026-02-19 06:40:40,26.33569183711198,28.318851784003634,20.90721164350179,35.90695954689838,38.41952236096872,24.352531890220334
2026-02-19 06:41:10,24.142857142857142,26.058823529411768,19.64705882352941,38.25210084033613,39.294117647058826,24.705882352941178
2026-02-19 06:41:40,20.369747899159666,21.15126050420168,20.11764705882353,30,33.319327731092436,23.621848739495796
2026-02-19 06:42:10,25.941394465499705,10.756392910864797,11.142950781099,24.916175766182906,25.075840973453555,15.437104513483305
2026-02-19 06:42:40,33.95798319327731,10.403361344537815,9.974789915966387,25.05882352941176,24.478991596638657,12.352941176470585
2026-02-19 06:43:10,114.931807295737,10.873858202872245,97.46136587087503,109.39403870555711,109.99907563801985,16.478853118881354
2026-02-19 06:43:40,120.14083796910975,10.352767180383523,98.72943311877111,109.19144216063597,109.40152266348464,14.344296734508664
2026-02-19 06:44:10,115.93922791213593,20.176131493588343,99.99831935597722,115.47705080586881,120.60301507537687,22.79793616914002
2026-02-19 06:44:40,121.37611132586008,22.360968723214736,102.56130149073124,114.94764793869012,122.88869094637063,26.57098200030252
2026-02-19 06:45:10,44.39458491945446,22.8737573633835,17.361198645389532,28.26867001117638,38.705557096158856,22.722498130267816
2026-02-19 06:45:40,43.21848739495798,26.848739495798313,20.327731092436974,25.151260504201677,39.99999999999999,26.210084033613445
2026-02-19 06:46:10,49.43655935664407,16.873807783127873,18.546062638129094,15.193149637398005,29.016562886026165,22.63846522298132
2026-02-19 06:46:40,44.08403361344538,14.46218487394958,14.983193277310924,23.899159663865543,26.277310924369747,19.008403361344538
2026-02-19 06:47:10,40.20201850435717,19.21864889620921,16.134589366297195,29.5884839368398,30.075882990613362,23.143051622282538
2026-02-19 06:47:40,38.61312089814371,17.68052369307821,12.932664431391332,34.840043360980154,29.092192502584012,21.646876917000696
2026-02-19 06:48:10,36.17616658683541,22.52922244350888,16.495659700338656,42.150906294905084,32.30224956092806,17.226745993731146
2026-02-19 06:48:40,28.066991033688797,22.36115662893589,18.890597558003716,31.327467836404736,36.58792783253922,17.083890051344106
2026-02-19 06:49:10,33.312044102322766,17.269488050018488,25.160509596961244,30.757336381054817,38.23657938081952,12.739924031059866
2026-02-19 06:49:40,30.91726543132064,17.43770746670028,24.748939031051723,30.2869868481869,37.8167149880247,10.739947056599014
2026-02-19 06:50:10,32.79101818548523,11.605432115365222,19.555279169047697,27.79085011260883,37.65672795724226,9.891088776093314
2026-02-19 06:50:40,37.345793135903726,14.050892466973677,20.06790144206528,28.90013109684359,34.77427812699587,11.933174224343675
2026-02-19 06:51:10,43.436974789915965,13.210084033613445,12.781512605042014,23.159663865546214,28.6890756302521,9.789915966386554
2026-02-19 06:51:40,57.158222901943645,11.159382536574707,13.453442350192848,22.377587119652443,30.368982294564002,11.571136862095912
2026-02-19 06:52:10,74.81449735716507,10.352854177695987,14.11752842413089,21.218309089839583,27.151032344266017,10.739405551213856
2026-02-19 06:52:40,79.7381556612494,9.512445168988757,13.403136081746528,22.93238769096318,23.310532596090823,10.041848036167462
2026-02-19 06:53:10,77.14996386615351,14.134216231659973,18.293810188064068,29.91546360565368,31.033091880808726,14.798070620661838
2026-02-19 06:53:40,69.87277524747483,37.772474412194754,39.18421539133796,49.20925698727752,49.915127476849136,36.99937816171157
2026-02-19 06:54:10,65.67901649538247,41.29307664512659,41.87289396065645,57.721233918472635,47.90635530196718,39.108257775014074
2026-02-19 06:54:40,63.15019915631671,40.5119241693417,40.436295188316166,54.95705954521773,47.629451605855365,38.38590948051292
2026-02-19 06:55:10,79.89983109101757,36.67257708047966,41.59698820998495,60.07613509357221,43.52977756115597,42.571786317532066
2026-02-19 06:55:40,75.70524617440188,17.613297367249018,28.65522138469424,48.17606574734667,26.915740203863837,26.20986378265729
2026-02-19 06:56:10,54.067226890756295,17.69747899159664,27.823529411764703,35.588235294117645,25.075630252100833,26.336134453781508
2026-02-19 06:56:40,49.44413166054637,20.41965328605161,30.503432686570925,40.990563263111014,29.747149231531978,30.49502953707049
2026-02-19 06:57:10,22.906793048973146,22.083291317938894,23.822728647776547,29.259520688380224,23.495008571140463,25.41931363651642
2026-02-19 06:57:40,17.646910530163613,18.789758069259925,16.260367559936473,20.29394710968816,17.445231552676027,18.907404139461015
2026-02-19 06:58:10,18.17647058823529,16.941176470588236,15.815126050420167,19.252100840336134,17.084033613445378,17.68067226890756
2026-02-19 06:58:40,15.99986554734834,15.40323190561424,11.083940471088479,14.613322577121203,13.646944143326525,13.714170469155723
2026-02-19 06:59:10,14.411643599633617,13.772993504256267,10.7982285863144,11.957882706868011,12.134351812169646,12.646952546617257
2026-02-19 06:59:40,15.991327876842407,16.655182265844275,9.705719231609553,11.436782575082772,12.991378296163091,15.260247726928961
2026-02-19 07:00:10,17.100984041882704,18.722846410474038,10.882444390288992,10.647148295363825,13.94129362431617,13.579946049966804
2026-02-19 07:00:40,16.209675386334794,16.40294782484475,12.445064410140919,12.613127400149576,14.940799811769448,15.24331319378503
2026-02-19 07:01:10,18.663551873077765,18.10053612544327,14.840086721231573,17.083746491655603,12.840120334112031,16.209811599805047
2026-02-19 07:01:40,20.14251861313255,21.688711114098925,16.94089174971849,19.924034890169914,13.251878119695467,14.277070973597084
2026-02-19 07:02:10,21.991042242632535,22.26834617614682,17.68862969841096,23.335546162701778,15.024831306773779,18.243237565439525
2026-02-19 07:02:40,24.49559247401282,23.268712027630023,19.08387324476265,20.445206342803846,10.915874656515493,16.00826883807699
2026-02-19 07:03:10,24.907772334221292,21.176648543265067,17.285859545038193,16.38669232514559,14.311044630627148,12.15976604845419
2026-02-19 07:03:40,22.11783292296574,13.56313918604358,16.42030605299204,11.395053739947391,10.378238472592205,12.563130782611617
2026-02-19 07:04:10,20.85696758850766,14.840211426794733,16.638515642725693,14.75617851950824,8.294047949176896,11.344442483676607
2026-02-19 07:04:40,21.68871111409892,20.386211996437034,17.361052755415873,14.327490294280768,11.714088838843043,13.293894220265207
2026-02-19 07:05:10,72.17647058823529,26.403361344537817,71.78151260504202,14.60504201680672,63.571428571428555,15.722689075630253
2026-02-19 07:05:40,75.68003630221595,28.630011512508304,73.25988857236494,16.428433374509456,67.9237989596726,16.067091873177535
2026-02-19 07:06:10,72.91474092872389,27.007949446227798,72.71306364598915,13.151039478328098,69.79714626644929,17.613149358834303
2026-02-19 07:06:40,70.75451879364385,23.96578237523423,73.55276757728795,16.327319479340854,71.24190146466894,17.386116316395384
2026-02-19 07:07:10,24.63004512567121,18.31077049772691,19.377988420265375,16.117511617549432,19.436811455365923,19.151099570591846
2026-02-19 07:07:40,25.411764705882355,16.109243697478988,17.285714285714285,17.54621848739496,18.571428571428573,17.504201680672267
2026-02-19 07:08:10,24.705467135006135,14.571183677585253,15.268650947042909,15.310667047612647,18.419858489773283,15.545957210803179
2026-02-19 07:08:40,22.142485000252098,12.319120687047278,13.050200836960723,12.806507453656241,15.629989411942658,14.310683854052872
2026-02-19 07:09:10,17.705882352941178,12.336134453781513,13.554621848739497,12.647058823529411,14.697478991596638,12.411764705882353
2026-02-19 07:09:40,19.33678442972873,10.075968940132443,13.739957645635148,11.336515513126491,13.756764933275068,11.781908635584388
2026-02-19 07:10:10,26.11012134861676,9.117953544656961,14.244176274832768,11.57181754008538,11.706275841204745,11.168442636727285
2026-02-19 07:10:40,30.514400006723086,8.874471607573554,13.723496340120844,10.832569983108248,11.051070231021992,11.513282293916447
2026-02-19 07:11:10,32.92519979495281,15.378538954763568,19.555114834827773,24.44599443683454,17.361782229804113,17.260939351412222
2026-02-19 07:11:40,31.638123729012964,18.545906791482498,19.671938286751484,24.04161274600427,26.41132081813751,19.50387388447253
2026-02-19 07:12:10,25.4619709078075,22.092251325619117,21.260325543482832,23.66366669187654,28.26026672044773,20.310753691145454
2026-02-19 07:12:40,27.08335083989479,21.453240674604842,22.554053259161535,23.57923749821433,30.96560590909473,18.848264329470684
2026-02-19 07:13:10,24.18487394957983,14.512605042016805,19.68067226890756,11.352941176470587,28.82352941176471,16.361344537815125
2026-02-19 07:13:40,19.041536767980638,12.176163626127071,22.41960286715461,13.99124391822055,29.226153962505148,12.041713234120149
2026-02-19 07:14:10,22.394581603670527,10.781331406194854,20.747550461336782,14.403119275306297,29.31043175744945,11.058637669955127
2026-02-19 07:14:40,25.00798305910826,12.109040184198586,19.083712878775145,15.714021613082133,28.873464311524177,11.63005663770357
2026-02-19 07:15:10,28.975033403642048,11.840435633912888,15.067353507172326,14.563147589475541,24.1430600257145,6.008453852553383
2026-02-19 07:15:40,30.64705882352941,13.49579831932773,11.966386554621847,15.798319327731091,19.067226890756302,9.983193277310924
2026-02-19 07:16:10,33.621566205326005,20.512432668633036,21.26872883421148,17.05868017915816,20.546045831547634,17.327585482474937
2026-02-19 07:16:40,69.10866295241216,18.646902126872885,21.546037428256906,18.411609986470705,20.327560272602753,17.344392063932233
2026-02-19 07:17:10,71.0918395643734,26.487172376702716,22.831740909740255,24.00820161175116,23.050226468685135,19.52084436265241
2026-02-19 07:17:40,69.27789309153857,28.41200346221397,23.369944285246095,22.302708426121225,22.96657955108866,18.2522542206237
2026-02-19 07:18:10,68.4873949579832,19.521008403361346,13.823529411764705,22.773109243697476,21.96638655462185,12.705882352941178
2026-02-19 07:18:40,31.621583011907468,20.226720783858966,14.12593171485954,24.277106915067943,22.428382954765087,13.20997302543676
2026-02-19 07:19:10,33.47899159663866,15.336134453781511,16.294117647058822,23.495798319327733,24.075630252100837,16.478991596638654
2026-02-19 07:19:40,42.81476626246838,11.319232611490659,14.966260787724476,22.78972445609701,24.2014772985101,15.562894429458579
2026-02-19 07:20:10,51.38612280569072,13.672154015512476,15.109116730111513,22.65527180443862,23.80652263426358,13.747783632070318
2026-02-19 07:20:40,49.940756800363026,13.243586188351362,12.319224208199932,21.117469601095788,22.957790270669996,12.890647977748088
2026-02-19 07:21:10,70.86495071469987,10.260417979680843,9.184796766413728,18.70572516197343,19.84857270106974,9.613364593574845
2026-02-19 07:21:40,75.31932773109243,14.016806722689074,9.268907563025211,21.932773109243698,16.3781512605042,11.386554621848738
2026-02-19 07:22:10,79.42016806722688,15.445378151260506,11.61344537815126,25.63865546218487,18.873949579831933,17.974789915966387
2026-02-19 07:22:40,81.17647058823529,18.26890756302521,14.655462184873949,24.865546218487395,17.436974789915965,21.352941176470587
2026-02-19 07:23:10,67.76356699887397,27.150804188164905,20.117308952790708,30.33562461135107,23.344145476546615,26.57938522041647
2026-02-19 07:23:40,70.28512365442309,33.226611541079485,25.193065604490716,35.98289090007647,30.655204578112794,32.45350879404374
2026-02-19 07:24:10,61.361344537815135,31.512605042016805,25.17647058823529,29.52941176470588,27.277310924369747,29.252100840336137
2026-02-19 07:24:40,77.80476122450695,27.537120912918162,27.226204381402148,28.8564153844861,29.133719318000384,24.478374494760633
2026-02-19 07:25:10,63.10084033613445,19.974789915966383,22.672268907563023,22.100840336134457,23.907563025210084,18.680672268907564
2026-02-19 07:25:40,60.45378151260504,21.201680672268907,30.36134453781512,20.352941176470587,27.252100840336134,20.445378151260503
2026-02-19 07:26:10,49.94916009109167,18.504046184485844,32.78123713246107,28.10900748733204,30.15941042512248,20.48722279644709
2026-02-19 07:26:40,27.36157446701233,21.084210791687322,29.76495600803368,30.622106068118214,29.210329498567216,21.95816771569509
2026-02-19 07:27:10,28.99135301384022,22.268720430920748,31.17620860328905,29.571180074117027,27.596406752884434,22.82333761901161
2026-02-19 07:27:40,16.26877085066512,14.218367912874683,18.403206695742053,21.529230846799607,15.167939765212058,14.10912513340224
2026-02-19 07:28:10,19.436811455365923,18.781354778531274,14.159544877774136,14.638532449307148,11.722590566465827,11.504105007520945
2026-02-19 07:28:40,20.050420168067227,20.235294117647058,14.529411764705882,11.52941176470588,11.310924369747898,12.109243697478991
2026-02-19 07:29:10,16.94103410895707,19.21832589642104,12.394853824757776,11.941076125410714,9.176393475685078,12.378047243300477
2026-02-19 07:29:40,17.94927816339221,18.01650392430379,12.974571855935196,11.243508512461977,11.436782575082772,12.159459504882271
2026-02-19 07:30:10,17.756611814944243,14.287024912634799,13.503031718362953,12.060150626777538,11.834961092252646,11.54304873268334
2026-02-19 07:30:40,20.35846239814513,18.690419596166834,13.486126053994546,11.442773621571128,13.386043485875845,10.592071792562194
2026-02-19 07:31:10,22.219071369592232,19.733604677348055,14.70428784706873,12.435673953476732,16.91451829486976,13.486575977714201
2026-02-19 07:31:40,19.666880739301238,19.208153665229325,13.278063671317886,12.760953151455004,14.06206994336806,15.90531873191156
2026-02-19 07:32:10,21.546399549576044,19.848906293330195,15.327859897982332,14.08415196766359,14.88247800401684,20.87412499264699
2026-02-19 07:32:40,17.235438953268513,13.882469600584876,15.890889839410413,16.739636467533337,14.00011764804746,24.277514937100307
2026-02-19 07:33:10,16.73963646753334,13.890873032546489,17.832082622543044,17.63880368742594,14.991722619517809,23.613643812132874
2026-02-19 07:33:40,17.85759304856425,17.050850021429113,20.202189971175745,18.134910964141955,16.260914140692627,23.983797910871704
2026-02-19 07:34:10,13.571884769235943,14.319809069212408,16.790480352280746,16.740058489360987,12.277723620962048,18.731722074691586
2026-02-19 07:34:40,16.714707093456138,16.076035530307486,17.487835827793976,15.487785406354782,9.386791263645303,18.78198610048993
2026-02-19 07:35:10,15.966654901763055,15.33639220827241,14.647304996722635,13.697709205196725,16.04228642498193,16.41204053849645
2026-02-19 07:35:40,18.311232121548258,12.924586967848201,13.185095547824336,15.933040891443554,18.210390090589755,15.067480125716399
2026-02-19 07:36:10,18.370211013723036,15.202063917577755,13.370084960125048,16.126456969503437,20.714807936334527,15.756699748733164
2026-02-19 07:36:40,16.765269420820868,11.697872197384786,13.101280715318161,19.93344314094592,21.832666644256946,12.378567346801574
2026-02-19 07:37:10,19.882687103984942,12.647271382712317,14.714533017361633,21.420528076102123,13.882586261953984,14.243936872888618
2026-02-19 07:37:40,20.924721423889476,12.176675238239296,15.353199213432159,18.916284307299282,11.445570513790148,12.453990823375182
2026-02-19 07:38:10,24.428571428571427,10.134453781512603,12.798319327731091,18.235294117647058,11.277310924369749,13.067226890756304
2026-02-19 07:38:40,29.605290800763022,17.756451734888525,11.11774048521416,13.260615635425504,11.588332675064498,13.748014689199067
2026-02-19 07:39:10,24.790749268882987,15.496319204006856,7.319573767185453,8.933073380617834,10.361692830011094,13.563481125415978
2026-02-19 07:39:40,25.31134977058438,13.479218138119966,6.773223079379485,8.420309585035042,11.075816400275635,13.563253163918723
2026-02-19 07:40:10,20.454297167155474,17.891207341361547,7.378337269006783,8.403573199324352,13.235627788935854,10.143112851584494
2026-02-19 07:40:40,17.092724247466343,9.428729894620078,12.252306761458177,6.630363535521607,13.361569102001713,8.100976486999782
2026-02-19 07:41:10,19.41241722410837,12.630676661400383,14.773605835490267,9.134760832296882,14.975293287169317,8.193552724461327
2026-02-19 07:41:40,22.554811384969618,17.92452037412079,21.42875150211346,14.932898595786517,19.143018008554694,11.907663089605794
2026-02-19 07:42:10,28.403838719978484,15.185129161834654,24.336543471318848,16.916250693288966,19.126371871796163,14.622094488983006
2026-02-19 07:42:40,34.27005949779824,16.933342297220072,20.33681804430401,16.345087229822852,17.82412854213587,18.72331843087163
2026-02-19 07:43:10,41.622548278122316,18.588547706684146,16.73977713911158,19.72302055496731,17.050706734566965,19.378476949192425
2026-02-19 07:43:40,36.42078018117951,17.45407485840098,11.361535487991395,14.092673826450863,10.01697507521135,15.781777845005799
2026-02-19 07:44:10,38.312212175199164,18.429190897173015,12.06763252546304,14.429056438871893,11.06759891088776,18.572052842112342
2026-02-19 07:44:40,34.68096370557735,20.40353280279666,12.621954806342908,14.311044630627148,14.495920133782636,16.30265800552946
2026-02-19 07:45:10,33.95826855687862,13.748014689199067,15.65559374448525,7.96645349960924,10.974882141866736,13.54633232212035
2026-02-19 07:45:40,36.832861332638636,11.790213198652067,14.798692404010186,8.025412405354757,13.765052900493291,13.924720791280453
2026-02-19 07:46:10,38.33581230409829,12.890647977748088,14.478869925462812,4.991554692817708,12.512499894958864,13.294005932723255
2026-02-19 07:46:40,41.21181562250514,13.538383965712844,13.815706542291691,7.966721290810538,10.613891339972266,15.639312576158659
2026-02-19 07:47:10,33.109800164708645,21.470949091581367,12.924586967848198,13.806954738735106,15.285971192793154,16.059093430141683
2026-02-19 07:47:40,47.51340358661489,23.227281130775303,12.630464377552563,16.07590043530143,14.386796416746497,17.8910569925545
2026-02-19 07:48:10,48.60545046597029,22.84893150362608,10.437062496323497,16.227027117874936,12.000100841183539,15.899293271372027
2026-02-19 07:48:40,51.49579831932773,20.218487394957986,10.084033613445376,15.470588235294116,11.84033613445378,15.260504201680671
2026-02-19 07:49:10,62.99212598425197,14.991722619517809,10.327817880822526,13.67238380154455,11.000092437751578,14.663988773014896
2026-02-19 07:49:40,59.900166389351085,31.538345182271975,16.65574211331283,17.395250340341857,17.20196978100472,16.571707087514078
2026-02-19 07:50:10,61.177498781492126,30.252609287551053,18.857459789240156,17.765004453856367,17.605337904838734,18.370056639607387
2026-02-19 07:50:40,62.57142857142857,30.613445378151262,19.2436974789916,19.050420168067227,18.571428571428573,18.411764705882355
2026-02-19 07:51:10,62.06693575512949,31.575849310460814,19.088462832156072,21.644803229061548,19.33232425159771,16.305079044735958
2026-02-19 07:51:40,54.90291711164743,15.935216407807,14.110444924696644,19.837031929296415,13.774081517671693,13.748854262144825
2026-02-19 07:52:10,76.43210333344545,17.55020350499512,15.851525446533685,19.51797907766827,16.002892798277777,13.370782737394462
2026-02-19 07:52:40,78.06285055963403,16.835271660065423,14.951604900897264,19.99714086295483,14.59841738355323,13.084756594935959
2026-02-19 07:53:10,86.02954770828782,14.723431433517655,15.908365127653495,19.042976956821352,12.815772223809605,15.269677462729211
2026-02-19 07:53:40,94.3645164543346,11.302900937846651,13.933241453494233,16.160207065783723,13.126491646778044,13.227335372617565
2026-02-19 07:54:10,70.0101683235712,8.227098162138542,10.487659352756792,14.5970066472264,10.857416573527063,12.176777565820988
2026-02-19 07:54:40,63.50687003655615,11.294592209756713,10.832387915458632,13.513172822387492,11.840833648472623,12.429093659397452
2026-02-19 07:55:10,56.313290474389675,14.706500273120717,9.168452455985546,10.916425059876465,9.496197319215092,13.698054540106726
2026-02-19 07:55:40,41.84103934519908,15.991865409502678,9.033765273365939,12.899376460108572,10.008571572631473,16.571707087514078
2026-02-19 07:56:10,54.6246029211557,20.446409062641813,13.446056103669093,24.328957762576266,12.580466241995394,15.437753164025079
2026-02-19 07:56:40,48.69071229285018,15.782043093885509,16.10978520286396,24.152072338566,12.126458032202763,13.714746714175266
2026-02-19 07:57:10,40.405398591525625,16.059633258819773,20.32035228666992,28.29554431315865,15.059582836109383,15.437753164025075
2026-02-19 07:57:40,37.328985848263805,18.50482369155266,24.412585296984773,25.404215267740092,17.53840465225722,16.462738243302294
2026-02-19 07:58:10,17.538552040001683,13.286272532459344,21.017689818899953,13.849321400058825,17.782259758813396,20.580696667927224
2026-02-19 07:58:40,16.79062145468297,16.311609731501324,19.11004664061515,14.488003697634353,20.967267532249252,23.89176015798983
2026-02-19 07:59:10,12.117748888646119,15.100967235018778,16.22702711787494,13.714400961352617,24.76491399087387,21.42875150211346
2026-02-19 07:59:40,13.328067094128427,14.815499550408834,13.647402875702753,13.815474339689239,27.488087934989956,19.67276485961831
2026-02-19 08:00:10,15.874349773523704,20.059329226787227,13.075959898148696,17.82397875576695,24.967015975192655,21.613990268662235
2026-02-19 08:00:40,14.488003697634353,21.362242111013064,13.437539392411447,17.26122946342283,22.26984327072566,18.82432034959452
2026-02-19 08:01:10,15.773772007227194,20.96726753224925,15.462834572881212,13.412328249086094,25.303584184209416,18.580612630782802
2026-02-19 08:01:40,13.597209966805327,18.992394638430184,14.756922559771422,13.06777595697298,19.2361023572419,17.25282574898105
2026-02-19 08:02:10,10.034119367363061,14.782257928971209,13.462863673798683,10.387078340084374,18.673210413970452,11.025766005008656
2026-02-19 08:02:40,15.714946006134713,15.950250010504643,14.614059414261101,12.916509097020883,18.23606033866969,13.496365393503925
2026-02-19 08:03:10,19.286200492449392,17.681118011378437,13.000327739354775,10.98347017151693,7.840533794969623,12.849063421766937
2026-02-19 08:03:40,18.597263773572223,14.429056438871896,10.924736965948435,19.841003058926347,6.101045413291203,11.57181754008538
2026-02-19 08:04:10,20.706578372382264,15.882886819725034,14.04248882315372,25.110087734041482,8.807018723318432,12.29453090860197
2026-02-19 08:04:40,16.034017664310866,14.672638806020322,12.33644545660815,22.950158407354806,8.916191164483138,9.857391362807466
2026-02-19 08:05:10,14.57191838381122,15.504722847826816,13.12649164677804,27.98413392046791,12.168476251302565,10.370096473831053
2026-02-19 08:05:40,18.353558102793375,22.177216040875322,17.471175501697537,19.185518840969443,13.54667383777606,11.185249924367206
2026-02-19 08:06:10,17.950183199435276,25.269756966620726,16.219032572523446,14.664358465830787,11.60543211536522,10.437325624390734
2026-02-19 08:06:40,21.90866766391583,25.875254214498213,17.597525925676926,16.715128493873642,12.521639746541844,20.538850698354537
2026-02-19 08:07:10,21.11853439220135,26.085129627295267,20.90844153115677,18.17723433757721,15.471238287322997,26.90869364259002
2026-02-19 08:07:40,25.950670196226728,22.337072986259926,18.664649775200637,17.975545190974408,15.14349342409345,27.13559393251817
2026-02-19 08:08:10,28.168777364135234,19.529904115229797,15.403749674361539,22.87452624856089,14.55498878122978,28.009109473348065
2026-02-19 08:08:40,30.681703586675184,20.177148811724766,11.487781101885778,25.689939157618742,13.555077481596022,18.37876903425325
2026-02-19 08:09:10,31.757636875498967,15.967057439388208,10.412202193369469,21.160552964410268,10.252531618975587,12.151771082818605
2026-02-19 08:09:40,30.741045767013464,14.000705917945444,8.412188849857976,18.95053532110863,11.177034136174935,12.21910348420929
2026-02-19 08:10:10,30.303794277070466,13.614017395688894,11.39543678305811,14.059414261103406,14.034203117778057,12.681205092650952
2026-02-19 08:10:40,25.992470335137313,12.865978688359275,15.992134189384515,11.395341019866216,15.74842851860567,15.269420820867929
2026-02-19 08:11:10,24.491200967221925,95.84900591080064,16.002821063944115,11.452176249328318,21.989185921547556,93.98508866200966
2026-02-19 08:11:40,18.563296559367288,98.22343122932516,20.82178899467701,14.130270515339276,23.676389098785958,94.08426107836718
2026-02-19 08:12:10,22.316256108004637,98.37455711718974,22.433798465232652,14.969858781253672,20.998102530519034,91.24645273957651
2026-02-19 08:12:40,25.078501502863,98.49209947441776,21.014894295837326,16.069719409601536,17.46343593101943,85.31895958222087
2026-02-19 08:13:10,27.655694585668783,12.848847469306465,21.28589315876604,19.159824872477916,10.596727703594146,6.89081420852276
2026-02-19 08:13:40,31.740562707990183,15.303035396147772,21.429291740898854,22.53016908131366,11.31970822548657,11.428955595146055
2026-02-19 08:14:10,30.86606497588195,16.739777139111585,24.975209667389368,21.311282542563738,17.706179935797238,17.45407485840098
2026-02-19 08:14:40,25.352728128335063,14.638532449307148,24.672061579314462,19.72252334014,19.251939059335637,19.655297014310804
2026-02-19 08:15:10,21.49561768388501,17.764556600364703,18.621692254686938,17.24355257518845,17.30237561028899,19.60487726993891
2026-02-19 08:15:40,19.907395736170283,16.974647271871664,19.151099570591846,13.621734271140582,16.218351106293227,14.638532449307151
2026-02-19 08:16:10,23.833535027564878,17.11879790237999,13.647976334543499,21.144278606965177,7.975326072340999,10.916700282371924
2026-02-19 08:16:40,24.773525605472358,19.15158237953579,17.412057345501605,26.798769727222304,10.596816753222743,14.689322509622011
2026-02-19 08:17:10,28.260979176120603,18.294425116388513,22.80710600178154,24.445789004857225,11.084219902855512,12.201885745978924
2026-02-19 08:17:40,31.5716938797805,15.327859897982332,20.77328380910764,26.235514584156167,8.462255985344413,14.10936226354843
2026-02-19 08:18:10,33.47730366536142,13.940473589566915,18.772162748096736,16.839487084684805,10.310404517419292,13.562341394551536
2026-02-19 08:18:40,33.714285714285715,12.924369747899158,15.176470588235292,13.159663865546218,7.9075630252100835,11.949579831932773
2026-02-19 08:19:10,36.924369747899156,10.77310924369748,12.201680672268909,15.403361344537814,7.394957983193278,12.420168067226891
2026-02-19 08:19:40,35.537815126050425,15.705882352941176,10.386554621848738,28.80672268907563,7.588235294117647,10.403361344537815
2026-02-19 08:20:10,40.82421553303417,16.781794652010955,11.327921477671895,31.655994218390227,5.966486831711458,8.882502226928183
2026-02-19 08:20:40,63.92544412511134,21.832299702516007,12.428780315635555,27.420628918133076,7.848871409603523,11.580026555068153
2026-02-19 08:21:10,67.21064882898176,24.042218842175142,12.92447835696098,26.773334229699408,10.184959537475105,15.319456466020723
2026-02-19 08:21:40,142.56422322876665,19.579996470558577,13.638770073698096,24.378356120639666,15.420297649560077,15.563155992907504
2026-02-19 08:22:10,137.85714285714286,24.739495798319325,24.53781512605042,23.806722689075627,17.17647058823529,19.680672268907564
2026-02-19 08:22:40,124.69852687837711,18.470743451625644,24.277514937100307,23.243892805821893,15.15138782678846,14.420289246128117
2026-02-19 08:23:10,140.1596638655462,22.151260504201684,25.277310924369743,21.512605042016805,16.899159663865547,12.109243697478991
2026-02-19 08:23:40,73.85652221409904,23.907362123007374,24.68046487004311,8.050352518046065,11.4620885538777,13.638540852597878
2026-02-19 08:24:10,79.33813457482123,14.798692404010186,12.403674042202745,7.596830172189215,9.848987789608142,12.26081329781423
2026-02-19 08:24:40,88.16954906805157,17.65575892031799,12.87416595236895,12.773323921410443,43.387283819896126,16.193549471419686
2026-02-19 08:25:10,74.75693073051033,15.806855519794283,12.369851847494516,21.790099076462827,41.65581223371625,17.76485516685014
2026-02-19 08:25:40,74.4898988201284,14.479478301791657,13.521462906316179,22.673031026252982,44.009882685132276,16.555178325321858
2026-02-19 08:26:10,70.77370398070572,16.23543054983655,12.773216581651944,24.168270321599337,44.80709921932117,16.168203094143646
2026-02-19 08:26:40,77.41371631217594,11.370034538685852,8.958209030479761,20.857668680723044,10.126305705185846,13.865895778885182
2026-02-19 08:27:10,69.99218480827568,10.596727703594148,6.428625450634039,15.008529483441036,13.815242144891974,13.722804393314226
2026-02-19 08:27:40,57.14381754315199,10.87413233835863,6.8488546025983625,15.227146674734026,12.008605186641793,15.764970839846049
2026-02-19 08:28:10,44.941931797173055,14.773357535420764,12.008605186641793,17.66416242289786,15.17672565925478,17.109531252626095
2026-02-19 08:28:40,20.319327731092436,16.470588235294116,13.705882352941176,20.899159663865543,16.025210084033613,19.151260504201677
2026-02-19 08:29:10,19.874283601405065,17.050706734566965,16.470865056555574,22.882737525000422,10.109413603589976,15.647321803727795
2026-02-19 08:29:40,20.210593544375072,19.26098977285142,15.983596225114919,25.647705404337923,9.983444960797332,16.218896274696
2026-02-19 08:30:10,22.664056000470588,16.764846763418177,14.45390297397457,25.706098370574544,8.605114328691837,14.815250548323933
2026-02-19 08:30:40,23.949982352644586,19.529739995630177,13.109464024605458,24.067631388762837,8.000134456041277,10.706062286761123
2026-02-19 08:31:10,20.49562608717574,18.19312442752582,12.294014336013985,21.470407811699065,9.848656733977027,12.34443408038588
2026-02-19 08:31:40,22.139408825273147,13.364952993986618,12.577284661641402,18.793935800796145,10.298975184212756,10.358262047937664
2026-02-19 08:32:10,26.382654357584485,20.72499364783603,19.93732531549081,19.59854323706276,14.279664605742356,10.739391886169223
2026-02-19 08:32:40,25.654272888964176,20.945201998814262,25.544168713475056,19.708647412551876,17.718302701787078,12.695858389091216
2026-02-19 08:33:10,28.1026874571218,24.04566898455961,27.645320030152366,24.782538728010366,18.93839938340095,16.753199454546994
2026-02-19 08:33:40,26.789915966386552,28.764705882352942,31.109243697478995,27.638655462184875,19.008403361344534,17.915966386554622
2026-02-19 08:34:10,20.370261435162234,22.84091195576359,23.521601384908863,26.336798406682522,15.840735480726407,17.462625108196008
2026-02-19 08:34:40,17.041730391085867,19.949244550511757,19.201357960370416,23.360951916774507,18.512293911026706,16.957698189946385
2026-02-19 08:35:10,19.882185863984336,18.96622717456156,15.058696985739617,19.941008899084885,21.99981512760397,10.907471365786844
2026-02-19 08:35:40,26.075849376885518,19.69764451802116,10.638744863402213,17.30266640896142,24.79852771872032,9.537895276430893
2026-02-19 08:36:10,26.049106767726,15.108481925281081,7.772717341982759,14.696737979597671,23.729895971631688,7.033258827286019
2026-02-19 08:36:40,33.46218487394958,16.521008403361346,9.504201680672269,15.663865546218487,19.159663865546218,7.512605042016805
2026-02-19 08:37:10,28.96614314165427,14.159544877774138,11.672170822093934,10.899068075058192,14.588112704935252,10.781422004857102
2026-02-19 08:37:40,22.57983193277311,12.865546218487397,14.76470588235294,9.873949579831933,13.327731092436974,9.714285714285714
2026-02-19 08:38:10,23.411764705882355,16.184873949579828,17.30252100840336,11.184873949579831,11.142857142857142,12.69747899159664
2026-02-19 08:38:40,19.73076082754912,14.814877060889733,13.781280986874172,10.630073444143795,12.932555755365458,12.335927127275172
2026-02-19 08:39:10,18.008403361344534,11.941176470588236,15.504201680672267,15.512605042016805,14.563025210084032,11.3781512605042
2026-02-19 08:39:40,20.058823529411764,15.756302521008402,17.64705882352941,19.941176470588232,16.26050420168067,11.840336134453782
2026-02-19 08:40:10,19.815126050420165,16.462184873949578,19.521008403361346,17.084033613445378,19.88235294117647,12.201680672268907
2026-02-19 08:40:40,20.411593179889245,16.655322224182992,21.974605255418023,17.092293342072757,17.890605961294444,12.20157813799884
2026-02-19 08:41:10,21.529230846799607,20.075461550743274,17.47884471559063,14.915841043352579,22.68888496735322,13.151149990336217
2026-02-19 08:41:40,18.19312442752582,16.142721489735383,12.403257115486426,10.66377593465601,19.7393299215973,14.646935740035799
2026-02-19 08:42:10,20.941000495794153,18.646902126872885,12.98308417576323,13.688960596969773,19.907395736170283,14.394837018176318
2026-02-19 08:42:40,22.949194131191074,20.529066738374148,12.66365271171913,10.991411909043546,20.5206635182602,13.714055225962591
2026-02-19 08:43:10,29.21824186351375,20.546045831547634,16.22675439702187,10.941084528701438,12.117545230712349,19.756136503054595
2026-02-19 08:43:40,30.07537751783598,17.27716573810304,16.142721489735383,11.722590566465827,13.420055293652993,16.470449828152706
2026-02-19 08:44:10,31.496062992125985,92.60582021697662,13.353053387003246,9.655543323893477,13.05893326834679,95.99240329750668
2026-02-19 08:44:40,37.33550696626948,91.52787348111798,13.008184736390982,20.19293793381624,12.419959328414649,106.66207290633771
2026-02-19 08:45:10,33.75573519772777,93.56145274869331,14.991344683282634,20.47864741769046,17.764407320885365,102.33441454765466
2026-02-19 08:45:40,35.08373879211099,101.37729935042563,20.596465575919527,24.848530684616097,18.033461903681484,101.77225401467216
2026-02-19 08:46:10,35.319327731092436,24.000000000000004,23.789915966386552,35.99159663865546,17.865546218487395,30.848739495798316
2026-02-19 08:46:40,28.453064208465328,23.453190255707838,25.285076846802184,27.932068939438505,18.94910212347588,23.201095770694852
2026-02-19 08:47:10,29.37790438735809,20.705708355391973,24.35273653162579,28.0501844522315,16.478853118881354,20.83175771632171
2026-02-19 08:47:40,33.8313641787533,14.36110317473656,20.075292852220972,23.83153224315558,15.201425186131326,23.26011327540714
2026-02-19 08:48:10,33.545936588768164,12.134351812169648,17.378005226846835,13.97467248174385,13.529298073125434,13.722573759884371
2026-02-19 08:48:40,32.81485029537567,11.394862228048504,16.529272863253254,14.268787657246579,15.176343055940706,10.890664784329545
2026-02-19 08:49:10,36.36974789915966,11.075630252100838,14.23529411764706,16.084033613445378,14.210084033613446,10.705882352941178
2026-02-19 08:49:40,36.66386554621848,8.084033613445376,12.638655462184872,21.294117647058822,13.453781512605042,8.285714285714285
2026-02-19 08:50:10,42.67226890756303,17.64705882352941,11.714285714285714,23.91596638655462,13.369747899159664,9.92436974789916
2026-02-19 08:50:40,47.588235294117645,17.445378151260503,11.243697478991598,23.747899159663863,10.487394957983192,12.126050420168067
2026-02-19 08:51:10,43.738760693097596,17.688778339859834,10.86536360733433,24.234886808625067,15.646795852170554,12.226685265793853
2026-02-19 08:51:40,40.1090927288195,31.88543595389414,11.601527965437288,39.95062469765968,16.205441291764664,27.598458689886407
2026-02-19 08:52:10,33.91187582882259,36.53908706494633,26.030242120451376,48.549195572940555,15.938414832484007,36.272195764768675
2026-02-19 08:52:40,40.58449682229895,36.531051393684635,26.614288812157,50.97666349730604,15.60493085789588,33.78705232781198
2026-02-19 08:53:10,54.42035029190993,36.522101751459545,26.847372810675562,48.15679733110926,10.658882402001668,33.90325271059216
2026-02-19 08:53:40,65.00163869677387,28.311638108523745,32.126860341017,31.04279939830416,13.353277813726397,22.286276124608186
2026-02-19 08:54:10,70.58161130112524,18.22735026933452,22.00895820903048,18.731564661293987,15.235678210375053,14.12640654806424
2026-02-19 08:54:40,71.89196457083314,20.033950150422694,20.907914418729725,15.51286576244979,15.857409368224676,14.059059816131365
2026-02-19 08:55:10,65.90026723138203,17.706179935797238,20.361686751037833,15.22714667473403,17.38684683776198,15.487655254710164
2026-02-19 08:55:40,76.38719653106328,14.848864276170387,12.1681694804158,11.596736107026109,13.554735754081964,14.10095883158682
2026-02-19 08:56:10,80.67430271351378,10.46244863315882,9.21031622645949,13.681017168500048,11.109523769506795,11.370034538685852
2026-02-19 08:56:40,81.23166908977839,10.91660853999815,15.320228921028963,14.908439992268455,11.866244232854031,15.017690116225324
2026-02-19 08:57:10,84.01821879359316,27.849207549706716,28.43745273029799,24.53822753323585,21.97515924637389,27.57189196457083
2026-02-19 08:57:40,64.06830366896924,27.89122506260609,30.65597741138507,23.21047412561556,22.04238726701289,27.958453083245093
2026-02-19 08:58:10,49.824366796080604,28.109716129682848,31.00892451973983,20.185213196860452,23.44577219785206,29.580329081161032
2026-02-19 08:58:40,37.88203460475122,28.478752279392612,27.12582247208007,20.193107620944364,26.167847329014045,28.100604196603395
2026-02-19 08:59:10,25.42038168387969,15.57996285683073,13.504315162312286,12.92447835696098,16.57997126026269,15.714417768216538
2026-02-19 08:59:40,19.521664593767856,17.882954048875593,14.269387206292649,15.160173451208445,15.378668190527414,16.420720024202495
2026-02-19 09:00:10,18.41222887971966,18.89963612528047,12.109548980226394,15.681067589939243,14.65583165962167,16.798742825449384
2026-02-19 09:00:40,15.269035874251042,19.000159665207267,11.11774048521416,15.949713863141707,11.25219539659997,16.033748182757837
2026-02-19 09:01:10,13.016916108538727,18.428726291817576,13.437087706619383,15.067353507172326,11.369843444062553,15.680804040370086
2026-02-19 09:01:40,13.092436974789914,16.310924369747898,13.19327731092437,13.277310924369749,14.403361344537815,14.76470588235294
2026-02-19 09:02:10,13.655576937621323,17.302666408961414,15.369877057790399,13.865662736661651,15.269035874251042,15.773241791947829
2026-02-19 09:02:40,15.033613445378153,16.563025210084035,17.243697478991596,13.781512605042016,16.134453781512605,15.53781512605042
2026-02-19 09:03:10,13.521235651019344,13.311148086522461,17.765004453856367,12.907779962688448,14.395199919326377,14.638901494142761
2026-02-19 09:03:40,17.37003983260223,13.43720062522059,18.35324963444764,12.445587320795308,14.470831442545254,15.1010941360359
2026-02-19 09:04:10,14.899535282402079,11.454070270679093,18.79879324688858,13.176802776540587,15.907964066321,10.580098657949362
2026-02-19 09:04:40,18.285867948470155,10.98328557382835,18.756460138320488,13.126160724039698,14.361465222396824,12.14295918453096
2026-02-19 09:05:10,17.748495747756227,10.77347137718915,15.992134189384519,12.706309455780026,15.084540656828798,11.252479074926889
2026-02-19 09:05:40,20.487567122412788,10.3110110168993,15.042143211287486,10.36983504063059,13.865662736661651,11.57152581114127
2026-02-19 09:06:10,22.57142857142857,12.621848739495798,13.680672268907562,11.252100840336134,13.521008403361348,15.823529411764703
2026-02-19 09:06:40,18.059127044152003,11.11783391317501,12.08423670986067,10.865728835778752,14.353182406427,12.143061227919796
2026-02-19 09:07:10,23.453978604862225,21.781695644501212,15.193404986596523,11.269002260523196,10.588324271632533,14.722812796746194
2026-02-19 09:07:40,24.235905106851437,24.28632654604738,20.185382824777097,14.075985108868291,11.907863223442607,14.966763867996674
2026-02-19 09:08:10,24.849365950402113,20.26941855677034,23.370337067321028,12.42888476180072,10.353202181567603,10.260762876375036
2026-02-19 09:08:40,23.437171740938997,20.932949016378284,23.344733989361256,12.932881788922593,10.445465928285111,11.739594450373533
2026-02-19 09:09:10,23.252491638514933,12.11785072018017,25.168490226726504,15.252357182473652,12.764920418830568,9.722852484915713
2026-02-19 09:09:40,19.453944991134374,8.941251607156362,18.294271380431766,14.470709837897793,10.655551727325438,7.210144623064059
2026-02-19 09:10:10,18.815600393287227,13.949931510878427,14.605410220425725,15.353328235165591,13.714631461297344,12.521324066993285
2026-02-19 09:10:40,23.40395136011832,11.21877022109801,11.798616771851393,11.68096674706085,13.596981436506802,12.445691908199366
2026-02-19 09:11:10,47.89115874923318,18.084185581391438,40.6642072622459,39.74823317843006,42.202035311221096,17.537962503886583
2026-02-19 09:11:40,47.15926756918009,22.61325535079537,41.873597700859655,43.36938345055924,44.35256846581122,21.0502432752666
2026-02-19 09:12:10,44.49129408602602,20.099616150247364,42.78622844519852,42.114281394626104,38.94773091880361,18.360953156891238
2026-02-19 09:12:40,45.54159387179143,22.132441876091924,47.02828920843972,42.13983335573175,39.04045155221072,18.848273081575055
2026-02-19 09:13:10,24.58486271281823,14.875227832046834,15.328792091183214,11.74227470875295,18.881712121084856,11.238314420823638
2026-02-19 09:13:40,24.996430281293833,10.902340895537431,16.807075602442527,8.760509671837859,17.227042509050282,9.373661355485186
2026-02-19 09:14:10,37.75693709137969,13.966621287752737,18.83224928150053,10.865728835778752,21.008756449688228,15.134708146355399
2026-02-19 09:14:40,35.29441423877511,14.840460844208772,19.445541559172764,14.361465222396824,20.59681173791376,14.857267708132
2026-02-19 09:15:10,28.21055816064136,18.13475856737088,19.81545908334594,13.89098976453386,12.243903258878301,15.680935814047295
2026-02-19 09:15:40,31.8495424254393,18.68954679529736,17.790364462969656,13.924720791280453,9.67251275242233,17.95843592695614
2026-02-19 09:16:10,27.050420168067223,14.310924369747898,21.016806722689076,12.025210084033612,9.252100840336135,12.630252100840336
2026-02-19 09:16:40,32.378151260504204,12.890756302521009,20.15126050420168,12.210084033613446,8.77310924369748,13.840336134453779
2026-02-19 09:17:10,47.4873949579832,10.554621848739496,18.80672268907563,14.655462184873949,8.823529411764705,16.134453781512605
2026-02-19 09:17:40,44.12567961613768,12.23519130091344,22.226703977277502,14.428450181090916,18.07547835732473,15.91583264006185
2026-02-19 09:18:10,43.386919217808554,12.848847469306463,19.563189606635348,17.04216001815141,16.899301674803986,16.554760964377852
2026-02-19 09:18:40,39.344207191536206,18.32757707918421,21.310745287854722,17.646910530163613,18.72253174343073,17.209939412273847
2026-02-19 09:19:10,27.529411764705884,22.16806722689076,21.621848739495793,15.252100840336134,18.344537815126046,18.61344537815126
2026-02-19 09:19:40,35.64735838116286,19.554786174673737,18.47074345162564,14.90768829990168,11.109337053252549,15.462314809368147
2026-02-19 09:20:10,35.57923396245442,16.82324666812323,15.856876355019246,11.974588662375423,10.77292818608091,14.2098452126855
2026-02-19 09:20:40,37.66449856300106,9.974957562311971,14.042252810971615,10.294290660347233,9.008554765626315,10.420343199045362
2026-02-19 09:21:10,35.185169623274135,8.865620719501845,11.697577290565466,7.840402020185043,9.747981075471222,8.10090841099505
2026-02-19 09:21:40,38.21008403361345,11.344537815126051,25.705882352941174,12.176470588235293,15.126050420168067,13.319327731092438
2026-02-19 09:22:10,40.16840477651073,19.14301800855469,31.344801216816943,18.714442978512423,20.53798771418247,18.8909150497063
2026-02-19 09:22:40,46.64705882352941,21.126050420168067,29.218487394957986,18.201680672268907,20.42857142857143,20.57142857142857
2026-02-19 09:23:10,53.16011058916461,19.790082269598898,33.73977932587669,18.344691972201446,17.924520374120785,20.697652921453123
2026-02-19 09:23:40,46.91596638655462,17.344537815126053,20.89075630252101,13.882352941176471,12.38655462184874,15.88235294117647
2026-02-19 09:24:10,51.033184595087434,22.39476979185049,24.00820161175116,18.025058612952837,16.04188200099159,19.680506886496755
2026-02-19 09:24:40,38.05882352941176,26.386554621848735,24.336134453781515,18.96638655462185,15.378151260504202,20.19327731092437
2026-02-19 09:25:10,44.00877318296792,30.781771275388863,19.83209942940697,26.882578845200378,22.504390793199942,25.857360145883572
2026-02-19 09:25:40,62.831932773109244,30.66386554621848,19.445378151260503,27.45378151260504,22.77310924369748,25.848739495798316
2026-02-19 09:26:10,66.84033613445376,23.739495798319325,13.016806722689072,22.378151260504197,16.529411764705884,20.781512605042014
2026-02-19 09:26:40,82.67226890756302,20.470588235294116,11.57142857142857,23.73109243697479,17.521008403361346,22.31932773109244
2026-02-19 09:27:10,92.4713653055908,14.706005932822963,13.369860250926477,15.731224632139762,10.655551727325438,15.941310431180092
2026-02-19 09:27:40,95.3109243697479,19.579831932773107,20.067226890756302,21.88235294117647,15.067226890756302,15.781512605042018
2026-02-19 09:28:10,96.64027966856585,16.033882922402057,24.739911595152858,17.378443335182105,13.504428645859596,11.596833560227903
2026-02-19 09:28:40,78.74922267601137,16.92465419586884,30.370258323669308,16.73137363653171,14.857392561219514,9.773273500394964
2026-02-19 09:29:10,54.22734644828948,15.092563803057168,28.42040689417557,18.689232682627583,19.563189606635344,9.655543323893475
2026-02-19 09:29:40,27.403131066125496,11.546121461164194,22.453592826951034,12.386450534029125,15.663733918202366,10.596549608826816
2026-02-19 09:30:10,11.697577290565468,16.12618593433558,16.45391978083849,9.100916814427011,15.042143211287486,13.411877410734544
2026-02-19 09:30:40,16.176334652649977,14.999873950639072,15.747766825488865,11.45368526314905,16.31919059503702,15.983058965891042
2026-02-19 09:31:10,19.260342350064285,17.109099923530056,21.10066301963849,12.71417887244645,13.764590213527617,17.52086116923387
2026-02-19 09:31:40,18.100688229510677,17.386408517575482,25.68885975748103,13.394845421467046,13.75618692279897,20.05865496928597
2026-02-19 09:32:10,14.109480831610616,13.428797122640718,28.134926637422474,18.7398107531219,16.731373636531707,18.04232003899225
2026-02-19 09:32:40,13.453894570542607,13.798435280968748,25.21029588483937,15.411894217598466,16.18500995806687,15.663997176446859
2026-02-19 09:33:10,13.646568178187351,13.966081173117184,22.954486214695915,14.445350665511935,13.915631752865105,15.13482607562368
2026-02-19 09:33:40,15.02589802233284,13.11718014260729,18.23792546750975,14.168236243777748,13.52919413426611,12.629490111664198
2026-02-19 09:34:10,20.920220637696755,14.697968518767654,16.236714650881208,12.251109915242834,11.839095923584019,11.881138167630834
2026-02-19 09:34:40,21.685207140394688,17.06059918102397,18.742274802613323,14.100850087026714,11.553111520318847,12.082839341119493
2026-02-19 09:35:10,25.596853755073568,18.411919427894347,15.44550794544492,11.941276817452247,12.361448415532902,13.722804393314226
2026-02-19 09:35:40,26.798769727222304,21.294475537403994,16.580110590093952,11.538009042168774,12.65567488529219,13.798551236155232
2026-02-19 09:36:10,24.975209667389368,20.2356342123397,18.42047765508664,10.773290307400124,11.714482596346159,11.798517622144908
2026-02-19 09:36:40,23.84914032168608,17.47088186356073,16.185145968839812,10.94136035899763,9.76486999781509,11.403553000890772
2026-02-19 09:37:10,21.033790199917647,13.62196320977487,19.62201363036664,11.579929243102884,12.420272439264195,7.361406398373095
2026-02-19 09:37:40,20.009075935325555,13.866012302934552,21.81585935661703,14.563514739991259,12.260916333322127,9.462502941275336
2026-02-19 09:38:10,18.10114455705138,19.51293299047043,27.092892317517936,17.949881510613626,13.529639153599222,14.832182053479892
2026-02-19 09:38:40,23.412354933317648,20.12655781238183,35.0260930947839,24.336747985243328,19.655957713219664,19.21056833365547
2026-02-19 09:39:10,27.176698963856833,25.000210085799036,36.630559920671594,28.941419675795586,21.2606828628812,27.773342633131364
2026-02-19 09:39:40,30.412275836568682,23.58022823913007,33.445940267903666,26.076068505353035,21.529773609640497,27.630716482629964
2026-02-19 09:40:10,32.66441452797526,14.907813576698766,25.084455200927746,22.18524681087077,17.2776013042236,24.27771895325972
2026-02-19 09:40:40,28.8830810860778,18.00885736615209,27.362034337000097,18.681143222098036,13.966738657277075,23.235879896131838
2026-02-19 09:41:10,28.32844525492239,15.16844962478046,21.63920098826021,13.487734984915587,11.134734489104767,18.134910964141955
2026-02-19 09:41:40,24.294525958419467,20.286055227818952,25.193700734466123,21.84070320509588,13.949814282592987,21.185230003865613
2026-02-19 09:42:10,27.160120338156947,25.05924469318812,24.731508092572984,24.470999512596855,18.798635271181027,23.092825089497303
2026-02-19 09:42:40,27.731791557770364,21.017336571510207,11.092716623108146,25.03424456078725,16.227299847895324,19.73158987201358
2026-02-19 09:43:10,25.067648195767994,23.420561690112436,14.49604195028488,30.034118220474294,16.29439150237819,18.44568816282627
2026-02-19 09:43:40,23.714684280408076,15.991865409502681,10.680851779021497,21.81549269735626,14.227129867728868,13.496025143279718
2026-02-19 09:44:10,24.563438040975477,13.294341081362711,10.36992218356611,18.7734247634414,13.361569102001713,11.815324627304662
2026-02-19 09:44:40,28.673232713704667,13.462637399576455,12.361760059161652,12.798749537799589,13.496251974856296,11.966788799623515
2026-02-19 09:45:10,38.395925947712975,8.462398211719623,12.689395530979775,11.143138062304093,11.328016672689227,9.764952057614899
2026-02-19 09:45:40,43.353305489962096,10.462272792208337,12.344641551609676,11.016899301674803,10.445465928285111,9.907646282741869
2026-02-19 09:46:10,45.1688263668297,10.168238121649106,11.764903611825408,11.697675591186405,8.269046538597287,9.756466495235214
2026-02-19 09:46:40,47.20207732838091,7.9580500676476245,11.974890545298699,11.924469953529021,8.05048781922537,7.235354918948897
2026-02-19 09:47:10,39.80772624519947,10.991873744716253,12.420481188601396,11.60533458826693,18.2189466961352,10.412027193962874
2026-02-19 09:47:40,36.87487919863526,7.344722976209485,10.849013000327739,9.672512752422332,18.45424674571628,9.084262628469626
2026-02-19 09:48:10,29.924872686935917,10.537992235163616,14.899410074118894,11.588430057648027,18.8070387737609,11.65565807828703
2026-02-19 09:48:40,26.655910183364423,18.428881157666517,19.504529487890554,15.731356829526547,21.655826148338626,19.907897611724565
2026-02-19 09:49:10,23.07601808433755,26.168507033731657,21.84910670767576,23.092825089497307,17.420460848081483,23.22728113077531
2026-02-19 09:49:40,34.034471457263635,29.546963368824425,24.479608729631845,26.27797339428725,26.34520197988185,25.261141037169
2026-02-19 09:50:10,40.67261069420752,36.529718737132235,31.84900713451373,34.647349977730904,26.3195489037723,32.55489541928924
2026-02-19 09:50:40,47.883157700129416,37.64769155784131,34.02578194591505,37.3451654649658,29.260995983125763,27.68954100068909
2026-02-19 09:51:10,47.12723850181098,31.91677101103389,33.832785700479846,30.86632436111835,26.639327041858202,26.21074480869266
2026-02-19 09:51:40,44.857519811090846,41.09278229228817,40.21042193631879,36.73140110421096,22.605231976739297,30.756560979504027
2026-02-19 09:52:10,44.824659445196104,31.084817264300785,28.992327537669016,26.042673344706174,22.193836819415615,20.395472154760206
2026-02-19 09:52:40,38.86652604687513,27.79061657016564,24.83255880400346,22.807297662966295,18.748371807692635,21.613990268662235
2026-02-19 09:53:10,45.27807190036807,27.017260794299062,21.01715995226811,20.983545941948602,16.62212810299333,21.101194978066857
2026-02-19 09:53:40,45.021070834942314,18.37611860109803,11.576367085844762,14.044425043232984,12.004499588657005,15.127348432699247
2026-02-19 09:54:10,54.07810348880159,20.096705953460262,13.229911688660556,15.681138981229644,13.56569624928646,17.250931802155737
2026-02-19 09:54:40,55.8405036726128,20.709338929695694,9.662119622245537,10.786988457502622,9.427072402938089,12.684155299055613
2026-02-19 09:55:10,52.30596175478065,21.75847422057317,10.106945587025502,13.16253378775414,7.680942867216222,10.41754109094572
2026-02-19 09:55:40,51.604608364635595,26.167847329014045,19.537650944109714,19.075469954034,12.789808489004296,16.588095898353796
2026-02-19 09:56:10,43.9576138015647,42.083679969075895,35.6803724338451,36.28540936630785,28.319089755548276,30.008151192006792
2026-02-19 09:56:40,36.20107225088654,38.55397388279189,37.69684543116922,39.26824759247744,31.604510848557165,31.81459135140586
2026-02-19 09:57:10,42.02485693397535,39.4954664246519,38.76438013125941,34.89046310535206,34.05013403248713,37.06691540407224
2026-02-19 09:57:40,45.42857142857143,32.4453781512605,31.0672268907563,28.823529411764703,27.663865546218485,30.428571428571427
2026-02-19 09:58:10,58.411764705882355,21.739495798319325,19.277310924369743,86.71428571428571,17.546218487394956,21.899159663865547
2026-02-19 09:58:40,69.6890756302521,19.050420168067227,16.26050420168067,87.05042016806722,16.201680672268907,22.03361344537815
2026-02-19 09:59:10,59.80571755096553,14.730844859750258,13.033394396732831,89.0657299877313,14.453538595989984,14.781264180433942
2026-02-19 09:59:40,49.07480546545437,18.470277810456967,13.57120048402548,88.00692425337388,16.125779398665568,16.310650241172418
2026-02-19 10:00:10,32.033344257611276,15.655330627473719,10.655372643927363,36.302215947765156,12.512499894958864,10.041932420735963
2026-02-19 10:00:40,20.403361344537814,17.949579831932773,13.428571428571429,34.15126050420168,12.34453781512605,10.537815126050418
2026-02-19 10:01:10,23.545822759281357,20.453437757348617,17.251810893934557,34.133880102855414,15.823263474563454,14.739248079864204
2026-02-19 10:01:40,23.058629759413783,21.277132124940128,18.520852765943147,33.63837278678331,15.899026058604548,17.40321509903278
2026-02-19 10:02:10,23.243306835179244,22.789532949026068,17.411472076099564,14.32749029428077,16.251827700374786,22.411388043898427
2026-02-19 10:02:40,23.797919362699787,28.192803482294416,15.285457387270803,14.327490294280768,16.41148888253979,24.00799986554848
2026-02-19 10:03:10,21.067226890756302,26.689075630252095,21.361344537815125,14.873949579831933,14.714285714285715,19.857142857142858
2026-02-19 10:03:40,20.90738733287956,27.20145208863791,23.01661330577054,16.176334652649977,13.638540852597878,20.924193914336854
2026-02-19 10:04:10,14.714162065864993,23.52921404021815,22.36955991966454,12.773001907546996,9.991512676364065,17.07548676061546
2026-02-19 10:04:40,14.243458093141292,23.35254869666056,27.671803835229657,11.79812103998252,11.47879867565251,14.512361136787616
2026-02-19 10:05:10,17.2183427030025,27.142629053537366,22.546029024966177,13.546104654582733,11.31082932076201,16.335997176494313
2026-02-19 10:05:40,29.52916362047378,24.529205636927426,23.764506180620334,19.016646918933453,13.537701363854085,16.176334652649977
2026-02-19 10:06:10,32.78964042318972,23.05862975941379,25.949361770069164,16.714145259283537,11.571331333350141,11.98309257905396
2026-02-19 10:06:40,35.19298157158343,17.781363181822,20.327560272602753,23.235098864715425,10.117562037293805,14.43685347181957
2026-02-19 10:07:10,31.949311350324788,14.302400820161179,20.83175771632171,21.10906631036714,10.43688708498248,14.554499542020658
2026-02-19 10:07:40,21.579650591171507,15.697347081116966,18.43681985865665,16.571289316896497,9.218409929328326,10.773018714128453
2026-02-19 10:08:10,26.92391724508832,17.848439522024844,17.361052755415876,17.293826994504297,9.747735332179293,14.512361136787616
2026-02-19 10:08:40,29.117157694828666,17.84843952202484,20.73074402110889,11.94937900203358,12.974571855935196,12.764491353086505
2026-02-19 10:09:10,26.562801993260564,17.730943437450108,18.705725161973426,12.201578137998842,12.999890757220529,13.008294047949178
2026-02-19 10:09:40,28.276835683433898,15.890489235475034,18.604729332280133,12.638443051377287,10.630073444143795,14.680425539066569
2026-02-19 10:10:10,32.57955815497348,14.27719094797523,18.66370870833018,15.167939765212058,14.277190947975226,13.697363887698424
2026-02-19 10:10:40,28.890513525096424,21.730909824287192,15.655330627473719,14.991470659910425,10.69738909757061,15.40323190561424
2026-02-19 10:11:10,33.96581570057646,21.167711467034167,14.806473840775785,12.487185089326232,11.302331053259609,12.9577654157073
2026-02-19 10:11:40,28.335896337005572,20.13428458584382,13.58812110822598,11.478895135334998,13.134343408878918,11.159570087646324
2026-02-19 10:12:10,22.318389983614136,19.158858871475992,11.58774841393219,8.276963152808706,11.360867190454185,11.352464182177219
2026-02-19 10:12:40,22.76470588235294,9.605042016806722,11.252100840336135,6.546218487394957,9.596638655462185,10.394957983193276
2026-02-19 10:13:10,24.756302521008404,10.235294117647058,11.319327731092436,11.050420168067227,10.99159663865546,12.731092436974789
2026-02-19 10:13:40,33.39495798319328,12.571428571428573,11.243697478991594,10.621848739495796,10.966386554621849,12.243697478991598
2026-02-19 10:14:10,33.083755598692456,12.571322930059411,11.394862228048504,10.68898580684196,11.125956924731724,11.848639927395569
2026-02-19 10:14:40,35.372144436256455,20.10011943180952,19.498725213664354,18.194292684166395,16.254584572120724,10.782744221109786
2026-02-19 10:15:10,38.10806461176192,19.02438611202873,19.346259073852902,17.92324176894603,16.152940478913084,12.60386755774655
2026-02-19 10:15:40,33.91553304308053,21.89601721187891,26.292161479950533,17.931863999051316,19.168544274847957,16.017550695420894
2026-02-19 10:16:10,36.73618052143862,32.18756882210439,32.95837639126531,21.25226583543682,24.44561147910349,23.46304358874452
2026-02-19 10:16:40,38.37686128197371,28.814157507310682,29.427582266142316,15.310409734126583,21.89002050351249,25.5705690565023
2026-02-19 10:17:10,36.08342716929127,28.125577721382832,30.386043932034763,14.377909614964453,21.369388749768913,22.318952622644996
2026-02-19 10:17:40,30.083528007932635,30.0415119073629,27.688610275457552,19.915631670055966,21.87358195660577,28.0667551805852
2026-02-19 10:18:10,28.6129644879918,19.51227710458648,20.386211996437037,16.134182618779516,16.100569738323724,18.1761651064688
2026-02-19 10:18:40,27.478298866415134,26.831256354881805,27.629555557422925,25.705234321823816,25.898506760333774,24.259892607749382
2026-02-19 10:19:10,23.36915876070351,30.67989882608001,26.831256354881805,24.537196541263665,22.18431468114249,27.47829886641513
2026-02-19 10:19:40,32.97423572713064,25.512176265945108,22.436597704240267,20.86519554293205,18.10053612544327,17.907262062822475
2026-02-19 10:20:10,34.05882352941176,32.08403361344538,27.55462184873949,26.630252100840334,21.579831932773107,21.932773109243698
2026-02-19 10:20:40,37.763753854944824,24.906935119282707,20.251590296042956,19.87344856852348,13.604699041200638,16.79789585136509
2026-02-19 10:21:10,44.42819808236906,22.823337619011603,20.067058260014626,20.310753691145457,16.865404492399225,20.621675448105478
2026-02-19 10:21:40,40.495117729113794,25.722256768793798,21.33577586931312,22.722307188114485,17.293826994504297,21.470227391136284
2026-02-19 10:22:10,41.83928136265472,22.327168222649846,24.36913355125501,22.965807584682736,15.15087854928027,23.82292883372688
2026-02-19 10:22:40,36.08312395485827,19.730595027016122,22.377587119652446,20.69695721956589,13.503861247195449,20.814601312571952
2026-02-19 10:23:10,38.8387042561237,29.108020671400364,30.77181631023907,29.830679383219195,17.84798958026974,22.738540397462295
2026-02-19 10:23:40,42.09977899716813,25.595993378318195,31.839533457139733,28.285001218456674,20.402846987050747,24.0077981227364
2026-02-19 10:24:10,43.36025142223304,23.83133198322731,25.680024873322516,22.066670588136432,18.965908422476744,22.0330579901347
2026-02-19 10:24:40,53.403810116051396,25.57164345918873,25.19348902091614,21.521189253691205,16.050555046681065,21.815309372347667
2026-02-19 10:25:10,49.27689683279973,15.268779253955852,16.772968294384082,11.394862228048504,9.747817245233234,19.55445752556701
2026-02-19 10:25:40,49.250445363181065,11.251722631172061,14.377667977546974,8.957682094719505,7.81486336593728,17.40277637726463
2026-02-19 10:26:10,42.99123536777002,9.983109385635416,12.915857849934035,11.19318325056092,7.386492550482771,15.882219477147252
2026-02-19 10:26:40,41.627803406522304,6.638264976009816,12.595897720302169,11.243036123925485,9.234750897006059,13.822716310805246
2026-02-19 10:27:10,41.83928136265472,9.655218775997245,12.344226616135726,11.663571506600674,8.193070762921943,8.461971546935791
2026-02-19 10:27:40,37.116399448758024,11.730698127794025,11.318947262276899,11.050048737857551,6.865315451581459,8.310645020335452
2026-02-19 10:28:10,42.847659302706646,23.469996554708704,22.167508382141627,20.520491080056804,15.571036024301907,16.814702150365957
2026-02-19 10:28:40,43.898421875262606,24.79790255625956,22.512226685265794,20.5038570780323,15.730828053310027,18.966067797179882
2026-02-19 10:29:10,49.71303244456021,23.21790206969572,22.10028318613816,20.35242809004815,17.28527852239019,19.327243850995348
2026-02-19 10:29:40,46.98240365708139,20.974437404413372,26.965933345658062,21.260146888287593,17.974487823734055,24.865128317171138
2026-02-19 10:30:10,38.20912077846776,20.705360369066327,20.1087367545356,12.982865978168617,11.596346310597212,16.36933522684302
2026-02-19 10:30:40,27.386094351355446,21.470227391136284,20.495453857918356,13.10062015764441,11.865346800894102,19.243374060940155
2026-02-19 10:31:10,15.268522642286328,20.915439106577143,21.53727216960917,13.638311639202369,12.403048662638758,16.655042309857734
2026-02-19 10:31:40,16.05028529172024,24.125847681952255,18.403206695742053,13.562911236040035,12.773001907546996,13.924252737371956
2026-02-19 10:32:10,18.839702867130516,12.537393701052066,18.041410372760577,10.764344055661995,11.260125710060166,14.344055661994556
2026-02-19 10:32:40,14.554377237357356,15.108989764877903,15.781247373993715,13.050200836960723,10.109073797079041,14.89050604191526
2026-02-19 10:33:10,15.36936043629152,14.865171466265553,19.276824953992755,15.554229725301044,10.024957354016284,17.41132576489668
2026-02-19 10:33:40,12.940850230666454,14.33577304773829,21.25996823609489,15.747502163810994,9.520768383990319,15.142475399779837
2026-02-19 10:34:10,12.705562044654336,15.04163760577464,15.36936043629152,13.529070695696744,7.5040125038864565,14.7223179247582
2026-02-19 10:34:40,14.764457740206046,12.243491706021747,20.655115040083363,14.10060335120418,8.722542478277676,11.705685618729097
2026-02-19 10:35:10,15.973508166091118,12.011410840298282,17.04118912967319,11.185626345027778,17.099577932369083,11.394157783227401
2026-02-19 10:35:40,19.018067163805615,13.437765877583704,12.545251322089317,9.14201825067147,18.65939309010226,11.36079275311546
2026-02-19 10:36:10,15.915384872042976,16.88298688732441,19.251943545427245,14.689199559574254,21.020319642320906,11.761369323679556
2026-02-19 10:36:40,17.617470658402915,17.27546483596233,17.19204878170853,12.011911812547444,18.843686655933798,16.216080946939048
2026-02-19 10:37:10,14.46218487394958,17.504201680672267,17.10924369747899,10.815126050420169,12.915966386554622,16.42016806722689
2026-02-19 10:37:40,17.571576231733037,19.731258245867608,20.983369608147967,10.57992083967092,10.319414448860915,17.36149043269271
2026-02-19 10:38:10,17.84048605450466,26.02542878511584,27.36997789897394,7.789981428415365,10.033697762166067,14.68919906889974
2026-02-19 10:38:40,19.57142857142857,25.747899159663866,28.201680672268907,15.731092436974789,12.361344537815125,10.235294117647058
2026-02-19 10:39:10,18.504357179472095,26.521231270851015,25.689291506651312,20.420339666719887,9.71436734762477,10.437062496323497
2026-02-19 10:39:40,17.000142858343345,25.37836452407163,23.664064403902554,22.008588307464763,10.66395515928705,9.336212909352177
2026-02-19 10:40:10,22.168626099817644,15.571821138348026,12.042320394631801,21.882904611040615,10.201937863979763,12.294427590611527
2026-02-19 10:40:40,21.050420168067227,13.445378151260504,8.193277310924369,12.453781512605042,8.235294117647058,13.042016806722689
2026-02-19 10:41:10,26.99159663865546,16.252100840336134,11.907563025210086,13.109243697478993,11.361344537815125,12.798319327731091
2026-02-19 10:41:40,28.0506558878646,13.81524214489197,15.579962856830731,13.571542618005195,11.638753266834174,15.227018714442975
2026-02-19 10:42:10,23.84833868338347,16.51232752390716,17.4702946168972,15.730828053310027,14.411522495420245,12.109040184198586
2026-02-19 10:42:40,24.159663865546218,19.579831932773107,22.067226890756306,17.907563025210084,16.63865546218487,14.470588235294118
2026-02-19 10:43:10,24.269111505138696,16.109379070412356,18.33628854023983,14.193396583164564,13.949697056277783,14.487516701821024
2026-02-19 10:43:40,17.722838007042075,18.428726291817576,18.420322859855965,11.48749149152514,13.924486760392943,12.395062143379358
2026-02-19 10:44:10,15.218743172154154,16.143128455940435,18.664179229903024,8.899309232087935,14.201919359989242,17.412057345501605
2026-02-19 10:44:40,12.83214843946957,17.370039832602227,15.151515151515152,8.01694146120103,13.655691692297351,13.916200272273485
2026-02-19 10:45:10,14.033495516844397,18.546062638129094,25.142645860118822,16.40322350232351,18.302367206998262,17.68052369307821
2026-02-19 10:45:40,22.201494105091555,18.672111999058835,24.596431962756622,18.764548197073974,17.44523155267603,17.218342703002495
2026-02-19 10:46:10,26.520785539617314,19.100679826219945,23.109049503785684,19.806556247426492,16.30238401357972,14.310804110889826
2026-02-19 10:46:40,27.923900438648086,18.915648476496195,25.613014907312483,22.167694660593938,18.041713584645635,16.714004806641906
2026-02-19 10:47:10,26.08359523369355,16.671988706072167,22.234920421505517,19.092116098889093,12.109040184198586,12.680459151947026
2026-02-19 10:47:40,24.924788651910113,16.748180641691455,19.101161364056537,22.210457318610395,12.613657372392813,15.445637741810787
2026-02-19 10:48:10,25.824180441523737,15.949981932317622,20.07613637318588,21.496340243871696,11.966688235837879,13.000327739354772
2026-02-19 10:48:40,28.16806722689076,14.08403361344538,20.554621848739497,17.008403361344534,12.22689075630252,13.210084033613445
2026-02-19 10:49:10,25.7483319047379,14.538059463184256,15.285971192793157,13.832165246474732,12.622060874972687,13.092657019445703
2026-02-19 10:49:40,26.185093992386488,11.974890545298699,15.42029764956008,10.697568887133505,10.815216934596089,10.588324271632535
2026-02-19 10:50:10,24.050420168067227,12.134453781512605,17.823529411764703,10.411764705882351,10.201680672268907,15.890756302521009
2026-02-19 10:50:40,23.84873949579832,13.10924369747899,18.168067226890752,12.512605042016805,9.88235294117647,13.42016806722689
2026-02-19 10:51:10,30.781512605042018,14.655462184873949,19.588235294117645,10.294117647058822,8.521008403361344,13.890756302521009
2026-02-19 10:51:40,29.730842597961367,14.394837018176322,19.613280560667558,11.537718170435541,10.613356190284115,11.487298426063647
2026-02-19 10:52:10,33.93305826099379,13.932890192354558,16.462323212800108,11.638753266834172,10.428659064361884,9.15133740619669
2026-02-19 10:52:40,34.80672268907563,10.605042016806724,13.10924369747899,11.831932773109244,8.529411764705882,11.252100840336135
2026-02-19 10:53:10,30.24420578497118,11.344728482831643,12.916183465268322,12.235499756298424,10.874132338358628,10.630430763542243
2026-02-19 10:53:40,48.12605042016806,14.537815126050422,11.857142857142856,16.411764705882355,14.46218487394958,14.689075630252102
2026-02-19 10:54:10,51.62228254018941,16.521147236531394,11.03370616559803,15.90769670333364,13.638770073698096,16.47913007672333
2026-02-19 10:54:40,47.949982772964475,16.96652913049689,11.285809124446422,16.008537886872997,12.1681694804158,14.571551021437154
2026-02-19 10:55:10,50.2936950109663,14.571306123477953,12.209981428727492,15.083906857925564,11.20998983201822,16.899017655313823
2026-02-19 10:55:40,42.293360433604335,11.780149051490516,11.974932249322496,10.340447154471546,7.2069783197831985,13.228319783197835
2026-02-19 10:56:10,40.421063328873146,12.321945766501244,15.650141427143845,11.525888789146522,5.563930150234582,13.185752273843597
2026-02-19 10:56:40,38.92144575048271,22.08597269740185,23.872836286033674,18.664679380779788,15.463568307306662,22.196063818976324
2026-02-19 10:57:10,40.30181904407033,24.643474137054984,21.88272754987975,21.052809864164495,14.684461908471938,22.23840655804343
2026-02-19 10:57:40,88.09021621303664,23.663268993218654,21.587691066611768,19.68857927951396,15.697083266808395,24.64643748476929
2026-02-19 10:58:10,90.84873949579831,21.243697478991596,19.11764705882353,18.92436974789916,15.983193277310919,22.361344537815125
2026-02-19 10:58:40,97.7706444375352,13.218154164180735,11.092157340571246,11.638362058099375,7.848541633404199,13.310588808685495
2026-02-19 10:59:10,111.77216998176489,14.10912513340224,14.840211426794733,11.873849799581517,9.445298779001858,12.352837371114529
2026-02-19 10:59:40,59.32623547305529,14.923993512768586,12.924043931665585,10.453517978538356,6.991420384360057,9.167836104972144
2026-02-19 11:00:10,71.54621848739495,16.596638655462183,12.798319327731091,12.210084033613445,9.815126050420167,10.478991596638654
2026-02-19 11:00:40,64.84764961933413,22.59625888640527,19.49547066435858,16.814843448009277,14.42832893564814,11.882153241121998
2026-02-19 11:01:10,55.04995756338181,19.58807068848161,19.268745640792936,17.125906504987356,16.51246628179595,11.655364240636635
2026-02-19 11:01:40,62.385506125947465,18.940858136838038,19.814793028688594,18.991277457521726,17.6299557990622,14.453538595989984
2026-02-19 11:02:10,45.52062587709347,16.966243981143016,19.176309442777793,14.941050915538526,14.89903446189528,15.151133183754755
2026-02-19 11:02:40,46.62067342840096,14.117291160727042,10.243439241027536,11.083754191070813,8.403149500432763,12.024906935119281
2026-02-19 11:03:10,38.1751873886592,15.19276662969312,8.840038990286041,9.327417565796107,6.73926926825989,11.722295048905918
2026-02-19 11:03:40,22.99159663865546,16.504201680672267,14.252100840336135,7.596638655462183,8.294117647058824,10.016806722689076
2026-02-19 11:04:10,18.478991596638654,20.394957983193272,15.907563025210084,12.714285714285714,13.294117647058822,8.697478991596636
2026-02-19 11:04:40,18.965749050452086,14.49531108198044,15.974252966286844,12.21807670330409,12.823098383247626,8.285435783671137
2026-02-19 11:05:10,17.394519465895815,13.142525818676837,18.184415518936497,19.108761963984104,14.99962185827248,10.34427703503273
2026-02-19 11:05:40,19.344050149996214,13.26857306118333,16.268497432837826,26.268245338352813,22.0330579901347,10.907288051561723
2026-02-19 11:06:10,18.730777633989344,13.38632964151863,18.18456832658275,26.881901144518583,19.386228802877266,13.756071326532327
2026-02-19 11:06:40,19.117325759230937,21.201324347489958,26.20124031528882,30.629737315339238,23.26011327540714,19.75597048789096
2026-02-19 11:07:10,18.293963916269615,22.764514583911062,26.461962504516773,27.092209309165472,21.848555894488282,17.705733565264158
2026-02-19 11:07:40,15.310538389788494,29.133719318000384,26.511936673865367,23.402771358705245,14.890380914766851,20.503684781055938
2026-02-19 11:08:10,21.1087115450871,25.80607211582901,25.898506760333767,22.259943026646383,14.554254934749544,19.78941707351915
2026-02-19 11:08:40,22.705500747886592,21.47022739113628,18.134149005899058,16.697198366414014,10.663686324599588,16.587956504932688
2026-02-19 11:09:10,28.840093780724533,20.125881295115168,14.008285644658447,15.655330627473719,9.210006638599676,16.32759388576567
2026-02-19 11:09:40,32.8815239951934,12.823206137660396,13.361007705688092,14.02485651622228,8.655243985445745,14.991218708772047
2026-02-19 11:10:10,28.638174148333643,12.083830523856742,12.73087847263071,12.55441085023781,8.714139258163728,12.167862724996217
2026-02-19 11:10:40,31.368693489294476,9.134146751369702,12.302107492185135,19.48673994151457,13.495344694295989,11.461799603374676
2026-02-19 11:11:10,28.55414194719416,9.529251609216653,11.957782222147529,16.554343624476903,11.705685618729097,11.30233105325961
2026-02-19 11:11:40,25.65503100788222,10.058654476395354,9.512445168988757,16.302247021058474,11.537621216450145,11.655266298045412
2026-02-19 11:12:10,21.991042242632535,11.066947892069946,10.302261287530568,18.898683226473278,11.940875440114954,13.403023453190254
2026-02-19 11:12:40,19.26050420168067,16.57983193277311,12.605042016806722,16.285714285714285,12.310924369747898,16.705882352941178
2026-02-19 11:13:10,16.352803757951616,19.655297014310804,16.814984748027324,20.100671422929224,13.9830757724725,18.95782388383291
2026-02-19 11:13:40,16.386279222197945,22.402984823784475,18.192971546696693,20.268566914841767,15.529150770575281,20.671921480311255
2026-02-19 11:14:10,22.714094839539165,22.235107268006153,12.470483441315618,16.638515642725693,14.705758775136344,16.38641692086621
2026-02-19 11:14:40,24.528999512613236,20.302179795297562,17.932471723164316,17.68037511974589,13.151039478328098,18.579519671938286
2026-02-19 11:15:10,70.83074234046485,16.655182265844275,13.705652005848643,13.554394043797585,12.77289457320045,16.453504983109525
2026-02-19 11:15:40,73.11703262997791,12.453676859858321,13.428458584381644,13.327619095637855,10.209998235308948,16.02507541953429
2026-02-19 11:16:10,72.70251643160923,16.120627342870115,16.11222242767571,13.750441258047708,13.044428381717632,22.6008169577569
2026-02-19 11:16:40,80.14760271669692,14.777082913052247,10.58267769484231,10.011095420617309,11.80149283841033,17.239930065227625
2026-02-19 11:17:10,36.976640581001455,21.938856993956303,16.42472282229526,16.49196836097405,14.323299738582968,21.148721914480483
2026-02-19 11:17:40,35.564185327146795,22.644744805325804,17.492098715621005,16.9625445497949,15.239392105440116,19.15641180821733
2026-02-19 11:18:10,37.23842339692411,17.95108832675015,18.245230691654765,16.816539204975207,20.70762248928482,15.572737204807128
2026-02-19 11:18:40,29.51260504201681,18.495798319327726,19.319327731092436,17.899159663865547,22.865546218487395,17.588235294117645
2026-02-19 11:19:10,30.02546239884369,8.90763787930991,14.252220606895854,11.672366994680628,18.672425818704355,16.7144261716485
2026-02-19 11:19:40,34.21848739495798,8.630252100840336,14.016806722689074,11.176470588235295,20.48739495798319,19.084033613445378
2026-02-19 11:20:10,30.48662638757006,9.184642403973008,11.319042377082928,11.739199852104571,10.562758922043981,18.26004386444039
2026-02-19 11:20:40,28.924126688011025,10.82343845850035,8.344467693548793,12.041915614154505,9.882269896891623,18.109091520239325
2026-02-19 11:21:10,24.8231122166014,13.697248785734695,12.66365271171913,15.545957210803179,14.335893514394717,15.377892808524226
2026-02-19 11:21:40,18.226431266438663,11.68878095510197,21.066695797584934,19.38606589749838,14.688705326756468,23.17588632219356
2026-02-19 11:22:10,20.344366854060052,19.562860816295665,36.00810077226242,22.9241771077554,19.949412189813533,23.739296308434383
2026-02-19 11:22:40,17.008260434786266,27.159435634994665,43.13409131015706,25.806505827682123,26.361123015772982,25.33592154687776
2026-02-19 11:23:10,33.126328792678926,27.46241565055168,38.882679686383916,20.285884755334077,23.647257539979325,24.790124286758715
2026-02-19 11:23:40,40.562684347190356,29.630003109217572,30.873690137057668,16.462046537424058,22.604852060066722,16.865404492399225
2026-02-19 11:24:10,38.89883278291779,21.546037428256902,17.890605961294444,11.999899160511259,16.873807783127873,18.70572516197343
2026-02-19 11:24:40,44.814749455886925,9.083957277669937,13.378038840009749,7.7982537961865885,6.7646490365627185,15.00827724136772
2026-02-19 11:25:10,33.436974789915965,6.159663865546218,13.949579831932773,9.655462184873949,6.815126050420167,12.45378151260504
2026-02-19 11:25:40,31.445378151260506,7.815126050420167,14.07563025210084,11.487394957983192,7.747899159663864,9.470588235294116
2026-02-19 11:26:10,40.7055402895774,10.789825295585752,16.218351106293227,14.016688935387098,11.4284753909631,9.201603347871027
2026-02-19 11:26:40,47.09283271287994,17.512752208001743,20.83210783283893,20.605215169875375,18.697636114589198,13.983310784124237
2026-02-19 11:27:10,51.11721750237393,27.974554835673647,32.42829892185781,21.37797161368392,25.74768279258157,18.420013277199352
2026-02-19 11:27:40,59.08304062116604,32.78096166450984,33.537251474765135,19.755970487890963,21.092082486008636,19.386228802877262
2026-02-19 11:28:10,54.940714783909385,29.277064898614302,31.75603566356585,17.52086116923387,40.40302182334602,17.554474332148466
2026-02-19 11:28:40,40.58789421937631,28.865303652910484,27.243468542281164,13.739380341341672,38.02489054713826,16.537676153981902
2026-02-19 11:29:10,60.201174780043864,20.184704330215716,15.083906857925564,12.403257115486428,30.487138763539807,14.293997529432529
2026-02-19 11:29:40,62.05042016806722,14.504201680672265,14.058823529411764,13.22689075630252,33.30252100840336,11.521008403361344
2026-02-19 11:30:10,62.360820497306754,21.386374904412573,19.28555222225024,19.34437525735078,17.899009252023095,17.42842497121873
2026-02-19 11:30:40,71.5126050420168,20.050420168067227,22.428571428571427,18.151260504201677,14.663865546218489,14.2436974789916
2026-02-19 11:31:10,58.36085411046965,22.991403433584594,25.74768279258158,21.949395383232073,17.159519667901954,16.43683666523811
2026-02-19 11:31:40,53.35204450345372,19.705551167207275,25.209660341842994,21.571066032503655,14.041780810406548,18.64674543284987
2026-02-19 11:32:10,56.998563061435426,20.856617060074115,21.747350907119987,15.21810374528373,8.70566288244834,14.293757300236127
2026-02-19 11:32:40,58.90706800783187,18.899000848732364,18.520852765943143,10.941084528701438,7.327669515382225,20.11747800438652
2026-02-19 11:33:10,44.38580864187157,16.69719836641401,17.352649535301932,7.663736743920271,5.428480193610192,18.7055679736475
2026-02-19 11:33:40,33.46246607114346,17.722838007042075,16.630391852032368,6.1345053319775795,6.747955865175337,20.529584282220856
2026-02-19 11:34:10,23.092242922328385,10.56293644591222,14.823404845337434,8.932698044554249,7.210023445181133,18.96622717456156
2026-02-19 11:34:40,16.30252100840336,14.38655462184874,15.277310924369747,12.46218487394958,9.470588235294116,14.907563025210086
2026-02-19 11:35:10,17.89900925202309,12.630145965159958,10.470500247897077,12.680565709531852,9.873866606162975,14.688952193679045
2026-02-19 11:35:40,20.865195542932053,14.840086721231579,8.436832994403455,14.058587250634444,11.092250550410919,13.134233038100199
2026-02-19 11:36:10,21.504382389767983,14.706005932822963,8.90763787930991,11.958083681375472,10.655551727325438,13.899276464508104
2026-02-19 11:36:40,20.42016806722689,8.403361344537814,8.890756302521009,8.873949579831933,8.478991596638656,9.478991596638656
2026-02-19 11:37:10,18.898987014296036,7.786382649889967,12.431333680514726,7.173215515648361,6.551648831622625,10.894216070018649
2026-02-19 11:37:40,19.57967946779559,7.57652118402043,15.967812384504251,7.57652118402043,7.072539730537917,11.146389812854888
2026-02-19 11:38:10,19.268729053446783,7.870444255919634,12.507034682032373,7.484061720410239,7.2488723509697355,10.885907956960347
2026-02-19 11:38:40,24.678291838860336,17.168968181970907,13.481503880657195,16.077008366092127,14.791855659711725,18.168531398044557
2026-02-19 11:39:10,24.394547990790073,19.00808389774962,15.22663484647317,15.302263827498699,16.277037360716626,22.428194484126315
2026-02-19 11:39:40,23.377758357002403,20.11730895279071,15.377892808524226,17.302230214618238,16.209811599805047,25.100418480361675
2026-02-19 11:40:10,24.318919009764542,20.94082452395758,18.562713231710394,15.092183324650007,15.982924656728459,25.09201526024773
2026-02-19 11:40:40,25.64641227532079,13.63831163920237,16.150853339831766,10.823256556557396,10.050166802517582,20.419653286051613
2026-02-19 11:41:10,28.02450358394326,11.327445526583363,14.520642336747812,14.201322655731369,12.134147878624907,14.797946270262093
2026-02-19 11:41:40,32.21794591687535,10.142686677534831,14.142619451773921,11.722492058956991,11.646863077931464,12.12584662442648
2026-02-19 11:42:10,30.226128753056642,12.94085023066645,15.91556515381965,15.831533658815323,14.142500609228337,14.209725805231798
2026-02-19 11:42:40,20.159325053360448,13.193055578897834,16.756020907211642,16.621569385388483,14.512361136787616,14.176232332229707
2026-02-19 11:43:10,18.277157334812312,16.00826883807699,15.932639221519148,15.80658986058941,12.688969000260503,14.293997529432525
2026-02-19 11:43:40,15.37763436523142,18.66323821048032,18.142247319417834,19.23464757487143,19.486739941514568,18.22627810829888
2026-02-19 11:44:10,18.14255222601301,15.218231626359222,16.966101410060332,14.57118367758525,16.89047242903481,18.66355187307777
2026-02-19 11:44:40,22.655081427202905,15.167812305675533,17.075343271541655,11.436782575082772,16.59635972504664,18.03331036453169
2026-02-19 11:45:10,19.982521595912743,15.56250210076972,17.259924036166854,9.327417565796107,16.562468488454172,17.873348794998485
2026-02-19 11:45:40,19.882018789600174,15.655199072284498,14.587990117813149,8.05868808927581,10.125880237306935,14.243458093141292
2026-02-19 11:46:10,18.806090551578098,15.142348156364491,13.713824745386713,10.646700951228528,10.53746092568317,11.226513394507748
2026-02-19 11:46:40,18.638028973816006,15.293603576350373,13.444926220967366,16.03307451850358,10.949211791200296,13.436523142079256
2026-02-19 11:47:10,25.37772474412195,15.562763651031075,13.268684559923363,18.15935866624091,12.34433034738912,11.655266298045412
2026-02-19 11:47:40,22.041646358884726,12.352733567503067,15.638392632056606,15.77284415387977,13.041797616846775,13.604813364481272
2026-02-19 11:48:10,25.126050420168067,12.243697478991598,15.201680672268909,15.100840336134452,15.30252100840336,13.579831932773109
2026-02-19 11:48:40,25.730443770325113,12.344226616135728,18.03315882792871,10.949303799063886,15.831533658815323,9.36951169298253
2026-02-19 11:49:10,24.43635874725847,9.008176264463922,14.898784064267288,11.907262842113223,16.03320924682571,11.058544742569515
2026-02-19 11:49:40,29.88210183107705,9.041940824026689,15.40323190561424,12.277207754556684,14.974664078453124,5.949529835883732
2026-02-19 11:50:10,28.88138213841551,8.823232832509833,15.797788309636651,12.478572148835333,12.713858357702263,6.117441430540149
2026-02-19 11:50:40,33.932202820120665,9.856977193660612,17.722391220315625,13.344313540948892,12.655249491605183,9.630090250584026
2026-02-19 11:51:10,35.285714285714285,12.655462184873947,19.714285714285715,12.15966386554622,11.52941176470588,7.04201680672269
2026-02-19 11:51:40,35.63775703133534,12.377839214137456,16.545801366352105,12.461870709141785,11.310639227582497,7.184692822870012
2026-02-19 11:52:10,40.957639011436875,13.20997302543676,16.30238401357972,12.453676859858321,10.93268123797279,7.12599053789464
2026-02-19 11:52:40,34.57055704478038,11.848440795610191,25.478349285312134,11.596346310597212,11.125769938572978,9.756056570002436
2026-02-19 11:53:10,34.50420168067227,11.30252100840336,27.815126050420165,11.949579831932772,10.705882352941176,12.563025210084033
2026-02-19 11:53:40,36.150349150861736,12.277001420132262,28.318613816458406,11.159382536574707,10.428308530037057,14.949202961269883
2026-02-19 11:54:10,30.4698200885692,14.226532104232664,29.814374427535434,12.453467559641354,16.234884834836098,14.739124223759061
2026-02-19 11:54:40,30.25999563032554,18.63834221273592,18.5291003512546,14.537570797129462,17.907262062822475,14.352699954622612
2026-02-19 11:55:10,35.90665781534919,18.570960395956405,17.92391788442308,16.007999798324413,18.62978244245943,14.806349419762526
2026-02-19 11:55:40,39.85647300045378,18.814809835128823,100.09075477723064,17.587939698492466,17.361052755415876,13.756071326532329
2026-02-19 11:56:10,50.7554494882439,16.562746844590848,98.55296549637822,16.697198366414014,11.461992235424615,17.1005529318835
2026-02-19 11:56:40,58.729611858524564,14.016453366721846,96.68663815197935,15.016428157273346,89.46833273110762,12.966059679167753
2026-02-19 11:57:10,54.176015327602286,15.00827724136772,97.15044411391501,14.840211426794733,90.78074974159883,13.117536827421619
2026-02-19 11:57:40,53.79786724481307,16.335997176494313,21.428391358055816,17.94102570566634,95.37734977017,15.739363534760214
2026-02-19 11:58:10,49.41933749012621,98.46893329523874,20.75595368145073,18.907245256382247,97.2840792591721,12.285507806591488
2026-02-19 11:58:40,52.696150517213844,96.65302555397763,21.343999731099213,20.352428090048146,16.932346243372013,12.671949446652606
2026-02-19 11:59:10,57.7721382833902,93.39338834641435,18.134149005899058,18.10053612544327,16.40308566242584,16.15098905900741
2026-02-19 11:59:40,53.2277853409301,90.85866989361166,10.504378224844114,13.269130573623086,13.126271029765205,14.185112354829494
2026-02-19 12:00:10,50.628975740107386,8.739275480450072,12.377839214137458,12.966059679167753,11.756006151105433,14.352579346739155
2026-02-19 12:00:40,45.23453387338028,8.428429774289507,10.714105645283272,9.781348212635082,12.856926774339927,97.92272398783214
2026-02-19 12:01:10,53.04997436996328,10.991504273073335,12.34443408038588,10.294031142595443,12.949471012848631,93.80593440391257
2026-02-19 12:01:40,67.048729863953,11.083754191070812,13.470248649193717,8.352730603430164,13.596295891700208,94.6698822718755
2026-02-19 12:02:10,64.05042016806722,9.588235294117645,10.436974789915965,7.142857142857142,12.168067226890756,95.6470588235294
2026-02-19 12:02:40,81.52032335862725,9.470508651187805,10.260417979680843,7.067167502794095,10.957891110158737,12.243594591642088
2026-02-19 12:03:10,68.46828678027629,9.77278074686565,10.419817821249705,7.470337131524992,9.537494537998722,11.823131995563173
2026-02-19 12:03:40,48.5706122586175,7.9830591082502815,8.327591132922137,7.974655888136334,7.638527083578428,9.344380766709804
2026-02-19 12:04:10,47.27651636106956,9.831767533318768,9.722525671837449,9.562864489672442,8.495655535201088,7.949446227794491
2026-02-19 12:04:40,23.008403361344538,10.411764705882351,10.747899159663863,10.016806722689074,8.84873949579832,11.537815126050418
2026-02-19 12:05:10,24.251897042881993,12.773001907546996,11.294022739304713,12.907454559205386,10.209998235308946,12.974680885034578
2026-02-19 12:05:40,25.35251508378011,12.66365271171913,13.756071326532329,12.907346095023614,10.235122098788256,12.840120334112031
2026-02-19 12:06:10,19.84016941034109,12.87384139629079,15.420038487071539,12.71417887244645,11.125956924731724,10.831841749229
2026-02-19 12:06:40,24.672061579314462,16.756161712926783,19.470424618280518,15.630120755287773,11.151166796917673,11.69738069427988
2026-02-19 12:07:10,18.134910964141955,14.664235232821,19.58032555442574,10.319587888770306,13.059152751750045,13.874299352084504
2026-02-19 12:07:40,20.840161007050362,17.025067016243565,19.613280560667555,12.646952546617257,15.386425324156944,16.058688582448887
2026-02-19 12:08:10,22.6718878674308,18.79800339490093,22.2853397421892,11.646863077931464,15.545957210803179,18.571116451824338
2026-02-19 12:08:40,17.216172615446666,13.132688041943938,17.98077569402433,14.25858708072864,16.1070780399274,12.05720239295557
2026-02-19 12:09:10,18.937993614518568,14.006049403461601,20.467148378423794,22.071920685599057,15.249537892791126,11.38464123676693
2026-02-19 12:09:40,18.198469177708134,14.098352391594759,20.500583930566872,21.760865729577134,20.93748162089043,11.510573764293696
2026-02-19 12:10:10,16.265900421770763,12.022987346877047,17.517769824066136,22.76889986725143,23.415839088571857,12.30024701315723
2026-02-19 12:10:40,18.52816617370261,14.503226673837055,17.62066415703146,19.62052971228825,22.32623016940038,14.620865824146279
2026-02-19 12:11:10,17.150684010621493,11.142482605626704,17.957379583879536,15.007898894154817,17.705287217236396,12.974353803233504
2026-02-19 12:11:40,20.662823723173624,10.856595465774838,23.620657781960574,12.75565937851873,13.402685578878376,15.545434683965517
2026-02-19 12:12:10,26.86464320527041,8.243420389230613,31.192228832644282,15.81459446741286,14.461698766428018,19.52035225706699
2026-02-19 12:12:40,28.116701959597997,8.798023595845518,30.797284124903364,13.612987798729453,14.411280293099393,19.50354609929078
2026-02-19 12:13:10,29.949076486109476,13.907329288583387,27.713819935799393,12.873733214567823,19.108922539116993,19.352615922421474
2026-02-19 12:13:40,26.268466076200404,12.403152888186755,21.453420950908388,15.22663484647317,17.192988353136922,14.167829112115763
2026-02-19 12:14:10,25.68002487332252,19.907061166525214,19.772610774518288,19.394469046998815,16.21807853583523,13.377814004688956
2026-02-19 12:14:40,22.293555624648118,22.680100501668026,24.28510205625068,22.184314681142492,19.63816038251136,16.57941396435384
2026-02-19 12:15:10,16.78921053737238,20.839460526868617,24.629217259778997,22.511659173984285,24.704844334271666,15.881685643460358
2026-02-19 12:15:40,14.445013991243918,24.318714654252418,24.9573540162853,24.083426468240297,24.554002840264527,18.37768795744645
2026-02-19 12:16:10,14.705140917264679,20.57879434650354,16.570593079340536,15.604255247634574,20.486362032166447,15.772314000974742
2026-02-19 12:16:40,15.420038487071539,16.40322350232351,13.050310501592424,12.462080150586969,18.420013277199352,13.697363887698424
2026-02-19 12:17:10,18.915489525474143,16.503785618849946,13.924018722217085,12.99967227716948,11.747603001605,14.537448635748678
2026-02-19 12:17:40,27.27685248987412,15.142602645333692,17.94927816339221,11.033428009613283,11.999798322717266,31.091914421606358
2026-02-19 12:18:10,27.848505474743913,14.806598263880137,20.621675448105478,11.43687868169175,13.23518289762271,30.344282821152756
2026-02-19 12:18:40,27.41038266978136,25.42728938036738,30.52787254424147,12.016200863821993,13.764011898559739,32.04880426196999
2026-02-19 12:19:10,34.15908976319726,27.730626376027296,33.88178349943699,11.176282751550394,13.083813717416515,32.26836523755903
2026-02-19 12:19:40,32.368931875666995,27.4194768199121,33.31008461971547,16.075224994327872,14.62988328025344,19.108761963984104
2026-02-19 12:20:10,32.02467185425455,25.823095410161173,32.4028167593822,15.87368279524714,16.352666341742154,18.91564847649619
2026-02-19 12:20:40,40.1929395551298,16.176334652649977,19.1426962798632,15.747766825488865,13.336022386366503,18.806564650717224
2026-02-19 12:21:10,31.47032377879178,12.579726220788062,14.159544877774138,15.781379988403458,16.478853118881354,17.89900925202309
2026-02-19 12:21:40,29.024722273575232,12.159459504882273,10.504025142434582,8.621703836910303,17.445084956555352,14.62160299826894
2026-02-19 12:22:10,32.04093980034285,12.755873752142785,11.478605761150886,13.436523142079256,13.091996907666969,20.167389331451044
2026-02-19 12:22:40,24.82332081243015,13.285602641994604,16.596499189082444,15.016680532096371,22.310736884563994,17.487248006319277
2026-02-19 12:23:10,30.68015663602292,13.277087780037311,17.108956151997447,12.982975076049142,18.377842389203543,17.050133611199815
2026-02-19 12:23:40,32.957152340697284,13.495458097695016,19.47850054200314,17.949127332924377,13.2349604631816,16.831508449366822
2026-02-19 12:24:10,33.53753329803951,17.142713086444655,20.487222796447092,15.050293695010966,17.739346728178756,10.57133973664087
2026-02-19 12:24:40,40.68033041739146,15.63852404601642,23.344341644187868,15.823396442046707,12.109141939983699,11.05873059890253
2026-02-19 12:25:10,48.91596638655463,15.630252100840336,28.773109243697476,15.02521008403361,10.428571428571429,11.193277310924369
2026-02-19 12:25:40,43.8304594803536,15.806191388524757,29.88134852609996,17.33555174615979,17.45319485059326,14.310443346442137
2026-02-19 12:26:10,46.68750630230917,11.814728916675069,30.730059493798528,18.58761050048738,20.25142012033209,19.41111223152163
2026-02-19 12:26:40,53.51875971597831,11.680181504978782,22.780555438847106,15.864879626906433,20.326877021973864,18.864753581782278
2026-02-19 12:27:10,49.5281631555507,11.924069141114089,18.47852575145164,18.991117870978037,21.78096350512172,18.411300555448182
2026-02-19 12:27:40,54.007949513029295,16.142721489735383,19.15950286132049,21.882169057402876,21.688893370643946,19.28555222225024
2026-02-19 12:28:10,53.66296364766979,18.3526327288617,17.56273003815062,20.90721164350179,18.18456832658275,17.14256903245324
2026-02-19 12:28:40,43.44391785150079,19.091795233773652,17.68007798057208,21.335417296897585,15.512083627441095,17.427985613928946
2026-02-19 12:29:10,45.09130021932219,19.6465635320118,13.596295891700208,25.226254800299152,13.957631320218816,17.512163558901875
2026-02-19 12:29:40,58.98961379449431,14.86504655305704,8.487109676985648,16.991025511747505,8.840038990286041,13.318880037645794
2026-02-19 12:30:10,68.09969580343187,10.277138199357996,7.34441437959026,15.487134670005545,7.378027260046051,11.109056990638813
2026-02-19 12:30:40,84.66871139868071,9.234906096382504,11.318852149069366,12.772572580983994,8.201336078316036,12.646527456829542
2026-02-19 12:31:10,96.46218487394958,9.352941176470589,15.663865546218487,8.260504201680673,10.378151260504202,12.91596638655462
2026-02-19 12:31:40,95.31692478340882,15.688680117307968,21.016276900582337,9.235061300975605,15.688680117307968,18.1087871734326
2026-02-19 12:32:10,94.1244684963278,25.16764424127326,26.218046755516717,15.64679585217055,18.192971546696693,23.411371237458194
2026-02-19 12:32:40,97.74707775564913,28.840093780724533,27.024982983336276,19.72252334014,18.966227174561563,22.999806724313242
2026-02-19 12:33:10,80.79424566828564,28.830479135505776,23.427390215619383,19.898156395475862,20.024200460480984,23.679478345629633
2026-02-19 12:33:40,84.81370061007378,24.192870708055327,20.68872792053915,18.991277457521726,14.730844859750258,20.318986235525454
2026-02-19 12:34:10,66.84033613445376,18.596638655462183,19.42016806722689,10.058823529411763,13.361344537815127,13.184873949579831
2026-02-19 12:34:40,41.990185203858694,15.512083627441095,17.234714799502537,8.48710967698565,9.688749957984605,12.007999731101474
2026-02-19 12:35:10,39.999327742390896,15.058570444194217,20.999647064755216,8.369607233491875,9.806557872976926,11.957782222147529
2026-02-19 12:35:40,17.201391573250866,13.982958269608915,23.764306482243995,9.848573973546662,12.369540007730961,13.999764709836809
2026-02-19 12:36:10,21.486492164194782,17.915213646485444,20.789042477206845,16.209402966261923,15.940506701399102,19.646233351539852
2026-02-19 12:36:40,23.319131772001917,18.772951487802626,21.058646565995243,16.369610339408915,19.025050209662105,20.050251678557327
2026-02-19 12:37:10,22.050049578998674,21.360985529654965,19.008083897749618,16.579553284818743,18.66355187307776,22.56264600594948
2026-02-19 12:37:40,24.72185808880374,24.30170414439851,16.21794225404188,15.419649759671945,16.54566233067796,19.11700447043797
2026-02-19 12:38:10,25.08361204013378,22.638274986975013,19.907228449942018,9.672106351153763,14.655215878724729,16.503924303793212
2026-02-19 12:38:40,20.192598568115358,25.276461295418645,19.33548452152869,9.403045275789049,16.48684077846123,17.066653221740445
2026-02-19 12:39:10,17.394519465895815,19.68857927951396,16.260094283337395,9.411527440484692,16.70546120686033,13.974437619219682
2026-02-19 12:39:40,13.108913220675108,20.646538322563295,11.537524264094182,9.840088065006764,17.234859625387593,11.159382536574707
2026-02-19 12:40:10,9.638250493676736,14.108650897021136,9.88193773370867,11.604554430486116,14.587622368808034,10.134027982017564
2026-02-19 12:40:40,14.982689657490504,11.545830392255722,8.14258344257336,12.268495176632719,12.865113777688144,13.596181640953246
2026-02-19 12:41:10,17.091718835343055,17.63791437334566,9.46178731986051,15.69681946136717,14.31032309566825,16.327045082139406
2026-02-19 12:41:40,19.91546431602565,13.596295891700208,15.831533658815323,18.142399771434327,16.6718486088586,23.175886322193556
2026-02-19 12:42:10,19.781346375240545,14.529289669834707,13.352828967823802,15.218359509583953,16.814984748027328,23.06703305014243
2026-02-19 12:42:40,19.31027528486437,11.167691842291015,15.537292864105407,15.17596047191691,19.915296964807904,18.545595106046857
2026-02-19 12:43:10,19.999831934185426,12.184771556541541,19.31916538516483,12.478886732044268,22.184687523634256,18.747741615616675
2026-02-19 12:43:40,23.402574703371318,12.302107492185137,16.629693119559004,10.285368559040034,25.083190480992236,14.520520318644753
2026-02-19 12:44:10,24.11683640886021,15.25158818190985,13.823064770932072,10.915599475647879,27.965446539612117,17.243117878390642
2026-02-19 12:44:40,26.30185793635454,17.335697419392787,15.89035570531835,12.545902204146115,23.89855717923077,19.654966681512224
2026-02-19 12:45:10,25.940522507835933,14.436610841743484,16.352528927842155,13.554280144198048,20.856617060074115,16.814702150365953
2026-02-19 12:45:40,24.050015966118217,17.67197189963194,15.82326347456345,15.781247373993715,16.428295322767685,17.268617334162453
2026-02-19 12:46:10,27.419937647582792,17.041873597700864,18.31077049772691,17.63010394870631,15.663733918202368,17.672120402349563
2026-02-19 12:46:40,24.251489458248948,17.260069073888896,15.42818248279455,12.823206137660396,16.024806097325275,15.201297446282865
2026-02-19 12:47:10,25.058402379791932,15.86527957513319,15.655199072284498,12.672055931833079,17.327439874960085,17.008117510630072
2026-02-19 12:47:40,24.75588645568982,10.546041243004318,15.285457387270803,10.235122098788256,16.01653753718425,16.84845632846507
2026-02-19 12:48:10,25.604396527818622,12.688755745653472,15.797921060813591,10.327470736031865,13.949228170718387,13.150928968177272
2026-02-19 12:48:40,28.20120670240836,12.680459151947026,15.94090855615872,12.898942874909666,13.369523201290734,13.16784591855599
2026-02-19 12:49:10,32.48657596867306,12.915640782165152,10.86527230405956,9.134223506970411,10.361083334033594,9.033385712965218
2026-02-19 12:49:40,34.184586684145515,15.604910883101825,12.125948521440996,9.403282325358612,8.663792741237469,9.756220535961884
2026-02-19 12:50:10,29.461194581694734,13.806258613155862,12.411347517730498,10.688716345669052,8.67197741252395,10.587879399011797
2026-02-19 12:50:40,24.57941883329692,14.596393337927092,13.714055225962591,8.890606880556629,7.2099628577670964,8.344397573150031
2026-02-19 12:51:10,24.974370178652464,25.260079662526678,17.176181912909026,17.302230214618238,11.646863077931464,15.562763651031075
2026-02-19 12:51:40,26.679551279358016,24.67963530944078,16.562329313894377,17.041300785681273,13.629679425234235,14.898533675055672
2026-02-19 12:52:10,31.495004327621995,23.839735132727743,19.60454778450963,18.411300555448182,15.09205650277724,14.17611320723007
2026-02-19 12:52:40,37.460925683170316,22.839568417868307,17.62125642835535,19.957312359248427,14.69698497529495,13.705421666498605
2026-02-19 12:53:10,40.68033041739145,21.27713212494013,20.81495113486442,17.579684204334416,11.680574112822582,18.848581104360466
2026-02-19 12:53:40,32.990487714698666,31.267856542637222,26.948673994151456,24.024402541091053,18.537192027158753,23.352156230042688
2026-02-19 12:54:10,37.184249004218415,41.0077141560646,36.94895884102788,34.007831801146196,26.470143358935143,32.596090822003
2026-02-19 12:54:40,40.906875514697234,48.427757516680394,46.453000789902696,41.016117376178556,40.89006907446934,37.125426463420794
2026-02-19 12:55:10,34.87307042679596,38.78893809399763,42.74682150870145,39.654462492542194,41.74684671814996,27.108560288396095
2026-02-19 12:55:40,41.22689075630252,28.470588235294116,36.39495798319328,33.50420168067226,32.64705882352941,24.621848739495796
2026-02-19 12:56:10,47.01601653753718,19.629922186181744,23.520613098939517,20.789566561906522,22.89037159039344,99.8890774944959
2026-02-19 12:56:40,51.58736827952472,9.966219055141929,14.840086721231577,13.6636359052789,10.596460563688005,99.8890774944959
2026-02-19 12:57:10,55.78850953337311,15.436585632294983,22.150702083140757,9.487155785988586,13.51226439669588,105.29986638992295
2026-02-19 12:57:40,61.51842359564724,17.377421116759802,24.385530019747073,8.78954665770346,22.461241124322505,102.87803033485989
2026-02-19 12:58:10,45.29373702741994,17.378005226846835,23.655263401147888,6.436920698145395,22.73930471172511,18.579675801043688
2026-02-19 12:58:40,39.95731164182115,24.47858019192955,26.54577233996067,6.604931009562865,26.04998235323776,20.344195895867294
2026-02-19 12:59:10,42.11455225448586,22.81800226919359,19.573895869227215,9.715510358448544,21.91032483086103,15.959994957347565
2026-02-19 12:59:40,46.46315223238301,20.911780527165146,17.39846691769769,10.010422270037655,15.389658418504574,16.08727810650888
2026-02-19 13:00:10,53.73352608929531,20.205755782678864,17.97841581495428,14.439887036040883,16.465505648197958,17.331226465841855
2026-02-19 13:00:40,68.04007598298787,18.264494763561785,13.515558021080235,13.170944912333784,14.061895876409972,15.473969102492982
2026-02-19 13:01:10,82.23241898615034,17.337299986553724,12.681524808390481,11.521782977006858,12.99247008202232,14.152211913405946
2026-02-19 13:01:40,76.67938353977245,17.30223021461824,12.722475252516766,11.22670207223408,13.932538948925227,11.730895279070939
2026-02-19 13:02:10,87.85640456802885,14.865421298980683,15.016680532096368,9.369669162444014,12.546113057873464,12.033512323425855
2026-02-19 13:02:40,76.10668548956338,11.982790494437163,17.058250142852344,11.209707236731537,9.445060670229571,11.898759705556115
2026-02-19 13:03:10,69.20892085847295,16.07536007798188,16.01653753718425,14.3863128350784,11.63005663770357,12.34433034738912
2026-02-19 13:03:40,77.18422534264417,18.93261401164696,17.52926445996252,18.470433021571246,10.17638507239435,14.89903446189528
2026-02-19 13:04:10,69.51984000268904,28.890270751752073,16.19300515957715,20.663518260197307,11.436782575082772,14.848489941345521
2026-02-19 13:04:40,60.54520092099294,28.898673971866017,18.150955446126957,19.882018789600174,15.428312129207914,12.730878472630714
2026-02-19 13:05:10,66.43474168935498,19.142213707102286,19.461530704850254,29.956976236092903,13.377701589862525,22.898389970085038
2026-02-19 13:05:40,55.133990470668316,16.537676153981902,19.663700305039455,25.865328862782665,27.083806018436825,22.75611129318241
2026-02-19 13:06:10,54.97340403183113,20.66334462156416,24.13384536524289,24.520390242262796,37.57048141643487,30.49502953707049
2026-02-19 13:06:40,57.88138014487151,21.621485353187342,22.09206567956841,30.091931228046594,43.55388985059074,31.43644644627821
2026-02-19 13:07:10,34.931892473298994,31.301731889112038,22.915388687680142,17.764258043914857,43.93166558826248,23.722091039721686
2026-02-19 13:07:40,33.50363859430934,36.07502394917733,22.949194131191074,19.890422009714122,28.72220634947312,28.32725500411758
2026-02-19 13:08:10,28.016571289316893,28.57959176813641,20.898984042150907,19.49563449046647,20.529239250090335,19.32756867589348
2026-02-19 13:08:40,25.18402742764949,32.80561997916037,18.29350273940372,13.697018587610502,11.260125710060166,21.94884205572922
2026-02-19 13:09:10,25.9069099098342,27.713587052427247,21.411224927102676,16.360932077342586,14.646689579254305,19.554128887507037
2026-02-19 13:09:40,22.512226685265794,28.117174501268888,19.386228802877266,15.604779751600814,16.024940757298197,15.041764003966321
2026-02-19 13:10:10,24.713455009915634,27.158750966354074,17.999394978320055,15.98265604517495,13.52895700984841,12.226479782192195
2026-02-19 13:10:40,25.234870002184838,22.310549402531052,17.436681736441408,19.39463202299121,15.226634846473166,9.327574326481908
2026-02-19 13:11:10,26.85691716876329,18.512449475214495,17.07548676061546,13.899042865186006,9.109167149855885,9.999915967092713
2026-02-19 13:11:40,23.713887161560308,13.974555049494967,18.024907144417742,13.151039478328094,9.31917110636796,12.34433034738912
2026-02-19 13:12:10,17.369310017394522,11.89045654311236,15.52061712729931,12.461870709141785,6.100686537314185,15.117265951278537
2026-02-19 13:12:40,19.100679826219945,14.10912513340224,20.714111646120624,9.41168561608726,5.655414660381005,17.42842497121873
2026-02-19 13:13:10,14.621602998268937,16.285440580830578,14.32749029428077,11.520814776222249,8.033478428933966,16.747617687097698
2026-02-19 13:13:40,21.629706814113927,13.024881725670781,13.781165180709728,11.142576237573842,8.12584556691848,14.369385645740024
2026-02-19 13:14:10,22.52006218226125,12.066719885719088,13.638082433511197,10.957522793159953,9.957564808201338,11.612957438763079
2026-02-19 13:14:40,20.75577926606892,12.831609287160827,12.05011638362058,9.016579413964354,10.655193566548741,12.251791971630967
2026-02-19 13:15:10,22.119652945924134,11.442359429647567,17.86555017487221,12.90523271455475,10.248520312079638,14.805286521388217
2026-02-19 13:15:40,22.371496309249576,17.25152590251038,20.622803625174452,15.75504850940763,12.022262203016494,16.6125804987137
2026-02-19 13:16:10,28.627157546051464,18.50466189687497,22.55702311191074,19.858251431357875,14.645670615336757,20.16091741422362
2026-02-19 13:16:40,24.919289749798224,18.008474576271183,24.355999461931663,24.33077750874361,16.579230562281406,19.32001614205004
2026-02-19 13:17:10,27.310694868110353,20.369576726245995,22.604852060066722,25.193065604490723,16.974647271871664,16.638515642725693
2026-02-19 13:17:40,24.168067226890756,21.6218487394958,26.73949579831933,27.470588235294112,17.99159663865546,18.51260504201681
2026-02-19 13:18:10,14.462063344005513,22.571238897152128,23.873748960092776,25.218275476676666,17.268762447374392,20.058654969285975
2026-02-19 13:18:40,75.69620678644057,22.327355842758948,98.4101107544411,83.8305238567419,74.93991697618529,20.88200198315995
2026-02-19 13:19:10,74.94957983193277,24.436974789915965,99.94117647058823,81.78151260504201,78.29411764705883,23.554621848739497
2026-02-19 13:19:40,74.72268907563023,19.857142857142858,93.50420168067227,77.57142857142856,76.32773109243696,19.66386554621849
2026-02-19 13:20:10,79.21074967016528,14.857267708132,93.7570903957176,75.64769451844131,74.74852729854872,17.621996823502716
2026-02-19 13:20:40,21.353120614458938,12.285817527878383,16.731233035571723,14.521130429667469,16.69761930772528,14.453902973974571
2026-02-19 13:21:10,26.932546785321133,8.663792741237469,13.764590213527617,11.4284753909631,13.277199351265958,11.562928042621492
2026-02-19 13:21:40,36.19266903077259,8.562881296112671,13.688845565620744,10.403186501067209,10.134283457420883,11.646863077931464
2026-02-19 13:22:10,39.83126334011194,8.386413673719769,14.310683854052876,7.941043007680543,7.579704542780793,8.604897396682407
2026-02-19 13:22:40,42.10084033613445,9.176470588235293,11.394957983193278,10.092436974789916,6.621848739495799,10.100840336134453
2026-02-19 13:23:10,41.1095891562114,11.638753266834174,16.395095757107203,16.243833981798165,8.806796695770553,13.09254699619324
2026-02-19 13:23:40,34.19356465180379,14.445499542012957,19.411927831326313,18.714442978512423,13.176581315809374,16.15139623022042
2026-02-19 13:24:10,29.51235703901648,16.857001201670574,19.075469954034002,20.798144553407116,15.218359509583953,18.54606263812909
2026-02-19 13:24:40,33.0249325635919,18.07547835732473,23.730893017705736,22.050234871975867,16.529272863253254,18.403206695742053
2026-02-19 13:25:10,28.99159663865546,18.756302521008404,18.63865546218487,16.058823529411764,16.546218487394956,15.68067226890756
2026-02-19 13:25:40,26.932320465202263,15.90729567570293,15.066973664308165,14.235054873027345,14.125813011546025,13.78128098687417
2026-02-19 13:26:10,32.1604746338143,16.96681428943587,15.714681882736542,19.134936174861554,15.294503222770322,16.681092800658842
2026-02-19 13:26:40,31.97452122251073,18.151107973882574,18.495642893757193,24.56281879984202,14.76458181023689,16.814984748027324
2026-02-19 13:27:10,36.041713935177015,15.8906227678759,20.403189889160597,25.47037419853615,13.12594011815027,17.75615330963605
2026-02-19 13:27:40,44.15929277905228,19.109083116948597,22.924177107755398,26.76448097074815,14.966260787724476,19.050260081848055
2026-02-19 13:28:10,39.12605042016807,23.067226890756302,29.29411764705882,29.58823529411765,19.470588235294116,20.680672268907564
2026-02-19 13:28:40,46.60504201680672,21.974789915966383,26.49579831932773,20.529411764705884,18.73949579831933,18.823529411764703
2026-02-19 13:29:10,49.36933303081487,21.218309089839583,25.159452441576118,19.529247653381066,17.798169763279304,17.52926445996252
2026-02-19 13:29:40,49.32690206887279,16.23502126014689,22.537436345607638,18.31061662829196,14.151022671887869,15.108989764877903
2026-02-19 13:30:10,51.75586759775128,13.97467248174385,18.394803405013405,13.151149990336217,8.76463222998126,10.28562785186679
2026-02-19 13:30:40,43.29411764705882,9.680672268907562,13.974789915966385,11.22689075630252,7.394957983193278,8.075630252100838
2026-02-19 13:31:10,42.91560575121217,10.378064049881935,13.36123225855245,13.60492768968328,7.344476096839522,8.714212485609366
2026-02-19 13:31:40,44.74789915966386,13.344537815126047,13.462184873949578,13.327731092436974,10.789915966386554,8.722689075630251
2026-02-19 13:32:10,61.10084033613445,15.630252100840336,13.80672268907563,18.840336134453782,10.403361344537814,13.554621848739496
2026-02-19 13:32:40,61.042016806722685,18.64705882352941,21.655462184873954,27.941176470588236,18.067226890756302,22.252100840336134
2026-02-19 13:33:10,73.63803665515417,18.159511264611222,22.453592826951034,27.478760682683333,19.546054234838362,23.470391005117605
2026-02-19 13:33:40,77.92633427733473,22.731665504172376,26.798994932645364,31.899963864635243,20.244207837172368,27.782212996966315
2026-02-19 13:34:10,63.184527061671524,26.12445258848944,28.73857895754356,26.712841160302265,27.15833536467483,27.982079365212787
2026-02-19 13:34:40,75.86392407723409,27.56319191681447,27.571597891781472,19.812882997234432,20.69551036877012,23.81412708152955
2026-02-19 13:35:10,69.45915502429347,28.513306770229146,30.850187454817508,19.199408214387788,21.696003765908443,25.41988197911938
2026-02-19 13:35:40,59.69672516979357,23.031403402595654,27.612467218075448,14.28955685562504,19.15641180821734,18.727725102548582
2026-02-19 13:36:10,55.02004319581823,14.908439992268448,22.841679762675113,11.71497483045221,11.202339633423811,13.950400443723582
2026-02-19 13:36:40,36.151564298859654,12.764813149690331,22.29430499415961,9.294195749544114,10.378238472592205,11.890856225682569
2026-02-19 13:37:10,20.714459785376345,9.781594803317674,15.798452087832668,6.344591131017907,6.21853965159371,6.5546769300582355
2026-02-19 13:37:40,12.512815341434308,9.806887510714466,14.243936872888618,6.025311349770584,7.285836736751877,9.411922889460326
2026-02-19 13:38:10,14.067345103740367,9.596719300162185,11.09253018932932,3.890788998226876,6.638711249674365,6.899217640484374
2026-02-19 13:38:40,17.41176470588235,9.445378151260504,7.260504201680673,8.739495798319327,6.999999999999999,6.991596638655462
2026-02-19 13:39:10,22.25228783435155,12.042118000991604,12.420272439264194,10.98328557382835,8.907637879309908,9.084109950503786
2026-02-19 13:39:40,27.890756302521,11.64705882352941,13.151260504201678,11.596638655462185,8.411764705882351,8.747899159663865
2026-02-19 13:40:10,27.64752348778971,12.756516916250693,16.706163128792078,16.159935461100186,11.445570513790148,11.958184171162541
2026-02-19 13:40:40,28.310924369747898,15.470588235294116,20.80672268907563,16.60504201680672,13.899159663865547,14.394957983193276
2026-02-19 13:41:10,25.26050420168067,16.067226890756302,19.159663865546218,14.504201680672269,14.6218487394958,12.092436974789916
2026-02-19 13:41:40,25.04180637137503,18.403206695742053,23.285518609087323,14.327610692347125,16.243560978479174,11.680574112822582
2026-02-19 13:42:10,22.462373633391874,17.5463659358482,23.428768308977382,13.521122026235513,14.932898595786517,10.134538945705424
2026-02-19 13:42:40,21.5800132774225,15.252229010327815,22.781704047933175,13.84045244077681,15.168194690711687,10.285800721014462
2026-02-19 13:43:10,22.78132116536836,15.38642532415694,21.56284400971421,15.428441777800186,14.89903446189528,13.9830757724725
2026-02-19 13:43:40,17.193566278424846,13.218709558143834,17.15154876552547,17.43726785324123,15.731356829526549,15.840602363064923
2026-02-19 13:44:10,17.57997966369465,13.092546996193244,16.067361910604287,17.63880368742594,17.109387473844315,17.07577374599786
2026-02-19 13:44:40,15.546349128984275,12.714392557920654,13.361456818964864,16.974932562458505,14.067345103740367,12.126152320607735
2026-02-19 13:45:10,16.95798319327731,11.76470588235294,13.26050420168067,17.462184873949578,14.445378151260503,10.890756302521009
2026-02-19 13:45:40,25.08424440541517,12.428675871225806,10.605131135555759,15.790048655871056,12.378255279456127,9.42024722896831
2026-02-19 13:46:10,27.747899159663863,12.252100840336134,11.52941176470588,13.907563025210084,11.26890756302521,11.49579831932773
2026-02-19 13:46:40,27.21848739495798,12.319327731092434,11.403361344537814,11.756302521008404,11.80672268907563,13.630252100840337
2026-02-19 13:47:10,25,12.806722689075627,11.61344537815126,11.840336134453782,11.336134453781513,11.15966386554622
2026-02-19 13:47:40,19.90756302521008,14.45378151260504,14.394957983193276,13.85714285714286,10.80672268907563,13.394957983193276
2026-02-19 13:48:10,17.462184873949578,15.084033613445378,14.420168067226891,14.29411764705882,10.621848739495798,11.243697478991598
2026-02-19 13:48:40,18.07593404931175,15.201936166994404,13.983428292912487,14.117884334190492,10.075799593270476,11.227079446713391
2026-02-19 13:49:10,14.680795636938123,16.731233035571726,13.85725930470004,13.40347397877293,9.462264388776374,13.37826368288809
2026-02-19 13:49:40,18.31107824435499,18.159816469045957,12.336238119648064,11.000092437751578,8.52948344103732,12.75640971772872
2026-02-19 13:50:10,27.480377161873715,19.95058574381902,11.420743903053935,12.866194934198363,8.966838664134329,15.387330453636322
2026-02-19 13:50:40,27.7831469078013,20.723908129049605,11.530090005294428,12.925130049666786,9.034144865664366,13.04278402931265
2026-02-19 13:51:10,30.203457346230444,21.328985738656897,13.547015370652051,12.883110771221833,20.051599673930397,17.463212121721444
2026-02-19 13:51:40,23.86634844868735,17.30310262529833,14.227368987192845,12.529832935560858,20.83263302968167,18.21069615785404
2026-02-19 13:52:10,15.890756302521009,13.857142857142854,15.268907563025211,9.512605042016807,20.546218487394956,14.201680672268907
2026-02-19 13:52:40,19.294117647058822,13.210084033613445,16.378151260504204,9.647058823529411,20.100840336134453,17.025210084033613
2026-02-19 13:53:10,23.747699599163035,9.218409929328326,13.142746699607565,16.90742094604247,8.705809194880715,11.96628599759666
2026-02-19 13:53:40,29.974789915966387,8.789915966386555,14.067226890756302,21.20168067226891,14.865546218487397,8.815126050420169
2026-02-19 13:54:10,33.93248796228603,15.646927336745067,16.655322224182992,25.45356761707885,20.260333946773557,13.369635549281103
2026-02-19 13:54:40,34.13502747945343,19.93310811946419,20.244037714919575,29.891258676616417,24.639069564194358,18.17677608027026
2026-02-19 13:55:10,38.94990714207682,20.63882889772183,20.907738720493445,25.91618416961487,24.94978949402936,21.62203043723056
2026-02-19 13:55:40,38.45410465634165,20.983369608147964,20.596811737913757,21.949764283733476,18.22704392473886,24.185077185522566
2026-02-19 13:56:10,35.47958789223348,15.19353266441453,16.403637035916567,15.916233886283804,12.84895544462932,22.14322929797139
2026-02-19 13:56:40,38.27698926899774,14.27719094797523,18.209931008983123,13.3696355492811,18.613288963958286,19.43681145536592
2026-02-19 13:57:10,32.20222188608212,13.899393267113732,18.94149481503891,10.756483302240374,19.445704969831425,16.521286072034826
2026-02-19 13:57:40,32.05042016806723,11.92436974789916,18.218487394957986,10.277310924369749,20.03361344537815,14.73109243697479
2026-02-19 13:58:10,39.696811818288765,11.772911379640679,17.915665282936423,12.571217290465707,19.91563167005597,13.075410497302567
2026-02-19 13:58:40,42.66422406910982,7.789981428415365,11.369843444062553,10.260590425129623,10.033697762166067,10.479079656131562
2026-02-19 13:59:10,38.3028428810326,8.420238825536348,11.773208178219983,9.7984016672409,9.941260010588323,10.815216934596087
2026-02-19 13:59:40,39.067555189539405,11.159757645022225,11.991697409221924,10.344624744745753,10.151345809628651,10.546307111824467
2026-02-19 14:00:10,38.051059681675326,12.580043362073312,13.538042656179094,10.529588732583742,9.437133397199954,10.344711675826485
2026-02-19 14:00:40,25.07563025210084,15.18487394957983,13.319327731092434,10.605042016806722,11.327731092436975,10.932773109243698
2026-02-19 14:01:10,35.33613445378151,14.529411764705882,12.57142857142857,10.042016806722689,10.6890756302521,10.210084033613445
2026-02-19 14:01:40,39.58756995680745,14.024974370178652,12.856926774339927,10.025041595939564,11.008218349271443,8.142720290415287
2026-02-19 14:02:10,44.24406927789308,18.24385078866209,17.17661492953722,15.966520727064932,18.193430196892407,9.428650660929923
2026-02-19 14:02:40,55.50373526272888,24.705674742229057,23.083839631599734,15.604910883101825,21.621667044814753,13.924252737371956
2026-02-19 14:03:10,73.33736701457167,26.765155716902804,25.2357182473655,15.857409368224673,21.067580967747357,16.176742466259935
2026-02-19 14:03:40,65.83978285896757,27.747665986000115,25.226678767405318,13.3360223863665,21.04183998453795,16.016672128805638
2026-02-19 14:04:10,63.60504201680672,23.722689075630253,22.31932773109244,9.134453781512605,15.789915966386554,16.689075630252102
2026-02-19 14:04:40,76.1434970041765,21.344717182497327,19.470751855057607,16.21022025395171,14.395078950243276,15.781645223909443
2026-02-19 14:05:10,60.30201426878765,21.722506533558537,17.378005226846838,15.798186569860759,14.394837018176322,15.697347081116966
2026-02-19 14:05:40,67.89973024983404,21.008579904032803,16.865687946957536,18.420322859855965,14.277430902780697,17.949730670005632
2026-02-19 14:06:10,70.46277699812602,19.32789351171018,11.857242497836113,16.294254573567844,13.67238380154455,13.840452440776813
2026-02-19 14:06:40,58.454763945612534,26.714734701423552,22.689456965663286,24.487806517756603,24.72310458999311,13.101060522025579
2026-02-19 14:07:10,48.75671224127933,25.27752334053227,22.285901562198003,25.117858133261624,28.714527012832036,13.916083328431327
2026-02-19 14:07:40,36.924369747899156,25.512605042016805,23.092436974789912,23.201680672268907,28.70588235294118,11.890756302521007
2026-02-19 14:08:10,93.15204329448144,27.0926646442407,97.47981075471222,85.20239665879544,92.10161429927982,14.88247800401684
2026-02-19 14:08:40,86.85860266559104,21.54658061480025,84.36276239936807,72.85836736751878,79.47192389788064,14.991848602497521
2026-02-19 14:09:10,88.6697024179591,24.52405356812797,87.33385982894492,75.00042007628585,79.96572177507434,12.442659586980996
2026-02-19 14:09:40,90.5318335699465,24.57136616795894,87.22204954595475,76.93147739014289,80.29166421653044,14.994833712754426
2026-02-19 14:10:10,19.934140891450078,23.764721694863997,17.061205288889635,13.213823692478286,15.061910922195526,12.516590783084961
2026-02-19 14:10:40,20.690002772107558,15.355795804877229,18.68232487420512,14.070545937182361,14.55776484127584,11.659652394512907
2026-02-19 14:11:10,21.52651744303287,14.729112052161057,16.317133830745448,14.51065402971029,13.006654567453113,14.309000470524971
2026-02-19 14:11:40,26.01615085333983,15.075250203776372,16.083628143828307,14.041662815223146,12.991269127669048,14.159306908229205
2026-02-19 14:12:10,29.74789915966387,12.294117647058822,12.033613445378151,16.806722689075627,13.016806722689072,17.235294117647058
2026-02-19 14:12:40,27.445147519768742,10.55453315518357,11.033520726716583,12.428466987672373,12.319224208199932,13.058713792321072
2026-02-19 14:13:10,21.294117647058822,10.504201680672269,14.201680672268907,12.789915966386554,12.394957983193274,12.924369747899158
2026-02-19 14:13:40,18.529100351254602,10.655283104485639,13.907329288583387,12.730878472630714,11.739298499184887,13.310700660493103
2026-02-19 14:14:10,18.966386554621845,13.22689075630252,21.462184873949578,19.033613445378155,16.90756302521008,21.168067226890752
2026-02-19 14:14:40,22.90775552735737,17.479138480155292,22.00018487550315,21.94136085177186,17.327876704846258,25.000210085799036
2026-02-19 14:15:10,22.487394957983188,14.689075630252102,19.067226890756302,19.42016806722689,15.512605042016805,23.184873949579835
2026-02-19 14:15:40,22.823337619011603,14.050302098301696,19.7561365030546,20.999823530894695,16.209947815564576,20.63848202956278
2026-02-19 14:16:10,15.689075630252102,11.638655462184873,15.815126050420167,14.336134453781513,12.957983193277311,12.15966386554622
2026-02-19 14:16:40,14.932647624809874,9.5713481399316,13.831816539356815,12.96627759430593,11.470491844606347,10.310837724052739
2026-02-19 14:17:10,20.243867595526012,9.941260010588323,13.260615635425507,12.605147942419684,11.142950781099,12.63035823830452
2026-02-19 14:17:40,20.89075630252101,10.369747899159663,13.050420168067228,12.487394957983192,11.689075630252098,16.56302521008403
2026-02-19 14:18:10,28.772867454895334,19.96621877127083,13.050310501592424,14.378030436719019,13.134343408878918,18.159511264611222
2026-02-19 14:18:40,31.764438954294498,23.68047327333384,15.99146225661969,14.193158040688736,15.983058965891042,19.45361803682322
2026-02-19 14:19:10,30.058570936378686,23.78131276207763,15.680540499659665,16.92422752749977,16.18473794337863,18.999840337476158
2026-02-19 14:19:40,29.369747899159666,24.294117647058822,12.890756302521009,18.537815126050422,15.57142857142857,16.991596638655462
2026-02-19 14:20:10,22.470588235294116,19.92436974789916,12.697478991596636,19.126050420168063,14.092436974789916,12.38655462184874
2026-02-19 14:20:40,19.084193984823397,24.832141446566773,24.25230464121547,35.4792897419306,14.59676131732199,16.697619307725272
2026-02-19 14:21:10,17.588087495063068,29.91571499399165,33.68038924042656,38.344215594826935,17.361198645389535,17.487248006319277
2026-02-19 14:21:40,21.436794648784463,28.714044419794792,35.72238888748834,35.60474281728725,16.772968294384082,17.369601936118187
2026-02-19 14:22:10,26.335913143587025,25.74768279258158,34.81483348879421,32.85686674901892,16.30238401357972,20.067058260014623
2026-02-19 14:22:40,26.08359523369355,19.03329355809146,22.327355842758948,18.520697131140658,22.360968723214736,16.310650241172418
2026-02-19 14:23:10,32.29438902847922,13.73120782527584,13.59675291389003,12.81523374146001,21.28589315876604,13.227001907579053
2026-02-19 14:23:40,27.092664644240706,13.882469600584876,15.26063244228943,10.378238472592205,19.176631736401145,13.64717350565971
2026-02-19 14:24:10,32.965832507016685,14.066990470748392,15.680408732626343,12.579620510579655,21.11729214635048,16.40308566242584
2026-02-19 14:24:40,37.419539167408956,18.335826288633804,15.587973311372918,16.403085662425845,13.293894220265207,14.403119275306297
2026-02-19 14:25:10,32.95770623776271,18.31917378845556,13.638540852597878,16.42843337450946,11.630154368450686,12.083932067797749
2026-02-19 14:25:40,37.29380425374577,17.907412542751743,12.798211779732943,18.924210720918314,15.9410425122478,11.537718170435545
2026-02-19 14:26:10,37.5374996848766,24.17626742632415,18.848581104360466,18.873790976546417,19.898992445441635,15.9074293493332
2026-02-19 14:26:40,38.108923454424755,15.697347081116966,17.41161838976143,13.882236283728707,18.999840337476158,14.193158040688736
2026-02-19 14:27:10,38.96605910874699,17.924219124209042,16.949437399685717,16.470449828152702,18.43681985865665,19.025050209662105
2026-02-19 14:27:40,36.70557390274031,17.714136855992805,16.730951840740836,16.529272863253254,15.100713439382861,23.067033050142438
2026-02-19 14:28:10,32.56329885125085,11.042109597559643,10.87404095832738,14.285834334742306,8.99167219892604,18.65561895478113
2026-02-19 14:28:40,33.881783499436985,24.016403085662425,10.907379707904068,19.663535066637536,22.478613804810006,24.697063914892187
2026-02-19 14:29:10,40.252100840336134,21.218487394957982,15.865546218487395,19.285714285714285,28.478991596638654,25.663865546218485
2026-02-19 14:29:40,47.95717719029932,22.478613804810006,15.537553990689235,19.806389808574647,29.78101208383052,21.881985176719716
2026-02-19 14:30:10,48.88500512544742,22.644394777085047,17.947468365066296,19.476700220142167,30.00487337624144,19.485102592972254
2026-02-19 14:30:40,42.54854348538444,21.005402589546033,25.534167387852158,22.685834796709713,24.383071325945032,24.845190182915044
2026-02-19 14:31:10,34.523899545450725,24.35745553230997,26.701619069224243,23.374419210378175,21.534376864198155,24.323847452927687
2026-02-19 14:31:40,23.76951385504713,21.3413097178578,27.407619015611083,21.27409299433699,21.215278361256278,24.525701994656266
2026-02-19 14:32:10,20.461497092534707,23.86474404221707,26.553729286410544,24.184061039965044,23.873147121105173,26.889852441934725
2026-02-19 14:32:40,29.40311425954404,14.36122385526172,18.394803405013405,14.041898807573046,15.520877975815328,18.848581104360466
2026-02-19 14:33:10,33.89944453314734,11.016899301674803,13.638770073698097,11.529508651333204,14.294237766703919,17.664013983310777
2026-02-19 14:33:40,35.91566457424727,18.655305417601532,11.688977403551231,12.34443408038588,15.403231905614238,15.974655675162394
2026-02-19 14:34:10,42.033260224703994,18.924210720918314,8.302451239905546,12.520903185687516,15.327602289056394,12.722582163175101
2026-02-19 14:34:40,47.75509861095939,22.72211624917019,12.11734157962404,16.293706881339126,17.814676940917458,15.234910044284597
2026-02-19 14:35:10,41.42051613879107,22.487583929276713,12.714392557920654,15.487525105252983,13.907679896469713,14.61356818124522
2026-02-19 14:35:40,49.10883101822674,15.420038487071539,12.764598616818345,13.957865900286553,11.344442483676609,16.260367559936473
2026-02-19 14:36:10,44.96676442659182,28.521248077714933,24.890965470298067,22.126236354927347,11.86564592979773,28.563265237523005
2026-02-19 14:36:40,36.27639639336823,27.96568153744023,23.201095770694856,18.276850163441257,8.940951068460459,26.9573035973883
2026-02-19 14:37:10,50.31805920859138,29.511861045519854,25.17583590329655,18.74742653546549,10.655193566548741,26.881675251884403
2026-02-19 14:37:40,60.01579805381423,34.99941177459202,26.41972403825146,25.655031007882222,16.15939227912136,29.596141241323682
2026-02-19 14:38:10,59.55462184873949,23.050420168067227,20.00840336134454,19.058823529411764,16.100840336134453,22.42016806722689
2026-02-19 14:38:40,51.73862624157577,25.302095763096418,22.537436345607638,24.033209525890324,20.08369607233492,24.545805952841132
2026-02-19 14:39:10,39.39396485802879,25.31868944480391,21.26837138559532,21.537272169609167,18.83145803046982,26.545549271867095
2026-02-19 14:39:40,24.38409572143986,26.493126743521668,25.089906900144527,21.51043592242799,17.023493429234026,27.22414546432293
2026-02-19 14:40:10,21.058646565995243,23.226695573986774,18.512449475214495,19.529247653381066,13.899042865186006,22.49560928059428
2026-02-19 14:40:40,19.72268907563025,19.378151260504204,14.04201680672269,12.697478991596636,10.15126050420168,15.478991596638652
2026-02-19 14:41:10,19.310113020461323,19.57060627704718,10.755850594512834,15.184235956472417,12.495273307844206,12.55409436578295
2026-02-19 14:41:40,16.588235294117645,16.83193277310924,6.907563025210084,10.30252100840336,10.697478991596638,9.126050420168067
2026-02-19 14:42:10,18.773109243697476,20.63865546218487,10.184873949579833,9.781512605042018,11.983193277310924,12.08403361344538
2026-02-19 14:42:40,18.100992445314663,19.773275405675676,11.311019420331263,12.13455575256935,12.579937646534841,14.67239220497651
2026-02-19 14:43:10,24.428776712409345,17.60518995957949,12.857250901268078,12.201783208262253,12.27741409591677,13.697594097429388
2026-02-19 14:43:40,26.80649742439139,18.193124427525824,15.789783279132108,14.655339030764447,14.36122385526172,16.621709061268394
2026-02-19 14:44:10,25.696831172323385,14.394595094241321,15.856743107316623,13.192944715679436,11.201398284076872,14.680302177256035
2026-02-19 14:44:40,27.10924369747899,15.983193277310923,12.57142857142857,13.462184873949578,10.571428571428571,12.30252100840336
2026-02-19 14:45:10,20.898632807576277,18.823054880969384,15.075250203776374,22.217927279144224,9.957732158012822,14.62988328025344
2026-02-19 14:45:40,16.915824236771122,16.90742094604247,14.12593171485954,22.39476979185049,7.604978109427653,13.26039276980866
2026-02-19 14:46:10,15.268779253955852,14.67214561222175,13.453668456567591,19.82336282888379,10.226804816766249,10.462096957168427
2026-02-19 14:46:40,15.78137998840346,13.3696355492811,12.949471012848631,19.411601583179973,10.369660759153284,15.470458231443434
2026-02-19 14:47:10,23.856541431728612,23.209498920195287,17.428132063897547,16.89033049586985,14.966009260270747,18.95750527297631
2026-02-19 14:47:40,24.857351742451613,22.22707753846671,15.6892074723317,14.151379423356497,17.26064924915335,14.773233388515866
2026-02-19 14:48:10,30.411253592376596,24.134048167257692,12.949362195593354,16.873665988806913,16.789633787667434,17.251810893934557
2026-02-19 14:48:40,30.95798319327731,23.495798319327733,15.857142857142858,14.621848739495796,20.462184873949578,14.714285714285714
2026-02-19 14:49:10,29.613196527760273,9.445298779001858,10.016722548550012,8.319257821362847,16.260367559936473,9.815043571062429
2026-02-19 14:49:40,32.17620019999832,9.487315232645104,7.277249771010329,6.008352870984278,14.394837018176318,12.462080150586969
2026-02-19 14:50:10,30.47719882023746,9.301973833471981,14.402514137823827,5.638323796079223,16.293159225927887,11.974085557992387
2026-02-19 14:50:40,36.661400914224245,9.881688625974723,14.71329658510352,6.512167249260554,13.192390427534285,13.057945684323741
2026-02-19 14:51:10,33.11486429711788,14.88950508360642,17.427106965801194,8.755566759095874,14.923115704562642,14.805478531215863
2026-02-19 14:51:40,39.14862866361925,17.713094917988705,20.049072331271848,11.251344447432107,14.54524065609035,15.007394460876581
2026-02-19 14:52:10,36.805794811895495,15.596245472803204,15.898758854818787,11.579540011596347,12.890431333663857,17.789467492416158
2026-02-19 14:52:40,29.15052561700125,17.402922615396246,15.898758854818787,12.94085023066645,14.38619194474089,16.12564389133047
2026-02-19 14:53:10,26.167847329014045,17.495651297047925,13.226779606894059,10.352854177695987,14.27719094797523,14.151141587045487
2026-02-19 14:53:40,23.814925924992227,14.604919286392553,15.067100276468265,10.05033571146461,13.747783632070318,13.9662691910152
2026-02-19 14:54:10,34.81454093208517,16.915682089376652,14.201441992571553,7.361220819818154,13.445152182316264,8.67212315759399
2026-02-19 14:54:40,42.285714285714285,15.747899159663865,13.411764705882353,8.100840336134455,11.15126050420168,8.6890756302521
2026-02-19 14:55:10,42.84837942538298,15.91583264006185,14.86542129898068,8.64698615978017,9.823446861791078,9.100763859127236
2026-02-19 14:55:40,41.94082402668886,16.32759388576567,16.941034108957066,13.378038840009749,12.932664431391332,11.344442483676609
2026-02-19 14:56:10,34.562734766934724,18.428416567928004,17.134309795716003,15.403231905614238,13.823413248628164,16.109108326820785
2026-02-19 14:56:40,37.940857639851764,29.688826144318114,17.638507239434965,35.999697481533765,36.99968907824304,26.56280199326056
2026-02-19 14:57:10,45.77233996067293,29.075141594258923,17.966084603620107,37.806087292650545,37.83129695299238,30.259995630325548
2026-02-19 14:57:40,49.84790171593755,29.77260886371658,14.747651299978154,31.81459135140586,36.74728155829314,26.369304717567772
2026-02-19 14:58:10,48.95798319327731,31.15966386554622,14.327731092436972,32.285714285714285,36.39495798319328,24.21848739495798
2026-02-19 14:58:40,51.31803399914288,18.428106854449048,15.260119492785895,12.823206137660396,14.150903758728766,13.461845499693284
2026-02-19 14:59:10,51.226890756302524,15.235294117647058,12.52941176470588,10.781512605042016,11.588235294117647,9.100840336134453
2026-02-19 14:59:40,55.08264497533675,22.293555624648114,92.41783820575952,73.29226994277455,20.23478399704209,22.722116249170192
2026-02-19 15:00:10,72.40214450177308,17.99129426396195,92.35138905228483,73.55338565738391,21.453420950908388,22.27693652207526
2026-02-19 15:00:40,62.621322509894874,18.579675801043688,90.54545760119663,77.04136940025714,19.34437525735078,23.327535062730565
2026-02-19 15:01:10,62.612919219166216,25.45356761707885,97.60422181326207,78.24303997445399,27.29388828665305,27.630019915799032
2026-02-19 15:01:40,52.141980807045265,15.730828053310027,17.898858842708528,17.58793969849246,18.764390514445132,15.705618392968187
2026-02-19 15:02:10,47.537016184601946,24.86512831717114,26.70543352212568,17.8064234214551,25.29369254298247,23.881951563839262
2026-02-19 15:02:40,51.838158060585705,26.51989412209571,29.0996176631234,11.93227175328768,27.318179908407213,25.33506995504391
2026-02-19 15:03:10,59.091940403862154,19.075469954034,22.840144200468902,11.134360215460374,21.24351896202553,21.04183998453795
2026-02-19 15:03:40,65.17592289140428,23.377954807102462,21.714103242829896,15.487264812900733,19.100679826219945,25.97457164225511
2026-02-19 15:04:10,63.587166602241986,17.59634291860641,14.159425892001817,15.90729567570293,11.991395102603319,18.39464882943144
2026-02-19 15:04:40,66.3187704305006,15.546087848001278,11.4620885538777,15.974655675162394,10.848648330686297,16.63011235199704
2026-02-19 15:05:10,58.10826708794811,22.82314582948186,17.201391573250866,15.503941110233441,16.621569385388483,22.949194131191074
2026-02-19 15:05:40,58.75580877471618,20.209914202401663,17.781363181822005,10.831841749229,19.882185863984336,17.999848740766886
2026-02-19 15:06:10,51.99159663865546,19.17647058823529,18.159663865546214,11.739495798319325,18.344537815126046,19.394957983193276
2026-02-19 15:06:40,46.907168847320605,23.27711531835867,19.999831934185426,12.109141939983697,16.966243981143016,16.991453853328963
2026-02-19 15:07:10,65.5361629538751,24.486777644261064,27.79761854743158,23.411174508205676,18.486928900952076,18.512138349453373
2026-02-19 15:07:40,77.46088301036959,26.764256062923312,29.310431757449457,25.142434580931415,17.74760088065747,20.43663131712072
2026-02-19 15:08:10,73.65360537129317,33.32689091871633,41.192238851121395,40.53679319008764,27.99929413544196,27.873246892935473
2026-02-19 15:08:40,66.47731569792359,28.570708301471388,37.73854440644353,38.520037309983785,27.864843743435042,30.192516155054903
2026-02-19 15:09:10,40.486714508999846,29.125560914942604,26.134014554377238,29.495302599956297,24.327322229878487,22.64667820708896
2026-02-19 15:09:40,16.73949579831933,30.470588235294116,22.03361344537815,30.487394957983195,25.7563025210084,24.218487394957982
2026-02-19 15:10:10,19.117165113484532,21.923817046629075,13.344201406687226,20.100333605035168,19.53732258850617,20.066721007033433
2026-02-19 15:10:40,22.268159053477195,23.17569157339249,16.8061577762092,23.797519411112237,19.058182918221238,20.688380222513526
2026-02-19 15:11:10,22.13426777926236,13.378038840009749,15.453651649986137,21.96620196468938,15.604910883101825,21.436794648784467
2026-02-19 15:11:40,26.528965899732775,14.05858725063444,18.613132552394077,28.739012789701018,14.89890926202921,21.075276045780743
2026-02-19 15:12:10,20.999823530894698,18.865387685817765,15.554491138729926,22.083848034890465,14.714162065864993,19.520844362652415
2026-02-19 15:12:40,19.782177552186628,18.387172678073213,14.824027698410031,22.790682039732424,17.403946351137854,16.050959696124238
2026-02-19 15:13:10,22.512794225161556,21.56320641349927,14.823653980285547,22.521197657123164,17.14300120169077,15.8824864074488
2026-02-19 15:13:40,22.91577381702675,21.655280207729348,14.974664078453124,14.73096864732229,16.06709187317754,19.293955512978883
2026-02-19 15:14:10,21.327551869312025,21.302341997126074,17.352795354660884,14.579709414206604,16.70574196855489,19.546054234838365
2026-02-19 15:14:40,18.72205976269705,24.184061039965044,18.13384424052973,13.218043090988537,17.940573426103327,22.259755974589087
2026-02-19 15:15:10,15.235166091041252,26.058604549541602,17.52926445996252,13.3696355492811,18.016655322224185,22.520819152780227
2026-02-19 15:15:40,13.596638655462185,22.941176470588236,15.57142857142857,12.394957983193276,17.344537815126053,16.20168067226891
2026-02-19 15:16:10,10.537903679862854,19.638820494289867,15.773241791947829,13.227001907579053,13.84045244077681,19.647223926251478
2026-02-19 15:16:40,19.781346375240545,16.596499189082444,15.285585835413148,12.243594591642088,14.613322577121203,19.436811455365923
2026-02-19 15:17:10,25.478991596638657,12.252100840336135,13.899159663865547,11.285714285714285,12.521008403361344,17.420168067226893
2026-02-19 15:17:40,27.301832726906046,12.797996689159097,17.907111585422218,13.47865179869415,14.38619194474089,17.058393485878504
2026-02-19 15:18:10,35.06663753550361,12.461975428984386,15.251844506815013,10.11747701719299,13.730861666190483,8.20154283121292
2026-02-19 15:18:40,28.453064208465328,18.453316302950345,19.218002907489726,16.6466391603573,16.117240741830035,15.839936808315757
2026-02-19 15:19:10,23.579435639737152,20.344195895867298,23.96598376497874,19.596309305725956,17.78121376111326,21.260146888287593
2026-02-19 15:19:40,25.756518962344217,23.22708594189867,24.22709434533063,20.672442625568276,16.563164396339463,21.025386767956032
2026-02-19 15:20:10,23.412158187532565,25.37017428864351,24.42898199969747,23.20207062303568,17.067513739726717,20.185213196860452
2026-02-19 15:20:40,21.83960203018386,22.503445262344123,23.100063863399548,16.70532082955195,12.520587543275857,12.856710698800041
2026-02-19 15:21:10,29.655462184873947,23.487394957983188,18.495798319327726,12.974789915966387,11.310924369747898,7.436974789915967
2026-02-19 15:21:40,29.671520886028084,21.982639093132104,18.150802920934765,11.764409300605866,11.142576237573843,10.907288051561725
2026-02-19 15:22:10,29.201680672268903,17.058823529411764,18.159663865546214,12.6218487394958,13.689075630252098,11.168067226890756
2026-02-19 15:22:40,29.545721920639988,15.033360783852373,16.050150417640037,12.764491353086505,13.99136148972286,11.142669871094604
2026-02-19 15:23:10,19.856809129258334,17.55432681803667,20.999647064755216,14.579586897699201,18.268600527722224,12.680459151947026
2026-02-19 15:23:40,20.629905379741516,16.823246668123225,19.789583368346754,11.621653417589622,19.092116098889097,13.335910320834943
2026-02-19 15:24:10,29.335887933714844,20.915790623608206,19.83176611961244,8.588163124679623,17.739346728178756,16.32759388576567
2026-02-19 15:24:40,34.663574255678526,20.226720783858955,21.008226821623346,9.050344114755339,17.335988773203585,16.40322350232351
2026-02-19 15:25:10,41.024520596292504,17.369455975529824,14.604796558041041,11.529217996336195,14.495554696559724,16.495521083679265
2026-02-19 15:25:40,38.931464488588624,17.427985613928946,13.31047695875769,12.176061308863568,12.394541359954287,15.28520049746227
2026-02-19 15:26:10,29.192786675854187,17.436681736441408,12.907346095023614,15.587973311372918,10.226718878674308,20.176131493588343
2026-02-19 15:26:40,29.70563272577541,15.285585835413146,9.478911941916454,13.663750724783826,10.478903538625724,18.50404618448584
2026-02-19 15:27:10,23.571032419623197,14.487151476445773,15.310667047612645,11.22670207223408,12.915749315137559,17.84843952202484
2026-02-19 15:27:40,30.309650855006097,13.722112516280829,15.150623923364567,11.024746859375659,13.327171127263563,16.965673711188607
2026-02-19 15:28:10,30.857402163043385,16.10097563845074,15.890889839410413,14.453902973974571,18.294271380431766,16.537954100454623
2026-02-19 15:28:40,38.47866824648532,17.655313820892264,19.226729187149687,18.82337123217452,20.554449122276285,20.89058075142226
2026-02-19 15:29:10,48.965975075839694,24.96617675481719,21.02503340308065,27.470357391954696,21.25192225275418,25.06701624356098
2026-02-19 15:29:40,49.385724609670426,24.209677148283223,21.722323994554714,27.612981294432025,21.562662812389704,24.134048167257692
2026-02-19 15:30:10,58.554621848739494,31.39495798319328,23.71428571428571,27.924369747899163,23.63025210084033,24.663865546218485
2026-02-19 15:30:40,48.48204524430242,41.27491380035321,22.11756790850223,29.509713228492135,22.243713733075435,26.591539820031958
2026-02-19 15:31:10,56.19328741663933,35.883980455971276,20.12429464052947,23.530203261262624,21.58757389980742,27.32295582410374
2026-02-19 15:31:40,50.029013295658096,34.908460949785976,18.74511189040543,21.335284372345704,18.888075955967064,24.60663857843261
2026-02-19 15:32:10,43.159054402946786,27.979379189127823,12.92585086074225,16.710257423744203,12.833343144757755,22.378457475884918
2026-02-19 15:32:40,55.647526449802086,19.94134404490794,16.899301674803986,13.714400961352617,13.62196320977487,23.588433516248035
2026-02-19 15:33:10,45.05042016806723,25.596638655462183,14.067226890756304,10.621848739495798,13.655462184873949,22.563025210084035
2026-02-19 15:33:40,40.344537815126046,28.915966386554626,28.53781512605042,10.352941176470589,15.521008403361341,26.907563025210084
2026-02-19 15:34:10,49.12563759968404,28.369509499920177,30.722430903941987,12.688969000260503,20.941000495794153,23.991395030293862
2026-02-19 15:34:40,53.37064488478798,28.17694415032185,25.496226827341633,11.075816400275635,19.874283601405068,18.521319686045143
2026-02-19 15:35:10,56.20215295926856,23.941377658635783,27.109471508163928,8.806796695770553,19.487558718980832,12.806830309498398
2026-02-19 15:35:40,78.9670501432785,25.117858133261624,13.537928890158737,10.941268414020284,20.084202388255363,12.420272439264194
2026-02-19 15:36:10,76.90045210843878,48.58064841425906,28.697961310274128,17.840635977075245,19.10116136405654,9.823694515874216
2026-02-19 15:36:40,77.1344537815126,64.30252100840336,44.09243697478991,17.403361344537814,23.941176470588232,9.42016806722689
2026-02-19 15:37:10,85.64777855276094,62.765233321288406,44.16843839023857,18.773267002243717,21.411944638190235,14.210203447087789
2026-02-19 15:37:40,87.6156541761557,56.01821894669613,47.11043135541233,18.748371807692635,22.487961881391968,13.286049228131802
2026-02-19 15:38:10,78.27796872242624,31.084294826006932,34.79861175303994,10.210169833359943,18.58839149908822,19.008563097168878
2026-02-19 15:38:40,67.748468474525,14.311044630627148,21.092614223648933,10.991689005789963,13.655576937621323,18.991756233245656
2026-02-19 15:39:10,49.84075496432743,25.21029588483937,24.017008546290302,12.504306758880324,14.537937293590703,16.353078597299138
2026-02-19 15:39:40,35.731392700779,29.865797191573034,18.075782149429827,13.546332322120353,15.058950075210713,16.764846763418177
2026-02-19 15:40:10,36.252405482399006,28.664106421062357,17.084177177959475,16.21022025395171,19.697644518021157,15.201808418558137
2026-02-19 15:40:40,30.437230564962725,29.311170682106564,19.420331263287924,13.790031849007134,20.218657299641173,16.117782502373966
2026-02-19 15:41:10,33.2016806722689,18.394957983193276,12.596638655462186,13.3781512605042,22.924369747899156,17.10924369747899
2026-02-19 15:41:40,25.34453781512605,18.352941176470587,15.428571428571427,12.773109243697478,21.075630252100837,15.899159663865547
2026-02-19 15:42:10,25.630252100840334,17.722689075630253,15.008403361344536,7.445378151260505,17.210084033613445,11.80672268907563
2026-02-19 15:42:40,27.479453436192202,17.49609237130036,12.44558732079531,12.949797475587827,16.328005512697693,15.143111648935276
2026-02-19 15:43:10,28.58799505886505,22.2435105587348,24.56281879984202,21.562844009714205,18.09228493878203,19.075469954034002
2026-02-19 15:43:40,26.90801526076069,22.025580261853143,21.370107060622868,25.48782332476176,19.386880451772296,17.159952268105346
2026-02-19 15:44:10,26.798769727222304,22.496176406326157,23.353333669473436,29.908065681776165,18.244004100909258,20.21042370460008
2026-02-19 15:44:40,23.327927125438023,26.017025353154228,20.764880377146024,24.941386062067743,16.33627173337591,16.98333599442012
2026-02-19 15:45:10,19.823695997445355,20.874124992646994,15.277439306212656,19.32789351171018,12.336238119648064,12.823637173421623
2026-02-19 15:45:40,17.974940965890468,19.731258245867608,19.495962150942443,15.15138782678846,11.924469953529021,14.311044630627148
2026-02-19 15:46:10,19.185196389855292,22.697860468243164,16.991882216507843,14.504445452864756,13.101060522025582,15.580093783088792
2026-02-19 15:46:40,19.327731092436974,16.588235294117645,19.025210084033613,16.76470588235294,14.932773109243696,14.865546218487397
2026-02-19 15:47:10,20.64705882352941,18.655462184873947,16.39495798319328,13.865546218487395,11.64705882352941,14.563025210084032
2026-02-19 15:47:40,25.622494684739955,16.69789994705749,18.29457885492912,16.134860542702757,13.033942032152071,14.101195828466265
2026-02-19 15:48:10,25.781079309591437,18.05852002487353,22.394581603670527,19.024890337977514,12.08383052385674,16.30224702105847
2026-02-19 15:48:40,29.420662532143393,20.512949797475585,19.84907309366544,21.58019462511975,12.554832854333686,13.739726718096101
2026-02-19 15:49:10,29.739495798319325,20.773109243697476,19.084033613445378,21.689075630252102,15.369747899159664,16.899159663865547
2026-02-19 15:49:40,28.478991596638654,22.277310924369743,14.61344537815126,27.747899159663863,12.949579831932773,17.554621848739494
2026-02-19 15:50:10,30.393425541569336,17.133589903030103,12.51197418617549,28.166647059812117,15.284943616288254,13.520326706216496
2026-02-19 15:50:40,27.847335428465797,17.394080970707364,15.56224055929953,25.25923062702721,15.150496613616124,16.091625632321062
2026-02-19 15:51:10,27.956338702765382,14.066399455494217,15.352038115404977,25.32624131353618,12.595897720302169,12.08332282974951
2026-02-19 15:51:40,28.897216993815544,15.049408443129874,14.629268620596935,16.990454423232055,13.788988975531058,13.133570852379673
2026-02-19 15:52:10,30.41202026907789,18.27746451650854,11.571525811141269,11.353036580139328,14.117765695510046,13.067336700308404
2026-02-19 15:52:40,83.15265802786602,21.697843661238004,56.05136220776819,17.328022319702853,21.672633153498378,12.630464377552563
2026-02-19 15:53:10,89.09468305923679,24.840962377202793,56.329151155071145,17.193710765817627,24.261115826449405,13.344874240527071
2026-02-19 15:53:40,84.42087748636543,20.9413524483399,59.54671887999058,19.13461457659308,23.369944285246092,12.588341078496457
2026-02-19 15:54:10,82.70588235294117,17.873949579831933,60.193277310924366,19.67226890756303,19.915966386554622,12.327731092436975
2026-02-19 15:54:40,31.8416740199168,12.118156225051472,14.177066263288376,13.412328249086094,11.992100508424723,18.916761208454137
2026-02-19 15:55:10,33.68935873410701,9.294195749544114,13.487508298389061,13.260615635425504,14.117765695510046,22.21027067454348
2026-02-19 15:55:40,38.17582897766424,11.596443757247778,13.02499117661888,10.966202248701702,13.840103527671804,24.72227357523403
2026-02-19 15:56:10,33.29439743191119,8.596710896730224,14.126169127471657,10.8236203665577,13.647173505659712,28.117883343557505
2026-02-19 15:56:40,28.11741077806069,11.554524751892842,15.092310148654214,11.764607020109075,13.226779606894059,23.94097528592197
2026-02-19 15:57:10,25.0672268907563,14.15126050420168,14.882352941176471,15.285714285714283,14.252100840336135,19.915966386554622
2026-02-19 15:57:40,25.68067226890756,14.663865546218485,15.647058823529411,15.747899159663866,15.30252100840336,18.075630252100837
2026-02-19 15:58:10,27.890756302521,17.495798319327726,14.563025210084032,15.512605042016805,16.35294117647059,17.638655462184875
2026-02-19 15:58:40,29.546466777031732,13.134564156001307,12.13455575256935,15.185001554634908,17.571576231733037,12.479096462995487
2026-02-19 15:59:10,19.101000848746626,10.285800721014462,12.445482735149033,14.117765695510046,11.49589492348675,12.97489894873066
2026-02-19 15:59:40,21.562844009714205,10.025125839278662,11.243602994932814,13.97467248174385,10.403273922067884,12.260401173099385
2026-02-19 16:00:10,22.580590944233418,10.008739789572758,11.168442636727285,13.83239772765471,7.235537328985847,9.378466503075733
2026-02-19 16:00:40,27.723155011008583,19.975125632363568,17.933074505453874,14.672515504462261,9.252256340442697,15.764970839846045
2026-02-19 16:01:10,56.85762065227438,24.958192925990975,40.28605282397331,15.319456466020718,15.722821200178153,20.495970554374406
2026-02-19 16:01:40,61.36134453781512,25.151260504201677,40.45378151260504,15.865546218487397,16.781512605042014,20.48739495798319
2026-02-19 16:02:10,74.07376284631479,26.30185793635454,40.33511760207725,16.419754123845614,20.831407611572818,22.57926270766283
2026-02-19 16:02:40,70.70707070707071,19.462511974991177,36.39556967343989,17.874249987394748,20.639002336173718,19.697810047227684
2026-02-19 16:03:10,52.454222304389106,18.81528416205178,14.227010311011016,18.54637433928016,17.43712132034723,17.8656963503895
2026-02-19 16:03:40,59.621848739495796,21.722689075630253,16.386554621848738,20.73949579831933,18.823529411764703,20.90756302521008
2026-02-19 16:04:10,46.865940049916375,24.596845351641612,19.02536996109211,22.24388440238993,19.428734695249535,23.622047244094485
2026-02-19 16:04:40,43.34490205800048,26.756527365776183,21.33631375053572,21.68085446096185,16.3950957571072,26.815351389507473
2026-02-19 16:05:10,49.05882352941176,22.84873949579832,21.18487394957983,17.554621848739494,15.932773109243694,24.31932773109244
2026-02-19 16:05:40,43.88272170354372,27.773342633131364,24.117849729829658,20.479163690451177,18.521164043395324,29.706131984302388
2026-02-19 16:06:10,62.88841248258662,28.019920086086803,21.905421299810644,19.31948047614678,16.97545024566438,31.356617923072438
2026-02-19 16:06:40,74.96850938879017,31.140252091727344,19.67850379972805,18.886024842129846,19.044520633649487,40.43311060503682
2026-02-19 16:07:10,82.09316293503286,31.382428509459775,24.625446294504318,21.238613233674794,23.007107344255733,46.381260635990515
2026-02-19 16:07:40,82.45186692916013,26.577463378824785,23.524308452067135,16.425306149688012,18.36063932730488,40.38339617604858
2026-02-19 16:08:10,66.56582209336526,36.68221353838396,32.53077860414303,31.01811000462204,27.059960502542125,45.19517626791041
2026-02-19 16:08:40,90.74330854237571,31.900500021009286,32.589604605235515,29.497037690659266,30.02647170049162,35.993108954157734
2026-02-19 16:09:10,91.60735144583477,31.00918510550687,31.64785666865551,28.13516307133793,26.9502592502332,29.748649125608207
2026-02-19 16:09:40,78.13708023799119,32.65655988436586,34.580994319136785,36.5894651921073,31.31197687317221,32.99270563716428
2026-02-19 16:10:10,71.49820162022252,15.563548354566539,28.933745672123436,25.261353322800765,26.967293018252708,23.740293791387945
2026-02-19 16:10:40,36.54713984386161,15.840735480726407,26.50486987066901,25.92502331991563,19.958486348395336,20.51312217955075
2026-02-19 16:11:10,14.7653262742132,20.52187066683474,24.96743560653809,28.589436530946678,21.3454346821295,23.320307575948572
2026-02-19 16:11:40,17.681563776324857,15.740289426357638,19.3539170042187,16.782358774391987,18.463115787350624,15.152024471822113
2026-02-19 16:12:10,20.353625331943928,19.227537060069245,16.11818884668392,12.739924031059866,13.79037950855491,13.563481125415978
2026-02-19 16:12:40,26.832383737541804,23.286105648834432,23.294509151414307,15.563286777929042,21.11800198322661,13.067446511706079
2026-02-19 16:13:10,32.85769508731239,18.882670296979782,24.034017378443334,16.70616312879208,18.680986235062772,9.932940049412595
2026-02-19 16:13:40,31.959594601408476,19.076592097080525,19.5976267710977,22.17758878598921,17.110106391918922,12.009008857589459
2026-02-19 16:14:10,30.353706395959563,18.891232552081146,19.51309696883115,19.908064909199396,17.613889425783842,9.470826995638545
2026-02-19 16:14:40,19.42922451174829,17.261084406198528,18.51322733537262,16.681232982621268,13.429022824296617,10.10958351541228
2026-02-19 16:15:10,15.387201142905162,15.0678599941174,16.51329887810412,15.681331148367578,14.479599983192571,7.882684146392704
2026-02-19 16:15:40,14.437460082691855,16.56358196914182,21.61417190493798,11.79031227940435,16.555178325321858,11.235671787286964
2026-02-19 16:16:10,13.941762258918441,19.54703979158788,21.5471238287323,17.673011471070215,18.97558720954662,17.2276146056557
2026-02-19 16:16:40,24.311741571145248,16.29466536690309,18.185485226394167,17.933375911795356,18.244310733133883,17.252680762378567
2026-02-19 16:17:10,26.20278162948023,23.253077860414304,16.65616202361444,14.647674272028235,17.118366317912518,22.849699567208706
2026-02-19 16:17:40,27.177384113751717,22.126794177955563,11.765101347944467,16.39550909274261,15.664392080406063,20.446065413963495
2026-02-19 16:18:10,24.858814037918517,18.673524270539197,12.404195240016135,16.44648379723007,12.866411187306712,20.060172112410918
2026-02-19 16:18:40,22.572376990629856,19.353754359426866,12.227404512794655,20.059666372536658,13.597209966805327,20.597504096810788
2026-02-19 16:19:10,21.479894113198032,11.47107021303416,12.7064162359763,20.0932812303038,13.81570654229169,18.16042690869364
2026-02-19 16:19:40,23.689871928468182,14.395441863592055,15.840868600625232,20.29479982520421,16.269454435443205,19.941846784765872
2026-02-19 16:20:10,26.798769727222304,11.613640565387653,15.134708146355402,19.302845425973548,16.504479066875074,14.218726365148996
2026-02-19 16:20:40,27.87488655080843,18.41238360953309,20.54690913980302,14.38703821977209,17.92497226797539,21.244411576859726
2026-02-19 16:21:10,28.001411835890888,21.61453518664807,20.48002420290099,14.504933021833033,17.47987293476982,23.950787434660572
2026-02-19 16:21:40,24.84096237720279,18.27777170853047,19.4962898224325,20.630772204341284,14.302881585250049,23.77370858088859
2026-02-19 16:22:10,32.21957040572793,23.605835490268586,18.647685636491985,18.10985243201452,10.924736965948435,23.378937107129648
2026-02-19 16:22:40,28.623291930685586,16.773954989327194,10.000504227103889,20.19429551069802,8.773551607644084,15.530194799737803
2026-02-19 16:23:10,22.941754834155482,19.47948267603385,12.454095481398692,22.7400690773717,6.664033547064212,9.36158054404733
2026-02-19 16:23:40,23.31991562812508,20.454297167155474,10.44564148676017,13.924720791280453,15.42055682076019,7.882551660966243
2026-02-19 16:24:10,20.74105441456701,19.589244124497142,13.677747194579718,16.328604700402288,21.054414567012493,12.593690450984546
2026-02-19 16:24:40,19.699343637518528,18.88630107982215,16.667372432775778,14.744865551556217,21.04594537370316,12.432775778107136
2026-02-19 16:25:10,27.202818523662724,15.896541210745625,13.897828517226193,11.839831972627797,23.484874148853276,15.176665876215317
2026-02-19 16:25:40,27.262333262756723,14.8549650645776,16.54880372644506,13.711623967817065,14.897311031124286,13.974168960406521
2026-02-19 16:26:10,28.051127339344696,13.101170617746666,14.294478012050726,11.277595233493283,12.042320394631796,12.017109675033826
2026-02-19 16:26:40,30.63050950007983,12.84044403734485,13.882469600584876,11.226985100715133,12.008504273145151,17.899310078235946
2026-02-19 16:27:10,31.52100840336135,16.789915966386552,17.73109243697479,11.420168067226891,14.168067226890754,24.10924369747899
2026-02-19 16:27:40,28.890999084025914,16.504340372608173,20.285884755334077,13.537928890158737,14.008521080009073,24.395162984562894
2026-02-19 16:28:10,25.664081210766476,16.38669232514559,16.790057059303017,13.100950428154858,14.663988773014895,24.23549777729225
2026-02-19 16:28:40,27.58893081338185,19.193761187256825,16.941603569837895,19.151743321260202,14.68944595241897,19.45427195643588
2026-02-19 16:29:10,26.294780540685903,98.01087422371992,15.597031857945998,18.866021832483174,12.092741833827745,99.37225308201047
2026-02-19 16:29:40,39.947325871165084,97.35545868998109,12.3100772609453,18.602635373344558,11.976696698698982,103.69802388671727
2026-02-19 16:30:10,41.118338123329806,101.27901309265701,15.882619875964304,23.319719659153936,9.126203801744568,105.15302778197952
2026-02-19 16:30:40,37.21039672602291,98.47981915814418,15.487525105252983,17.479138480155292,11.890856225682567,106.33702804225244
2026-02-19 16:31:10,45.8491247825612,15.075756939133933,12.874057765191301,19.43713812721115,13.655576937621323,19.907730317061485
2026-02-19 16:31:40,40.41893334689105,15.591370515362584,13.574660633484159,17.523344687918385,14.38812344298134,17.006456861050385
2026-02-19 16:32:10,43.72342392309115,10.470764214524614,24.966806164809494,12.781727423990318,19.84907309366544,28.781996336072872
2026-02-19 16:32:40,47.14404564820962,13.24403136213518,25.672916123935902,10.159919997983142,19.025689723270336,30.051177760783894
2026-02-19 16:33:10,39.95865476730701,16.403637035916567,30.21059177465168,10.865728835778752,20.630598833593844,32.66441452797526
2026-02-19 16:33:40,42.11800099160497,18.882511617744687,30.117900150421427,11.11774048521416,22.311111858082842,31.134715417776615
2026-02-19 16:34:10,36.32864694067918,20.445893593956153,17.95003235375682,10.101094985587872,17.672714438179117,20.664386497138587
2026-02-19 16:34:40,36.521929124263636,21.303058060287235,19.227375480054118,19.639150566821016,22.68124406497643,17.00042858223317
2026-02-19 16:35:10,46.40414124607136,18.865863291820034,14.714533017361633,20.38689725877746,22.882737525000422,12.042219196961293
2026-02-19 16:35:40,41.9499323523727,28.361582870444284,25.10105126933839,24.34474239279322,39.62218169900588,27.596870561937497
2026-02-19 16:36:10,49.37898115934721,28.630733289635117,25.622279366039763,28.412242222558366,41.7990218322997,25.605472360880015
2026-02-19 16:36:40,45.580214959789565,25.294330204455502,23.67246783586417,20.706056353414734,34.487684770460255,25.73971209842099
2026-02-19 16:37:10,65.82518887030766,27.24438431220955,23.521601384908863,17.62229299898317,31.12683513029741,28.2276023765305
2026-02-19 16:37:40,61.102380732287365,18.689546795297364,17.017235728631817,19.10132188206425,16.210492701496676,24.572048034824405
2026-02-19 16:38:10,89.10999252094554,21.739678484693144,17.04216001815141,25.815342986075514,14.949705459709742,34.17675778788057
2026-02-19 16:38:40,101.5126050420168,21.403361344537814,16.529411764705884,26.05882352941176,14.714285714285714,33.60504201680672
2026-02-19 16:39:10,84.0434293013328,20.050757155582446,26.555068152405926,35.58042992319199,18.588547706684146,34.177044992352805
2026-02-19 16:39:40,105.70854727430104,24.941805255594677,31.2612923014866,39.01779036446298,23.193862030135215,26.160323369496712
2026-02-19 16:40:10,75.808633831105,24.269519399648733,33.54706421170282,31.320117313881866,22.95015840735481,16.050824810709514
2026-02-19 16:40:40,70.95917578446696,21.45414208642162,36.89137632565254,29.269399485705637,25.622279366039763,14.075866821291113
2026-02-19 16:41:10,111.95146136909864,23.496193213331313,87.53928637456092,81.65683456864822,83.74090320845727,31.017328022319703
2026-02-19 16:41:40,88.3628296273887,16.218759979159312,80.1358006016908,74.1441032622397,75.90883880401351,32.42911645573876
2026-02-19 16:42:10,81.76539298649568,16.890898242842372,80.28638896125177,75.16029546466775,76.32837250733199,32.77338465029118
2026-02-19 16:42:40,75.42920528743939,19.89932688509987,77.78216623669107,86.52173547676871,74.89138564189614,35.46248287800738
2026-02-19 16:43:10,13.65022750379173,17.116951949199155,17.75862931048851,22.458707645127422,10.533508891814865,15.791929865497757
2026-02-19 16:43:40,17.60619576812909,16.161412527614676,16.598207460793454,23.788524053120984,12.297457349494746,13.2550462414636
2026-02-19 16:44:10,24.434700803010454,13.002721499848807,13.195914390350435,19.621677922252463,12.481940664583545,13.456304807983068
2026-02-19 16:44:40,19.336250850475846,13.204424994330157,14.355192312538323,14.17879732215605,11.8856624471865,13.271623085904361
2026-02-19 16:45:10,23.727033231399986,10.639469381877323,14.595386739629483,15.035874325503384,12.020228545289747,17.26372500021177
2026-02-19 16:45:40,22.461996117679686,10.252014688952194,13.957865900286553,15.193149637398005,11.882253090310167,14.73937193805094
2026-02-19 16:46:10,18.714442978512423,13.361456818964864,15.092563803057168,17.025353154228185,11.949680249413857,17.596786527617876
2026-02-19 16:46:40,22.580021680854458,14.63877847713006,16.31106143749107,15.033739779325876,13.344649955041637,17.9329238060824
2026-02-19 16:47:10,21.72287162076992,14.24381717493424,15.546349128984275,16.218623685913325,15.437104513483305,13.714400961352617
2026-02-19 16:47:40,22,14.243697478991596,16.907563025210084,13.344537815126051,12.596638655462183,12.991596638655462
2026-02-19 16:48:10,19.47931898015093,11.294307467352393,17.067513739726717,15.840602363064923,12.63886788013244,10.227062639708231
2026-02-19 16:48:40,17.773109243697476,9.378151260504202,15.436974789915963,14.54621848739496,12.15126050420168,9.495798319327731
2026-02-19 16:49:10,13.983310784124237,13.100950428154857,18.65561895478113,12.52111362280355,12.100942024722896,12.705989125959041
2026-02-19 16:49:40,14.588480478663508,10.764886804820248,15.294374695373032,12.890972957528698,12.571639859493436,14.008638800652113
2026-02-19 16:50:10,13.781512605042018,14.159663865546218,15.57142857142857,12.890756302521009,12.243697478991598,13.907563025210084
2026-02-19 16:50:40,14.37827208632005,18.100992445314667,17.72283800704207,21.974974579618312,11.378246876024166,16.832074219111085
2026-02-19 16:51:10,23.143051622282538,18.672425818704355,19.42873469524954,30.697736955772736,13.806838712930357,16.058958478642676
2026-02-19 16:51:40,21.974420597973143,26.117208114149342,22.13408178013815,28.01633585990152,14.058587250634444,16.756020907211642
2026-02-19 16:52:10,26.109024293913496,22.86535407265485,21.453601230241762,27.747665986000115,11.798220183023671,19.394795001722677
2026-02-19 16:52:40,28.84898192421785,16.49593694064656,15.983327590988159,16.327868301414295,11.445474331717072,18.563181203203385
2026-02-19 16:53:10,31.462449264279524,16.04215161471945,11.378246876024168,10.966478709905125,10.268993857091237,17.832082622543044
2026-02-19 16:53:40,37.45378151260503,16.0672268907563,15.571428571428573,17.789915966386555,13.890756302521009,18.016806722689076
2026-02-19 16:54:10,30.69773695577273,16.2018168219901,18.453936587702415,19.706047949982775,16.47913007672333,17.5463659358482
2026-02-19 16:54:40,30.01731121531454,25.731524899578144,21.311282542563738,24.56343804097548,17.000285719087714,15.31118170053278
2026-02-19 16:55:10,26.386776359465202,27.40359162682039,21.193455407188296,22.874141799510916,17.840486054504662,15.93290699921848
2026-02-19 16:55:40,22.101026059042507,23.210279077975443,17.781662030773365,18.924528777552748,14.319448062588759,14.974915755594584
2026-02-19 16:56:10,31.193801576497084,22.882737525000422,14.000235298072235,15.134708146355402,13.99183179549236,15.050673120556649
2026-02-19 16:56:40,35.11764705882353,18.621848739495796,13.378151260504204,11.957983193277311,15.672268907563023,17.781512605042014
2026-02-19 16:57:10,30.437230564962725,17.33628013680787,15.52954226506105,14.142975991394882,14.756426524592644,20.369919074950207
2026-02-19 16:57:40,37.0759418146371,18.35309540416306,14.706005932822963,13.142967587962923,14.23541374297263,21.092614223648937
2026-02-19 16:58:10,32.941453289523444,18.672425818704355,15.327859897982332,11.907663089605796,16.79005705930302,22.52960108908478
2026-02-19 16:58:40,30.201680672268903,16.35294117647059,17.57142857142857,12.420168067226891,14.428571428571429,20.07563025210084
2026-02-19 16:59:10,34.41205388280573,13.445491138580994,14.462306405936184,8.487466281229253,12.21859007218548,16.0757653425659
2026-02-19 16:59:40,34.17647058823529,14.235294117647058,14.571428571428571,11.008403361344538,15.30252100840336,17.142857142857142
2026-02-19 17:00:10,28.159663865546214,15.453781512605042,13.73109243697479,12.949579831932773,14.18487394957983,12.176470588235293
2026-02-19 17:00:40,32.37001991613374,13.336246523080023,12.403465575340967,13.201791611694214,15.302649602097492,10.916058118135446
2026-02-19 17:01:10,31.73109243697479,17.294117647058822,13.310924369747898,15.243697478991598,16.49579831932773,12.235294117647056
2026-02-19 17:01:40,27.915731800573106,11.798220183023673,10.075545583650559,10.697389097570609,11.361249065133906,6.546163477617835
2026-02-19 17:02:10,31.832200270590512,10.000084034319613,10.890847822250606,9.226968293851208,11.705980722527078,7.80678829233859
2026-02-19 17:02:40,35.27701447886993,14.302400820161177,11.159570087646323,9.613364593574843,10.050335711464612,11.025117435987934
2026-02-19 17:03:10,44.33576188435392,11.445281972420402,10.344450886967337,9.176393475685078,10.06714229292191,10.957891110158739
2026-02-19 17:03:40,39.26890756302521,13.815126050420169,12.84033613445378,11.193277310924369,11.64705882352941,13.369747899159664
2026-02-19 17:04:10,50.83820007562707,14.192680979790765,10.192849039956304,8.495441368009745,10.411327255157346,13.419604218310155
2026-02-19 17:04:40,45.20818453006177,13.444813243141047,12.503676316121174,18.402588126549304,21.041132725515737,23.301541952018827
2026-02-19 17:05:10,32.83055333809504,18.41099113482626,17.066509810512162,23.158690811310446,22.70492836435444,28.12486870299567
2026-02-19 17:05:40,45.595489189348164,20.831407611572818,16.957555691873313,25.293479996302608,24.596018587766693,28.285001218456674
2026-02-19 17:06:10,40.57949092864766,20.050251678557323,16.51246628179595,28.100604196603392,27.024982983336276,25.61323014092319
2026-02-19 17:06:40,52.915966386554615,20.201680672268907,12.30252100840336,16.83193277310924,19.470588235294116,13.42016806722689
2026-02-19 17:07:10,64.8056335187644,15.058570444194213,5.672173576914674,11.705685618729099,16.730811246869802,10.621670224029849
2026-02-19 17:07:40,59.92436974789916,14.563025210084032,6.3613445378151265,22.53781512605042,14.596638655462183,11.949579831932772
2026-02-19 17:08:10,61.555139118816115,27.99183186413331,13.630366641736483,29.059067723258174,27.101068076202317,16.630391852032368
2026-02-19 17:08:40,52.0672268907563,26.77310924369748,14.033613445378151,29.596638655462183,26.61344537815126,15
2026-02-19 17:09:10,58.75580877471618,32.34426601457131,19.63849043285351,32.52913841060159,29.277064898614295,17.89900925202309
2026-02-19 17:09:40,74.58045865931646,38.20200169749325,29.622097664686255,32.084303229438895,40.12638761670266,23.52960949251674
2026-02-19 17:10:10,77.39495798319327,29.436974789915958,25.605042016806724,32.470588235294116,32.73109243697479,31.176470588235293
2026-02-19 17:10:40,71.2532983747626,47.38735104791677,40.437654414359905,55.36227499621842,55.11016991882216,53.74039899830249
2026-02-19 17:11:10,71.69687649683615,44.89037907244477,39.83159805379787,52.74745590373191,55.411299064713745,48.64665002815103
2026-02-19 17:11:40,49.60629259561165,39.211072548047426,30.8495172147197,41.194315823087976,46.74907770784138,40.29513349076028
2026-02-19 17:12:10,38.53813897595778,35.85744418020319,30.916226186774676,34.69777056950058,39.52974394742813,34.790208321078325
2026-02-19 17:12:40,36.23559861847578,17.621996823502716,13.5127185942739,14.504323565744246,15.100967235018778,14.210203447087789
2026-02-19 17:13:10,17.235294117647058,16.806722689075627,14.168067226890754,14.949579831932772,11.025210084033613,14.621848739495796
2026-02-19 17:13:40,13.48762164069984,15.63891830114792,13.059043009126203,14.185112354829494,7.3362577522311305,13.99183179549236
2026-02-19 17:14:10,12.54632391868839,15.479121673291369,12.588341078496457,13.462298002504221,9.109320246388624,13.016916108538727
2026-02-19 17:14:40,9.470588235294116,18.19327731092437,15.907563025210084,11.428571428571429,9.932773109243698,13.411764705882353
2026-02-19 17:15:10,10.32799146196963,14.160020840861534,12.849063421766935,11.56331672227031,12.176777565820988,13.479331411716263
2026-02-19 17:15:40,16.924085309490597,10.991411909043546,10.53763802289037,9.890590074116401,12.756088132972558,16.058553637753985
2026-02-19 17:16:10,20.008739642683068,15.24395367989378,9.554782433318207,13.033832501386577,14.462427939965378,13.109464024605458
2026-02-19 17:16:40,20.866072253922372,14.697849525618295,10.991873744716255,12.319638310209502,11.933073943040581,15.050799599989917
2026-02-19 17:17:10,20.19310762094436,17.638507239434965,10.991504273073335,16.604902479811095,15.420038487071539,19.10067982621995
2026-02-19 17:17:40,19.86588009882519,18.008706028672748,13.294341081362711,18.370056639607387,16.958268206188343,19.025529840837663
2026-02-19 17:18:10,19.092757861476663,16.5969175952537,14.554866468344004,15.319585203112657,12.63886788013244,16.017075917242305
2026-02-19 17:18:40,23.60484365677599,12.932664431391332,12.60493609297401,15.520877975815328,12.369643952571828,14.209964622146035
2026-02-19 17:19:10,27.56325683409104,27.075857780317474,12.798426877536784,8.798393263808938,8.353011369843443,11.38665030798578
2026-02-19 17:19:40,23.48297148616302,32.856003023558564,14.277915424348045,8.41557132658632,9.163062192919833,12.463780288077942
2026-02-19 17:20:10,27.883226391641752,33.459871669970106,17.76295898142238,16.81392145664662,9.4483824369268,17.804951792253163
2026-02-19 17:20:40,26.82568345021627,41.64951917020115,19.241590727753746,19.4347625246714,12.035442825347499,19.99748036786629
2026-02-19 17:21:10,26.388725580770334,26.74147111685956,21.42509196580048,21.635059546805977,12.236910621000119,18.645121193287757
2026-02-19 17:21:40,26.798094133662744,26.56280199326056,19.411601583179973,24.470382601826877,11.07553718035983,18.94101730237561
2026-02-19 17:22:10,21.814759415808137,31.041495100922674,17.2770205542764,18.86522915581251,11.075444110183023,20.772760121678626
2026-02-19 17:22:40,18.69402295373964,21.44141419233419,17.206902925509564,18.794844650568802,8.342995412612792,18.66041572146326
2026-02-19 17:23:10,15.520747550461337,22.23492042150552,15.470328229777653,19.21816440059831,11.461992235424615,21.890388396833668
2026-02-19 17:23:40,14.823031158616518,18.91533057712346,16.99942859063561,17.29353635171927,11.982790494437163,20.570737118080064
2026-02-19 17:24:10,21.235472566996357,10.823620366557702,18.260657652585312,15.983327590988159,14.61356818124522,16.252237413759776
2026-02-19 17:24:40,25.53781512605042,14.02521008403361,16.41176470588235,14.35294117647059,19.546218487394956,14.697478991596638
2026-02-19 17:25:10,26.403361344537817,13.815126050420169,19.327731092436974,14.20168067226891,16.504201680672267,11.30252100840336
2026-02-19 17:25:40,28.007461934052635,15.696951362979394,18.52038586938254,16.21794225404188,18.680044368256528,8.34425733588787
2026-02-19 17:26:10,21.226355638093153,15.713889565809266,20.217977698041224,15.999596648823978,13.898809273715788,8.411552649933194
2026-02-19 17:26:40,17.806722689075627,18.798319327731093,24.210084033613445,18.91596638655462,14.722689075630255,12.697478991596636
2026-02-19 17:27:10,15.772976697674812,23.209888992529475,21.798136150116388,18.865387685817765,14.62172586784985,13.352828967823802
2026-02-19 17:27:40,33.8235294117647,24.016806722689076,20.907563025210084,16.168067226890756,12.025210084033612,15.781512605042018
2026-02-19 17:28:10,37.058200702509204,21.100485706122587,13.798087427102068,15.201425186131326,15.764440933765822,12.9577654157073
2026-02-19 17:28:40,43.142857142857146,18.915966386554622,12.436974789915967,12.991596638655462,14.30252100840336,10.638655462184873
2026-02-19 17:29:10,51.02692527479916,13.916434165854314,14.504689233251536,12.975226058018757,14.597129315271099,10.277656391811488
2026-02-19 17:29:40,32.28490038066268,13.083703772173811,17.58779190440577,12.865221885162557,14.41980454274262,10.21822979252624
2026-02-19 17:30:10,34.76382948329034,17.907111585422214,20.175961950539058,12.697158895153901,13.461845499693284,13.344201406687226
2026-02-19 17:30:40,34.73832812342443,18.856509024906725,18.310308897179926,10.579476320123693,11.562636550031932,12.260092097744614
2026-02-19 17:31:10,29.132740090919025,16.570453838849815,15.503289722453303,10.890115707479394,11.848042552118784,9.713714319325753
2026-02-19 17:31:40,31.789381691064015,18.82321305524277,18.755987294331185,13.646829465051006,16.579553284818743,18.487084250684862
2026-02-19 17:32:10,30.629737315339238,20.134115393018607,22.32735584275894,16.44510176299558,19.0753096586612,20.68872792053915
2026-02-19 17:32:40,22.747708002453763,17.865396089108497,22.8569507819262,16.462046537424055,18.672111999058835,20.554449122276285
2026-02-19 17:33:10,24.21808036839717,27.41130401169728,27.512142653064657,21.764340095124453,23.3945647972303,29.033125493689184
2026-02-19 17:33:40,35.217895497554665,22.59625888640527,21.898791616947612,18.529100351254602,18.344229508747752,19.890422009714122
2026-02-19 17:34:10,38.31028049948741,22.327355842758948,21.394598410110753,18.512293911026706,17.335843095074036,17.218198013478766
2026-02-19 17:34:40,50.798746207951325,25.000210085799036,23.395154581130935,21.588416709384113,19.756468541752447,14.857267708132
2026-02-19 17:35:10,51.42770709735971,19.671938286751484,18.46187459034302,16.142585838893464,15.613182971714759,9.64689669081192
2026-02-19 17:35:40,44.924369747899156,25.52100840336134,18.201680672268907,20.38655462184874,18.554621848739494,15.462184873949578
2026-02-19 17:36:10,43.940807220107395,27.07540272770817,17.53766775069117,24.02500819320846,20.302350400416803,19.86537928252704
2026-02-19 17:36:40,45.537049797482396,24.51219307238534,17.814826641569052,25.688643888338014,18.91564847649619,22.545839565721586
2026-02-19 17:37:10,49.52941176470588,25.268907563025213,20.411764705882355,27.53781512605042,20.621848739495796,25.084033613445378
2026-02-19 17:37:40,45.18449424794749,23.083839631599734,25.167855732304773,27.764472567457414,19.924202317627582,21.277132124940128
2026-02-19 17:38:10,50.527713354172974,20.427884776982285,21.04971261470203,22.05808208127458,17.94897650499143,16.537259251789855
2026-02-19 17:38:40,47.157682450317225,20.99071467585396,18.898365614890132,17.562287298852993,17.10012184362002,16.528717280786527
2026-02-19 17:39:10,49.10635508835616,18.87283941280765,17.393934810557365,15.679749930676351,14.242859663717264,11.36067626274085
2026-02-19 17:39:40,57.46025343685927,16.049880676279788,13.596181640953246,11.755907364458338,12.520587543275855,11.28533494672448
2026-02-19 17:40:10,49.52100840336135,15.890756302521009,16.907563025210084,13.22689075630252,10.571428571428571,12.008403361344538
2026-02-19 17:40:40,60.326210263606804,15.2349100442846,15.268522642286324,14.680302177256033,12.705562044654336,14.285354150735694
2026-02-19 17:41:10,71.10084033613445,22.411764705882348,16.73109243697479,18.352941176470583,13.714285714285715,22.29411764705882
2026-02-19 17:41:40,71.20048402547859,22.066856019226567,16.319053461286366,18.428261709887227,13.915732508697335,21.176114687148115
2026-02-19 17:42:10,71.30132266684595,22.3021461824171,18.201374766810645,18.562713231710394,15.369489588410282,22.94919413119107
2026-02-19 17:42:40,54.71382593423585,22.865354072654853,23.218292283258126,21.554440718985553,14.268787657246579,21.193099217653636
2026-02-19 17:43:10,36.218183040478664,19.08387324476265,25.243485348862617,20.48722279644709,15.100713439382861,17.495651297047925
2026-02-19 17:43:40,26.974789915966387,21.890756302521005,28.11764705882353,21.176470588235293,16.69747899159664,20.04201680672269
2026-02-19 17:44:10,25.25146424880045,22.72211624917019,30.32696654706184,23.92376662773207,16.125643891330473,23.503609152710432
2026-02-19 17:44:40,29.201435282056455,23.16787253888623,24.54601221838472,20.43680305207519,15.209956218855304,23.66366669187654
2026-02-19 17:45:10,28.192803482294416,20.19293793381624,20.48705063780441,18.06692324498748,14.554377237357356,19.117325759230937
2026-02-19 17:45:40,25.99934455433896,17.646613950908797,17.814676940917455,20.251590296042956,13.26857306118333,16.537398216851678
2026-02-19 17:46:10,23.26871202763002,15.092310148654214,15.80658986058941,15.209956218855305,12.865438105562138,11.94947941613936
2026-02-19 17:46:40,13.680442345506796,16.571150064704796,21.033259945211004,14.54597401724341,13.394732861632578,11.167879531436446
2026-02-19 17:47:10,15.369618742699643,13.394845421467046,18.470433021571246,11.69738069427988,9.882269896891623,10.840245039957647
2026-02-19 17:47:40,16.974789915966383,15,18.554621848739497,9.714285714285714,11.092436974789916,11.563025210084032
2026-02-19 17:48:10,21.00822682162335,14.983067369181772,15.78137998840346,14.840211426794733,11.016714145259284,11.033520726716581
2026-02-19 17:48:40,24.42836614818363,13.193166443979463,13.848623120814112,15.932639221519146,10.201594944580298,11.806623473752321
2026-02-19 17:49:10,22.520819152780227,15.613314173830473,16.470449828152706,21.243518962025533,13.495684910210839,14.546096251292006
2026-02-19 17:49:40,21.857142857142858,21.66386554621849,20.344537815126053,25.512605042016805,16.411764705882355,17.092436974789916
2026-02-19 17:50:10,15.151005865447642,25.184450681501154,20.33579267575335,21.09208248600864,19.907228449942018,20.596292499285727
2026-02-19 17:50:40,18.789915966386552,25.68067226890756,20.243697478991596,24.19327731092437,21.789915966386552,22.35294117647059
2026-02-19 17:51:10,20.36100233609519,29.352447858019193,19.890422009714122,21.176114687148118,22.78953294902607,25.503773045831164
2026-02-19 17:51:40,20.924369747899156,22.47899159663865,15.68067226890756,15.857142857142858,18.77310924369748,22.268907563025213
2026-02-19 17:52:10,25.403574819956464,22.546407953008003,15.04214321128749,15.739628064101376,15.916100135295249,21.571609845460884
2026-02-19 17:52:40,20.57948605905783,21.218130787717854,15.957714996386619,11.15107309120855,15.25184450681501,19.21816440059831
2026-02-19 17:53:10,21.528688111323987,17.680077980572083,17.814527242781757,11.697085812241607,16.671708513999526,15.898625256293904
2026-02-19 17:53:40,23.437762613869374,16.75686577700091,17.731688460116306,12.109650744562844,16.34508722982285,15.563548354566539
2026-02-19 17:54:10,21.489020177996657,12.52195544200822,14.513702717012212,13.580859056567304,15.673454294862635,12.580783420594836
2026-02-19 17:54:40,25.783245932499664,20.908968670162704,15.824593249966384,20.169423154497785,19.656783649320964,16.900295818206267
2026-02-19 17:55:10,31.725355071854782,24.170098327590555,14.9844524749979,20.127741827044293,16.362719556265233,17.547693083452394
2026-02-19 17:55:40,26.126489520832287,26.90801526076069,14.933024084438395,19.79865207818619,16.243970486898938,17.714583438377115
2026-02-19 17:56:10,31.528881867531645,27.218029949076488,21.201324347489958,20.88200198315995,15.814860254449506,17.16777869279508
2026-02-19 17:56:40,36.85683313585601,19.42000487390862,21.99981512760397,22.78972445609701,14.10912513340224,16.697338677826234
2026-02-19 17:57:10,31.175946622745837,14.436732155762089,22.041646358884723,22.59625888640527,11.94937900203358,21.360985529654965
2026-02-19 17:57:40,40.05815028318852,17.184585133022974,23.01641989210265,24.76428967580377,12.798104233542293,22.28533974218921
2026-02-19 17:58:10,43.63828875387601,20.377980016974647,24.04181477466576,21.714103242829893,13.75618692279897,25.77289266476753
2026-02-19 17:58:40,38.890102687349795,17.77281054099931,21.512243491706023,15.730828053310027,15.831666694677402,23.35254869666056
2026-02-19 17:59:10,34.294117647058826,21.798319327731093,20.857142857142858,17.445378151260503,21.890756302521012,22.689075630252102
2026-02-19 17:59:40,36.966075915328446,16.352803757951616,17.82337963546525,15.983058965891042,19.1426962798632,22.344350047478596
2026-02-19 18:00:10,33.764422147713056,20.87377416996496,22.806531037554308,24.17626742632415,25.672053176023734,24.991386627003134
2026-02-19 18:00:40,37.01649565970034,28.949336560196976,21.36116503222662,27.99136141713095,26.10062100318485,28.26867001117638
2026-02-19 18:01:10,42.07492311053596,30.77259205727635,20.739147241222835,31.73055915026638,28.03314230012941,29.738995983260786
2026-02-19 18:01:40,38.46994168165242,30.159156988958163,22.688694307658697,33.41120317305592,29.99109258667922,28.739012789701015
2026-02-19 18:02:10,32.07509117493824,19.7979865884607,11.461992235424615,25.58780524697064,22.982807011646862,25.016386279222203
2026-02-19 18:02:40,27.856908765472564,15.03348711355367,11.319232611490659,19.512441071923767,17.092293342072757,20.251930656044905
2026-02-19 18:03:10,35.59663865546218,14.016806722689074,10.857142857142858,13.252100840336134,10.638655462184873,14.235294117647058
2026-02-19 18:03:40,46.00840336134453,14.117647058823529,11.512605042016807,12.571428571428573,10.73109243697479,16.756302521008404
2026-02-19 18:04:10,56.386080789237084,13.86542970227141,13.638540852597878,14.445256762548212,15.74776682548886,15.125923311568812
2026-02-19 18:04:40,60.0830238147258,15.285457387270803,13.697248785734695,14.529167577015512,16.537537184249004,15.024957563738429
2026-02-19 18:05:10,53.62049696226144,12.209776224128802,15.083653353276805,15.209700595783298,17.37771316689495,15.066847054275941
2026-02-19 18:05:40,38.04297587334135,12.403674042202747,16.706303520256814,15.07601031958789,17.344975083405465,15.017185307192621
2026-02-19 18:06:10,31.150736962403997,14.89050604191526,16.066956857867932,10.520831582662476,11.613250197475674,13.739264886304433
2026-02-19 18:06:40,28.898431131988268,9.302286496979068,15.360957286791086,10.184617194524508,11.436686470088988,11.545927413594615
2026-02-19 18:07:10,25.226254800299152,12.755980941656933,18.638185591959868,13.26857306118333,13.890406124215357,14.62988328025344
2026-02-19 18:07:40,44.5878606062134,14.529289669834707,15.789783279132108,11.504105007520947,13.369635549281098,12.428466987672373
2026-02-19 18:08:10,58.83984168200268,13.445265165838943,16.571289316896497,13.487281619482191,11.504105007520945,12.98308417576323
2026-02-19 18:08:40,55.663397786573235,23.44518113293166,16.31078730430837,13.428458584381644,11.655364240636633,15.218359509583953
2026-02-19 18:09:10,72.24248331960807,22.159291440479993,12.520797969782022,9.924202954572191,8.680526377707938,11.764508159526732
2026-02-19 18:09:40,63.01236392957935,20.133382609864263,12.767101196075798,12.053151458137345,9.928101061685258,11.364399946243784
2026-02-19 18:10:10,60.5177395511356,21.838462572234913,15.824485956188687,14.93414863593603,13.682636742373337,9.07136137615912
2026-02-19 18:10:40,75.93905389060612,15.597701921784706,17.798346996371457,15.152533261658377,13.985015454911975,9.12175782824889
2026-02-19 18:11:10,66.9925582489207,18.09202237564885,27.952762519108337,18.453190881755113,15.706630381830704,11.968956307010028
2026-02-19 18:11:40,65.1496180768552,20.730569817567623,29.478248447518123,18.697007638462896,17.37771316689495,17.5961950539062
2026-02-19 18:12:10,52.90622925472466,20.22638084754166,25.444736687310403,17.58779190440577,17.814676940917455,19.68017613001353
2026-02-19 18:12:40,36.92312863433162,20.755604853618365,23.142079257840074,18.71365668380895,16.629693119559004,21.26819266579275
2026-02-19 18:13:10,28.285476592633678,16.722548550012185,14.100721842673588,14.369627145990368,16.70574196855489,19.37798842026538
2026-02-19 18:13:40,19.840002689030438,14.554377237357356,13.588006924253374,12.293911026705432,14.562780457471302,14.369506394850509
2026-02-19 18:14:10,15.470198230296713,15.108862801778105,14.445013991243918,12.924043931665585,14.915590363268153,17.461744661899278
2026-02-19 18:14:40,17.512310717466935,14.310683854052876,15.806457034335555,10.562847683232215,13.369523201290734,16.41148888253979
2026-02-19 18:15:10,17.604746138720355,13.890522848355488,14.445135375876037,12.184669165224115,12.293911026705434,16.23502126014689
2026-02-19 18:15:40,20.84856429777901,14.714162065864992,14.714162065864992,12.294014336013982,15.083906857925564,17.02506701624356
2026-02-19 18:16:10,22.688312997882424,17.411179456152734,17.26832711505496,14.234815636449197,15.705354441867502,15.075123525259656
2026-02-19 18:16:40,16.713864356360762,17.0836029343798,21.159130442089694,15.554229725301044,17.48695411040058,17.37771316689495
2026-02-19 18:17:10,19.075149365982373,16.94915254237288,22.33557137215028,13.587892742199777,16.79789585136509,20.285202894044687
2026-02-19 18:17:40,12.176265945110167,18.18456832658275,23.11725853347003,15.386296028638174,15.604779751600814,26.688627081897785
2026-02-19 18:18:10,16.966243981143016,20.924193914336854,25.06701624356098,13.176359862522164,14.11752842413089,32.99131940067731
2026-02-19 18:18:40,20.638308599855463,21.495437051478127,24.318919009764546,13.20986201912573,14.29387741382498,30.29360851078133
2026-02-19 18:19:10,20.83158266247626,24.444967311473757,24.629838153980607,17.856842742138788,16.621569385388483,30.276802070553433
2026-02-19 18:19:40,27.209626728962544,25.20125712172905,26.218046755516717,16.41989210265374,14.831683501117626,22.579452446177374
2026-02-19 18:20:10,24.5203902422628,23.192692621194425,21.78936665462215,15.21810374528373,15.234910044284597,16.999571439375476
2026-02-19 18:20:40,25.35230204280564,19.360856448997083,18.43651000394948,13.016478576170346,15.008025007772913,17.613001352907066
2026-02-19 18:21:10,26.13357534200531,16.772545460656787,13.663406272058085,10.134113139054149,14.066754058687101,15.17596047191691
2026-02-19 18:21:40,22.26050420168067,16.789915966386555,10.462184873949578,9.53781512605042,13.848739495798318,15.579831932773109
2026-02-19 18:22:10,22.89017923917884,14.923993512768586,9.915716410510658,6.193121181818944,13.596295891700208,16.629832861356434
2026-02-19 18:22:40,21.12569536646443,18.789600174786976,16.436698542881633,12.243491706021748,15.730828053310027,16.688795146300063
2026-02-19 18:23:10,17.48739495798319,18.050420168067223,19.327731092436974,11.882352941176471,14.705882352941178,15.79831932773109
2026-02-19 18:23:40,20.756128099763867,12.277207754556684,19.226729187149687,9.445298779001856,17.008260434786266,16.697338677826234
2026-02-19 18:24:10,15.159281698780703,11.033335294068216,19.41127534599968,13.276976210683763,16.528995067351243,17.940724183423946
2026-02-19 18:24:40,20.78939186407065,10.436711679537488,12.915640782165152,11.629958908598942,16.302110030839557,16.22648168533566
2026-02-19 18:25:10,21.27695332851549,11.44518579519672,13.411539301860472,11.69728239861515,16.461908203223473,13.840103527671804
2026-02-19 18:25:40,20.46530399468608,17.194554917474537,13.974254412148015,15.49611966401251,12.090841061774274,14.579637274768146
2026-02-19 18:26:10,25.662585766177852,13.798264496165743,14.37844746401184,14.33640521996502,13.02468720570429,10.804856720032289
2026-02-19 18:26:40,20.365263016278753,16.152630162787567,15.942418942553477,11.511166420018833,11.057110184313196,11.284138302166015
2026-02-19 18:27:10,18.868241822921046,12.671319263432274,15.546960396872114,11.872530059698985,10.342218111494157,13.613049693096782
2026-02-19 18:27:40,22.865546218487395,14.445378151260503,20.285714285714285,16.932773109243694,18.999999999999996,21.16806722689076
2026-02-19 18:28:10,21.764705882352942,16.76470588235294,20.504201680672267,26.764705882352942,17.218487394957986,20.932773109243694
2026-02-19 18:28:40,24.092032066687956,11.302331053259609,18.764390514445132,27.402900791583335,17.083746491655603,18.621535772508025
2026-02-19 18:29:10,24.38655462184874,15.344537815126047,23.243697478991596,28.82352941176471,19.310924369747898,20.873949579831933
2026-02-19 18:29:40,21.277132124940128,9.613364593574845,22.445189536222383,21.882169057402876,12.184771556541541,12.167964975084244
2026-02-19 18:30:10,22.999613451874758,12.461975428984386,26.260062856086453,15.058570444194217,15.066973664308165,12.59642695080755
2026-02-19 18:30:40,25.882135444239964,15.067100276468265,25.596423559465887,15.302392416870445,17.327585482474937,17.66371711162091
2026-02-19 18:31:10,27.714052823085517,13.831816539356815,22.184687523634256,15.873816186418601,13.277199351265956,12.999890757220529
2026-02-19 18:31:40,38.07563025210084,21.03361344537815,23.487394957983195,21.54621848739496,16.890756302521005,15.857142857142858
2026-02-19 18:32:10,39.504201680672274,18.243697478991596,19.90756302521008,19.865546218487392,13.470588235294118,15.966386554621847
2026-02-19 18:32:40,34.24340971924606,18.59648238250099,20.436803052075195,19.69731346795405,9.14278031277048,13.075520373778375
2026-02-19 18:33:10,36.193581458667715,18.907721913629523,16.756443331456566,18.32788510827822,11.890856225682567,16.243833981798165
2026-02-19 18:33:40,36.68067226890756,15.15126050420168,16.11764705882353,16.033613445378155,12.378151260504202,18.69747899159664
2026-02-19 18:34:10,35.92376598712627,15.587973311372918,18.814809835128823,15.310667047612645,15.411505688980021,16.134182618779516
2026-02-19 18:34:40,49.35335591055387,17.075773745997864,20.277481323372463,16.621988420070753,18.79007386616694,17.537962503886586
2026-02-19 18:35:10,54.78991596638656,17,22.798319327731086,15.941176470588234,16.126050420168067,16.655462184873947
2026-02-19 18:35:40,47.74910291856098,14.723060245216265,24.6728909132163,11.235577367496658,11.689370320260178,10.630520097145308
2026-02-19 18:36:10,58.45329030848481,26.82330400584869,23.285518609087323,26.638431609818408,23.730893017705736,25.403147872706956
2026-02-19 18:36:40,49.21766020739147,37.974151694929496,35.848137006100735,38.436328801196616,35.53721786188468,37.08341036285105
2026-02-19 18:37:10,60.25260716476608,37.21880015798452,35.622148085278035,38.02552962629938,37.15997613425323,36.85745258363515
2026-02-19 18:37:40,59.821015923700685,37.645477080794926,28.94836351413806,40.51930591151633,40.25881265493046,37.14969959245409
2026-02-19 18:38:10,53.59618826732549,27.66363307871363,33.17619179670759,26.327509852858384,26.789690842934093,22.30233359383535
2026-02-19 18:38:40,55.4197023554424,14.688952193679045,21.419988067327164,14.302400820161177,11.773010310837723,15.957849093705095
2026-02-19 18:39:10,47.23489718573794,17.142713086444655,19.915799026898934,14.857018008252032,12.655355837345905,15.924235930790498
2026-02-19 18:39:40,60.369240594616855,16.117511617549432,18.579675801043688,16.361207048680264,12.260401173099385,13.050310501592424
2026-02-19 18:40:10,112.7964235895195,11.151073091208552,12.419959328414649,13.562797263911532,10.058654476395356,15.587973311372917
2026-02-19 18:40:40,131.6890756302521,11.168067226890756,8.49579831932773,11.45378151260504,12.991596638655462,12.14285714285714
2026-02-19 18:41:10,141.71428571428572,8.117647058823529,9.243697478991596,13.210084033613445,12.235294117647062,13.428571428571429
2026-02-19 18:41:40,146.4357442374434,6.924311560407056,8.268838076990951,11.394862228048504,8.773035520709909,15.80658986058941
2026-02-19 18:42:10,93.34453781512605,11.655462184873949,7.890756302521009,12.134453781512605,8.46218487394958,14.815126050420165
2026-02-19 18:42:40,78.63025210084034,9.352941176470589,15.764705882352938,10.663865546218489,7.294117647058823,9.6218487394958
2026-02-19 18:43:10,56.87347165149872,8.218418332619056,21.277132124940128,6.966328014050302,6.386500953773498,7.310862933924925
2026-02-19 18:43:40,34.09243697478991,9.88235294117647,23.882352941176467,6.815126050420167,7.932773109243699,11.067226890756302
2026-02-19 18:44:10,29.34429122444349,7.9158998663876785,21.537634137528254,7.50413862068386,9.890673187620273,9.151183603499131
2026-02-19 18:44:40,20.285373355069662,10.436799381523,15.59637653148687,10.11747701719299,10.739315305625114,8.495655535201088
2026-02-19 18:45:10,21.36956832295527,13.764590213527619,12.117545230712349,17.403215099032778,13.075520373778371,10.705792388299258
2026-02-19 18:45:40,21.12587289182444,13.991479063201147,15.193149637398006,19.655297014310804,16.15112478046403,7.815060377643887
2026-02-19 18:46:10,19.159502861320497,13.75618692279897,18.142704683153926,16.688935387097587,15.058696985739614,13.37803884000975
2026-02-19 18:46:40,19.688910177225402,14.25198107578928,15.100713439382865,18.621692254686938,12.554516348602112,14.76458181023689
2026-02-19 18:47:10,19.86537928252704,16.36961033940891,14.24357778506063,13.319215804909204,11.4620885538777,14.520886379106058
2026-02-19 18:47:40,19.596638655462183,16.285714285714285,8.663865546218487,11,9.361344537815127,14.058823529411764
2026-02-19 18:48:10,19.495962150942443,16.361482029260745,12.865654333229692,13.336246523080025,9.57991243623896,13.756418121160682
2026-02-19 18:48:40,19.27698694139594,16.01653753718425,15.882086015361088,18.319019848405908,12.08383052385674,15.403102468866074
2026-02-19 18:49:10,15.243569381769904,9.630171175032144,16.32759388576567,17.991445450038235,12.159561684355594,15.209956218855304
2026-02-19 18:49:40,16.462046537424055,11.294022739304713,18.764548197073974,18.176317846068525,11.32763590221931,15.663733918202368
2026-02-19 18:50:10,15.310795707599095,15.420038487071535,17.193132830816545,18.260350753355013,13.88223628372871,13.579717817497333
2026-02-19 18:50:40,20.092268132200573,20.3527701447887,22.47039940840833,15.529281266543979,18.142704683153923,17.470441424861978
2026-02-19 18:51:10,27.991126199559673,24.150854607485588,21.98282381808709,16.293843800944526,18.93245491672409,14.949328582712894
2026-02-19 18:51:40,28.70564112906614,23.554423912404097,20.3527701447887,16.38641692086621,20.61327215737683,17.251955865917097
2026-02-19 18:52:10,32.93249636557676,23.23509886471542,20.49562608717574,16.56288602616785,20.445206342803846,17.117503214258704
2026-02-19 18:52:40,36.53689402788165,24.159054813744188,14.98281555927161,18.049965126929575,18.6465887414603,13.352604556187659
2026-02-19 18:53:10,32.235023235098865,24.672061579314462,16.63851564272569,18.680515289787483,18.487239603028545,16.41162679305216
2026-02-19 18:53:40,30.99133620725877,23.176275829614877,18.571272510315044,18.520852765943143,18.865387685817765,13.268796060537305
2026-02-19 18:54:10,29.09194803448682,18.957664577065934,17.033327170971916,18.016503924303795,15.848473134905294,13.361119981176788
2026-02-19 18:54:40,20.65528861102008,13.319215804909204,16.873807783127877,11.949479416139361,10.403273922067882,12.69737229098915
2026-02-19 18:55:10,21.303058060287235,11.907863223442607,13.09276704454734,10.336395035168955,7.420355135003404,10.092691412388548
2026-02-19 18:55:40,22.067041453433166,13.857026411542764,11.966285997596659,12.251997882370738,5.176427088847993,10.378064049881935
2026-02-19 18:56:10,19.95798319327731,13.798319327731093,7.386554621848738,13.11764705882353,5.73109243697479,9.546218487394958
2026-02-19 18:56:40,20.377980016974647,17.235149284459794,10.56293644591222,16.67212880564029,10.764615423399803,12.016705741968556
2026-02-19 18:57:10,19.722191877515694,16.848314748367688,12.781190390158228,16.58781711385427,15.117265951278538,14.890380914766851
2026-02-19 18:57:40,23.302912653994184,17.823828971915496,13.680902200036977,14.790164540580516,16.395233533336693,15.151515151515152
2026-02-19 18:58:10,25.4619709078075,19.176309442777793,16.974647271871664,14.041898807573046,17.008260434786266,15.268779253955847
2026-02-19 18:58:40,29.63000310921757,17.546071041419818,13.974672481743855,11.529314879706895,15.924235930790498,13.310812514180553
2026-02-19 18:59:10,33.61316291459736,17.7477500189074,13.941059318829256,11.730993857194479,14.11752842413089,14.184754749960085
2026-02-19 18:59:40,29.201435282056455,16.01667212880564,14.134335005588186,12.394853824757776,13.932656028100606,15.470458231443434
2026-02-19 19:00:10,30.865805595005003,21.55480298153766,18.73965327439726,19.10940428070824,16.470726644761722,21.395137774267006
2026-02-19 19:00:40,31.495798319327733,19.781512605042014,18.915966386554622,19.016806722689076,15.806722689075631,24.394957983193276
2026-02-19 19:01:10,30.461928891353857,19.915799026898934,18.697321871244778,21.39477819514122,15.176343055940707,22.25191384946345
2026-02-19 19:01:40,36.62994428618248,19.554457525567013,17.848589507651198,25.15104915084747,14.680548902950397,21.14267947328174
2026-02-19 19:02:10,39.25984437236349,12.613233391035445,12.655249491605183,18.865229155812507,11.394766474513034,17.70558478008773
2026-02-19 19:02:40,35.75570158484731,13.10062015764441,13.293894220265207,17.873649182366684,12.20147560545201,15.125796205105797
2026-02-19 19:03:10,34.7629531284137,16.805875334016772,13.486714955548463,15.318555366956291,10.276792766751258,15.595852309967565
2026-02-19 19:03:40,33.990002940311676,16.02049817280632,13.67664972487084,10.425505103540978,7.53559877346999,17.5914646952577
2026-02-19 19:04:10,41.10417594233822,18.33012710120213,13.970211443308495,9.887515856147985,9.53469031157856,20.463881585026755
2026-02-19 19:04:40,47.19422043010753,17.330309139784944,13.667674731182794,9.375,7.594086021505375,22.337029569892476
2026-02-19 19:05:10,55.71657803429358,14.189580865488823,16.23106585679361,10.467861313439355,11.039141064092549,22.901597062949993
2026-02-19 19:05:40,62.89598843755777,17.377275095373342,16.67983126901165,10.503672083760483,13.553938456884525,20.21746802682218
2026-02-19 19:06:10,65.01516768484828,29.679924035528515,20.293606043545118,16.503785618849946,16.10043444282917,22.402796568153743
2026-02-19 19:06:40,53.8235294117647,29.504201680672264,17.025210084033613,17.22689075630252,16.159663865546218,22.66386554621849
2026-02-19 19:07:10,46.529020764531396,29.57958336484568,14.78138839169419,16.44523995596676,16.235157687750522,21.621667044814753
2026-02-19 19:07:40,42.6298938664381,29.108999084041315,13.34442567709515,16.48725640961,15.99986554734834,22.117461197805067
2026-02-19 19:08:10,36.40274953362129,17.411472076099564,7.722559284717903,8.57128451622662,11.646863077931464,14.495554696559724
2026-02-19 19:08:40,44.32735859362526,21.478811102427713,10.495710120083023,8.109175553146613,11.588137914807438,14.428450181090918
2026-02-19 19:09:10,43.61234590724603,20.680150920565026,9.61320302849508,5.688932211792979,9.806475467005033,13.831584077712325
2026-02-19 19:09:40,48.70547306325157,27.66363307871363,17.77295989109335,10.025125839278662,14.688952193679045,20.067058260014623
2026-02-19 19:10:10,51.008403361344534,25.672268907563023,19.6218487394958,14.537815126050422,16.571428571428573,20.495798319327726
2026-02-19 19:10:40,45.10848557167107,25.15924102115931,19.67193828675148,15.058570444194213,17.050133611199815,22.72230718811448
2026-02-19 19:11:10,40.98284888362283,27.756069276728766,21.32755186931202,14.899034461895278,15.520877975815328,26.571205283989208
2026-02-19 19:11:40,53.939816643277894,20.95745485407931,16.629832861356434,11.545927413594615,11.033335294068216,19.93227061502651
2026-02-19 19:12:10,91.53550750821408,20.68855407006546,16.083628143828307,9.70563767299984,10.84006285555826,19.125568262984963
2026-02-19 19:12:40,103.15706326731258,17.19284387788543,13.655117938203237,9.571187280992916,10.43671167953749,11.924069141114089
2026-02-19 19:13:10,104.9142031226366,16.58795650493269,10.067057696509304,12.512394749668074,13.78128098687417,6.167963563637586
2026-02-19 19:13:40,76.80414103727605,15.461665154112467,5.36956740949884,13.545763167624619,14.991092736378608,3.4452623441228862
2026-02-19 19:14:10,25.024999789917736,19.352778548079428,10.06714229292191,16.26877085066512,16.571289316896497,4.689036226586332
2026-02-19 19:14:40,16.823388038755976,20.151091167301114,9.268829673700221,13.806606667170865,17.117503214258704,7.7982537961865885
2026-02-19 19:15:10,14.64681265861078,28.243222802978103,11.856943580780154,15.51234433034739,16.73921446698375,12.100636964084638
2026-02-19 19:15:40,17.26861733416245,27.554158753634393,13.722458446076535,15.487134670005545,17.520713937580883,14.562780457471302
2026-02-19 19:16:10,20.016638515642725,30.436719019167906,12.630145965159956,15.831799732775357,15.983058965891042,16.798178166570032
2026-02-19 19:16:40,17.45363484340468,30.277056495323574,16.142721489735383,18.226737590440415,18.226737590440415,19.125889698405896
2026-02-19 19:17:10,18.915489525474147,24.974160315286166,19.091955664983235,16.108837592329603,18.411300555448182,14.587867532751272
2026-02-19 19:17:40,18.150955446126954,24.839918656829298,17.88205240248063,11.79812103998252,16.11737617855162,15.117392984991849
2026-02-19 19:18:10,18.495798319327726,18.941176470588232,19.218487394957982,8.512605042016807,12.294117647058824,10.159663865546218
2026-02-19 19:18:40,21.100485706122587,20.84838910270416,19.27698694139594,9.403203307507436,10.495621922320634,8.176333170871079
2026-02-19 19:19:10,25.150837801045363,21.881985176719724,17.30223021461824,9.478832288532965,10.083864136737198,11.588040537133832
2026-02-19 19:19:40,25.78948252970538,24.18446748794138,18.083729685215374,11.730895279070939,10.411589721181155,10.596460563688005
2026-02-19 19:20:10,21.949395383232073,21.20150250838228,11.478895135334998,9.52933168628835,10.260417979680843,13.638540852597878
2026-02-19 19:20:40,15.781512605042018,20.79831932773109,14.621848739495796,12.092436974789916,7.5210084033613445,14.563025210084032
2026-02-19 19:21:10,11.05014159306908,20.470072183054207,19.251615505491454,16.839911598867253,7.69728494239641,13.982840768720115
2026-02-19 19:21:40,12.521008403361341,17.210084033613445,20.201680672268907,19.521008403361346,9.739495798319327,14.697478991596638
2026-02-19 19:22:10,16.840194620213275,20.285543818959503,24.924160301173945,21.705699952101245,9.941092931992168,14.302400820161177
2026-02-19 19:22:40,20.663170985849217,17.159087089509594,24.150448724412627,16.604483882894694,13.066787671002656,10.108903902389835
2026-02-19 19:23:10,21.505828171878548,12.45472346648066,22.228571908799825,14.614550680303553,15.026346530409866,10.504996176181393
2026-02-19 19:23:40,21.625483274499917,13.1450663977139,22.44915111783493,10.152966885190787,11.312825684989072,12.212136493528323
2026-02-19 19:24:10,22.197194462888405,12.783768564200404,20.381748039570002,12.859412165172001,15.691844779330804,15.111910505215203
2026-02-19 19:24:40,18.650350061775605,18.028391564898005,18.263727212365204,14.868170013195606,14.439522941023203,17.566125114516005
2026-02-19 19:25:10,20.245058491327153,20.85014118596208,14.429541481780289,9.572072072072071,12.59748554524674,17.69026489175743
2026-02-19 19:25:40,23.613246947504646,23.05862975941379,17.33598877320359,13.579717817497333,13.739380341341672,18.646902126872885
2026-02-19 19:26:10,26.453336918707247,22.587855666291325,19.40303524310516,8.638510277138199,13.34431354094889,15.369489588410278
2026-02-19 19:26:40,34.092150486130365,18.344383660641505,18.504046184485848,8.167998588247158,11.125956924731726,15.596507592373174
2026-02-19 19:27:10,37.88980109745132,16.167659638832635,19.394469046998815,11.428283320588555,9.85689436400763,12.747577792156498
2026-02-19 19:27:40,35.98289090007647,18.20152771825447,20.25193065604491,12.840228233376191,13.554507945311384,10.55453315518357
2026-02-19 19:28:10,37.86490983344818,20.461840977462565,20.848389102704157,14.638409438496833,11.873750021008052,10.638476664257745
2026-02-19 19:28:40,31.2350316383896,22.93258039848405,22.806531037554308,16.98305056260031,18.705725161973426,14.806598263880137
2026-02-19 19:29:10,32.00813438542533,24.495592474012824,24.781304358786905,17.999848740766886,20.898984042150907,17.41161838976143
2026-02-19 19:29:40,34.09186400228568,20.680324700425203,20.075292852220972,15.436715349321858,17.579536478378515,17.226601233592714
2026-02-19 19:30:10,28.90756302521008,18.025210084033613,17.39495798319328,13.201680672268907,17.705882352941178,16.915966386554622
2026-02-19 19:30:40,31.436710615877182,15.739363534760214,13.764590213527617,8.857068427996403,15.134326602297463,9.764623826690533
2026-02-19 19:31:10,32.69747899159663,13.176470588235295,13.369747899159664,7.689075630252101,13.445378151260504,12.378151260504202
2026-02-19 19:31:40,35.76470588235294,18.91596638655462,19.445378151260503,14.285714285714285,17.865546218487395,19.176470588235293
2026-02-19 19:32:10,36.01650406299107,21.70569995210124,22.218300686548854,16.18473794337863,17.251955865917093,23.142662666700282
2026-02-19 19:32:40,34.403361344537814,24.369747899159663,21.773109243697476,16.806722689075627,14.109243697478991,24.134453781512605
2026-02-19 19:33:10,27.781279148914717,30.67201115957009,18.285560625540963,18.4620297308426,14.873824589709331,22.15107436071966
2026-02-19 19:33:40,17.411911024462388,27.3447676030891,15.87408297548719,14.29423776670392,12.252203800031932,23.000193278935114
2026-02-19 19:34:10,14.35282056453307,24.45357602036958,10.092352165107858,17.050276888429508,10.495710120083025,21.983008546146674
2026-02-19 19:34:40,23.655462184873947,21.428571428571427,11.537815126050418,18.19327731092437,11.52941176470588,23.26050420168067
2026-02-19 19:35:10,44.63828035058529,15.310795707599095,12.882244687019437,13.61333098041193,10.302434433324088,22.445189536222387
2026-02-19 19:35:40,51.15040083359943,14.352699954622612,10.663686324599587,12.445168988756492,9.630090250584026,14.697231979294468
2026-02-19 19:36:10,55.00000000000001,17.689075630252102,16.605042016806724,13.084033613445378,13.91596638655462,14.789915966386552
2026-02-19 19:36:40,56.603139390272595,18.89012134045915,17.831333400557963,14.991092736378608,15.587711337434035,16.167523780713257
2026-02-19 19:37:10,38.61312089814371,18.134301392425275,17.512457878505224,14.688952193679041,15.747766825488865,15.100713439382861
2026-02-19 19:37:40,44.04164670885118,15.453651649986137,19.1258896984059,12.067125486340451,16.235157687750522,15.050293695010966
2026-02-19 19:38:10,44.83080258480878,19.562532037007472,25.822878414829876,16.344125778341724,20.318815492046415,18.865070628471553
2026-02-19 19:38:40,46.64627485252349,23.865145123611367,29.873447505083945,19.411438463219106,23.87354834372531,25.049999159677995
2026-02-19 19:39:10,62.60504201680672,24.96638655462185,30.68067226890756,19.54621848739496,23.94957983193277,26.42857142857143
2026-02-19 19:39:40,69.76294715259279,26.789240607379643,31.402569683117225,19.83983597052175,25.873297311832477,30.612673630076547
2026-02-19 19:40:10,79.52874345593735,21.764522987201786,22.638465222981317,12.73098545390375,20.924193914336854,23.453584423660303
2026-02-19 19:40:40,68.34453781512606,22.008403361344538,23.352941176470587,12.739495798319329,21.789915966386552,22.07563025210084
2026-02-19 19:41:10,69.96638655462185,28.92436974789916,30.05882352941176,20.142857142857142,27.32773109243697,24.084033613445378
2026-02-19 19:41:40,59.95798319327731,29.99159663865546,28.277310924369754,20.630252100840334,25.647058823529413,22.35294117647059
2026-02-19 19:42:10,52.93232829976219,27.982958126402295,29.235048444971053,28.70564112906614,28.226653557533133,27.940941672759056
2026-02-19 19:42:40,79.34387105990707,30.764447357585233,37.234981218645224,32.88207662120487,29.075385921126713,29.9409248661776
2026-02-19 19:43:10,80.84290543381375,32.20598375405728,38.2519634718555,40.48031482820672,32.44984107229949,36.3179226720035
2026-02-19 19:43:40,79.91860142447506,34.451442554300755,36.713448423743486,40.371338956113725,30.776734134425375,35.115749110754194
2026-02-19 19:44:10,74.46244923014824,31.82838738973587,32.1899780522877,32.753386759054486,27.497708524289642,30.634297294797303
2026-02-19 19:44:40,47.87412963772747,24.731743415520196,20.34209021494164,25.068115308284845,21.721214975276666,23.478758114971914
2026-02-19 19:45:10,27.075857780317474,15.93290699921848,16.218623685913325,12.663971966150974,13.336246523080023,15.453911377406529
2026-02-19 19:45:40,16.731233035571726,11.344633148177714,20.000168068639233,12.613551374381297,15.420297649560077,17.453928184270453
2026-02-19 19:46:10,20.302691619257303,19.857309725291806,27.29434701131942,16.142992798258806,17.453928184270453,20.529584282220856
2026-02-19 19:46:40,21.26872883421148,21.873765766674232,29.319081352257548,14.924244334081227,16.95784069041437,19.983025352728127
2026-02-19 19:47:10,24.604628493638764,22.688694307658697,26.075192013579606,12.974571855935196,16.58795650493269,20.058486411993073
2026-02-19 19:47:40,32.63947830617579,22.496365454591295,26.866223518239963,15.647453297141947,13.563367143709506,18.109700244543976
2026-02-19 19:48:10,28.59711927931562,13.680902200036977,22.319702852148772,9.151414309484194,8.983344257886689,17.479285366140605
2026-02-19 19:48:40,26.47921411104295,11.907663089605796,19.630417062328252,9.495878116622828,9.563105572315731,18.03376498962176
2026-02-19 19:49:10,30.320092103162267,21.487936670672372,24.336747985243324,17.62229299898317,12.554938359790585,22.41232972259805
2026-02-19 19:49:40,30.975050210505966,24.22709434533063,19.815292565483738,15.000126051479423,15.647190312523634,23.73129185959546
2026-02-19 19:50:10,30.764447357585233,30.545961798640352,21.218309089839583,22.428382954765087,21.40318148586987,22.82333761901161
2026-02-19 19:50:40,35.747899159663866,32.386554621848745,20.915966386554622,25.050420168067227,23.739495798319325,25.268907563025213
2026-02-19 19:51:10,29.69772855234077,21.974974579618312,15.437104513483305,19.386717535441473,21.630433869192178,20.00857150060084
2026-02-19 19:51:40,25.319540500340338,16.579971260262692,15.269035874251042,19.14301800855469,19.13461457659308,17.781662030773365
2026-02-19 19:52:10,27.86531205620121,12.882244687019437,15.840203023504007,14.008285644658447,15.125923311568812,15.369618742699643
2026-02-19 19:52:40,24.30252100840336,10.050420168067227,15.68067226890756,11.420168067226891,11.77310924369748,12.873949579831933
2026-02-19 19:53:10,21.75703384987731,7.395206561565095,13.05926249621836,8.874247873878113,12.344952771521731,10.32807825473125
2026-02-19 19:53:40,23.310924369747898,10.159663865546218,13.26890756302521,11.731092436974789,14.882352941176471,11.03361344537815
2026-02-19 19:54:10,22.18524681087077,8.117783492159532,17.79861846417587,15.311181700532783,15.344795710852285,14.101077329030737
2026-02-19 19:54:40,20.36991907495021,8.361414801805058,16.924511970688826,15.134580962865229,15.563155992907502,15.411894217598467
2026-02-19 19:55:10,22.252474831509776,11.109430410595136,20.496142792315837,16.83221566749021,14.008638800652113,15.269164187633407
2026-02-19 19:55:40,23.672069982605187,11.05873059890253,20.243527365316258,14.11752842413089,11.117553634003077,14.436853471819566
2026-02-19 19:56:10,21.109598480646735,13.33635859426209,10.336308173246609,10.571606245483117,10.35311517840636,13.84897225163448
2026-02-19 19:56:40,21.495978957806365,12.428675871225808,10.621937999478986,10.73958604694157,14.277430902780694,9.924453146665098
2026-02-19 19:57:10,20.898984042150907,11.436878681691752,9.336055999529416,12.688969000260503,15.957849093705098,14.823404845337434
2026-02-19 19:57:40,13.487508298389061,14.437096110051343,11.285809124446422,12.353044983571289,16.857284514995925,14.227010311011016
2026-02-19 19:58:10,16.277447709644616,14.395078950243276,17.495945344078518,14.521130429667473,16.79846049126463,12.075731728838058
2026-02-19 19:58:40,17.30252100840336,14.68067226890756,20.10924369747899,14.630252100840336,12.126050420168067,16.521008403361346
2026-02-19 19:59:10,16.848881083034307,15.058950075210713,20.285884755334074,14.764829956554253,8.15973243472634,21.52959268565282
2026-02-19 19:59:40,22.67264996050354,12.487604833694684,15.899426881124054,12.823744936889694,6.899275618077616,24.29452595841947
2026-02-19 20:00:10,23.882754332005582,13.823761743894858,13.101060522025582,10.588413250642867,5.184961091783055,24.798736113211987
2026-02-19 20:00:40,26.277531743964232,13.361456818964864,13.89087303254649,10.28580072101446,8.201749594534407,22.495987361238328
2026-02-19 20:01:10,31.75683624934873,18.680986235062775,25.96682297181465,12.428780315635555,19.983529134943446,17.714583438377115
2026-02-19 20:01:40,31.96692381384561,20.286055227818956,28.41224222255836,21.47094909158137,20.790265382611473,15.958251399183181
2026-02-19 20:02:10,33.991596638655466,21.739495798319325,27.663865546218485,24.033613445378148,24.63865546218487,17.126050420168067
2026-02-19 20:02:40,35,27.773109243697476,27.83193277310924,26.168067226890756,25.142857142857146,16.88235294117647
2026-02-19 20:03:10,33.412326257584155,27.227348358795943,19.412090959511925,26.454226121447423,18.571740701524398,16.34481251785744
2026-02-19 20:03:40,28.798319327731086,34.294117647058826,21.95798319327731,29.40336134453781,21.89075630252101,16.294117647058822
2026-02-19 20:04:10,31.798853762248104,33.79888737625843,25.344963780903885,29.218978470226386,20.092774668481823,16.65574211331283
2026-02-19 20:04:40,36.26951713474176,30.008907712734672,25.950015966654906,32.19381838350225,20.252441217499456,19.823862585925813
2026-02-19 20:05:10,46.387334240911606,30.59715289332594,22.512983411485905,33.00895813375015,21.101194978066857,23.7398947881477
2026-02-19 20:05:40,55.277775443491116,22.571618248892843,19.21864889620921,22.781704047933175,17.126194337767544,22.87414179951092
2026-02-19 20:06:10,52.176909049655876,22.874141799510916,15.941310431180094,20.12621954806343,16.77325019537979,21.453961797998296
2026-02-19 20:06:40,46.58823529411764,23.218487394957986,12.285714285714285,12.831932773109244,18.521008403361343,20.69747899159664
2026-02-19 20:07:10,36.109547139051585,18.20183362885402,11.697577290565466,7.495861309758904,16.815267355187856,15.033739779325876
2026-02-19 20:07:40,45.71505403452159,17.286004806803476,11.72288609892603,7.65559085026639,16.807005159750585,14.680919007042133
2026-02-19 20:08:10,39.925040756987514,14.08427032387099,13.42039362006084,9.790080505554714,18.067530546731877,14.958234592178021
2026-02-19 20:08:40,52.46218487394958,15.126050420168067,13.470588235294118,11.61344537815126,11.168067226890757,12.966386554621847
2026-02-19 20:09:10,58.52150018067378,17.201825225422063,13.142967587962923,9.487474684661215,11.11774048521416,12.1681694804158
2026-02-19 20:09:40,56.588710829502766,14.285834334742306,14.386675518281667,9.369826637198631,11.344633148177714,12.479096462995486
2026-02-19 20:10:10,67.73949579831933,13.680672268907562,14.159663865546218,7.0588235294117645,13.361344537815127,11.865546218487394
2026-02-19 20:10:40,60.570919572104444,16.218351106293227,19.57966739775296,14.554499542020658,20.88217746069361,22.41997966403644
2026-02-19 20:11:10,67.19440662868283,19.790248575606313,21.714650666397755,18.874266794399908,20.24403771491958,25.479419822181885
2026-02-19 20:11:40,49.294946133548464,21.639019143178878,20.731440864552347,18.79863527118103,19.31124892855342,23.605438746869694
2026-02-19 20:12:10,47.85794719238979,24.513017025496225,48.2949293265433,22.45415889342678,16.51288256945495,24.647473066774232
2026-02-19 20:12:40,53.27775863662719,21.067403927764094,44.38692762124051,18.983352801284045,12.63035823830452,13.042126404423565
2026-02-19 20:13:10,55.22828306595965,13.353277813726397,41.94223383782785,18.27777170853047,11.075909476709498,8.832155432489897
2026-02-19 20:13:40,64.71374190132856,31.310661254947437,55.411299064713745,31.117385568188503,24.848530684616097,23.554423912404097
2026-02-19 20:14:10,56.992075563660194,30.386809973193046,31.52967671997244,33.428852343297,27.260733283472966,25.697694938612926
2026-02-19 20:14:40,39.71562069313255,25.815993814918148,29.98420114961847,29.942182930518673,26.076506773336916,26.58072540253454
2026-02-19 20:15:10,19.983529134943446,29.882855174036532,29.43746953730315,32.613993512496,29.815627153397532,32.71483554345451
2026-02-19 20:15:40,17.41176470588235,18.310924369747898,21.42016806722689,24.596638655462186,15.865546218487397,22.840336134453782
2026-02-19 20:16:10,22.008958209030478,22.00895820903048,16.210492701496676,22.252661831810887,13.420506399320992,19.345025504844664
2026-02-19 20:16:40,28.05905931982621,26.706106774006503,16.596778124185914,22.378339313775747,12.966495516769047,19.168228304439534
2026-02-19 20:17:10,27.958453083245093,23.04240407401805,15.664128808887545,16.580110590093955,11.806921124724786,14.27755088320812
2026-02-19 20:17:40,23.118035597236926,17.722986940956993,14.201919359989242,12.554832854333686,13.529639153599218,15.395216726331535
2026-02-19 20:18:10,14.966512323632971,13.512718594273899,14.428692678089728,12.470693031033871,14.00011764804746,15.487525105252983
2026-02-19 20:18:40,13.470927838516939,9.176701933662192,13.756649327293967,12.151566846223014,13.933124364479779,12.647377664983154
2026-02-19 20:19:10,15.44550794544492,13.210195043655826,15.924503567256865,11.605139538987721,11.504298355448364,13.193388179732601
2026-02-19 20:19:40,18.705882352941178,13.689075630252098,15.04201680672269,14.134453781512605,8.714285714285714,6.655462184873949
2026-02-19 20:20:10,25.369961092110017,12.739602853805494,14.706005932822963,19.672434222136317,7.395020126219548,9.991680602358002
2026-02-19 20:20:40,30.840336134453782,18.521008403361343,14.563025210084032,19.76470588235294,7.949579831932773,13.327731092436974
2026-02-19 20:21:10,28.815126050420165,21.411764705882348,17.252100840336134,24.428571428571427,12.344537815126051,13.630252100840337
2026-02-19 20:21:40,30.395213405154664,25.000210085799036,14.62197161320683,21.47076866192153,14.655585341053284,16.470726644761722
2026-02-19 20:22:10,31.000521017159954,30.303030303030297,15.563286777929045,13.739726718096104,15.370006218591909,13.84897225163448
2026-02-19 20:22:40,26.555068152405926,26.26934906469016,15.706146321786921,13.966621287752737,15.117901141195652,13.496025143279722
2026-02-19 20:23:10,26.327952335733904,21.227069135034743,13.420280842696156,15.092563803057168,11.386650307985779,13.932890192354556
2026-02-19 20:23:40,22.14322929797139,19.874283601405065,16.84902267264996,20.613791828434096,14.000235298072235,16.185145968839812
2026-02-19 20:24:10,16.630391852032368,16.621988420070757,17.302666408961418,23.630450676056096,14.647181909091673,20.512777418297627
2026-02-19 20:24:40,17.487688868720486,100.1277332392141,17.680969428057615,23.43736869527219,16.664145615892707,98.73275181095481
2026-02-19 20:25:10,20.487911459952777,103.59925040127062,17.328167937006818,20.294629276368312,13.891106498483158,98.75879223845979
2026-02-19 20:25:40,18.949739073437588,120.75731728838055,15.87408297548719,19.93294061294632,11.823628769989663,115.70685467945108
2026-02-19 20:26:10,19.100840336134453,120.37815126050417,22.53781512605042,15.008403361344536,9.403361344537814,111.26050420168067
2026-02-19 20:26:40,17.84048605450466,40.899503357171064,25.218699316800976,15.033739779325876,6.949638232254052,36.42047412163127
2026-02-19 20:27:10,13.210195043655826,39.151589509155535,27.554853402129424,14.966512323632971,10.731182614979955,35.605341221354806
2026-02-19 20:27:40,18.45378151260504,24.831932773109244,24.411764705882348,10.92436974789916,11.193277310924369,18.705882352941174
2026-02-19 20:28:10,23.588433516248035,26.49602097496617,20.731266649299574,14.69760250086135,15.630383448600405,17.77325859881175
2026-02-19 20:28:40,21.075807359725708,25.26911990857066,20.126219548063425,14.991722619517809,15.714417768216538,11.73959445037353
2026-02-19 20:29:10,28.420406894175578,21.546399549576044,20.126219548063425,16.067361910604287,12.907671493037753,12.605147942419684
2026-02-19 20:29:40,27.033840620509412,21.91615055588702,26.126269968655198,18.579988067126614,14.91609173186329,10.462272792208337
2026-02-19 20:30:10,29.916469184356043,22.857527017260796,23.7062807778282,23.235684633355184,12.235499756298426,10.8153078202995
2026-02-19 20:30:40,36.10084033613445,25.285714285714285,23.15126050420168,32.84873949579832,14.957983193277311,15.436974789915963
2026-02-19 20:31:10,33.43753676532379,28.622329787055246,18.07593404931175,28.924855879930757,16.605321097833574,15.017059110237144
2026-02-19 20:31:40,33.773109243697476,22.731092436974787,17.521008403361346,25.747899159663866,15.613445378151258,17.27731092436975
2026-02-19 20:32:10,31.076152540378825,19.681003042067935,13.168288542664582,18.891073799559656,13.731323215516229,18.008706028672748
2026-02-19 20:32:40,29.714535416264,16.18500995806687,11.521105219371591,9.000075630887654,11.134547349137385,16.74803989949495
2026-02-19 20:33:10,26.706106774006503,14.437096110051343,14.56314758947554,13.8320490088152,12.54632391868839,19.57159303859696
2026-02-19 20:33:40,32.46300326898997,18.160121683739927,16.840760691446004,20.01731136079061,15.403749674361539,20.89128297352034
2026-02-19 20:34:10,26.168067226890756,18.378151260504204,19.294117647058822,23.285714285714285,16.680672268907564,19.537815126050422
2026-02-19 20:34:40,25.504201680672267,14.487394957983192,23.07563025210084,21.058823529411764,16.672268907563023,18.630252100840337
2026-02-19 20:35:10,29.310678061528893,15.235166091041252,23.302325190544614,21.36956832295527,14.89903446189528,15.571297720187225
2026-02-19 20:35:40,30.857142857142854,18.53781512605042,21.554621848739494,20.016806722689076,15.512605042016805,11.210084033613445
2026-02-19 20:36:10,41.45378151260503,23.605042016806724,34.193277310924366,23.470588235294116,22.35294117647059,17.56302521008403
2026-02-19 20:36:40,39.32839207381637,33.52157179112254,36.78213079211415,30.731608934603944,26.689524193683926,18.823845778920653
2026-02-19 20:37:10,43.723056496273074,35.83223388431836,37.13476583836839,27.865780384709115,26.361566063580366,19.344700375633405
2026-02-19 20:37:40,34.5126050420168,28.882352941176475,33.39495798319327,20.739495798319325,18.63865546218487,23.705882352941178
2026-02-19 20:38:10,31.63104952225686,26.454448431473065,23.47117994571292,16.849164264645328,15.975192651915595,24.6728909132163
2026-02-19 20:38:40,41.75700431940032,18.51291618346527,16.033882922402057,11.84893863762416,11.243886451873141,25.126472713827123
2026-02-19 20:39:10,43.14321969092177,16.66400557987882,17.09258060992109,22.571618248892843,12.714392557920654,29.311170682106564
2026-02-19 20:39:40,43.80782708807786,17.118078607023705,14.2860744388514,28.841063220081175,14.723060245216269,26.21074480869266
2026-02-19 20:40:10,52.471029168312334,18.025361557660148,15.621980016638792,30.638912932041436,10.428659064361883,21.411944638190235
2026-02-19 20:40:40,48.42938536782131,17.75660095127649,16.38683003075682,30.025714717894413,10.51278172742399,19.529739995630177
2026-02-19 20:41:10,51.227321237993586,16.756443331456563,18.29427138043177,19.689241086059546,9.495878116622828,14.37827208632005
2026-02-19 20:41:40,60.50420168067227,20.126050420168067,22.941176470588236,17.764705882352942,9.218487394957982,16.126050420168067
2026-02-19 20:42:10,49.118885350050846,15.227274637175729,22.91654411455751,14.260863719253427,9.412001983243275,15.781910468331137
2026-02-19 20:42:40,49.58823529411765,17.126050420168067,29.697478991596636,16.596638655462183,10,17.42857142857143
2026-02-19 20:43:10,44.85789677137431,20.1684061917007,31.336661120354965,25.202104237046,14.17670885224962,17.49609237130036
2026-02-19 20:43:40,52.5471016319602,18.83224928150053,30.697994924284444,22.35331686246828,16.790198154590836,14.81537504832014
2026-02-19 20:44:10,61.16069177633238,16.62212810299333,25.294542765424627,20.53816030521521,16.73977713911158,13.294341081362711
2026-02-19 20:44:40,60.22790298996622,18.218793593169632,20.445721776836585,21.664229650918504,16.99188221650784,14.336375401267249
2026-02-19 20:45:10,54.396329319226545,16.840760691446004,16.8743749842433,14.840710270006808,14.277670865652079,16.04242123751019
2026-02-19 20:45:40,42.76506525264917,22.327918722006064,19.420331263287924,15.680804040370086,14.949705459709742,19.722854813906
2026-02-19 20:46:10,31.697745359204692,27.95821813628686,24.437180144370956,18.159816469045957,17.235438953268513,22.9917898469735
2026-02-19 20:46:40,22.34641566518195,27.153542314480216,22.976720732834696,19.690730313471725,14.379359610051267,23.212034624758388
2026-02-19 20:47:10,25.032982361789198,25.822878414829876,22.570859558162397,20.554103678058535,13.016478576170348,19.058343066981504
2026-02-19 20:47:40,14.639270557586453,20.681541241228622,21.328627253245934,20.05966637253666,11.109710492037479,15.664523719484011
2026-02-19 20:48:10,14.30252100840336,15.126050420168067,19.66386554621849,16.49579831932773,7.899159663865545,10.218487394957982
2026-02-19 20:48:40,19.595321322936275,17.746706103791343,22.771578381285295,15.982118849153002,12.05801290669535,9.898494218876042
2026-02-19 20:49:10,27.664330492949464,15.52967276760954,21.681036656078252,17.025496226827343,12.622060874972687,11.924570160843038
2026-02-19 20:49:40,35.94897564746811,11.041831229727233,21.318969429085225,16.024940757298197,10.814944286650645,12.621636611149393
