Time,Series_C
2026-02-18 21:49:40,37.619715937049016
2026-02-18 21:50:10,34.41344951572371
2026-02-18 21:50:40,43.03545544778537
2026-02-18 21:51:10,35.62056842863427
2026-02-18 21:51:40,39.17336988577513
2026-02-18 21:52:10,36.99929614662001
2026-02-18 21:52:40,36.34345431820881
2026-02-18 21:53:10,37.48300600582253
2026-02-18 21:53:40,37.3109048944613
2026-02-18 21:54:10,37.001842077902346
2026-02-18 21:54:40,44.171206975066895
2026-02-18 21:55:10,37.413598135963674
2026-02-18 21:55:40,50.75902975488999
2026-02-18 21:56:10,41.10430087962068
2026-02-18 21:56:40,46.10430447431642
2026-02-18 21:57:10,35.79318553885143
2026-02-18 21:57:40,52.069579110419184
2026-02-18 21:58:10,35.862224863221535
2026-02-18 21:58:40,42.79536906119842
2026-02-18 21:59:10,36.172555329493875
2026-02-18 21:59:40,44.8965339355843
2026-02-18 22:00:10,38.1986965977662
2026-02-18 22:00:40,50.07008922182295
2026-02-18 22:01:10,36.865978304130195
2026-02-18 22:01:40,50.93455325236924
2026-02-18 22:02:10,40.55371357789449
2026-02-18 22:02:40,46.417183384294496
2026-02-18 22:03:10,38.10523911264099
2026-02-18 22:03:40,48.48519643020842
2026-02-18 22:04:10,53.52223123562918
2026-02-18 22:04:40,47.14095265847036
2026-02-18 22:05:10,39.69227611532321
2026-02-18 22:05:40,50.86676059007627
2026-02-18 22:06:10,45.89952818243998
2026-02-18 22:06:40,52.105447181562106
2026-02-18 22:07:10,47.692511486995805
2026-02-18 22:07:40,55.62305729794663
2026-02-18 22:08:10,51.72808474294403
2026-02-18 22:08:40,54.243931225568566
2026-02-18 22:09:10,44.45146642419872
2026-02-18 22:09:40,52.45024625688469
2026-02-18 22:10:10,50.14197539234348
2026-02-18 22:10:40,42.416938429930475
2026-02-18 22:11:10,31.828703986473283
2026-02-18 22:11:40,39.31282783478896
2026-02-18 22:12:10,37.14074000441056
2026-02-18 22:12:40,36.24725438951826
2026-02-18 22:13:10,34.65340439742453
2026-02-18 22:13:40,40.3456255251591
2026-02-18 22:14:10,38.45049364415946
2026-02-18 22:14:40,37.52078518329375
2026-02-18 22:15:10,35.89743645520857
2026-02-18 22:15:40,39.691949031748635
2026-02-18 22:16:10,33.504365989242764
2026-02-18 22:16:40,43.070190295873125
2026-02-18 22:17:10,33.552711118376244
2026-02-18 22:17:40,37.82733416802542
2026-02-18 22:18:10,36.55309405224551
2026-02-18 22:18:40,39.96363744412763
2026-02-18 22:19:10,35.72603819788762
2026-02-18 22:19:40,37.06859338156279
2026-02-18 22:20:10,37.449017965893376
2026-02-18 22:20:40,37.24525846674046
2026-02-18 22:21:10,41.478528415949064
2026-02-18 22:21:40,43.45104427401211
2026-02-18 22:22:10,33.174241507288
2026-02-18 22:22:40,35.89530209245547
2026-02-18 22:23:10,34.34644126193205
2026-02-18 22:23:40,39.30969803034048
2026-02-18 22:24:10,34.242134434502404
2026-02-18 22:24:40,39.86260052749426
2026-02-18 22:25:10,32.62102623777034
2026-02-18 22:25:40,39.93018554643319
2026-02-18 22:26:10,34.62329866187289
2026-02-18 22:26:40,47.24117366038082
2026-02-18 22:27:10,34.4487455572191
2026-02-18 22:27:40,39.55151013842303
2026-02-18 22:28:10,46.347487729774286
2026-02-18 22:28:40,40.17321646976417
2026-02-18 22:29:10,35.27634733381591
2026-02-18 22:29:40,45.86512866897136
2026-02-18 22:30:10,38.62143166485071
2026-02-18 22:30:40,45.55032361441309
2026-02-18 22:31:10,44.276931101605676
2026-02-18 22:31:40,50.380488777116085
2026-02-18 22:32:10,38.89676344598037
2026-02-18 22:32:40,45.10331750362818
2026-02-18 22:33:10,43.898299766298095
2026-02-18 22:33:40,43.75048674468651
2026-02-18 22:34:10,39.62089299622798
2026-02-18 22:34:40,40.828210509698906
2026-02-18 22:35:10,39.58570519241952
2026-02-18 22:35:40,49.37939131010399
2026-02-18 22:36:10,40.72255778460662
2026-02-18 22:36:40,56.51523674442633
2026-02-18 22:37:10,53.61995852043997
2026-02-18 22:37:40,51.20631517048497
2026-02-18 22:38:10,57.070097590228386
2026-02-18 22:38:40,63.6200845657117
2026-02-18 22:39:10,52.102446037348216
2026-02-18 22:39:40,56.89664691992502
2026-02-18 22:40:10,49.58631275530028
2026-02-18 22:40:40,55.75840553639097
2026-02-18 22:41:10,47.99858747319908
2026-02-18 22:41:40,43.65546381069391
2026-02-18 22:42:10,31.41402028312047
2026-02-18 22:42:40,41.86069333711063
2026-02-18 22:43:10,36.725002461324934
2026-02-18 22:43:40,40.13799769076291
2026-02-18 22:44:10,33.44848045200291
2026-02-18 22:44:40,39.96388003086604
2026-02-18 22:45:10,33.17227471077129
2026-02-18 22:45:40,39.5165933977174
2026-02-18 22:46:10,34.3105470197237
2026-02-18 22:46:40,41.34520945145561
2026-02-18 22:47:10,37.24201907360064
2026-02-18 22:47:40,43.448369899177315
2026-02-18 22:48:10,39.48297744876872
2026-02-18 22:48:40,43.65459575870042
2026-02-18 22:49:10,36.79259814182474
2026-02-18 22:49:40,39.17152681733326
2026-02-18 22:50:10,34.72444952568938
2026-02-18 22:50:40,42.550975055556265
2026-02-18 22:51:10,38.82761238763377
2026-02-18 22:51:40,49.41332344971071
2026-02-18 22:52:10,36.10408325614101
2026-02-18 22:52:40,62.69161007881048
2026-02-18 22:53:10,37.582140083489335
2026-02-18 22:53:40,39.97184509121532
2026-02-18 22:54:10,37.61703489707483
2026-02-18 22:54:40,42.72187411184164
2026-02-18 22:55:10,39.44776106814234
2026-02-18 22:55:40,40.65514507716627
2026-02-18 22:56:10,35.62024389631874
2026-02-18 22:56:40,35.96490014018544
2026-02-18 22:57:10,37.171164169785406
2026-02-18 22:57:40,43.65467305735969
2026-02-18 22:58:10,38.069686140805416
2026-02-18 22:58:40,43.412659967729915
2026-02-18 22:59:10,43.48243998261478
2026-02-18 22:59:40,41.0344245397118
2026-02-18 23:00:10,43.72304883988076
2026-02-18 23:00:40,44.619721817455456
2026-02-18 23:01:10,39.06856839378414
2026-02-18 23:01:40,43.89727951273187
2026-02-18 23:02:10,43.829053588507904
2026-02-18 23:02:40,46.68615850678682
2026-02-18 23:03:10,42.965529193244535
2026-02-18 23:03:40,49.20686094067068
2026-02-18 23:04:10,42.827040473121336
2026-02-18 23:04:40,51.446601742011076
2026-02-18 23:05:10,50.2068014647581
2026-02-18 23:05:40,48.4819501260345
2026-02-18 23:06:10,45.24055059358419
2026-02-18 23:06:40,46.759369823692005
2026-02-18 23:07:10,42.551073757798775
2026-02-18 23:07:40,71.00112015458109
2026-02-18 23:08:10,57.55141380765871
2026-02-18 23:08:40,55.79245067649274
2026-02-18 23:09:10,62.82770874718273
2026-02-18 23:09:40,55.62119755624955
2026-02-18 23:10:10,59.82783128845871
2026-02-18 23:10:40,62.72457921010384
2026-02-18 23:11:10,59.551409062404744
2026-02-18 23:11:40,72.86371848037936
2026-02-18 23:12:10,60.44719628241931
2026-02-18 23:12:40,50.31105003161386
2026-02-18 23:13:10,38.93013206826463
2026-02-18 23:13:40,40.82772180253505
2026-02-18 23:14:10,35.65448040436142
2026-02-18 23:14:40,39.89665996978263
2026-02-18 23:15:10,32.310336513469096
2026-02-18 23:15:40,36.75825805719709
2026-02-18 23:16:10,35.586753921031814
2026-02-18 23:16:40,40.03406193193504
2026-02-18 23:17:10,35.06805716674842
2026-02-18 23:17:40,35.99968854401065
2026-02-18 23:18:10,37.551008353845965
2026-02-18 23:18:40,43.793303263602034
2026-02-18 23:19:10,36.64910009600898
2026-02-18 23:19:40,39.00780584630164
2026-02-18 23:20:10,34.86179669272885
2026-02-18 23:20:40,36.58522125322279
2026-02-18 23:21:10,37.96479790433948
2026-02-18 23:21:40,45.10228068440461
2026-02-18 23:22:10,36.10297387777121
2026-02-18 23:22:40,38.24150538718373
2026-02-18 23:23:10,43.10218793308152
2026-02-18 23:23:40,46.44732348464214
2026-02-18 23:24:10,35.79265522140872
2026-02-18 23:24:40,41.24087171197446
2026-02-18 23:25:10,34.966300993376315
2026-02-18 23:25:40,42.72324737205053
2026-02-18 23:26:10,41.51648283545716
2026-02-18 23:26:40,39.34493229824937
2026-02-18 23:27:10,36.82773722747971
2026-02-18 23:27:40,37.96389308982872
2026-02-18 23:28:10,40.93111777251928
2026-02-18 23:28:40,40.34470037069952
2026-02-18 23:29:10,36.56637567873507
2026-02-18 23:29:40,40.52456735291825
2026-02-18 23:30:10,33.48337938677734
2026-02-18 23:30:40,44.895507790968246
2026-02-18 23:31:10,42.55219267792719
2026-02-18 23:31:40,40.344124891835975
2026-02-18 23:32:10,38.035195052976775
2026-02-18 23:32:40,39.758763454589854
2026-02-18 23:33:10,39.41358267058815
2026-02-18 23:33:40,42.724573190046286
2026-02-18 23:34:10,42.48183485501008
2026-02-18 23:34:40,43.274067901382686
2026-02-18 23:35:10,40.44825925564772
2026-02-18 23:35:40,44.0348014902611
2026-02-18 23:36:10,43.37872898958091
2026-02-18 23:36:40,46.75914633121657
2026-02-18 23:37:10,36.62058029357587
2026-02-18 23:37:40,45.27475989539917
2026-02-18 23:38:10,61.51500379997062
2026-02-18 23:38:40,53.03555656095386
2026-02-18 23:39:10,45.99976460199145
2026-02-18 23:39:40,57.10233300905849
2026-02-18 23:40:10,46.41346021214302
2026-02-18 23:40:40,52.13920700352885
2026-02-18 23:41:10,43.55110466648783
2026-02-18 23:41:40,56.239249809703296
2026-02-18 23:42:10,48.758630211078724
2026-02-18 23:42:40,55.10292035114115
2026-02-18 23:43:10,43.41336985444142
2026-02-18 23:43:40,40.035120120957565
2026-02-18 23:44:10,37.69044647693533
2026-02-18 23:44:40,36.68841510101915
2026-02-18 23:45:10,32.965121301201286
2026-02-18 23:45:40,39.89640195046783
2026-02-18 23:46:10,33.276067831605424
2026-02-18 23:46:40,40.309644525686224
2026-02-18 23:47:10,35.20219329679749
2026-02-18 23:47:40,37.98874897883555
2026-02-18 23:48:10,34.77004556523479
2026-02-18 23:48:40,39.099801258319424
2026-02-18 23:49:10,36.82561156052929
2026-02-18 23:49:40,38.55036871449307
2026-02-18 23:50:10,32.723791936322534
2026-02-18 23:50:40,36.586275895772616
2026-02-18 23:51:10,32.68952795977664
2026-02-18 23:51:40,36.27501557996853
2026-02-18 23:52:10,32.896187897740035
2026-02-18 23:52:40,40.241736053141054
2026-02-18 23:53:10,38.34256853489991
2026-02-18 23:53:40,46.207835983767595
2026-02-18 23:54:10,37.274828851732885
2026-02-18 23:54:40,47.619352021687114
2026-02-18 23:55:10,36.345592194310925
2026-02-18 23:55:40,40.62161363307693
2026-02-18 23:56:10,35.480214234759636
2026-02-18 23:56:40,44.79165058279062
2026-02-18 23:57:10,33.00047570659157
2026-02-18 23:57:40,37.998812194715
2026-02-18 23:58:10,37.068432892199034
2026-02-18 23:58:40,43.03513204584369
2026-02-18 23:59:10,42.34265888276514
2026-02-18 23:59:40,44.13788117839971
2026-02-19 00:00:10,41.93002389379493
2026-02-19 00:00:40,47.06717015801431
2026-02-19 00:01:10,39.96636417748752
2026-02-19 00:01:40,50.54917618510631
2026-02-19 00:02:10,37.44819861949876
2026-02-19 00:02:40,50.205352044974184
2026-02-19 00:03:10,38.44942340281062
2026-02-19 00:03:40,47.82709523592432
2026-02-19 00:04:10,40.03355062634311
2026-02-19 00:04:40,43.13818314010398
2026-02-19 00:05:10,45.929595829337224
2026-02-19 00:05:40,45.41197634719569
2026-02-19 00:06:10,46.31065762290426
2026-02-19 00:06:40,49.2773984316764
2026-02-19 00:07:10,43.92714313000209
2026-02-19 00:07:40,43.0013437756466
2026-02-19 00:08:10,41.20337253979135
2026-02-19 00:08:40,49.75655186960261
2026-02-19 00:09:10,49.86102265840877
2026-02-19 00:09:40,48.65526878252736
2026-02-19 00:10:10,47.89635318934698
2026-02-19 00:10:40,55.96467543490638
2026-02-19 00:11:10,47.27409761916566
2026-02-19 00:11:40,59.551398354995655
2026-02-19 00:12:10,53.58646028059226
2026-02-19 00:12:40,47.136497139769894
2026-02-19 00:13:10,52.93050432440592
2026-02-19 00:13:40,50.79137824702771
2026-02-19 00:14:10,32.48308088691579
2026-02-19 00:14:40,36.138297324779984
2026-02-19 00:15:10,31.826888288936978
2026-02-19 00:15:40,40.13643057861045
2026-02-19 00:16:10,34.37855774549723
2026-02-19 00:16:40,40.34537816692144
2026-02-19 00:17:10,33.27637697515447
2026-02-19 00:17:40,36.136805094789395
2026-02-19 00:18:10,35.794168970368226
2026-02-19 00:18:40,43.586122503546726
2026-02-19 00:19:10,35.62031279194788
2026-02-19 00:19:40,38.5859905582002
2026-02-19 00:20:10,31.310028566400927
2026-02-19 00:20:40,44.791050085806496
2026-02-19 00:21:10,33.44852327542605
2026-02-19 00:21:40,38.48146260584451
2026-02-19 00:22:10,31.757610080849712
2026-02-19 00:22:40,40.895207015243166
2026-02-19 00:23:10,35.4489358324255
2026-02-19 00:23:40,41.75908268978662
2026-02-19 00:24:10,35.72395365299854
2026-02-19 00:24:40,36.10322476731198
2026-02-19 00:25:10,33.10246140464698
2026-02-19 00:25:40,43.894976311569884
2026-02-19 00:26:10,37.241665945511606
2026-02-19 00:26:40,39.13741618897751
2026-02-19 00:27:10,52.96567660027065
2026-02-19 00:27:40,66.13539372691703
2026-02-19 00:28:10,41.13794536422586
2026-02-19 00:28:40,38.89596793386205
2026-02-19 00:29:10,35.34491798294421
2026-02-19 00:29:40,41.06950776629055
2026-02-19 00:30:10,38.75722124133322
2026-02-19 00:30:40,44.30984667148748
2026-02-19 00:31:10,35.44891087252715
2026-02-19 00:31:40,39.930780032554715
2026-02-19 00:32:10,37.688589888791974
2026-02-19 00:32:40,46.79300005071806
2026-02-19 00:33:10,36.6542333292109
2026-02-19 00:33:40,45.17120701139261
2026-02-19 00:34:10,35.17162788498606
2026-02-19 00:34:40,40.44774438078457
2026-02-19 00:35:10,34.9991129993834
2026-02-19 00:35:40,50.65504878584678
2026-02-19 00:36:10,40.793073796919124
2026-02-19 00:36:40,45.79219507810678
2026-02-19 00:37:10,36.62063381167736
2026-02-19 00:37:40,50.7248941996812
2026-02-19 00:38:10,48.75891203267877
2026-02-19 00:38:40,46.00012251404427
2026-02-19 00:39:10,42.24181103871372
2026-02-19 00:39:40,49.10297271851745
2026-02-19 00:40:10,42.17462917641021
2026-02-19 00:40:40,54.78965186282837
2026-02-19 00:41:10,46.411992996750904
2026-02-19 00:41:40,52.415235528524796
2026-02-19 00:42:10,52.48136513853871
2026-02-19 00:42:40,47.99871708117928
2026-02-19 00:43:10,54.03405590057007
2026-02-19 00:43:40,53.7061018459514
2026-02-19 00:44:10,63.80467518915886
2026-02-19 00:44:40,47.75993236603402
2026-02-19 00:45:10,51.275714651932304
2026-02-19 00:45:40,42.3105945732097
2026-02-19 00:46:10,34.55115941141387
2026-02-19 00:46:40,44.75887279790046
2026-02-19 00:47:10,33.06902740038747
2026-02-19 00:47:40,39.758561276475696
2026-02-19 00:48:10,31.62030323313827
2026-02-19 00:48:40,39.89910370013449
2026-02-19 00:49:10,32.17217838656738
2026-02-19 00:49:40,35.03251499449519
2026-02-19 00:50:10,34.79321286694786
2026-02-19 00:50:40,38.55197863389365
2026-02-19 00:51:10,35.38016062590831
2026-02-19 00:51:40,42.859396195307994
2026-02-19 00:52:10,32.65622840182695
2026-02-19 00:52:40,40.82721408565174
2026-02-19 00:53:10,36.75807850653805
2026-02-19 00:53:40,51.55175274377684
2026-02-19 00:54:10,38.86047571166817
2026-02-19 00:54:40,40.96574796801761
2026-02-19 00:55:10,35.13854937824521
2026-02-19 00:55:40,39.31057315740916
2026-02-19 00:56:10,37.27435803635786
2026-02-19 00:56:40,41.48308811338271
2026-02-19 00:57:10,35.896091603138906
2026-02-19 00:57:40,40.10271824002377
2026-02-19 00:58:10,35.51486821967004
2026-02-19 00:58:40,42.517649316785736
2026-02-19 00:59:10,37.172717078811
2026-02-19 00:59:40,47.82885023096762
2026-02-19 01:00:10,38.55422137285277
2026-02-19 01:00:40,38.28685334771406
2026-02-19 01:01:10,38.587529203005154
2026-02-19 01:01:40,42.44829729328706
2026-02-19 01:02:10,36.31044474459874
2026-02-19 01:02:40,40.72393344720952
2026-02-19 01:03:10,36.13987292580098
2026-02-19 01:03:40,43.37640451520876
2026-02-19 01:04:10,38.62160648140849
2026-02-19 01:04:40,40.13766352548321
2026-02-19 01:05:10,37.72461715876144
2026-02-19 01:05:40,44.24075033863396
2026-02-19 01:06:10,43.861970311985274
2026-02-19 01:06:40,46.65565169105509
2026-02-19 01:07:10,37.31135439661626
2026-02-19 01:07:40,49.585904943206934
2026-02-19 01:08:10,38.93148756820924
2026-02-19 01:08:40,44.034699254175
2026-02-19 01:09:10,43.38026045254217
2026-02-19 01:09:40,53.586387696175905
2026-02-19 01:10:10,49.86210110726104
2026-02-19 01:10:40,42.96595485514146
2026-02-19 01:11:10,43.68884310127499
2026-02-19 01:11:40,50.92947571179089
2026-02-19 01:12:10,49.035921655514855
2026-02-19 01:12:40,54.44662791635114
2026-02-19 01:13:10,49.55161124215836
2026-02-19 01:13:40,49.75987650795113
2026-02-19 01:14:10,48.75873846557808
2026-02-19 01:14:40,49.96570279379987
2026-02-19 01:15:10,45.72415939562705
2026-02-19 01:15:40,50.00096080372452
2026-02-19 01:16:10,53.99909515605297
2026-02-19 01:16:40,36.688180846192104
2026-02-19 01:17:10,38.2068204735742
2026-02-19 01:17:40,43.31057798712789
2026-02-19 01:18:10,35.24390396924475
2026-02-19 01:18:40,37.654398427850545
2026-02-19 01:19:10,33.23259213130362
2026-02-19 01:19:40,39.16544361413112
2026-02-19 01:20:10,35.31035562054034
2026-02-19 01:20:40,40.24240911690104
2026-02-19 01:21:10,37.86139600172074
2026-02-19 01:21:40,43.724316340071965
2026-02-19 01:22:10,38.41424033057052
2026-02-19 01:22:40,37.65515941214919
2026-02-19 01:23:10,38.93063384275392
2026-02-19 01:23:40,38.41346257509469
2026-02-19 01:24:10,36.10309516778148
2026-02-19 01:24:40,38.34600837439277
2026-02-19 01:25:10,37.067536346872906
2026-02-19 01:25:40,37.65458507556522
2026-02-19 01:26:10,34.62092748033906
2026-02-19 01:26:40,39.000592213128385
2026-02-19 01:27:10,46.2742664046062
2026-02-19 01:27:40,42.24019149710653
2026-02-19 01:28:10,40.69070753704667
2026-02-19 01:28:40,40.620945327935125
2026-02-19 01:29:10,33.44842570560454
2026-02-19 01:29:40,38.930932253885445
2026-02-19 01:30:10,36.17326644804133
2026-02-19 01:30:40,40.30937580117865
2026-02-19 01:31:10,37.378501845662306
2026-02-19 01:31:40,41.44860643232638
2026-02-19 01:32:10,44.03468017401416
2026-02-19 01:32:40,42.379407935051944
2026-02-19 01:33:10,37.55100478662266
2026-02-19 01:33:40,41.654060706340765
2026-02-19 01:34:10,44.310624305344206
2026-02-19 01:34:40,42.862631430276245
2026-02-19 01:35:10,39.62005950206757
2026-02-19 01:35:40,49.65460644044391
2026-02-19 01:36:10,35.4826124039937
2026-02-19 01:36:40,43.4128775583243
2026-02-19 01:37:10,41.93082168522674
2026-02-19 01:37:40,46.966057124115146
2026-02-19 01:38:10,42.586393612080734
2026-02-19 01:38:40,49.27546738447694
2026-02-19 01:39:10,43.55253871692354
2026-02-19 01:39:40,51.55118792205163
2026-02-19 01:40:10,42.51610353253058
2026-02-19 01:40:40,53.27588111861885
2026-02-19 01:41:10,41.344102320716594
2026-02-19 01:41:40,45.89637339431651
2026-02-19 01:42:10,54.10518514345861
2026-02-19 01:42:40,53.032959669638124
2026-02-19 01:43:10,42.44681225637966
2026-02-19 01:43:40,58.655274696133816
2026-02-19 01:44:10,55.37869924409197
2026-02-19 01:44:40,56.51549126482529
2026-02-19 01:45:10,52.792395989789
2026-02-19 01:45:40,53.44828300118927
2026-02-19 01:46:10,53.89534847004476
2026-02-19 01:46:40,58.51736745016122
2026-02-19 01:47:10,39.51873683301541
2026-02-19 01:47:40,34.44900954918369
2026-02-19 01:48:10,35.930972702696096
2026-02-19 01:48:40,41.79317365078564
2026-02-19 01:49:10,33.241387661526524
2026-02-19 01:49:40,39.34493228652291
2026-02-19 01:50:10,34.241120142768885
2026-02-19 01:50:40,36.82845551376848
2026-02-19 01:51:10,35.00014153958939
2026-02-19 01:51:40,38.620519664560284
2026-02-19 01:52:10,37.17177174644092
2026-02-19 01:52:40,35.99876344097441
2026-02-19 01:53:10,39.48280028418616
2026-02-19 01:53:40,42.344181966417
2026-02-19 01:54:10,32.620788377096666
2026-02-19 01:54:40,40.64629330443706
2026-02-19 01:55:10,39.859959754707916
2026-02-19 01:55:40,40.3101046688268
2026-02-19 01:56:10,40.724241400999986
2026-02-19 01:56:40,38.1714423984932
2026-02-19 01:57:10,35.862550574646264
2026-02-19 01:57:40,39.72296325072063
2026-02-19 01:58:10,40.690676627458174
2026-02-19 01:58:40,44.828271135266704
2026-02-19 01:59:10,38.89629732838665
2026-02-19 01:59:40,43.5512200426398
2026-02-19 02:00:10,36.240718266837135
2026-02-19 02:00:40,37.103279490749436
2026-02-19 02:01:10,37.03437346033872
2026-02-19 02:01:40,44.689208105127776
2026-02-19 02:02:10,34.03495603009708
2026-02-19 02:02:40,40.76070498511961
2026-02-19 02:03:10,42.586636305870464
2026-02-19 02:03:40,41.27421891843591
2026-02-19 02:04:10,38.03363260957698
2026-02-19 02:04:40,40.00011775140513
2026-02-19 02:05:10,43.27587283254659
2026-02-19 02:05:40,76.75854115187546
2026-02-19 02:06:10,38.37875750055038
2026-02-19 02:06:40,40.448219985280446
2026-02-19 02:07:10,36.10332938972365
2026-02-19 02:07:40,41.86161960949308
2026-02-19 02:08:10,50.13801668055139
2026-02-19 02:08:40,50.79324141301619
2026-02-19 02:09:10,39.20607970679209
2026-02-19 02:09:40,52.34422480187494
2026-02-19 02:10:10,40.41338289544408
2026-02-19 02:10:40,49.274953709617044
2026-02-19 02:11:10,50.586299711839054
2026-02-19 02:11:40,48.994057524780715
2026-02-19 02:12:10,37.0785207029499
2026-02-19 02:12:40,49.002859870157465
2026-02-19 02:13:10,46.96554345089849
2026-02-19 02:13:40,50.86311542400719
2026-02-19 02:14:10,51.03785652106841
2026-02-19 02:14:40,55.48231992164258
2026-02-19 02:15:10,50.276825372517386
2026-02-19 02:15:40,55.10525358239617
2026-02-19 02:16:10,50.34752692797211
2026-02-19 02:16:40,52.68996559535096
2026-02-19 02:17:10,52.86256722944863
2026-02-19 02:17:40,55.13903930370542
2026-02-19 02:18:10,40.379028574479456
2026-02-19 02:18:40,34.20717957882815
2026-02-19 02:19:10,30.4482806460289
2026-02-19 02:19:40,34.99908327766495
2026-02-19 02:20:10,32.001712744758144
2026-02-19 02:20:40,39.06955772881324
2026-02-19 02:21:10,36.759318742675724
2026-02-19 02:21:40,40.75882531928647
2026-02-19 02:22:10,33.37914514883551
2026-02-19 02:22:40,35.276761085412986
2026-02-19 02:23:10,33.44873370507225
2026-02-19 02:23:40,37.691511420362225
2026-02-19 02:24:10,34.30935679613411
2026-02-19 02:24:40,38.207396001066726
2026-02-19 02:25:10,32.62078248792587
2026-02-19 02:25:40,40.27766362988517
2026-02-19 02:26:10,35.4831355978921
2026-02-19 02:26:40,37.6212354583223
2026-02-19 02:27:10,40.55120697654498
2026-02-19 02:27:40,43.9314499291649
2026-02-19 02:28:10,38.55489920220505
2026-02-19 02:28:40,50.1698645968163
2026-02-19 02:29:10,33.207883585799934
2026-02-19 02:29:40,38.51642219906112
2026-02-19 02:30:10,35.370074987959065
2026-02-19 02:30:40,46.174526873146405
2026-02-19 02:31:10,44.45103601862604
2026-02-19 02:31:40,44.208468602081034
2026-02-19 02:32:10,35.58739244508014
2026-02-19 02:32:40,39.62294426472074
2026-02-19 02:33:10,36.38055655082743
2026-02-19 02:33:40,40.07047215142631
2026-02-19 02:34:10,39.03677188262783
2026-02-19 02:34:40,57.555714980070526
2026-02-19 02:35:10,35.45012973952352
2026-02-19 02:35:40,45.37980623039161
2026-02-19 02:36:10,39.622663615408484
2026-02-19 02:36:40,44.65594657210692
2026-02-19 02:37:10,37.48505611639837
2026-02-19 02:37:40,42.65742343700874
2026-02-19 02:38:10,39.448394777646776
2026-02-19 02:38:40,41.00344739963758
2026-02-19 02:39:10,40.89730325655289
2026-02-19 02:39:40,46.655535110213755
2026-02-19 02:40:10,41.312373509790454
2026-02-19 02:40:40,49.48365641908487
2026-02-19 02:41:10,40.727694523551236
2026-02-19 02:41:40,53.72686480185326
2026-02-19 02:42:10,40.51980163670103
2026-02-19 02:42:40,50.00095497549737
2026-02-19 02:43:10,48.998935832422596
2026-02-19 02:43:40,54.621454350282924
2026-02-19 02:44:10,44.622888370303684
2026-02-19 02:44:40,45.41335201471864
2026-02-19 02:45:10,48.553247428316595
2026-02-19 02:45:40,53.58981715570764
2026-02-19 02:46:10,44.656514909549564
2026-02-19 02:46:40,61.65871729729092
2026-02-19 02:47:10,53.96740567749831
2026-02-19 02:47:40,56.762368904204294
2026-02-19 02:48:10,50.72560064078975
2026-02-19 02:48:40,65.27666947742932
2026-02-19 02:49:10,55.899357043985134
2026-02-19 02:49:40,58.93386736888419
2026-02-19 02:50:10,49.083284247647896
2026-02-19 02:50:40,50.000346046045365
2026-02-19 02:51:10,31.758791974253825
2026-02-19 02:51:40,43.99911302841087
2026-02-19 02:52:10,34.95199565960721
2026-02-19 02:52:40,38.082537174079114
2026-02-19 02:53:10,44.024047320891086
2026-02-19 02:53:40,41.20686331600479
2026-02-19 02:54:10,34.758932254623105
2026-02-19 02:54:40,40.93183118660148
2026-02-19 02:55:10,33.913290513376914
2026-02-19 02:55:40,36.02083269736437
2026-02-19 02:56:10,33.0355399279662
2026-02-19 02:56:40,39.51748043081144
2026-02-19 02:57:10,32.482652823525555
2026-02-19 02:57:40,34.2763258186069
2026-02-19 02:58:10,32.03400359280699
2026-02-19 02:58:40,32.725303320771545
2026-02-19 02:59:10,31.517615951493745
2026-02-19 02:59:40,32.930934617164375
2026-02-19 03:00:10,43.17367312703443
2026-02-19 03:00:40,38.00013443105534
2026-02-19 03:01:10,33.3108359591224
2026-02-19 03:01:40,38.13805235122387
2026-02-19 03:02:10,33.7590904090797
2026-02-19 03:02:40,36.44798697392196
2026-02-19 03:03:10,36.000342487433656
2026-02-19 03:03:40,36.104332967486485
2026-02-19 03:04:10,36.86093941916013
2026-02-19 03:04:40,36.13812130099644
2026-02-19 03:05:10,34.79365284702355
2026-02-19 03:05:40,40.517491106072704
2026-02-19 03:06:10,32.00022593456045
2026-02-19 03:06:40,40.483189075485974
2026-02-19 03:07:10,34.55242690995998
2026-02-19 03:07:40,34.654984562221664
2026-02-19 03:08:10,34.06874676870455
2026-02-19 03:08:40,35.75930205014736
2026-02-19 03:09:10,34.00026517852307
2026-02-19 03:09:40,35.896652831235926
2026-02-19 03:10:10,38.52924766800084
2026-02-19 03:10:40,37.65372896444858
2026-02-19 03:11:10,35.79463861688204
2026-02-19 03:11:40,46.896241500306715
2026-02-19 03:12:10,41.75720698884072
2026-02-19 03:12:40,42.103001230716885
2026-02-19 03:13:10,40.51673369678791
2026-02-19 03:13:40,41.34462071581307
2026-02-19 03:14:10,38.17307259043027
2026-02-19 03:14:40,43.275135599284546
2026-02-19 03:15:10,35.96642455685262
2026-02-19 03:15:40,55.20561483274654
2026-02-19 03:16:10,39.41353391455038
2026-02-19 03:16:40,46.757987002619984
2026-02-19 03:17:10,44.69070875124538
2026-02-19 03:17:40,45.55010713985051
2026-02-19 03:18:10,48.240819305793345
2026-02-19 03:18:40,52.41469345013582
2026-02-19 03:19:10,43.24061360359248
2026-02-19 03:19:40,50.5863710511325
2026-02-19 03:20:10,44.79281340776224
2026-02-19 03:20:40,48.068805030917325
2026-02-19 03:21:10,48.1734839845836
2026-02-19 03:21:40,37.44911899672464
2026-02-19 03:22:10,33.10237460539359
2026-02-19 03:22:40,38.41382166648878
2026-02-19 03:23:10,32.17154702427137
2026-02-19 03:23:40,35.5531284915794
2026-02-19 03:24:10,33.793179612774246
2026-02-19 03:24:40,33.96525330878793
2026-02-19 03:25:10,31.311616016858785
2026-02-19 03:25:40,38.20422137043659
2026-02-19 03:26:10,34.346418632257155
2026-02-19 03:26:40,35.066210725666345
2026-02-19 03:27:10,37.9999500828241
2026-02-19 03:27:40,34.30958869284629
2026-02-19 03:28:10,32.37970277116775
2026-02-19 03:28:40,38.64929607008432
2026-02-19 03:29:10,32.94202546930521
2026-02-19 03:29:40,35.815394607861435
2026-02-19 03:30:10,32.562418161196604
2026-02-19 03:30:40,33.846429805095596
2026-02-19 03:31:10,32.0347978940924
2026-02-19 03:31:40,33.55171701398294
2026-02-19 03:32:10,35.7593496248744
2026-02-19 03:32:40,37.786065293591555
2026-02-19 03:33:10,33.47869950885344
2026-02-19 03:33:40,39.48219745737798
2026-02-19 03:34:10,38.310945327853496
2026-02-19 03:34:40,34.068397194308396
2026-02-19 03:35:10,33.44837460293712
2026-02-19 03:35:40,34.72342215597147
2026-02-19 03:36:10,35.30928665291031
2026-02-19 03:36:40,40.17232464426645
2026-02-19 03:37:10,44.03474957336172
2026-02-19 03:37:40,36.51641503796558
2026-02-19 03:38:10,59.447539913850065
2026-02-19 03:38:40,39.793472119153414
2026-02-19 03:39:10,49.93067660916605
2026-02-19 03:39:40,38.34478126069253
2026-02-19 03:40:10,38.172107039975664
2026-02-19 03:40:40,41.44832703583901
2026-02-19 03:41:10,36.241261615934214
2026-02-19 03:41:40,43.13743285559056
2026-02-19 03:42:10,41.86139125679421
2026-02-19 03:42:40,45.96505116601605
2026-02-19 03:43:10,39.58625569556061
2026-02-19 03:43:40,41.966006030302175
2026-02-19 03:44:10,43.03426279892405
2026-02-19 03:44:40,45.826538701089895
2026-02-19 03:45:10,41.30994297814411
2026-02-19 03:45:40,47.9665505835032
2026-02-19 03:46:10,38.481813350073246
2026-02-19 03:46:40,47.75793105826245
2026-02-19 03:47:10,49.163366258132314
2026-02-19 03:47:40,57.416412830598105
2026-02-19 03:48:10,53.036045281319865
2026-02-19 03:48:40,53.79480746193496
2026-02-19 03:49:10,63.96897885126719
2026-02-19 03:49:40,50.58716063069853
2026-02-19 03:50:10,42.69018910455342
2026-02-19 03:50:40,59.623619708490985
2026-02-19 03:51:10,51.93261839395279
2026-02-19 03:51:40,54.79451494415788
2026-02-19 03:52:10,41.44863023797885
2026-02-19 03:52:40,35.58823441483243
2026-02-19 03:53:10,42.48365052343536
2026-02-19 03:53:40,37.864663703571075
2026-02-19 03:54:10,33.58627470355538
2026-02-19 03:54:40,37.37947328471921
2026-02-19 03:55:10,33.55377073778019
2026-02-19 03:55:40,37.27681337152269
2026-02-19 03:56:10,34.79489904629979
2026-02-19 03:56:40,36.105115491507384
2026-02-19 03:57:10,37.20762553483215
2026-02-19 03:57:40,40.241944146256294
2026-02-19 03:58:10,41.44929612440363
2026-02-19 03:58:40,39.346711176196045
2026-02-19 03:59:10,33.277196380193786
2026-02-19 03:59:40,40.482466173848294
2026-02-19 04:00:10,37.72558632007511
2026-02-19 04:00:40,40.58641263909977
2026-02-19 04:01:10,36.069504205954736
2026-02-19 04:01:40,39.72637592440831
2026-02-19 04:02:10,34.06892272836186
2026-02-19 04:02:40,54.20693819135768
2026-02-19 04:03:10,41.48436512588201
2026-02-19 04:03:40,38.242737286074764
2026-02-19 04:04:10,38.55355304884557
2026-02-19 04:04:40,45.286943740837884
2026-02-19 04:05:10,39.34405358361861
2026-02-19 04:05:40,38.20668253860296
2026-02-19 04:06:10,38.75966833725072
2026-02-19 04:06:40,38.62006069076032
2026-02-19 04:07:10,39.758620706301535
2026-02-19 04:07:40,42.41459460642178
2026-02-19 04:08:10,42.10418246659181
2026-02-19 04:08:40,45.516258156412064
2026-02-19 04:09:10,37.86266238259478
2026-02-19 04:09:40,76.2066552824256
2026-02-19 04:10:10,46.27562437951206
2026-02-19 04:10:40,49.06843047890253
2026-02-19 04:11:10,38.99874442100552
2026-02-19 04:11:40,42.65447923330148
2026-02-19 04:12:10,44.861354405055955
2026-02-19 04:12:40,42.068887060641366
2026-02-19 04:13:10,47.99936988666715
2026-02-19 04:13:40,50.000028632586314
2026-02-19 04:14:10,45.82985985044002
2026-02-19 04:14:40,48.30948165237777
2026-02-19 04:15:10,40.517155787034255
2026-02-19 04:15:40,44.17250062401035
2026-02-19 04:16:10,41.20773845996592
2026-02-19 04:16:40,46.620327015169885
2026-02-19 04:17:10,39.413885863299356
2026-02-19 04:17:40,48.69009521916039
2026-02-19 04:18:10,50.48361836627539
2026-02-19 04:18:40,46.516558932384875
2026-02-19 04:19:10,53.55160765672879
2026-02-19 04:19:40,57.138353202714335
2026-02-19 04:20:10,47.55194774562668
2026-02-19 04:20:40,48.10311416134259
2026-02-19 04:21:10,54.001101123211306
2026-02-19 04:21:40,53.75863146480086
2026-02-19 04:22:10,49.10342690130876
2026-02-19 04:22:40,46.37986216491347
2026-02-19 04:23:10,31.827763404199523
2026-02-19 04:23:40,39.24145305720037
2026-02-19 04:24:10,40.242415043302756
2026-02-19 04:24:40,39.31683734171004
2026-02-19 04:25:10,34.103497051253406
2026-02-19 04:25:40,42.654598121241335
2026-02-19 04:26:10,33.516801468529806
2026-02-19 04:26:40,41.6551034964923
2026-02-19 04:27:10,34.93057315863554
2026-02-19 04:27:40,36.861495888060404
2026-02-19 04:28:10,32.30949824560153
2026-02-19 04:28:40,39.172105857928614
2026-02-19 04:29:10,47.791637406245826
2026-02-19 04:29:40,40.68970276821469
2026-02-19 04:30:10,34.37960765525409
2026-02-19 04:30:40,38.20655772138864
2026-02-19 04:31:10,35.79213561219837
2026-02-19 04:31:40,42.34548879536305
2026-02-19 04:32:10,35.03297513558536
2026-02-19 04:32:40,39.17045675959417
2026-02-19 04:33:10,37.34412014149644
2026-02-19 04:33:40,41.998891866741126
2026-02-19 04:34:10,37.82677291746427
2026-02-19 04:34:40,37.61996677395297
2026-02-19 04:35:10,37.171699275117135
2026-02-19 04:35:40,42.17292519988573
2026-02-19 04:36:10,39.72328305485718
2026-02-19 04:36:40,46.48266120135812
2026-02-19 04:37:10,37.792518470291945
2026-02-19 04:37:40,44.759000072043264
2026-02-19 04:38:10,37.75715701762699
2026-02-19 04:38:40,45.96609279814652
2026-02-19 04:39:10,39.96487518110334
2026-02-19 04:39:40,41.44783594686116
2026-02-19 04:40:10,40.82756245291074
2026-02-19 04:40:40,43.10548285653123
2026-02-19 04:41:10,43.137782445238855
2026-02-19 04:41:40,43.89595252826706
2026-02-19 04:42:10,36.27531759925437
2026-02-19 04:42:40,43.274837169538586
2026-02-19 04:43:10,46.62090728627823
2026-02-19 04:43:40,47.5843283467841
2026-02-19 04:44:10,42.48290251092779
2026-02-19 04:44:40,48.58443653428673
2026-02-19 04:45:10,39.068078642933365
2026-02-19 04:45:40,47.92639881609481
2026-02-19 04:46:10,41.17169564246227
2026-02-19 04:46:40,46.41494537861557
2026-02-19 04:47:10,60.55111542113036
2026-02-19 04:47:40,51.75818681778076
2026-02-19 04:48:10,41.895489938372904
2026-02-19 04:48:40,51.24079194694342
2026-02-19 04:49:10,58.75893939784432
2026-02-19 04:49:40,59.61841747537046
2026-02-19 04:50:10,93.82671954089899
2026-02-19 04:50:40,63.55177299606982
2026-02-19 04:51:10,53.72231646889448
2026-02-19 04:51:40,57.96499648045913
2026-02-19 04:52:10,54.44841978133628
2026-02-19 04:52:40,53.06684442534139
2026-02-19 04:53:10,50.10435919759294
2026-02-19 04:53:40,56.65413446213382
2026-02-19 04:54:10,32.96661375533528
2026-02-19 04:54:40,47.65376702923148
2026-02-19 04:55:10,36.102399610227245
2026-02-19 04:55:40,37.30945069621344
2026-02-19 04:56:10,33.20664693681502
2026-02-19 04:56:40,38.206682568943265
2026-02-19 04:57:10,36.345256915375295
2026-02-19 04:57:40,38.34385857791973
2026-02-19 04:58:10,38.033910929551524
2026-02-19 04:58:40,37.10351250407761
2026-02-19 04:59:10,39.44729494579179
2026-02-19 04:59:40,43.92956488949495
2026-02-19 05:00:10,49.10142460969346
2026-02-19 05:00:40,44.65423549321013
2026-02-19 05:01:10,33.17275633212655
2026-02-19 05:01:40,41.62121172114754
2026-02-19 05:02:10,32.930591025255886
2026-02-19 05:02:40,39.03469208479385
2026-02-19 05:03:10,34.34382290462298
2026-02-19 05:03:40,42.9305779858134
2026-02-19 05:04:10,38.79165763679859
2026-02-19 05:04:40,46.653324818384384
2026-02-19 05:05:10,36.311551938166566
2026-02-19 05:05:40,37.34354467681415
2026-02-19 05:06:10,33.26255114256196
2026-02-19 05:06:40,38.238919349154735
2026-02-19 05:07:10,43.824764770616646
2026-02-19 05:07:40,46.724177200908535
2026-02-19 05:08:10,37.13644836708732
2026-02-19 05:08:40,35.997833698128176
2026-02-19 05:09:10,36.89530209188231
2026-02-19 05:09:40,45.9998882984931
2026-02-19 05:10:10,38.452044400102444
2026-02-19 05:10:40,35.719421571478804
2026-02-19 05:11:10,37.17130446778534
2026-02-19 05:11:40,40.37902738086782
2026-02-19 05:12:10,62.20512852928836
2026-02-19 05:12:40,47.51712368645756
2026-02-19 05:13:10,44.41232705748121
2026-02-19 05:13:40,42.690335440006585
2026-02-19 05:14:10,36.413778878509724
2026-02-19 05:14:40,47.652227435085045
2026-02-19 05:15:10,40.44778723534848
2026-02-19 05:15:40,45.20606543650732
2026-02-19 05:16:10,39.55137106879996
2026-02-19 05:16:40,41.41217964446473
2026-02-19 05:17:10,40.137596954159996
2026-02-19 05:17:40,47.170693314152054
2026-02-19 05:18:10,47.72307617749409
2026-02-19 05:18:40,46.20527356336547
2026-02-19 05:19:10,49.034787274195395
2026-02-19 05:19:40,52.379306810979685
2026-02-19 05:20:10,54.75736512287931
2026-02-19 05:20:40,49.206060681083116
2026-02-19 05:21:10,42.758183151747325
2026-02-19 05:21:40,57.93177292939472
2026-02-19 05:22:10,47.65379795743071
2026-02-19 05:22:40,52.34381218622741
2026-02-19 05:23:10,50.61955185054106
2026-02-19 05:23:40,51.79224023838277
2026-02-19 05:24:10,45.37788828250481
2026-02-19 05:24:40,39.17294788220368
2026-02-19 05:25:10,38.241105881093205
2026-02-19 05:25:40,39.82710351453031
2026-02-19 05:26:10,34.37811305690598
2026-02-19 05:26:40,38.3808633442986
2026-02-19 05:27:10,34.72471003417325
2026-02-19 05:27:40,35.44820456099072
2026-02-19 05:28:10,35.03361716781843
2026-02-19 05:28:40,37.791847843534256
2026-02-19 05:29:10,35.31017718664331
2026-02-19 05:29:40,35.999300867438464
2026-02-19 05:30:10,36.34469922038435
2026-02-19 05:30:40,34.517305653369604
2026-02-19 05:31:10,35.89636153241202
2026-02-19 05:31:40,37.240876366024516
2026-02-19 05:32:10,34.206482865717746
2026-02-19 05:32:40,40.61982527339903
2026-02-19 05:33:10,36.4825625347976
2026-02-19 05:33:40,60.27425934658114
2026-02-19 05:34:10,33.44731874356799
2026-02-19 05:34:40,45.10289776477088
2026-02-19 05:35:10,35.30975984025597
2026-02-19 05:35:40,40.44678129742365
2026-02-19 05:36:10,39.27424155736679
2026-02-19 05:36:40,42.79334246689059
2026-02-19 05:37:10,36.17238890192343
2026-02-19 05:37:40,38.03253520520659
2026-02-19 05:38:10,39.03568976707662
2026-02-19 05:38:40,42.86120218266261
2026-02-19 05:39:10,40.9310868704709
2026-02-19 05:39:40,43.480465088387966
2026-02-19 05:40:10,38.13811182820413
2026-02-19 05:40:40,42.16958060092402
2026-02-19 05:41:10,35.931195067571544
2026-02-19 05:41:40,43.311532778920636
2026-02-19 05:42:10,37.79214869387349
2026-02-19 05:42:40,46.273234415830856
2026-02-19 05:43:10,38.759561283574676
2026-02-19 05:43:40,38.896853817300666
2026-02-19 05:44:10,38.720962232249754
2026-02-19 05:44:40,45.17174917343733
2026-02-19 05:45:10,42.24341080953211
2026-02-19 05:45:40,42.8597362144266
2026-02-19 05:46:10,53.3767433101315
2026-02-19 05:46:40,50.96792644759353
2026-02-19 05:47:10,51.480086987931564
2026-02-19 05:47:40,44.586916050034986
2026-02-19 05:48:10,41.73072168973431
2026-02-19 05:48:40,43.75870636820003
2026-02-19 05:49:10,43.517979815288044
2026-02-19 05:49:40,56.65078396097463
2026-02-19 05:50:10,51.86128662011499
2026-02-19 05:50:40,57.93716428684282
2026-02-19 05:51:10,54.51655304051628
2026-02-19 05:51:40,46.760137995902305
2026-02-19 05:52:10,49.274453189420825
2026-02-19 05:52:40,54.89656253995998
2026-02-19 05:53:10,46.65430802906717
2026-02-19 05:53:40,53.7249501497854
2026-02-19 05:54:10,50.34362786538722
2026-02-19 05:54:40,48.758953641887295
2026-02-19 05:55:10,35.10391204682714
2026-02-19 05:55:40,53.89354954088643
2026-02-19 05:56:10,35.241549455373175
2026-02-19 05:56:40,39.41208332837912
2026-02-19 05:57:10,35.24007978386537
2026-02-19 05:57:40,37.55153985120393
2026-02-19 05:58:10,36.86313447162385
2026-02-19 05:58:40,40.65252581325445
2026-02-19 05:59:10,39.62112728057989
2026-02-19 05:59:40,40.86207257185465
2026-02-19 06:00:10,40.41426401566397
2026-02-19 06:00:40,39.58630921481102
2026-02-19 06:01:10,35.17286012037623
2026-02-19 06:01:40,40.20670396424466
2026-02-19 06:02:10,38.06908088740713
2026-02-19 06:02:40,36.412222430230635
2026-02-19 06:03:10,39.31084311087626
2026-02-19 06:03:40,39.620258099837336
2026-02-19 06:04:10,35.99927841302173
2026-02-19 06:04:40,46.65396560846492
2026-02-19 06:05:10,40.275746806714785
2026-02-19 06:05:40,43.75769091819871
2026-02-19 06:06:10,37.723711082168485
2026-02-19 06:06:40,37.930595790441146
2026-02-19 06:07:10,34.31002621845505
2026-02-19 06:07:40,40.896457825617105
2026-02-19 06:08:10,35.793506594488626
2026-02-19 06:08:40,41.828239036575404
2026-02-19 06:09:10,40.10262548476486
2026-02-19 06:09:40,41.03330925576058
2026-02-19 06:10:10,38.62061713637224
2026-02-19 06:10:40,42.27580382578201
2026-02-19 06:11:10,36.86092516199431
2026-02-19 06:11:40,40.3452616297104
2026-02-19 06:12:10,35.37829852568341
2026-02-19 06:12:40,40.655045226985436
2026-02-19 06:13:10,37.17287756300135
2026-02-19 06:13:40,45.27539727749506
2026-02-19 06:14:10,35.483468736166294
2026-02-19 06:14:40,38.517954925670594
2026-02-19 06:15:10,47.446787245311775
2026-02-19 06:15:40,45.448920392799835
2026-02-19 06:16:10,46.75915355111705
2026-02-19 06:16:40,46.37839718791138
2026-02-19 06:17:10,39.689372202714665
2026-02-19 06:17:40,42.0336469134824
2026-02-19 06:18:10,59.41278486341681
2026-02-19 06:18:40,49.68882169531098
2026-02-19 06:19:10,47.55030449284196
2026-02-19 06:19:40,49.44848754028452
2026-02-19 06:20:10,46.72481219479978
2026-02-19 06:20:40,54.755526954598835
2026-02-19 06:21:10,52.240935859320416
2026-02-19 06:21:40,100.44811658009776
2026-02-19 06:22:10,51.379618337816126
2026-02-19 06:22:40,53.104801592217534
2026-02-19 06:23:10,47.9647895881748
2026-02-19 06:23:40,60.37948756500629
2026-02-19 06:24:10,59.44631997297067
2026-02-19 06:24:40,57.51688234515503
2026-02-19 06:25:10,44.48316899386581
2026-02-19 06:25:40,38.65362553835192
2026-02-19 06:26:10,39.75851368338045
2026-02-19 06:26:40,41.309248571485405
2026-02-19 06:27:10,34.72253996833466
2026-02-19 06:27:40,38.654551774896674
2026-02-19 06:28:10,35.13742454688323
2026-02-19 06:28:40,38.79510836493156
2026-02-19 06:29:10,34.20931413676317
2026-02-19 06:29:40,38.44897627155958
2026-02-19 06:30:10,35.447989342204686
2026-02-19 06:30:40,37.929715890232316
2026-02-19 06:31:10,38.68872660350743
2026-02-19 06:31:40,38.75844832051204
2026-02-19 06:32:10,34.44816411874195
2026-02-19 06:32:40,36.379009532700614
2026-02-19 06:33:10,36.20623072278255
2026-02-19 06:33:40,38.86322243290576
2026-02-19 06:34:10,33.75849705916457
2026-02-19 06:34:40,35.58491449205526
2026-02-19 06:35:10,36.551838344583096
2026-02-19 06:35:40,42.03303104024997
2026-02-19 06:36:10,38.37907019967711
2026-02-19 06:36:40,39.24095603042401
2026-02-19 06:37:10,37.482516098074626
2026-02-19 06:37:40,40.136894285530055
2026-02-19 06:38:10,35.206901387513774
2026-02-19 06:38:40,40.793332981874904
2026-02-19 06:39:10,37.03349587231835
2026-02-19 06:39:40,41.68935200955084
2026-02-19 06:40:10,40.79388652999908
2026-02-19 06:40:40,44.101399644381196
2026-02-19 06:41:10,39.310012002459565
2026-02-19 06:41:40,44.72571235024868
2026-02-19 06:42:10,39.41214044281204
2026-02-19 06:42:40,40.37876342186711
2026-02-19 06:43:10,117.27766594608475
2026-02-19 06:43:40,43.03381929115612
2026-02-19 06:44:10,39.137142724136474
2026-02-19 06:44:40,43.552920393211565
2026-02-19 06:45:10,38.37784908478456
2026-02-19 06:45:40,49.172259235312744
2026-02-19 06:46:10,45.24155887871674
2026-02-19 06:46:40,53.93170875825567
2026-02-19 06:47:10,40.20604167431572
2026-02-19 06:47:40,44.44803333601291
2026-02-19 06:48:10,45.20724735253683
2026-02-19 06:48:40,55.448245009307314
2026-02-19 06:49:10,42.90426301859527
2026-02-19 06:49:40,41.690166529011016
2026-02-19 06:50:10,41.89679318090593
2026-02-19 06:50:40,48.13800599249812
2026-02-19 06:51:10,43.137394831807896
2026-02-19 06:51:40,53.93145309475697
2026-02-19 06:52:10,57.24238414757193
2026-02-19 06:52:40,47.72388349305152
2026-02-19 06:53:10,51.79139016535091
2026-02-19 06:53:40,60.104658795854135
2026-02-19 06:54:10,48.51703574976718
2026-02-19 06:54:40,61.34487047292087
2026-02-19 06:55:10,52.44913092505554
2026-02-19 06:55:40,57.20493708761425
2026-02-19 06:56:10,37.17239839136451
2026-02-19 06:56:40,42.067996500345814
2026-02-19 06:57:10,35.69008686633457
2026-02-19 06:57:40,35.137888250851326
2026-02-19 06:58:10,34.275356793919286
2026-02-19 06:58:40,37.688215294718944
2026-02-19 06:59:10,34.34505113731561
2026-02-19 06:59:40,39.758236673049815
2026-02-19 07:00:10,43.96659457198052
2026-02-19 07:00:40,41.30926044569069
2026-02-19 07:01:10,40.55157671327334
2026-02-19 07:01:40,43.86282412747814
2026-02-19 07:02:10,34.65443404514364
2026-02-19 07:02:40,38.413501824223424
2026-02-19 07:03:10,33.620785981836576
2026-02-19 07:03:40,39.55306785403748
2026-02-19 07:04:10,40.89431881478164
2026-02-19 07:04:40,37.58514750333988
2026-02-19 07:05:10,44.75768495694491
2026-02-19 07:05:40,40.17290969055958
2026-02-19 07:06:10,36.9312449934422
2026-02-19 07:06:40,40.30992753196139
2026-02-19 07:07:10,36.55154700385334
2026-02-19 07:07:40,39.89582880019573
2026-02-19 07:08:10,38.79334964438952
2026-02-19 07:08:40,41.447038112383545
2026-02-19 07:09:10,33.793610063063625
2026-02-19 07:09:40,38.282586270207716
2026-02-19 07:10:10,34.86336273090643
2026-02-19 07:10:40,40.10383832949215
2026-02-19 07:11:10,42.03253401864539
2026-02-19 07:11:40,44.68975035721171
2026-02-19 07:12:10,37.10347448276119
2026-02-19 07:12:40,43.06891560736354
2026-02-19 07:13:10,35.621110640947705
2026-02-19 07:13:40,39.89580030210021
2026-02-19 07:14:10,46.72322720816137
2026-02-19 07:14:40,50.86377543365245
2026-02-19 07:15:10,41.65508211685299
2026-02-19 07:15:40,41.378755101765776
2026-02-19 07:16:10,42.655285451600115
2026-02-19 07:16:40,48.206214146536986
2026-02-19 07:17:10,41.689820506502215
2026-02-19 07:17:40,47.24168854762703
2026-02-19 07:18:10,38.895038170027995
2026-02-19 07:18:40,49.03466114805888
2026-02-19 07:19:10,41.655915650461125
2026-02-19 07:19:40,41.06918669941343
2026-02-19 07:20:10,37.51687287859322
2026-02-19 07:20:40,48.20726398815207
2026-02-19 07:21:10,48.17319154857026
2026-02-19 07:21:40,51.31151850436976
2026-02-19 07:22:10,52.99974448091584
2026-02-19 07:22:40,56.69062670683831
2026-02-19 07:23:10,49.06804645688259
2026-02-19 07:23:40,54.17322596018844
2026-02-19 07:24:10,48.896562443273446
2026-02-19 07:24:40,51.55121887797779
2026-02-19 07:25:10,45.03347447906491
2026-02-19 07:25:40,66.68902856759239
2026-02-19 07:26:10,53.310656493838174
2026-02-19 07:26:40,41.138527976219855
2026-02-19 07:27:10,37.7572236298686
2026-02-19 07:27:40,37.517556512402706
2026-02-19 07:28:10,32.241960866261074
2026-02-19 07:28:40,38.03497511099467
2026-02-19 07:29:10,49.17104644388456
2026-02-19 07:29:40,37.48180031210348
2026-02-19 07:30:10,34.986864029366075
2026-02-19 07:30:40,37.690028582642775
2026-02-19 07:31:10,36.482457831769175
2026-02-19 07:31:40,44.69093590844968
2026-02-19 07:32:10,33.552412650826504
2026-02-19 07:32:40,43.41327478223481
2026-02-19 07:33:10,35.346883833566764
2026-02-19 07:33:40,35.8968513940739
2026-02-19 07:34:10,34.31164217455105
2026-02-19 07:34:40,36.44860407314829
2026-02-19 07:35:10,36.96551132219414
2026-02-19 07:35:40,46.1728121560126
2026-02-19 07:36:10,34.241840690804
2026-02-19 07:36:40,45.31060766956588
2026-02-19 07:37:10,38.58716294977497
2026-02-19 07:37:40,39.58619149866499
2026-02-19 07:38:10,35.75819274270415
2026-02-19 07:38:40,40.587170098651995
2026-02-19 07:39:10,39.9667384950232
2026-02-19 07:39:40,38.311140394981756
2026-02-19 07:40:10,38.31120458875364
2026-02-19 07:40:40,45.00041267190038
2026-02-19 07:41:10,33.55189306786045
2026-02-19 07:41:40,44.38084670426046
2026-02-19 07:42:10,35.06892273746537
2026-02-19 07:42:40,43.48603236366868
2026-02-19 07:43:10,38.10270634597388
2026-02-19 07:43:40,42.89751728697546
2026-02-19 07:44:10,39.761710179460195
2026-02-19 07:44:40,41.79242575102964
2026-02-19 07:45:10,42.13732109069567
2026-02-19 07:45:40,38.794710029265126
2026-02-19 07:46:10,39.20918447965589
2026-02-19 07:46:40,48.00508026273527
2026-02-19 07:47:10,46.58597033043548
2026-02-19 07:47:40,49.17255768719519
2026-02-19 07:48:10,38.10552214745563
2026-02-19 07:48:40,44.172791937921914
2026-02-19 07:49:10,40.13768136299156
2026-02-19 07:49:40,43.380514930874845
2026-02-19 07:50:10,41.623045451553885
2026-02-19 07:50:40,43.724833639475825
2026-02-19 07:51:10,37.814218391497775
2026-02-19 07:51:40,58.07072192223032
2026-02-19 07:52:10,46.558339899999986
2026-02-19 07:52:40,49.48042702319607
2026-02-19 07:53:10,54.27919523192202
2026-02-19 07:53:40,48.210693604573265
2026-02-19 07:54:10,53.69257223107763
2026-02-19 07:54:40,55.523772542654335
2026-02-19 07:55:10,48.209424715996796
2026-02-19 07:55:40,62.72608926660054
2026-02-19 07:56:10,65.7966720607422
2026-02-19 07:56:40,45.828978693802966
2026-02-19 07:57:10,38.83179478406082
2026-02-19 07:57:40,44.757702848898944
2026-02-19 07:58:10,38.312843222821115
2026-02-19 07:58:40,36.964797895810186
2026-02-19 07:59:10,34.76056137054561
2026-02-19 07:59:40,40.4154388461231
2026-02-19 08:00:10,35.724957244456675
2026-02-19 08:00:40,38.65805746089648
2026-02-19 08:01:10,34.44994421703156
2026-02-19 08:01:40,37.346716024624996
2026-02-19 08:02:10,40.623031087020394
2026-02-19 08:02:40,39.24208095199722
2026-02-19 08:03:10,34.38105479967194
2026-02-19 08:03:40,38.48373845168086
2026-02-19 08:04:10,36.312675611983
2026-02-19 08:04:40,43.48344952343486
2026-02-19 08:05:10,36.690876396369404
2026-02-19 08:05:40,39.03688009424119
2026-02-19 08:06:10,33.41542339477523
2026-02-19 08:06:40,44.55264452999668
2026-02-19 08:07:10,44.48461129329588
2026-02-19 08:07:40,43.72596086494716
2026-02-19 08:08:10,34.553355651165305
2026-02-19 08:08:40,41.13954590824905
2026-02-19 08:09:10,34.794356800612306
2026-02-19 08:09:40,43.31186456107924
2026-02-19 08:10:10,39.06998104694986
2026-02-19 08:10:40,42.796925474724695
2026-02-19 08:11:10,70.80995121211133
2026-02-19 08:11:40,41.31009633404302
2026-02-19 08:12:10,42.27535205055533
2026-02-19 08:12:40,41.210277367740936
2026-02-19 08:13:10,37.173890736082846
2026-02-19 08:13:40,41.99998221809202
2026-02-19 08:14:10,40.895917988966474
2026-02-19 08:14:40,43.655677781991976
2026-02-19 08:15:10,38.861872814424764
2026-02-19 08:15:40,44.62212734680512
2026-02-19 08:16:10,37.35571431855734
2026-02-19 08:16:40,42.47159512130292
2026-02-19 08:17:10,46.65403219799508
2026-02-19 08:17:40,44.82885142761278
2026-02-19 08:18:10,43.13814864008466
2026-02-19 08:18:40,44.41396794296667
2026-02-19 08:19:10,42.207887089140485
2026-02-19 08:19:40,55.34737232728898
2026-02-19 08:20:10,41.586740847553926
2026-02-19 08:20:40,52.93083235425791
2026-02-19 08:21:10,42.6564733634212
2026-02-19 08:21:40,119.96866731096996
2026-02-19 08:22:10,51.896133233427044
2026-02-19 08:22:40,52.34562667825866
2026-02-19 08:23:10,58.79428787281971
2026-02-19 08:23:40,49.86379202965058
2026-02-19 08:24:10,60.31608542596029
2026-02-19 08:24:40,54.37846263557054
2026-02-19 08:25:10,46.587011942887855
2026-02-19 08:25:40,59.7258562415497
2026-02-19 08:26:10,45.51648399503753
2026-02-19 08:26:40,50.34802165305917
2026-02-19 08:27:10,39.10195013718823
2026-02-19 08:27:40,35.243763754674525
2026-02-19 08:28:10,40.172171254498416
2026-02-19 08:28:40,42.24112367112114
2026-02-19 08:29:10,34.96683242552411
2026-02-19 08:29:40,37.72647461451591
2026-02-19 08:30:10,34.51851147774867
2026-02-19 08:30:40,44.68944712382743
2026-02-19 08:31:10,39.72333539509181
2026-02-19 08:31:40,41.29874693708698
2026-02-19 08:32:10,37.79283949616533
2026-02-19 08:32:40,37.79269208807238
2026-02-19 08:33:10,43.51660765209691
2026-02-19 08:33:40,40.103186728198466
2026-02-19 08:34:10,35.28113045739841
2026-02-19 08:34:40,38.787199493068016
2026-02-19 08:35:10,37.862196247203464
2026-02-19 08:35:40,37.27429499060182
2026-02-19 08:36:10,32.8982594419156
2026-02-19 08:36:40,41.06824973889457
2026-02-19 08:37:10,33.06811894239082
2026-02-19 08:37:40,44.62143660807891
2026-02-19 08:38:10,42.96463983253713
2026-02-19 08:38:40,36.48183955910134
2026-02-19 08:39:10,33.79429259888455
2026-02-19 08:39:40,46.3791653910289
2026-02-19 08:40:10,37.275034525891314
2026-02-19 08:40:40,41.37891444286353
2026-02-19 08:41:10,37.826608882851474
2026-02-19 08:41:40,41.449217724805095
2026-02-19 08:42:10,35.2070344875128
2026-02-19 08:42:40,41.965607618516124
2026-02-19 08:43:10,41.65516888625916
2026-02-19 08:43:40,41.48277177625308
2026-02-19 08:44:10,84.89770872389134
2026-02-19 08:44:40,45.24160527057416
2026-02-19 08:45:10,39.620375775799836
2026-02-19 08:45:40,44.4826611677385
2026-02-19 08:46:10,41.92975034154382
2026-02-19 08:46:40,38.930655302508136
2026-02-19 08:47:10,40.06740082905412
2026-02-19 08:47:40,39.65561001205475
2026-02-19 08:48:10,42.44760536389033
2026-02-19 08:48:40,42.41380621382355
2026-02-19 08:49:10,41.72581345037841
2026-02-19 08:49:40,48.82436171747418
2026-02-19 08:50:10,42.03346153219696
2026-02-19 08:50:40,44.069506558490815
2026-02-19 08:51:10,37.76002624347519
2026-02-19 08:51:40,51.409722289553216
2026-02-19 08:52:10,44.44899527955234
2026-02-19 08:52:40,45.27677770971196
2026-02-19 08:53:10,48.13914154939113
2026-02-19 08:53:40,54.83123570501092
2026-02-19 08:54:10,60.31161600881935
2026-02-19 08:54:40,49.96329619827996
2026-02-19 08:55:10,48.17335084481516
2026-02-19 08:55:40,52.17381346759512
2026-02-19 08:56:10,50.55418922372053
2026-02-19 08:56:40,55.663468579400984
2026-02-19 08:57:10,50.47603301586506
2026-02-19 08:57:40,52.760071463619454
2026-02-19 08:58:10,34.55337464669135
2026-02-19 08:58:40,41.10397861757359
2026-02-19 08:59:10,34.276162920946504
2026-02-19 08:59:40,41.86672708913336
2026-02-19 09:00:10,45.48170517306756
2026-02-19 09:00:40,40.897432848457754
2026-02-19 09:01:10,39.828463769735315
2026-02-19 09:01:40,41.519485273740244
2026-02-19 09:02:10,33.449126078604266
2026-02-19 09:02:40,39.62087041453181
2026-02-19 09:03:10,38.00122838267628
2026-02-19 09:03:40,42.206663521178896
2026-02-19 09:04:10,38.10349109385682
2026-02-19 09:04:40,40.0352842131283
2026-02-19 09:05:10,34.96731761270592
2026-02-19 09:05:40,35.65642339981637
2026-02-19 09:06:10,35.44872653536474
2026-02-19 09:06:40,35.93277896081251
2026-02-19 09:07:10,37.34607498245687
2026-02-19 09:07:40,40.242639780644446
2026-02-19 09:08:10,36.138994257609646
2026-02-19 09:08:40,42.9666683350726
2026-02-19 09:09:10,36.242348478701395
2026-02-19 09:09:40,39.75882523809929
2026-02-19 09:10:10,38.38013092649979
2026-02-19 09:10:40,41.03634614601932
2026-02-19 09:11:10,47.55150541137473
2026-02-19 09:11:40,42.51728898577344
2026-02-19 09:12:10,39.544988010258564
2026-02-19 09:12:40,39.930728944972046
2026-02-19 09:13:10,45.379426904098096
2026-02-19 09:13:40,39.17230324732083
2026-02-19 09:14:10,39.75811893017392
2026-02-19 09:14:40,46.585780050228195
2026-02-19 09:15:10,44.69008685674253
2026-02-19 09:15:40,43.48260524781454
2026-02-19 09:16:10,40.069176008489656
2026-02-19 09:16:40,41.517074942063815
2026-02-19 09:17:10,35.518093965190076
2026-02-19 09:17:40,42.24128900717579
2026-02-19 09:18:10,40.276363913077745
2026-02-19 09:18:40,46.27739847128763
2026-02-19 09:19:10,42.68960530615835
2026-02-19 09:19:40,42.586336543156655
2026-02-19 09:20:10,41.4129905151895
2026-02-19 09:20:40,50.552343677686515
2026-02-19 09:21:10,40.827978615443925
2026-02-19 09:21:40,46.03445900430566
2026-02-19 09:22:10,52.138060696096744
2026-02-19 09:22:40,46.61908928278271
2026-02-19 09:23:10,45.58584070072384
2026-02-19 09:23:40,51.51832119474763
2026-02-19 09:24:10,50.000447140189166
2026-02-19 09:24:40,54.27574083537512
2026-02-19 09:25:10,52.622557773302646
2026-02-19 09:25:40,53.932715932516885
2026-02-19 09:26:10,51.102853766040745
2026-02-19 09:26:40,53.068604059943404
2026-02-19 09:27:10,48.068740822870694
2026-02-19 09:27:40,59.03512252925629
2026-02-19 09:28:10,49.655101082372646
2026-02-19 09:28:40,37.03586929911777
2026-02-19 09:29:10,39.136310430884826
2026-02-19 09:29:40,39.82666121996607
2026-02-19 09:30:10,35.96601443972772
2026-02-19 09:30:40,37.55216178425032
2026-02-19 09:31:10,35.48263857898946
2026-02-19 09:31:40,38.1725790979986
2026-02-19 09:32:10,36.86249943220341
2026-02-19 09:32:40,37.03585738267808
2026-02-19 09:33:10,35.30608090306304
2026-02-19 09:33:40,37.55299887638277
2026-02-19 09:34:10,39.79504773329571
2026-02-19 09:34:40,39.31150183833198
2026-02-19 09:35:10,37.622360436479994
2026-02-19 09:35:40,37.89712371483139
2026-02-19 09:36:10,39.44937106216246
2026-02-19 09:36:40,50.69072775456577
2026-02-19 09:37:10,40.41553755763555
2026-02-19 09:37:40,37.72402618983946
2026-02-19 09:38:10,36.27782182551794
2026-02-19 09:38:40,42.586728946371544
2026-02-19 09:39:10,41.17294418107107
2026-02-19 09:39:40,39.75895963307708
2026-02-19 09:40:10,36.72442339095707
2026-02-19 09:40:40,41.06898336582331
2026-02-19 09:41:10,37.55305009953657
2026-02-19 09:41:40,48.311720716111076
2026-02-19 09:42:10,36.586939431631585
2026-02-19 09:42:40,37.48420221928354
2026-02-19 09:43:10,36.967645921724525
2026-02-19 09:43:40,41.72543062484284
2026-02-19 09:44:10,43.482965601620606
2026-02-19 09:44:40,42.96607850227445
2026-02-19 09:45:10,35.380117775352836
2026-02-19 09:45:40,47.00123904899869
2026-02-19 09:46:10,39.93180269581163
2026-02-19 09:46:40,39.518199801881806
2026-02-19 09:47:10,43.55331876170288
2026-02-19 09:47:40,40.346317667623616
2026-02-19 09:48:10,39.93222360884467
2026-02-19 09:48:40,40.51726397724465
2026-02-19 09:49:10,55.38044000730109
2026-02-19 09:49:40,49.69164935721967
2026-02-19 09:50:10,42.86238771397299
2026-02-19 09:50:40,53.415554177418876
2026-02-19 09:51:10,42.51917371089902
2026-02-19 09:51:40,56.931216430481925
2026-02-19 09:52:10,44.93219388786348
2026-02-19 09:52:40,48.13897631018359
2026-02-19 09:53:10,55.34663149367376
2026-02-19 09:53:40,44.42798546936528
2026-02-19 09:54:10,50.96456009187936
2026-02-19 09:54:40,59.10233420611319
2026-02-19 09:55:10,44.86177410898203
2026-02-19 09:55:40,58.65324741296494
2026-02-19 09:56:10,55.37860651744755
2026-02-19 09:56:40,55.06855295670078
2026-02-19 09:57:10,52.44851728127416
2026-02-19 09:57:40,48.93020930312766
2026-02-19 09:58:10,105.8995590731632
2026-02-19 09:58:40,52.20728543929678
2026-02-19 09:59:10,34.27500359678617
2026-02-19 09:59:40,40.24107135835738
2026-02-19 10:00:10,44.89801095993947
2026-02-19 10:00:40,40.206608825946844
2026-02-19 10:01:10,38.30967661076522
2026-02-19 10:01:40,43.37812847898195
2026-02-19 10:02:10,33.44839478428908
2026-02-19 10:02:40,37.033903732376025
2026-02-19 10:03:10,33.06892630386538
2026-02-19 10:03:40,38.274851442776516
2026-02-19 10:04:10,32.55167659723659
2026-02-19 10:04:40,42.861290189795135
2026-02-19 10:05:10,37.137938183445264
2026-02-19 10:05:40,43.6549287129884
2026-02-19 10:06:10,33.48292391516856
2026-02-19 10:06:40,40.826125004581485
2026-02-19 10:07:10,35.27664094227165
2026-02-19 10:07:40,40.79067916546575
2026-02-19 10:08:10,36.4482009908981
2026-02-19 10:08:40,37.20575512000726
2026-02-19 10:09:10,35.44855532916438
2026-02-19 10:09:40,43.99967779519531
2026-02-19 10:10:10,35.311767026700885
2026-02-19 10:10:40,41.06664706308415
2026-02-19 10:11:10,36.379412655212846
2026-02-19 10:11:40,40.44783238472218
2026-02-19 10:12:10,36.44853511164643
2026-02-19 10:12:40,46.828906143021804
2026-02-19 10:13:10,36.310588734330985
2026-02-19 10:13:40,44.86225567686114
2026-02-19 10:14:10,36.30942816346349
2026-02-19 10:14:40,42.673181797534255
2026-02-19 10:15:10,36.27603213214988
2026-02-19 10:15:40,43.275893023737986
2026-02-19 10:16:10,38.34342219508279
2026-02-19 10:16:40,47.309002449499474
2026-02-19 10:17:10,38.06830918725473
2026-02-19 10:17:40,42.65292880416711
2026-02-19 10:18:10,39.54963988932236
2026-02-19 10:18:40,43.205957239242295
2026-02-19 10:19:10,35.55174200086166
2026-02-19 10:19:40,49.89567541666465
2026-02-19 10:20:10,42.72397626930105
2026-02-19 10:20:40,45.653373494719425
2026-02-19 10:21:10,39.691830103866096
2026-02-19 10:21:40,48.236403649243954
2026-02-19 10:22:10,47.6895494119067
2026-02-19 10:22:40,45.89586806515225
2026-02-19 10:23:10,43.689522028124664
2026-02-19 10:23:40,47.72319860551552
2026-02-19 10:24:10,58.27452325868138
2026-02-19 10:24:40,61.48884010355602
2026-02-19 10:25:10,57.09600345081902
2026-02-19 10:25:40,62.514906363087356
2026-02-19 10:26:10,44.96498820349159
2026-02-19 10:26:40,76.96406188970202
2026-02-19 10:27:10,46.895543459591025
2026-02-19 10:27:40,55.44768375693844
2026-02-19 10:28:10,57.03437461326919
2026-02-19 10:28:40,53.137996496657045
2026-02-19 10:29:10,49.688573218989674
2026-02-19 10:29:40,48.377410323501614
2026-02-19 10:30:10,32.17372807694727
2026-02-19 10:30:40,36.48161004264215
2026-02-19 10:31:10,33.55124976706462
2026-02-19 10:31:40,36.51708443962238
2026-02-19 10:32:10,34.758083299188904
2026-02-19 10:32:40,48.51653750034375
2026-02-19 10:33:10,33.24187522166175
2026-02-19 10:33:40,38.344384097625856
2026-02-19 10:34:10,35.24022365696442
2026-02-19 10:34:40,40.27513442756773
2026-02-19 10:35:10,36.889075726831685
2026-02-19 10:35:40,43.48326994030004
2026-02-19 10:36:10,34.55247804444641
2026-02-19 10:36:40,39.38051254717554
2026-02-19 10:37:10,34.48184908117876
2026-02-19 10:37:40,49.93105951613146
2026-02-19 10:38:10,37.93159812735238
2026-02-19 10:38:40,36.93028899073102
2026-02-19 10:39:10,34.06978007524574
2026-02-19 10:39:40,38.862418576323385
2026-02-19 10:40:10,32.27881129021802
2026-02-19 10:40:40,43.03251141005644
2026-02-19 10:41:10,38.96530325679647
2026-02-19 10:41:40,38.89686924503057
2026-02-19 10:42:10,34.44897863319731
2026-02-19 10:42:40,45.449098771170014
2026-02-19 10:43:10,35.17374680425953
2026-02-19 10:43:40,37.55447995918059
2026-02-19 10:44:10,35.48208683074166
2026-02-19 10:44:40,40.65715470832133
2026-02-19 10:45:10,39.518576966505236
2026-02-19 10:45:40,42.1724852274408
2026-02-19 10:46:10,34.550720605352836
2026-02-19 10:46:40,41.72405353450363
2026-02-19 10:47:10,40.58596912501235
2026-02-19 10:47:40,40.72389185644838
2026-02-19 10:48:10,38.517218824262336
2026-02-19 10:48:40,41.89765880639193
2026-02-19 10:49:10,37.55254235575591
2026-02-19 10:49:40,38.58606426560902
2026-02-19 10:50:10,34.03498693772353
2026-02-19 10:50:40,42.07017135832473
2026-02-19 10:51:10,37.20663621062468
2026-02-19 10:51:40,41.20736039223262
2026-02-19 10:52:10,51.10366713034583
2026-02-19 10:52:40,46.31026875648714
2026-02-19 10:53:10,40.31171944327532
2026-02-19 10:53:40,50.9988990223419
2026-02-19 10:54:10,44.621736086354474
2026-02-19 10:54:40,43.72535918328748
2026-02-19 10:55:10,44.62003691528494
2026-02-19 10:55:40,47.940354783804736
2026-02-19 10:56:10,43.44785495371205
2026-02-19 10:56:40,49.309557696582644
2026-02-19 10:57:10,46.586688503629254
2026-02-19 10:57:40,52.929990533844595
2026-02-19 10:58:10,42.82900254637866
2026-02-19 10:58:40,49.619015565207484
2026-02-19 10:59:10,49.72450302501485
2026-02-19 10:59:40,54.30898703472246
2026-02-19 11:00:10,59.413285406249535
2026-02-19 11:00:40,54.929871637045544
2026-02-19 11:01:10,48.37933415006837
2026-02-19 11:01:40,60.204615157438425
2026-02-19 11:02:10,47.62115348804875
2026-02-19 11:02:40,38.793237856122296
2026-02-19 11:03:10,37.137280668703774
2026-02-19 11:03:40,37.06895962241043
2026-02-19 11:04:10,35.89662548345465
2026-02-19 11:04:40,39.06963990273001
2026-02-19 11:05:10,34.69037341736466
2026-02-19 11:05:40,42.58423200781989
2026-02-19 11:06:10,33.8630845311475
2026-02-19 11:06:40,38.82679909401231
2026-02-19 11:07:10,36.723686117678156
2026-02-19 11:07:40,42.72444712181521
2026-02-19 11:08:10,35.068720602810984
2026-02-19 11:08:40,38.82738652047808
2026-02-19 11:09:10,32.27574200578316
2026-02-19 11:09:40,40.72294535933995
2026-02-19 11:10:10,36.0006623629905
2026-02-19 11:10:40,40.82698934970724
2026-02-19 11:11:10,32.793177206936164
2026-02-19 11:11:40,39.58651726372196
2026-02-19 11:12:10,34.41283125215001
2026-02-19 11:12:40,45.10209522341332
2026-02-19 11:13:10,37.551332972853814
2026-02-19 11:13:40,43.41249829566106
2026-02-19 11:14:10,35.20671346205247
2026-02-19 11:14:40,46.10232705592499
2026-02-19 11:15:10,37.58611179941613
2026-02-19 11:15:40,46.759696917591285
2026-02-19 11:16:10,39.79146711360777
2026-02-19 11:16:40,49.774333175241445
2026-02-19 11:17:10,38.62258040724213
2026-02-19 11:17:40,44.55273135163807
2026-02-19 11:18:10,39.51791332112522
2026-02-19 11:18:40,43.61838308971186
2026-02-19 11:19:10,32.571797388745146
2026-02-19 11:19:40,43.5505113699595
2026-02-19 11:20:10,36.96508920906498
2026-02-19 11:20:40,45.72451965275685
2026-02-19 11:21:10,41.483193857891095
2026-02-19 11:21:40,43.17197028877635
2026-02-19 11:22:10,42.344937049650774
2026-02-19 11:22:40,56.6554935673603
2026-02-19 11:23:10,37.75791920258639
2026-02-19 11:23:40,45.24144472167829
2026-02-19 11:24:10,39.89652796137656
2026-02-19 11:24:40,48.34383714596328
2026-02-19 11:25:10,40.069947973147116
2026-02-19 11:25:40,58.449316357010375
2026-02-19 11:26:10,43.79358150715579
2026-02-19 11:26:40,53.34406308388717
2026-02-19 11:27:10,43.34490021005424
2026-02-19 11:27:40,55.137878834972184
2026-02-19 11:28:10,47.89650893181381
2026-02-19 11:28:40,55.72394418774488
2026-02-19 11:29:10,46.99969928144717
2026-02-19 11:29:40,58.44720576382573
2026-02-19 11:30:10,47.06880264688815
2026-02-19 11:30:40,59.929827646926014
2026-02-19 11:31:10,47.27555297797961
2026-02-19 11:31:40,48.7226909391457
2026-02-19 11:32:10,49.44835914256333
2026-02-19 11:32:40,44.79295848054705
2026-02-19 11:33:10,31.51785616397016
2026-02-19 11:33:40,43.30865527191985
2026-02-19 11:34:10,33.03436505436838
2026-02-19 11:34:40,41.24153511718356
2026-02-19 11:35:10,32.68988706018984
2026-02-19 11:35:40,38.724206919268596
2026-02-19 11:36:10,32.99972298515127
2026-02-19 11:36:40,38.240436470901955
2026-02-19 11:37:10,39.54928596751097
2026-02-19 11:37:40,40.205882336830875
2026-02-19 11:38:10,31.999241442122724
2026-02-19 11:38:40,45.13807375890759
2026-02-19 11:39:10,36.13698459780841
2026-02-19 11:39:40,38.207230791961265
2026-02-19 11:40:10,35.10308923563517
2026-02-19 11:40:40,39.585921574478384
2026-02-19 11:41:10,34.86074917987547
2026-02-19 11:41:40,39.34376343765011
2026-02-19 11:42:10,38.10165883811687
2026-02-19 11:42:40,38.413047626918676
2026-02-19 11:43:10,36.103388858091364
2026-02-19 11:43:40,42.79094784717113
2026-02-19 11:44:10,34.58508570736442
2026-02-19 11:44:40,40.377683820321444
2026-02-19 11:45:10,38.20668728426621
2026-02-19 11:45:40,81.58579789126087
2026-02-19 11:46:10,45.06881214576244
2026-02-19 11:46:40,47.44790378199189
2026-02-19 11:47:10,34.379136841364115
2026-02-19 11:47:40,43.13721644515647
2026-02-19 11:48:10,36.4492653966452
2026-02-19 11:48:40,46.48134493242391
2026-02-19 11:49:10,39.621393771713514
2026-02-19 11:49:40,43.62040787014283
2026-02-19 11:50:10,37.03272782646816
2026-02-19 11:50:40,46.48323546996581
2026-02-19 11:51:10,36.722979837466234
2026-02-19 11:51:40,44.72364927429896
2026-02-19 11:52:10,38.58529969145976
2026-02-19 11:52:40,44.03305482917368
2026-02-19 11:53:10,44.37827592767035
2026-02-19 11:53:40,51.93039840202399
2026-02-19 11:54:10,45.65516177748429
2026-02-19 11:54:40,53.446616071738895
2026-02-19 11:55:10,77.4815993520403
2026-02-19 11:55:40,45.958462461191225
2026-02-19 11:56:10,37.724869323451436
2026-02-19 11:56:40,87.99594913217406
2026-02-19 11:57:10,47.89593823789174
2026-02-19 11:57:40,49.42441333001296
2026-02-19 11:58:10,35.06701413737538
2026-02-19 11:58:40,58.82403717676852
2026-02-19 11:59:10,54.583682688782055
2026-02-19 11:59:40,59.487642531139976
2026-02-19 12:00:10,46.868916213599725
2026-02-19 12:00:40,48.518538594018416
2026-02-19 12:01:10,44.724215253553574
2026-02-19 12:01:40,50.48256246721581
2026-02-19 12:02:10,48.76021058925186
2026-02-19 12:02:40,55.585556511417934
2026-02-19 12:03:10,51.44709885323701
2026-02-19 12:03:40,39.654544637088826
2026-02-19 12:04:10,39.37866358267762
2026-02-19 12:04:40,42.8271581922981
2026-02-19 12:05:10,35.65548754582456
2026-02-19 12:05:40,37.48253633773576
2026-02-19 12:06:10,35.72409278379584
2026-02-19 12:06:40,38.862357975847786
2026-02-19 12:07:10,34.99869449702126
2026-02-19 12:07:40,36.30903219344208
2026-02-19 12:08:10,36.343142786293875
2026-02-19 12:08:40,63.99887131656461
2026-02-19 12:09:10,40.9601434748871
2026-02-19 12:09:40,38.483029747510514
2026-02-19 12:10:10,35.170518556717575
2026-02-19 12:10:40,38.51629138509158
2026-02-19 12:11:10,33.032718310136126
2026-02-19 12:11:40,43.171001332312045
2026-02-19 12:12:10,38.79231989540743
2026-02-19 12:12:40,40.03335916473945
2026-02-19 12:13:10,35.27580740415682
2026-02-19 12:13:40,37.723934685191
2026-02-19 12:14:10,45.58984929204398
2026-02-19 12:14:40,40.755068236926085
2026-02-19 12:15:10,39.482148676248016
2026-02-19 12:15:40,45.274835957888676
2026-02-19 12:16:10,39.89673846877978
2026-02-19 12:16:40,41.61949589175
2026-02-19 12:17:10,57.448737186556606
2026-02-19 12:17:40,75.34645231792167
2026-02-19 12:18:10,36.68878484259005
2026-02-19 12:18:40,40.06880149764032
2026-02-19 12:19:10,41.377746840411774
2026-02-19 12:19:40,39.82561724145275
2026-02-19 12:20:10,36.10322478978436
2026-02-19 12:20:40,43.65309648061124
2026-02-19 12:21:10,45.82597509176075
2026-02-19 12:21:40,40.24102024880074
2026-02-19 12:22:10,41.62056364738086
2026-02-19 12:22:40,41.99924023104531
2026-02-19 12:23:10,37.000533049055726
2026-02-19 12:23:40,39.89567069379424
2026-02-19 12:24:10,47.58437825256067
2026-02-19 12:24:40,44.69499471655844
2026-02-19 12:25:10,39.270224412745684
2026-02-19 12:25:40,50.86098950738711
2026-02-19 12:26:10,40.99894691298665
2026-02-19 12:26:40,48.79744986616666
2026-02-19 12:27:10,45.44261427347282
2026-02-19 12:27:40,47.31006791574903
2026-02-19 12:28:10,41.72458266005344
2026-02-19 12:28:40,48.54968857443268
2026-02-19 12:29:10,57.343266417192105
2026-02-19 12:29:40,48.65550777506581
2026-02-19 12:30:10,49.619738460368126
2026-02-19 12:30:40,51.72327351375125
2026-02-19 12:31:10,54.96629618152134
2026-02-19 12:31:40,56.99555571072552
2026-02-19 12:32:10,52.58496559735991
2026-02-19 12:32:40,84.51896929317478
2026-02-19 12:33:10,54.41173978656481
2026-02-19 12:33:40,51.06863384792442
2026-02-19 12:34:10,33.99938172397338
2026-02-19 12:34:40,38.756450816874136
2026-02-19 12:35:10,32.38114495553896
2026-02-19 12:35:40,46.27588116822861
2026-02-19 12:36:10,39.1712271757717
2026-02-19 12:36:40,39.31098100065631
2026-02-19 12:37:10,36.446303332271576
2026-02-19 12:37:40,40.99922241936474
2026-02-19 12:38:10,38.10535569479313
2026-02-19 12:38:40,36.860978651723784
2026-02-19 12:39:10,36.27380752953183
2026-02-19 12:39:40,41.138591020335284
2026-02-19 12:40:10,36.411869391673044
2026-02-19 12:40:40,43.586523222028525
2026-02-19 12:41:10,39.68792167721602
2026-02-19 12:41:40,41.2757218174596
2026-02-19 12:42:10,33.757179695175196
2026-02-19 12:42:40,43.65257332795807
2026-02-19 12:43:10,36.13790132982398
2026-02-19 12:43:40,40.102233154859086
2026-02-19 12:44:10,32.826713474761256
2026-02-19 12:44:40,36.68892392533702
2026-02-19 12:45:10,39.51593704821617
2026-02-19 12:45:40,40.516090445685926
2026-02-19 12:46:10,35.51729134298025
2026-02-19 12:46:40,44.0663509385702
2026-02-19 12:47:10,35.7936742295345
2026-02-19 12:47:40,36.791739692431
2026-02-19 12:48:10,37.62198463656325
2026-02-19 12:48:40,40.7910084952913
2026-02-19 12:49:10,32.86084072110089
2026-02-19 12:49:40,46.690840728899495
2026-02-19 12:50:10,34.101034667659405
2026-02-19 12:50:40,45.930153424617956
2026-02-19 12:51:10,37.722788422026845
2026-02-19 12:51:40,40.79345305621528
2026-02-19 12:52:10,38.61872901663546
2026-02-19 12:52:40,39.99994534150329
2026-02-19 12:53:10,38.89641379785787
2026-02-19 12:53:40,42.65397510389623
2026-02-19 12:54:10,43.51651609061671
2026-02-19 12:54:40,48.20590145322804
2026-02-19 12:55:10,35.48009772231206
2026-02-19 12:55:40,45.62212613580576
2026-02-19 12:56:10,95.43914123582378
2026-02-19 12:56:40,49.62103808466929
2026-02-19 12:57:10,47.378281899420266
2026-02-19 12:57:40,52.41390727475452
2026-02-19 12:58:10,42.34447684213987
2026-02-19 12:58:40,63.82499060424188
2026-02-19 12:59:10,43.23281104807544
2026-02-19 12:59:40,54.844066819262935
2026-02-19 13:00:10,68.10474678617642
2026-02-19 13:00:40,54.13704049394843
2026-02-19 13:01:10,43.20548404263642
2026-02-19 13:01:40,52.03286455093921
2026-02-19 13:02:10,51.10343877543366
2026-02-19 13:02:40,49.30890971474189
2026-02-19 13:03:10,48.06904875944023
2026-02-19 13:03:40,49.86129139800408
2026-02-19 13:04:10,55.03202393471297
2026-02-19 13:04:40,62.96324162776492
2026-02-19 13:05:10,55.55109401886209
2026-02-19 13:05:40,45.653896642294136
2026-02-19 13:06:10,36.964299731675844
2026-02-19 13:06:40,42.34384665131461
2026-02-19 13:07:10,35.62098932092347
2026-02-19 13:07:40,41.44569817580287
2026-02-19 13:08:10,34.44751253089297
2026-02-19 13:08:40,40.929786026319235
2026-02-19 13:09:10,35.413871607032064
2026-02-19 13:09:40,41.275610036493624
2026-02-19 13:10:10,35.7227290345105
2026-02-19 13:10:40,41.619757516582176
2026-02-19 13:11:10,36.86212847267175
2026-02-19 13:11:40,37.82662078911973
2026-02-19 13:12:10,34.06821054052152
2026-02-19 13:12:40,36.585579132069725
2026-02-19 13:13:10,34.20637101496479
2026-02-19 13:13:40,36.930074987037024
2026-02-19 13:14:10,36.27558389864327
2026-02-19 13:14:40,40.067547047145986
2026-02-19 13:15:10,37.45393706941289
2026-02-19 13:15:40,42.0344209971742
2026-02-19 13:16:10,45.13774912841883
2026-02-19 13:16:40,38.965715844969964
2026-02-19 13:17:10,39.1028989954461
2026-02-19 13:17:40,42.6552212221512
2026-02-19 13:18:10,34.55121880458258
2026-02-19 13:18:40,117.96833666871511
2026-02-19 13:19:10,39.10387043614287
2026-02-19 13:19:40,44.136910885724255
2026-02-19 13:20:10,35.72426279490734
2026-02-19 13:20:40,47.72344950399895
2026-02-19 13:21:10,43.17186330702255
2026-02-19 13:21:40,44.41381812747468
2026-02-19 13:22:10,39.44770871085083
2026-02-19 13:22:40,45.3103793353967
2026-02-19 13:23:10,39.99934490347888
2026-02-19 13:23:40,44.448237903887616
2026-02-19 13:24:10,33.344945341547366
2026-02-19 13:24:40,42.034815737504005
2026-02-19 13:25:10,37.5860571095944
2026-02-19 13:25:40,39.448372261551306
2026-02-19 13:26:10,47.31134726134687
2026-02-19 13:26:40,47.96457435889516
2026-02-19 13:27:10,42.51622358358051
2026-02-19 13:27:40,49.139808710289294
2026-02-19 13:28:10,44.23938180145949
2026-02-19 13:28:40,41.69001310693202
2026-02-19 13:29:10,48.65614157903504
2026-02-19 13:29:40,45.793968006856325
2026-02-19 13:30:10,43.03225936100917
2026-02-19 13:30:40,40.75897625171753
2026-02-19 13:31:10,48.75841737754579
2026-02-19 13:31:40,53.13948994674356
2026-02-19 13:32:10,53.274065507681165
2026-02-19 13:32:40,53.447286601417495
2026-02-19 13:33:10,42.207167678625964
2026-02-19 13:33:40,53.799248093627604
2026-02-19 13:34:10,59.98957207215181
2026-02-19 13:34:40,56.871049002116536
2026-02-19 13:35:10,51.82839488032053
2026-02-19 13:35:40,58.86355418562212
2026-02-19 13:36:10,44.13666133664027
2026-02-19 13:36:40,33.585605296317816
2026-02-19 13:37:10,35.99991323748154
2026-02-19 13:37:40,35.96538764241848
2026-02-19 13:38:10,32.069200982736675
2026-02-19 13:38:40,32.69002263557305
2026-02-19 13:39:10,33.447980995775026
2026-02-19 13:39:40,35.51897512461167
2026-02-19 13:40:10,33.79190969478205
2026-02-19 13:40:40,36.89621286428362
2026-02-19 13:41:10,32.27601548563032
2026-02-19 13:41:40,37.24169326221154
2026-02-19 13:42:10,48.17214747303933
2026-02-19 13:42:40,39.65516648460214
2026-02-19 13:43:10,35.654637414649486
2026-02-19 13:43:40,39.37909756640271
2026-02-19 13:44:10,34.20687040165357
2026-02-19 13:44:40,35.82761238935388
2026-02-19 13:45:10,34.72403926593844
2026-02-19 13:45:40,40.3105755368377
2026-02-19 13:46:10,31.138020235720248
2026-02-19 13:46:40,40.103834733896484
2026-02-19 13:47:10,37.89567782397316
2026-02-19 13:47:40,42.207014317478176
2026-02-19 13:48:10,35.24256368207481
2026-02-19 13:48:40,40.13808330435699
2026-02-19 13:49:10,37.413280635979376
2026-02-19 13:49:40,40.035555366113044
2026-02-19 13:50:10,39.246042192989464
2026-02-19 13:50:40,37.17355059158454
2026-02-19 13:51:10,36.72382882881527
2026-02-19 13:51:40,41.62015579674629
2026-02-19 13:52:10,38.414020221861364
2026-02-19 13:52:40,43.620126105376485
2026-02-19 13:53:10,29.206967909141113
2026-02-19 13:53:40,44.103933477718996
2026-02-19 13:54:10,39.96565997137914
2026-02-19 13:54:40,47.829960898324565
2026-02-19 13:55:10,43.62140788560433
2026-02-19 13:55:40,46.103621908483944
2026-02-19 13:56:10,37.55186091045105
2026-02-19 13:56:40,49.79266351100559
2026-02-19 13:57:10,48.72457687329412
2026-02-19 13:57:40,50.413372221738825
2026-02-19 13:58:10,38.62067542055565
2026-02-19 13:58:40,47.1392830682335
2026-02-19 13:59:10,35.51749114503014
2026-02-19 13:59:40,43.7591403488106
2026-02-19 14:00:10,38.41444951060081
2026-02-19 14:00:40,44.793082085286365
2026-02-19 14:01:10,38.896556513838114
2026-02-19 14:01:40,45.65543284394795
2026-02-19 14:02:10,48.13914035085645
2026-02-19 14:02:40,49.690897815373205
2026-02-19 14:03:10,51.65497983114812
2026-02-19 14:03:40,55.65474798806432
2026-02-19 14:04:10,53.412607669968835
2026-02-19 14:04:40,63.2065351519152
2026-02-19 14:05:10,43.44801908680225
2026-02-19 14:05:40,55.7243258401743
2026-02-19 14:06:10,42.689964338842024
2026-02-19 14:06:40,59.275380575787665
2026-02-19 14:07:10,42.69145074419652
2026-02-19 14:07:40,46.89627826897592
2026-02-19 14:08:10,51.38027118152103
2026-02-19 14:08:40,44.069022609042676
2026-02-19 14:09:10,32.72792537439556
2026-02-19 14:09:40,42.738169126311035
2026-02-19 14:10:10,33.85978853062907
2026-02-19 14:10:40,43.89578123941349
2026-02-19 14:11:10,32.48248516494679
2026-02-19 14:11:40,39.89657434765732
2026-02-19 14:12:10,33.20572779280778
2026-02-19 14:12:40,43.82735436791161
2026-02-19 14:13:10,32.8964994218664
2026-02-19 14:13:40,38.930908519249286
2026-02-19 14:14:10,34.86133300007763
2026-02-19 14:14:40,42.791893052110254
2026-02-19 14:15:10,33.1731308299239
2026-02-19 14:15:40,42.241271142359906
2026-02-19 14:16:10,33.00077530026058
2026-02-19 14:16:40,42.34473367792994
2026-02-19 14:17:10,32.4476468983939
2026-02-19 14:17:40,44.61998942730035
2026-02-19 14:18:10,39.44688238754559
2026-02-19 14:18:40,39.275157037223416
2026-02-19 14:19:10,33.79301906995076
2026-02-19 14:19:40,40.585825226249014
2026-02-19 14:20:10,33.930750332650874
2026-02-19 14:20:40,41.44730681106115
2026-02-19 14:21:10,34.58685976215132
2026-02-19 14:21:40,45.20477063519492
2026-02-19 14:22:10,33.104646902378725
2026-02-19 14:22:40,46.79099653950083
2026-02-19 14:23:10,41.24000244486761
2026-02-19 14:23:40,39.41464691968043
2026-02-19 14:24:10,38.31037219586667
2026-02-19 14:24:40,39.93057437045212
2026-02-19 14:25:10,40.13731993636032
2026-02-19 14:25:40,38.13750418741751
2026-02-19 14:26:10,35.27516531231059
2026-02-19 14:26:40,37.86336033900861
2026-02-19 14:27:10,36.30837348262883
2026-02-19 14:27:40,45.65590494616584
2026-02-19 14:28:10,42.34581217237412
2026-02-19 14:28:40,49.549291466472255
2026-02-19 14:29:10,47.864119018089646
2026-02-19 14:29:40,59.17024387579792
2026-02-19 14:30:10,38.39613300663222
2026-02-19 14:30:40,49.030792223433764
2026-02-19 14:31:10,40.067922764726646
2026-02-19 14:31:40,43.34686219161119
2026-02-19 14:32:10,46.756717125867084
2026-02-19 14:32:40,64.48453040149674
2026-02-19 14:33:10,45.549742155165674
2026-02-19 14:33:40,51.5166778605029
2026-02-19 14:34:10,48.4484674585682
2026-02-19 14:34:40,53.99840791705124
2026-02-19 14:35:10,54.48723344367809
2026-02-19 14:35:40,49.134109701892044
2026-02-19 14:36:10,104.82345323587332
2026-02-19 14:36:40,107.76206211530422
2026-02-19 14:37:10,55.448548166346335
2026-02-19 14:37:40,52.551059494403596
2026-02-19 14:38:10,37.34505351797787
2026-02-19 14:38:40,50.24090385163359
2026-02-19 14:39:10,34.30929849432127
2026-02-19 14:39:40,40.55208234397602
2026-02-19 14:40:10,31.791991753856024
2026-02-19 14:40:40,39.414044022348826
2026-02-19 14:41:10,31.172040440931998
2026-02-19 14:41:40,38.10295367673621
2026-02-19 14:42:10,37.07082414233052
2026-02-19 14:42:40,39.308927545364426
2026-02-19 14:43:10,41.41873786248722
2026-02-19 14:43:40,38.16692470032103
2026-02-19 14:44:10,35.72367188954195
2026-02-19 14:44:40,46.9654173796363
2026-02-19 14:45:10,29.34412250649939
2026-02-19 14:45:40,37.89654582512568
2026-02-19 14:46:10,33.58608921296572
2026-02-19 14:46:40,39.82634966312492
2026-02-19 14:47:10,38.72365875611827
2026-02-19 14:47:40,38.93105591766848
2026-02-19 14:48:10,41.826706361884995
2026-02-19 14:48:40,39.206910848903796
2026-02-19 14:49:10,33.17229017294891
2026-02-19 14:49:40,41.06813561179023
2026-02-19 14:50:10,37.64662147516047
2026-02-19 14:50:40,38.44571602232551
2026-02-19 14:51:10,36.103070203861684
2026-02-19 14:51:40,39.75756723071613
2026-02-19 14:52:10,37.06913558402952
2026-02-19 14:52:40,37.620303239208376
2026-02-19 14:53:10,41.44785379986747
2026-02-19 14:53:40,51.207268756613274
2026-02-19 14:54:10,34.895682550782816
2026-02-19 14:54:40,45.24166945114283
2026-02-19 14:55:10,37.13779075763405
2026-02-19 14:55:40,43.85948056265536
2026-02-19 14:56:10,39.62124853294744
2026-02-19 14:56:40,42.619495905934016
2026-02-19 14:57:10,38.75751496714862
2026-02-19 14:57:40,48.37876817966652
2026-02-19 14:58:10,41.20888481562758
2026-02-19 14:58:40,50.168380836820766
2026-02-19 14:59:10,50.827882320677496
2026-02-19 14:59:40,124.58384565327638
2026-02-19 15:00:10,106.58142728669586
2026-02-19 15:00:40,56.58659342822209
2026-02-19 15:01:10,57.44686580235676
2026-02-19 15:01:40,48.00043403907654
2026-02-19 15:02:10,47.72363263786813
2026-02-19 15:02:40,46.791712322351415
2026-02-19 15:03:10,48.51610114661678
2026-02-19 15:03:40,57.37863023985873
2026-02-19 15:04:10,48.7584542445374
2026-02-19 15:04:40,52.20597269986265
2026-02-19 15:05:10,50.58586684160799
2026-02-19 15:05:40,56.13550787673501
2026-02-19 15:06:10,55.896482773958645
2026-02-19 15:06:40,51.5167004051412
2026-02-19 15:07:10,62.65290976755357
2026-02-19 15:07:40,53.17207857270775
2026-02-19 15:08:10,45.86096559849944
2026-02-19 15:08:40,41.72387161359502
2026-02-19 15:09:10,37.65349355011921
2026-02-19 15:09:40,37.72398812718928
2026-02-19 15:10:10,35.82541753149293
2026-02-19 15:10:40,38.51606427487349
2026-02-19 15:11:10,37.0006040775783
2026-02-19 15:11:40,41.10375751601543
2026-02-19 15:12:10,34.34454939718477
2026-02-19 15:12:40,38.2465298330977
2026-02-19 15:13:10,33.4773683198264
2026-02-19 15:13:40,43.65559694267986
2026-02-19 15:14:10,40.65417843994671
2026-02-19 15:14:40,41.17229133457645
2026-02-19 15:15:10,34.275266389560855
2026-02-19 15:15:40,41.03603098233163
2026-02-19 15:16:10,37.758404329741325
2026-02-19 15:16:40,40.92739629247591
2026-02-19 15:17:10,37.58695962479736
2026-02-19 15:17:40,41.377378238006855
2026-02-19 15:18:10,34.96479317007555
2026-02-19 15:18:40,45.34272669066889
2026-02-19 15:19:10,39.82784664246371
2026-02-19 15:19:40,47.482556527944354
2026-02-19 15:20:10,35.379854976750835
2026-02-19 15:20:40,42.136641030826055
2026-02-19 15:21:10,38.415446013789
2026-02-19 15:21:40,47.61577588727741
2026-02-19 15:22:10,39.00023665902748
2026-02-19 15:22:40,43.172725424089826
2026-02-19 15:23:10,38.930022661154396
2026-02-19 15:23:40,62.551248558445906
2026-02-19 15:24:10,37.517186689981145
2026-02-19 15:24:40,43.58525688724166
2026-02-19 15:25:10,35.20652678088609
2026-02-19 15:25:40,39.55156602029594
2026-02-19 15:26:10,27.999017901266303
2026-02-19 15:26:40,42.62050298925688
2026-02-19 15:27:10,36.93075745372802
2026-02-19 15:27:40,37.37851015059835
2026-02-19 15:28:10,38.96558858747867
2026-02-19 15:28:40,49.27434846040838
2026-02-19 15:29:10,45.75820813510029
2026-02-19 15:29:40,45.068914389398145
2026-02-19 15:30:10,44.03471585148828
2026-02-19 15:30:40,51.57335340238668
2026-02-19 15:31:10,42.793355537825796
2026-02-19 15:31:40,50.82931397544144
2026-02-19 15:32:10,38.44823903066799
2026-02-19 15:32:40,49.241129616217684
2026-02-19 15:33:10,49.93142930427768
2026-02-19 15:33:40,54.07087408106415
2026-02-19 15:34:10,52.82877056296024
2026-02-19 15:34:40,59.62250189676575
2026-02-19 15:35:10,51.34542929419224
2026-02-19 15:35:40,68.5879239990248
2026-02-19 15:36:10,58.06942688867959
2026-02-19 15:36:40,59.20865410185432
2026-02-19 15:37:10,47.89662903189771
2026-02-19 15:37:40,51.27596673131618
2026-02-19 15:38:10,53.7249549422757
2026-02-19 15:38:40,46.551255688465254
2026-02-19 15:39:10,32.10430209291821
2026-02-19 15:39:40,40.48388351084563
2026-02-19 15:40:10,37.96676224860132
2026-02-19 15:40:40,33.343435270691664
2026-02-19 15:41:10,32.86200363069661
2026-02-19 15:41:40,34.1379714993663
2026-02-19 15:42:10,33.38038176001762
2026-02-19 15:42:40,34.587866963072315
2026-02-19 15:43:10,37.653989360976446
2026-02-19 15:43:40,35.655027394977026
2026-02-19 15:44:10,35.10436629037807
2026-02-19 15:44:40,38.27507975332784
2026-02-19 15:45:10,34.58667782402533
2026-02-19 15:45:40,34.413838372958836
2026-02-19 15:46:10,35.21136446157065
2026-02-19 15:46:40,37.100253583019644
2026-02-19 15:47:10,33.82793462950689
2026-02-19 15:47:40,38.31105128033704
2026-02-19 15:48:10,37.72409397518927
2026-02-19 15:48:40,37.44900839846251
2026-02-19 15:49:10,31.966500655666657
2026-02-19 15:49:40,43.55108801635945
2026-02-19 15:50:10,33.681313648512635
2026-02-19 15:50:40,35.79215581495366
2026-02-19 15:51:10,32.41382522436223
2026-02-19 15:51:40,37.37968134454386
2026-02-19 15:52:10,34.62129968415909
2026-02-19 15:52:40,50.65534724576458
2026-02-19 15:53:10,32.75955773742601
2026-02-19 15:53:40,37.34448753847588
2026-02-19 15:54:10,34.44813440374732
2026-02-19 15:54:40,49.83202660048235
2026-02-19 15:55:10,39.03280868242959
2026-02-19 15:55:40,36.96615699537097
2026-02-19 15:56:10,40.620414997949474
2026-02-19 15:56:40,46.34518202189899
2026-02-19 15:57:10,36.79323307068958
2026-02-19 15:57:40,40.68924857066285
2026-02-19 15:58:10,37.034583862521444
2026-02-19 15:58:40,40.58445334945668
2026-02-19 15:59:10,35.517298481607504
2026-02-19 15:59:40,46.137706368233324
2026-02-19 16:00:10,37.97054884609035
2026-02-19 16:00:40,44.47765459424746
2026-02-19 16:01:10,49.896457797078284
2026-02-19 16:01:40,49.8275672312932
2026-02-19 16:02:10,45.310239025419946
2026-02-19 16:02:40,49.344532771246925
2026-02-19 16:03:10,41.72560649682716
2026-02-19 16:03:40,49.30927596830282
2026-02-19 16:04:10,44.79332583783962
2026-02-19 16:04:40,51.99944360530937
2026-02-19 16:05:10,44.930736046864155
2026-02-19 16:05:40,65.000187910613
2026-02-19 16:06:10,50.729682775875965
2026-02-19 16:06:40,70.24460899907115
2026-02-19 16:07:10,50.41290164407406
2026-02-19 16:07:40,50.27768140498221
2026-02-19 16:08:10,51.65818689997354
2026-02-19 16:08:40,77.04040002087541
2026-02-19 16:09:10,52.548553171367764
2026-02-19 16:09:40,49.65756618276864
2026-02-19 16:10:10,31.828003581575786
2026-02-19 16:10:40,39.62307983215168
2026-02-19 16:11:10,37.2739904052832
2026-02-19 16:11:40,39.346093992745004
2026-02-19 16:12:10,33.38198000809531
2026-02-19 16:12:40,37.96580860465788
2026-02-19 16:13:10,32.58686092673152
2026-02-19 16:13:40,38.5871023333117
2026-02-19 16:14:10,31.03589426902264
2026-02-19 16:14:40,40.68936031350226
2026-02-19 16:15:10,34.07089907475871
2026-02-19 16:15:40,44.79325455258712
2026-02-19 16:16:10,35.82847209845089
2026-02-19 16:16:40,39.415313981182805
2026-02-19 16:17:10,34.93209280413759
2026-02-19 16:17:40,41.79443053836869
2026-02-19 16:18:10,36.452570080310146
2026-02-19 16:18:40,56.85868517894899
2026-02-19 16:19:10,35.24380997485193
2026-02-19 16:19:40,39.48320574045883
2026-02-19 16:20:10,33.34561840949008
2026-02-19 16:20:40,49.035274820788025
2026-02-19 16:21:10,35.8634662272816
2026-02-19 16:21:40,38.932058345124176
2026-02-19 16:22:10,36.966376999676356
2026-02-19 16:22:40,38.69043048374489
2026-02-19 16:23:10,30.622060711104304
2026-02-19 16:23:40,38.035113010621416
2026-02-19 16:24:10,35.279996508789566
2026-02-19 16:24:40,32.55351497815365
2026-02-19 16:25:10,33.622296190544695
2026-02-19 16:25:40,40.96625093358349
2026-02-19 16:26:10,36.31090016068767
2026-02-19 16:26:40,42.38023073246036
2026-02-19 16:27:10,39.793277061787094
2026-02-19 16:27:40,36.03587999291552
2026-02-19 16:28:10,37.758639730370426
2026-02-19 16:28:40,36.69017482975819
2026-02-19 16:29:10,117.24319531204266
2026-02-19 16:29:40,50.026470669042475
2026-02-19 16:30:10,46.28697613888435
2026-02-19 16:30:40,49.79378006515645
2026-02-19 16:31:10,40.207749200097744
2026-02-19 16:31:40,43.79415461413543
2026-02-19 16:32:10,49.58691332043579
2026-02-19 16:32:40,45.00056727602923
2026-02-19 16:33:10,47.37961357690138
2026-02-19 16:33:40,47.44850658977745
2026-02-19 16:34:10,44.27626280023722
2026-02-19 16:34:40,46.82869328841027
2026-02-19 16:35:10,40.379478050634596
2026-02-19 16:35:40,58.2755493718889
2026-02-19 16:36:10,53.48472302948492
2026-02-19 16:36:40,47.724487546026026
2026-02-19 16:37:10,54.1390321593334
2026-02-19 16:37:40,59.86180858546899
2026-02-19 16:38:10,51.17439608975746
2026-02-19 16:38:40,63.759090384808346
2026-02-19 16:39:10,48.863470929235206
2026-02-19 16:39:40,58.41358622780442
2026-02-19 16:40:10,52.41561961819248
2026-02-19 16:40:40,47.68974437151823
2026-02-19 16:41:10,150.2106279526933
2026-02-19 16:41:40,44.03458979211868
2026-02-19 16:42:10,33.897910893564216
2026-02-19 16:42:40,41.03425923637475
2026-02-19 16:43:10,32.20822007778564
2026-02-19 16:43:40,42.370907044343966
2026-02-19 16:44:10,32.999675400670256
2026-02-19 16:44:40,41.41342689802367
2026-02-19 16:45:10,35.689693254417705
2026-02-19 16:45:40,39.10313320296439
2026-02-19 16:46:10,31.31147924351386
2026-02-19 16:46:40,46.380269998567115
2026-02-19 16:47:10,34.24100477301298
2026-02-19 16:47:40,38.965834742753096
2026-02-19 16:48:10,32.89776580659466
2026-02-19 16:48:40,36.377773014426
2026-02-19 16:49:10,30.5532272109663
2026-02-19 16:49:40,41.27711658276472
2026-02-19 16:50:10,35.240147541674375
2026-02-19 16:50:40,38.759218846241936
2026-02-19 16:51:10,34.27659574468182
2026-02-19 16:51:40,42.89467429361146
2026-02-19 16:52:10,31.241461383204594
2026-02-19 16:52:40,45.82690256127698
2026-02-19 16:53:10,36.484008397602516
2026-02-19 16:53:40,41.690166491451386
2026-02-19 16:54:10,35.31039482430498
2026-02-19 16:54:40,36.31046731498125
2026-02-19 16:55:10,32.58776347563092
2026-02-19 16:55:40,41.103742018330095
2026-02-19 16:56:10,34.68929016380166
2026-02-19 16:56:40,44.75895486084328
2026-02-19 16:57:10,34.96532820628007
2026-02-19 16:57:40,39.55327595478382
2026-02-19 16:58:10,37.687670766606345
2026-02-19 16:58:40,35.48286565853223
2026-02-19 16:59:10,36.86208205506523
2026-02-19 16:59:40,35.55245782234019
2026-02-19 17:00:10,57.516366260855264
2026-02-19 17:00:40,36.48420817348853
2026-02-19 17:01:10,41.37749594012759
2026-02-19 17:01:40,47.241306784245495
2026-02-19 17:02:10,37.96515935433961
2026-02-19 17:02:40,45.65577652967184
2026-02-19 17:03:10,39.72423904584092
2026-02-19 17:03:40,42.62006663364484
2026-02-19 17:04:10,42.09812676261771
2026-02-19 17:04:40,46.20563146598827
2026-02-19 17:05:10,40.65405739228939
2026-02-19 17:05:40,40.930396021439165
2026-02-19 17:06:10,44.41367781823497
2026-02-19 17:06:40,52.345522048223444
2026-02-19 17:07:10,93.85939160944598
2026-02-19 17:07:40,59.75996447800451
2026-02-19 17:08:10,45.518313961706255
2026-02-19 17:08:40,59.27591922252161
2026-02-19 17:09:10,52.93009634626122
2026-02-19 17:09:40,58.51805358379431
2026-02-19 17:10:10,56.96620694870862
2026-02-19 17:10:40,58.31280285495779
2026-02-19 17:11:10,45.27434608507703
2026-02-19 17:11:40,43.65684076276902
2026-02-19 17:12:10,38.72586576486395
2026-02-19 17:12:40,38.58632233298057
2026-02-19 17:13:10,31.827083310957725
2026-02-19 17:13:40,37.34609761524484
2026-02-19 17:14:10,31.89586813173748
2026-02-19 17:14:40,38.99869922153241
2026-02-19 17:15:10,32.864900372609455
2026-02-19 17:15:40,43.789481941651296
2026-02-19 17:16:10,37.311580326750175
2026-02-19 17:16:40,45.243204655099504
2026-02-19 17:17:10,36.75818672831772
2026-02-19 17:17:40,43.931198719838875
2026-02-19 17:18:10,34.379700399191755
2026-02-19 17:18:40,42.516004875392454
2026-02-19 17:19:10,33.96551726335768
2026-02-19 17:19:40,43.00742843859033
2026-02-19 17:20:10,36.99930801254386
2026-02-19 17:20:40,41.93185151614065
2026-02-19 17:21:10,34.412474525185786
2026-02-19 17:21:40,47.13697868149761
2026-02-19 17:22:10,39.13677059247636
2026-02-19 17:22:40,56.413192671986046
2026-02-19 17:23:10,33.86166353589737
2026-02-19 17:23:40,35.68967778961798
2026-02-19 17:24:10,39.1375767126984
2026-02-19 17:24:40,34.99900008704233
2026-02-19 17:25:10,35.20689300418155
2026-02-19 17:25:40,40.067742044401285
2026-02-19 17:26:10,37.8272651875007
2026-02-19 17:26:40,37.96591559559525
2026-02-19 17:27:10,33.7926397665302
2026-02-19 17:27:40,46.5877349160304
2026-02-19 17:28:10,37.68662691599989
2026-02-19 17:28:40,36.89732939661352
2026-02-19 17:29:10,35.31568214830808
2026-02-19 17:29:40,37.612219521843095
2026-02-19 17:30:10,34.690228345238545
2026-02-19 17:30:40,34.826050028613686
2026-02-19 17:31:10,35.0000951716767
2026-02-19 17:31:40,42.0708015515342
2026-02-19 17:32:10,37.61934730127137
2026-02-19 17:32:40,39.55204997252594
2026-02-19 17:33:10,42.79258149530805
2026-02-19 17:33:40,39.345482800816725
2026-02-19 17:34:10,45.37806425683982
2026-02-19 17:34:40,41.06869326610488
2026-02-19 17:35:10,40.79375747353549
2026-02-19 17:35:40,45.41256961527169
2026-02-19 17:36:10,46.44826165107403
2026-02-19 17:36:40,48.55107499315464
2026-02-19 17:37:10,43.309228366755306
2026-02-19 17:37:40,50.20538769342381
2026-02-19 17:38:10,47.135995383154395
2026-02-19 17:38:40,46.48245663298977
2026-02-19 17:39:10,49.13811896010637
2026-02-19 17:39:40,46.48161838906532
2026-02-19 17:40:10,47.86298936988328
2026-02-19 17:40:40,47.480633948031034
2026-02-19 17:41:10,52.79382290676507
2026-02-19 17:41:40,44.791507809092145
2026-02-19 17:42:10,32.58568379071911
2026-02-19 17:42:40,38.82615108593676
2026-02-19 17:43:10,33.86335442343107
2026-02-19 17:43:40,34.96262807648877
2026-02-19 17:44:10,31.999790788139283
2026-02-19 17:44:40,33.102757455448526
2026-02-19 17:45:10,36.205840738194986
2026-02-19 17:45:40,34.27512015014958
2026-02-19 17:46:10,31.655337712453534
2026-02-19 17:46:40,33.99999170220381
2026-02-19 17:47:10,34.89635435647156
2026-02-19 17:47:40,38.41383473577979
2026-02-19 17:48:10,34.30935682351752
2026-02-19 17:48:40,45.41303808163608
2026-02-19 17:49:10,32.27601907253214
2026-02-19 17:49:40,36.44735083209334
2026-02-19 17:50:10,35.99992391307488
2026-02-19 17:50:40,36.06831043383839
2026-02-19 17:51:10,35.55098814485906
2026-02-19 17:51:40,34.068627841566325
2026-02-19 17:52:10,37.17194534593322
2026-02-19 17:52:40,39.55097746893836
2026-02-19 17:53:10,36.724242624136146
2026-02-19 17:53:40,36.28233887101704
2026-02-19 17:54:10,37.868053311171465
2026-02-19 17:54:40,41.89573607412918
2026-02-19 17:55:10,38.86142096112801
2026-02-19 17:55:40,37.8618157145069
2026-02-19 17:56:10,35.89650894591769
2026-02-19 17:56:40,43.58473492705207
2026-02-19 17:57:10,45.102482840375465
2026-02-19 17:57:40,40.62032939271829
2026-02-19 17:58:10,35.86158385362462
2026-02-19 17:58:40,44.65443406268862
2026-02-19 17:59:10,35.96444238754708
2026-02-19 17:59:40,42.51658388047508
2026-02-19 18:00:10,39.48181577017715
2026-02-19 18:00:40,38.999457807039406
2026-02-19 18:01:10,37.414224751279946
2026-02-19 18:01:40,40.757694460088075
2026-02-19 18:02:10,42.207544675515614
2026-02-19 18:02:40,40.689215254254066
2026-02-19 18:03:10,39.86186685112255
2026-02-19 18:03:40,42.24117362159224
2026-02-19 18:04:10,41.10240194841422
2026-02-19 18:04:40,46.5867086974477
2026-02-19 18:05:10,40.30971823793204
2026-02-19 18:05:40,43.03396557198063
2026-02-19 18:06:10,37.37910584755313
2026-02-19 18:06:40,45.75877649207092
2026-02-19 18:07:10,48.20581812123854
2026-02-19 18:07:40,48.68827831899337
2026-02-19 18:08:10,41.069681368897726
2026-02-19 18:08:40,55.241384119394645
2026-02-19 18:09:10,52.24003699934152
2026-02-19 18:09:40,51.90218555368339
2026-02-19 18:10:10,47.480236784400255
2026-02-19 18:10:40,63.24194423908212
2026-02-19 18:11:10,44.96344601860428
2026-02-19 18:11:40,57.51797627520949
2026-02-19 18:12:10,46.23983481466233
2026-02-19 18:12:40,81.06960767223315
2026-02-19 18:13:10,41.930614766695804
2026-02-19 18:13:40,36.722778903884354
2026-02-19 18:14:10,35.20613202144548
2026-02-19 18:14:40,41.06725455446888
2026-02-19 18:15:10,36.240667154814396
2026-02-19 18:15:40,35.7230191030778
2026-02-19 18:16:10,51.37768734621867
2026-02-19 18:16:40,43.6203032449487
2026-02-19 18:17:10,38.27454232201719
2026-02-19 18:17:40,46.308471014293005
2026-02-19 18:18:10,36.82926902747653
2026-02-19 18:18:40,41.58528541944796
2026-02-19 18:19:10,34.308907333177515
2026-02-19 18:19:40,38.62036980888903
2026-02-19 18:20:10,37.204336726414446
2026-02-19 18:20:40,41.137765760756736
2026-02-19 18:21:10,33.721304711472065
2026-02-19 18:21:40,43.03663746952286
2026-02-19 18:22:10,31.85849864658774
2026-02-19 18:22:40,43.10465049699192
2026-02-19 18:23:10,32.92862087086867
2026-02-19 18:23:40,43.074067266164725
2026-02-19 18:24:10,39.71786785984251
2026-02-19 18:24:40,45.58641031698809
2026-02-19 18:25:10,30.37910823141913
2026-02-19 18:25:40,41.965661238118216
2026-02-19 18:26:10,34.827017855509204
2026-02-19 18:26:40,39.03476222686595
2026-02-19 18:27:10,32.41372532932903
2026-02-19 18:27:40,43.31204527459611
2026-02-19 18:28:10,38.58447453519347
2026-02-19 18:28:40,44.82728896986076
2026-02-19 18:29:10,39.03381815133453
2026-02-19 18:29:40,47.10352205084296
2026-02-19 18:30:10,38.03327118450236
2026-02-19 18:30:40,37.96497268440556
2026-02-19 18:31:10,35.41350423022816
2026-02-19 18:31:40,38.51634724785173
2026-02-19 18:32:10,40.55145188556036
2026-02-19 18:32:40,52.51539248722382
2026-02-19 18:33:10,39.96664213858258
2026-02-19 18:33:40,43.68860408405512
2026-02-19 18:34:10,42.55201785604093
2026-02-19 18:34:40,49.7262628839737
2026-02-19 18:35:10,52.824235693361885
2026-02-19 18:35:40,46.144532471213346
2026-02-19 18:36:10,47.47621497194016
2026-02-19 18:36:40,48.68928300926566
2026-02-19 18:37:10,44.20754938025752
2026-02-19 18:37:40,53.48310585723336
2026-02-19 18:38:10,42.41339836762491
2026-02-19 18:38:40,53.343737282751476
2026-02-19 18:39:10,43.86191924743927
2026-02-19 18:39:40,47.48222359531202
2026-02-19 18:40:10,94.51752918479177
2026-02-19 18:40:40,65.48424621751646
2026-02-19 18:41:10,57.72507021633129
2026-02-19 18:41:40,49.515995286725015
2026-02-19 18:42:10,46.483960838291964
2026-02-19 18:42:40,55.79193820903063
2026-02-19 18:43:10,38.69099649654274
2026-02-19 18:43:40,42.79175278091812
2026-02-19 18:44:10,32.55137814313772
2026-02-19 18:44:40,43.48232464098483
2026-02-19 18:45:10,33.51867190024934
2026-02-19 18:45:40,41.204367597388384
2026-02-19 18:46:10,35.4139643689333
2026-02-19 18:46:40,43.41326639350008
2026-02-19 18:47:10,35.17365405900782
2026-02-19 18:47:40,41.68788117830938
2026-02-19 18:48:10,36.794859867874344
2026-02-19 18:48:40,44.27444243355555
2026-02-19 18:49:10,35.827617169460844
2026-02-19 18:49:40,39.68906543810527
2026-02-19 18:50:10,34.138736105994376
2026-02-19 18:50:40,41.68811659231057
2026-02-19 18:51:10,33.792934611747704
2026-02-19 18:51:40,37.0684007710483
2026-02-19 18:52:10,32.89627234511439
2026-02-19 18:52:40,41.8262212310436
2026-02-19 18:53:10,41.13779073426237
2026-02-19 18:53:40,38.17263141420265
2026-02-19 18:54:10,32.20668015564283
2026-02-19 18:54:40,38.20624499142721
2026-02-19 18:55:10,33.590310873948894
2026-02-19 18:55:40,41.028952032025586
2026-02-19 18:56:10,32.41466233675152
2026-02-19 18:56:40,41.13733059670237
2026-02-19 18:57:10,35.10365993595599
2026-02-19 18:57:40,36.689132013446624
2026-02-19 18:58:10,46.378437629335046
2026-02-19 18:58:40,41.51622835040325
2026-02-19 18:59:10,33.96557551695491
2026-02-19 18:59:40,40.99974674299815
2026-02-19 19:00:10,52.03338417064458
2026-02-19 19:00:40,42.172003581327225
2026-02-19 19:01:10,50.48140079920832
2026-02-19 19:01:40,49.8957681793802
2026-02-19 19:02:10,36.34465994518257
2026-02-19 19:02:40,50.65553510406
2026-02-19 19:03:10,41.9195893470342
2026-02-19 19:03:40,41.962157829867195
2026-02-19 19:04:10,37.89106382988145
2026-02-19 19:04:40,46.55065404017717
2026-02-19 19:05:10,46.86122122870866
2026-02-19 19:05:40,47.65349592413945
2026-02-19 19:06:10,39.27705832220149
2026-02-19 19:06:40,51.86055773106516
2026-02-19 19:07:10,36.55193581171931
2026-02-19 19:07:40,48.06769329237952
2026-02-19 19:08:10,45.65425330161032
2026-02-19 19:08:40,47.793135578869716
2026-02-19 19:09:10,47.96446734630034
2026-02-19 19:09:40,52.93197628119558
2026-02-19 19:10:10,47.553151059904835
2026-02-19 19:10:40,59.925528481435364
2026-02-19 19:11:10,46.8976172025958
2026-02-19 19:11:40,55.102078537368705
2026-02-19 19:12:10,56.30959109065009
2026-02-19 19:12:40,57.722841950796855
2026-02-19 19:13:10,43.48234846548655
2026-02-19 19:13:40,39.06750660383753
2026-02-19 19:14:10,37.689889441512584
2026-02-19 19:14:40,39.9983163983661
2026-02-19 19:15:10,35.13905716269885
2026-02-19 19:15:40,34.41322594107625
2026-02-19 19:16:10,32.1723852906603
2026-02-19 19:16:40,32.723931041617696
2026-02-19 19:17:10,31.378252144979975
2026-02-19 19:17:40,33.0331189769517
2026-02-19 19:18:10,35.65568375341221
2026-02-19 19:18:40,36.37847687805302
2026-02-19 19:19:10,35.65551131161758
2026-02-19 19:19:40,37.1002297944246
2026-02-19 19:20:10,34.62091678227983
2026-02-19 19:20:40,34.72455532892172
2026-02-19 19:21:10,37.75892154877535
2026-02-19 19:21:40,34.6544602212843
2026-02-19 19:22:10,31.03340793192767
2026-02-19 19:22:40,37.515620797851476
2026-02-19 19:23:10,32.94542133063799
2026-02-19 19:23:40,50.63610231405647
2026-02-19 19:24:10,33.00168619780363
2026-02-19 19:24:40,37.92900015124349
2026-02-19 19:25:10,36.41395719948145
2026-02-19 19:25:40,38.51673962565135
2026-02-19 19:26:10,31.896004789783976
2026-02-19 19:26:40,34.06789066668756
2026-02-19 19:27:10,36.41386803669756
2026-02-19 19:27:40,36.58657553314871
2026-02-19 19:28:10,34.033822892571784
2026-02-19 19:28:40,38.275391253105816
2026-02-19 19:29:10,35.34454227709225
2026-02-19 19:29:40,38.6540488011383
2026-02-19 19:30:10,35.44833769535601
2026-02-19 19:30:40,35.586181954278494
2026-02-19 19:31:10,36.62243768404622
2026-02-19 19:31:40,40.23898234333701
2026-02-19 19:32:10,35.378915603263565
2026-02-19 19:32:40,40.75781335040295
2026-02-19 19:33:10,37.310946567142736
2026-02-19 19:33:40,41.61948637451305
2026-02-19 19:34:10,38.24059456631796
2026-02-19 19:34:40,41.31000954405304
2026-02-19 19:35:10,40.06762078219218
2026-02-19 19:35:40,45.275587430686016
2026-02-19 19:36:10,40.071279633541636
2026-02-19 19:36:40,44.65354705657303
2026-02-19 19:37:10,41.75790608885033
2026-02-19 19:37:40,49.102998864813785
2026-02-19 19:38:10,47.03477175558823
2026-02-19 19:38:40,51.99900368452213
2026-02-19 19:39:10,48.103217638362125
2026-02-19 19:39:40,54.31052918213444
2026-02-19 19:40:10,51.20579315961764
2026-02-19 19:40:40,54.68886090729611
2026-02-19 19:41:10,62.138730159091615
2026-02-19 19:41:40,54.44814746557611
2026-02-19 19:42:10,50.480448405050296
2026-02-19 19:42:40,63.344825243843474
2026-02-19 19:43:10,60.130484772410796
2026-02-19 19:43:40,54.691411522370196
2026-02-19 19:44:10,35.41301789084551
2026-02-19 19:44:40,39.280499982685164
2026-02-19 19:45:10,36.75571372152175
2026-02-19 19:45:40,40.48249943260965
2026-02-19 19:46:10,34.75854225355772
2026-02-19 19:46:40,59.45004171409882
2026-02-19 19:47:10,76.6886659771161
2026-02-19 19:47:40,44.55222240563355
2026-02-19 19:48:10,32.82907023896611
2026-02-19 19:48:40,39.69019383545921
2026-02-19 19:49:10,40.37987758092035
2026-02-19 19:49:40,43.794149884294
2026-02-19 19:50:10,35.000001227642905
2026-02-19 19:50:40,38.82766350407585
2026-02-19 19:51:10,31.68996434827075
2026-02-19 19:51:40,41.44951491016939
2026-02-19 19:52:10,34.41420335835961
2026-02-19 19:52:40,38.930996508757396
2026-02-19 19:53:10,38.414991737831755
2026-02-19 19:53:40,45.89637220004958
2026-02-19 19:54:10,39.55270399081709
2026-02-19 19:54:40,42.309977426340026
2026-02-19 19:55:10,32.48203336011966
2026-02-19 19:55:40,35.82743283287721
2026-02-19 19:56:10,34.79428901493172
2026-02-19 19:56:40,41.58654105330214
2026-02-19 19:57:10,33.0344720722031
2026-02-19 19:57:40,41.75997276752803
2026-02-19 19:58:10,32.48302380815351
2026-02-19 19:58:40,39.8276076727192
2026-02-19 19:59:10,41.24122356918861
2026-02-19 19:59:40,40.24227357948115
2026-02-19 20:00:10,39.69009519332499
2026-02-19 20:00:40,42.724879946866565
2026-02-19 20:01:10,39.587727849978
2026-02-19 20:01:40,44.07090497097337
2026-02-19 20:02:10,40.309127271475155
2026-02-19 20:02:40,39.55293585489824
2026-02-19 20:03:10,36.55209513764493
2026-02-19 20:03:40,46.06917361002901
2026-02-19 20:04:10,38.173139152490535
2026-02-19 20:04:40,44.9659489177479
2026-02-19 20:05:10,40.03499173241695
2026-02-19 20:05:40,43.48329494628759
2026-02-19 20:06:10,35.65486684369781
2026-02-19 20:06:40,41.30980025658971
2026-02-19 20:07:10,47.51701549272412
2026-02-19 20:07:40,42.55218671175593
2026-02-19 20:08:10,41.10316533486393
2026-02-19 20:08:40,41.863514938212155
2026-02-19 20:09:10,51.55239598462595
2026-02-19 20:09:40,51.62225811083337
2026-02-19 20:10:10,56.82849833920977
2026-02-19 20:10:40,58.792527966707034
2026-02-19 20:11:10,53.20766471630974
2026-02-19 20:11:40,51.24133182237966
2026-02-19 20:12:10,45.312914568842096
2026-02-19 20:12:40,71.51616179990087
2026-02-19 20:13:10,43.41534967301591
2026-02-19 20:13:40,52.27749837386586
2026-02-19 20:14:10,54.41467543113549
2026-02-19 20:14:40,39.931132028700745
2026-02-19 20:15:10,40.6211581877116
2026-02-19 20:15:40,42.96627472110573
2026-02-19 20:16:10,33.965770523636124
2026-02-19 20:16:40,43.82789303456512
2026-02-19 20:17:10,40.242740847967795
2026-02-19 20:17:40,41.17280262934096
2026-02-19 20:18:10,33.2757182039879
2026-02-19 20:18:40,40.37966472089539
2026-02-19 20:19:10,33.27579669182852
2026-02-19 20:19:40,38.24139834729059
2026-02-19 20:20:10,42.068965517239185
2026-02-19 20:20:40,38.3805375323387
2026-02-19 20:21:10,35.758935815452716
2026-02-19 20:21:40,37.51734607724887
2026-02-19 20:22:10,34.89779435774823
2026-02-19 20:22:40,37.41441976001127
2026-02-19 20:23:10,35.931233080441885
2026-02-19 20:23:40,40.58757199540959
2026-02-19 20:24:10,39.06856602362118
2026-02-19 20:24:40,113.7256457234861
2026-02-19 20:25:10,37.794423364799066
2026-02-19 20:25:40,45.930944201812366
2026-02-19 20:26:10,36.207305642956484
2026-02-19 20:26:40,42.10365161642188
2026-02-19 20:27:10,35.75886570126002
2026-02-19 20:27:40,42.03509515810576
2026-02-19 20:28:10,35.58789426352864
2026-02-19 20:28:40,42.619809814172235
2026-02-19 20:29:10,38.58608324859572
2026-02-19 20:29:40,44.10385495297219
2026-02-19 20:30:10,43.24149710054074
2026-02-19 20:30:40,45.41494060925353
2026-02-19 20:31:10,41.551768164214835
2026-02-19 20:31:40,43.96622003325874
2026-02-19 20:32:10,34.79487287884632
2026-02-19 20:32:40,39.896361506249235
2026-02-19 20:33:10,37.656744436597485
2026-02-19 20:33:40,44.89714395096623
2026-02-19 20:34:10,45.96682171073046
2026-02-19 20:34:40,36.5182462100585
2026-02-19 20:35:10,41.447700376566374
2026-02-19 20:35:40,48.828527988765074
2026-02-19 20:36:10,46.44752797994488
2026-02-19 20:36:40,57.62114748866646
2026-02-19 20:37:10,46.62043878424507
2026-02-19 20:37:40,51.99869335137329
2026-02-19 20:38:10,44.44980861409126
2026-02-19 20:38:40,55.10344237946963
2026-02-19 20:39:10,44.24095602976441
2026-02-19 20:39:40,45.55303932256228
2026-02-19 20:40:10,48.65647094837921
2026-02-19 20:40:40,49.17444245070526
2026-02-19 20:41:10,51.032902586284045
2026-02-19 20:41:40,56.00217964045234
2026-02-19 20:42:10,55.82986700030331
2026-02-19 20:42:40,60.103733660259586
2026-02-19 20:43:10,54.37940078051909
2026-02-19 20:43:40,59.37951967599702
2026-02-19 20:44:10,43.48458510820761
2026-02-19 20:44:40,53.72369801992329
2026-02-19 20:45:10,35.76021418321319
2026-02-19 20:45:40,44.89439608794102
2026-02-19 20:46:10,32.06971943457776
2026-02-19 20:46:40,43.49803989035873
2026-02-19 20:47:10,33.2301037748416
2026-02-19 20:47:40,40.45143545637814
2026-02-19 20:48:10,38.06671478579028
2026-02-19 20:48:40,50.82594422726883
2026-02-19 20:49:10,26.448554145150155
2026-02-19 20:49:40,38.79421171430037
