Time,"__name__=""jvm_memory_bytes_used"",area=""heap"",instance=""rskj-miner1:8080"",job=""rskj-jvm"",name=""rskj-miner1""","__name__=""jvm_memory_bytes_used"",area=""heap"",instance=""rskj-miner2:8080"",job=""rskj-jvm"",name=""rskj-miner2""","__name__=""jvm_memory_bytes_used"",area=""heap"",instance=""rskj-node1:8080"",job=""rskj-jvm"",name=""rskj-node1""","__name__=""jvm_memory_bytes_used"",area=""heap"",instance=""rskj-node2:8080"",job=""rskj-jvm"",name=""rskj-node2""","__name__=""jvm_memory_bytes_max"",area=""heap"",instance=""rskj-miner1:8080"",job=""rskj-jvm"",name=""rskj-miner1""","__name__=""jvm_memory_bytes_max"",area=""heap"",instance=""rskj-miner2:8080"",job=""rskj-jvm"",name=""rskj-miner2""","__name__=""jvm_memory_bytes_max"",area=""heap"",instance=""rskj-node1:8080"",job=""rskj-jvm"",name=""rskj-node1""","__name__=""jvm_memory_bytes_max"",area=""heap"",instance=""rskj-node2:8080"",job=""rskj-jvm"",name=""rskj-node2"""
2026-03-17 22:55:12,2323815872,2196382592,1191199744,1863920128,5368709120,5368709120,4294967296,4294967296
2026-03-17 22:55:42,709180648,573405616,1960854528,696290112,5368709120,5368709120,4294967296,4294967296
2026-03-17 22:56:12,2319793384,2179824048,962771968,1610648384,5368709120,5368709120,4294967296,4294967296
2026-03-17 22:56:42,2965716200,2821552560,1321384960,1962969920,5368709120,5368709120,4294967296,4294967296
2026-03-17 22:57:12,814007680,657237664,1835187200,541196488,5368709120,5368709120,4294967296,4294967296
2026-03-17 22:57:42,1581565312,1403823776,409027272,1027735752,5368709120,5368709120,4294967296,4294967296
2026-03-17 22:58:12,2483340672,2326570656,924926664,1531052232,5368709120,5368709120,4294967296,4294967296
2026-03-17 22:58:42,243545944,95345880,1415660232,92502520,5368709120,5368709120,4294967296,4294967296
2026-03-17 22:59:12,2021930840,1777261784,128135344,734231032,5368709120,5368709120,4294967296,4294967296
2026-03-17 22:59:42,3087284056,2981027032,893595824,1495497208,5368709120,5368709120,4294967296,4294967296
2026-03-17 23:00:12,860245200,833532480,1327706288,1929607672,5368709120,5368709120,4294967296,4294967296
2026-03-17 23:00:42,1820740816,1814999616,1675833520,354743176,5368709120,5368709120,4294967296,4294967296
2026-03-17 23:01:12,3196472528,3211702848,254323712,858059656,5368709120,5368709120,4294967296,4294967296
2026-03-17 23:01:42,1166493264,1198483856,948481024,1550119816,5368709120,5368709120,4294967296,4294967296
2026-03-17 23:02:12,2219263568,2268031376,1315482624,1919218568,5368709120,5368709120,4294967296,4294967296
2026-03-17 23:02:42,3259450960,112424120,1940433920,621194712,5368709120,5368709120,4294967296,4294967296
2026-03-17 23:03:12,931864000,1014199480,382396928,984002008,5368709120,5368709120,4294967296,4294967296
2026-03-17 23:03:42,2261458368,2347988152,887810560,1472638424,5368709120,5368709120,4294967296,4294967296
2026-03-17 23:04:12,537626264,619961384,1433070080,1975954904,5368709120,5368709120,4294967296,4294967296
2026-03-17 23:04:42,2118878872,2192825384,1961552384,539528344,5368709120,5368709120,4294967296,4294967296
2026-03-17 23:05:12,902644696,947332104,854088832,1317571736,5368709120,5368709120,4294967296,4294967296
2026-03-17 23:05:42,2110604248,2172068872,1244159104,1665698968,5368709120,5368709120,4294967296,4294967296
2026-03-17 23:06:12,416305776,674813648,1789418624,246078344,5368709120,5368709120,4294967296,4294967296
2026-03-17 23:06:42,1905283696,2155402960,529430016,871029640,5368709120,5368709120,4294967296,4294967296
2026-03-17 23:07:12,181560936,427422304,1074689536,1372248968,5368709120,5368709120,4294967296,4294967296
2026-03-17 23:07:42,1666344552,1912205920,1737389568,72174888,5368709120,5368709120,4294967296,4294967296
2026-03-17 23:08:12,2974967400,3208245856,84858128,302861608,5368709120,5368709120,4294967296,4294967296
2026-03-17 23:08:42,2203119312,2470070208,867095824,1062030632,5368709120,5368709120,4294967296,4294967296
2026-03-17 23:09:12,1674809088,2017057376,1234097424,1426935080,5368709120,5368709120,4294967296,4294967296
2026-03-17 23:09:42,1276385704,1702570608,1718539536,1913474344,5368709120,5368709120,4294967296,4294967296
2026-03-17 23:10:12,1209507088,1518061080,299178176,493882368,5368709120,5368709120,4294967296,4294967296
2026-03-17 23:10:42,525808256,1111358784,1060444352,1255148544,5368709120,5368709120,4294967296,4294967296
2026-03-17 23:11:12,2836869760,306151808,1429543104,1624247296,5368709120,5368709120,4294967296,4294967296
2026-03-17 23:11:42,1901532088,2675933568,1777670336,1972374528,5368709120,5368709120,4294967296,4294967296
2026-03-17 23:12:12,1381592448,2227201616,217307744,414430744,5368709120,5368709120,4294967296,4294967296
2026-03-17 23:12:42,442150464,1363258720,431217248,626243096,5368709120,5368709120,4294967296,4294967296
2026-03-17 23:13:12,186232568,1187149880,934533728,1129559576,5368709120,5368709120,4294967296,4294967296
2026-03-17 23:13:42,1184741056,2269271632,1911806560,101972480,5368709120,5368709120,4294967296,4294967296
2026-03-17 23:14:12,2984137248,784779544,796343328,743700992,5368709120,5368709120,4294967296,4294967296
2026-03-17 23:14:42,1520486872,2588246912,1582775328,1366555136,5368709120,5368709120,4294967296,4294967296
2026-03-17 23:15:12,2636167912,566843104,329016096,1869871616,5368709120,5368709120,4294967296,4294967296
2026-03-17 23:15:42,228834832,1342798880,710697760,159806576,5368709120,5368709120,4294967296,4294967296
2026-03-17 23:16:12,1621393728,2664030216,1249665824,526808176,5368709120,5368709120,4294967296,4294967296
2026-03-17 23:16:42,287889744,1326398808,249716960,1202091120,5368709120,5368709120,4294967296,4294967296
2026-03-17 23:17:12,1474837016,2500868672,648175840,1520858224,5368709120,5368709120,4294967296,4294967296
2026-03-17 23:17:42,434862592,1485796080,1707237600,490801152,5368709120,5368709120,4294967296,4294967296
2026-03-17 23:18:12,2024555880,3163725824,457352712,994117632,5368709120,5368709120,4294967296,4294967296
2026-03-17 23:18:42,1282297616,2538846176,1170384392,1629554688,5368709120,5368709120,4294967296,4294967296
2026-03-17 23:19:12,1177677744,2702725728,1803724296,336253872,5368709120,5368709120,4294967296,4294967296
2026-03-17 23:19:42,2876494816,1536977752,367837408,822793136,5368709120,5368709120,4294967296,4294967296
2026-03-17 23:20:12,528000768,2770091368,801947872,1149948848,5368709120,5368709120,4294967296,4294967296
2026-03-17 23:20:42,1681712992,1071983232,1363984608,1816843184,5368709120,5368709120,4294967296,4294967296
2026-03-17 23:21:12,2805996112,2443498888,1869398240,399785472,5368709120,5368709120,4294967296,4294967296
2026-03-17 23:21:42,2793567760,2905163776,435391168,886324736,5368709120,5368709120,4294967296,4294967296
2026-03-17 23:22:12,1988384464,2565501416,1072925376,1528053248,5368709120,5368709120,4294967296,4294967296
2026-03-17 23:22:42,1372107664,2062314888,1423149760,1880374784,5368709120,5368709120,4294967296,4294967296
2026-03-17 23:23:12,2706061504,493923880,1926466240,452992176,5368709120,5368709120,4294967296,4294967296
2026-03-17 23:23:42,453797944,1488000088,354686624,805313712,5368709120,5368709120,4294967296,4294967296
2026-03-17 23:24:12,3263981624,1416686968,717493920,1170218160,5368709120,5368709120,4294967296,4294967296
2026-03-17 23:24:42,680517296,1920003448,1065621152,1516248240,5368709120,5368709120,4294967296,4294967296
2026-03-17 23:25:12,2018500272,3266375032,1707349664,237567504,5368709120,5368709120,4294967296,4294967296
2026-03-17 23:25:42,2802835120,649286088,1975785120,447282704,5368709120,5368709120,4294967296,4294967296
2026-03-17 23:26:12,244297536,1504924104,362835968,812187152,5368709120,5368709120,4294967296,4294967296
2026-03-17 23:26:42,1322233664,2570277320,853569536,1305017872,5368709120,5368709120,4294967296,4294967296
2026-03-17 23:27:12,2802822976,842429224,1495298048,1950940688,5368709120,5368709120,4294967296,4294967296
2026-03-17 23:27:42,856858976,2184606504,195580568,610588688,5368709120,5368709120,4294967296,4294967296
2026-03-17 23:28:12,2819793248,884352656,1118327448,1573181456,5368709120,5368709120,4294967296,4294967296
2026-03-17 23:28:42,110383616,1400252048,1328042648,1784993808,5368709120,5368709120,4294967296,4294967296
2026-03-17 23:29:12,1041519104,2335581840,1695044248,229446368,5368709120,5368709120,4294967296,4294967296
2026-03-17 23:29:42,2589217280,666334416,419710464,856494816,5368709120,5368709120,4294967296,4294967296
2026-03-17 23:30:12,840181000,2125952208,950289920,1366102752,5368709120,5368709120,4294967296,4294967296
2026-03-17 23:30:42,2157192456,217710080,1459897856,1854739168,5368709120,5368709120,4294967296,4294967296
2026-03-17 23:31:12,676689904,1949957632,203829248,579387984,5368709120,5368709120,4294967296,4294967296
2026-03-17 23:31:42,2266331120,318395776,851849216,1206436432,5368709120,5368709120,4294967296,4294967296
2026-03-17 23:32:12,513148824,1769624960,1376137216,1711850064,5368709120,5368709120,4294967296,4294967296
2026-03-17 23:32:42,1624639384,3078247808,1885745152,277513248,5368709120,5368709120,4294967296,4294967296
2026-03-17 23:33:12,3021342616,1258064984,625892880,919241760,5368709120,5368709120,4294967296,4294967296
2026-03-17 23:33:42,840704072,2289863768,997088784,1269466144,5368709120,5368709120,4294967296,4294967296
2026-03-17 23:34:12,2853969992,1081890800,1915641360,128767368,5368709120,5368709120,4294967296,4294967296
2026-03-17 23:34:42,987414496,2470205424,506504120,757912968,5368709120,5368709120,4294967296,4294967296
2026-03-17 23:35:12,2463809504,767437864,1009820600,1263326600,5368709120,5368709120,4294967296,4294967296
2026-03-17 23:35:42,467287168,2021534760,1362142136,1613550984,5368709120,5368709120,4294967296,4294967296
2026-03-17 23:36:12,1931099264,306213776,1729143736,1982649736,5368709120,5368709120,4294967296,4294967296
2026-03-17 23:36:42,257703936,1891660688,156048896,409948216,5368709120,5368709120,4294967296,4294967296
2026-03-17 23:37:12,2510045184,956285808,799874560,1053773880,5368709120,5368709120,4294967296,4294967296
2026-03-17 23:37:42,1251860736,2952774512,1424825856,1678725176,5368709120,5368709120,4294967296,4294967296
2026-03-17 23:38:12,3290292480,2034323456,288274976,543931392,5368709120,5368709120,4294967296,4294967296
2026-03-17 23:38:42,1671400144,448909592,776911392,1034664960,5368709120,5368709120,4294967296,4294967296
2026-03-17 23:39:12,3038743248,1849807128,1146010144,1403763712,5368709120,5368709120,4294967296,4294967296
2026-03-17 23:39:42,2535432400,1212409736,1859041824,105851904,5368709120,5368709120,4294967296,4294967296
2026-03-17 23:40:12,1541446424,339971304,523495424,611265536,5368709120,5368709120,4294967296,4294967296
2026-03-17 23:40:42,635541048,2638449896,1093920768,1099901952,5368709120,5368709120,4294967296,4294967296
2026-03-17 23:41:12,3147929144,1917229480,1823729664,1745824768,5368709120,5368709120,4294967296,4294967296
2026-03-17 23:41:42,2397265856,1149884888,611595512,447911936,5368709120,5368709120,4294967296,4294967296
2026-03-17 23:42:12,1688587984,420090424,1337210104,1093834752,5368709120,5368709120,4294967296,4294967296
2026-03-17 23:42:42,614965872,2554991160,1635005688,1305647104,5368709120,5368709120,4294967296,4294967296
2026-03-17 23:43:12,3056050800,1766538576,1949578488,1534236672,5368709120,5368709120,4294967296,4294967296
2026-03-17 23:43:42,3236329752,1938595952,873894416,372675496,5368709120,5368709120,4294967296,4294967296
2026-03-17 23:44:12,3156836608,1695506624,1463194128,878089128,5368709120,5368709120,4294967296,4294967296
2026-03-17 23:44:42,1349195312,307113672,1951830544,1295422376,5368709120,5368709120,4294967296,4294967296
2026-03-17 23:45:12,3253439296,2286975952,809125568,224243200,5368709120,5368709120,4294967296,4294967296
2026-03-17 23:45:42,904731488,3302058560,1027229376,440249856,5368709120,5368709120,4294967296,4294967296
2026-03-17 23:46:12,3211799872,2454889120,1863993024,1220390400,5368709120,5368709120,4294967296,4294967296
2026-03-17 23:46:42,1144121656,622168448,369479168,1681763840,5368709120,5368709120,4294967296,4294967296
2026-03-17 23:47:12,1228106400,760677176,1013304832,427922104,5368709120,5368709120,4294967296,4294967296
2026-03-17 23:47:42,1417003120,1100493728,1501941248,916558520,5368709120,5368709120,4294967296,4294967296
2026-03-17 23:48:12,112732416,2815964064,82536848,1424069304,5368709120,5368709120,4294967296,4294967296
2026-03-17 23:48:42,460928080,220027768,573270416,1912705720,5368709120,5368709120,4294967296,4294967296
2026-03-17 23:49:12,796598528,601677744,1078684048,411740224,5368709120,5368709120,4294967296,4294967296
2026-03-17 23:49:42,2965052208,2443057888,1898670480,982165568,5368709120,5368709120,4294967296,4294967296
2026-03-17 23:50:12,679603680,3298843376,816473832,1487579200,5368709120,5368709120,4294967296,4294967296
2026-03-17 23:50:42,2973887968,2183587360,1642751720,1982507072,5368709120,5368709120,4294967296,4294967296
2026-03-17 23:51:12,633928504,2808607272,559383392,563343376,5368709120,5368709120,4294967296,4294967296
2026-03-17 23:51:42,1120614336,3228216040,1247249248,919859216,5368709120,5368709120,4294967296,4294967296
2026-03-17 23:52:12,143643288,1819266048,303636240,1563684880,5368709120,5368709120,4294967296,4294967296
2026-03-17 23:52:42,2484033432,955655680,989404944,1916006416,5368709120,5368709120,4294967296,4294967296
2026-03-17 23:53:12,403812224,1899556256,1691950864,360659456,5368709120,5368709120,4294967296,4294967296
2026-03-17 23:53:42,1557813120,3010893504,589343456,851393024,5368709120,5368709120,4294967296,4294967296
2026-03-17 23:54:12,3310994896,1585315392,1786817248,1627339264,5368709120,5368709120,4294967296,4294967296
2026-03-17 23:54:42,505453120,2092826176,258627936,185401232,5368709120,5368709120,4294967296,4294967296
2026-03-17 23:55:12,1163958848,2747137600,499800416,416087952,5368709120,5368709120,4294967296,4294967296
2026-03-17 23:55:42,2497747520,868369088,1275746656,1183645584,5368709120,5368709120,4294967296,4294967296
2026-03-17 23:56:12,3277888064,1786921664,1653234016,1548550032,5368709120,5368709120,4294967296,4294967296
2026-03-17 23:56:42,681387360,2260878016,86279224,1898774416,5368709120,5368709120,4294967296,4294967296
2026-03-17 23:57:12,1608328544,3187819200,465863736,340758832,5368709120,5368709120,4294967296,4294967296
2026-03-17 23:57:42,2115839328,473941120,688161848,550474032,5368709120,5368709120,4294967296,4294967296
2026-03-17 23:58:12,3042780512,1400882304,1063552056,917475632,5368709120,5368709120,4294967296,4294967296
2026-03-17 23:58:42,610101568,2176828544,1424262200,1267700016,5368709120,5368709120,4294967296,4294967296
2026-03-17 23:59:12,1541237056,3103769728,1797555256,1632604464,5368709120,5368709120,4294967296,4294967296
2026-03-17 23:59:42,3286067520,1631696200,788937384,613517648,5368709120,5368709120,4294967296,4294967296
2026-03-18 00:00:12,1130311704,2713826632,1158036136,982616400,5368709120,5368709120,4294967296,4294967296
2026-03-18 00:00:42,2464100376,772019848,1652964008,1475447120,5368709120,5368709120,4294967296,4294967296
2026-03-18 00:01:12,442669416,1988368008,235414256,1982957904,5368709120,5368709120,4294967296,4294967296
2026-03-18 00:01:42,1470273896,3074692744,585638640,407708072,5368709120,5368709120,4294967296,4294967296
2026-03-18 00:02:12,2783091048,1149635744,1227367152,1053630888,5368709120,5368709120,4294967296,4294967296
2026-03-18 00:02:42,601945144,2202406048,1577591536,1403855272,5368709120,5368709120,4294967296,4294967296
2026-03-18 00:03:12,2061562936,461807048,157916248,1907171752,5368709120,5368709120,4294967296,4294967296
2026-03-18 00:03:42,237155744,1866898888,784964696,611674752,5368709120,5368709120,4294967296,4294967296
2026-03-18 00:04:12,1440920992,3087441352,1430887512,1259694720,5368709120,5368709120,4294967296,4294967296
2026-03-18 00:04:42,2422388128,872853312,1919523928,1752525440,5368709120,5368709120,4294967296,4294967296
2026-03-18 00:05:12,719706016,2357636928,499893240,196128192,5368709120,5368709120,4294967296,4294967296
2026-03-18 00:05:42,1940248480,373718736,936100856,684764608,5368709120,5368709120,4294967296,4294967296
2026-03-18 00:06:12,459727800,1866890960,1351336952,1051766208,5368709120,5368709120,4294967296,4294967296
2026-03-18 00:06:42,1931928504,432524456,1879819256,1513139648,5368709120,5368709120,4294967296,4294967296
2026-03-18 00:07:12,761797912,2626145448,502100232,129149224,5368709120,5368709120,4294967296,4294967296
2026-03-18 00:07:42,2275941656,684166992,894267656,479373608,5368709120,5368709120,4294967296,4294967296
2026-03-18 00:08:12,757695272,2370277200,1303212296,844278056,5368709120,5368709120,4294967296,4294967296
2026-03-18 00:08:42,2297004840,701094520,1693282568,1194502440,5368709120,5368709120,4294967296,4294967296
2026-03-18 00:09:12,505939320,2118769272,1965912328,1423092008,5368709120,5368709120,4294967296,4294967296
2026-03-18 00:09:42,1785202040,172642832,296723016,1637001512,5368709120,5368709120,4294967296,4294967296
2026-03-18 00:10:12,1814565088,160186080,936354376,230000248,5368709120,5368709120,4294967296,4294967296
2026-03-18 00:10:42,1991117224,525209544,1706009160,1121289848,5368709120,5368709120,4294967296,4294967296
2026-03-18 00:11:12,1223400864,3045986248,1934598728,1349879416,5368709120,5368709120,4294967296,4294967296
2026-03-18 00:11:42,590067544,2488151160,361925744,1700103800,5368709120,5368709120,4294967296,4294967296
2026-03-18 00:12:12,518958560,2496727280,1005751408,423152432,5368709120,5368709120,4294967296,4294967296
2026-03-18 00:12:42,3073289696,1905259648,1362267248,777571120,5368709120,5368709120,4294967296,4294967296
2026-03-18 00:13:12,3274582432,2173817536,219697624,1561905968,5368709120,5368709120,4294967296,4294967296
2026-03-18 00:13:42,3253693072,2433870560,980963800,339474104,5368709120,5368709120,4294967296,4294967296
2026-03-18 00:14:12,154418880,2417302424,1624789464,1048311480,5368709120,5368709120,4294967296,4294967296
2026-03-18 00:14:42,3082043072,2320862304,325020576,1675359928,5368709120,5368709120,4294967296,4294967296
2026-03-18 00:15:12,1375102096,383204768,998206368,260486176,5368709120,5368709120,4294967296,4294967296
2026-03-18 00:15:42,2859971408,1943816576,1721723808,820425760,5368709120,5368709120,4294967296,4294967296
2026-03-18 00:16:12,960034192,211515160,335470640,1193718816,5368709120,5368709120,4294967296,4294967296
2026-03-18 00:16:42,2939879576,2023491184,1123999792,1818670112,5368709120,5368709120,4294967296,4294967296
2026-03-18 00:17:12,1421850216,509505904,1935597616,543586656,5368709120,5368709120,4294967296,4294967296
2026-03-18 00:17:42,3200283920,2254670432,801267104,1170635104,5368709120,5368709120,4294967296,4294967296
2026-03-18 00:18:12,1614892448,631436272,1476550048,1676048736,5368709120,5368709120,4294967296,4294967296
2026-03-18 00:18:42,2663565288,1835362608,344260936,380841216,5368709120,5368709120,4294967296,4294967296
2026-03-18 00:19:12,453402128,2833641040,1015349576,886254848,5368709120,5368709120,4294967296,4294967296
2026-03-18 00:19:42,1061653640,598206480,1531248968,1236479232,5368709120,5368709120,4294967296,4294967296
2026-03-18 00:20:12,1477220096,1844077952,116205072,1748184320,5368709120,5368709120,4294967296,4294967296
2026-03-18 00:20:42,692909968,1303191408,609035792,311885064,5368709120,5368709120,4294967296,4294967296
2026-03-18 00:21:12,974858632,2301696080,1380787728,1089928456,5368709120,5368709120,4294967296,4294967296
2026-03-18 00:21:42,676769072,2637411368,79142184,1712782600,5368709120,5368709120,4294967296,4294967296
2026-03-18 00:22:12,119079112,2440440704,456629544,165772784,5368709120,5368709120,4294967296,4294967296
2026-03-18 00:22:42,295417272,3149315728,811048232,518094320,5368709120,5368709120,4294967296,4294967296
2026-03-18 00:23:12,823988864,1249658720,1180146984,889290224,5368709120,5368709120,4294967296,4294967296
2026-03-18 00:23:42,1453433144,2533249080,1668783400,1375829488,5368709120,5368709120,4294967296,4294967296
2026-03-18 00:24:12,2300886384,880894216,256019968,1883340272,5368709120,5368709120,4294967296,4294967296
2026-03-18 00:24:42,3248931480,2571410296,876776960,588037464,5368709120,5368709120,4294967296,4294967296
2026-03-18 00:25:12,2204866088,1858568360,1514311168,1227668824,5368709120,5368709120,4294967296,4294967296
2026-03-18 00:25:42,2854983208,2504491176,1875021312,1577893208,5368709120,5368709120,4294967296,4294967296
2026-03-18 00:26:12,854320320,633893048,489239416,162904368,5368709120,5368709120,4294967296,4294967296
2026-03-18 00:26:42,1630266560,1275621560,963195768,649443632,5368709120,5368709120,4294967296,4294967296
2026-03-18 00:27:12,2825643200,2475192504,1481192312,1156954416,5368709120,5368709120,4294967296,4294967296
2026-03-18 00:27:42,820800696,457789400,195495440,1786100016,5368709120,5368709120,4294967296,4294967296
2026-03-18 00:28:12,2028760248,1661554648,713491984,370523168,5368709120,5368709120,4294967296,4294967296
2026-03-18 00:28:42,2934729912,2571718616,1210517008,857062432,5368709120,5368709120,4294967296,4294967296
2026-03-18 00:29:12,619661832,248082248,1588004368,1224064032,5368709120,5368709120,4294967296,4294967296
2026-03-18 00:29:42,1999587848,1581870920,300857448,1849015328,5368709120,5368709120,4294967296,4294967296
2026-03-18 00:30:12,2741979656,2370400072,676247656,293062848,5368709120,5368709120,4294967296,4294967296
2026-03-18 00:30:42,716083608,353021288,1164884072,779602112,5368709120,5368709120,4294967296,4294967296
2026-03-18 00:31:12,1919848856,1560980840,1538177128,1154992320,5368709120,5368709120,4294967296,4294967296
2026-03-18 00:31:42,3232666008,2798300520,101367824,1528285376,5368709120,5368709120,4294967296,4294967296
2026-03-18 00:32:12,1207306984,881599320,470466576,87200600,5368709120,5368709120,4294967296,4294967296
2026-03-18 00:32:42,2796948200,2488017752,1095417872,714249048,5368709120,5368709120,4294967296,4294967296
2026-03-18 00:33:12,1316013200,1024355520,1739243536,1355977560,5368709120,5368709120,4294967296,4294967296
2026-03-18 00:33:42,2079376528,1800301760,1948958736,1567789912,5368709120,5368709120,4294967296,4294967296
2026-03-18 00:34:12,598793096,323858568,667603456,291202416,5368709120,5368709120,4294967296,4294967296
2026-03-18 00:34:42,1878055816,1628287112,1156239872,777741680,5368709120,5368709120,4294967296,4294967296
2026-03-18 00:35:12,3069238152,2823663752,1527435776,1148937584,5368709120,5368709120,4294967296,4294967296
2026-03-18 00:35:42,1374847232,1124961632,1923797504,1503356272,5368709120,5368709120,4294967296,4294967296
2026-03-18 00:36:12,3069346048,2811071840,408032008,1868260720,5368709120,5368709120,4294967296,4294967296
2026-03-18 00:36:42,1958008944,1695611024,1074926344,574162648,5368709120,5368709120,4294967296,4294967296
2026-03-18 00:37:12,724796232,445808856,1624380168,1081673432,5368709120,5368709120,4294967296,4294967296
2026-03-18 00:37:42,1995670344,1716682968,1878135560,1293485784,5368709120,5368709120,4294967296,4294967296
2026-03-18 00:38:12,758356872,470905648,502183936,1798899416,5368709120,5368709120,4294967296,4294967296
2026-03-18 00:38:42,2587073416,2291233584,1032763392,364136464,5368709120,5368709120,4294967296,4294967296
2026-03-18 00:39:12,1068883360,768813952,1439610880,731138064,5368709120,5368709120,4294967296,4294967296
2026-03-18 00:39:42,2612387232,2303929216,1831778304,1079265296,5368709120,5368709120,4294967296,4294967296
2026-03-18 00:40:12,1903529960,1582504888,730809616,1863600144,5368709120,5368709120,4294967296,4294967296
2026-03-18 00:40:42,1794589944,1557333072,1355760912,567607296,5368709120,5368709120,4294967296,4294967296
2026-03-18 00:41:12,1857626512,1683335904,1997489424,1213530112,5368709120,5368709120,4294967296,4294967296
2026-03-18 00:41:42,1895377648,1792461392,842449408,1983184896,5368709120,5368709120,4294967296,4294967296
2026-03-18 00:42:12,989634560,957833520,1073136128,291525216,5368709120,5368709120,4294967296,4294967296
2026-03-18 00:42:42,914181504,1205396920,1972814336,1193300576,5368709120,5368709120,4294967296,4294967296
2026-03-18 00:43:12,3204271488,370761200,418906672,1564496480,5368709120,5368709120,4294967296,4294967296
2026-03-18 00:43:42,2512160744,3008978416,750256688,1776308832,5368709120,5368709120,4294967296,4294967296
2026-03-18 00:44:12,2600387672,3130713456,1547174448,774106952,5368709120,5368709120,4294967296,4294967296
2026-03-18 00:44:42,1946110336,2556173352,1899495984,1124331336,5368709120,5368709120,4294967296,4294967296
2026-03-18 00:45:12,1434478512,2107349408,339393936,1491332936,5368709120,5368709120,4294967296,4294967296
2026-03-18 00:45:42,528723960,1189092224,1406844304,471943576,5368709120,5368709120,4294967296,4294967296
2026-03-18 00:46:12,1250178920,2149590288,431906192,1256278424,5368709120,5368709120,4294967296,4294967296
2026-03-18 00:46:42,2059813248,2942414824,947805584,1606502808,5368709120,5368709120,4294967296,4294967296
2026-03-18 00:47:12,2294882432,3122928376,1618894224,189187280,5368709120,5368709120,4294967296,4294967296
2026-03-18 00:47:42,650787944,1071963432,224537664,539411664,5368709120,5368709120,4294967296,4294967296
2026-03-18 00:48:12,1863155456,2728848576,1159867456,1321649360,5368709120,5368709120,4294967296,4294967296
2026-03-18 00:48:42,2672685648,132887040,1677864000,1673970896,5368709120,5368709120,4294967296,4294967296
2026-03-18 00:49:12,1226051664,1814782672,564927504,307087032,5368709120,5368709120,4294967296,4294967296
2026-03-18 00:49:42,2081491552,2788019040,1219238928,881706680,5368709120,5368709120,4294967296,4294967296
2026-03-18 00:50:12,1712463656,2242729312,1892424720,1389217464,5368709120,5368709120,4294967296,4294967296
2026-03-18 00:50:42,232236224,1387548432,459948464,1877853880,5368709120,5368709120,4294967296,4294967296
2026-03-18 00:51:12,1708707680,397760688,1101676976,597134144,5368709120,5368709120,4294967296,4294967296
2026-03-18 00:51:42,1201436384,3220527280,1560953264,1058507584,5368709120,5368709120,4294967296,4294967296
2026-03-18 00:52:12,132103776,2432291216,1827291568,1324845888,5368709120,5368709120,4294967296,4294967296
2026-03-18 00:52:42,1021617536,805360416,529920064,1949797184,5368709120,5368709120,4294967296,4294967296
2026-03-18 00:53:12,1642430136,2340455752,1035333696,532648576,5368709120,5368709120,4294967296,4294967296
2026-03-18 00:53:42,2129156360,302366088,1523970112,1021284992,5368709120,5368709120,4294967296,4294967296
2026-03-18 00:54:12,2674527560,1397260992,1897263168,1392480896,5368709120,5368709120,4294967296,4294967296
2026-03-18 00:54:42,2435588480,2206802024,734073856,226998112,5368709120,5368709120,4294967296,4294967296
2026-03-18 00:55:12,2222040960,2559404696,1107366912,600291168,5368709120,5368709120,4294967296,4294967296
2026-03-18 00:55:42,2435932600,2840346480,1319179264,812103520,5368709120,5368709120,4294967296,4294967296
2026-03-18 00:56:12,3232850360,420475024,1694569472,1174910816,5368709120,5368709120,4294967296,4294967296
2026-03-18 00:56:42,1052010848,1452273808,269170264,1665644384,5368709120,5368709120,4294967296,4294967296
2026-03-18 00:57:12,2264164704,2664427664,919287384,385013840,5368709120,5368709120,4294967296,4294967296
2026-03-18 00:57:42,3186911584,365895200,1418409560,871553104,5368709120,5368709120,4294967296,4294967296
2026-03-18 00:58:12,1190524856,1578049056,149370368,1517475920,5368709120,5368709120,4294967296,4294967296
2026-03-18 00:58:42,2255878072,2639207968,791098880,225742024,5368709120,5368709120,4294967296,4294967296
2026-03-18 00:59:12,2910189496,3289325088,1034368512,456428744,5368709120,5368709120,4294967296,4294967296
2026-03-18 00:59:42,1064727560,1401979568,1669805568,1083477192,5368709120,5368709120,4294967296,4294967296
2026-03-18 01:00:12,1970697224,2345697968,398865888,1729400008,5368709120,5368709120,4294967296,4294967296
2026-03-18 01:00:42,2935387144,3264250544,950416864,299227616,5368709120,5368709120,4294967296,4294967296
2026-03-18 01:01:12,935168448,1326568224,1405498848,804641248,5368709120,5368709120,4294967296,4294967296
2026-03-18 01:01:42,1992133056,2370949920,107606016,1435884000,5368709120,5368709120,4294967296,4294967296
2026-03-18 01:02:12,2885519808,3310474016,411693056,1737873888,5368709120,5368709120,4294967296,4294967296
2026-03-18 01:02:42,846999536,1293244808,900329472,301427568,5368709120,5368709120,4294967296,4294967296
2026-03-18 01:03:12,1975267312,2434095496,1338634240,741829488,5368709120,5368709120,4294967296,4294967296
2026-03-18 01:03:42,3153866736,416565680,1825173504,1228368752,5368709120,5368709120,4294967296,4294967296
2026-03-18 01:04:12,846928920,1339312560,128562680,1456958320,5368709120,5368709120,4294967296,4294967296
2026-03-18 01:04:42,2713394200,2945730992,843691512,161030528,5368709120,5368709120,4294967296,4294967296
2026-03-18 01:05:12,977098392,1481975440,1403631096,811147648,5368709120,5368709120,4294967296,4294967296
2026-03-18 01:05:42,2109560472,2673157776,1823061496,1159274880,5368709120,5368709120,4294967296,4294967296
2026-03-18 01:06:12,738027408,1255556424,374146048,1666785664,5368709120,5368709120,4294967296,4294967296
2026-03-18 01:06:42,2289919888,2786477384,766313472,91948600,5368709120,5368709120,4294967296,4294967296
2026-03-18 01:07:12,478030928,957825160,1036846080,320538168,5368709120,5368709120,4294967296,4294967296
2026-03-18 01:07:42,1727933520,2224504968,1290601472,532350520,5368709120,5368709120,4294967296,4294967296
2026-03-18 01:08:12,213857928,710520496,1699546112,899352120,5368709120,5368709120,4294967296,4294967296
2026-03-18 01:08:42,1774139016,2258218672,166710784,1249576504,5368709120,5368709120,4294967296,4294967296
2026-03-18 01:09:12,1094716152,1570331256,990891520,107181616,5368709120,5368709120,4294967296,4294967296
2026-03-18 01:09:42,3200256760,454603112,1657785856,736327216,5368709120,5368709120,4294967296,4294967296
2026-03-18 01:10:12,1828764256,2291708264,282284544,1239643696,5368709120,5368709120,4294967296,4294967296
2026-03-18 01:10:42,180506328,626715000,676549120,1594062384,5368709120,5368709120,4294967296,4294967296
2026-03-18 01:11:12,2885832408,182109360,1043550720,1963161136,5368709120,5368709120,4294967296,4294967296
2026-03-18 01:11:42,2403502216,2967127216,1530089984,528955440,5368709120,5368709120,4294967296,4294967296
2026-03-18 01:12:12,2286082656,3005055144,387347968,1311193136,5368709120,5368709120,4294967296,4294967296
2026-03-18 01:12:42,1090814000,1763497728,808875520,1730623536,5368709120,5368709120,4294967296,4294967296
2026-03-18 01:13:12,189011752,857587344,1175877120,176411720,5368709120,5368709120,4294967296,4294967296
2026-03-18 01:13:42,3020166952,538871776,1664513536,665048136,5368709120,5368709120,4294967296,4294967296
2026-03-18 01:14:12,2709970736,337644736,244763792,1170461768,5368709120,5368709120,4294967296,4294967296
2026-03-18 01:14:42,2370134944,107107432,1010224272,1893979208,5368709120,5368709120,4294967296,4294967296
2026-03-18 01:15:12,1242091600,2233619560,1379323024,383823360,5368709120,5368709120,4294967296,4294967296
2026-03-18 01:15:42,143151440,1218524568,1591135376,595635712,5368709120,5368709120,4294967296,4294967296
2026-03-18 01:16:12,1049219328,2107760776,203048696,968928768,5368709120,5368709120,4294967296,4294967296
2026-03-18 01:16:42,2550901336,400898496,861554424,1457565184,5368709120,5368709120,4294967296,4294967296
2026-03-18 01:17:12,1217266432,2221199144,1534740216,1967173120,5368709120,5368709120,4294967296,4294967296
2026-03-18 01:17:42,2534309520,279448368,129916280,393414768,5368709120,5368709120,4294967296,4294967296
2026-03-18 01:18:12,915462000,1839749696,801004920,900925552,5368709120,5368709120,4294967296,4294967296
2026-03-18 01:18:42,3016848912,720158416,1730043256,1666386032,5368709120,5368709120,4294967296,4294967296
2026-03-18 01:19:12,1494507280,2423095792,480414480,248709216,5368709120,5368709120,4294967296,4294967296
2026-03-18 01:19:42,2866163136,527373040,1000508176,598933600,5368709120,5368709120,4294967296,4294967296
2026-03-18 01:20:12,1142359400,2012185392,1535281936,970129504,5368709120,5368709120,4294967296,4294967296
2026-03-18 01:20:42,333364616,1198998368,814500784,83911392,5368709120,5368709120,4294967296,4294967296
2026-03-18 01:21:12,924818672,2486737272,1458326448,729834208,5368709120,5368709120,4294967296,4294967296
2026-03-18 01:21:42,1948358704,1019326976,297111128,1493197536,5368709120,5368709120,4294967296,4294967296
2026-03-18 01:22:12,1810391840,1354808064,806719064,2002805472,5368709120,5368709120,4294967296,4294967296
2026-03-18 01:22:42,2422776072,2571043072,1159040600,432350792,5368709120,5368709120,4294967296,4294967296
2026-03-18 01:23:12,2993304000,474240912,1532333656,805643848,5368709120,5368709120,4294967296,4294967296
2026-03-18 01:23:42,355265152,1443154088,94604320,1292183112,5368709120,5368709120,4294967296,4294967296
2026-03-18 01:24:12,946854384,2353555744,467897376,1663379016,5368709120,5368709120,4294967296,4294967296
2026-03-18 01:24:42,1040945960,3261223104,973311008,248026840,5368709120,5368709120,4294967296,4294967296
2026-03-18 01:25:12,1611431360,1206164704,1617136672,893949656,5368709120,5368709120,4294967296,4294967296
2026-03-18 01:25:42,1884529136,2187977816,1973652512,1248368344,5368709120,5368709120,4294967296,4294967296
2026-03-18 01:26:12,2303981184,3282573616,419553040,1617467096,5368709120,5368709120,4294967296,4294967296
2026-03-18 01:26:42,2526398688,535635040,895606544,168632640,5368709120,5368709120,4294967296,4294967296
2026-03-18 01:27:12,1868011104,556564432,1392631568,669851968,5368709120,5368709120,4294967296,4294967296
2026-03-18 01:27:42,2274858592,967606224,1738661648,1013784896,5368709120,5368709120,4294967296,4294967296
2026-03-18 01:28:12,2555876960,1265401808,1969348368,1242374464,5368709120,5368709120,4294967296,4294967296
2026-03-18 01:28:42,815470336,2741796816,681969248,1879908672,5368709120,5368709120,4294967296,4294967296
2026-03-18 01:29:12,2400917248,1118888640,1464206944,737713264,5368709120,5368709120,4294967296,4294967296
2026-03-18 01:29:42,517590128,2461065920,166325248,1362664560,5368709120,5368709120,4294967296,4294967296
2026-03-18 01:30:12,1721355376,452093096,671738880,1874369648,5368709120,5368709120,4294967296,4294967296
2026-03-18 01:30:42,3050949744,1790076072,1294593024,579954688,5368709120,5368709120,4294967296,4294967296
2026-03-18 01:31:12,492834688,2448581800,1523182592,806447104,5368709120,5368709120,4294967296,4294967296
2026-03-18 01:31:42,1663045504,401628560,107737088,1295083520,5368709120,5368709120,4294967296,4294967296
2026-03-18 01:32:12,3256881024,1995464080,772534272,1938909184,5368709120,5368709120,4294967296,4294967296
2026-03-18 01:32:42,1352778384,3304086928,1282142208,504257616,5368709120,5368709120,4294967296,4294967296
2026-03-18 01:33:12,2627846800,1429486976,1766584320,869162064,5368709120,5368709120,4294967296,4294967296
2026-03-18 01:33:42,912158280,2847161728,390513912,1496210512,5368709120,5368709120,4294967296,4294967296
2026-03-18 01:34:12,2770234952,1488224248,1191625976,357523008,5368709120,5368709120,4294967296,4294967296
2026-03-18 01:34:42,979312320,2905899000,1837548792,982474304,5368709120,5368709120,4294967296,4294967296
2026-03-18 01:35:12,2711559872,1417103072,581409048,1628397120,5368709120,5368709120,4294967296,4294967296
2026-03-18 01:35:42,811551816,2448901856,969382168,1976524352,5368709120,5368709120,4294967296,4294967296
2026-03-18 01:36:12,2682211400,1370944424,1887934744,974584832,5368709120,5368709120,4294967296,4294967296
2026-03-18 01:36:42,1252154752,3199660968,453595288,1461124096,5368709120,5368709120,4294967296,4294967296
2026-03-18 01:37:12,279180408,2218162144,1097420952,181566432,5368709120,5368709120,4294967296,4294967296
2026-03-18 01:37:42,2644767864,1383576304,1858687128,947026912,5368709120,5368709120,4294967296,4294967296
2026-03-18 01:38:12,1113844528,3103240944,302745056,1314028512,5368709120,5368709120,4294967296,4294967296
2026-03-18 01:38:42,3210996528,1979277288,927696352,1938979808,5368709120,5368709120,4294967296,4294967296
2026-03-18 01:39:12,1403156976,251262040,1156285920,245008384,5368709120,5368709120,4294967296,4294967296
2026-03-18 01:39:42,3215096304,2096755800,1644922336,731547648,5368709120,5368709120,4294967296,4294967296
2026-03-18 01:40:12,2481230792,1329230688,500055592,1513785344,5368709120,5368709120,4294967296,4294967296
2026-03-18 01:40:42,992364712,3107615584,1125006888,215469320,5368709120,5368709120,4294967296,4294967296
2026-03-18 01:41:12,2363902120,1354523520,1630420520,722980104,5368709120,5368709120,4294967296,4294967296
2026-03-18 01:41:42,1592316832,444312128,277942632,1209519368,5368709120,5368709120,4294967296,4294967296
2026-03-18 01:42:12,694674168,2856036928,1005654376,1855442184,5368709120,5368709120,4294967296,4294967296
2026-03-18 01:42:42,2523390712,1644134120,1578176872,421646336,5368709120,5368709120,4294967296,4294967296
2026-03-18 01:43:12,1328127928,335734240,1894846824,654430208,5368709120,5368709120,4294967296,4294967296
2026-03-18 01:43:42,1000988912,3213026784,680781696,1279381504,5368709120,5368709120,4294967296,4294967296
2026-03-18 01:44:12,3081363696,2151847072,1320413056,1786892288,5368709120,5368709120,4294967296,4294967296
2026-03-18 01:44:42,1852586456,822235216,1704191872,213919080,5368709120,5368709120,4294967296,4294967296
2026-03-18 01:45:12,1303182768,214186896,233819296,583017832,5368709120,5368709120,4294967296,4294967296
2026-03-18 01:45:42,917417440,3154394000,1028639904,1210066280,5368709120,5368709120,4294967296,4294967296
2026-03-18 01:46:12,510612432,2466624584,1529859232,1713382760,5368709120,5368709120,4294967296,4294967296
2026-03-18 01:46:42,514985728,2827349488,373002736,556110808,5368709120,5368709120,4294967296,4294967296
2026-03-18 01:47:12,1437630080,667468080,603689456,786797528,5368709120,5368709120,4294967296,4294967296
2026-03-18 01:47:42,2624770496,2106291008,956010992,1137021912,5368709120,5368709120,4294967296,4294967296
2026-03-18 01:48:12,1446409984,990657040,1595642352,1778750424,5368709120,5368709120,4294967296,4294967296
2026-03-18 01:48:42,2457273968,2152441608,1811649008,1992659928,5368709120,5368709120,4294967296,4294967296
2026-03-18 01:49:12,708341104,533562416,258177304,439473672,5368709120,5368709120,4294967296,4294967296
2026-03-18 01:49:42,2881169856,3041879872,1292073240,1381094920,5368709120,5368709120,4294967296,4294967296
2026-03-18 01:50:12,1719447520,1787964312,1929607448,192228384,5368709120,5368709120,4294967296,4294967296
2026-03-18 01:50:42,3007201392,3289579784,361098144,542452768,5368709120,5368709120,4294967296,4294967296
2026-03-18 01:51:12,2143490560,2673327376,1273359264,1458908192,5368709120,5368709120,4294967296,4294967296
2026-03-18 01:51:42,2458118328,3092746432,174852352,1951738912,5368709120,5368709120,4294967296,4294967296
2026-03-18 01:52:12,1397305384,2338115776,1288440064,808653376,5368709120,5368709120,4294967296,4294967296
2026-03-18 01:52:42,2613732248,467710480,181551616,1295192640,5368709120,5368709120,4294967296,4294967296
2026-03-18 01:53:12,3188631488,1289971520,888291840,1666388544,5368709120,5368709120,4294967296,4294967296
2026-03-18 01:53:42,714265440,2393373784,1674723840,365102624,5368709120,5368709120,4294967296,4294967296
2026-03-18 01:54:12,1431687704,3303653376,645314952,874710560,5368709120,5368709120,4294967296,4294967296
2026-03-18 01:54:42,3323335568,2762832000,1412872584,1363346976,5368709120,5368709120,4294967296,4294967296
2026-03-18 01:55:12,702358256,506589224,329143504,1868760608,5368709120,5368709120,4294967296,4294967296
2026-03-18 01:55:42,1226688064,1160943656,1168004304,433051488,5368709120,5368709120,4294967296,4294967296
2026-03-18 01:56:12,2908781344,620099144,196948592,1074780000,5368709120,5368709120,4294967296,4294967296
2026-03-18 01:56:42,304454576,1220014536,576533104,1290786656,5368709120,5368709120,4294967296,4294967296
2026-03-18 01:57:12,1223007152,2264396232,937243248,1649399648,5368709120,5368709120,4294967296,4294967296
2026-03-18 01:57:42,2569378736,406412384,1702703728,498594384,5368709120,5368709120,4294967296,4294967296
2026-03-18 01:58:12,144944152,1207524448,149122560,863498832,5368709120,5368709120,4294967296,4294967296
2026-03-18 01:58:42,1206103064,2235128928,912485888,1628959312,5368709120,5368709120,4294967296,4294967296
2026-03-18 01:59:12,1852025880,2935577696,1141075456,1855451728,5368709120,5368709120,4294967296,4294967296
2026-03-18 01:59:42,2908990488,612000808,1627614720,418638024,5368709120,5368709120,4294967296,4294967296
2026-03-18 02:00:12,619120768,1723491368,1992519168,787736776,5368709120,5368709120,4294967296,4294967296
2026-03-18 02:00:42,2225539200,3334104104,832896000,1551100104,5368709120,5368709120,4294967296,4294967296
2026-03-18 02:01:12,3282503808,1182432416,1338309632,133518560,5368709120,5368709120,4294967296,4294967296
2026-03-18 02:01:42,963067168,2088402080,1826946048,622154976,5368709120,5368709120,4294967296,4294967296
2026-03-18 02:02:12,1869036832,2990177440,151301384,852841696,5368709120,5368709120,4294967296,4294967296
2026-03-18 02:02:42,342407672,1363061944,799321352,1479890144,5368709120,5368709120,4294967296,4294967296
2026-03-18 02:03:12,1906883064,3028200632,1598336264,339141256,5368709120,5368709120,4294967296,4294967296
2026-03-18 02:03:42,141330264,1056701448,319121344,966189704,5368709120,5368709120,4294967296,4294967296
2026-03-18 02:04:12,1319929688,2235300872,704997312,1333191304,5368709120,5368709120,4294967296,4294967296
2026-03-18 02:04:42,2850850648,545257720,1491429312,175692808,5368709120,5368709120,4294967296,4294967296
2026-03-18 02:05:12,665619856,1463810296,1881499584,546888712,5368709120,5368709120,4294967296,4294967296
2026-03-18 02:05:42,1399623056,2298476792,327918080,897113096,5368709120,5368709120,4294967296,4294967296
2026-03-18 02:06:12,2850852240,536955192,854303232,1402526728,5368709120,5368709120,4294967296,4294967296
2026-03-18 02:06:42,657265264,1560365368,1223401984,1752751112,5368709120,5368709120,4294967296,4294967296
2026-03-18 02:07:12,2007831152,2957068600,1454088704,1981340680,5368709120,5368709120,4294967296,4294967296
2026-03-18 02:07:42,1034790000,2017564208,292207016,823850712,5368709120,5368709120,4294967296,4294967296
2026-03-18 02:08:12,191905576,1216600344,1072347560,1606088408,5368709120,5368709120,4294967296,4294967296
2026-03-18 02:08:42,2700099368,365230272,1972025768,584917352,5368709120,5368709120,4294967296,4294967296
2026-03-18 02:09:12,1219635768,2315581632,552429240,1092428136,5368709120,5368709120,4294967296,4294967296
2026-03-18 02:09:42,3035769400,956697744,1038968504,1583161704,5368709120,5368709120,4294967296,4294967296
2026-03-18 02:10:12,1324472928,2504395920,1546479288,167801520,5368709120,5368709120,4294967296,4294967296
2026-03-18 02:10:42,2708593248,780562680,1930258104,551580336,5368709120,5368709120,4294967296,4294967296
2026-03-18 02:11:12,1110640800,2462478584,615160416,1163948720,5368709120,5368709120,4294967296,4294967296
2026-03-18 02:11:42,2649950368,826814912,963287648,1512075952,5368709120,5368709120,4294967296,4294967296
2026-03-18 02:12:12,2385719640,562595240,1552587360,94663656,5368709120,5368709120,4294967296,4294967296
2026-03-18 02:12:42,1429482080,2814936488,1848285792,308573160,5368709120,5368709120,4294967296,4294967296
2026-03-18 02:13:12,1547095680,2848597384,651088832,952398824,5368709120,5368709120,4294967296,4294967296
2026-03-18 02:13:42,1379286392,2756428976,1494143936,1717859304,5368709120,5368709120,4294967296,4294967296
2026-03-18 02:14:12,863464672,2240450688,1947128768,164072856,5368709120,5368709120,4294967296,4294967296
2026-03-18 02:14:42,205004928,1573638848,456434272,514297240,5368709120,5368709120,4294967296,4294967296
2026-03-18 02:15:12,2646089856,579714768,771007072,744983960,5368709120,5368709120,4294967296,4294967296
2026-03-18 02:15:42,2201537024,260953056,1341432416,1231523224,5368709120,5368709120,4294967296,4294967296
2026-03-18 02:16:12,1752795264,2920141792,1792320096,1600621976,5368709120,5368709120,4294967296,4294967296
2026-03-18 02:16:42,1396338256,2601498440,576183328,302802088,5368709120,5368709120,4294967296,4294967296
2026-03-18 02:17:12,3338500032,1481654272,1486347296,1212966056,5368709120,5368709120,4294967296,4294967296
2026-03-18 02:17:42,1648180560,3306390888,1972886560,1701602472,5368709120,5368709120,4294967296,4294967296
2026-03-18 02:18:12,390071456,2077488240,693999616,422194136,5368709120,5368709120,4294967296,4294967296
2026-03-18 02:18:42,2038484280,710363576,1455265792,1189751768,5368709120,5368709120,4294967296,4294967296
2026-03-18 02:19:12,1547901984,605617768,186774976,1846160344,5368709120,5368709120,4294967296,4294967296
2026-03-18 02:19:42,1506148864,580624128,539096512,273664264,5368709120,5368709120,4294967296,4294967296
2026-03-18 02:20:12,1275624192,370964464,1046607296,783272200,5368709120,5368709120,4294967296,4294967296
2026-03-18 02:20:42,1468572208,425528304,1394734528,1133496584,5368709120,5368709120,4294967296,4294967296
2026-03-18 02:21:12,3096026256,2296245504,1904342464,1641007368,5368709120,5368709120,4294967296,4294967296
2026-03-18 02:21:42,1682732720,1050775552,740779232,479760992,5368709120,5368709120,4294967296,4294967296
2026-03-18 02:22:12,2777645440,2325974336,1579640032,987271776,5368709120,5368709120,4294967296,4294967296
2026-03-18 02:22:42,2878444832,2930320216,512355792,1511559776,5368709120,5368709120,4294967296,4294967296
2026-03-18 02:23:12,2559959592,2825472192,1416228304,161612472,5368709120,5368709120,4294967296,4294967296
2026-03-18 02:23:42,3088627960,317769608,313916504,652346040,5368709120,5368709120,4294967296,4294967296
2026-03-18 02:24:12,3323788496,863104680,1018559576,1025639096,5368709120,5368709120,4294967296,4294967296
2026-03-18 02:24:42,262261152,1484077464,1972763736,1648493240,5368709120,5368709120,4294967296,4294967296
2026-03-18 02:25:12,3328346816,1811450272,752701248,2021786296,5368709120,5368709120,4294967296,4294967296
2026-03-18 02:25:42,287856128,2159820040,1543327552,717808656,5368709120,5368709120,4294967296,4294967296
2026-03-18 02:26:12,233490072,2700983760,432071440,1122558992,5368709120,5368709120,4294967296,4294967296
2026-03-18 02:26:42,2913650328,2113851632,1411441424,1850270736,5368709120,5368709120,4294967296,4294967296
2026-03-18 02:27:12,2796498600,2260838064,1944118032,297494000,5368709120,5368709120,4294967296,4294967296
2026-03-18 02:27:42,229731736,2910955184,384036864,647718384,5368709120,5368709120,4294967296,4294967296
2026-03-18 02:28:12,1299279256,751161008,1032056832,1287349744,5368709120,5368709120,4294967296,4294967296
2026-03-18 02:28:42,1936813464,1363529392,1394864128,1639671280,5368709120,5368709120,4294967296,4294967296
2026-03-18 02:29:12,3102829976,2693123760,117810688,356396000,5368709120,5368709120,4294967296,4294967296
2026-03-18 02:29:42,527577200,3330657968,478520832,704523232,5368709120,5368709120,4294967296,4294967296
2026-03-18 02:30:12,1588736112,1174787272,990225920,1207839712,5368709120,5368709120,4294967296,4294967296
2026-03-18 02:30:42,2641506416,2223363272,1619371520,1830693856,5368709120,5368709120,4294967296,4294967296
2026-03-18 02:31:12,208846080,3011892424,1994761728,274737168,5368709120,5368709120,4294967296,4294967296
2026-03-18 02:31:42,1127398656,709114504,707024640,899688464,5368709120,5368709120,4294967296,4294967296
2026-03-18 02:32:12,2045951232,1627667080,1216632576,1400907792,5368709120,5368709120,4294967296,4294967296
2026-03-18 02:32:42,2809314560,2420390536,1566856960,1749035024,5368709120,5368709120,4294967296,4294967296
2026-03-18 02:33:12,926189752,558297376,218710528,400242256,5368709120,5368709120,4294967296,4294967296
2026-03-18 02:33:42,1676970168,1325855008,430522880,612054608,5368709120,5368709120,4294967296,4294967296
2026-03-18 02:34:12,3103033528,2764501280,938033664,1119565392,5368709120,5368709120,4294967296,4294967296
2026-03-18 02:34:42,1597404440,1284037648,1695105536,1880831568,5368709120,5368709120,4294967296,4294967296
2026-03-18 02:35:12,3178657048,2886261776,411547008,597482904,5368709120,5368709120,4294967296,4294967296
2026-03-18 02:35:42,926281016,650769864,759674240,947707288,5368709120,5368709120,4294967296,4294967296
2026-03-18 02:36:12,2658528568,2454320584,1602729344,1794956696,5368709120,5368709120,4294967296,4294967296
2026-03-18 02:36:42,356018544,172789320,162092848,358543216,5368709120,5368709120,4294967296,4294967296
2026-03-18 02:37:12,1190685040,1028427336,392779568,587132784,5368709120,5368709120,4294967296,4294967296
2026-03-18 02:37:42,2826463600,2664205896,919164720,1073672048,5368709120,5368709120,4294967296,4294967296
2026-03-18 02:38:12,1840764784,1670164472,1598641968,1713303408,5368709120,5368709120,4294967296,4294967296
2026-03-18 02:38:42,440016600,319616752,220969480,276912296,5368709120,5368709120,4294967296,4294967296
2026-03-18 02:39:12,2411339480,2236413680,881572360,918640808,5368709120,5368709120,4294967296,4294967296
2026-03-18 02:39:42,645570352,466508056,1544272392,1541494952,5368709120,5368709120,4294967296,4294967296
2026-03-18 02:40:12,2231017264,2043566360,1951119880,1904302248,5368709120,5368709120,4294967296,4294967296
2026-03-18 02:40:42,960310640,768494520,690840624,606304544,5368709120,5368709120,4294967296,4294967296
2026-03-18 02:41:12,2327653744,2127449016,1234002992,1109621024,5368709120,5368709120,4294967296,4294967296
2026-03-18 02:41:42,314446232,3331214264,1621976112,1455651104,5368709120,5368709120,4294967296,4294967296
2026-03-18 02:42:12,1992167832,1783812480,101894000,1822652704,5368709120,5368709120,4294967296,4294967296
2026-03-18 02:42:42,1296103432,1175636240,456312688,247480832,5368709120,5368709120,4294967296,4294967296
2026-03-18 02:43:12,1040021824,995199448,957532016,750797312,5368709120,5368709120,4294967296,4294967296
2026-03-18 02:43:42,364911432,403875384,1305659248,1098924544,5368709120,5368709120,4294967296,4294967296
2026-03-18 02:44:12,381760568,496214984,1945290608,1742750208,5368709120,5368709120,4294967296,4294967296
2026-03-18 02:44:42,360869696,429223696,642917664,441026424,5368709120,5368709120,4294967296,4294967296
2026-03-18 02:45:12,3179441984,240534976,1280451872,1078560632,5368709120,5368709120,4294967296,4294967296
2026-03-18 02:45:42,2823038784,3340125632,116829504,1814660984,5368709120,5368709120,4294967296,4294967296
2026-03-18 02:46:12,2449794832,3055098192,758558016,562466872,5368709120,5368709120,4294967296,4294967296
2026-03-18 02:46:42,1397148448,2098810432,1108782400,912691256,5368709120,5368709120,4294967296,4294967296
2026-03-18 02:47:12,998761944,1641726960,1496755520,1281790008,5368709120,5368709120,4294967296,4294967296
2026-03-18 02:47:42,2324232976,3097068952,205193984,1768329272,5368709120,5368709120,4294967296,4294967296
2026-03-18 02:48:12,994754128,1767736176,1012597504,487459328,5368709120,5368709120,4294967296,4294967296
2026-03-18 02:48:42,3104533840,446736768,1937441536,1248725504,5368709120,5368709120,4294967296,4294967296
2026-03-18 02:49:12,2945367680,249806912,956067728,2024671744,5368709120,5368709120,4294967296,4294967296
2026-03-18 02:49:42,445705136,862134592,1335652240,314141040,5368709120,5368709120,4294967296,4294967296
2026-03-18 02:50:12,802328360,1428447408,354711232,1090087280,5368709120,5368709120,4294967296,4294967296
2026-03-18 02:50:42,1502829952,2112302976,870610624,1442408816,5368709120,5368709120,4294967296,4294967296
2026-03-18 02:51:12,2945867512,246001552,1678014144,161185880,5368709120,5368709120,4294967296,4294967296
2026-03-18 02:51:42,614001664,1093328112,271198112,511410264,5368709120,5368709120,4294967296,4294967296
2026-03-18 02:52:12,2543372016,3131931496,1072310176,1081835608,5368709120,5368709120,4294967296,4294967296
2026-03-18 02:52:42,2791070896,607073600,1426728864,1503363160,5368709120,5368709120,4294967296,4294967296
2026-03-18 02:53:12,3177121512,1685249256,139206392,216294832,5368709120,5368709120,4294967296,4294967296
2026-03-18 02:53:42,3257021216,2641628424,625745656,686056880,5368709120,5368709120,4294967296,4294967296
2026-03-18 02:54:12,3181776520,3220576840,862723832,937715120,5368709120,5368709120,4294967296,4294967296
2026-03-18 02:54:42,3215314240,603709352,1349263096,1428448688,5368709120,5368709120,4294967296,4294967296
2026-03-18 02:55:12,3236508616,1350431216,1852579576,1931765168,5368709120,5368709120,4294967296,4294967296
2026-03-18 02:55:42,3115054512,1707000808,289046496,361612640,5368709120,5368709120,4294967296,4294967296
2026-03-18 02:56:12,141648240,2617374976,794460128,869123424,5368709120,5368709120,4294967296,4294967296
2026-03-18 02:56:42,477411784,361051784,1285193696,1361954144,5368709120,5368709120,4294967296,4294967296
2026-03-18 02:57:12,1362803512,1921533112,134354944,211403952,5368709120,5368709120,4294967296,4294967296
2026-03-18 02:57:42,1379741320,2114519608,614602752,687457456,5368709120,5368709120,4294967296,4294967296
2026-03-18 02:58:12,2457677448,3196650040,1132599296,1197065392,5368709120,5368709120,4294967296,4294967296
2026-03-18 02:58:42,155011872,894203448,1627527168,1683604656,5368709120,5368709120,4294967296,4294967296
2026-03-18 02:59:12,1379748640,2106357304,357141304,404481656,5368709120,5368709120,4294967296,4294967296
2026-03-18 02:59:42,2285718304,3024909880,856263480,893118072,5368709120,5368709120,4294967296,4294967296
2026-03-18 03:00:12,3229436704,697138464,1512672056,1436280440,5368709120,5368709120,4294967296,4294967296
2026-03-18 03:00:42,662416640,1389198624,1875479352,1895556728,5368709120,5368709120,4294967296,4294967296
2026-03-18 03:01:12,1278979328,2009955616,191182848,201582544,5368709120,5368709120,4294967296,4294967296
2026-03-18 03:01:42,2059119872,2785901856,549795840,549709776,5368709120,5368709120,4294967296,4294967296
2026-03-18 03:02:12,3254496512,768371552,1063598080,1055123408,5368709120,5368709120,4294967296,4294967296
2026-03-18 03:02:42,1157476840,1888250720,1554331648,1541662672,5368709120,5368709120,4294967296,4294967296
2026-03-18 03:03:12,2889724392,429039448,407294976,396317976,5368709120,5368709120,4294967296,4294967296
2026-03-18 03:03:42,1413508736,2186452824,1306973184,1300190488,5368709120,5368709120,4294967296,4294967296
2026-03-18 03:04:12,2587913856,160517824,1671877632,1667192088,5368709120,5368709120,4294967296,4294967296
2026-03-18 03:04:42,406889264,1213288128,2020004864,2015319320,5368709120,5368709120,4294967296,4294967296
2026-03-18 03:05:12,1728095024,2656128704,596544992,522666512,5368709120,5368709120,4294967296,4294967296
2026-03-18 03:05:42,2885722928,521396864,944672224,944194064,5368709120,5368709120,4294967296,4294967296
2026-03-18 03:06:12,1115921088,1981014656,1447988704,1447510544,5368709120,5368709120,4294967296,4294967296
2026-03-18 03:06:42,2395183808,3277054592,1932430816,1934049808,5368709120,5368709120,4294967296,4294967296
2026-03-18 03:07:12,910469840,1800616088,648617328,654488640,5368709120,5368709120,4294967296,4294967296
2026-03-18 03:07:42,2571414224,206768824,1294540144,1279439936,5368709120,5368709120,4294967296,4294967296
2026-03-18 03:08:12,1904584040,2660436664,466367488,310268256,5368709120,5368709120,4294967296,4294967296
2026-03-18 03:08:42,184957360,936701272,1133261824,966676832,5368709120,5368709120,4294967296,4294967296
2026-03-18 03:09:12,1430665648,2190798168,1573663744,1411273056,5368709120,5368709120,4294967296,4294967296
2026-03-18 03:09:42,2684762544,148238128,1932276736,1759400288,5368709120,5368709120,4294967296,4294967296
2026-03-18 03:10:12,1149642464,1842736944,690798096,476497824,5368709120,5368709120,4294967296,4294967296
2026-03-18 03:10:42,2726700768,186070368,1217183248,965134240,5368709120,5368709120,4294967296,4294967296
2026-03-18 03:11:12,814174584,1482110304,1489813008,1193723808,5368709120,5368709120,4294967296,4294967296
2026-03-18 03:11:42,2676445560,3344381280,229609688,1816577952,5368709120,5368709120,4294967296,4294967296
2026-03-18 03:12:12,1091086600,1784416864,638554328,260272992,5368709120,5368709120,4294967296,4294967296
2026-03-18 03:12:42,2944968968,312030528,1007653080,610497376,5368709120,5368709120,4294967296,4294967296
2026-03-18 03:13:12,2320419696,3118019904,1376751832,977498976,5368709120,5368709120,4294967296,4294967296
2026-03-18 03:13:42,1640707872,2518379824,1724879064,1327723360,5368709120,5368709120,4294967296,4294967296
2026-03-18 03:14:12,1351336560,2308561680,303163096,1831039840,5368709120,5368709120,4294967296,4294967296
2026-03-18 03:14:42,1498250160,2493419912,1064429272,669871488,5368709120,5368709120,4294967296,4294967296
2026-03-18 03:15:12,663556800,1763437040,1295115992,900558208,5368709120,5368709120,4294967296,4294967296
2026-03-18 03:15:42,2924286656,870102368,1509025496,1112370560,5368709120,5368709120,4294967296,4294967296
2026-03-18 03:16:12,2895015840,950066944,223940608,1756196224,5368709120,5368709120,4294967296,4294967296
2026-03-18 03:16:42,2500790112,610347648,710479872,319888448,5368709120,5368709120,4294967296,4294967296
2026-03-18 03:17:12,2769305104,954239824,1622740992,1236343872,5368709120,5368709120,4294967296,4294967296
2026-03-18 03:17:42,2857516992,1218579048,398059576,1773214784,5368709120,5368709120,4294967296,4294967296
2026-03-18 03:18:12,957486432,2397196432,796518456,162547712,5368709120,5368709120,4294967296,4294967296
2026-03-18 03:18:42,2840941808,1071869480,1587144760,789596160,5368709120,5368709120,4294967296,4294967296
2026-03-18 03:19:12,1666644112,3076900720,471686520,1433421824,5368709120,5368709120,4294967296,4294967296
2026-03-18 03:19:42,677048976,2083082256,1530748280,406148016,5368709120,5368709120,4294967296,4294967296
2026-03-18 03:20:12,2115745048,329938992,153328696,781538224,5368709120,5368709120,4294967296,4294967296
2026-03-18 03:20:42,572490936,2116929992,941857848,1406489520,5368709120,5368709120,4294967296,4294967296
2026-03-18 03:21:12,2057272352,418292272,1394842680,1773491120,5368709120,5368709120,4294967296,4294967296
2026-03-18 03:21:42,773990344,2339351928,260479424,473675656,5368709120,5368709120,4294967296,4294967296
2026-03-18 03:22:12,2824990704,1169565072,1063688640,1113307016,5368709120,5368709120,4294967296,4294967296
2026-03-18 03:22:42,1789290704,154489232,1722194368,1604040584,5368709120,5368709120,4294967296,4294967296
2026-03-18 03:23:12,2145923176,1538648752,311083896,189016504,5368709120,5368709120,4294967296,4294967296
2026-03-18 03:23:42,3253558784,2935679744,1204470648,1088694712,5368709120,5368709120,4294967296,4294967296
2026-03-18 03:24:12,808503432,838626624,1716175736,1600399800,5368709120,5368709120,4294967296,4294967296
2026-03-18 03:24:42,1173494344,1694481704,148286640,1954818488,5368709120,5368709120,4294967296,4294967296
2026-03-18 03:25:12,1559657024,2810163096,519482544,403609616,5368709120,5368709120,4294967296,4294967296
2026-03-18 03:25:42,1869969496,545345232,737586352,621713424,5368709120,5368709120,4294967296,4294967296
2026-03-18 03:26:12,2675681072,2055587256,1245097136,1127127056,5368709120,5368709120,4294967296,4294967296
2026-03-18 03:26:42,3137066952,3326499744,1867951280,1754175504,5368709120,5368709120,4294967296,4294967296
2026-03-18 03:27:12,767656576,1699606792,589289568,473714664,5368709120,5368709120,4294967296,4294967296
2026-03-18 03:27:42,1501973080,2903368960,1210046560,1039945704,5368709120,5368709120,4294967296,4294967296
2026-03-18 03:28:12,3301329496,2010192600,1851775072,1738297320,5368709120,5368709120,4294967296,4294967296
2026-03-18 03:28:42,696851984,2622560984,289736576,166055568,5368709120,5368709120,4294967296,4294967296
2026-03-18 03:29:12,2030640656,743611088,941950848,809881232,5368709120,5368709120,4294967296,4294967296
2026-03-18 03:29:42,2949193232,1657969360,1438975872,1296420496,5368709120,5368709120,4294967296,4294967296
2026-03-18 03:30:12,931742000,2849151696,1950680960,1799736976,5368709120,5368709120,4294967296,4294967296
2026-03-18 03:30:42,1707688240,412410392,384624712,224476312,5368709120,5368709120,4294967296,4294967296
2026-03-18 03:31:12,3322495280,2027217432,1175251016,1006714008,5368709120,5368709120,4294967296,4294967296
2026-03-18 03:31:42,881414656,2803163672,1531766856,1354841240,5368709120,5368709120,4294967296,4294967296
2026-03-18 03:32:12,2362003968,1058287096,258509824,1996569752,5368709120,5368709120,4294967296,4294967296
2026-03-18 03:32:42,185627648,2106863096,755534848,558030680,5368709120,5368709120,4294967296,4294967296
2026-03-18 03:33:12,1171289088,3096718840,1126730752,925032280,5368709120,5368709120,4294967296,4294967296
2026-03-18 03:33:42,2194699264,894714792,1474857984,1273159512,5368709120,5368709120,4294967296,4294967296
2026-03-18 03:34:12,1301108528,3264496552,600389160,407125992,5368709120,5368709120,4294967296,4294967296
2026-03-18 03:34:42,2269992752,974524208,950613544,757350376,5368709120,5368709120,4294967296,4294967296
2026-03-18 03:35:12,730778192,2593525552,1594439208,1407467496,5368709120,5368709120,4294967296,4294967296
2026-03-18 03:35:42,2039401040,697802232,156381288,1894006760,5368709120,5368709120,4294967296,4294967296
2026-03-18 03:36:12,2941176400,1624743416,387068008,199625656,5368709120,5368709120,4294967296,4294967296
2026-03-18 03:36:42,1041123912,3000475128,884093032,686164920,5368709120,5368709120,4294967296,4294967296
2026-03-18 03:37:12,3180218952,1889027408,1785868392,1583745976,5368709120,5368709120,4294967296,4294967296
2026-03-18 03:37:42,944640888,2883077456,351521296,169997824,5368709120,5368709120,4294967296,4294967296
2026-03-18 03:38:12,2077102968,811186688,737397264,536999424,5368709120,5368709120,4294967296,4294967296
2026-03-18 03:38:42,3339588472,2065283584,991152656,746714624,5368709120,5368709120,4294967296,4294967296
2026-03-18 03:39:12,2068723848,777671616,1536412176,1252128256,5368709120,5368709120,4294967296,4294967296
2026-03-18 03:39:42,911225840,2858046400,277880320,1877079552,5368709120,5368709120,4294967296,4294967296
2026-03-18 03:40:12,2597336048,1050380160,657464832,178926720,5368709120,5368709120,4294967296,4294967296
2026-03-18 03:40:42,919738304,2858125184,1076895232,667563136,5368709120,5368709120,4294967296,4294967296
2026-03-18 03:41:12,2878478272,1599871384,1624251904,1172976768,5368709120,5368709120,4294967296,4294967296
2026-03-18 03:41:42,1754495800,471675224,363852784,1797928064,5368709120,5368709120,4294967296,4294967296
2026-03-18 03:42:12,764618928,2694656344,1045427184,516738896,5368709120,5368709120,4294967296,4294967296
2026-03-18 03:42:42,2849188016,1562279872,1708127216,1143787344,5368709120,5368709120,4294967296,4294967296
2026-03-18 03:43:12,1851031696,601806352,309472992,1647103824,5368709120,5368709120,4294967296,4294967296
2026-03-18 03:43:42,903018208,2954810896,521285344,1858916176,5368709120,5368709120,4294967296,4294967296
2026-03-18 03:44:12,655656976,2774536216,1024601824,441016320,5368709120,5368709120,4294967296,4294967296
2026-03-18 03:44:42,253058536,2430589288,1511141088,927555584,5368709120,5368709120,4294967296,4294967296
2026-03-18 03:45:12,3331677672,2401290504,225718408,1569284096,5368709120,5368709120,4294967296,4294967296
2026-03-18 03:45:42,2933297232,2086821488,710160520,131259424,5368709120,5368709120,4294967296,4294967296
2026-03-18 03:46:12,2690110784,1919062008,1215574152,638770208,5368709120,5368709120,4294967296,4294967296
2026-03-18 03:46:42,2161689440,1470341216,1702113416,1125309472,5368709120,5368709120,4294967296,4294967296
2026-03-18 03:47:12,2342075568,1621686272,553105984,1903352864,5368709120,5368709120,4294967296,4294967296
2026-03-18 03:47:42,1813732248,1399393184,1039645248,464623104,5368709120,5368709120,4294967296,4294967296
2026-03-18 03:48:12,2397066912,2078805912,1597487680,833721856,5368709120,5368709120,4294967296,4294967296
2026-03-18 03:48:42,463308032,3278389440,2010626624,1186043392,5368709120,5368709120,4294967296,4294967296
2026-03-18 03:49:12,2942376640,2456451432,1168123904,179770368,5368709120,5368709120,4294967296,4294967296
2026-03-18 03:49:42,1071816736,657214400,1684023296,529994752,5368709120,5368709120,4294967296,4294967296
2026-03-18 03:50:12,3043154384,2851031456,568367184,1171723264,5368709120,5368709120,4294967296,4294967296
2026-03-18 03:50:42,1575418712,1181831776,1361090640,1800868864,5368709120,5368709120,4294967296,4294967296
2026-03-18 03:51:12,3290840408,2985390232,113547680,387652944,5368709120,5368709120,4294967296,4294967296
2026-03-18 03:51:42,1990826128,1471460680,904173984,1012604240,5368709120,5368709120,4294967296,4294967296
2026-03-18 03:52:12,3131609600,2687974400,1304730016,1245388112,5368709120,5368709120,4294967296,4294967296
2026-03-18 03:52:42,1219180536,725076336,1824823712,1595612496,5368709120,5368709120,4294967296,4294967296
2026-03-18 03:53:12,158256176,3128454136,353171872,1964711248,5368709120,5368709120,4294967296,4294967296
2026-03-18 03:53:42,376427016,813333248,573372832,258269248,5368709120,5368709120,4294967296,4294967296
2026-03-18 03:54:12,947035792,2050884672,946665888,635756608,5368709120,5368709120,4294967296,4294967296
2026-03-18 03:54:42,1836504624,658778096,1710029216,1319428160,5368709120,5368709120,4294967296,4294967296
2026-03-18 03:55:12,2390328208,1845705344,296742472,1908727872,5368709120,5368709120,4294967296,4294967296
2026-03-18 03:55:42,3040528560,2953161360,789573192,477134336,5368709120,5368709120,4294967296,4294967296
2026-03-18 03:56:12,1040275384,1292598304,1699737160,1389395456,5368709120,5368709120,4294967296,4294967296
2026-03-18 03:56:42,1535407824,2542835280,400466176,2014346752,5368709120,5368709120,4294967296,4294967296
2026-03-18 03:57:12,1682444928,168864184,775856384,464912016,5368709120,5368709120,4294967296,4294967296
2026-03-18 03:57:42,1955318128,1058231032,1264492800,955645584,5368709120,5368709120,4294967296,4294967296
2026-03-18 03:58:12,2391504936,1989491064,1499373824,1188429456,5368709120,5368709120,4294967296,4294967296
2026-03-18 03:58:42,194082816,3306698376,592076576,279380512,5368709120,5368709120,4294967296,4294967296
2026-03-18 03:59:12,537899440,567807128,954883872,648479264,5368709120,5368709120,4294967296,4294967296
2026-03-18 03:59:42,3356471728,3109555352,1443520288,1139212832,5368709120,5368709120,4294967296,4294967296
2026-03-18 04:00:12,1066664880,819612296,1808424736,1504117280,5368709120,5368709120,4294967296,4294967296
2026-03-18 04:00:42,1817445296,1578781320,235702672,1852244512,5368709120,5368709120,4294967296,4294967296
2026-03-18 04:01:12,210980696,3206171272,1017940368,715346456,5368709120,5368709120,4294967296,4294967296
2026-03-18 04:01:42,1548963672,1331349424,1640794512,1340297752,5368709120,5368709120,4294967296,4294967296
2026-03-18 04:02:12,2886946648,2681915312,361633136,1984123416,5368709120,5368709120,4294967296,4294967296
2026-03-18 04:02:42,735260112,530451800,848172400,547673128,5368709120,5368709120,4294967296,4294967296
2026-03-18 04:03:12,2626891216,2426277208,1764627824,1468322856,5368709120,5368709120,4294967296,4294967296
2026-03-18 04:03:42,1205273368,1213961576,762296960,449197848,5368709120,5368709120,4294967296,4294967296
2026-03-18 04:04:12,2383872792,2300286312,1150270080,746993432,5368709120,5368709120,4294967296,4294967296
2026-03-18 04:04:42,3143041816,3147535720,1383053952,1028011800,5368709120,5368709120,4294967296,4294967296
2026-03-18 04:05:12,1389754992,1386102464,1907341952,1533425432,5368709120,5368709120,4294967296,4294967296
2026-03-18 04:05:42,2413165168,2409512640,355155456,1883649816,5368709120,5368709120,4294967296,4294967296
2026-03-18 04:06:12,630733072,627057952,879443456,466088064,5368709120,5368709120,4294967296,4294967296
2026-03-18 04:06:42,2761439504,2757764384,1802190336,1372057728,5368709120,5368709120,4294967296,4294967296
2026-03-18 04:07:12,815509904,803224768,405604352,1875374208,5368709120,5368709120,4294967296,4294967296
2026-03-18 04:07:42,2086384016,2107653312,913115136,438939312,5368709120,5368709120,4294967296,4294967296
2026-03-18 04:08:12,3348869520,3315612864,1582106624,1086959280,5368709120,5368709120,4294967296,4294967296
2026-03-18 04:08:42,1499135696,1554236080,1930233856,1439280816,5368709120,5368709120,4294967296,4294967296
2026-03-18 04:09:12,341486848,442643384,648856240,158064960,5368709120,5368709120,4294967296,4294967296
2026-03-18 04:09:42,1931128064,2070033336,1137492656,646701376,5368709120,5368709120,4294967296,4294967296
2026-03-18 04:10:12,3256528128,207878648,1504494256,1015800128,5368709120,5368709120,4294967296,4294967296
2026-03-18 04:10:42,2103182440,2447636984,355405392,1781260608,5368709120,5368709120,4294967296,4294967296
2026-03-18 04:11:12,274608592,501604416,709824080,225313136,5368709120,5368709120,4294967296,4294967296
2026-03-18 04:11:42,1826501072,2095439936,1196363344,713949552,5368709120,5368709120,4294967296,4294967296
2026-03-18 04:12:12,232644256,631759544,1838091856,1357775216,5368709120,5368709120,4294967296,4294967296
2026-03-18 04:12:42,1654513312,1986519728,401702216,1844314480,5368709120,5368709120,4294967296,4294967296
2026-03-18 04:13:12,2996690592,145065240,768703816,288434296,5368709120,5368709120,4294967296,4294967296
2026-03-18 04:13:42,2023714944,2409989400,1202814280,640755832,5368709120,5368709120,4294967296,4294967296
2026-03-18 04:14:12,1721730448,2104042856,1790016840,1146169464,5368709120,5368709120,4294967296,4294967296
2026-03-18 04:14:42,1281452840,1651092200,437772800,1634805880,5368709120,5368709120,4294967296,4294967296
2026-03-18 04:15:12,1688324240,1890245128,1438114304,630022000,5368709120,5368709120,4294967296,4294967296
2026-03-18 04:15:42,962810208,1202414928,1870127616,980246384,5368709120,5368709120,4294967296,4294967296
2026-03-18 04:16:12,988044160,1181704072,672592272,1626169200,5368709120,5368709120,4294967296,4294967296
2026-03-18 04:16:42,552089912,749614376,1243017616,187825664,5368709120,5368709120,4294967296,4294967296
2026-03-18 04:17:12,229007880,342714240,1830220176,693239296,5368709120,5368709120,4294967296,4294967296
2026-03-18 04:17:42,3324404232,196165504,710901760,1458699776,5368709120,5368709120,4294967296,4294967296
2026-03-18 04:18:12,2821083160,2788245376,1161789440,1825701376,5368709120,5368709120,4294967296,4294967296
2026-03-18 04:18:42,401232592,825326040,1820295168,521647104,5368709120,5368709120,4294967296,4294967296
2026-03-18 04:19:12,1869234232,2595385328,404873736,1029157888,5368709120,5368709120,4294967296,4294967296
2026-03-18 04:19:42,3156994048,993178880,755098120,1379382272,5368709120,5368709120,4294967296,4294967296
2026-03-18 04:20:12,1634640496,2687959936,1262608904,1884795904,5368709120,5368709120,4294967296,4294967296
2026-03-18 04:20:42,435284608,1522049248,2019680776,721231872,5368709120,5368709120,4294967296,4294967296
2026-03-18 04:21:12,2347917144,389706656,738647040,1365057536,5368709120,5368709120,4294967296,4294967296
2026-03-18 04:21:42,2213753104,700165600,1237769216,1864179712,5368709120,5368709120,4294967296,4294967296
2026-03-18 04:22:12,263563184,2138856992,1606867968,306506240,5368709120,5368709120,4294967296,4294967296
2026-03-18 04:22:42,2817894320,1958799744,206177344,832891392,5368709120,5368709120,4294967296,4294967296
2026-03-18 04:23:12,477883792,2994754696,814351424,1441065472,5368709120,5368709120,4294967296,4294967296
2026-03-18 04:23:42,3292328384,2609098448,1514800192,1797581312,5368709120,5368709120,4294967296,4294967296
2026-03-18 04:24:12,360774400,2986665584,688741512,648797488,5368709120,5368709120,4294967296,4294967296
2026-03-18 04:24:42,3078919496,2710240336,1340955784,1137433904,5368709120,5368709120,4294967296,4294967296
2026-03-18 04:25:12,340177952,315473904,118920512,1510726960,5368709120,5368709120,4294967296,4294967296
2026-03-18 04:25:42,440983752,856672736,806786368,1865145648,5368709120,5368709120,4294967296,4294967296
2026-03-18 04:26:12,894307608,1666582344,1914082624,716701184,5368709120,5368709120,4294967296,4294967296
2026-03-18 04:26:42,3259961728,1004172544,1081954536,1433927168,5368709120,5368709120,4294967296,4294967296
2026-03-18 04:27:12,1033141408,2237289384,1918718184,1983380992,5368709120,5368709120,4294967296,4294967296
2026-03-18 04:27:42,1251571176,2405346768,954525936,685907488,5368709120,5368709120,4294967296,4294967296
2026-03-18 04:28:12,542919152,1969346576,1657071856,1059200544,5368709120,5368709120,4294967296,4294967296
2026-03-18 04:28:42,3193710880,1721939648,386427744,1543642656,5368709120,5368709120,4294967296,4294967296
2026-03-18 04:29:12,920639984,2657269440,904424288,116041600,5368709120,5368709120,4294967296,4294967296
2026-03-18 04:29:42,1428150768,3160585920,1126722400,340436864,5368709120,5368709120,4294967296,4294967296
2026-03-18 04:30:12,2355091952,874944552,1504209760,707438464,5368709120,5368709120,4294967296,4294967296
2026-03-18 04:30:42,199333952,1931909160,2001234784,1196074880,5368709120,5368709120,4294967296,4294967296
2026-03-18 04:31:12,1411487808,3131480104,594541448,1703585664,5368709120,5368709120,4294967296,4294967296
2026-03-18 04:31:42,3160512576,1525191384,1506802568,686624752,5368709120,5368709120,4294967296,4294967296
2026-03-18 04:32:12,602023952,2171114200,1745877896,913117168,5368709120,5368709120,4294967296,4294967296
2026-03-18 04:32:42,2221025296,577169232,741052416,1823281136,5368709120,5368709120,4294967296,4294967296
2026-03-18 04:33:12,3135383568,1491527504,1120636928,267291008,5368709120,5368709120,4294967296,4294967296
2026-03-18 04:33:42,1101262808,2657544016,1756073984,896436608,5368709120,5368709120,4294967296,4294967296
2026-03-18 04:34:12,2296639448,669668384,349032960,1410238848,5368709120,5368709120,4294967296,4294967296
2026-03-18 04:34:42,337919680,1944736800,976081408,2037287296,5368709120,5368709120,4294967296,4294967296
2026-03-18 04:35:12,1260666560,2884260896,1340985856,482952168,5368709120,5368709120,4294967296,4294967296
2026-03-18 04:35:42,2170830528,615206704,1831719424,971588584,5368709120,5368709120,4294967296,4294967296
2026-03-18 04:36:12,274955552,1953189680,409866464,1479099368,5368709120,5368709120,4294967296,4294967296
2026-03-18 04:36:42,1042513184,2737524528,623775968,1688814568,5368709120,5368709120,4294967296,4294967296
2026-03-18 04:37:12,2229501216,728815336,990777568,135374016,5368709120,5368709120,4294967296,4294967296
2026-03-18 04:37:42,883205184,2612057832,1756238048,902931648,5368709120,5368709120,4294967296,4294967296
2026-03-18 04:38:12,2342822976,883778752,338595528,1410442432,5368709120,5368709120,4294967296,4294967296
2026-03-18 04:38:42,153327864,1932354752,688819912,1760666816,5368709120,5368709120,4294967296,4294967296
2026-03-18 04:39:12,1797495032,3329057984,1095667400,185431616,5368709120,5368709120,4294967296,4294967296
2026-03-18 04:39:42,3068369144,1617675016,1351519944,414021184,5368709120,5368709120,4294967296,4294967296
2026-03-18 04:40:12,2389124584,934132768,389044432,1338865216,5368709120,5368709120,4294967296,4294967296
2026-03-18 04:40:42,602344616,2486025248,783309008,1691186752,5368709120,5368709120,4294967296,4294967296
2026-03-18 04:41:12,2577861800,1244471208,1330665680,275733600,5368709120,5368709120,4294967296,4294967296
2026-03-18 04:41:42,2020160416,409931896,349336776,1068457056,5368709120,5368709120,4294967296,4294967296
2026-03-18 04:42:12,1063812640,2930708600,1035105480,1831820384,5368709120,5368709120,4294967296,4294967296
2026-03-18 04:42:42,3127410208,1810893664,1701999816,502399120,5368709120,5368709120,4294967296,4294967296
2026-03-18 04:43:12,2334731232,1118976120,601520128,1320288400,5368709120,5368709120,4294967296,4294967296
2026-03-18 04:43:42,627757424,2620536952,1272608768,1951531152,5368709120,5368709120,4294967296,4294967296
2026-03-18 04:44:12,3207254384,2075239224,1641707520,397751496,5368709120,5368709120,4294967296,4294967296
2026-03-18 04:44:42,2699885384,1643284256,341589080,1024799944,5368709120,5368709120,4294967296,4294967296
2026-03-18 04:45:12,2465122576,1223993488,750533720,1391801544,5368709120,5368709120,4294967296,4294967296
2026-03-18 04:45:42,1957631504,1068808464,1335639128,2018849992,5368709120,5368709120,4294967296,4294967296
2026-03-18 04:46:12,1450252552,641122608,1706835032,462994480,5368709120,5368709120,4294967296,4294967296
2026-03-18 04:46:42,951120128,221692288,270236832,953728048,5368709120,5368709120,4294967296,4294967296
2026-03-18 04:47:12,1139934480,494556416,1050377376,1740160048,5368709120,5368709120,4294967296,4294967296
2026-03-18 04:47:42,1043561488,473561808,1675328672,443978168,5368709120,5368709120,4294967296,4294967296
2026-03-18 04:48:12,674689936,188429776,255807168,951488952,5368709120,5368709120,4294967296,4294967296
2026-03-18 04:48:42,439690704,3111859664,744443584,1440125368,5368709120,5368709120,4294967296,4294967296
2026-03-18 04:49:12,2570604480,2134847744,1971277504,580631896,5368709120,5368709120,4294967296,4294967296
2026-03-18 04:49:42,2876806416,2910777136,839122880,1209777496,5368709120,5368709120,4294967296,4294967296
2026-03-18 04:50:12,2834967344,2743118656,1375993792,1580973400,5368709120,5368709120,4294967296,4294967296
2026-03-18 04:50:42,444332128,268668864,1755578304,1794882904,5368709120,5368709120,4294967296,4294967296
2026-03-18 04:51:12,2663348368,2688820832,914923616,788667624,5368709120,5368709120,4294967296,4294967296
2026-03-18 04:51:42,1011222736,1044890016,1569235040,1279401192,5368709120,5368709120,4294967296,4294967296
2026-03-18 04:52:12,2386843952,2378774000,315519200,1784814824,5368709120,5368709120,4294967296,4294967296
2026-03-18 04:52:42,692441328,269108376,971927776,348480384,5368709120,5368709120,4294967296,4294967296
2026-03-18 04:53:12,2009456480,1619918792,1508798688,715481984,5368709120,5368709120,4294967296,4294967296
2026-03-18 04:53:42,785012864,508536760,789538088,1759863680,5368709120,5368709120,4294967296,4294967296
2026-03-18 04:54:12,529427112,1095903456,1297048872,342726496,5368709120,5368709120,4294967296,4294967296
2026-03-18 04:54:42,1498313216,2664704560,1785685288,833460064,5368709120,5368709120,4294967296,4294967296
2026-03-18 04:55:12,1012038096,2799203664,372871168,1340970848,5368709120,5368709120,4294967296,4294967296
2026-03-18 04:55:42,3088343456,2254117040,725192704,1695389536,5368709120,5368709120,4294967296,4294967296
2026-03-18 04:56:12,240600272,186404768,1096388608,140121160,5368709120,5368709120,4294967296,4294967296
2026-03-18 04:56:42,3059408984,295760848,1828294656,874124360,5368709120,5368709120,4294967296,4294967296
2026-03-18 04:57:12,1264571272,2330047008,167867424,1142559816,5368709120,5368709120,4294967296,4294967296
2026-03-18 04:57:42,1444868720,249996928,398554144,1360663624,5368709120,5368709120,4294967296,4294967296
2026-03-18 04:58:12,2124808256,1571145832,897676320,1868174408,5368709120,5368709120,4294967296,4294967296
2026-03-18 04:58:42,3123184776,3194737568,1658942496,709331800,5368709120,5368709120,4294967296,4294967296
2026-03-18 04:59:12,531393616,942529584,237854744,1210551128,5368709120,5368709120,4294967296,4294967296
2026-03-18 04:59:42,1768769896,368265592,1003315224,1967623000,5368709120,5368709120,4294967296,4294967296
2026-03-18 05:00:12,2955757928,1572030840,1655529496,571469680,5368709120,5368709120,4294967296,4294967296
2026-03-18 05:00:42,531592560,2327005560,2024628248,1045426032,5368709120,5368709120,4294967296,4294967296
2026-03-18 05:01:12,1458533744,3262335352,479172784,1412427632,5368709120,5368709120,4294967296,4294967296
2026-03-18 05:01:42,1966044528,552868400,699373744,1622142832,5368709120,5368709120,4294967296,4294967296
2026-03-18 05:02:12,2616161648,1198791216,940546224,1848635248,5368709120,5368709120,4294967296,4294967296
2026-03-18 05:02:42,183514144,1978931760,1299159216,275957280,5368709120,5368709120,4294967296,4294967296
2026-03-18 05:03:12,1114649632,2910067248,1678743728,642958880,5368709120,5368709120,4294967296,4294967296
2026-03-18 05:03:42,1617966112,196326512,1901041840,854771232,5368709120,5368709120,4294967296,4294967296
2026-03-18 05:04:12,3102749728,1676915824,634483856,1500694048,5368709120,5368709120,4294967296,4294967296
2026-03-18 05:04:42,1219464672,3023287408,1190229136,133435000,5368709120,5368709120,4294967296,4294967296
2026-03-18 05:05:12,2469367264,1102509672,1626436752,573836920,5368709120,5368709120,4294967296,4294967296
2026-03-18 05:05:42,545548768,2432104040,189545296,1062473336,5368709120,5368709120,4294967296,4294967296
2026-03-18 05:06:12,2026138080,667555976,711736144,1584664184,5368709120,5368709120,4294967296,4294967296
2026-03-18 05:06:42,3066325472,1724520584,1059863376,1932791416,5368709120,5368709120,4294967296,4294967296
2026-03-18 05:07:12,759587848,2655656072,1292647248,241367840,5368709120,5368709120,4294967296,4294967296
2026-03-18 05:07:42,1518756872,218691008,1504459600,453180192,5368709120,5368709120,4294967296,4294967296
2026-03-18 05:08:12,268917784,1984492992,229053344,1101200160,5368709120,5368709120,4294967296,4294967296
2026-03-18 05:08:42,1091001368,3314087360,600249248,1451424544,5368709120,5368709120,4294967296,4294967296
2026-03-18 05:09:12,2831637528,1581856688,1223103392,172606976,5368709120,5368709120,4294967296,4294967296
2026-03-18 05:09:42,1405867712,156191040,1753682848,663340544,5368709120,5368709120,4294967296,4294967296
2026-03-18 05:10:12,164342528,2135902528,380043688,1168754176,5368709120,5368709120,4294967296,4294967296
2026-03-18 05:10:42,1707846400,470713936,772211112,1521075712,5368709120,5368709120,4294967296,4294967296
2026-03-18 05:11:12,168374752,2156824144,1181155752,1890174464,5368709120,5368709120,4294967296,4294967296
2026-03-18 05:11:42,1720267232,470732968,1573323176,315370496,5368709120,5368709120,4294967296,4294967296
2026-03-18 05:12:12,487189600,2442055848,201491072,824978432,5368709120,5368709120,4294967296,4294967296
2026-03-18 05:12:42,1762258016,504343744,455246464,1036790784,5368709120,5368709120,4294967296,4294967296
2026-03-18 05:13:12,663492192,2479860928,1002603136,1546398720,5368709120,5368709120,4294967296,4294967296
2026-03-18 05:13:42,2089555552,827364256,1394770560,1894525952,5368709120,5368709120,4294967296,4294967296
2026-03-18 05:14:12,856439992,2802881440,1942127232,480780584,5368709120,5368709120,4294967296,4294967296
2026-03-18 05:14:42,491503664,2521797704,509943504,969417000,5368709120,5368709120,4294967296,4294967296
2026-03-18 05:15:12,3029057584,2815389672,1298472656,1762140456,5368709120,5368709120,4294967296,4294967296
2026-03-18 05:15:42,2278464000,2526058016,1787109072,328327680,5368709120,5368709120,4294967296,4294967296
2026-03-18 05:16:12,1955528512,2278685080,577251984,1045553664,5368709120,5368709120,4294967296,4294967296
2026-03-18 05:16:42,1028501344,1435620776,927476368,1395778048,5368709120,5368709120,4294967296,4294967296
2026-03-18 05:17:12,529556224,1012068800,1296575120,1762779648,5368709120,5368709120,4294967296,4294967296
2026-03-18 05:17:42,3360711424,714433008,1785211536,330145224,5368709120,5368709120,4294967296,4294967296
2026-03-18 05:18:12,2811392312,299132136,229833312,695049672,5368709120,5368709120,4294967296,4294967296
2026-03-18 05:18:42,2865905664,404218232,993196640,1464704456,5368709120,5368709120,4294967296,4294967296
2026-03-18 05:19:12,2622745424,291012280,1500707424,1970118088,5368709120,5368709120,4294967296,4294967296
2026-03-18 05:19:42,563566784,1264316056,261540112,538444288,5368709120,5368709120,4294967296,4294967296
2026-03-18 05:20:12,2182580784,3114016344,1041680656,1184367104,5368709120,5368709120,4294967296,4294967296
2026-03-18 05:20:42,2488938240,3290162176,1700186384,1675100672,5368709120,5368709120,4294967296,4294967296
2026-03-18 05:21:12,261865344,950030912,452119808,259393664,5368709120,5368709120,4294967296,4294967296
2026-03-18 05:21:42,1377653104,2212549904,1106431232,748030080,5368709120,5368709120,4294967296,4294967296
2026-03-18 05:22:12,2564681360,3365955112,1506987264,982911104,5368709120,5368709120,4294967296,4294967296
2026-03-18 05:22:42,656409296,1495472896,2022886656,1335232640,5368709120,5368709120,4294967296,4294967296
2026-03-18 05:23:12,2430654592,3210890816,775760568,1842743424,5368709120,5368709120,4294967296,4294967296
2026-03-18 05:23:42,715300768,1525012192,1432169144,408655448,5368709120,5368709120,4294967296,4294967296
2026-03-18 05:24:12,2057611712,2556936448,1830628024,641439320,5368709120,5368709120,4294967296,4294967296
2026-03-18 05:24:42,2678424520,342598240,538868560,1270584920,5368709120,5368709120,4294967296,4294967296
2026-03-18 05:25:12,275623752,1865278672,1184791376,1920702040,5368709120,5368709120,4294967296,4294967296
2026-03-18 05:25:42,665794240,3098553120,1786674000,524903424,5368709120,5368709120,4294967296,4294967296
2026-03-18 05:26:12,997224592,749944976,270594520,1005151232,5368709120,5368709120,4294967296,4294967296
2026-03-18 05:26:42,1152742672,1408646376,897642968,1634296832,5368709120,5368709120,4294967296,4294967296
2026-03-18 05:27:12,1559773600,2327393152,1543565784,357337360,5368709120,5368709120,4294967296,4294967296
2026-03-18 05:27:42,1811733920,3342613384,380615808,1118603536,5368709120,5368709120,4294967296,4294967296
2026-03-18 05:28:12,818011248,3124679208,1158659200,1900841232,5368709120,5368709120,4294967296,4294967296
2026-03-18 05:28:42,310693888,3003309976,1783610496,601158808,5368709120,5368709120,4294967296,4294967296
2026-03-18 05:29:12,604524160,818447848,370918944,1110766744,5368709120,5368709120,4294967296,4294967296
2026-03-18 05:29:42,2420657792,2668135912,721143328,1460991128,5368709120,5368709120,4294967296,4294967296
2026-03-18 05:30:12,3347598976,399275296,1228654112,1968501912,5368709120,5368709120,4294967296,4294967296
2026-03-18 05:30:42,915367488,1187804448,1576781344,396699648,5368709120,5368709120,4294967296,4294967296
2026-03-18 05:31:12,2391762496,2672588064,436085352,1178937344,5368709120,5368709120,4294967296,4294967296
2026-03-18 05:31:42,2903467584,3184293152,645800552,1390749696,5368709120,5368709120,4294967296,4294967296
2026-03-18 05:32:12,1166962848,1460514336,1287529064,2034575360,5368709120,5368709120,4294967296,4294967296
2026-03-18 05:32:42,2207150240,2509090336,1774068328,597741992,5368709120,5368709120,4294967296,4294967296
2026-03-18 05:33:12,164318400,202250584,354476336,975229352,5368709120,5368709120,4294967296,4294967296
2026-03-18 05:33:42,1363889344,1687034200,979427632,1730204072,5368709120,5368709120,4294967296,4294967296
2026-03-18 05:34:12,2567654592,2899188056,1623253296,453549568,5368709120,5368709120,4294967296,4294967296
2026-03-18 05:34:42,416135840,730763432,325378696,1080598016,5368709120,5368709120,4294967296,4294967296
2026-03-18 05:35:12,1254996640,1594790056,577036936,1311284736,5368709120,5368709120,4294967296,4294967296
2026-03-18 05:35:42,2727197344,3146682536,1222959752,1850252800,5368709120,5368709120,4294967296,4294967296
2026-03-18 05:36:12,680649344,1020250920,1749344904,520418792,5368709120,5368709120,4294967296,4294967296
2026-03-18 05:36:42,1712448128,2052049704,195024384,870643176,5368709120,5368709120,4294967296,4294967296
2026-03-18 05:37:12,3251757696,365914432,857724416,1514468840,5368709120,5368709120,4294967296,4294967296
2026-03-18 05:37:42,873464208,1200580928,1228920320,1864693224,5368709120,5368709120,4294967296,4294967296
2026-03-18 05:38:12,1762656656,2089773376,1478481408,167750144,5368709120,5368709120,4294967296,4294967296
2026-03-18 05:38:42,2773483920,3134155072,1860163072,517974528,5368709120,5368709120,4294967296,4294967296
2026-03-18 05:39:12,1733406496,2123729088,859877536,1344252416,5368709120,5368709120,4294967296,4294967296
2026-03-18 05:39:42,3155275552,248570080,1369485472,1927260672,5368709120,5368709120,4294967296,4294967296
2026-03-18 05:40:12,1876056384,2219892960,1872801952,510125616,5368709120,5368709120,4294967296,4294967296
2026-03-18 05:40:42,3142736192,315697568,161526568,721937968,5368709120,5368709120,4294967296,4294967296
2026-03-18 05:41:12,1343305784,1775315360,390116136,948430384,5368709120,5368709120,4294967296,4294967296
2026-03-18 05:41:42,2895198264,3360762272,740340520,1298654768,5368709120,5368709120,4294967296,4294967296
2026-03-18 05:42:12,2467376192,2979541784,1656795944,296337808,5368709120,5368709120,4294967296,4294967296
2026-03-18 05:42:42,521354544,1074958416,1868608296,508150160,5368709120,5368709120,4294967296,4294967296
2026-03-18 05:43:12,2220047664,2807205968,310638168,875151760,5368709120,5368709120,4294967296,4294967296
2026-03-18 05:43:42,1234341808,1855256416,1071904344,1640612240,5368709120,5368709120,4294967296,4294967296
2026-03-18 05:44:12,3167915952,622054592,1575220824,220617216,5368709120,5368709120,4294967296,4294967296
2026-03-18 05:44:42,1226084368,1930677440,1787033176,432429568,5368709120,5368709120,4294967296,4294967296
2026-03-18 05:45:12,1540745568,2237045976,728101512,1216764416,5368709120,5368709120,4294967296,4294967296
2026-03-18 05:45:42,898939760,1591120568,1162211976,1569085952,5368709120,5368709120,4294967296,4294967296
2026-03-18 05:46:12,957917360,1561776256,1889923720,288352192,5368709120,5368709120,4294967296,4294967296
2026-03-18 05:46:42,324494640,983061264,397177344,638576576,5368709120,5368709120,4294967296,4294967296
2026-03-18 05:47:12,3214370096,446140432,986477056,1016063936,5368709120,5368709120,4294967296,4294967296
2026-03-18 05:47:42,2967011328,278466704,1558999552,1634723776,5368709120,5368709120,4294967296,4294967296
2026-03-18 05:48:12,2631494112,3164147856,221026648,214722360,5368709120,5368709120,4294967296,4294967296
2026-03-18 05:48:42,2874858048,295548400,1202493784,1013737272,5368709120,5368709120,4294967296,4294967296
2026-03-18 05:49:12,2837167648,3353196016,1793890648,1628202808,5368709120,5368709120,4294967296,4294967296
2026-03-18 05:49:42,2417874160,2895980464,441630208,191926360,5368709120,5368709120,4294967296,4294967296
2026-03-18 05:50:12,3227479480,727615920,808631808,561025112,5368709120,5368709120,4294967296,4294967296
2026-03-18 05:50:42,1797235200,2598259640,1435680256,1188073560,5368709120,5368709120,4294967296,4294967296
2026-03-18 05:51:12,3059884568,874654424,1668464128,1418760280,5368709120,5368709120,4294967296,4294967296
2026-03-18 05:51:42,1617114272,2703472960,234245632,1909493848,5368709120,5368709120,4294967296,4294967296
2026-03-18 05:52:12,3315911888,1428463328,739659264,489980784,5368709120,5368709120,4294967296,4294967296
2026-03-18 05:52:42,1709776112,3219519720,1228295680,980714352,5368709120,5368709120,4294967296,4294967296
2026-03-18 05:53:12,438984856,1999015984,1870024192,1624540016,5368709120,5368709120,4294967296,4294967296
2026-03-18 05:53:42,2129415552,774534144,580524504,335404032,5368709120,5368709120,4294967296,4294967296
2026-03-18 05:54:12,1055833120,2993487840,1220155864,981326848,5368709120,5368709120,4294967296,4294967296
2026-03-18 05:54:42,2960195520,1861254336,1981422040,1742593024,5368709120,5368709120,4294967296,4294967296
2026-03-18 05:55:12,284572992,2561721288,1168012864,600065560,5368709120,5368709120,4294967296,4294967296
2026-03-18 05:55:42,3149784584,2251595752,203606400,1227114008,5368709120,5368709120,4294967296,4294967296
2026-03-18 05:56:12,2579518928,2130157048,1046661504,1740916248,5368709120,5368709120,4294967296,4294967296
2026-03-18 05:56:42,2772146496,2637829784,1598212480,1959020056,5368709120,5368709120,4294967296,4294967296
2026-03-18 05:57:12,3019835744,3007122248,243920768,269397192,5368709120,5368709120,4294967296,4294967296
2026-03-18 05:57:42,168000168,444531936,896135040,623815880,5368709120,5368709120,4294967296,4294967296
2026-03-18 05:58:12,1191638728,1715594992,1737092992,1269738696,5368709120,5368709120,4294967296,4294967296
2026-03-18 05:58:42,1900709808,2722526696,638626776,1762569416,5368709120,5368709120,4294967296,4294967296
2026-03-18 05:59:12,2643220656,558556968,1479584728,347683840,5368709120,5368709120,4294967296,4294967296
2026-03-18 05:59:42,3117352272,1254967632,242797536,704199680,5368709120,5368709120,4294967296,4294967296
2026-03-18 06:00:12,600843360,2253139904,779668448,1075395584,5368709120,5368709120,4294967296,4294967296
2026-03-18 06:00:42,810636048,2525832336,993577952,1285110784,5368709120,5368709120,4294967296,4294967296
2026-03-18 06:01:12,2425616360,2081260408,1666763744,1916353536,5368709120,5368709120,4294967296,4294967296
2026-03-18 06:01:42,630631832,169347608,475828736,749157744,5368709120,5368709120,4294967296,4294967296
2026-03-18 06:02:12,1561767320,1163397656,847024640,1116159344,5368709120,5368709120,4294967296,4294967296
2026-03-18 06:02:42,2580983192,2220362264,1207734784,1583824240,5368709120,5368709120,4294967296,4294967296
2026-03-18 06:03:12,291188360,3151497752,1601999360,1971797360,5368709120,5368709120,4294967296,4294967296
2026-03-18 06:03:42,1939549832,1541011056,570286592,811799344,5368709120,5368709120,4294967296,4294967296
2026-03-18 06:04:12,2589666952,2191128176,807264768,1042486064,5368709120,5368709120,4294967296,4294967296
2026-03-18 06:04:42,433937440,3239704176,1304289792,1529025328,5368709120,5368709120,4294967296,4294967296
2026-03-18 06:05:12,1633508384,1221934280,1820189184,2034438960,5368709120,5368709120,4294967296,4294967296
2026-03-18 06:05:42,2405260320,1985297608,255809536,462112160,5368709120,5368709120,4294967296,4294967296
2026-03-18 06:06:12,1184660296,798652480,1174362112,1380664736,5368709120,5368709120,4294967296,4294967296
2026-03-18 06:06:42,2153544520,1792702528,1522489344,1732986272,5368709120,5368709120,4294967296,4294967296
2026-03-18 06:07:12,3340532552,2996467776,1891588096,174909072,5368709120,5368709120,4294967296,4294967296
2026-03-18 06:07:42,1163562720,836137672,316747264,525133456,5368709120,5368709120,4294967296,4294967296
2026-03-18 06:08:12,3168440032,2857792200,1096887808,1307371152,5368709120,5368709120,4294967296,4294967296
2026-03-18 06:08:42,987513304,706136952,1445015040,1657595536,5368709120,5368709120,4294967296,4294967296
2026-03-18 06:09:12,2715566552,2203503480,1948331520,333956088,5368709120,5368709120,4294967296,4294967296
2026-03-18 06:09:42,547246392,295300112,511919616,726123512,5368709120,5368709120,4294967296,4294967296
2026-03-18 06:10:12,2002669880,1771695120,1015236096,1231537144,5368709120,5368709120,4294967296,4294967296
2026-03-18 06:10:42,182293872,3092900880,1501775360,1718076408,5368709120,5368709120,4294967296,4294967296
2026-03-18 06:11:12,1990038896,1784360808,2049132032,302616472,5368709120,5368709120,4294967296,4294967296
2026-03-18 06:11:42,874504344,614094400,794928544,933859224,5368709120,5368709120,4294967296,4294967296
2026-03-18 06:12:12,2854215832,2602194496,1514251680,1615433624,5368709120,5368709120,4294967296,4294967296
2026-03-18 06:12:42,1180607904,924744656,1904321952,1963560856,5368709120,5368709120,4294967296,4294967296
2026-03-18 06:13:12,3365840288,3135142864,771954152,791380488,5368709120,5368709120,4294967296,4294967296
2026-03-18 06:13:42,1507914144,1272727592,1302533608,1280016904,5368709120,5368709120,4294967296,4294967296
2026-03-18 06:14:12,3240161696,3009169448,1847793128,1789624840,5368709120,5368709120,4294967296,4294967296
2026-03-18 06:14:42,1617016560,1381771832,457577608,357424072,5368709120,5368709120,4294967296,4294967296
2026-03-18 06:15:12,648146136,203383904,1174803592,1141758920,5368709120,5368709120,4294967296,4294967296
2026-03-18 06:15:42,1898048728,1616864352,1671828616,1494080456,5368709120,5368709120,4294967296,4294967296
2026-03-18 06:16:12,1634034240,1440762760,250245200,1997396936,5368709120,5368709120,4294967296,4294967296
2026-03-18 06:16:42,1084617472,962786488,738881616,563147136,5368709120,5368709120,4294967296,4294967296
2026-03-18 06:17:12,1122461312,811721568,1246392400,1070657920,5368709120,5368709120,4294967296,4294967296
2026-03-18 06:17:42,2938594944,3370247008,2009755728,1838215552,5368709120,5368709120,4294967296,4294967296
2026-03-18 06:18:12,1558821432,2338721984,456057176,286963168,5368709120,5368709120,4294967296,4294967296
2026-03-18 06:18:42,652942288,1516585456,942596440,775599584,5368709120,5368709120,4294967296,4294967296
2026-03-18 06:19:12,3265993680,1005006304,1586422104,1419425248,5368709120,5368709120,4294967296,4294967296
2026-03-18 06:19:42,2330754720,3362205152,1798234456,1631237600,5368709120,5368709120,4294967296,4294967296
2026-03-18 06:20:12,1554720808,2657672448,2026824024,1861924320,5368709120,5368709120,4294967296,4294967296
2026-03-18 06:20:42,632076992,1823098184,315566496,150529840,5368709120,5368709120,4294967296,4294967296
2026-03-18 06:21:12,2024704736,3303514096,852437408,519628592,5368709120,5368709120,4294967296,4294967296
2026-03-18 06:21:42,405794640,1923768448,1506748832,1031333680,5368709120,5368709120,4294967296,4294967296
2026-03-18 06:22:12,2440168136,241952496,257167680,1517872944,5368709120,5368709120,4294967296,4294967296
2026-03-18 06:22:42,1081342624,1823350736,1039405376,220102360,5368709120,5368709120,4294967296,4294967296
2026-03-18 06:23:12,2968838816,783242312,1720979776,733904600,5368709120,5368709120,4294967296,4294967296
2026-03-18 06:23:42,1501063872,2561811584,591076480,1360953048,5368709120,5368709120,4294967296,4294967296
2026-03-18 06:24:12,3141096088,913523544,1262165120,1870560984,5368709120,5368709120,4294967296,4294967296
2026-03-18 06:24:42,1010419000,2016644080,1641749632,161787312,5368709120,5368709120,4294967296,4294967296
2026-03-18 06:25:12,2818247008,540441088,396013184,671395248,5368709120,5368709120,4294967296,4294967296
2026-03-18 06:25:42,1396538624,2415370240,1186639488,1298443696,5368709120,5368709120,4294967296,4294967296
2026-03-18 06:26:12,2034368456,339490752,1828368000,1942269360,5368709120,5368709120,4294967296,4294967296
2026-03-18 06:26:42,2542031680,1547663952,421831840,633843200,5368709120,5368709120,4294967296,4294967296
2026-03-18 06:27:12,218690544,2986234560,1178903712,1292348928,5368709120,5368709120,4294967296,4294967296
2026-03-18 06:27:42,3356439368,356772896,1799660704,1917300224,5368709120,5368709120,4294967296,4294967296
2026-03-18 06:28:12,428710208,1544112528,388751312,502716496,5368709120,5368709120,4294967296,4294967296
2026-03-18 06:28:42,613564680,2521394808,883679184,997644368,5368709120,5368709120,4294967296,4294967296
2026-03-18 06:29:12,1087647424,365648160,1254875088,1370937424,5368709120,5368709120,4294967296,4294967296
2026-03-18 06:29:42,1305863872,1129214144,1745608656,1861670992,5368709120,5368709120,4294967296,4294967296
2026-03-18 06:30:12,1842931728,2316416152,330553440,444559016,5368709120,5368709120,4294967296,4294967296
2026-03-18 06:30:42,2304562752,3222538976,817092704,935292584,5368709120,5368709120,4294967296,4294967296
2026-03-18 06:31:12,3072283296,857196536,1454626912,1574923944,5368709120,5368709120,4294967296,4294967296
2026-03-18 06:31:42,962777656,2039990264,2043926624,241831248,5368709120,5368709120,4294967296,4294967296
2026-03-18 06:32:12,1906496056,2992097272,626554368,749342032,5368709120,5368709120,4294967296,4294967296
2026-03-18 06:32:42,2401423928,278440672,838366720,959057232,5368709120,5368709120,4294967296,4294967296
2026-03-18 06:33:12,3022180920,911780576,1064859136,1187646800,5368709120,5368709120,4294967296,4294967296
2026-03-18 06:33:42,1138818440,2249763552,1691907584,1816792400,5368709120,5368709120,4294967296,4294967296
2026-03-18 06:34:12,2762014088,664177016,546959872,675236352,5368709120,5368709120,4294967296,4294967296
2026-03-18 06:34:42,878851352,2002159992,1171911168,1302284800,5368709120,5368709120,4294967296,4294967296
2026-03-18 06:35:12,1805792536,2933295480,1675227648,1807698432,5368709120,5368709120,4294967296,4294967296
2026-03-18 06:35:42,2866951448,924328888,513499136,648482256,5368709120,5368709120,4294967296,4294967296
2026-03-18 06:36:12,446954384,1729635256,880500736,1017581008,5368709120,5368709120,4294967296,4294967296
2026-03-18 06:36:42,1893989264,3180864440,1526423552,1644629456,5368709120,5368709120,4294967296,4294967296
2026-03-18 06:37:12,3072588688,1146777864,1914396672,2011631056,5368709120,5368709120,4294967296,4294967296
2026-03-18 06:37:42,1440933088,2728030472,635065672,715689680,5368709120,5368709120,4294967296,4294967296
2026-03-18 06:38:12,2485314784,555533368,1161450824,1223200464,5368709120,5368709120,4294967296,4294967296
2026-03-18 06:38:42,3219317984,1281147960,1394234696,1432915664,5368709120,5368709120,4294967296,4294967296
2026-03-18 06:39:12,2011611072,3046949944,138325504,279570552,5368709120,5368709120,4294967296,4294967296
2026-03-18 06:39:42,3269902272,1130206896,920563200,923396216,5368709120,5368709120,4294967296,4294967296
2026-03-18 06:40:12,895929656,1973262000,1170124288,1151985784,5368709120,5368709120,4294967296,4294967296
2026-03-18 06:40:42,2347158840,199271896,1813949952,1779034232,5368709120,5368709120,4294967296,4294967296
2026-03-18 06:41:12,308793960,1377871320,276889600,220994992,5368709120,5368709120,4294967296,4294967296
2026-03-18 06:41:42,2347225704,241114272,901840896,850140592,5368709120,5368709120,4294967296,4294967296
2026-03-18 06:42:12,1336419728,2489261216,1543569408,1493966256,5368709120,5368709120,4294967296,4294967296
2026-03-18 06:42:42,2884117904,849476864,1893793792,1844190640,5368709120,5368709120,4294967296,4294967296
2026-03-18 06:43:12,1630188496,2862742784,476075312,426687952,5368709120,5368709120,4294967296,4294967296
2026-03-18 06:43:42,413926192,1675732048,1239438640,1194245584,5368709120,5368709120,4294967296,4294967296
2026-03-18 06:44:12,1701577520,3005326416,1468028208,1422835152,5368709120,5368709120,4294967296,4294967296
2026-03-18 06:44:42,305209376,1642236496,1954567472,1911471568,5368709120,5368709120,4294967296,4294967296
2026-03-18 06:45:12,1756438560,3101854288,258151928,217137568,5368709120,5368709120,4294967296,4294967296
2026-03-18 06:45:42,606891024,2019832512,883103224,842088864,5368709120,5368709120,4294967296,4294967296
2026-03-18 06:46:12,2016177168,283399832,1113789944,1072775584,5368709120,5368709120,4294967296,4294967296
2026-03-18 06:46:42,1634733776,3085194904,1684215288,1561412000,5368709120,5368709120,4294967296,4294967296
2026-03-18 06:47:12,368129152,2586029000,218526824,1934705056,5368709120,5368709120,4294967296,4294967296
2026-03-18 06:47:42,271640288,2498123360,927364200,638494720,5368709120,5368709120,4294967296,4294967296
2026-03-18 06:48:12,3136349920,2129093000,1512469608,1143908352,5368709120,5368709120,4294967296,4294967296
2026-03-18 06:48:42,2494669912,1491641344,1948677224,1494132736,5368709120,5368709120,4294967296,4294967296
2026-03-18 06:49:12,1962078032,988342256,476658400,1863231488,5368709120,5368709120,4294967296,4294967296
2026-03-18 06:49:42,1756691064,745122320,1185495776,565680304,5368709120,5368709120,4294967296,4294967296
2026-03-18 06:50:12,1551326528,527142376,1772698336,1073191088,5368709120,5368709120,4294967296,4294967296
2026-03-18 06:50:42,2298085368,1265471504,1108113528,328620032,5368709120,5368709120,4294967296,4294967296
2026-03-18 06:51:12,3166193280,1953510400,378736640,1528190976,5368709120,5368709120,4294967296,4294967296
2026-03-18 06:51:42,1056619728,3274802928,672337920,1742100480,5368709120,5368709120,4294967296,4294967296
2026-03-18 06:52:12,3162255712,2322688288,1316163584,463151616,5368709120,5368709120,4294967296,4294967296
2026-03-18 06:52:42,2160058592,1316209944,1962086400,1226514944,5368709120,5368709120,4294967296,4294967296
2026-03-18 06:53:12,1136892608,611863360,932472984,2006655488,5368709120,5368709120,4294967296,4294967296
2026-03-18 06:53:42,2411991328,2050482832,1419012248,570537472,5368709120,5368709120,4294967296,4294967296
2026-03-18 06:54:12,428085680,221863376,1651796120,801224192,5368709120,5368709120,4294967296,4294967296
2026-03-18 06:54:42,2349195600,2390372888,488042912,1564587520,5368709120,5368709120,4294967296,4294967296
2026-03-18 06:55:12,667516656,897431696,1272377760,426337728,5368709120,5368709120,4294967296,4294967296
2026-03-18 06:55:42,1196203240,1568755344,1899426208,1057580480,5368709120,5368709120,4294967296,4294967296
2026-03-18 06:56:12,898465008,1262670232,482413184,1562994112,5368709120,5368709120,4294967296,4294967296
2026-03-18 06:56:42,550589184,1363323392,1168181888,1917412800,5368709120,5368709120,4294967296,4294967296
2026-03-18 06:57:12,1322540360,2466626176,2009139840,500244968,5368709120,5368709120,4294967296,4294967296
2026-03-18 06:57:42,1456771800,2986778080,635936640,718348776,5368709120,5368709120,4294967296,4294967296
2026-03-18 06:58:12,2291685680,1078862784,1611112320,1429283304,5368709120,5368709120,4294967296,4294967296
2026-03-18 06:58:42,2686226264,1670373376,374088968,1714495976,5368709120,5368709120,4294967296,4294967296
2026-03-18 06:59:12,3349029664,2584868592,1078732040,161290240,5368709120,5368709120,4294967296,4294967296
2026-03-18 06:59:42,895667528,525810824,246400200,922556416,5368709120,5368709120,4294967296,4294967296
2026-03-18 07:00:12,3223755288,312088456,1221575880,1562187776,5368709120,5368709120,4294967296,4294967296
2026-03-18 07:00:42,1541796088,2207952832,1905247432,1916606464,5368709120,5368709120,4294967296,4294967296
2026-03-18 07:01:12,1856607496,2853994824,552746928,229246800,5368709120,5368709120,4294967296,4294967296
2026-03-18 07:01:42,2007774400,2279595136,1037189040,705300304,5368709120,5368709120,4294967296,4294967296
2026-03-18 07:02:12,2917938368,3147816064,1410482096,1068107600,5368709120,5368709120,4294967296,4294967296
2026-03-18 07:02:42,477109264,568698160,1773289392,1420429136,5368709120,5368709120,4294967296,4294967296
2026-03-18 07:03:12,1294998544,1491445040,227875872,1787430736,5368709120,5368709120,4294967296,4294967296
2026-03-18 07:03:42,2347768848,2544215344,724900896,350646944,5368709120,5368709120,4294967296,4294967296
2026-03-18 07:04:12,3249544208,237233072,1102388256,719745696,5368709120,5368709120,4294967296,4294967296
2026-03-18 07:04:42,1391459760,1583604656,1737825312,1346794144,5368709120,5368709120,4294967296,4294967296
2026-03-18 07:05:12,3115318704,3345212336,605539328,206061792,5368709120,5368709120,4294967296,4294967296
2026-03-18 07:05:42,1072622584,1306793904,1240976384,833110240,5368709120,5368709120,4294967296,4294967296
2026-03-18 07:06:12,1986980856,2204374960,1618463744,1202208992,5368709120,5368709120,4294967296,4294967296
2026-03-18 07:06:42,3257854968,258230824,326775456,1829257440,5368709120,5368709120,4294967296,4294967296
2026-03-18 07:07:12,1907360416,2024032808,1109013152,688515992,5368709120,5368709120,4294967296,4294967296
2026-03-18 07:07:42,3341812384,258217816,1738158752,1321855896,5368709120,5368709120,4294967296,4294967296
2026-03-18 07:08:12,1525815456,1617172312,461398528,1969875864,5368709120,5368709120,4294967296,4294967296
2026-03-18 07:08:42,2289178784,2397312856,809525760,395033216,5368709120,5368709120,4294967296,4294967296
2026-03-18 07:09:12,343124704,476476032,1453351424,1040956032,5368709120,5368709120,4294967296,4294967296
2026-03-18 07:09:42,1232317152,1382445696,1939890688,1529592448,5368709120,5368709120,4294967296,4294967296
2026-03-18 07:10:12,2343807712,2498130560,385767608,1898691200,5368709120,5368709120,4294967296,4294967296
2026-03-18 07:10:42,364180824,556492752,1008621752,602778784,5368709120,5368709120,4294967296,4294967296
2026-03-18 07:11:12,1253373272,1487628240,1516132536,1110289568,5368709120,5368709120,4294967296,4294967296
2026-03-18 07:11:42,2083845464,2292934608,1746819256,1322101920,5368709120,5368709120,4294967296,4294967296
2026-03-18 07:12:12,771015960,1017735992,371196072,1831709856,5368709120,5368709120,4294967296,4294967296
2026-03-18 07:12:42,2830419224,3064556344,1038090408,535817624,5368709120,5368709120,4294967296,4294967296
2026-03-18 07:13:12,1551404424,1785319424,1583349928,1041231256,5368709120,5368709120,4294967296,4294967296
2026-03-18 07:13:42,3258486152,254563344,325196328,1668279704,5368709120,5368709120,4294967296,4294967296
2026-03-18 07:14:12,1417215936,1605129232,736238120,2035281304,5368709120,5368709120,4294967296,4294967296
2026-03-18 07:14:42,3212378048,174913664,1268914728,603073936,5368709120,5368709120,4294967296,4294967296
2026-03-18 07:15:12,1664830848,1844246656,1675762216,972172688,5368709120,5368709120,4294967296,4294967296
2026-03-18 07:15:42,3204140416,3354196096,2046958120,1322397072,5368709120,5368709120,4294967296,4294967296
2026-03-18 07:16:12,2226827360,2385370568,811954608,1968319888,5368709120,5368709120,4294967296,4294967296
2026-03-18 07:16:42,1266637272,1525568216,1478848944,672465624,5368709120,5368709120,4294967296,4294967296
2026-03-18 07:17:12,683523696,988731728,1845850544,1041564376,5368709120,5368709120,4294967296,4294967296
2026-03-18 07:17:42,666821960,1060139872,684248616,1804927704,5368709120,5368709120,4294967296,4294967296
2026-03-18 07:18:12,3380536648,749886992,1330171432,530067152,5368709120,5368709120,4294967296,4294967296
2026-03-18 07:18:42,2550286176,3220332048,1678298664,880291536,5368709120,5368709120,4294967296,4294967296
2026-03-18 07:19:12,1753237296,2440272960,1908985384,1108881104,5368709120,5368709120,4294967296,4294967296
2026-03-18 07:19:42,1929634344,2452859944,625559712,1847078608,5368709120,5368709120,4294967296,4294967296
2026-03-18 07:20:12,1141182448,1974859880,977881248,182181808,5368709120,5368709120,4294967296,4294967296
2026-03-18 07:20:42,767931488,1681208128,1462323360,672915376,5368709120,5368709120,4294967296,4294967296
2026-03-18 07:21:12,524752400,1522000384,1969834144,1178329008,5368709120,5368709120,4294967296,4294967296
2026-03-18 07:21:42,302524512,1433975504,617541792,1669062576,5368709120,5368709120,4294967296,4294967296
2026-03-18 07:22:12,2412335376,293262368,1563357344,528574544,5368709120,5368709120,4294967296,4294967296
2026-03-18 07:22:42,508224944,1073481168,148044000,880896080,5368709120,5368709120,4294967296,4294967296
2026-03-18 07:23:12,2567829256,3103644592,882047200,1526818896,5368709120,5368709120,4294967296,4294967296
2026-03-18 07:23:42,718298584,1245670928,1400043744,1874946128,5368709120,5368709120,4294967296,4294967296
2026-03-18 07:24:12,2526080160,3036880864,152534976,463534080,5368709120,5368709120,4294967296,4294967296
2026-03-18 07:24:42,1163029408,1736591936,943161280,1090582528,5368709120,5368709120,4294967296,4294967296
2026-03-18 07:25:12,3012944832,289772192,1614249920,1595996160,5368709120,5368709120,4294967296,4294967296
2026-03-18 07:25:42,1561782728,2185656272,482231104,296670792,5368709120,5368709120,4294967296,4294967296
2026-03-18 07:26:12,2740481136,3234404096,1149125440,802084424,5368709120,5368709120,4294967296,4294967296
2026-03-18 07:26:42,1067130608,1808414384,1671316288,1154405960,5368709120,5368709120,4294967296,4294967296
2026-03-18 07:27:12,1545412048,2739644992,1906197312,1389286984,5368709120,5368709120,4294967296,4294967296
2026-03-18 07:27:42,2086636392,852392064,472034624,1877923400,5368709120,5368709120,4294967296,4294967296
2026-03-18 07:28:12,2837677248,2220019584,981642560,464609152,5368709120,5368709120,4294967296,4294967296
2026-03-18 07:28:42,3177480224,3147161680,1606593856,1091657600,5368709120,5368709120,4294967296,4294967296
2026-03-18 07:29:12,652912880,1197072064,327945128,1733386112,5368709120,5368709120,4294967296,4294967296
2026-03-18 07:29:42,1336986624,2506023800,1087114152,572686472,5368709120,5368709120,4294967296,4294967296
2026-03-18 07:30:12,3153047112,1893812072,1860963240,1348632712,5368709120,5368709120,4294967296,4294967296
2026-03-18 07:30:42,884177160,3382737904,427052656,1839366280,5368709120,5368709120,4294967296,4294967296
2026-03-18 07:31:12,1299664912,803680768,932466288,424156168,5368709120,5368709120,4294967296,4294967296
2026-03-18 07:31:42,217596784,292022096,1154764400,644357128,5368709120,5368709120,4294967296,4294967296
2026-03-18 07:32:12,343835984,229340312,1655983728,1145576456,5368709120,5368709120,4294967296,4294967296
2026-03-18 07:32:42,1119782224,1026258072,2006208112,1497897992,5368709120,5368709120,4294967296,4294967296
2026-03-18 07:33:12,2440987984,2351658136,729615040,220857016,5368709120,5368709120,4294967296,4294967296
2026-03-18 07:33:42,440343280,355391984,1358760640,852099768,5368709120,5368709120,4294967296,4294967296
2026-03-18 07:34:12,1656691440,1575934448,2004683456,1504314040,5368709120,5368709120,4294967296,4294967296
2026-03-18 07:34:42,2579438320,2511264240,572474608,1992950456,5368709120,5368709120,4294967296,4294967296
2026-03-18 07:35:12,3388938992,250488760,1082082544,583774928,5368709120,5368709120,4294967296,4294967296
2026-03-18 07:35:42,947815664,774776760,1293894896,793490128,5368709120,5368709120,4294967296,4294967296
2026-03-18 07:36:12,1757316336,1722689464,1662993648,1160491728,5368709120,5368709120,4294967296,4294967296
2026-03-18 07:36:42,2822669552,2800625592,228255232,1651225296,5368709120,5368709120,4294967296,4294967296
2026-03-18 07:37:12,1061174736,925677728,884663808,376275360,5368709120,5368709120,4294967296,4294967296
2026-03-18 07:37:42,2537569744,2662119584,1536878080,1007518112,5368709120,5368709120,4294967296,4294967296
2026-03-18 07:38:12,1162002232,1143999296,417071384,1796047264,5368709120,5368709120,4294967296,4294967296
2026-03-18 07:38:42,1929559864,1932528448,788267288,223298088,5368709120,5368709120,4294967296,4294967296
2026-03-18 07:39:12,3397566264,183594336,1323041048,737100328,5368709120,5368709120,4294967296,4294967296
2026-03-18 07:39:42,1266952856,1462857056,1834746136,1229931048,5368709120,5368709120,4294967296,4294967296
2026-03-18 07:40:12,2755930776,2935057760,576492960,1877951016,5368709120,5368709120,4294967296,4294967296
2026-03-18 07:40:42,528719792,640868616,1090295200,519126984,5368709120,5368709120,4294967296,4294967296
2026-03-18 07:41:12,1426300848,1832050952,1482462624,819019720,5368709120,5368709120,4294967296,4294967296
2026-03-18 07:41:42,2533597104,2939347208,1992070560,1311850440,5368709120,5368709120,4294967296,4294967296
2026-03-18 07:42:12,927250616,1345566528,587230720,1819361224,5368709120,5368709120,4294967296,4294967296
2026-03-18 07:42:42,2969876664,3199448896,1218473472,529359872,5368709120,5368709120,4294967296,4294967296
2026-03-18 07:43:12,1715722824,1999768624,1725984256,1038967808,5368709120,5368709120,4294967296,4294967296
2026-03-18 07:43:42,352791440,657797264,572696576,1814914048,5368709120,5368709120,4294967296,4294967296
2026-03-18 07:44:12,1707551632,2062889104,1082304512,399879704,5368709120,5368709120,4294967296,4294967296
2026-03-18 07:44:42,2911316880,3287625872,1432528896,750104088,5368709120,5368709120,4294967296,4294967296
2026-03-18 07:45:12,1405670152,1878331368,1942136832,1261809176,5368709120,5368709120,4294967296,4294967296
2026-03-18 07:45:42,3142112008,385270072,648205168,1895149080,5368709120,5368709120,4294967296,4294967296
2026-03-18 07:46:12,1355406560,1823916344,1019401072,343481680,5368709120,5368709120,4294967296,4294967296
2026-03-18 07:46:42,3175734496,460860752,1510134640,836312400,5368709120,5368709120,4294967296,4294967296
2026-03-18 07:47:12,2446019152,2864196944,419819920,1631133008,5368709120,5368709120,4294967296,4294967296
2026-03-18 07:47:42,1145815840,1413019936,853930384,1985551696,5368709120,5368709120,4294967296,4294967296
2026-03-18 07:48:12,613260656,880386440,1309012368,433841056,5368709120,5368709120,4294967296,4294967296
2026-03-18 07:48:42,520938144,771503456,2019946896,1065083808,5368709120,5368709120,4294967296,4294967296
2026-03-18 07:49:12,256830784,528432624,690522768,1574691744,5368709120,5368709120,4294967296,4294967296
2026-03-18 07:49:42,2144267584,3028237808,1124633232,1927013280,5368709120,5368709120,4294967296,4294967296
2026-03-18 07:50:12,1909462160,2889683168,1718127248,515844520,5368709120,5368709120,4294967296,4294967296
2026-03-18 07:50:42,1557231600,2386446928,325882768,1006578088,5368709120,5368709120,4294967296,4294967296
2026-03-18 07:51:12,1494395088,2319406704,1059885968,1660889512,5368709120,5368709120,4294967296,4294967296
2026-03-18 07:51:42,1150543584,1963407752,1634505616,228386056,5368709120,5368709120,4294967296,4294967296
2026-03-18 07:52:12,911472472,1866641000,160400200,597484808,5368709120,5368709120,4294967296,4294967296
2026-03-18 07:52:42,2517933200,377627648,657425224,1090315528,5368709120,5368709120,4294967296,4294967296
2026-03-18 07:53:12,832030032,2093175616,1026523976,1463608584,5368709120,5368709120,4294967296,4294967296
2026-03-18 07:53:42,2518138192,830812824,1651475272,170031312,5368709120,5368709120,4294967296,4294967296
2026-03-18 07:54:12,1188741456,2651288760,242497728,679639248,5368709120,5368709120,4294967296,4294967296
2026-03-18 07:54:42,2526796944,1074235752,596916416,1031960784,5368709120,5368709120,4294967296,4294967296
2026-03-18 07:55:12,1486751904,420125808,1249130688,1732409552,5368709120,5368709120,4294967296,4294967296
2026-03-18 07:55:42,287426328,2374780112,1878276288,390781952,5368709120,5368709120,4294967296,4294967296
2026-03-18 07:56:12,2179103648,1200598208,467567768,902487040,5368709120,5368709120,4294967296,4294967296
2026-03-18 07:56:42,933556096,3100588400,960398488,1470815232,5368709120,5368709120,4294967296,4294967296
2026-03-18 07:57:12,363384704,2979227760,2050917528,403837952,5368709120,5368709120,4294967296,4294967296
2026-03-18 07:57:42,560461592,244553816,606581312,621941760,5368709120,5368709120,4294967296,4294967296
2026-03-18 07:58:12,1026222144,1020680800,1216852544,995234816,5368709120,5368709120,4294967296,4294967296
2026-03-18 07:58:42,1412519904,1935455200,258578624,1626477568,5368709120,5368709120,4294967296,4294967296
2026-03-18 07:59:12,1823694400,2648642672,1097439424,213590208,5368709120,5368709120,4294967296,4294967296
2026-03-18 07:59:42,2377640344,287562608,2060032192,842735808,5368709120,5368709120,4294967296,4294967296
2026-03-18 08:00:12,2973215768,1088761632,969550176,1352343744,5368709120,5368709120,4294967296,4294967296
2026-03-18 08:00:42,268371160,2099849152,148265712,195145776,5368709120,5368709120,4294967296,4294967296
2026-03-18 08:01:12,352384576,2703945200,1129732848,843165744,5368709120,5368709120,4294967296,4294967296
2026-03-18 08:01:42,2726383168,2117056448,1947622128,1335996464,5368709120,5368709120,4294967296,4294967296
2026-03-18 08:02:12,214400984,3035744056,733594928,1707192368,5368709120,5368709120,4294967296,4294967296
2026-03-18 08:02:42,2609348568,2251391104,1081722160,2055319600,5368709120,5368709120,4294967296,4294967296
2026-03-18 08:03:12,3272048600,3178332288,1320797488,458065560,5368709120,5368709120,4294967296,4294967296
2026-03-18 08:03:42,1116343168,741719632,1822016816,850232984,5368709120,5368709120,4294967296,4294967296
2026-03-18 08:04:12,2592738176,2218114640,553340928,1494058648,5368709120,5368709120,4294967296,4294967296
2026-03-18 08:04:42,298514048,3132472912,1050365952,1980597912,5368709120,5368709120,4294967296,4294967296
2026-03-18 08:05:12,1636497024,1257602704,1702580224,703557200,5368709120,5368709120,4294967296,4294967296
2026-03-18 08:05:42,2546660992,2167766672,278728704,1192193616,5368709120,5368709120,4294967296,4294967296
2026-03-18 08:06:12,239858960,3069542032,658313216,1561292368,5368709120,5368709120,4294967296,4294967296
2026-03-18 08:06:42,747369744,360055432,878514176,1771007568,5368709120,5368709120,4294967296,4294967296
2026-03-18 08:07:12,1670116624,1282802312,1256001536,212924992,5368709120,5368709120,4294967296,4294967296
2026-03-18 08:07:42,2173433104,1786118792,1478299648,422640192,5368709120,5368709120,4294967296,4294967296
2026-03-18 08:08:12,3289117968,2868249224,1845301248,791738944,5368709120,5368709120,4294967296,4294967296
2026-03-18 08:08:42,1112236256,708300472,270231776,1141963328,5368709120,5368709120,4294967296,4294967296
2026-03-18 08:09:12,2567659744,2184695480,775645408,1645279808,5368709120,5368709120,4294967296,4294967296
2026-03-18 08:09:42,1162573752,800521600,1536911584,489875560,5368709120,5368709120,4294967296,4294967296
2026-03-18 08:10:12,2617997240,2276916608,2044422368,997386344,5368709120,5368709120,4294967296,4294967296
2026-03-18 08:10:42,852394592,527926872,746457648,1624434792,5368709120,5368709120,4294967296,4294967296
2026-03-18 08:11:12,1808695904,1459062360,1115556400,2029185128,5368709120,5368709120,4294967296,4294967296
2026-03-18 08:11:42,2840494688,2557970008,1602095664,557082688,5368709120,5368709120,4294967296,4294967296
2026-03-18 08:12:12,894385304,632841040,182456800,1066690624,5368709120,5368709120,4294967296,4294967296
2026-03-18 08:12:42,1800354968,1765303120,673190368,1557424192,5368709120,5368709120,4294967296,4294967296
2026-03-18 08:13:12,239984056,469474504,1084232160,2039769152,5368709120,5368709120,4294967296,4294967296
2026-03-18 08:13:42,2077089208,2017172680,1614811616,494314992,5368709120,5368709120,4294967296,4294967296
2026-03-18 08:14:12,835567048,771471376,237091424,1001825776,5368709120,5368709120,4294967296,4294967296
2026-03-18 08:14:42,2647506376,2583410704,765573728,1490462192,5368709120,5368709120,4294967296,4294967296
2026-03-18 08:15:12,1536177816,1467804464,1432468064,210910592,5368709120,5368709120,4294967296,4294967296
2026-03-18 08:15:42,2802857624,2742872880,1705097824,422722944,5368709120,5368709120,4294967296,4294967296
2026-03-18 08:16:12,1003747072,939378400,1977727584,653409664,5368709120,5368709120,4294967296,4294967296
2026-03-18 08:16:42,3071538944,3023947488,721282144,1278360960,5368709120,5368709120,4294967296,4294967296
2026-03-18 08:17:12,1821524848,1744699440,1266541664,1785871744,5368709120,5368709120,4294967296,4294967296
2026-03-18 08:17:42,710143328,629045520,1933436000,487953920,5368709120,5368709120,4294967296,4294967296
2026-03-18 08:18:12,458450080,461387128,516233200,993367552,5368709120,5368709120,4294967296,4294967296
2026-03-18 08:18:42,3033752736,3124770168,866457584,1345689088,5368709120,5368709120,4294967296,4294967296
2026-03-18 08:19:12,416691456,583163024,1780815856,341292720,5368709120,5368709120,4294967296,4294967296
2026-03-18 08:19:42,2979411200,3225574544,206134768,691517104,5368709120,5368709120,4294967296,4294967296
2026-03-18 08:20:12,2195053200,2525146656,438918640,920106672,5368709120,5368709120,4294967296,4294967296
2026-03-18 08:20:42,1558123136,1963103152,787045872,1270331056,5368709120,5368709120,4294967296,4294967296
2026-03-18 08:21:12,1742272224,2227446080,1565089264,2052568752,5368709120,5368709120,4294967296,4294967296
2026-03-18 08:21:42,1100533128,1552302528,1906925040,477797160,5368709120,5368709120,4294967296,4294967296
2026-03-18 08:22:12,1117553872,1795477952,632225576,1121622824,5368709120,5368709120,4294967296,4294967296
2026-03-18 08:22:42,1046287752,1757882464,1261371176,1752865576,5368709120,5368709120,4294967296,4294967296
2026-03-18 08:23:12,2841583296,327791312,1936654120,337522584,5368709120,5368709120,4294967296,4294967296
2026-03-18 08:23:42,1298318592,1988867192,669957792,826159000,5368709120,5368709120,4294967296,4294967296
2026-03-18 08:24:12,3269568768,739151424,1479458464,1474178968,5368709120,5368709120,4294967296,4294967296
2026-03-18 08:24:42,1726214440,2408555720,213006528,1962815384,5368709120,5368709120,4294967296,4294967296
2026-03-18 08:25:12,3261363840,709939824,749877440,409179760,5368709120,5368709120,4294967296,4294967296
2026-03-18 08:25:42,1466327488,2123546696,1265776832,759404144,5368709120,5368709120,4294967296,4294967296
2026-03-18 08:26:12,367627648,1012160600,154345648,1405326960,5368709120,5368709120,4294967296,4294967296
2026-03-18 08:26:42,2594923328,3231154760,1087578288,248200704,5368709120,5368709120,4294967296,4294967296
2026-03-18 08:27:12,1399636696,2065270656,1894981808,894123520,5368709120,5368709120,4294967296,4294967296
2026-03-18 08:27:42,3102536512,454736144,739819120,1519074816,5368709120,5368709120,4294967296,4294967296
2026-03-18 08:28:12,2528106320,673072832,1540931184,377149184,5368709120,5368709120,4294967296,4294967296
2026-03-18 08:28:42,2050382688,950161376,2029567600,867882752,5368709120,5368709120,4294967296,4294967296
2026-03-18 08:29:12,2432324496,2120542848,480696120,1239078656,5368709120,5368709120,4294967296,4294967296
2026-03-18 08:29:42,3225274096,300503504,1237767992,1996150528,5368709120,5368709120,4294967296,4294967296
2026-03-18 08:30:12,2751459056,426386896,1611061048,442816280,5368709120,5368709120,4294967296,4294967296
2026-03-18 08:30:42,2780867968,1219098032,1829164856,663017240,5368709120,5368709120,4294967296,4294967296
2026-03-18 08:31:12,3020463808,2142290256,954991696,1711593240,5368709120,5368709120,4294967296,4294967296
2026-03-18 08:31:42,2383241400,2188605160,1372324944,206514648,5368709120,5368709120,4294967296,4294967296
2026-03-18 08:32:12,1707974656,2016861024,1953236048,789522904,5368709120,5368709120,4294967296,4294967296
2026-03-18 08:32:42,2018541848,3246092480,532404624,1362045400,5368709120,5368709120,4294967296,4294967296
2026-03-18 08:33:12,3201568456,1056747136,1018943888,1779378648,5368709120,5368709120,4294967296,4294967296
2026-03-18 08:33:42,492128456,1543286400,1230756240,1991191000,5368709120,5368709120,4294967296,4294967296
2026-03-18 08:34:12,1700088008,2751245952,1736169872,573696280,5368709120,5368709120,4294967296,4294967296
2026-03-18 08:34:42,2895464648,746443712,440644208,1200744728,5368709120,5368709120,4294967296,4294967296
2026-03-18 08:35:12,609676960,1681773504,807645808,1567746328,5368709120,5368709120,4294967296,4294967296
2026-03-18 08:35:42,1402400416,2474496960,1155773040,1917970712,5368709120,5368709120,4294967296,4294967296
2026-03-18 08:36:12,2744577696,608102152,1797501552,640923952,5368709120,5368709120,4294967296,4294967296
2026-03-18 08:36:42,316159920,1413408520,226469896,989051184,5368709120,5368709120,4294967296,4294967296
2026-03-18 08:37:12,953694128,2071914248,455059464,1215543600,5368709120,5368709120,4294967296,4294967296
2026-03-18 08:37:42,1712863152,2860443400,805283848,1567865136,5368709120,5368709120,4294967296,4294967296
2026-03-18 08:38:12,2635610032,583052512,1174382600,1934866736,5368709120,5368709120,4294967296,4294967296
2026-03-18 08:38:42,735526880,1858120928,1681893384,500956464,5368709120,5368709120,4294967296,4294967296
2026-03-18 08:39:12,1930903520,3045108960,2071963656,867958064,5368709120,5368709120,4294967296,4294967296
2026-03-18 08:39:42,3247914976,1140830152,656926768,1356594480,5368709120,5368709120,4294967296,4294967296
2026-03-18 08:40:12,945248184,2059382728,908585008,1587281200,5368709120,5368709120,4294967296,4294967296
2026-03-18 08:40:42,2262259640,3317673928,1418192944,2075917616,5368709120,5368709120,4294967296,4294967296
2026-03-18 08:41:12,513325704,1623193232,1942480944,657911000,5368709120,5368709120,4294967296,4294967296
2026-03-18 08:41:42,1838725768,2940204688,528697048,1148644568,5368709120,5368709120,4294967296,4294967296
2026-03-18 08:42:12,2744695432,633456568,778258136,1377234136,5368709120,5368709120,4294967296,4294967296
2026-03-18 08:42:42,1394133880,2516699064,1566787288,221794160,5368709120,5368709120,4294967296,4294967296
2026-03-18 08:43:12,1780009848,2931935160,1956857560,592990064,5368709120,5368709120,4294967296,4294967296
2026-03-18 08:43:42,3004746616,969131552,384059736,943214448,5368709120,5368709120,4294967296,4294967296
2026-03-18 08:44:12,1906014616,3087255072,1027885400,1589137264,5368709120,5368709120,4294967296,4294967296
2026-03-18 08:44:42,3269163416,1275295344,1520716120,156911992,5368709120,5368709120,4294967296,4294967296
2026-03-18 08:45:12,1373351480,2646832752,1751402840,387598712,5368709120,5368709120,4294967296,4294967296
2026-03-18 08:45:42,3197873720,1292199728,314578944,876235128,5368709120,5368709120,4294967296,4294967296
2026-03-18 08:46:12,1960502880,3305465648,822089728,1385843064,5368709120,5368709120,4294967296,4294967296
2026-03-18 08:46:42,295552864,1686501544,1172314112,1736067448,5368709120,5368709120,4294967296,4294967296
2026-03-18 08:47:12,1990051680,201616744,1541412864,182207128,5368709120,5368709120,4294967296,4294967296
2026-03-18 08:47:42,874398752,2344906088,243467264,811352728,5368709120,5368709120,4294967296,4294967296
2026-03-18 08:48:12,2807972896,1141266976,753075200,1320960664,5368709120,5368709120,4294967296,4294967296
2026-03-18 08:48:42,2719979696,1036478592,1464009728,1952203416,5368709120,5368709120,4294967296,4294967296
2026-03-18 08:49:12,2506157400,801616176,2053309440,536782016,5368709120,5368709120,4294967296,4294967296
2026-03-18 08:49:42,2682268960,948549824,1116461544,1442751680,5368709120,5368709120,4294967296,4294967296
2026-03-18 08:50:12,1587896608,2898901184,1657526760,1952359616,5368709120,5368709120,4294967296,4294967296
2026-03-18 08:50:42,1101308152,2450339072,495364272,656521464,5368709120,5368709120,4294967296,4294967296
2026-03-18 08:51:12,476520080,1548598080,948349104,1025620216,5368709120,5368709120,4294967296,4294967296
2026-03-18 08:51:42,3198623376,1066350848,1657186480,1656862968,5368709120,5368709120,4294967296,4294967296
2026-03-18 08:52:12,2347166560,3394189568,185337344,2028058872,5368709120,5368709120,4294967296,4294967296
2026-03-18 08:52:42,1995002136,3046098240,1032586752,870700488,5368709120,5368709120,4294967296,4294967296
2026-03-18 08:53:12,1097404128,2144359616,1345062400,1101387208,5368709120,5368709120,4294967296,4294967296
2026-03-18 08:53:42,2477431568,491966544,1699481088,1453708744,5368709120,5368709120,4294967296,4294967296
2026-03-18 08:54:12,1324211456,2538959616,322681488,176835440,5368709120,5368709120,4294967296,4294967296
2026-03-18 08:54:42,3375231344,1737910256,1184610960,944393072,5368709120,5368709120,4294967296,4294967296
2026-03-18 08:55:12,2087841280,974615328,1690024592,1451903856,5368709120,5368709120,4294967296,4294967296
2026-03-18 08:55:42,1760764992,697927216,2042346128,1804225392,5368709120,5368709120,4294967296,4294967296
2026-03-18 08:56:12,330689832,2564373496,626715832,389039896,5368709120,5368709120,4294967296,4294967296
2026-03-18 08:56:42,758571544,3248150848,1253764280,1018185496,5368709120,5368709120,4294967296,4294967296
2026-03-18 08:57:12,2050528320,1495329848,1622863032,1387284248,5368709120,5368709120,4294967296,4294967296
2026-03-18 08:57:42,2704910720,2275343136,2017127608,1783645976,5368709120,5368709120,4294967296,4294967296
2026-03-18 08:58:12,1203459088,1000377248,603619328,368164352,5368709120,5368709120,4294967296,4294967296
2026-03-18 08:58:42,1314117760,1440960824,1427800064,860995072,5368709120,5368709120,4294967296,4294967296
2026-03-18 08:59:12,1725132240,2162564312,207906000,1232190976,5368709120,5368709120,4294967296,4294967296
2026-03-18 08:59:42,2044149232,2659006912,897869008,1588706816,5368709120,5368709120,4294967296,4294967296
2026-03-18 09:00:12,2262505528,3166621624,1615094992,1970388480,5368709120,5368709120,4294967296,4294967296
2026-03-18 09:00:42,2216380200,214108144,381015560,403557544,5368709120,5368709120,4294967296,4294967296
2026-03-18 09:01:12,2287863440,595871888,955635208,642632872,5368709120,5368709120,4294967296,4294967296
2026-03-18 09:01:42,2170749632,646333896,1647695368,1003343016,5368709120,5368709120,4294967296,4294967296
2026-03-18 09:02:12,2745670728,1422804736,706491368,1653460136,5368709120,5368709120,4294967296,4294967296
2026-03-18 09:02:42,2934480312,1829614272,1396454376,2012073128,5368709120,5368709120,4294967296,4294967296
2026-03-18 09:03:12,820976696,3134566272,591708128,876926336,5368709120,5368709120,4294967296,4294967296
2026-03-18 09:03:42,2050029984,1385569584,1482997728,1770313088,5368709120,5368709120,4294967296,4294967296
2026-03-18 09:04:12,460578144,3180885816,344823928,619556864,5368709120,5368709120,4294967296,4294967296
2026-03-18 09:04:42,1853162384,526154792,942512248,1206759424,5368709120,5368709120,4294967296,4294967296
2026-03-18 09:05:12,1832101424,1734114344,1418565752,1714270208,5368709120,5368709120,4294967296,4294967296
2026-03-18 09:05:42,2792597040,2510060584,1817024632,2066591744,5368709120,5368709120,4294967296,4294967296
2026-03-18 09:06:12,510936136,3407641640,275770936,510096976,5368709120,5368709120,4294967296,4294967296
2026-03-18 09:06:42,2285126728,1943768776,1198517816,1426552400,5368709120,5368709120,4294967296,4294967296
2026-03-18 09:07:12,3283371080,3147534024,1661988408,1931966032,5368709120,5368709120,4294967296,4294967296
2026-03-18 09:07:42,1765116448,1402870168,571586352,778641976,5368709120,5368709120,4294967296,4294967296
2026-03-18 09:08:12,2415233568,2061375896,810661680,1007231544,5368709120,5368709120,4294967296,4294967296
2026-03-18 09:08:42,3195374112,2845710744,1169274672,1355358776,5368709120,5368709120,4294967296,4294967296
2026-03-18 09:09:12,1672891136,1608658576,1829877552,191518384,5368709120,5368709120,4294967296,4294967296
2026-03-18 09:09:42,339395752,3236048528,799852512,992630448,5368709120,5368709120,4294967296,4294967296
2026-03-18 09:10:12,1400554664,1113510296,1307363296,1500141232,5368709120,5368709120,4294967296,4294967296
2026-03-18 09:10:42,2486879400,2258555288,1793902560,1988777648,5368709120,5368709120,4294967296,4294967296
2026-03-18 09:11:12,335234552,3328102808,383115632,575376200,5368709120,5368709120,4294967296,4294967296
2026-03-18 09:11:42,1308313080,1075953792,731242864,923503432,5368709120,5368709120,4294967296,4294967296
2026-03-18 09:12:12,2902148600,2694955136,1375068528,1569426248,5368709120,5368709120,4294967296,4294967296
2026-03-18 09:12:42,616223264,417445904,1863704944,2060159816,5368709120,5368709120,4294967296,4294967296
2026-03-18 09:13:12,1752879648,1570879504,449879520,646828512,5368709120,5368709120,4294967296,4294967296
2026-03-18 09:13:42,2524631584,2371991568,800103904,997052896,5368709120,5368709120,4294967296,4294967296
2026-03-18 09:14:12,1262091808,1109530864,1485872608,1642975712,5368709120,5368709120,4294967296,4294967296
2026-03-18 09:14:42,2616852000,2464291056,2016452064,210711528,5368709120,5368709120,4294967296,4294967296
2026-03-18 09:15:12,872107472,610555472,504553120,651113448,5368709120,5368709120,4294967296,4294967296
2026-03-18 09:15:42,2268810704,2116310608,1173544608,1206858728,5368709120,5368709120,4294967296,4294967296
2026-03-18 09:16:12,389847608,262411952,1584586400,1578054632,5368709120,5368709120,4294967296,4294967296
2026-03-18 09:16:42,2210175544,2074351280,192256608,2066691048,5368709120,5368709120,4294967296,4294967296
2026-03-18 09:17:12,704630952,522534440,605395552,511244288,5368709120,5368709120,4294967296,4294967296
2026-03-18 09:17:42,3074412712,2900704808,1547016800,1419311104,5368709120,5368709120,4294967296,4294967296
2026-03-18 09:18:12,1241508328,1067909520,171498848,1926821888,5368709120,5368709120,4294967296,4294967296
2026-03-18 09:18:42,2596268520,2418475408,704175456,492148080,5368709120,5368709120,4294967296,4294967296
2026-03-18 09:19:12,1623175136,1395564400,1350098272,1142265200,5368709120,5368709120,4294967296,4294967296
2026-03-18 09:19:42,230824328,3324944240,1840831840,1632998768,5368709120,5368709120,4294967296,4294967296
2026-03-18 09:20:12,2348947848,2435375408,564032224,355990368,5368709120,5368709120,4294967296,4294967296
2026-03-18 09:20:42,1317197232,1483403360,775844576,569899872,5368709120,5368709120,4294967296,4294967296
2026-03-18 09:21:12,1216732672,1474990368,1421767392,1215822688,5368709120,5368709120,4294967296,4294967296
2026-03-18 09:21:42,822509568,1047255616,1910403808,1706556256,5368709120,5368709120,4294967296,4294967296
2026-03-18 09:22:12,600388160,896349680,492613696,289101048,5368709120,5368709120,4294967296,4294967296
2026-03-18 09:22:42,3179885120,300796016,842838080,647714040,5368709120,5368709120,4294967296,4294967296
2026-03-18 09:23:12,2953448832,3379415152,1350348864,1153127672,5368709120,5368709120,4294967296,4294967296
2026-03-18 09:23:42,2597022552,3102667216,1836888128,1641764088,5368709120,5368709120,4294967296,4294967296
2026-03-18 09:24:12,1200516672,1701884592,589326304,230255568,5368709120,5368709120,4294967296,4294967296
2026-03-18 09:24:42,483350296,972261488,1660970976,1136225232,5368709120,5368709120,4294967296,4294967296
2026-03-18 09:25:12,1062298880,1555473456,686062336,1922657232,5368709120,5368709120,4294967296,4294967296
2026-03-18 09:25:42,2027223680,2499321304,1480882944,627500104,5368709120,5368709120,4294967296,4294967296
2026-03-18 09:26:12,1947525888,2562344920,2019851008,1000793160,5368709120,5368709120,4294967296,4294967296
2026-03-18 09:26:42,3029830736,444349456,476762080,1216799816,5368709120,5368709120,4294967296,4294967296
2026-03-18 09:27:12,1868121936,2520596304,1288359904,1864819784,5368709120,5368709120,4294967296,4294967296
2026-03-18 09:27:42,2560521512,3192033856,567507496,982100128,5368709120,5368709120,4294967296,4294967296
2026-03-18 09:28:12,2522771440,3112395752,1240693288,1491708064,5368709120,5368709120,4294967296,4294967296
2026-03-18 09:28:42,2938173088,340169104,1760786984,1844029600,5368709120,5368709120,4294967296,4294967296
2026-03-18 09:29:12,635786880,1594495968,485687608,569633792,5368709120,5368709120,4294967296,4294967296
2026-03-18 09:29:42,3194312320,1405888704,976421176,1062464512,5368709120,5368709120,4294967296,4294967296
2026-03-18 09:30:12,1386908432,630212632,1347617080,1429466112,5368709120,5368709120,4294967296,4294967296
2026-03-18 09:30:42,1655558848,1603302600,1699938616,1785981952,5368709120,5368709120,4294967296,4294967296
2026-03-18 09:31:12,2108559520,2773710744,285041920,368990208,5368709120,5368709120,4294967296,4294967296
2026-03-18 09:31:42,2306073976,437674608,641557760,721311744,5368709120,5368709120,4294967296,4294967296
2026-03-18 09:32:12,670954168,2598116672,1555916032,1637767168,5368709120,5368709120,4294967296,4294967296
2026-03-18 09:32:42,2101067296,1465733096,2042455296,202302608,5368709120,5368709120,4294967296,4294967296
2026-03-18 09:33:12,1581072752,1381882440,495480832,577692816,5368709120,5368709120,4294967296,4294967296
2026-03-18 09:33:42,2118045344,2548156296,986214400,1068426384,5368709120,5368709120,4294967296,4294967296
2026-03-18 09:34:12,1300510656,1168350288,1483239424,1565451408,5368709120,5368709120,4294967296,4294967296
2026-03-18 09:34:42,1694775232,1562614864,1831366656,1909384336,5368709120,5368709120,4294967296,4294967296
2026-03-18 09:35:12,2500081600,2359532624,2074636288,221388752,5368709120,5368709120,4294967296,4294967296
2026-03-18 09:35:42,3280222144,3139673168,513101120,571613136,5368709120,5368709120,4294967296,4294967296
2026-03-18 09:36:12,1283770112,1135092344,1029000512,1079123920,5368709120,5368709120,4294967296,4294967296
2026-03-18 09:36:42,2344929024,2196251256,1528122688,1567760336,5368709120,5368709120,4294967296,4294967296
2026-03-18 09:37:12,470048008,463835344,261240368,290744032,5368709120,5368709120,4294967296,4294967296
2026-03-18 09:37:42,1501846792,1394970832,760362544,781477600,5368709120,5368709120,4294967296,4294967296
2026-03-18 09:38:12,3137625352,3013972176,1553086000,1565812448,5368709120,5368709120,4294967296,4294967296
2026-03-18 09:38:42,1124515504,988319872,269715344,271953232,5368709120,5368709120,4294967296,4294967296
2026-03-18 09:39:12,2194063024,2028507264,783517584,781561168,5368709120,5368709120,4294967296,4294967296
2026-03-18 09:39:42,3322330800,225136944,1278445456,1347792208,5368709120,5368709120,4294967296,4294967296
2026-03-18 09:40:12,1724212768,1592480048,1924368272,1918217552,5368709120,5368709120,4294967296,4294967296
2026-03-18 09:40:42,2646959648,2670416176,353718112,343396016,5368709120,5368709120,4294967296,4294967296
2026-03-18 09:41:12,977708432,870931616,999640928,991415984,5368709120,5368709120,4294967296,4294967296
2026-03-18 09:41:42,2588321168,2502515872,1905610592,1903677104,5368709120,5368709120,4294967296,4294967296
2026-03-18 09:42:12,219059080,3370736800,212922880,210935808,5368709120,5368709120,4294967296,4294967296
2026-03-18 09:42:42,1741591432,1718331256,844165632,842178560,5368709120,5368709120,4294967296,4294967296
2026-03-18 09:43:12,2911802248,2930485112,1215361536,1213374464,5368709120,5368709120,4294967296,4294967296
2026-03-18 09:43:42,742938648,774733816,1563488768,1563598848,5368709120,5368709120,4294967296,4294967296
2026-03-18 09:44:12,2068338712,2112716792,2070999552,2071109632,5368709120,5368709120,4294967296,4294967296
2026-03-18 09:44:42,3330824216,3358425080,517134848,498809312,5368709120,5368709120,4294967296,4294967296
2026-03-18 09:45:12,2664016992,2679040944,1343412736,1285241312,5368709120,5368709120,4294967296,4294967296
2026-03-18 09:45:42,1527527440,1538181216,2012404224,1916484064,5368709120,5368709120,4294967296,4294967296
2026-03-18 09:46:12,3314300944,334502736,775163064,639060456,5368709120,5368709120,4294967296,4294967296
2026-03-18 09:46:42,1615807872,1848646480,1307839672,1133988328,5368709120,5368709120,4294967296,4294967296
2026-03-18 09:47:12,428667896,653431936,1999899832,1786202600,5368709120,5368709120,4294967296,4294967296
2026-03-18 09:47:42,1850536952,2012386432,607695872,351946328,5368709120,5368709120,4294967296,4294967296
2026-03-18 09:48:12,3360486392,577885728,1054389248,756696664,5368709120,5368709120,4294967296,4294967296
2026-03-18 09:48:42,1850624872,2255607328,1584968704,1247430232,5368709120,5368709120,4294967296,4294967296
2026-03-18 09:49:12,474940880,850648432,209257288,1757038168,5368709120,5368709120,4294967296,4294967296
2026-03-18 09:49:42,2941191632,3367230832,859374408,465362976,5368709120,5368709120,4294967296,4294967296
2026-03-18 09:50:12,3285215048,573953984,1643709256,1253892128,5368709120,5368709120,4294967296,4294967296
2026-03-18 09:50:42,3062985568,435498496,314340368,1849483296,5368709120,5368709120,4294967296,4294967296
2026-03-18 09:51:12,2300019648,2960469504,545027088,2080170016,5368709120,5368709120,4294967296,4294967296
2026-03-18 09:51:42,2295609768,2964720272,1174172688,786034176,5368709120,5368709120,4294967296,4294967296
2026-03-18 09:52:12,2001947056,2822224752,1679586320,1293544960,5368709120,5368709120,4294967296,4294967296
2026-03-18 09:52:42,1633062784,2545471184,243516416,1784278528,5368709120,5368709120,4294967296,4294967296
2026-03-18 09:53:12,1146620136,2130272736,612615168,226427880,5368709120,5368709120,4294967296,4294967296
2026-03-18 09:53:42,1024998704,2134453072,1239663616,855573480,5368709120,5368709120,4294967296,4294967296
2026-03-18 09:54:12,538490992,1706664592,1608762368,1224672232,5368709120,5368709120,4294967296,4294967296
2026-03-18 09:54:42,333078144,1669048512,2042872832,1576993768,5368709120,5368709120,4294967296,4294967296
2026-03-18 09:55:12,2791148880,813614304,1208229472,577083904,5368709120,5368709120,4294967296,4294967296
2026-03-18 09:55:42,572334016,1799311056,1726226016,929405440,5368709120,5368709120,4294967296,4294967296
2026-03-18 09:56:12,2384512896,356704888,614991768,1577425408,5368709120,5368709120,4294967296,4294967296
2026-03-18 09:56:42,442558976,1652760032,1271400344,2068158976,5368709120,5368709120,4294967296,4294967296
2026-03-18 09:57:12,669192384,2386843920,1946683288,650742952,5368709120,5368709120,4294967296,4294967296
2026-03-18 09:57:42,1549981704,3259465024,678197056,1143573672,5368709120,5368709120,4294967296,4294967296
2026-03-18 09:58:12,3093612496,1523173888,1351382848,1651084456,5368709120,5368709120,4294967296,4294967296
2026-03-18 09:58:42,392640592,1917517056,2009888576,217208304,5368709120,5368709120,4294967296,4294967296
2026-03-18 09:59:12,1000961192,2496350408,768619088,812799472,5368709120,5368709120,4294967296,4294967296
2026-03-18 09:59:42,996891560,2408531856,1387278928,1351767536,5368709120,5368709120,4294967296,4294967296
2026-03-18 10:00:12,2108511904,772812032,1842360912,1727157744,5368709120,5368709120,4294967296,4294967296
2026-03-18 10:00:42,2691785440,1649801016,810942112,702259536,5368709120,5368709120,4294967296,4294967296
2026-03-18 10:01:12,2675308032,1935231464,1186332320,1073455440,5368709120,5368709120,4294967296,4294967296
2026-03-18 10:01:42,2176380672,1977284544,1674968736,1564189008,5368709120,5368709120,4294967296,4294967296
2026-03-18 10:02:12,2520766432,2912746792,264522640,2075894096,5368709120,5368709120,4294967296,4294967296
2026-03-18 10:02:42,679644992,1499652416,755256208,642187072,5368709120,5368709120,4294967296,4294967296
2026-03-18 10:03:12,1342451648,2615464864,1262766992,1149697856,5368709120,5368709120,4294967296,4294967296
2026-03-18 10:03:42,1913177408,627722200,1887718288,1776746304,5368709120,5368709120,4294967296,4294967296
2026-03-18 10:04:12,2622147216,1953307264,474792960,362072080,5368709120,5368709120,4294967296,4294967296
2026-03-18 10:04:42,3037683648,2452959424,1097647104,989120528,5368709120,5368709120,4294967296,4294967296
2026-03-18 10:05:12,3314507712,2713006272,1324139520,1215612944,5368709120,5368709120,4294967296,4294967296
2026-03-18 10:05:42,751701728,254803680,1686946816,1670694928,5368709120,5368709120,4294967296,4294967296
2026-03-18 10:06:12,1561202400,925892320,280228464,2073348112,5368709120,5368709120,4294967296,4294967296
2026-03-18 10:06:42,2345537248,1706032864,779350640,640792416,5368709120,5368709120,4294967296,4294967296
2026-03-18 10:07:12,215005680,2779774688,1433662064,1284618080,5368709120,5368709120,4294967296,4294967296
2026-03-18 10:07:42,722516464,3283091168,1655960176,1496430432,5368709120,5368709120,4294967296,4294967296
2026-03-18 10:08:12,1645263344,993044352,2031350384,1863432032,5368709120,5368709120,4294967296,4294967296
2026-03-18 10:08:42,2152774128,1492166528,330692632,2073147232,5368709120,5368709120,4294967296,4294967296
2026-03-18 10:09:12,3079715312,2414913408,706082840,515525096,5368709120,5368709120,4294967296,4294967296
2026-03-18 10:09:42,911391672,263391544,1205205016,1004161512,5368709120,5368709120,4294967296,4294967296
2026-03-18 10:10:12,1808972728,1190332728,1580595224,1371163112,5368709120,5368709120,4294967296,4294967296
2026-03-18 10:10:42,2505227192,1894975800,1792407576,1580878312,5368709120,5368709120,4294967296,4294967296
2026-03-18 10:11:12,483654112,3065186616,236000256,1947879912,5368709120,5368709120,4294967296,4294967296
2026-03-18 10:11:42,2341730784,1731431312,1137775616,926231592,5368709120,5368709120,4294967296,4294967296
2026-03-18 10:12:12,815136784,234103448,2060522496,1855269928,5368709120,5368709120,4294967296,4294967296
2026-03-18 10:12:42,1855324176,1295262360,486097488,282489584,5368709120,5368709120,4294967296,4294967296
2026-03-18 10:13:12,2782265360,2243175064,989413968,790000368,5368709120,5368709120,4294967296,4294967296
2026-03-18 10:13:42,324298072,3023315608,1203323472,999715568,5368709120,5368709120,4294967296,4294967296
2026-03-18 10:14:12,1796498776,1282806288,1706639952,1505129200,5368709120,5368709120,4294967296,4294967296
2026-03-18 10:14:42,2551473496,2058752528,1918452304,1714844400,5368709120,5368709120,4294967296,4294967296
2026-03-18 10:15:12,987251152,607706432,636810120,437817968,5368709120,5368709120,4294967296,4294967296
2026-03-18 10:15:42,2920825296,2528697664,1303704456,1062769264,5368709120,5368709120,4294967296,4294967296
2026-03-18 10:16:12,1406580816,993836920,1710551944,1429770864,5368709120,5368709120,4294967296,4294967296
2026-03-18 10:16:42,3159799888,2788999032,318184960,1918407280,5368709120,5368709120,4294967296,4294967296
2026-03-18 10:17:12,2396611456,1954171936,1138171392,781925752,5368709120,5368709120,4294967296,4294967296
2026-03-18 10:17:42,1008201320,548921216,1668750848,1270562168,5368709120,5368709120,4294967296,4294967296
2026-03-18 10:18:12,2950164072,2524438400,290996824,1778072952,5368709120,5368709120,4294967296,4294967296
2026-03-18 10:18:42,1851398424,1358513944,957891160,482148560,5368709120,5368709120,4294967296,4294967296
2026-03-18 10:19:12,647764416,473690400,1813529176,1300037840,5368709120,5368709120,4294967296,4294967296
2026-03-18 10:19:42,2203851200,2138829088,421361664,1790771408,5368709120,5368709120,4294967296,4294967296
2026-03-18 10:20:12,316328080,326863520,691894272,2017263824,5368709120,5368709120,4294967296,4294967296
2026-03-18 10:20:42,3076180112,3174795936,1316845568,721417504,5368709120,5368709120,4294967296,4294967296
2026-03-18 10:21:12,2497513152,2877033672,1887270912,1333785888,5368709120,5368709120,4294967296,4294967296
2026-03-18 10:21:42,1759369112,2394725384,488560336,1822422304,5368709120,5368709120,4294967296,4294967296
2026-03-18 10:22:12,861843360,1568581520,857659088,266545560,5368709120,5368709120,4294967296,4294967296
2026-03-18 10:22:42,3370037152,926938256,1207883472,616769944,5368709120,5368709120,4294967296,4294967296
2026-03-18 10:23:12,295954792,1124148680,201624576,1539516824,5368709120,5368709120,4294967296,4294967296
2026-03-18 10:23:42,2338580840,285343104,692358144,2028153240,5368709120,5368709120,4294967296,4294967296
2026-03-18 10:24:12,1407348592,2646736256,920947712,333919344,5368709120,5368709120,4294967296,4294967296
2026-03-18 10:24:42,1168357264,2277621888,1449430016,950482032,5368709120,5368709120,4294967296,4294967296
2026-03-18 10:25:12,778339472,2168870712,2049215488,1468478576,5368709120,5368709120,4294967296,4294967296
2026-03-18 10:25:42,2447754432,600217784,1191514256,449660960,5368709120,5368709120,4294967296,4294967296
2026-03-18 10:26:12,644356104,2064018192,1726288016,818759712,5368709120,5368709120,4294967296,4294967296
2026-03-18 10:26:42,2083096096,3381170648,636062440,1485654048,5368709120,5368709120,4294967296,4294967296
2026-03-18 10:27:12,2083252784,273344528,1130990312,1812809760,5368709120,5368709120,4294967296,4294967296
2026-03-18 10:27:42,405642528,1783268304,1783204584,380803488,5368709120,5368709120,4294967296,4294967296
2026-03-18 10:28:12,1877853968,3230348736,397028544,749902240,5368709120,5368709120,4294967296,4294967296
2026-03-18 10:28:42,2855255632,772823360,1321872576,1513265568,5368709120,5368709120,4294967296,4294967296
2026-03-18 10:29:12,2364723920,248724088,1997155520,2020776352,5368709120,5368709120,4294967296,4294967296
2026-03-18 10:29:42,2847090448,605121584,508724896,448011064,5368709120,5368709120,4294967296,4294967296
2026-03-18 10:30:12,1542834816,2496840944,1314031264,1089739576,5368709120,5368709120,4294967296,4294967296
2026-03-18 10:30:42,1236856504,2975265432,1754433184,1446255416,5368709120,5368709120,4294967296,4294967296
2026-03-18 10:31:12,2033908496,1180331368,341480288,1955863352,5368709120,5368709120,4294967296,4294967296
2026-03-18 10:31:42,2701024640,2535173984,962237280,654084096,5368709120,5368709120,4294967296,4294967296
2026-03-18 10:32:12,2847989504,3210638304,1197118304,893159424,5368709120,5368709120,4294967296,4294967296
2026-03-18 10:32:42,3263347312,966850200,1553634144,1245480960,5368709120,5368709120,4294967296,4294967296
2026-03-18 10:33:12,545794784,1986171504,2063242080,1752991744,5368709120,5368709120,4294967296,4294967296
2026-03-18 10:33:42,818567392,2846121232,497585680,185118720,5368709120,5368709120,4294967296,4294967296
2026-03-18 10:34:12,1485821216,984269400,1139314192,831041536,5368709120,5368709120,4294967296,4294967296
2026-03-18 10:34:42,1947286320,2049927168,1764265488,1458089984,5368709120,5368709120,4294967296,4294967296
2026-03-18 10:35:12,2492765840,212898208,351072768,1965600768,5368709120,5368709120,4294967296,4294967296
2026-03-18 10:35:42,2870389344,1034934920,701297152,391465808,5368709120,5368709120,4294967296,4294967296
2026-03-18 10:36:12,2497184744,850711496,1481437696,1165314896,5368709120,5368709120,4294967296,4294967296
2026-03-18 10:36:42,484060608,2121585608,192248080,1792363344,5368709120,5368709120,4294967296,4294967296
2026-03-18 10:37:12,1406807488,3048526792,712341776,376882648,5368709120,5368709120,4294967296,4294967296
2026-03-18 10:37:42,2019175872,481739984,1070954768,727107032,5368709120,5368709120,4294967296,4294967296
2026-03-18 10:38:12,299481808,1949746384,1727363344,1375127000,5368709120,5368709120,4294967296,4294967296
2026-03-18 10:38:42,1499052752,3115762896,441552384,2002175448,5368709120,5368709120,4294967296,4294967296
2026-03-18 10:39:12,2442771152,846574576,957451776,588782648,5368709120,5368709120,4294967296,4294967296
2026-03-18 10:39:42,3361323728,1765127152,1456573952,1077419064,5368709120,5368709120,4294967296,4294967296
2026-03-18 10:40:12,1075616248,2704651248,1836158464,1446517816,5368709120,5368709120,4294967296,4294967296
2026-03-18 10:40:42,1859951096,268105720,272176680,1796742200,5368709120,5368709120,4294967296,4294967296
2026-03-18 10:41:12,287248376,1899689976,920196648,523885176,5368709120,5368709120,4294967296,4294967296
2026-03-18 10:41:42,1612648440,3246061560,1549342248,1155127928,5368709120,5368709120,4294967296,4294967296
2026-03-18 10:42:12,2870939640,1312324024,2054755880,1662638712,5368709120,5368709120,4294967296,4294967296
2026-03-18 10:42:42,824219720,2516089272,620415400,230380208,5368709120,5368709120,4294967296,4294967296
2026-03-18 10:43:12,1709217864,213480592,857393576,458969776,5368709120,5368709120,4294967296,4294967296
2026-03-18 10:43:42,3022035016,1362719888,1343932840,945509040,5368709120,5368709120,4294967296,4294967296
2026-03-18 10:44:12,1558284464,3271128208,1987758504,1593529008,5368709120,5368709120,4294967296,4294967296
2026-03-18 10:44:42,3147925680,1673236696,689251464,299278304,5368709120,5368709120,4294967296,4294967296
2026-03-18 10:45:12,1113593072,2885390552,1058350216,666279904,5368709120,5368709120,4294967296,4294967296
2026-03-18 10:45:42,2153780464,729629984,1408574600,1016504288,5368709120,5368709120,4294967296,4294967296
2026-03-18 10:46:12,1411605488,3187492128,446087656,1941348320,5368709120,5368709120,4294967296,4294967296
2026-03-18 10:46:42,2959303664,1518165296,838255080,369051528,5368709120,5368709120,4294967296,4294967296
2026-03-18 10:47:12,2275598432,679317352,1662435816,1153386376,5368709120,5368709120,4294967296,4294967296
2026-03-18 10:47:42,1562684784,2973601640,737752296,2061453192,5368709120,5368709120,4294967296,4294967296
2026-03-18 10:48:12,2779032944,1136627664,1232680168,649808896,5368709120,5368709120,4294967296,4294967296
2026-03-18 10:48:42,1155858696,2722074576,1763259624,1136348160,5368709120,5368709120,4294967296,4294967296
2026-03-18 10:49:12,3001352456,1245802768,626964480,1784368128,5368709120,5368709120,4294967296,4294967296
2026-03-18 10:49:42,1059432752,2579591440,1054783488,348010344,5368709120,5368709120,4294967296,4294967296
2026-03-18 10:50:12,2519050544,826371432,1465825280,721303400,5368709120,5368709120,4294967296,4294967296
2026-03-18 10:50:42,1168617296,2701225320,207510320,1350449000,5368709120,5368709120,4294967296,4294967296
2026-03-18 10:51:12,464120832,1942145536,851335984,1994274664,5368709120,5368709120,4294967296,4294967296
2026-03-18 10:51:42,2657741824,973384704,1207851824,424166728,5368709120,5368709120,4294967296,4294967296
2026-03-18 10:52:12,1969912128,256181880,1713265456,931677512,5368709120,5368709120,4294967296,4294967296
2026-03-18 10:52:42,984267408,2579826296,1925077808,1145587016,5368709120,5368709120,4294967296,4294967296
2026-03-18 10:53:12,430632776,2093356376,369457664,1512588616,5368709120,5368709120,4294967296,4294967296
2026-03-18 10:53:42,548235464,2420583984,1271233024,495701848,5368709120,5368709120,4294967296,4294967296
2026-03-18 10:54:12,3102566600,1745414552,1501919744,724291416,5368709120,5368709120,4294967296,4294967296
2026-03-18 10:54:42,2439850832,1120445368,1854241280,1080807256,5368709120,5368709120,4294967296,4294967296
2026-03-18 10:55:12,1852750224,638217080,298137504,1449906008,5368709120,5368709120,4294967296,4294967296
2026-03-18 10:55:42,2158971536,764254104,1061500832,294322176,5368709120,5368709120,4294967296,4294967296
2026-03-18 10:56:12,2951925440,1800171968,1598371744,665518080,5368709120,5368709120,4294967296,4294967296
2026-03-18 10:56:42,1299332752,3364764776,331966056,1156251648,5368709120,5368709120,4294967296,4294967296
2026-03-18 10:57:12,2905994048,1716361472,868836968,1527447552,5368709120,5368709120,4294967296,4294967296
2026-03-18 10:57:42,993340112,2979074600,1386833512,1879769088,5368709120,5368709120,4294967296,4294967296
2026-03-18 10:58:12,2851472400,1620172208,2060019304,466565328,5368709120,5368709120,4294967296,4294967296
2026-03-18 10:58:42,1454903832,3222536040,932097144,1053767888,5368709120,5368709120,4294967296,4294967296
2026-03-18 10:59:12,3027859880,1834451632,1466870904,1466906832,5368709120,5368709120,4294967296,4294967296
2026-03-18 10:59:42,1488724672,240689920,200330848,1957640400,5368709120,5368709120,4294967296,4294967296
2026-03-18 11:00:12,3158160192,1700302152,737201760,404200448,5368709120,5368709120,4294967296,4294967296
2026-03-18 11:00:42,1602206784,458899216,1492176480,1031248896,5368709120,5368709120,4294967296,4294967296
2026-03-18 11:01:12,2399209576,1566339136,169481824,1576508416,5368709120,5368709120,4294967296,4294967296
2026-03-18 11:01:42,2814749824,2703093104,752490080,249584640,5368709120,5368709120,4294967296,4294967296
2026-03-18 11:02:12,306820960,971186304,1260000864,763386880,5368709120,5368709120,4294967296,4294967296
2026-03-18 11:02:42,625777472,1877256480,1754928736,1256217600,5368709120,5368709120,4294967296,4294967296
2026-03-18 11:03:12,969681440,2867191072,1996101216,1497390080,5368709120,5368709120,4294967296,4294967296
2026-03-18 11:03:42,1133361128,321366944,298069856,1713396736,5368709120,5368709120,4294967296,4294967296
2026-03-18 11:04:12,1813111456,1718301624,669265760,2088786944,5368709120,5368709120,4294967296,4294967296
2026-03-18 11:04:42,2098512672,2590954192,1029975904,524816336,5368709120,5368709120,4294967296,4294967296
2026-03-18 11:05:12,2950185848,917696720,1543778144,1038618576,5368709120,5368709120,4294967296,4294967296
2026-03-18 11:05:42,534542512,2343739488,2042900320,1537740752,5368709120,5368709120,4294967296,4294967296
2026-03-18 11:06:12,1264621888,355718936,495967744,1908936656,5368709120,5368709120,4294967296,4294967296
2026-03-18 11:06:42,1860181840,1266022440,978312704,467106896,5368709120,5368709120,4294967296,4294967296
2026-03-18 11:07:12,2547976120,2264304344,1349508608,829914192,5368709120,5368709120,4294967296,4294967296
2026-03-18 11:07:42,2984454432,2012708416,2087706112,1465351248,5368709120,5368709120,4294967296,4294967296
2026-03-18 11:08:12,426108256,2948038208,446079864,1821867088,5368709120,5368709120,4294967296,4294967296
2026-03-18 11:08:42,1214637408,532304768,802595704,248635808,5368709120,5368709120,4294967296,4294967296
2026-03-18 11:09:12,2145772896,1463440256,1182180216,615637408,5368709120,5368709120,4294967296,4294967296
2026-03-18 11:09:42,3202737504,2520404864,1681302392,1104273824,5368709120,5368709120,4294967296,4294967296
2026-03-18 11:10:12,1029817816,360176416,275796224,1611784608,5368709120,5368709120,4294967296,4294967296
2026-03-18 11:10:42,2363606488,1664604960,909136128,315850808,5368709120,5368709120,4294967296,4294967296
2026-03-18 11:11:12,3290547672,2591546144,1288720640,682852408,5368709120,5368709120,4294967296,4294967296
2026-03-18 11:11:42,1336153400,662387936,1919963392,1311998008,5368709120,5368709120,4294967296,4294967296
2026-03-18 11:12:12,2799965496,2142977248,502266520,1819508792,5368709120,5368709120,4294967296,4294967296
2026-03-18 11:12:42,631471488,3199941856,852490904,244569176,5368709120,5368709120,4294967296,4294967296
2026-03-18 11:13:12,1541635456,918139568,1081080472,471061592,5368709120,5368709120,4294967296,4294967296
2026-03-18 11:13:42,2581822848,1975104176,1431304856,823383128,5368709120,5368709120,4294967296,4294967296
2026-03-18 11:14:12,1105377208,532410032,2075130520,1471403096,5368709120,5368709120,4294967296,4294967296
2026-03-18 11:14:42,2132981688,1589374640,502297880,1821627480,5368709120,5368709120,4294967296,4294967296
2026-03-18 11:15:12,362989312,3065769648,1005614360,404039184,5368709120,5368709120,4294967296,4294967296
2026-03-18 11:15:42,2397226752,1937569488,1934652696,1310008848,5368709120,5368709120,4294967296,4294967296
2026-03-18 11:16:12,1168467280,666792680,768728560,2094343696,5368709120,5368709120,4294967296,4294967296
2026-03-18 11:16:42,2154128720,1656648424,1001512432,379152896,5368709120,5368709120,4294967296,4294967296
2026-03-18 11:17:12,921097776,410909840,1550966256,886663680,5368709120,5368709120,4294967296,4294967296
2026-03-18 11:17:42,2745620016,2235432080,2079448560,1377397248,5368709120,5368709120,4294967296,4294967296
2026-03-18 11:18:12,1227337928,624929680,569639096,1746496000,5368709120,5368709120,4294967296,4294967296
2026-03-18 11:18:42,2930225352,2411703184,1096024248,309871296,5368709120,5368709120,4294967296,4294967296
2026-03-18 11:19:12,1411864296,889157312,1507066040,678970048,5368709120,5368709120,4294967296,4294967296
2026-03-18 11:19:42,3240580840,2713679552,2031354040,1169703616,5368709120,5368709120,4294967296,4294967296
2026-03-18 11:20:12,2280158144,1480578328,653628248,1675117248,5368709120,5368709120,4294967296,4294967296
2026-03-18 11:20:42,590057584,3305100568,1184207704,238686392,5368709120,5368709120,4294967296,4294967296
2026-03-18 11:21:12,3115028592,2621560280,2008388440,1025118392,5368709120,5368709120,4294967296,4294967296
2026-03-18 11:21:42,2645278008,2151965024,867414080,1792676024,5368709120,5368709120,4294967296,4294967296
2026-03-18 11:22:12,2418903672,1745202696,1236512832,266360832,5368709120,5368709120,4294967296,4294967296
2026-03-18 11:22:42,2473372064,1942278056,1863561280,979392512,5368709120,5368709120,4294967296,4294967296
2026-03-18 11:23:12,2532336408,2294732384,995837912,1927305216,5368709120,5368709120,4294967296,4294967296
2026-03-18 11:23:42,1798347616,1623744712,1624983512,629170296,5368709120,5368709120,4294967296,4294967296
2026-03-18 11:24:12,942922248,873254864,207815808,1142972536,5368709120,5368709120,4294967296,4294967296
2026-03-18 11:24:42,3052657160,2920075216,700646528,1637900408,5368709120,5368709120,4294967296,4294967296
2026-03-18 11:25:12,2461242592,2286753216,1348666496,359070208,5368709120,5368709120,4294967296,4294967296
2026-03-18 11:25:42,1824017528,1749935496,1770194048,849803776,5368709120,5368709120,4294967296,4294967296
2026-03-18 11:26:12,582582744,475040768,423743600,1359411712,5368709120,5368709120,4294967296,4294967296
2026-03-18 11:26:42,548937592,479169304,719442032,1573321216,5368709120,5368709120,4294967296,4294967296
2026-03-18 11:27:12,2096688352,1980870712,1256312944,1946614272,5368709120,5368709120,4294967296,4294967296
2026-03-18 11:27:42,301645792,3394315664,1778503792,371689632,5368709120,5368709120,4294967296,4294967296
2026-03-18 11:28:12,2000428512,1586754512,388404608,780634272,5368709120,5368709120,4294967296,4294967296
2026-03-18 11:28:42,889081944,362171440,1315345792,1504151712,5368709120,5368709120,4294967296,4294967296
2026-03-18 11:29:12,2172590912,1645620112,1720096128,1739032736,5368709120,5368709120,4294967296,4294967296
2026-03-18 11:29:42,390165136,3075896424,315309184,2093451424,5368709120,5368709120,4294967296,4294967296
2026-03-18 11:30:12,2525212856,1994139776,1124809856,816880640,5368709120,5368709120,4294967296,4294967296
2026-03-18 11:30:42,751156640,3411704344,1642806400,1169202176,5368709120,5368709120,4294967296,4294967296
2026-03-18 11:31:12,2483573952,1847484112,392954368,1676712960,5368709120,5368709120,4294967296,4294967296
2026-03-18 11:31:42,1548218512,1247689496,829161984,2029034496,5368709120,5368709120,4294967296,4294967296
2026-03-18 11:32:12,2550855464,2820800696,1611399680,888999920,5368709120,5368709120,4294967296,4294967296
2026-03-18 11:32:42,311611968,1084718632,322244480,1539117040,5368709120,5368709120,4294967296,4294967296
2026-03-18 11:33:12,639053768,2020262488,972361600,247759128,5368709120,5368709120,4294967296,4294967296
2026-03-18 11:33:42,735658808,2980801936,1465192320,742687000,5368709120,5368709120,4294967296,4294967296
2026-03-18 11:34:12,945594560,682441064,1974800256,1250197784,5368709120,5368709120,4294967296,4294967296
2026-03-18 11:34:42,1453198104,1601332512,616571312,1877246232,5368709120,5368709120,4294967296,4294967296
2026-03-18 11:35:12,1722056504,2817755520,1323311536,600312320,5368709120,5368709120,4294967296,4294967296
2026-03-18 11:35:42,2217056832,888888728,1946165680,1309149696,5368709120,5368709120,4294967296,4294967296
2026-03-18 11:36:12,1768570496,1295799248,617048096,1820854784,5368709120,5368709120,4294967296,4294967296
2026-03-18 11:36:42,1701534752,1748799808,830957600,2036861440,5368709120,5368709120,4294967296,4294967296
2026-03-18 11:37:12,3026934816,2533134656,1197959200,475222408,5368709120,5368709120,4294967296,4294967296
2026-03-18 11:37:42,3421199392,2927399232,1539794976,817058184,5368709120,5368709120,4294967296,4294967296
2026-03-18 11:38:12,489667776,3191640384,1768384544,1045647752,5368709120,5368709120,4294967296,4294967296
2026-03-18 11:38:42,1022344384,520116544,1984391200,1261654408,5368709120,5368709120,4294967296,4294967296
2026-03-18 11:39:12,1672461504,1182816576,288377752,1488146824,5368709120,5368709120,4294967296,4294967296
2026-03-18 11:39:42,2460990656,1979734336,640699288,1840468360,5368709120,5368709120,4294967296,4294967296
2026-03-18 11:40:12,741321584,268504968,1288719256,569725456,5368709120,5368709120,4294967296,4294967296
2026-03-18 11:40:42,1248832368,788598664,1500531608,779440656,5368709120,5368709120,4294967296,4294967296
2026-03-18 11:41:12,2020584304,1451298696,1729121176,1010127376,5368709120,5368709120,4294967296,4294967296
2026-03-18 11:41:42,3262098288,2801864584,435306672,1641370128,5368709120,5368709120,4294967296,4294967296
2026-03-18 11:42:12,691028680,264426144,663896240,1867862544,5368709120,5368709120,4294967296,4294967296
2026-03-18 11:42:42,1710244552,1308807840,1035092144,297192968,5368709120,5368709120,4294967296,4294967296
2026-03-18 11:43:12,3186639560,2768425632,1565671600,806800904,5368709120,5368709120,4294967296,4294967296
2026-03-18 11:43:42,1299233176,847500032,2077376688,1299631624,5368709120,5368709120,4294967296,4294967296
2026-03-18 11:44:12,2784016792,2323895040,682881568,1809239560,5368709120,5368709120,4294967296,4294967296
2026-03-18 11:44:42,615575392,3376665344,1054077472,238559616,5368709120,5368709120,4294967296,4294967296
2026-03-18 11:45:12,2649812832,2059555464,1844703776,1031283072,5368709120,5368709120,4294967296,4294967296
2026-03-18 11:45:42,485610152,3233960584,311766704,1383604608,5368709120,5368709120,4294967296,4294967296
2026-03-18 11:46:12,1395774120,931370808,561327792,1612194176,5368709120,5368709120,4294967296,4294967296
2026-03-18 11:46:42,2737951400,2269353784,1070935728,276403392,5368709120,5368709120,4294967296,4294967296
2026-03-18 11:47:12,573712304,3309541176,1463103152,551130304,5368709120,5368709120,4294967296,4294967296
2026-03-18 11:47:42,2377263024,1959087552,1953836720,1041863872,5368709120,5368709120,4294967296,4294967296
2026-03-18 11:48:12,1202967432,952454768,749696120,1763284160,5368709120,5368709120,4294967296,4294967296
2026-03-18 11:48:42,2956186504,2726645360,1380938872,471551688,5368709120,5368709120,4294967296,4294967296
2026-03-18 11:49:12,1257536976,1049135088,1888449656,981159624,5368709120,5368709120,4294967296,4294967296
2026-03-18 11:49:42,2733931984,2601027568,489843712,1509641928,5368709120,5368709120,4294967296,4294967296
2026-03-18 11:50:12,1190480720,1099455584,861039616,1880837832,5368709120,5368709120,4294967296,4294967296
2026-03-18 11:50:42,2729790288,2693291104,1211264000,306002440,5368709120,5368709120,4294967296,4294967296
2026-03-18 11:51:12,1794515672,1795687616,1859283968,958216712,5368709120,5368709120,4294967296,4294967296
2026-03-18 11:51:42,3367379672,3389523136,286481184,1308441096,5368709120,5368709120,4294967296,4294967296
2026-03-18 11:52:12,2289655312,2336983440,932404000,1956461064,5368709120,5368709120,4294967296,4294967296
2026-03-18 11:52:42,2163733008,2202610688,1647532832,666476032,5368709120,5368709120,4294967296,4294967296
2026-03-18 11:53:12,1702399384,1716064448,2098420512,1035574784,5368709120,5368709120,4294967296,4294967296
2026-03-18 11:53:42,1513731728,1602947480,989228360,1773772288,5368709120,5368709120,4294967296,4294967296
2026-03-18 11:54:12,788182832,852204856,1442213192,216221648,5368709120,5368709120,4294967296,4294967296
2026-03-18 11:54:42,3371874096,3414924600,1878420808,568543184,5368709120,5368709120,4294967296,4294967296
2026-03-18 11:55:12,2625364792,2655803296,268090344,797132752,5368709120,5368709120,4294967296,4294967296
2026-03-18 11:55:42,2285598496,2316200576,840612840,1289963472,5368709120,5368709120,4294967296,4294967296
2026-03-18 11:56:12,2247850576,2551112712,1574616040,1944274896,5368709120,5368709120,4294967296,4294967296
2026-03-18 11:56:42,1962886336,2047887272,224392704,514277232,5368709120,5368709120,4294967296,4294967296
2026-03-18 11:57:12,2008974536,2005951840,964687360,1170685808,5368709120,5368709120,4294967296,4294967296
2026-03-18 11:57:42,2915156480,3209861592,1595930112,1804025712,5368709120,5368709120,4294967296,4294967296
2026-03-18 11:58:12,1363389832,1813260080,176393216,390323352,5368709120,5368709120,4294967296,4294967296
2026-03-18 11:58:42,2906962624,3386175024,807635968,1019468952,5368709120,5368709120,4294967296,4294967296
2026-03-18 11:59:12,2810468808,618223096,1321438208,1533271192,5368709120,5368709120,4294967296,4294967296
2026-03-18 11:59:42,394710072,1582844312,1535347712,1747180696,5368709120,5368709120,4294967296,4294967296
2026-03-18 12:00:12,2202650984,282805680,2042858496,332410608,5368709120,5368709120,4294967296,4294967296
2026-03-18 12:00:42,785074880,2082192160,644281856,948973296,5368709120,5368709120,4294967296,4294967296
2026-03-18 12:01:12,2253242320,685649976,1258747392,1473261296,5368709120,5368709120,4294967296,4294967296
2026-03-18 12:01:42,1724976352,513784560,1889990144,183930960,5368709120,5368709120,4294967296,4294967296
2026-03-18 12:02:12,2672860240,1667205024,336531968,555126864,5368709120,5368709120,4294967296,4294967296
2026-03-18 12:02:42,2853302432,2023907208,1024397824,911642704,5368709120,5368709120,4294967296,4294967296
2026-03-18 12:03:12,462876096,3244727936,2003767808,1561759824,5368709120,5368709120,4294967296,4294967296
2026-03-18 12:03:42,974873088,611076632,1179634336,404313088,5368709120,5368709120,4294967296,4294967296
2026-03-18 12:04:12,559938880,607093504,2020592288,916018176,5368709120,5368709120,4294967296,4294967296
2026-03-18 12:04:42,2677872496,3060786320,922296704,1408848896,5368709120,5368709120,4294967296,4294967296
2026-03-18 12:05:12,1780786136,1916027520,1899569536,2058966016,5368709120,5368709120,4294967296,4294967296
2026-03-18 12:05:42,1579654520,2113521416,935141920,764004824,5368709120,5368709120,4294967296,4294967296
2026-03-18 12:06:12,418195536,1157385408,1681728032,1275709912,5368709120,5368709120,4294967296,4294967296
2026-03-18 12:06:42,2179898312,234819104,509828424,1764346328,5368709120,5368709120,4294967296,4294967296
2026-03-18 12:07:12,255247904,1661056000,1348689224,351523448,5368709120,5368709120,4294967296,4294967296
2026-03-18 12:07:42,1114821328,2495813584,1868782920,701747832,5368709120,5368709120,4294967296,4294967296
2026-03-18 12:08:12,1651692240,3036878800,319518160,1070846584,5368709120,5368709120,4294967296,4294967296
2026-03-18 12:08:42,2448610000,604330656,818640336,1559483000,5368709120,5368709120,4294967296,4294967296
2026-03-18 12:09:12,3245527760,1413831328,1338734032,2069090936,5368709120,5368709120,4294967296,4294967296
2026-03-18 12:09:42,783618472,2193971872,1835759056,634772616,5368709120,5368709120,4294967296,4294967296
2026-03-18 12:10:12,1723142568,3133495968,567110656,1280695432,5368709120,5368709120,4294967296,4294967296
2026-03-18 12:10:42,2364871080,545729720,927820800,1630919816,5368709120,5368709120,4294967296,4294967296
2026-03-18 12:11:12,347535936,1585917112,1441623040,211253384,5368709120,5368709120,4294967296,4294967296
2026-03-18 12:11:42,1131870784,2374446264,1802333184,561477768,5368709120,5368709120,4294967296,4294967296
2026-03-18 12:12:12,2193029696,3435605176,395018512,1066891400,5368709120,5368709120,4294967296,4294967296
2026-03-18 12:12:42,339478696,1552623232,1036747024,1700231304,5368709120,5368709120,4294967296,4294967296
2026-03-18 12:13:12,2025588904,3242927744,1829470480,566178720,5368709120,5368709120,4294967296,4294967296
2026-03-18 12:13:42,3007056040,1036744952,397272384,1059009440,5368709120,5368709120,4294967296,4294967296
2026-03-18 12:14:12,867947896,2131458296,1041098048,1704932256,5368709120,5368709120,4294967296,4294967296
2026-03-18 12:14:42,1622922616,2932570360,1391322432,2055156640,5368709120,5368709120,4294967296,4294967296
2026-03-18 12:15:12,3061568888,1196042112,1896736064,639253600,5368709120,5368709120,4294967296,4294967296
2026-03-18 12:15:42,607768896,1971988352,181364472,848968800,5368709120,5368709120,4294967296,4294967296
2026-03-18 12:16:12,1513738560,2886346624,414148344,1077558368,5368709120,5368709120,4294967296,4294967296
2026-03-18 12:16:42,2545537344,696862568,762275576,1427782752,5368709120,5368709120,4294967296,4294967296
2026-03-18 12:17:12,1207654432,2584299368,1542416120,284953528,5368709120,5368709120,4294967296,4294967296
2026-03-18 12:17:42,2512082976,713925104,2028955384,773589944,5368709120,5368709120,4294967296,4294967296
2026-03-18 12:18:12,989552000,2404229616,632401768,1279003576,5368709120,5368709120,4294967296,4294967296
2026-03-18 12:18:42,2537250176,730728840,1024569192,1629227960,5368709120,5368709120,4294967296,4294967296
2026-03-18 12:19:12,1291672888,2702051720,1569828712,212117104,5368709120,5368709120,4294967296,4294967296
2026-03-18 12:19:42,3262995768,1443690368,311637992,839165552,5368709120,5368709120,4294967296,4294967296
2026-03-18 12:20:12,2566778160,739348992,1137915880,1625597552,5368709120,5368709120,4294967296,4294967296
2026-03-18 12:20:42,868084784,2295435776,1530083304,1975821936,5368709120,5368709120,4294967296,4294967296
2026-03-18 12:21:12,2847796272,1032829904,2075342824,560431328,5368709120,5368709120,4294967296,4294967296
2026-03-18 12:21:42,2416113072,525508152,1232423848,1602715872,5368709120,5368709120,4294967296,4294967296
2026-03-18 12:22:12,1438687728,2811403832,1918192552,325310800,5368709120,5368709120,4294967296,4294967296
2026-03-18 12:22:42,3267404272,1414784016,521356000,811850064,5368709120,5368709120,4294967296,4294967296
2026-03-18 12:23:12,2504085376,689243992,1047741152,1319360848,5368709120,5368709120,4294967296,4294967296
2026-03-18 12:23:42,2273546928,538256200,1674789600,1948506448,5368709120,5368709120,4294967296,4294967296
2026-03-18 12:24:12,910548576,2476024648,259545856,537333744,5368709120,5368709120,4294967296,4294967296
2026-03-18 12:24:42,3079003744,1515524992,473455360,747048944,5368709120,5368709120,4294967296,4294967296
2026-03-18 12:25:12,2848341864,1356191808,978868992,1256656880,5368709120,5368709120,4294967296,4294967296
2026-03-18 12:25:42,2177347488,789877168,1326996224,1606881264,5368709120,5368709120,4294967296,4294967296
2026-03-18 12:26:12,2198425544,899103008,1968724736,325751624,5368709120,5368709120,4294967296,4294967296
2026-03-18 12:26:42,1544072584,320451560,394074144,675976008,5368709120,5368709120,4294967296,4294967296
2026-03-18 12:27:12,1594451576,408528672,1035802656,1319801672,5368709120,5368709120,4294967296,4294967296
2026-03-18 12:27:42,1204547880,3327764256,1522341920,1810535240,5368709120,5368709120,4294967296,4294967296
2026-03-18 12:28:12,2249070144,1192990792,325094720,531251712,5368709120,5368709120,4294967296,4294967296
2026-03-18 12:28:42,806246000,2942054176,1115721024,1158300160,5368709120,5368709120,4294967296,4294967296
2026-03-18 12:29:12,760181616,3147719520,1786809664,1663713792,5368709120,5368709120,4294967296,4294967296
2026-03-18 12:29:42,1515327496,853605904,474712144,225886728,5368709120,5368709120,4294967296,4294967296
2026-03-18 12:30:12,2853316568,2141250912,1053526096,597082632,5368709120,5368709120,4294967296,4294967296
2026-03-18 12:30:42,726957584,3210982024,1437304912,813089288,5368709120,5368709120,4294967296,4294967296
2026-03-18 12:31:12,2249570496,1520766096,1969981520,1180090888,5368709120,5368709120,4294967296,4294967296
2026-03-18 12:31:42,395751048,2909029720,564916672,1534509576,5368709120,5368709120,4294967296,4294967296
2026-03-18 12:32:12,1884861152,979713280,963375552,1779876360,5368709120,5368709120,4294967296,4294967296
2026-03-18 12:32:42,446402216,2926108352,1754001856,469181392,5368709120,5368709120,4294967296,4294967296
2026-03-18 12:33:12,3072043504,2683017992,422385832,976692176,5368709120,5368709120,4294967296,4294967296
2026-03-18 12:33:42,488630880,774736624,913119400,1469522896,5368709120,5368709120,4294967296,4294967296
2026-03-18 12:34:12,1352823312,2297459904,1556945064,188728400,5368709120,5368709120,4294967296,4294967296
2026-03-18 12:34:42,1814577600,3295787824,2047678632,683656272,5368709120,5368709120,4294967296,4294967296
2026-03-18 12:35:12,2586411192,1400556288,902943576,1463796816,5368709120,5368709120,4294967296,4294967296
2026-03-18 12:35:42,2582413656,1987621360,1125241688,1683997776,5368709120,5368709120,4294967296,4294967296
2026-03-18 12:36:12,3014467584,3124285768,1498534744,2061485136,5368709120,5368709120,4294967296,4294967296
2026-03-18 12:36:42,2951732096,494761816,1722930008,357210552,5368709120,5368709120,4294967296,4294967296
2026-03-18 12:37:12,817392816,2340565160,717301728,1284151736,5368709120,5368709120,4294967296,4294967296
2026-03-18 12:37:42,1488709664,348709008,1463887840,2045417912,5368709120,5368709120,4294967296,4294967296
2026-03-18 12:38:12,2163978624,1334307672,1715546080,353844312,5368709120,5368709120,4294967296,4294967296
2026-03-18 12:38:42,2587794848,2131365088,268909504,831994968,5368709120,5368709120,4294967296,4294967296
2026-03-18 12:39:12,3133087208,3058278000,633813952,1196899416,5368709120,5368709120,4294967296,4294967296
2026-03-18 12:39:42,1312869160,793407624,1384594368,1949776984,5368709120,5368709120,4294967296,4294967296
2026-03-18 12:40:12,2818624296,2303357064,2034711488,681548832,5368709120,5368709120,4294967296,4294967296
2026-03-18 12:40:42,666998920,3377098888,602914400,1170185248,5368709120,5368709120,4294967296,4294967296
2026-03-18 12:41:12,1321310344,827255688,831503968,1398774816,5368709120,5368709120,4294967296,4294967296
2026-03-18 12:41:42,2663487624,2177821576,1460649568,2030017568,5368709120,5368709120,4294967296,4294967296
2026-03-18 12:42:12,646193392,3394169736,1966063200,614570208,5368709120,5368709120,4294967296,4294967296
2026-03-18 12:42:42,1682186480,1254938768,531738400,1105303776,5368709120,5368709120,4294967296,4294967296
2026-03-18 12:43:12,2609127664,2186074256,898740000,1472305376,5368709120,5368709120,4294967296,4294967296
2026-03-18 12:43:42,1296352608,839942144,1815195424,456964104,5368709120,5368709120,4294967296,4294967296
2026-03-18 12:44:12,2206516576,1754300416,2064756512,685553672,5368709120,5368709120,4294967296,4294967296
2026-03-18 12:44:42,3246703968,2794487808,512547840,1037875208,5368709120,5368709120,4294967296,4294967296
2026-03-18 12:45:12,939861736,487553856,764206080,1266464776,5368709120,5368709120,4294967296,4294967296
2026-03-18 12:45:42,2969904872,2513402688,1691147264,251525528,5368709120,5368709120,4294967296,4294967296
2026-03-18 12:46:12,1481042640,781301232,296581496,874379672,5368709120,5368709120,4294967296,4294967296
2026-03-18 12:46:42,3100043984,2643572208,1083013496,1532885400,5368709120,5368709120,4294967296,4294967296
2026-03-18 12:47:12,1217376352,760382944,1611495800,2042493336,5368709120,5368709120,4294967296,4294967296
2026-03-18 12:47:42,2249175136,1976731104,1982691704,469730096,5368709120,5368709120,4294967296,4294967296
2026-03-18 12:48:12,764078224,336944784,726580864,1117750064,5368709120,5368709120,4294967296,4294967296
2026-03-18 12:48:42,2307582096,1893031568,1227800192,1610580784,5368709120,5368709120,4294967296,4294967296
2026-03-18 12:49:12,793349696,395637232,1596898944,1979679536,5368709120,5368709120,4294967296,4294967296
2026-03-18 12:49:42,2643037760,2287268336,2087632512,549124608,5368709120,5368709120,4294967296,4294967296
2026-03-18 12:50:12,860476816,538318184,391273472,779811328,5368709120,5368709120,4294967296,4294967296
2026-03-18 12:50:42,2143933840,1859523944,605182976,991623680,5368709120,5368709120,4294967296,4294967296
2026-03-18 12:51:12,945712128,676862408,1123179520,1507523072,5368709120,5368709120,4294967296,4294967296
2026-03-18 12:51:42,421592992,3411548616,242597888,633585960,5368709120,5368709120,4294967296,4294967296
2026-03-18 12:52:12,1851850656,1668062064,471187456,860078376,5368709120,5368709120,4294967296,4294967296
2026-03-18 12:52:42,895628400,749581832,1247133696,1640218920,5368709120,5368709120,4294967296,4294967296
2026-03-18 12:53:12,2325886064,2238559752,1479917568,1870905640,5368709120,5368709120,4294967296,4294967296
2026-03-18 12:53:42,1642501760,1655644712,227185192,580486368,5368709120,5368709120,4294967296,4294967296
2026-03-18 12:54:12,1587811504,1814934000,961188392,1301906656,5368709120,5368709120,4294967296,4294967296
2026-03-18 12:54:42,1621414144,1580223424,1812632104,2002355424,5368709120,5368709120,4294967296,4294967296
2026-03-18 12:55:12,1248357616,1269898632,481400992,588975376,5368709120,5368709120,4294967296,4294967296
