Time,"name=""rskj-miner1""","name=""rskj-miner2""","name=""rskj-node1""","name=""rskj-node2"""
2026-03-16 21:48:37,-10529.565906975142,-10595.283246560703,-10673.344136813434,-10073.578595317727
2026-03-16 21:49:07,-10401.58620689655,-10110.034482758621,-10297.931034482759,-10121.896551724138
2026-03-16 21:49:37,-10878.935209130721,-10460.984103996414,-10497.913865039138,-10272.576807696287
2026-03-16 21:50:07,-10368.573497465606,-10268.680390331368,-10869.521740629634,-9846.72942312334
2026-03-16 21:50:37,-11511.862887095662,-11498.62059452376,-10489.75791433892,-10724.843092627078
2026-03-16 21:51:07,-10502.068965517241,-11825.48275862069,-10590.413793103447,-10645.689655172413
2026-03-16 21:51:37,-10918.667218543045,-11549.737858719645,-10391.314845474612,-10421.530077262692
2026-03-16 21:52:07,-10362.241379310344,-11431.275862068966,-10599.241379310344,-10408.724137931034
2026-03-16 21:52:37,-10312.849162011174,-11672.736050762123,-10430.443478860612,-10326.091454583076
2026-03-16 21:53:07,-10793.869176924933,-11592.393365746007,-10768.801075824971,-10525.981862694389
2026-03-16 21:53:37,-11039.550360332401,-12127.478362815074,-10160.270335505671,-10329.885176373227
2026-03-16 21:54:07,-10829.793103448275,-11646.310344827585,-11132.655172413793,-10410.965517241379
2026-03-16 21:54:37,-10058.758620689656,-11645.51724137931,-10470.448275862069,-10298.51724137931
2026-03-16 21:55:07,-10694.190656783312,-11141.45836924668,-10394.862954662989,-10516.910877434924
2026-03-16 21:55:37,-11465.689655172413,-11221.034482758621,-12641.344827586207,-10874.965517241379
2026-03-16 21:56:07,-11028.826592186477,-10974.31123064722,-12531.53339540016,-10852.24647425951
2026-03-16 21:56:37,-11314.78032967791,-12369.059935167943,-13131.802193254707,-10808.952341540795
2026-03-16 21:57:07,-11594.310344827585,-11757.413793103447,-13235.206896551725,-11163.827586206897
2026-03-16 21:57:37,-10428.98520740664,-11019.413123685388,-12256.094617426983,-10694.76914589152
2026-03-16 21:58:07,-11545.88405697141,-11905.231575680242,-12417.422491981928,-11236.748629168535
2026-03-16 21:58:37,-11145.167408020414,-11271.300989621048,-12279.955863590912,-10763.594358815215
2026-03-16 21:59:07,-10747.068965517241,-11915.379310344828,-12986.51724137931,-11024.310344827587
2026-03-16 21:59:37,-10949.970692686964,-11792.814536427268,-12802.779022859706,-10768.230872668346
2026-03-16 22:00:07,-11940.448275862069,-11065.48275862069,-12755.965517241379,-10911.241379310344
2026-03-16 22:00:37,-12408.954606555682,-16035.98386929997,-11903.526005583704,-11663.599076276152
2026-03-16 22:01:07,-12542.320289605239,-16233.339079469057,-12750.284433718323,-12121.5307705568
2026-03-16 22:01:37,-12981.75987862906,-16140.473070822702,-11696.158885594097,-11745.94855527205
2026-03-16 22:02:07,-11444.620689655172,-14769,-12080.206896551725,-11754.689655172413
2026-03-16 22:02:37,-14326.747353539531,-17414.296058756594,-11748.319023481947,-12378.090410675493
2026-03-16 22:03:07,-12175.712019860699,-16935.34928625612,-11793.634921729536,-12133.818357354665
2026-03-16 22:03:37,-11719.931034482759,-15716.413793103447,-12352.931034482759,-11688.51724137931
2026-03-16 22:04:07,-13185.680783556352,-13874.327493447372,-11856.462960408333,-11256.656090495242
2026-03-16 22:04:37,-14229.098431304947,-15700.189622478882,-12305.119806929839,-12324.254438889846
2026-03-16 22:05:07,-13233.440226199094,-19394.503637805592,-11930.9334160891,-11576.255991172717
2026-03-16 22:05:37,-12235.85393607117,-12642.426123237128,-11146.477707665252,-11083.92814040895
2026-03-16 22:06:07,-10401.068965517241,-10289.931034482759,-10002.51724137931,-10048.931034482759
2026-03-16 22:06:37,-9543.278846817024,-9842.954686530107,-10237.326712187049,-9846.437685357612
2026-03-16 22:07:07,-10261.818557980758,-10307.851453398158,-10363.332298886244,-10147.40871004448
2026-03-16 22:07:37,-9859.822752508706,-9849.201696610227,-9910.410703817372,-9816.47643022173
2026-03-16 22:08:07,-10263.577118030411,-9930.519637253887,-9746.008758318678,-9937.691803730904
2026-03-16 22:08:37,-9996.414040411006,-9986.483690779947,-10423.17771188194,-9908.7993931453
2026-03-16 22:09:07,-9738.353849867246,-10198.64832247164,-10166.959760008276,-10004.413640908935
2026-03-16 22:09:37,-10196.448275862069,-9984.137931034482,-10149.448275862069,-9843.655172413793
2026-03-16 22:10:07,-10324.734446130502,-10409.332321699545,-10398.296316733344,-10108.670161401573
2026-03-16 22:10:37,-9873.435614549215,-9656.990174107912,-9983.071884157904,-9952.663333907945
2026-03-16 22:11:07,-9850.212061653045,-10627.150787903864,-10102.34129857591,-10012.723699182785
2026-03-16 22:11:37,-10539.72139852424,-10658.058064961038,-9769.602096407145,-10122.784635542377
2026-03-16 22:12:07,-10177.056754706573,-10408.178746293359,-10021.4812771533,-10008.344252120543
2026-03-16 22:12:37,-10058.588227180246,-10113.003896686092,-10332.149384461532,-9875.892272147314
2026-03-16 22:13:07,-9755.413793103447,-10380,-10109.48275862069,-10107.655172413793
2026-03-16 22:13:37,-10691.116628733018,-10256.25905234844,-9837.712945720396,-9946.927374301678
2026-03-16 22:14:07,-10533.204606578856,-10763.705951313703,-10670.333080477209,-10061.547479484174
2026-03-16 22:14:37,-10105.823937105615,-10715.423606082548,-10075.480155856694,-10024.999137960758
2026-03-16 22:15:07,-9853.103448275862,-10249.965517241379,-10083.620689655172,-10383.965517241379
2026-03-16 22:15:37,-10080.684090752362,-10122.819115923041,-9892.317771188194,-9898.972484656231
2026-03-16 22:16:07,-10504.827586206897,-10334.172413793103,-10791.275862068966,-10153.172413793103
2026-03-16 22:16:37,-10028.412813351262,-10007.654908451432,-10406.261853039548,-9651.97751801662
2026-03-16 22:17:07,-10489.25825028449,-10339.528949274112,-10789.785854684642,-10545.50156901962
2026-03-16 22:17:37,-10275.212846957844,-10051.429362497402,-10566.968920883226,-10047.310860386237
2026-03-16 22:18:07,-10019.448946515397,-10142.073864616019,-10518.500637953031,-10175.90261733163
2026-03-16 22:18:37,-10600.193110107244,-10225.145694679126,-10634.746025725024,-10123.418048898237
2026-03-16 22:19:07,-10045.684929145262,-10206.013171051272,-10576.52656621729,-10165.810433403441
2026-03-16 22:19:37,-10026.552639746196,-10187.903031139003,-10533.087347839579,-10072.071450739679
2026-03-16 22:20:07,-11299.041247068562,-10522.727272727274,-10381.190509035729,-10418.126638156988
2026-03-16 22:20:37,-10575.965517241379,-10306.551724137931,-11104.310344827587,-10482.379310344828
2026-03-16 22:21:07,-10988.37850886268,-11526.622525691426,-10477.067383957514,-10532.243603007104
2026-03-16 22:21:37,-9953.755431409063,-11034.381681495275,-10248.913718187461,-10237.775018966826
2026-03-16 22:22:07,-10997.06916764361,-11367.216054065237,-10387.076753327357,-10468.519412454314
2026-03-16 22:22:37,-11569.6254914132,-11625.870749706875,-10761.121456652183,-10674.667218428856
2026-03-16 22:23:07,-10765.164316010896,-11476.25780199317,-10520.466222973204,-10402.186282285595
2026-03-16 22:23:37,-10602.744922238697,-11148.798234421874,-10465.74019793786,-10275.595710196902
2026-03-16 22:24:07,-10375.801668850425,-10804.116957451211,-10383.939038686987,-10353.630784083856
2026-03-16 22:24:37,-10908.175580152407,-11590.565842557151,-9994.931209268645,-10587.703872280264
2026-03-16 22:25:07,-10848.753405289835,-11484.051174178418,-10961.61936618504,-10607.331287285768
2026-03-16 22:25:37,-11255.103448275862,-11706.310344827585,-10325.137931034482,-10612.58620689655
2026-03-16 22:26:07,-11427.724137931034,-11587.758620689656,-13591.827586206897,-10584.379310344828
2026-03-16 22:26:37,-10980.103448275862,-11941.275862068966,-12491.137931034482,-11349.344827586207
2026-03-16 22:27:07,-11928.864521913036,-10890.452053377468,-13203.02748181097,-10853.211958208336
2026-03-16 22:27:37,-10954.55015690196,-11792.40663471154,-12648.71202455257,-10733.473568054069
2026-03-16 22:28:07,-11435.467742491637,-12448.501775800833,-12405.64118478673,-11239.991724423295
2026-03-16 22:28:37,-11002.379474446514,-11908.16608041934,-13571.246292847782,-11335.781778053659
2026-03-16 22:29:07,-12662.58620689655,-11630.034482758621,-12780.655172413793,-10969.931034482759
2026-03-16 22:29:37,-10592.985965033275,-11227.904410496913,-13049.105141556603,-10714.266009172728
2026-03-16 22:30:07,-12488.603055277767,-11252.181109693436,-12797.889582399392,-11087.175419842062
2026-03-16 22:30:37,-10727.931034482759,-10709.206896551725,-12246.241379310344,-10759.310344827587
2026-03-16 22:31:07,-13067.965517241379,-17831.44827586207,-13070.965517241379,-12747.793103448275
2026-03-16 22:31:37,-11968.51724137931,-15888.103448275862,-12470.241379310344,-11786.758620689656
2026-03-16 22:32:07,-11833.201144867062,-14887.96165385013,-11451.73971516259,-11737.680609676194
2026-03-16 22:32:37,-11659.735154148564,-14639.285467963311,-11942.61673218843,-11667.666735636942
2026-03-16 22:33:07,-13539.758620689656,-18407.55172413793,-12248.758620689656,-12204.724137931034
2026-03-16 22:33:37,-14071.174868098899,-14904.962240077242,-12039.58757198524,-12324.735335701229
2026-03-16 22:34:07,-14136.542307427075,-16167.126405075513,-12794.29004896214,-12128.99110406179
2026-03-16 22:34:37,-13712.596117375262,-16231.095479466223,-12710.665149477603,-12708.010068618321
2026-03-16 22:35:07,-12772.601889524862,-15473.2432246052,-12104.751396455418,-13083.925246534722
2026-03-16 22:35:37,-13695.748129245834,-16041.24280147591,-12365.322942170418,-12692.299734473601
2026-03-16 22:36:07,-11809.655172413793,-9995.793103448275,-10315.137931034482,-10004.51724137931
2026-03-16 22:36:37,-10016.201464695316,-11035.788310073234,-11144.431394224126,-9962.518999585463
2026-03-16 22:37:07,-9764.206896551725,-10489.034482758621,-10226.241379310344,-10024.034482758621
2026-03-16 22:37:37,-10193.15125181047,-9848.403338161252,-9737.775018966826,-9802.331195254845
2026-03-16 22:38:07,-9844.137931034482,-10230.413793103447,-10465.172413793103,-10028.48275862069
2026-03-16 22:38:37,-10140.911128737454,-10063.316894851192,-10090.664551505328,-10024.14042832017
2026-03-16 22:39:07,-10557.801076010484,-10188.508759828943,-10281.694026762312,-10036.729204028143
2026-03-16 22:39:37,-10165.48275862069,-10143.344827586207,-10204.724137931034,-9632.58620689655
2026-03-16 22:40:07,-10150.418979964825,-10199.38618573054,-10253.215628125106,-10355.081209696884
2026-03-16 22:40:37,-9889.785502448445,-10079.384785157597,-9741.016621835988,-10189.840678667493
2026-03-16 22:41:07,-10406.669195489498,-10115.07293354943,-10252.353529432048,-10181.48901686265
2026-03-16 22:41:37,-10125.27154236061,-10261.059963449537,-10527.94731216165,-10068.963139202096
2026-03-16 22:42:07,-10043.06896551724,-10557.206896551721,-9696.965517241377,-10000.379310344826
2026-03-16 22:42:37,-9920.209647943173,-10355.401537878002,-9879.521395813936,-9866.14254680873
2026-03-16 22:43:07,-9869.58620689655,-10287.58620689655,-10457.103448275862,-10009.965517241379
2026-03-16 22:43:37,-10519.154511913383,-10702.217164925349,-9781.455811868556,-9726.009447950071
2026-03-16 22:44:07,-10152.753353332644,-10379.021413054723,-10077.96282886797,-10275.162925416365
2026-03-16 22:44:37,-9583.123555984688,-10129.452739749646,-10193.62736646091,-9869.133418393736
2026-03-16 22:45:07,-10562.743542880788,-10229.180316562639,-10169.005827787163,-10130.832097658538
2026-03-16 22:45:37,-10460.899248327702,-10892.179849665541,-10270.602027446383,-9518.13668022895
2026-03-16 22:46:07,-9755.232939066864,-10401.910410703817,-10107.831304527741,-10666.367805786405
2026-03-16 22:46:37,-10058.51724137931,-10026.58620689655,-10504.862068965516,-10034.103448275862
2026-03-16 22:47:07,-10819.924824993965,-9999.068933411496,-10586.296079175143,-10272.699058588225
2026-03-16 22:47:37,-10024.656022621468,-10506.948515466049,-10513.534949481014,-10002.344908445117
2026-03-16 22:48:07,-10664.080548946587,-10469.466570118271,-10372.40095169132,-10313.85124650874
2026-03-16 22:48:37,-9685.32312573281,-10048.451617352921,-10726.636319746189,-10005.379681357335
2026-03-16 22:49:07,-10339.815868418329,-10115.754629150717,-10687.321126857692,-10136.719423468156
2026-03-16 22:49:37,-10405.117417841993,-10257.664057381287,-10588.813407358874,-10168.833408048551
2026-03-16 22:50:07,-10982.207510085858,-11254.025723250921,-10865.108099720697,-10041.239957242853
2026-03-16 22:50:37,-10658.839350367227,-10397.779386917691,-10401.02065446019,-10383.400572394054
2026-03-16 22:51:07,-10667.218371780282,-10590.221026861142,-10892.83128167994,-10468.259715182234
2026-03-16 22:51:37,-10472.740439325493,-11567.916135039137,-10261.871099003412,-10239.83585640884
2026-03-16 22:52:07,-10639.633116099445,-11147.788007310093,-10887.590083100584,-9737.457329057619
2026-03-16 22:52:37,-10216.758620689656,-11132.310344827587,-10235.103448275862,-10840.103448275862
2026-03-16 22:53:07,-10394.206896551725,-11422.758620689656,-10168.241379310344,-10366.758620689656
2026-03-16 22:53:37,-10273.103448275862,-11536.103448275862,-10721.620689655172,-10398.103448275862
2026-03-16 22:54:07,-10911.379310344828,-11983.793103448275,-10850.172413793103,-10416.413793103447
2026-03-16 22:54:37,-10688.596944932935,-12775.076721492364,-10428.502465432228,-10551.532705768768
2026-03-16 22:55:07,-11176.9371357633,-10927.618193730817,-10500.051725921581,-10364.253939791026
2026-03-16 22:55:37,-10654.90845143271,-12059.239336574601,-10838.902106823904,-10559.049687941795
2026-03-16 22:56:07,-10790.992792854924,-12114.797061967653,-10595.744680851063,-10773.371495568812
2026-03-16 22:56:37,-11523.950243969488,-11038.794584564635,-12359.940897532817,-11241.220534671158
2026-03-16 22:57:07,-11391.365814971896,-13356.470466535635,-12527.602496465637,-11135.995310506532
2026-03-16 22:57:37,-12632.379310344828,-11451.275862068966,-12589.206896551725,-10930.793103448275
2026-03-16 22:58:07,-11120.448275862069,-10884.862068965516,-12388.793103448275,-11198.51724137931
2026-03-16 22:58:37,-11311.827586206897,-10933.310344827587,-12619.275862068966,-10711.827586206897
2026-03-16 22:59:07,-13284.773463899042,-10956.278877318806,-13444.658989035239,-11267.740155851321
2026-03-16 22:59:37,-11538.466843684264,-11049.243077347493,-12670.74726714714,-10751.853512190073
2026-03-16 23:00:07,-10874.991378715773,-10854.817573625767,-12519.897923994758,-10814.538933719567
2026-03-16 23:00:37,-11564.689655172413,-10589.51724137931,-12411.103448275862,-10700.758620689656
2026-03-16 23:01:07,-11606.137931034482,-12419.48275862069,-12644.827586206897,-11283.068965517241
2026-03-16 23:01:37,-11667.574650024137,-14839.321426108545,-11696.641610923385,-11684.43555616854
2026-03-16 23:02:07,-11815.77132611544,-14810.909592441902,-11796.876077511895,-11776.360251017171
2026-03-16 23:02:37,-12899.76553341149,-15564.167988414592,-11705.572029515206,-12133.990759257982
2026-03-16 23:03:07,-12868.418330402399,-14868.521775111201,-12264.23226785283,-11834.453984345366
2026-03-16 23:03:37,-13938.478515759707,-16870.02551900131,-12147.734326505275,-12059.417890889026
2026-03-16 23:04:07,-11862.793103448275,-16000.965517241379,-11787.103448275862,-12716.379310344828
2026-03-16 23:04:37,-13366.288492706643,-15058.243387703022,-12005.689851374183,-11720.576571605916
2026-03-16 23:05:07,-15074.06641150305,-15034.378124892244,-12756.008413502981,-11797.938002137857
2026-03-16 23:05:37,-13419.068965517241,-16384.96551724138,-11735.241379310344,-11682.379310344828
2026-03-16 23:06:07,-12792.110616875281,-13941.484776387022,-12740.871004448123,-12185.993586428056
2026-03-16 23:06:37,-13059.208938239248,-13732.16317804062,-10272.905962274559,-11571.64040139315
2026-03-16 23:07:07,-11172.815667884974,-9975.070684780361,-10857.078822150197,-9964.93345286532
2026-03-16 23:07:37,-11209.972757681298,-10842.960102072484,-10414.048760302077,-10518.224766371253
2026-03-16 23:08:07,-10123.004241525568,-10493.017000586226,-9871.167971309354,-10088.072002482842
2026-03-16 23:08:37,-9833.419537257334,-9807.31698906934,-10350.781007551463,-9801.282714389157
2026-03-16 23:09:07,-10061.45251396648,-10374.749982757432,-10233.188495758328,-10090.73039519967
2026-03-16 23:09:37,-10141.852286049238,-9518.102199848287,-10007.758085649266,-9808.909730363424
2026-03-16 23:10:07,-9954,-10543.827586206897,-10264.965517241379,-9991.068965517241
2026-03-16 23:10:37,-10239.70618663356,-10259.94896199738,-10173.632664321676,-9948.617146010069
2026-03-16 23:11:07,-10426.172413793103,-9948.448275862069,-10307.965517241379,-9992.965517241379
2026-03-16 23:11:37,-10140.724137931034,-10385.965517241379,-10080.655172413793,-9901.137931034482
2026-03-16 23:12:07,-10172.643265981656,-10334.873457002966,-9737.84566581615,-10017.860837183644
2026-03-16 23:12:37,-10256.068965517241,-10482.413793103447,-10023,-10055.068965517241
2026-03-16 23:13:07,-10185.206896551725,-10038.620689655172,-10327.379310344828,-10009.344827586207
2026-03-16 23:13:37,-9855.12793985792,-10945.68590937306,-9965.82522932616,-10075.177598455066
2026-03-16 23:14:07,-10667.747051927454,-10440.176539548997,-10042.066064409351,-10022.929453141163
2026-03-16 23:14:37,-9908.720990378977,-10228.663057346803,-9858.270974861201,-9858.064071174867
2026-03-16 23:15:07,-10215.398938004277,-10604.47555341011,-10207.399489690366,-10049.065581684023
2026-03-16 23:15:37,-10027.378366263232,-11042.41233060929,-10341.815799455191,-10236.47460432399
2026-03-16 23:16:07,-10511.810752094898,-10330.080347598192,-10081.520052415599,-10026.621607641642
2026-03-16 23:16:37,-9686.758620689656,-10659.51724137931,-9963.827586206897,-10027.862068965516
2026-03-16 23:17:07,-10364.46084347736,-10584.296010207247,-10586.020207593363,-10131.659712403874
2026-03-16 23:17:37,-10010.447555341012,-10009.240742017791,-10386.352665333427,-10000.758568374595
2026-03-16 23:18:07,-10635.767983998896,-10774.777570866956,-10646.975653493344,-10303.020897992965
2026-03-16 23:18:37,-10108.48275862069,-10228.655172413793,-10534.58620689655,-10122.689655172413
2026-03-16 23:19:07,-10336.471156167028,-10161.54615358091,-10618.978655908415,-10290.058963484016
2026-03-16 23:19:37,-10548.63625392228,-10068.239026240475,-10595.807041136513,-9999.62070273439
2026-03-16 23:20:07,-10424.847419054515,-10860.24619840695,-10756.008413502981,-10162.23578497293
2026-03-16 23:20:37,-10336.103448275862,-10270,-10661.793103448275,-10029.793103448275
2026-03-16 23:21:07,-10388.090065859797,-10865.383952277507,-11092.203717113201,-10861.866832178199
2026-03-16 23:21:37,-10488.620689655172,-10391.034482758621,-10670.48275862069,-9921
2026-03-16 23:22:07,-10154.62602158695,-11016.724714645332,-10526.74230145867,-10656.264009103761
2026-03-16 23:22:37,-10527.878349022447,-11234.54363642633,-10273.990552049929,-10234.060894451914
2026-03-16 23:23:07,-11135.48275862069,-11741.206896551725,-10540.310344827587,-10605.137931034482
2026-03-16 23:23:37,-10228.034482758621,-11151.413793103447,-10234.103448275862,-10193.310344827587
2026-03-16 23:24:07,-11597.317056348717,-11526.86392164977,-10964.03200220705,-10524.105110697292
2026-03-16 23:24:37,-10950.134492033936,-11827.60880060694,-10506.138354369268,-10398.096420442791
2026-03-16 23:25:07,-11036.688390055515,-11615.84083307472,-10765.111547877657,-10808.834178131787
2026-03-16 23:25:37,-10277.871650746576,-11402.703541501429,-10406.082968378218,-10253.181144177384
2026-03-16 23:26:07,-10828.338908238213,-11796.510224490497,-10761.577985447773,-10507.672678368219
2026-03-16 23:26:37,-10441.81235129823,-11638.874521568221,-10693.42436467708,-10448.294886383226
2026-03-16 23:27:07,-10608.875556015311,-11101.686148753492,-11523.119892417504,-10637.322850936176
2026-03-16 23:27:37,-11067.65750543122,-10797.441291079002,-12284.975343977378,-10834.78740646229
2026-03-16 23:28:07,-10846.379310344828,-12158.413793103447,-12749.068965517241,-10840.655172413793
2026-03-16 23:28:37,-11062.967688540983,-10744.99120659333,-12396.461946963687,-10702.16214352219
2026-03-16 23:29:07,-11114.685700493084,-11452.122340608943,-13117.47870763077,-10893.45194993276
2026-03-16 23:29:37,-12602.055243284249,-13466.533328735472,-13074.623262871131,-11663.884961550397
2026-03-16 23:30:07,-13194.827586206897,-11716.862068965516,-13288.206896551725,-11484.172413793103
2026-03-16 23:30:37,-12096.48275862069,-11035.551724137931,-12529,-10487.827586206897
2026-03-16 23:31:07,-10555.206896551725,-11434.689655172413,-12566.068965517241,-11278.275862068966
2026-03-16 23:31:37,-10774.275862068966,-12353,-12832.58620689655,-11085.137931034482
2026-03-16 23:32:07,-12718.113168511429,-15372.43543326092,-12099.858625564635,-11581.979931726491
2026-03-16 23:32:37,-12293.965517241379,-15014.724137931034,-11999.103448275862,-11959.827586206897
2026-03-16 23:33:07,-12742.422675080168,-16133.822971621667,-12472.569911382365,-11763.801248232818
2026-03-16 23:33:37,-12674.793103448275,-16520.344827586207,-12012.655172413793,-11653.551724137931
2026-03-16 23:34:07,-14226.448275862069,-16183.379310344828,-13114.689655172413,-11813.48275862069
2026-03-16 23:34:37,-12325.172413793103,-15538.896551724138,-11629.379310344828,-11953.48275862069
2026-03-16 23:35:07,-11846.827586206897,-16142.413793103447,-11440.103448275862,-12060.206896551725
2026-03-16 23:35:37,-11366.48275862069,-14665.413793103447,-11952.48275862069,-11649.310344827585
2026-03-16 23:36:07,-11921.275862068966,-17924.379310344826,-11928.689655172413,-11643.206896551725
2026-03-16 23:36:37,-12987.58620689655,-14702.034482758621,-11689.310344827585,-12341.51724137931
2026-03-16 23:37:07,-11864.206896551725,-13663.896551724138,-11161.275862068966,-11493.827586206897
2026-03-16 23:37:37,-12508.293961444288,-12294.3752802014,-10948.098079111633,-11296.23754181467
2026-03-16 23:38:07,-10391.103448275862,-10145.172413793103,-10517.172413793103,-10126.689655172413
2026-03-16 23:38:37,-10211.241379310344,-9760.896551724138,-10212.689655172413,-9987.379310344828
2026-03-16 23:39:07,-9619.349722442506,-10267.144778126401,-10097.886425542187,-9947.350274109576
2026-03-16 23:39:37,-10297.51724137931,-9843.068965517241,-9977.137931034482,-9534.689655172413
2026-03-16 23:40:07,-9849.379310344828,-10265.137931034482,-10407.827586206897,-10371.344827586207
2026-03-16 23:40:37,-10094.793103448275,-9947.034482758621,-10030.034482758621,-9916.58620689655
2026-03-16 23:41:07,-10696.434728639404,-10140.95579615199,-10419.315909247638,-9791.290255844426
2026-03-16 23:41:37,-9937.027968410524,-9827.46491016312,-9970.514191123219,-10142.669931372211
2026-03-16 23:42:07,-10098.962104755008,-10455.432571290645,-10257.646288059032,-10048.825902555083
2026-03-16 23:42:37,-10202.18635767984,-10410.200703496792,-9948.306779777915,-9607.110835230016
2026-03-16 23:43:07,-9852.862068965516,-9912.344827586207,-9989.620689655172,-10414.275862068966
2026-03-16 23:43:37,-10528.742370426566,-10807.338184075312,-10003.413910824509,-9960.412428014757
2026-03-16 23:44:07,-10236.801269009275,-10555.605365702264,-9952.101796613675,-10067.071278319941
2026-03-16 23:44:37,-10228.777325701676,-10152.851527480863,-10368.629749672436,-9907.97186400938
2026-03-16 23:45:07,-10357.576384578246,-10245.91351127664,-10223.049865507966,-10145.63073315401
2026-03-16 23:45:37,-9831.890754853614,-10651.160384840856,-9939.997930963134,-9898.651677644055
2026-03-16 23:46:07,-10725.88097372595,-10155.816840217916,-10112.371560582029,-10031.51506792635
2026-03-16 23:46:37,-9918.379310344828,-10111.827586206897,-9878.48275862069,-9889.758620689656
2026-03-16 23:47:07,-9870.724137931034,-10633.689655172413,-10107.379310344828,-10034.758620689656
2026-03-16 23:47:37,-10340.976484380388,-10001.62057789118,-10478.5187228467,-9977.139507620164
2026-03-16 23:48:07,-10479.716477996077,-10508.034270378144,-10779.651102776726,-10168.736881946117
2026-03-16 23:48:37,-9596.669080376538,-10431.398917278713,-10551.01548222475,-10289.5072583704
2026-03-16 23:49:07,-10647.217049451687,-10131.112490516587,-10616.387337057728,-10118.456445272088
2026-03-16 23:49:37,-10698.679264802233,-10464.740163453911,-10145.280871754198,-10207.558881340734
2026-03-16 23:50:07,-10323.816420123445,-10569.945863935727,-10750.422399227613,-10142.75369814834
2026-03-16 23:50:37,-10035.859595889939,-10017.067788428385,-10742.121233018413,-9666.712640507552
2026-03-16 23:51:07,-10576.566325299127,-10254.473983655735,-10687.18320057929,-10559.53242991621
2026-03-16 23:51:37,-10000.03448394772,-10858.822718024758,-10563.329769992068,-10244.318769612744
2026-03-16 23:52:07,-10909.58932450605,-10613.185752215439,-10744.215716699422,-10152.546463915036
2026-03-16 23:52:37,-10847.76387021137,-11455.880831695458,-10292.920933760903,-10351.367194234681
2026-03-16 23:53:07,-10918.52286049238,-11431.797807047791,-10220.50203434246,-10698.71043376319
2026-03-16 23:53:37,-10571.896551724138,-11680,-10938.034482758621,-10287.931034482759
2026-03-16 23:54:07,-11377.275862068966,-11755.344827586207,-10438.344827586207,-10725.068965517241
2026-03-16 23:54:37,-10281.620689655172,-11332.310344827585,-10648.758620689656,-10304.48275862069
2026-03-16 23:55:07,-10892.96182626987,-12140.31518328218,-10888.065105693298,-10443.635987447842
2026-03-16 23:55:37,-10631.228663057345,-11361.529707920961,-10135.073623228385,-10239.732404565673
2026-03-16 23:56:07,-10874.823269767921,-11439.256526087105,-10913.962550432772,-10550.915548812027
2026-03-16 23:56:37,-10707.241379310344,-12656.068965517241,-9955.275862068966,-10350.241379310344
2026-03-16 23:57:07,-11166.787352160269,-11831.902348194888,-10532.774731905794,-10598.600048274197
2026-03-16 23:57:37,-11139.098651770628,-11508.60315161546,-13136.064273645734,-10740.905486017722
2026-03-16 23:58:07,-11633.555149467298,-11244.905699410407,-12402.13081405372,-11044.098886322106
2026-03-16 23:58:37,-11267.259811021451,-11642.90640733844,-12376.025932822955,-10742.361542175324
2026-03-16 23:59:07,-11490.242052272257,-12332.459830356527,-12907.420177918764,-11024.61899179367
2026-03-16 23:59:37,-12598.55222337125,-10939.400206825232,-10734.332988624612,-10901.068597035504
2026-03-17 00:00:07,-10759.422088893485,-10757.008379021412,-13818.385572911277,-10699.320713078858
2026-03-17 00:00:37,-10380.697882904627,-10976.967105716847,-10932.10813047376,-10345.700296531275
2026-03-17 00:01:07,-11439.22623357815,-11403.192993345056,-12603.186097031135,-11241.233060928933
2026-03-17 00:01:37,-10960.313081856424,-11243.362526722296,-12729.53589407627,-11131.23232880491
2026-03-17 00:02:07,-11295.448275862069,-13085.448275862069,-12677.655172413793,-11481.310344827585
2026-03-17 00:02:37,-12252.827586206897,-17831.275862068964,-12968.758620689656,-13190.103448275862
2026-03-17 00:03:07,-14366.341412957281,-15789.228700479263,-10831.672585594595,-12639.347653690998
2026-03-17 00:03:37,-13517.604055312251,-14961.998689609984,-13995.517086796095,-12793.923928411323
2026-03-17 00:04:07,-13126.413793103447,-13036.48275862069,-11188.034482758621,-10840.58620689655
2026-03-17 00:04:37,-14640.300668919386,-14866.181642645335,-12081.546100268948,-12655.334114888628
2026-03-17 00:05:07,-11937.726285300505,-16227.164580531704,-12541.705458432467,-11524.74052618875
2026-03-17 00:05:37,-14963.794351918901,-15790.834798800042,-12070.549291403746,-11717.320092410608
2026-03-17 00:06:07,-12813.379310344828,-16157.48275862069,-12725.862068965516,-12088.379310344828
2026-03-17 00:06:37,-12677.597324230197,-16907.9686907348,-12143.581255818763,-12021.171683735041
2026-03-17 00:07:07,-11781.766145994965,-16767.111478914518,-12109.685872900933,-11726.526671494084
2026-03-17 00:07:37,-11860.453087824557,-12624.39226233578,-11054.515361539256,-11537.87800420675
2026-03-17 00:08:07,-11099.934480499325,-10074.243939446187,-10230.145867098863,-10019.621366254007
2026-03-17 00:08:37,-9851.689655172413,-9935.58620689655,-9972.344827586207,-9884.241379310344
2026-03-17 00:09:07,-9879.172413793103,-10060.655172413793,-10294.172413793103,-10018.551724137931
2026-03-17 00:09:37,-9869.457278808359,-9963.899041445418,-10140.059306254741,-9861.216467829805
2026-03-17 00:10:07,-10461.294438122823,-10110.685838419364,-10220.613082307505,-9679.148994862246
2026-03-17 00:10:37,-9998.58620689655,-10073.172413793103,-9682.689655172413,-10310.931034482759
2026-03-17 00:11:07,-9981.724137931034,-10512,-10848.58620689655,-10110.827586206897
2026-03-17 00:11:37,-10412.448275862069,-10258.241379310344,-10043.344827586207,-9616.137931034482
2026-03-17 00:12:07,-10217.15743741811,-10317.564305909938,-10312.185366526446,-10061.788842148817
2026-03-17 00:12:37,-9818.379310344828,-9790.068965517241,-9951.137931034482,-10194.034482758621
2026-03-17 00:13:07,-10159.471760568236,-10481.173712157783,-10154.989311081994,-9689.228329080754
2026-03-17 00:13:37,-9886.83148856936,-10103.237819385538,-9858.729009344506,-10250.715492569223
2026-03-17 00:14:07,-9737.965517241379,-10385.655172413793,-10116.724137931034,-10047.827586206897
2026-03-17 00:14:37,-10668.64374633608,-10428.083727025069,-10150.867271285215,-9539.88068554088
2026-03-17 00:15:07,-9941.208923830212,-10275.818075238783,-10077.169752767144,-10481.155822213026
2026-03-17 00:15:37,-10046.379310344828,-11291.310344827587,-10148.310344827587,-10117.310344827587
2026-03-17 00:16:07,-10595.683056340942,-9635.404454865182,-10061.961244052134,-10111.681952968762
2026-03-17 00:16:37,-9765.196703789265,-10898.182946591733,-9870.358238802884,-9963.865806985485
2026-03-17 00:17:07,-10269.206896551725,-10867.137931034482,-10209.48275862069,-10127.275862068966
2026-03-17 00:17:37,-10250.344827586207,-10633.689655172413,-9737.241379310344,-9942.241379310344
2026-03-17 00:18:07,-10751.568857320186,-10798.427694641749,-10306.323701813668,-10231.880559961382
2026-03-17 00:18:37,-10346.217502241225,-10231.121991586788,-11396.558858009794,-10012.75774084546
2026-03-17 00:19:07,-10466.413793103447,-10140.862068965516,-9988.724137931034,-10281
2026-03-17 00:19:37,-9921.519947588014,-10501.741319264855,-11335.643598496605,-10130.374814661564
2026-03-17 00:20:07,-10810.618858817445,-10323.15118083089,-10443.578693328736,-10154.421651439407
2026-03-17 00:20:37,-10425.68010205841,-10194.807433713755,-10501.913595145332,-10074.61297107196
2026-03-17 00:21:07,-11061.588330632088,-10645.091210041724,-10523.638746163659,-10524.880168281663
2026-03-17 00:21:37,-10087.134926381848,-10049.653460225509,-10642.598531085134,-10060.928933485051
2026-03-17 00:22:07,-10395.08982448881,-10148.236267714905,-10753.387814213302,-10224.509499672424
2026-03-17 00:22:37,-10509.465190855486,-10047.343195062238,-10806.144615702906,-10235.440157235957
2026-03-17 00:23:07,-10689.541018655815,-11071.519707576123,-11196.24814648781,-10524.604296699885
2026-03-17 00:23:37,-10287.758620689656,-10985.241379310344,-10255.758620689656,-10232.862068965516
2026-03-17 00:24:07,-11090.514120202752,-11664.14951208579,-10509.913451260301,-10470.776869763113
2026-03-17 00:24:37,-10404.503292989895,-10824.350884452258,-10306.472190614115,-10269.404503292988
2026-03-17 00:25:07,-10510.91341677873,-11839.660701355124,-10678.873142305436,-10439.708975552567
2026-03-17 00:25:37,-10533.137931034482,-11706.896551724138,-10431.620689655172,-10388.655172413793
2026-03-17 00:26:07,-11501.982690252058,-12059.825523257818,-10718.113168511429,-10749.07761801317
2026-03-17 00:26:37,-10954.48275862069,-11691.068965517241,-10153.931034482759,-10475.379310344828
2026-03-17 00:27:07,-10875.693941588223,-11364.608116961484,-10766.939071066516,-10616.978724871557
2026-03-17 00:27:37,-10729.216233922967,-11703.596427709388,-10538.429709320368,-10326.195648425915
2026-03-17 00:28:07,-11284.88672804386,-12326.954242957141,-10287.024585359126,-10896.65873590566
2026-03-17 00:28:37,-11091.313493568743,-10573.743922204212,-13495.46536087451,-10853.029414807406
2026-03-17 00:29:07,-10974.138822799214,-11096.893210578946,-11647.425950829283,-10284.81776490466
2026-03-17 00:29:37,-11024.68880383435,-10773.456087721112,-12416.364952932656,-11396.917347677665
2026-03-17 00:30:07,-12533.53332643702,-11125.409468639013,-12972.863004723977,-11239.681390296888
2026-03-17 00:30:37,-13388.641770973412,-11928.485224647424,-12780.66273576773,-10827.833522981964
2026-03-17 00:31:07,-10635.702217164924,-10872.521637184924,-12862.935760835831,-10856.177373194027
2026-03-17 00:31:37,-12225.716354608463,-11997.103548153513,-12676.183579876557,-10945.829454156754
2026-03-17 00:32:07,-11966.451746371067,-11402.820397889875,-12918.525669758303,-11026.135227390272
2026-03-17 00:32:37,-11113.52507069453,-10777.122560176564,-12340.402786399061,-10791.95116904614
2026-03-17 00:33:07,-12885.942833499985,-15566.286246250389,-13006.89583836155,-11989.587284074063
2026-03-17 00:33:37,-11835.724137931034,-13368.827586206897,-13092.413793103447,-10762.241379310344
2026-03-17 00:34:07,-12694.607268464244,-16666.643679746227,-12023.653541135094,-12473.484587269844
2026-03-17 00:34:37,-12698.631081686837,-16011.137546981137,-11439.708975552565,-11835.488431433398
2026-03-17 00:35:07,-12516.982173028517,-14804.55846350126,-11835.971173407814,-12422.67508016965
2026-03-17 00:35:37,-11742.991137625433,-17666.505741577294,-12092.416979895857,-11727.956136418496
2026-03-17 00:36:07,-14466.689655172413,-15037.620689655172,-12131.724137931034,-11713.689655172413
2026-03-17 00:36:37,-11711.649882742448,-14712.477583114913,-11651.400193130088,-11595.013105255897
2026-03-17 00:37:07,-12503.534360884107,-16954.553291265816,-11526.568049377607,-12156.891141684768
2026-03-17 00:37:37,-11698.538031859873,-16667.91945383077,-12339.149024205228,-12019.136611268188
2026-03-17 00:38:07,-12849.044893455624,-18278.56699537963,-12762.637059513138,-11532.687400868906
2026-03-17 00:38:37,-10912.48275862069,-11049.58620689655,-10444.827586206897,-10279.034482758621
2026-03-17 00:39:07,-9880.413793103447,-10508.551724137931,-10137.758620689656,-10095.448275862069
2026-03-17 00:39:37,-10400.36550463777,-10379.366228750732,-10180.407572152682,-10033.171269956207
2026-03-17 00:40:07,-9922.69232095445,-10051.618909692768,-10293.920899279334,-9985.655667045963
2026-03-17 00:40:37,-9934.2091652012,-9828.074893969175,-9991.75890486535,-9784.490189993448
2026-03-17 00:41:07,-10387.413793103447,-10330.137931034482,-10402.206896551725,-10085.793103448275
2026-03-17 00:41:37,-10938.209027274923,-10082.652322333714,-10188.338333160926,-10001.62063377125
2026-03-17 00:42:07,-10112.647403627336,-9967.416040273085,-10106.371974346597,-9954.210054479001
2026-03-17 00:42:37,-9572.068965517241,-10123.48275862069,-10109.793103448275,-9921.689655172413
2026-03-17 00:43:07,-10315.206896551725,-10316.310344827587,-10153.896551724138,-9977.896551724138
2026-03-17 00:43:37,-10324.98879348988,-10233.5091893383,-9635.598772456124,-9850.418951070653
2026-03-17 00:44:07,-9882.785019656529,-10542.278777846748,-10391.268363335403,-10089.592385681772
2026-03-17 00:44:37,-10299.634507964969,-10260.913040479967,-10064.788635266534,-9935.5561685401
2026-03-17 00:45:07,-10429.049277561293,-10484.464981551086,-10086.41677299217,-9726.852650091381
2026-03-17 00:45:37,-10002.896451846487,-10647.150098272472,-10043.584703975725,-10290.472742319229
2026-03-17 00:46:07,-10670.046210083456,-10631.974618939239,-10157.459135112767,-10045.830746948068
2026-03-17 00:46:37,-10275.266370125168,-10492.603703320574,-10064.20468259715,-10002.034412606461
2026-03-17 00:47:07,-10114.854147989794,-10035.928556651266,-9708.537342252259,-9680.47031239225
2026-03-17 00:47:37,-9916.45115685666,-10204.096410468603,-9883.348850039652,-9876.72838867625
2026-03-17 00:48:07,-10201.627642332493,-10265.21604193248,-10030.13897030932,-10105.727783716678
2026-03-17 00:48:37,-10551.739595186375,-10340.057239405538,-10558.118685562567,-10155.89117616634
2026-03-17 00:49:07,-10395.917382159234,-10629.357608358332,-10607.185959104858,-10278.507637667666
2026-03-17 00:49:37,-10347.389835183782,-10248.500103441142,-10478.725605130681,-10114.164540376527
2026-03-17 00:50:07,-10415.379310344828,-10315.034482758621,-10655.758620689656,-10371.310344827587
2026-03-17 00:50:37,-10279.51724137931,-10024.413793103447,-10499.58620689655,-10122.103448275862
2026-03-17 00:51:07,-10477.00158609751,-10431.79780704779,-10674.918971105442,-10164.954141093718
2026-03-17 00:51:37,-10249.896551724138,-10007.448275862069,-10493,-9980.344827586207
2026-03-17 00:52:07,-10276.419680722685,-11045.133262076339,-10778.747026169707,-10301.727407509568
2026-03-17 00:52:37,-10884.793103448275,-10585.103448275862,-10618.724137931034,-10102.620689655172
2026-03-17 00:53:07,-10567.551724137931,-10133.068965517241,-10823.103448275862,-10147.172413793103
2026-03-17 00:53:37,-10661.448275862069,-11462.068965517241,-10655.241379310344,-10259.758620689656
2026-03-17 00:54:07,-10853.206896551725,-11617.206896551725,-10650.931034482759,-10610.655172413793
2026-03-17 00:54:37,-10219.130374814662,-10989.241750284475,-10262.715078790387,-10229.57829040378
2026-03-17 00:55:07,-11343.286669884836,-11421.97089855872,-10760.32687400869,-10538.824908626992
2026-03-17 00:55:37,-10600.048274197443,-11141.4089169339,-10481.56960104824,-10282.8523154374
2026-03-17 00:56:07,-10564.278569211136,-11561.0361836432,-10367.596840398744,-10681.245903901212
2026-03-17 00:56:37,-11764.397544658252,-11178.77094972067,-10666.63218152976,-10404.02786399062
2026-03-17 00:57:07,-10702.196627469912,-11254.560502086277,-10380.70278285458,-10672.50594848098
2026-03-17 00:57:37,-10253.95676011172,-11109.789317609737,-10222.44060549636,-10236.440122754386
2026-03-17 00:58:07,-11892.28329080753,-11694.296945038273,-10740.397213985243,-10650.679263499069
2026-03-17 00:58:37,-11176.58620689655,-11802.51724137931,-11419,-10544.137931034482
2026-03-17 00:59:07,-10852.010206192677,-10799.186263016345,-12352.079166954003,-10817.116060961313
2026-03-17 00:59:37,-11447.41016621836,-11566.866680460722,-12598.317125318987,-10802.607076350092
2026-03-17 01:00:07,-12038.139246180901,-12871.788682368357,-13574.812924583604,-11259.353770819682
2026-03-17 01:00:37,-11214.263544504603,-11962.444390799048,-12949.994827051074,-11270.338310859745
2026-03-17 01:01:07,-10937.422424493172,-10874.224244931733,-12595.469590401324,-10919.390428906358
2026-03-17 01:01:37,-11989.034860866868,-12707.423881935107,-12934.243646770801,-10888.072825074998
2026-03-17 01:02:07,-11447.206896551725,-11414.51724137931,-12607.448275862069,-11257.58620689655
2026-03-17 01:02:37,-10748.58620689655,-10754.034482758621,-12397.103448275862,-10734.344827586207
2026-03-17 01:03:07,-11328.034482758621,-12261.068965517241,-12484,-10909.413793103447
2026-03-17 01:03:37,-14284.655172413793,-13669.758620689656,-12753.793103448275,-11295.896551724138
2026-03-17 01:04:07,-13015.896551724138,-15533.965517241379,-11895.206896551725,-12313
2026-03-17 01:04:37,-13414.847763870212,-17195.95876004276,-13199.406917002863,-12034.929830005864
2026-03-17 01:05:07,-13515.431566605743,-16082.795958481325,-12826.51125900893,-11798.30338977206
2026-03-17 01:05:37,-13990.069650368941,-16149.955175505138,-11879.663471484726,-11779.532446038205
2026-03-17 01:06:07,-12908.968656253232,-15704.97569049343,-11799.04141236509,-11770.180338609012
2026-03-17 01:06:37,-13036.998724181924,-16379.573118168337,-11702.493017482155,-12047.41215820144
2026-03-17 01:07:07,-12832.367949248379,-14849.020824713833,-11848.020962625844,-12133.119569714521
2026-03-17 01:07:37,-14611.911987860396,-16841.460891157403,-12664.229548903297,-11705.855980135191
2026-03-17 01:08:07,-12852.433010311408,-15820.567644928782,-11809.18715729213,-12476.152705452285
2026-03-17 01:08:37,-10728.235010171364,-12199.0138951143,-10689.480398579459,-10687.273730303763
2026-03-17 01:09:07,-12618,-11020.58620689655,-10585.51724137931,-10463.724137931034
2026-03-17 01:09:37,-9980.000689631392,-10101.272369918277,-10079.066239095202,-9887.038377986964
2026-03-17 01:10:07,-10223.716423571599,-10102.065446019102,-10149.408641081342,-10057.032516120133
2026-03-17 01:10:37,-9918.273043898063,-10095.796406772646,-10140.211731439014,-9938.066829890684
2026-03-17 01:11:07,-10557.10344827586,-10778.06896551724,-10302.344827586205,-10170.965517241377
2026-03-17 01:11:37,-10181.435763050824,-10102.165367905662,-10281.084063168058,-9942.003999724157
2026-03-17 01:12:07,-10276.404261922002,-10178.373159546221,-10315.058101444776,-10064.652943001964
2026-03-17 01:12:37,-9990.137931034482,-9898.379310344828,-10021,-9868.758620689656
2026-03-17 01:13:07,-10008.27614745336,-10087.175419842062,-10261.560743473912,-10003.413910824509
2026-03-17 01:13:37,-9993.862068965516,-9975.413793103447,-10068.862068965516,-9943.655172413793
2026-03-17 01:14:07,-10690.883387352596,-10996.75884421764,-10273.49837942211,-10252.637749120751
2026-03-17 01:14:37,-10256.456228666002,-10552.598007102715,-10182.601799813814,-10059.855876978245
2026-03-17 01:15:07,-10371.90538583546,-10332.252948072548,-10175.436176815392,-10071.167505689264
2026-03-17 01:15:37,-10164.506343077774,-10383.066740209599,-9995.794263651409,-10006.825703254277
2026-03-17 01:16:07,-10418.034482758621,-10344.51724137931,-10085.172413793103,-10093.827586206897
2026-03-17 01:16:37,-10092.14110831408,-10236.525397427497,-9940.65312596986,-9901.755232939066
2026-03-17 01:17:07,-10121.52562245672,-10878.750258638527,-10147.492930546934,-10133.664390647631
2026-03-17 01:17:37,-10380.827586206897,-10299.379310344828,-9948.758620689656,-9958.689655172413
2026-03-17 01:18:07,-10176.736326643218,-10359.507552244984,-10034.657562590526,-10047.86537002552
2026-03-17 01:18:37,-10176.827586206897,-10507.48275862069,-10098,-9980.620689655172
2026-03-17 01:19:07,-10219.034482758621,-10555.51724137931,-10603.275862068966,-10234.379310344828
2026-03-17 01:19:37,-10376.719649691413,-10216.874116470712,-10606.488983898218,-10144.91604316795
2026-03-17 01:20:07,-10599.475898213917,-10306.220260671678,-10565.409282118475,-10177.504999655197
2026-03-17 01:20:37,-10085.5832557498,-10398.0552394745,-10608.116961484086,-10279.817937312506
2026-03-17 01:21:07,-10482.173643197022,-10674.677608440797,-10632.266740224812,-10237.604303151507
2026-03-17 01:21:37,-10315.323081166816,-10548.92766016137,-10960.657885663059,-10096.57954623819
2026-03-17 01:22:07,-10228.068965517241,-10146.206896551725,-10520.51724137931,-10143.965517241379
2026-03-17 01:22:37,-10255.862068965516,-10154.758620689656,-10422.620689655172,-10042.758620689656
2026-03-17 01:23:07,-10613.819736569892,-10526.067167781533,-10812.11640576512,-10263.395627887732
2026-03-17 01:23:37,-10856.177373194027,-10207.441122719905,-10553.187821109615,-10204.165373607806
2026-03-17 01:24:07,-11088.053783830374,-10929.529391484226,-10612.652990863644,-10337.838303740733
2026-03-17 01:24:37,-10302.279074578493,-11320.759921387444,-10291.728441885323,-10405.440816467264
2026-03-17 01:25:07,-10679.05661678505,-11152.437762912903,-10384.111440590304,-10329.391076477485
2026-03-17 01:25:37,-10714.940864108134,-12720.733767801108,-10583.945381193751,-10545.050170683768
2026-03-17 01:26:07,-11384.180401351632,-11519.75725812013,-10821.908833873526,-10615.888559409696
2026-03-17 01:26:37,-11025.103448275862,-11914.344827586207,-10881.034482758621,-10363.344827586207
2026-03-17 01:27:07,-10773.283679873106,-12149.512085790144,-10780.352401641321,-10797.627668011446
2026-03-17 01:27:37,-10595.58620689655,-11440.689655172413,-10290.48275862069,-10369.896551724138
2026-03-17 01:28:07,-10410.324493948066,-11254.31911445222,-10403.15183282182,-10359.908962378011
2026-03-17 01:28:37,-10688.331839183506,-11626.715398938004,-10510.61995724433,-10244.155575477555
2026-03-17 01:29:07,-10940.243439881384,-11293.920899279336,-11730.457570428607,-10795.489810696185
2026-03-17 01:29:37,-12271.645805317057,-10842.246819075202,-12484.94879486914,-10950.898244888105
2026-03-17 01:30:07,-12024.585359125545,-11503.67228716251,-13118.237302161993,-10861.108237646977
2026-03-17 01:30:37,-11320.495138266328,-11789.22143300462,-12948.934556237502,-11096.131301289566
2026-03-17 01:31:07,-11432.413793103447,-10878.896551724138,-12742.758620689656,-10837.275862068966
2026-03-17 01:31:37,-11294.910695814082,-10769.636576787809,-12404.73070822702,-11061.064754154886
2026-03-17 01:32:07,-11921.832977036067,-11547.996689883457,-12413.488724915524,-10850.11378525619
2026-03-17 01:32:37,-13221.938687540947,-11745.473981861442,-12391.18590296217,-10857.788199593087
2026-03-17 01:33:07,-11821.827586206897,-11956.862068965516,-12750.58620689655,-11062.758620689656
2026-03-17 01:33:37,-10787.696975966346,-11248.33626426675,-12607.84110892728,-10688.803834350541
2026-03-17 01:34:07,-11410.448275862069,-13519.137931034482,-12530.068965517241,-11310.862068965516
2026-03-17 01:34:37,-14298.734439118589,-15935.859857236454,-12206.110555536396,-11924.44567054036
2026-03-17 01:35:07,-12556.896551724138,-15323.655172413793,-11785.379310344828,-11712.689655172413
2026-03-17 01:35:37,-13712.70432443617,-16866.404579626185,-12383.060900751778,-11661.355955583145
2026-03-17 01:36:07,-11863.48275862069,-15820.137931034482,-11781.241379310344,-12456.827586206897
2026-03-17 01:36:37,-12727.852684575328,-15869.961033139072,-11657.850270698988,-12268.905824338768
2026-03-17 01:37:07,-12825.598234604511,-14836.976760223433,-12103.923867319496,-11807.116750568926
2026-03-17 01:37:37,-11723.793103448275,-14705.620689655172,-11341.896551724138,-11968.48275862069
2026-03-17 01:38:07,-12474.74225026723,-15319.74759491052,-11809.765180511016,-11158.787628012826
2026-03-17 01:38:37,-13023.58620689655,-16717.896551724138,-12325.379310344828,-12331
2026-03-17 01:39:07,-12546.119099341404,-16618.59935864281,-11581.53167132168,-11553.291265818421
2026-03-17 01:39:37,-13198.51724137931,-9808.068965517241,-10415.344827586207,-10653.103448275862
2026-03-17 01:40:07,-10113.003896686092,-9973.550812096968,-10104.762233180452,-9964.550501741438
2026-03-17 01:40:37,-10124.413793103447,-10012.931034482759,-10157.689655172413,-9935.206896551725
2026-03-17 01:41:07,-10324.252560433117,-10097.417152315596,-10313.52805269147,-9999.344804993274
2026-03-17 01:41:37,-10780.413793103447,-10136.344827586207,-10164.58620689655,-10053.931034482759
2026-03-17 01:42:07,-10084.824661218578,-10086.58322126823,-10263.404710182407,-10043.619185545325
2026-03-17 01:42:37,-10106.299348343277,-10301.830845084993,-10203.806502775577,-9990.931972554565
2026-03-17 01:43:07,-10063.170235509118,-10086.824592255438,-10187.924554325711,-9952.863694355367
2026-03-17 01:43:37,-10028.793103448275,-10172.620689655172,-9984.551724137931,-9820
2026-03-17 01:44:07,-10183.062653011966,-10254.370538946934,-10128.030067928694,-9986.276335298784
2026-03-17 01:44:37,-9918.48275862069,-10196.58620689655,-9885.862068965516,-9862.48275862069
2026-03-17 01:45:07,-10020.066197765826,-10363.536063991172,-10004.033926354985,-10024.479382154184
2026-03-17 01:45:37,-10053.827586206897,-10523.310344827587,-9929.827586206897,-9950.827586206897
2026-03-17 01:46:07,-10072,-10386.241379310344,-10098.172413793103,-10004.51724137931
2026-03-17 01:46:37,-10530.32654046412,-10263.335747043204,-10059.2738181442,-10057.27388710734
2026-03-17 01:47:07,-10221.233750560325,-10407.020447570772,-10107.203199889658,-10016.999413813315
2026-03-17 01:47:37,-9972.379310344828,-10411.827586206897,-10126.51724137931,-9918.379310344828
2026-03-17 01:48:07,-10093.410572049239,-10446.501844763972,-10309.2307161822,-10017.378711078927
2026-03-17 01:48:37,-10117.237336643562,-10286.88665908072,-10055.9635874625,-9974.414675356022
2026-03-17 01:49:07,-10587.117685597048,-10579.911037550428,-10248.646598393158,-10247.681114444329
2026-03-17 01:49:37,-10234.827586206897,-10237.379310344828,-10656.551724137931,-10043.275862068966
2026-03-17 01:50:07,-10330.655172413793,-10172.620689655172,-10536.172413793103,-10129.172413793103
2026-03-17 01:50:37,-10358.931034482759,-10011.896551724138,-10506.931034482759,-10013.965517241379
2026-03-17 01:51:07,-10624.413793103447,-10412.862068965516,-10703.103448275862,-10408.172413793103
2026-03-17 01:51:37,-10239.904824304285,-10135.659850339665,-10414.841891099692,-10002.68974792234
2026-03-17 01:52:07,-10592.131577132612,-10237.84566581615,-10676.263705951314,-10237.914626577478
2026-03-17 01:52:37,-10524.343148748363,-10684.297634645887,-10689.262809461417,-10073.615612716365
2026-03-17 01:53:07,-10342.286738845598,-10120.99165574788,-10704.468657333977,-10226.122336390594
2026-03-17 01:53:37,-10486.879762766803,-10225.061204786043,-10721.492362332334,-10029.171407882488
2026-03-17 01:54:07,-10541.604882926997,-10812.476292285939,-10828.407876133659,-10325.356046760231
2026-03-17 01:54:37,-10908.206896551725,-11621.275862068966,-10317.655172413793,-10515.379310344828
2026-03-17 01:55:07,-10400.068965517241,-11488.793103448275,-10399.689655172413,-10365.241379310344
2026-03-17 01:55:37,-10266.606822262118,-11134.304654053307,-10250.414307416102,-10231.218063803342
2026-03-17 01:56:07,-10610.47293801097,-11441.822760357376,-10380.144192624788,-10400.462244299562
2026-03-17 01:56:37,-10279.965517241379,-11041.48275862069,-10282.068965517241,-10266.137931034482
2026-03-17 01:57:07,-10729.811737121578,-11392.869457278808,-10404.73070822702,-10373.21564030067
2026-03-17 01:57:37,-10257.818695907037,-11315.196027723181,-10241.370987207336,-10340.81583393676
2026-03-17 01:58:07,-11062.551724137931,-11939.620689655172,-10432.241379310344,-10501.137931034482
2026-03-17 01:58:37,-10932.351825673208,-11395.752163569286,-10407.130296865842,-10584.732613867533
2026-03-17 01:59:07,-11016.103448275862,-11324.620689655172,-10493.655172413793,-10365.413793103447
2026-03-17 01:59:37,-10760.862068965516,-10736.068965517241,-12382.862068965516,-10719.344827586207
2026-03-17 02:00:07,-11173.034482758621,-11662.51724137931,-12406.655172413793,-10968.034482758621
2026-03-17 02:00:37,-11114.551724137931,-10730.620689655172,-12596.413793103447,-10706.068965517241
2026-03-17 02:01:07,-11470.77686976311,-11962.139236578048,-12969.621737181475,-10900.968932105789
2026-03-17 02:01:37,-12409.641046860454,-11689.562428881763,-12333.126443915728,-11306.920451018932
2026-03-17 02:02:07,-11231.992000275852,-12380.090341712354,-12712.458191096857,-11022.10268611427
2026-03-17 02:02:37,-11516.447141576444,-12186.469898627682,-12521.101992966003,-10773.636300944763
2026-03-17 02:03:07,-10960.965517241379,-10910.310344827587,-12514.241379310344,-10840.551724137931
2026-03-17 02:03:37,-11814.172413793103,-11106.310344827587,-12460.103448275862,-10908.862068965516
2026-03-17 02:04:07,-10888.107306644599,-10849.212096134617,-12396.02082686804,-10836.315989103825
2026-03-17 02:04:37,-13517.724137931034,-16072.758620689656,-12198.551724137931,-12688.689655172413
2026-03-17 02:05:07,-15438.004275567202,-16411.971588166332,-12567.719467622923,-12486.035445831323
2026-03-17 02:05:37,-12441.379310344828,-16931,-11713.034482758621,-11978.103448275862
2026-03-17 02:06:07,-11833.764352953347,-14828.62659908279,-11822.66128754181,-11831.178235233268
2026-03-17 02:06:37,-11677.355953242992,-15632.978173166444,-11648.805213613325,-11972.552670597566
2026-03-17 02:07:07,-11807.724137931034,-15971.275862068966,-11826.344827586207,-11773.655172413793
2026-03-17 02:07:37,-12747.793103448275,-16705.827586206895,-12731.689655172413,-11744.448275862069
2026-03-17 02:08:07,-12508.120409641046,-15413.22713009896,-11548.636253922277,-11202.924037102168
2026-03-17 02:08:37,-14036.035725369838,-16927.342322149037,-12092.865271216247,-12384.875340528983
2026-03-17 02:09:07,-11868.935553946414,-16896.934588462464,-12783.800558601426,-11823.41988207303
2026-03-17 02:09:37,-12206.682528188681,-12421.813040929621,-11186.097031136856,-10799.317264921898
2026-03-17 02:10:07,-10278.551724137931,-9958.137931034482,-10206.448275862069,-9959.172413793103
2026-03-17 02:10:37,-9945.789364783777,-9958.238499206842,-10016.656321125594,-10163.942340851092
2026-03-17 02:11:07,-10118.995896693219,-10173.787110789284,-10260.749629323127,-9683.700562049586
2026-03-17 02:11:37,-10088.310344827587,-10003.689655172413,-10066.103448275862,-10223.310344827587
2026-03-17 02:12:07,-10247.146453325975,-10609.365840201384,-10266.043656677815,-10140.797958550293
2026-03-17 02:12:37,-9872.655172413793,-9934.172413793103,-10093.103448275862,-9883
2026-03-17 02:13:07,-9987.758620689656,-9950.344827586207,-10106.51724137931,-9973.344827586207
2026-03-17 02:13:37,-10212.165097755249,-10298.817282162683,-10329.850694803627,-10064.032274749145
2026-03-17 02:14:07,-10398.510242085664,-10172.08083316091,-10236.395613490587,-10118.249534450653
2026-03-17 02:14:37,-9889.471324619788,-9958.512949615477,-10076.49067144877,-9838.845397799772
2026-03-17 02:15:07,-10330.241699134574,-10622.452849705203,-10173.120022066683,-10088.05985587698
2026-03-17 02:15:37,-10117.393552835718,-10277.434925012929,-9914.94569901741,-9933.701086019651
2026-03-17 02:16:07,-10188.829512153075,-10668.850198241682,-10194.44923289088,-10089.398379589726
2026-03-17 02:16:37,-10187.827586206897,-10143.034482758621,-9941.862068965516,-9952.275862068966
2026-03-17 02:17:07,-10414.020206199788,-10849.453467121824,-10326.230129995518,-10091.75545670839
2026-03-17 02:17:37,-10420.108958002897,-10911.6267843597,-10171.298531135784,-10186.538859389007
2026-03-17 02:18:07,-10336.29905510725,-10489.723429202017,-10460.859369611699,-9872.78432995379
2026-03-17 02:18:37,-9937.933174718111,-10431.778214544325,-10021.550981000653,-10367.711458225578
2026-03-17 02:19:07,-10836.241379310344,-10511.620689655172,-9613.310344827587,-10135.310344827587
2026-03-17 02:19:37,-10006.965517241379,-10400.51724137931,-10531.724137931034,-9966.827586206897
2026-03-17 02:20:07,-9994.206696782647,-10485.120176557812,-10728.507879582054,-10291.147970619675
2026-03-17 02:20:37,-10412.413793103447,-10675.827586206897,-9863,-10322.275862068966
2026-03-17 02:21:07,-10344.953622288887,-10130.20240681356,-11312.678873142306,-10135.029826557706
2026-03-17 02:21:37,-10246.258878698021,-10053.30666850562,-10442.934970002068,-9724.15695469278
2026-03-17 02:22:07,-10504.810178959346,-10250.37067687321,-10850.38446950105,-10733.526430123098
2026-03-17 02:22:37,-10615.1856832523,-10275.852556808384,-10671.011344436398,-10096.962173718146
2026-03-17 02:23:07,-10689.87276300817,-10481.742008896244,-10953.380917899382,-9943.174373297472
2026-03-17 02:23:37,-10300.737880146196,-10473.656989173161,-10429.17729811737,-10606.958140817875
2026-03-17 02:24:07,-10234.785007413537,-10525.809454846383,-10587.18664873625,-10111.961656494603
2026-03-17 02:24:37,-10333.022999206923,-10378.228336953896,-10846.832867832143,-9751.73269887245
2026-03-17 02:25:07,-10647.391469259679,-11693.665735664286,-10537.18837281473,-10666.528740388261
2026-03-17 02:25:37,-11221.75097410434,-11133.685045343263,-10434.743629530016,-10446.674252611978
2026-03-17 02:26:07,-11090.793103448275,-11669.034482758621,-10713.103448275862,-10452.034482758621
2026-03-17 02:26:37,-10945.233825355223,-11400.19313008691,-10611.63608773624,-10698.027314112293
2026-03-17 02:27:07,-10402.054747293663,-11133.455147210921,-10670.895676756534,-10076.57036475212
2026-03-17 02:27:37,-11540.395158787627,-11848.7293541602,-11121.40960656529,-10794.696734595358
2026-03-17 02:28:07,-10990.620366219524,-11997.448187868546,-10885.340873823234,-10696.161936618502
2026-03-17 02:28:37,-10101.348322355941,-11166.212628021654,-10311.01072450774,-10263.836684023585
2026-03-17 02:29:07,-11037.858152604904,-11197.565769058374,-10495.879736578976,-10454.815019135953
2026-03-17 02:29:37,-10026.826661149616,-11982.724733629875,-10398.400055170512,-10464.915002930935
2026-03-17 02:30:07,-11734.147098375919,-11922.450949967244,-12553.808489362436,-10745.284645357058
2026-03-17 02:30:37,-10980.344149798268,-10904.34152901824,-12259.04341529018,-11032.759750336218
2026-03-17 02:31:07,-12752.336287458187,-12375.461222800785,-13030.13897030932,-10809.372736990928
2026-03-17 02:31:37,-10578.04903279197,-12128.374883624701,-12519.292438191786,-11159.649667252852
2026-03-17 02:32:07,-12389.214536928488,-11778.118750431006,-12662.712916350598,-11070.236535411352
2026-03-17 02:32:37,-11538.087520259318,-11659.988275457772,-12785.820200696575,-11131.59074450843
2026-03-17 02:33:07,-10719.14761559946,-11506.465294300195,-12878.900727561117,-10987.621116513223
2026-03-17 02:33:37,-11649.172413793103,-11404.103448275862,-12692.689655172413,-10803.413793103447
2026-03-17 02:34:07,-11772.310344827585,-11433.551724137931,-12966.344827586207,-10867.51724137931
2026-03-17 02:34:37,-11142.403972139853,-11295.841666091994,-12302.530859940694,-10725.98441486794
2026-03-17 02:35:07,-12869.65067760957,-15689.64447049898,-12750.1982826994,-11808.64857408876
2026-03-17 02:35:37,-11404.082899410323,-14720.886927135416,-11647.367150591399,-11622.986999551707
2026-03-17 02:36:07,-12548.081232975901,-15236.596214184741,-12039.202841085407,-11807.330276178327
2026-03-17 02:36:37,-13657.609820012414,-15621.09509688987,-11762.25777532584,-11705.951313702504
2026-03-17 02:37:07,-11804.724137931034,-14832.206896551725,-11451.48275862069,-11769.379310344828
2026-03-17 02:37:37,-15364.51434878587,-17589.507450331123,-13404.042494481235,-11786.90673289183
2026-03-17 02:38:07,-13475.919605612436,-16482.780018616195,-12788.12010893922,-12148.13665666908
2026-03-17 02:38:37,-11366.232153941652,-14895.820401406992,-11363.818194358231,-11342.816745982482
2026-03-17 02:39:07,-12447.191476155993,-15823.178511085824,-11778.283507465258,-12461.294438122823
2026-03-17 02:39:37,-11676.091304047997,-15658.954554858286,-12004.792772912213,-11658.023584580375
2026-03-17 02:40:07,-12943.657115271886,-13041.964070204474,-10351.505120513084,-10743.388159028998
2026-03-17 02:40:37,-10850.989723429202,-10789.81309055797,-9967.239119939306,-9509.069591006277
2026-03-17 02:41:07,-10644.379310344828,-10943.310344827587,-10116.034482758621,-10275.034482758621
2026-03-17 02:41:37,-10545.341700572375,-10491.79366940211,-10160.678573891457,-9831.494379697951
2026-03-17 02:42:07,-10259.655172413793,-10195.793103448275,-10327.758620689656,-10015.827586206897
2026-03-17 02:42:37,-9979.724837074584,-9829.212785766009,-10110.858246267371,-9828.936933209201
2026-03-17 02:43:07,-10161.437142266052,-10310.047582925316,-10289.428315288602,-10019.96414040411
2026-03-17 02:43:37,-9961.277197338022,-9887.107341126168,-10065.687390089995,-9841.419261404779
2026-03-17 02:44:07,-10281.275862068966,-10239.344827586207,-10290.965517241379,-10002.310344827587
2026-03-17 02:44:37,-10175.200855142924,-9829.936898727628,-9639.736560808247,-9841.281335126374
2026-03-17 02:45:07,-10012.965070169994,-10180.442053722285,-10055.342919209681,-9971.207889383124
2026-03-17 02:45:37,-10233.525293975654,-10947.929238939272,-10508.258905479497,-10217.455774337044
2026-03-17 02:46:07,-10222.923347470776,-10250.577566290816,-10156.339436571152,-10048.963828833488
2026-03-17 02:46:37,-9728.137931034482,-10579.310344827587,-9981.551724137931,-9964.965517241379
2026-03-17 02:47:07,-10349.527618784912,-10237.43190124819,-10129.611750913731,-10033.13564581753
2026-03-17 02:47:37,-10564.80811006517,-10518.706251508569,-10078.100755146375,-10009.068652805077
2026-03-17 02:48:07,-10171.574374181091,-10310.323425970622,-10046.031308185642,-10035.96303703193
2026-03-17 02:48:37,-9919.867595338254,-10103.130818564237,-9923.453554927246,-9598.269084890697
2026-03-17 02:49:07,-10877.650953481152,-10934.756370909341,-10117.728197524051,-10823.442187661642
2026-03-17 02:49:37,-9904.520533774696,-10117.547670769973,-10184.890176200819,-9858.6255646357
2026-03-17 02:50:07,-9801.862068965516,-10196.58620689655,-10414.931034482759,-10098.689655172413
2026-03-17 02:50:37,-10924.281084063168,-10363.147369146956,-10859.113164609338,-10351.906765050686
2026-03-17 02:51:07,-10670.804455018793,-10152.546463915038,-10560.704803282646,-10143.788145236373
2026-03-17 02:51:37,-10158.931034482759,-10368.620689655172,-10575.620689655172,-10161.448275862069
2026-03-17 02:52:07,-10148.713881801255,-10529.342803944555,-10676.505068615957,-10402.420522722572
2026-03-17 02:52:37,-10970.138960725491,-10121.650977552497,-10760.59446225992,-10119.202786110822
2026-03-17 02:53:07,-9865.349470707906,-10330.609289334849,-10562.049584497085,-10151.546498396607
2026-03-17 02:53:37,-10521.48275862069,-10866.137931034482,-10692.655172413793,-10201.620689655172
2026-03-17 02:54:07,-10678.4027035415,-10137.590951412116,-10134.452912169383,-10128.34925342253
2026-03-17 02:54:37,-10468.154074278422,-10035.518466154004,-11088.278906169176,-10100.520707610605
2026-03-17 02:55:07,-10437.827586206897,-11930.758620689656,-10831.379310344828,-10584.655172413793
2026-03-17 02:55:37,-11190.655172413793,-11059.931034482759,-10553.58620689655,-10335.48275862069
2026-03-17 02:56:07,-11170.212030023175,-11682.266265435303,-10596.762477949569,-10590.398118363253
2026-03-17 02:56:37,-10561.56684252267,-12110.23757801455,-11006.172200958586,-10404.158477293886
2026-03-17 02:57:07,-10891.862068965516,-11769.034482758621,-10377.931034482759,-10060.137931034482
2026-03-17 02:57:37,-9836.976760223433,-11157.851182677057,-10277.704985863043,-10700.986138886974
2026-03-17 02:58:07,-11188.331839183506,-11607.647748431144,-9847.1829528998,-10431.17716019585
2026-03-17 02:58:37,-10303.48275862069,-11028.172413793103,-11094.137931034482,-10284.241379310344
2026-03-17 02:59:07,-10487.242259154542,-13070.82270188263,-10674.953451486104,-10583.511481966761
2026-03-17 02:59:37,-10618.448275862069,-11485,-10404.827586206897,-10383.48275862069
2026-03-17 03:00:07,-10836.315989103823,-12050.41205475673,-11762.801282714388,-10619.564842591633
2026-03-17 03:00:37,-11087.865098796508,-10724.990516914375,-11957.619228249248,-10707.403703575985
2026-03-17 03:01:07,-11362.724137931034,-13045.48275862069,-13692.827586206897,-10229.758620689656
2026-03-17 03:01:37,-11206.731266595398,-11449.601710403806,-13197.558536501258,-11555.570881754542
2026-03-17 03:02:07,-12607.041864956203,-11680.253810607628,-10902.027726050072,-10906.993585764536
2026-03-17 03:02:37,-11547.827586206897,-10383.793103448275,-13368.758620689656,-10002.931034482759
2026-03-17 03:03:07,-11152.901824200833,-10909.583089072035,-12485.39604813959,-11221.352460429669
2026-03-17 03:03:37,-10947.30852788027,-11281.078657884753,-12302.424221524878,-10944.549812062483
2026-03-17 03:04:07,-11818.987516380439,-12773.846472170495,-12668.321953238154,-11131.905648665424
2026-03-17 03:04:37,-11286.275862068966,-11250.068965517241,-12261.58620689655,-10712
2026-03-17 03:05:07,-12403.910479671711,-14392.910100348287,-14067.140246215386,-12394.15152246629
2026-03-17 03:05:37,-12064.864305665711,-17042.001448325802,-12026.17331632125,-11774.061174523258
2026-03-17 03:06:07,-13106.203234371227,-15524.499155201544,-12134.9263818489,-11915.140857211818
2026-03-17 03:06:37,-11722.871625116377,-13308.368676942175,-11373.228509361747,-10722.078549015552
2026-03-17 03:07:07,-12767.931034482759,-15475.310344827585,-12446.793103448275,-11797.172413793103
2026-03-17 03:07:37,-14029.483775302595,-16347.184385668468,-12033.277009552052,-11714.645332597674
2026-03-17 03:08:07,-12480.448275862069,-15038.310344827585,-12808.379310344828,-11809.448275862069
2026-03-17 03:08:37,-14414.925167252917,-18292.15807986758,-12087.695703151943,-12161.045589350992
2026-03-17 03:09:07,-13200.627607848544,-15000.413807372666,-12513.845305010516,-11551.467291975583
2026-03-17 03:09:37,-14345.953587807315,-15754.284335022929,-12066.963208165234,-12697.803524016412
2026-03-17 03:10:07,-11894.509966204565,-16974.17063245741,-11984.102351886337,-12221.015242430512
2026-03-17 03:10:37,-10381.58620689655,-10340.275862068966,-10003.413793103447,-9945
2026-03-17 03:11:07,-10406.048484430496,-10202.351805234663,-9686.023655988136,-9688.60995206731
2026-03-17 03:11:37,-9842.134308281311,-9945.124685268858,-10167.109302245372,-10156.1066464319
2026-03-17 03:12:07,-10118.202820592394,-10188.338333160926,-10048.894865694287,-10001.965449467261
2026-03-17 03:12:37,-10035.099817260285,-10106.54070268593,-9913.146915836294,-9986.966865496674
2026-03-17 03:13:07,-10553.758620689656,-10507.620689655172,-10107.068965517241,-9793.827586206897
2026-03-17 03:13:37,-9767.941511190813,-10131.841224954305,-9937.855640238646,-10216.05683346553
2026-03-17 03:14:07,-10591.62845222908,-10259.214564010621,-10150.984380926113,-9764.679515912148
2026-03-17 03:14:37,-9835.729802420607,-10044.584669494156,-9840.246888038344,-10163.097824212959
2026-03-17 03:15:07,-10169.758620689656,-10531.034482758621,-10081.58620689655,-10125.896551724138
2026-03-17 03:15:37,-9927.339816539072,-10204.358921304918,-10176.150079315814,-9592.592592592593
2026-03-17 03:16:07,-10367.106942097458,-10142.842363003068,-9985.067420767666,-10395.38572955823
2026-03-17 03:16:37,-9749.724366041895,-10044.377067254685,-10584.619625137815,-10029.561742006614
2026-03-17 03:17:07,-10091.328921974084,-10378.722084367246,-10489.798731734216,-10106.04494072236
2026-03-17 03:17:37,-10734.889494190258,-10312.243561010931,-9925.938695996967,-10073.99234561942
2026-03-17 03:18:07,-10002.96541498569,-9973.518154546397,-10664.459846212201,-9967.932140271027
2026-03-17 03:18:37,-9586.827586206897,-9904.51724137931,-10141.620689655172,-9927.551724137931
2026-03-17 03:19:07,-10366.219524811198,-10154.694989482394,-10250.422428359598,-10048.656850236213
2026-03-17 03:19:37,-10315.724137931034,-10258.068965517241,-10341.965517241379,-9764.241379310344
2026-03-17 03:20:07,-10371.48275862069,-10221.137931034482,-10477.48275862069,-10422.724137931034
2026-03-17 03:20:37,-10243.111831442462,-10357.66750577606,-10318.700644849821,-10076.244008414082
2026-03-17 03:21:07,-11100.651701665458,-11614.116754594668,-9988.000413778835,-10453.811937519395
2026-03-17 03:21:37,-10534.360884107444,-11161.994413985723,-10135.547050101719,-10178.99382779904
2026-03-17 03:22:07,-9984.137384047724,-10645.64295320528,-10525.362943549777,-10166.557467498878
2026-03-17 03:22:37,-10422.694986552651,-10623.577684297636,-9780.911661264741,-10169.367629818633
2026-03-17 03:23:07,-9818.793103448275,-10610.172413793103,-10500.896551724138,-10069.413793103447
2026-03-17 03:23:37,-10381.116590227248,-10625.67674747405,-10201.834546018827,-10061.105555363976
2026-03-17 03:24:07,-9996.379310344828,-11370.896551724138,-10234.206896551725,-10466.344827586207
2026-03-17 03:24:37,-10933.098834402372,-11230.08483343679,-10299.26201807021,-9942.306365956272
2026-03-17 03:25:07,-10127.965517241379,-10675.58620689655,-10086,-10498.551724137931
2026-03-17 03:25:37,-10575.335379522017,-10584.439769631339,-10803.496913473806,-10464.841190467978
2026-03-17 03:26:07,-11026.379310344828,-10648.827586206897,-10814.448275862069,-10430.344827586207
2026-03-17 03:26:37,-10305.848679219256,-10616.45630733154,-11446.582522932616,-9923.098144699634
2026-03-17 03:27:07,-10524.206896551725,-11006.241379310344,-11314.758620689656,-10733.58620689655
2026-03-17 03:27:37,-11035.58620689655,-10765.827586206897,-12000.034482758621,-10400.172413793103
2026-03-17 03:28:07,-10495.034482758621,-10648.793103448275,-11168.965517241379,-10074.310344827587
2026-03-17 03:28:37,-10307.503965790744,-10711.22146354921,-11131.629767570177,-10769.15649355128
2026-03-17 03:29:07,-11371.655172413793,-10545.103448275862,-11356.551724137931,-10530.689655172413
2026-03-17 03:29:37,-10680.10483843156,-10631.203227920127,-11493.395868538122,-10368.520881470495
2026-03-17 03:30:07,-10272.99682802372,-10283.960832988552,-11059.543511239828,-10256.481864570404
2026-03-17 03:30:37,-10912.10344827586,-11472.13793103448,-10703.344827586205,-10608.965517241377
2026-03-17 03:31:07,-11439.946205041551,-12662.781475223283,-11207.662333183902,-10763.060795199834
2026-03-17 03:31:37,-11199.937928894098,-12880.444153246663,-10955.13638401324,-10789.027207834752
2026-03-17 03:32:07,-10813.896551724138,-13251.620689655172,-10785.896551724138,-10921.48275862069
2026-03-17 03:32:37,-11140.009655838336,-12744.085799020624,-10858.85233464377,-10833.160907648806
2026-03-17 03:33:07,-11138.852492931523,-12409.523481139233,-10768.395283083926,-10671.195089993795
2026-03-17 03:33:37,-11258.724137931034,-12442.931034482759,-10430.206896551725,-11109.931034482759
2026-03-17 03:34:07,-11160.649632771283,-13404.468811420295,-11566.49770697562,-10789.903796420811
2026-03-17 03:34:37,-11734.767766628736,-13371.642357160097,-10837.626288748663,-10827.557670425156
2026-03-17 03:35:07,-11322.172413793103,-12858.51724137931,-10809.896551724138,-11117.379310344828
2026-03-17 03:35:37,-12618.392469225199,-13202.130961001343,-13595.565670149304,-12097.824212958172
2026-03-17 03:36:07,-11736.56080824799,-12985.759111754765,-14993.655391193406,-12045.032929898967
2026-03-17 03:36:37,-16943.312299575875,-12356.780800662045,-16359.815178786936,-12361.53925726699
2026-03-17 03:37:07,-11689.520854877628,-11690.451568424682,-14501.378834884523,-11695.001723543606
2026-03-17 03:37:37,-12392.903937659472,-12772.463968002206,-15157.092614302463,-12453.968691814358
2026-03-17 03:38:07,-15405.013965998825,-12790.544501534534,-15696.334356357114,-11831.787303010447
2026-03-17 03:38:37,-14850.286187159507,-12738.018067719468,-15279.601406799531,-13168.609061444038
2026-03-17 03:39:07,-12473.499086175383,-12100.244836028827,-12946.13607365771,-10757.301975930202
2026-03-17 03:39:37,-11724.501758499415,-13749.431073719054,-15066.37473277705,-12197.055375491345
2026-03-17 03:40:07,-12175.868133383909,-11719.059277906134,-14357.219214455668,-11696.782647677504
2026-03-17 03:40:37,-12605.58620689655,-15806.172413793103,-15586.48275862069,-13032.344827586207
2026-03-17 03:41:07,-10424.581005586591,-10078.453686461135,-10025.898337816401,-10411.545623836126
2026-03-17 03:41:37,-9693.538376663679,-10287.842217778085,-10214.916212674989,-10003.482518447005
2026-03-17 03:42:07,-10412.675424985344,-9923.38195234647,-9968.621771663045,-9824.04055032585
2026-03-17 03:42:37,-10109.072726645745,-10007.931307976136,-10192.420428290628,-9964.343598055104
2026-03-17 03:43:07,-10023.793103448275,-10130.724137931034,-10067.068965517241,-10009.724137931034
2026-03-17 03:43:37,-9526,-9933.206896551725,-10149.344827586207,-9921.310344827587
2026-03-17 03:44:07,-10134.521880064829,-10006.034690851408,-10141.729025138797,-9894.13428049243
2026-03-17 03:44:37,-10093.965517241379,-10184.48275862069,-10135.172413793103,-10002.931034482759
2026-03-17 03:45:07,-10525.742266974721,-10306.803682885615,-10325.493982551121,-9993.861857305423
2026-03-17 03:45:37,-10543.551724137931,-10125.655172413793,-10372.862068965516,-10199.068965517241
2026-03-17 03:46:07,-10068.965517241379,-10852.758620689656,-9663.275862068966,-9986.379310344828
2026-03-17 03:46:37,-9758.310344827587,-10314.58620689655,-10343.448275862069,-10053.413793103447
2026-03-17 03:47:07,-10379.21997310252,-10095.796406772646,-9935.6184696024,-9591.054863960824
2026-03-17 03:47:37,-10044.895003620564,-10336.57460087583,-9552.532671287196,-10352.298196613909
2026-03-17 03:48:07,-10020.27656126073,-10274.940515190177,-10587.330597606813,-10144.039449636193
2026-03-17 03:48:37,-10168.890727905933,-10673.700906865279,-9991.310644460535,-9552.36026343919
2026-03-17 03:49:07,-10094.699451667413,-10206.57309376832,-9613.92557850812,-10361.209780322102
2026-03-17 03:49:37,-10118.103448275862,-10694.689655172413,-10609.965517241379,-10211.827586206897
2026-03-17 03:50:07,-10277.235576094079,-10754.90567989792,-10052.695106390316,-10044.073524847397
2026-03-17 03:50:37,-10386.925490466505,-10667.655070165156,-9685.687687480606,-10158.225011205739
2026-03-17 03:51:07,-10457.137931034482,-10066.862068965516,-10723.58620689655,-9975.137931034482
2026-03-17 03:51:37,-9928.283281039894,-10609.454194393686,-10772.540771644313,-10177.533358618075
2026-03-17 03:52:07,-10195.765371219695,-10409.531363150452,-10514.672919755852,-10187.55819166178
2026-03-17 03:52:37,-10059.825523257818,-10547.877659391053,-10624.04744663977,-10279.6455294645
2026-03-17 03:53:07,-11116.961484086754,-10598.944863970206,-10482.707492845073,-10214.337436640115
2026-03-17 03:53:37,-10175.51724137931,-10346.413793103447,-10560.689655172413,-10286.310344827587
2026-03-17 03:54:07,-10235.188633698875,-10632.388440582108,-10695.082419477205,-10115.663149182701
2026-03-17 03:54:37,-9766.604593420238,-10584.488585419685,-10589.040623491277,-10177.805365887305
2026-03-17 03:55:07,-10717.975242233026,-10076.859418640735,-10992.207165270162,-10096.37598703493
2026-03-17 03:55:37,-9703.793103448275,-10554.379310344828,-10622.51724137931,-10127.827586206897
2026-03-17 03:56:07,-11007.413537464225,-10856.384262611633,-10559.877245612219,-10272.611289265886
2026-03-17 03:56:37,-10746.870797558704,-11174.131926485292,-10077.68697631116,-10374.918106272196
2026-03-17 03:57:07,-9974.462784179383,-11607.287449392712,-10877.781238105124,-10439.080937056646
2026-03-17 03:57:37,-10728.275862068966,-11276.172413793103,-10350.758620689656,-10360.068965517241
2026-03-17 03:58:07,-10185.006379530327,-11213.869443773921,-10278.457877857856,-10233.421842132486
2026-03-17 03:58:37,-10782.475257767508,-11566.398841339354,-9907.514052208695,-10444.084278768232
2026-03-17 03:59:07,-12004.58604875694,-12874.900865487398,-11021.930278266267,-10739.733112651289
2026-03-17 03:59:37,-11782.950548313676,-12000.034485136906,-11350.817297744672,-10495.103110559348
2026-03-17 04:00:07,-10423.995862782278,-11623.478710567142,-10405.688674366487,-10497.81072228926
2026-03-17 04:00:37,-10280.408318101872,-11605.062592682001,-10528.123598993,-10390.902507155912
2026-03-17 04:01:07,-10937.82973000931,-11284.059170373437,-11495.982897141479,-10654.598117306301
2026-03-17 04:01:37,-11697.865296409973,-10893.989033348276,-12070.559023347243,-10989.792047453184
2026-03-17 04:02:07,-10438.842718714437,-11146.108486499534,-12916.376426773335,-10708.886513328045
2026-03-17 04:02:37,-10744.275862068966,-10847.103448275862,-12494.689655172413,-10806.827586206897
2026-03-17 04:03:07,-11976.447463705643,-11784.406358839959,-12328.080278630296,-10762.12972861133
2026-03-17 04:03:37,-10415.84772938864,-10878.245577738697,-12536.291852005103,-10827.35078100755
2026-03-17 04:04:07,-11391.806614021172,-10725.438808234765,-12295.872271457634,-10762.681471774888
2026-03-17 04:04:37,-11278.64556394607,-11344.229509327262,-12381.6075307748,-10697.320782041998
2026-03-17 04:05:07,-11327.447058012003,-10759.053597295993,-12422.535697040768,-11189.38401048493
2026-03-17 04:05:37,-12623.78013034932,-11473.602538018551,-11852.719059277904,-11610.986585744335
2026-03-17 04:06:07,-11072.453272639492,-13953.583005724533,-13356.196979102007,-11088.178495068625
2026-03-17 04:06:37,-15552.279467549486,-16305.952134629973,-12347.47223946479,-12155.665907993654
2026-03-17 04:07:07,-11333.942612774175,-15226.307076838186,-11850.117257552767,-11319.2164436474
2026-03-17 04:07:37,-13686.010827212856,-17313.368504534326,-12468.121788903833,-12130.23688838316
2026-03-17 04:08:07,-13315.631573502533,-16831.4079795855,-12111.21073140453,-12716.645401565569
2026-03-17 04:08:37,-13754.16393668747,-15747.922342149726,-12478.809614124622,-10423.773233559776
2026-03-17 04:09:07,-11944.032552846647,-14659.022724921548,-11338.804786371942,-13587.158177868201
2026-03-17 04:09:37,-12522.965517241379,-15951.827586206897,-13293.931034482759,-11884.51724137931
2026-03-17 04:10:07,-12860.413793103447,-15502.551724137931,-11816.206896551725,-11414.103448275862
2026-03-17 04:10:37,-13723.758620689656,-17163.793103448275,-11861.931034482759,-12776.793103448275
2026-03-17 04:11:07,-14150.620689655172,-14741.448275862069,-12002.344827586207,-12033.51724137931
2026-03-17 04:11:37,-10563.640125521568,-9809.614124624986,-10709.300320700713,-10051.86385737439
2026-03-17 04:12:07,-9801.85523638746,-10569.640332425255,-10138.24614641884,-9936.894375668126
2026-03-17 04:12:37,-10616.193661850408,-9867.236801269008,-10289.699644815337,-10158.074416359183
2026-03-17 04:13:07,-9883.444256698505,-10290.561743508395,-10090.382426980239,-9857.06403669092
2026-03-17 04:13:37,-10147.69474809476,-10000.344839477222,-10171.385220180005,-9503.155281216592
2026-03-17 04:14:07,-9763.379310344828,-9529.655172413793,-10194.275862068966,-10392.48275862069
2026-03-17 04:14:37,-10532.068965517241,-10469.48275862069,-10194,-10031.827586206897
2026-03-17 04:15:07,-9676.322505000344,-10028.760604179599,-10104.972756741843,-9843.747844678943
2026-03-17 04:15:37,-10418.660782015033,-10171.436452658438,-10209.46831253017,-9949.555203089443
2026-03-17 04:16:07,-9617.31843575419,-10091.799434443754,-9686.909442030485,-9884.509276501827
2026-03-17 04:16:37,-10569.753810082064,-10524.343148748363,-10032.82532239156,-10029.515205847872
2026-03-17 04:17:07,-10345.295028384655,-10508.584207810081,-10571.615344916567,-10044.348873215207
2026-03-17 04:17:37,-9849.398213608303,-10506.845535745077,-10103.49346484119,-10020.657309376831
2026-03-17 04:18:07,-10606.25495672563,-10457.501465466708,-9614.875349125892,-9899.106927347333
2026-03-17 04:18:37,-10466.016069519637,-9819.71792130763,-10469.91275561226,-10089.347908548569
2026-03-17 04:19:07,-9870.922132560869,-10758.362645699704,-10109.628250224156,-9937.581902200154
2026-03-17 04:19:37,-10728.344827586207,-10336.413793103447,-9734.724137931034,-10027.862068965516
2026-03-17 04:20:07,-10213.620689655172,-10590.241379310344,-10739.137931034482,-10027.310344827587
2026-03-17 04:20:37,-9611.978897279403,-10474.225026723216,-10078.238681424777,-10024.343988138338
2026-03-17 04:21:07,-10241.077278526844,-10297.527500948307,-9991.241077278526,-10009.03479430325
2026-03-17 04:21:37,-10314.230543774353,-10347.263887452158,-10472.845763939175,-10118.616599427607
2026-03-17 04:22:07,-10382.931034482759,-10225.413793103447,-10602.413793103447,-10118.655172413793
2026-03-17 04:22:37,-10077.657850270698,-10337.839235835718,-10670.43691161764,-10157.246801613848
2026-03-17 04:23:07,-10793.675425891443,-10214.704462376718,-10629.112352576041,-10223.946479067523
2026-03-17 04:23:37,-9735.29411764706,-10565.443762499139,-10603.199779325565,-10226.225777532585
2026-03-17 04:24:07,-10754.560187579737,-10230.026550808592,-10678.390400331022,-9606.703217130442
2026-03-17 04:24:37,-10384.331574773283,-9974.552601634425,-10662.735767732145,-10772.800937898692
2026-03-17 04:25:07,-10290.699679299285,-10643.229076864718,-10456.395048105105,-9613.986689196177
2026-03-17 04:25:37,-10204.172413793103,-10330.655172413793,-9961.758620689656,-10628.758620689656
2026-03-17 04:26:07,-9939.862068965516,-10698.310344827587,-11547.862068965516,-10421.068965517241
2026-03-17 04:26:37,-10340.48275862069,-10761,-10484.48275862069,-10244.724137931034
2026-03-17 04:27:07,-11182.087802186432,-11404.524605993724,-9984.032830982514,-10254.336655516088
2026-03-17 04:27:37,-10457.94972587152,-11389.124512947828,-10801.213751249956,-10434.709147960413
2026-03-17 04:28:07,-10415.51724137931,-11166.137931034482,-10444.206896551725,-10256.58620689655
2026-03-17 04:28:37,-12266.836787475428,-11527.707851994895,-10028.276837132313,-10533.604607055415
2026-03-17 04:29:07,-10619.676540570363,-11195.282595951583,-11010.276216421255,-10247.249905169143
2026-03-17 04:29:37,-9928.032001103486,-12778.750991413495,-10822.338701334527,-10655.22949067209
2026-03-17 04:30:07,-11390.889026829436,-10812.642251189736,-10100.627629491688,-10287.192220153114
2026-03-17 04:30:37,-11154.201579255887,-11678.355918761421,-10443.191614082272,-10013.620219992414
2026-03-17 04:31:07,-10325.251758863293,-11416.436749896538,-10512.89833080425,-10375.500068975032
2026-03-17 04:31:37,-11012.414221180039,-11914.617745439497,-11885.4443256664,-11278.595813648744
2026-03-17 04:32:07,-11796.572177391547,-12303.84854127871,-12679.702048417135,-10783.398855093457
2026-03-17 04:32:37,-10715.852270767957,-12111.624538777198,-12478.499258595122,-11740.43932549398
2026-03-17 04:33:07,-12026.853735047744,-11613.326898548727,-12576.097073322073,-10009.790065152194
2026-03-17 04:33:37,-9924.413793103447,-10388.275862068966,-11197.068965517241,-11221
2026-03-17 04:34:07,-11095.348115452256,-11805.303631159693,-12422.77319907583,-10751.887996137797
2026-03-17 04:34:37,-12373.564605676056,-12229.318252353527,-13490.327252663883,-10612.124556019171
2026-03-17 04:35:07,-10969.5151389751,-11651.941513207807,-12467.273605076212,-11577.246706669424
2026-03-17 04:35:37,-11781.58620689655,-10866.206896551725,-12368.206896551725,-10826.758620689656
2026-03-17 04:36:07,-10795.047763561748,-11314.37734938097,-12776.735524364589,-10901.748456736903
2026-03-17 04:36:37,-11370.918244198474,-13471.914761559945,-13333.022999206922,-11839.350367228715
2026-03-17 04:37:07,-10855.48275862069,-14707,-11691.48275862069,-11642.827586206897
2026-03-17 04:37:37,-13159.968343541395,-14893.985272864911,-11775.170325510977,-11974.67483311541
2026-03-17 04:38:07,-12151.448275862069,-13763.448275862069,-11290.034482758621,-10931.896551724138
2026-03-17 04:38:37,-12825.413793103447,-17700.206896551725,-11413.172413793103,-12215.551724137931
2026-03-17 04:39:07,-13436.797462243983,-15991.104061788843,-12710.950968898696,-11742.603958347701
2026-03-17 04:39:37,-14320.01103486327,-16050.656919204108,-12188.489258250283,-12529.880340701402
2026-03-17 04:40:07,-14127.280251043137,-16388.978930307938,-11353.012172833545,-12347.529225145692
2026-03-17 04:40:37,-12354.827586206897,-16983.96551724138,-12493.655172413793,-11827.896551724138
2026-03-17 04:41:07,-12841.137931034482,-17662.758620689656,-11702.034482758621,-12024.827586206897
2026-03-17 04:41:37,-13498.413793103447,-15865.344827586207,-11840.793103448275,-11999.758620689656
2026-03-17 04:42:07,-11481.154522569743,-10621.676609538259,-10908.479602744921,-10410.221042104899
2026-03-17 04:42:37,-9863.423212192263,-10041.997103648024,-9917.00572374319,-10030.618578029102
2026-03-17 04:43:07,-10265.413793103447,-9916.931034482759,-10159.862068965516,-9894.896551724138
2026-03-17 04:43:37,-10393.241379310344,-10223.758620689656,-10290.310344827587,-9598.034482758621
2026-03-17 04:44:07,-9987.931034482759,-9827.103448275862,-9936.58620689655,-10302.965517241379
2026-03-17 04:44:37,-9569.463121961311,-10081.066170132062,-10498.948312127166,-9997.172511292712
2026-03-17 04:45:07,-10741.438178996379,-10265.942403862735,-9471.839972409036,-10000
2026-03-17 04:45:37,-10072.933549432737,-10066.105727783715,-10390.392772164556,-9962.033173557707
2026-03-17 04:46:07,-9884.693631254093,-10273.128512809903,-10535.533257473879,-9977.65594289852
2026-03-17 04:46:37,-10594.641194523947,-10147.522328356148,-9495.6032966654,-10078.209593434254
2026-03-17 04:47:07,-9761.008241095136,-10221.302713699528,-10719.113134029862,-9932.20923416434
2026-03-17 04:47:37,-9963.035757387677,-10379.57311816834,-10058.066963208166,-10057.23940553774
2026-03-17 04:48:07,-10910.416882176476,-10406.813558153166,-10060.825488776249,-10071.032033378158
2026-03-17 04:48:37,-9886.827586206897,-10474.655172413793,-10122.172413793103,-10132
2026-03-17 04:49:07,-10355.344827586207,-10565,-10128.51724137931,-9977.448275862069
2026-03-17 04:49:37,-10424.827586206897,-10448.58620689655,-10058.58620689655,-10021.51724137931
2026-03-17 04:50:07,-10336.022895762213,-11131.236853901588,-10282.197165614978,-9843.005413606426
2026-03-17 04:50:37,-9777.4636231984,-10448.141507482243,-10130.50824081098,-10533.514930004827
2026-03-17 04:51:07,-10351.401675804282,-10513.982276473223,-10091.996827695595,-9993.034722940587
2026-03-17 04:51:37,-10370.012759060655,-10236.421945584329,-10070.002413876338,-9529.949308596846
2026-03-17 04:52:07,-10846.551724137931,-9987.58620689655,-10502.655172413793,-10591.931034482759
2026-03-17 04:52:37,-10797.172413793103,-10929.51724137931,-10843.896551724138,-10247.58620689655
2026-03-17 04:53:07,-9994.62106061651,-10295.324460382042,-10462.79566926419,-10120.267567753948
2026-03-17 04:53:37,-10789.682402841476,-10346.908514086692,-10700.162074554293,-9713.059071002446
2026-03-17 04:54:07,-10050.893041859183,-10027.136059582099,-10110.613061168197,-10463.381835735467
2026-03-17 04:54:37,-10502.568876935276,-10791.110651356848,-10858.970380331712,-10373.297472500946
2026-03-17 04:55:07,-10341.344827586207,-11203.48275862069,-11241.103448275862,-10455.448275862069
2026-03-17 04:55:37,-10760.748888046066,-10441.333655139124,-10373.37516808606,-10157.845740095854
2026-03-17 04:56:07,-10086.24435325356,-10233.214938446152,-11062.20904169109,-9725.231904548431
2026-03-17 04:56:37,-10404.793103448275,-10366.51724137931,-10348.51724137931,-10525.931034482759
2026-03-17 04:57:07,-10509.050787849534,-11715.270834051651,-11085.715270834053,-10449.05699410406
2026-03-17 04:57:37,-10818.338563398736,-11137.142660091726,-10367.460946929203,-10329.356184696022
2026-03-17 04:58:07,-10917.990968320177,-11163.569926574512,-10302.664690268537,-9913.85432107277
2026-03-17 04:58:37,-10779.842769464176,-11623.784566581615,-10644.610716502311,-10265.29204882422
2026-03-17 04:59:07,-9946.13978828316,-11361.849591393398,-10400.606875624977,-10710.87203889521
2026-03-17 04:59:37,-11625.978414537429,-11627.01286162546,-10548.429364504671,-10474.535360849624
2026-03-17 05:00:07,-10852.320529618648,-12256.361630232399,-10597.924281084064,-10659.057996000276
2026-03-17 05:00:37,-10985.138443501946,-11767.318368332126,-10054.549843108856,-10371.021688907278
2026-03-17 05:01:07,-10660.551724137931,-12286.344827586207,-11211.758620689656,-10628.137931034482
2026-03-17 05:01:37,-11121.823385400505,-11255.508430743768,-10193.682976449089,-10425.847384572946
2026-03-17 05:02:07,-11723.16286768509,-11529.466533328734,-12280.526914721195,-10214.593606676091
2026-03-17 05:02:37,-11469.413793103447,-11527.896551724138,-12190.862068965516,-11951.862068965516
2026-03-17 05:03:07,-10484.793103448275,-11904.344827586207,-13142.034482758621,-10777.827586206897
2026-03-17 05:03:37,-11097.417152315595,-12138.487534052896,-12825.890547949928,-11280.975206041587
2026-03-17 05:04:07,-11661.551724137931,-10936.551724137931,-12446.51724137931,-10922.793103448275
2026-03-17 05:04:37,-11279.147556812302,-11810.027931997653,-12572.295596399874,-11338.390978999274
2026-03-17 05:05:07,-11312.241379310344,-12222.862068965516,-12724.103448275862,-11044.137931034482
2026-03-17 05:05:37,-11451.899868974553,-11630.71512309496,-12380.491000620646,-10964.174884490725
2026-03-17 05:06:07,-11394.620689655172,-11371.034482758621,-13096.58620689655,-10953.275862068966
2026-03-17 05:06:37,-11778.662804730873,-10855.315333954002,-12581.186855625669,-10857.660080686874
2026-03-17 05:07:07,-11131.206896551725,-14264.344827586207,-12683.448275862069,-11213.620689655172
2026-03-17 05:07:37,-14876.448275862069,-16074.344827586207,-12077.724137931034,-12016.137931034482
2026-03-17 05:08:07,-12985.449279360044,-14992.483277015379,-12257.29260051031,-11762.637059513138
2026-03-17 05:08:37,-11731.103448275862,-15887.862068965516,-11811.137931034482,-12424.862068965516
2026-03-17 05:09:07,-12225.283630470014,-15719.61102106969,-12034.759819304112,-11641.711783164936
2026-03-17 05:09:37,-12867.098865478118,-15673.437015069483,-11828.373392185937,-11801.027621642124
2026-03-17 05:10:07,-12330.011723329426,-14705.158264947246,-11718.536652644645,-11676.33266671264
2026-03-17 05:10:37,-15176.37322850936,-15235.405675666354,-12178.99382779904,-12472.914727078376
2026-03-17 05:11:07,-11340.402055101547,-14876.65942553705,-11729.147270783764,-11655.736009103133
2026-03-17 05:11:37,-14286.034482758621,-17834.96551724138,-12510.379310344828,-12521.793103448275
2026-03-17 05:12:07,-10825.074997413882,-13241.233060928931,-10775.766352884382,-10997.586290127925
2026-03-17 05:12:37,-12644.793103448275,-12004.034482758621,-11620.896551724138,-10267
2026-03-17 05:13:07,-11336.988379711043,-11528.67142512327,-10063.308161787523,-10375.056032550601
2026-03-17 05:13:37,-10643.620689655172,-10220.310344827587,-10262.275862068966,-10148.344827586207
2026-03-17 05:14:07,-9659.069751405028,-10163.327931593285,-10158.5008447402,-9922.973485501501
2026-03-17 05:14:37,-10169.33314943797,-10183.056340942005,-10289.497276049928,-10144.679677263637
2026-03-17 05:15:07,-10442.241379310344,-9986.655172413793,-10116,-9884.689655172413
2026-03-17 05:15:37,-9618.655172413793,-9976.137931034482,-10091.103448275862,-10011.862068965516
2026-03-17 05:16:07,-10694.620689655172,-10347.448275862069,-10175.206896551725,-10085.758620689656
2026-03-17 05:16:37,-10861.887026691498,-10534.416166632183,-10676.494930684878,-10220.291054555488
2026-03-17 05:17:07,-9852.881332551642,-9819.912404731524,-9944.097665275718,-9808.359485464012
2026-03-17 05:17:37,-10278.643129110418,-10532.364139840774,-9903.288335064035,-10112.426445136723
2026-03-17 05:18:07,-9978.068965517241,-10494.379310344828,-10255.137931034482,-9998.448275862069
2026-03-17 05:18:37,-10208.38649608607,-10307.251974206005,-10451.567295423978,-10088.03751853512
2026-03-17 05:19:07,-9754.793103448275,-10612.689655172413,-10082.379310344828,-9974.862068965516
2026-03-17 05:19:37,-10144.734119594454,-10552.382922960203,-10227.153596799779,-10091.24767225326
2026-03-17 05:20:07,-10728.551724137931,-10682.48275862069,-10075,-10100.068965517241
2026-03-17 05:20:37,-9837.965517241379,-10361.034482758621,-10155.068965517241,-10076.103448275862
2026-03-17 05:21:07,-10686.045308782455,-10537.395262232336,-9609.28933485052,-9642.77093893314
2026-03-17 05:21:37,-10281.216593675643,-10628.19407565778,-10622.262836649537,-10580.295872271456
2026-03-17 05:22:07,-10234.732232145934,-10289.76861271078,-9966.757474395667,-9590.53760474499
2026-03-17 05:22:37,-10089.244456705403,-9842.822166281594,-10392.772164557397,-10484.430497603364
2026-03-17 05:23:07,-10263.680562739217,-10169.856211854765,-10586.876314609843,-10062.066825281887
2026-03-17 05:23:37,-10379.336505965928,-10596.730809021312,-10081.695289330299,-10169.632388440581
2026-03-17 05:24:07,-10582.020069657572,-10863.202179385495,-11280.802786302975,-10280.251043139417
2026-03-17 05:24:37,-10598.275862068966,-10314.206896551725,-10196.206896551725,-10239.965517241379
2026-03-17 05:25:07,-10089.796199868959,-10050.277595779164,-11188.075450877615,-10054.932928721679
2026-03-17 05:25:37,-10564.629604083322,-10311.35329010898,-10634.259897916954,-10235.204855842185
2026-03-17 05:26:07,-10286.009862409048,-10019.862753888063,-10634.056346770576,-10035.208110624502
2026-03-17 05:26:37,-10916.862068965516,-11243.724137931034,-10477.137931034482,-10312.931034482759
2026-03-17 05:27:07,-9673.712886651263,-10001.06900237939,-10953.619090313457,-9978.58546846443
2026-03-17 05:27:37,-10833.649436187454,-11334.563260802095,-10714.266009172728,-10499.155143280801
2026-03-17 05:28:07,-10807.275862068966,-10977.413793103447,-10508.58620689655,-10274.689655172413
2026-03-17 05:28:37,-10235.738428640409,-11650.824308477617,-10478.27136648962,-10367.075946747604
2026-03-17 05:29:07,-10420.221386944377,-11528.742370426566,-10419.635159833097,-10491.189351356941
2026-03-17 05:29:37,-11008.758922721472,-12125.797441291077,-10655.160522776647,-10788.303044932582
2026-03-17 05:30:07,-11307.538450927652,-11866.818401269054,-10665.080350368993,-10506.310780053798
2026-03-17 05:30:37,-11569.635529809315,-12234.785007413537,-10898.210406537704,-10740.56067032171
2026-03-17 05:31:07,-10495,-11376.896551724138,-10311.724137931034,-10485.034482758621
2026-03-17 05:31:37,-11154.551724137931,-11340.551724137931,-10148.655172413793,-10447.241379310344
2026-03-17 05:32:07,-9939.754465825228,-11025.553486447341,-10735.809366163183,-10238.637147389474
2026-03-17 05:32:37,-12858.729009344506,-11461.053067135617,-12028.309368642462,-10876.452536119445
2026-03-17 05:33:07,-10906.037722837145,-11499.293127823179,-12539.533119547603,-10369.780352401642
2026-03-17 05:33:37,-10431.680231756105,-11266.864395088978,-12718.409435784246,-11242.688646709892
2026-03-17 05:34:07,-10877.857857167486,-10693.092865271215,-12429.01479361357,-10739.266871271422
2026-03-17 05:34:37,-10818.68340287596,-11883.685644332561,-12476.499189627226,-10918.307527845785
2026-03-17 05:35:07,-13243.689655172413,-12142.241379310344,-13283.793103448275,-10933.206896551725
2026-03-17 05:35:37,-11670.264491879028,-11443.360115866062,-12445.84296010207,-10900.065519500671
2026-03-17 05:36:07,-12761.896551724138,-11333.103448275862,-12299.862068965516,-10968.275862068966
2026-03-17 05:36:37,-10917.275862068966,-10937.310344827587,-12923.551724137931,-11209.379310344828
2026-03-17 05:37:07,-11522.275862068966,-11976.758620689656,-12349.137931034482,-11640
2026-03-17 05:37:37,-13963.070238957276,-14340.126202544738,-12404.848108685906,-11697.73456087721
2026-03-17 05:38:07,-12933.689655172413,-15200.034482758621,-11717.862068965516,-11668.862068965516
2026-03-17 05:38:37,-13523.950753526226,-15107.735282960306,-12063.385867503535,-11847.846328930578
2026-03-17 05:39:07,-13633.987378875132,-16280.975206041585,-11790.716921273146,-11746.78437187489
2026-03-17 05:39:37,-12618.02131107969,-16637.677161281423,-12270.595537777162,-11901.341425566397
2026-03-17 05:40:07,-11738.95651574192,-16329.3217007483,-11340.425531914892,-11686.09262388358
2026-03-17 05:40:37,-12528.774869832074,-15842.350263784005,-11717.044239853796,-11778.524878452467
2026-03-17 05:41:07,-13013.689655172413,-17052.03448275862,-12860.58620689655,-12356.48275862069
2026-03-17 05:41:37,-12210.896551724138,-15974.344827586207,-12434.172413793103,-11791.51724137931
2026-03-17 05:42:07,-11786.716783337355,-16697.920617952343,-12035.656401944892,-11398.462015931582
2026-03-17 05:42:37,-14132.344827586207,-12012.51724137931,-11663.448275862069,-12581.103448275862
2026-03-17 05:43:07,-10565.107938478517,-10344.713428512314,-9867.921925650047,-9855.162424994829
2026-03-17 05:43:37,-12629.439349010414,-13042.307427073996,-11173.850079304875,-11074.512102613613
2026-03-17 05:44:07,-9903.385973381146,-9500.275843045307,-9990.448934556238,-9810.461347493278
2026-03-17 05:44:37,-10622.35784972932,-10643.219199337955,-9902.037860763423,-10062.204751560292
2026-03-17 05:45:07,-9679.161350391392,-9986.102969067897,-10624.435325356046,-9927.307838201315
2026-03-17 05:45:37,-10602.400082761473,-10373.77150936239,-10470.257595089484,-10327.735439153073
2026-03-17 05:46:07,-10389.358253732886,-9978.482016621261,-10121.831787303008,-9895.03086313321
2026-03-17 05:46:37,-9677.827586206897,-10094.793103448275,-10141.896551724138,-10104.48275862069
2026-03-17 05:47:07,-10559.758620689656,-10048.448275862069,-9811.793103448275,-9904.034482758621
2026-03-17 05:47:37,-10057.48275862069,-10229.206896551725,-10037.51724137931,-10083.206896551725
2026-03-17 05:48:07,-9909.003137822832,-10061.308230750663,-10582.083376435294,-9982.27647322506
2026-03-17 05:48:37,-10676.206896551725,-10502.034482758621,-9731.965517241379,-10058.931034482759
2026-03-17 05:49:07,-9931.480395875718,-10279.182040760024,-10023.862891823854,-9898.755129487223
2026-03-17 05:49:37,-9606.124349115486,-10330.114831545914,-10390.28932032139,-10001.65522949067
2026-03-17 05:50:07,-10055.001896617123,-10118.624780164831,-9944.308424428427,-9909.031345908477
2026-03-17 05:50:37,-10685.21967032209,-10414.511345610043,-9695.565211393889,-10055.969377198428
2026-03-17 05:51:07,-10467.618456445272,-10646.527346713567,-10387.164632043588,-10101.006965997654
2026-03-17 05:51:37,-10325.574980173098,-10873.349194855351,-10721.940622737147,-10287.024585359126
2026-03-17 05:52:07,-10454.752379638572,-10385.01862325838,-10048.420471789213,-9972.478962615534
2026-03-17 05:52:37,-10152.705452288168,-10668.55191916405,-9726.592406110976,-10183.950063799703
2026-03-17 05:53:07,-10474.259508292818,-10286.990103789525,-10034.067790765837,-9916.244267439055
2026-03-17 05:53:37,-10660.448275862069,-10403.206896551725,-11228.724137931034,-9865.758620689656
2026-03-17 05:54:07,-9957.415261542705,-10275.36981483397,-10518.46488052136,-10460.984103996412
2026-03-17 05:54:37,-10168.525359941996,-10768.70489935435,-10879.397852432414,-10323.343576286989
2026-03-17 05:55:07,-10172.386438105748,-10326.699548166798,-10610.285241265132,-10065.740006208394
2026-03-17 05:55:37,-11035.174839644113,-10451.996689426856,-10781.088350920752,-9839.782053934754
2026-03-17 05:56:07,-10341.771278797076,-10366.395364877915,-10789.281280176576,-10577.355497309974
2026-03-17 05:56:37,-10534.896551724138,-10305.51724137931,-10748.896551724138,-10379.689655172413
2026-03-17 05:57:07,-10542.241379310344,-10151.172413793103,-10543.689655172413,-10104.206896551725
2026-03-17 05:57:37,-10019.310344827587,-10424.448275862069,-10570.965517241379,-10168.51724137931
2026-03-17 05:58:07,-10352.58620689655,-10062.827586206897,-10451.310344827587,-10040.58620689655
2026-03-17 05:58:37,-11475.843994620502,-11834.890858305456,-10292.182489051345,-10460.946929204454
2026-03-17 05:59:07,-10976.757017725362,-11162.804331333198,-11137.009448927514,-10294.46858404028
2026-03-17 05:59:37,-10116.034482758621,-12018.758620689656,-10476.413793103447,-10469.51724137931
2026-03-17 06:00:07,-11397.39301355219,-11941.204869133417,-10604.882926997481,-10591.399703438048
2026-03-17 06:00:37,-11461.238706117663,-12541.175253465755,-10684.736878405407,-10824.091316642527
2026-03-17 06:01:07,-10397.151625918134,-11525.880202765611,-10747.887858202006,-10553.157005413977
2026-03-17 06:01:37,-10866.724137931034,-11565.379310344828,-10482.344827586207,-10535.275862068966
2026-03-17 06:02:07,-11187.579738629702,-11245.612220268265,-10411.640977897312,-10364.642598531083
2026-03-17 06:02:37,-10056.137931034482,-11161.310344827587,-10402.896551724138,-10379.58620689655
2026-03-17 06:03:07,-11112.413793103447,-11777.896551724138,-10625.48275862069,-10289.241379310344
2026-03-17 06:03:37,-10887.306458843406,-10850.477602675954,-12182.178695817096,-10819.89034104624
2026-03-17 06:04:07,-12030.656229525155,-11059.795165350528,-12963.309079623434,-10597.261974550845
2026-03-17 06:04:37,-11561.211118008141,-10871.439409614459,-12550.79660666253,-11188.875094834128
2026-03-17 06:05:07,-12364.633263215972,-12230.52519052381,-12585.951239697919,-10471.843856684713
2026-03-17 06:05:37,-10917.957030037589,-11410.111390833534,-12434.251819153706,-11250.577645963374
2026-03-17 06:06:07,-11913.856128008827,-12204.186495620388,-12838.60955927995,-11316.504586523208
2026-03-17 06:06:37,-12415.896551724138,-11473.275862068966,-12653.965517241379,-10564.413793103447
2026-03-17 06:07:07,-10789.51724137931,-10742.344827586207,-12409.448275862069,-10801.931034482759
2026-03-17 06:07:37,-11473.980066903472,-11937.683208607787,-12616.37410766631,-10902.231265303308
2026-03-17 06:08:07,-11515.08672712852,-11325.90778992379,-12523.569778268215,-11439.635849512051
2026-03-17 06:08:37,-13789.46823918891,-17327.539830333128,-12234.292020139319,-11878.0260707635
2026-03-17 06:09:07,-11378.957169459962,-15785.536933581627,-13429.06407338437,-11724.498241258018
2026-03-17 06:09:37,-14171.908407476378,-15058.314366508035,-11842.437409476515,-11823.608524725843
2026-03-17 06:10:07,-13675.643987723714,-14743.198041311767,-12042.41525569847,-11661.919376530224
2026-03-17 06:10:37,-13864.388662850839,-14477.898075994759,-12493.586649196608,-12137.50775808565
2026-03-17 06:11:07,-14692.655172413793,-16410.44827586207,-12831.172413793103,-11836.862068965516
2026-03-17 06:11:37,-13178.523397358527,-16023.552536294354,-12911.41073830132,-12574.74395668816
2026-03-17 06:12:07,-12144.546739767593,-15566.739077962828,-11757.594565704629,-12331.367883866073
2026-03-17 06:12:37,-14088.209938273732,-17231.456257112313,-12568.088554777749,-11919.721369702402
2026-03-17 06:13:07,-11471.756672873991,-14355.576246637698,-11558.072970549692,-11529.69170287606
2026-03-17 06:13:37,-12787.344827586207,-10024.862068965516,-9905.551724137931,-10817.48275862069
2026-03-17 06:14:07,-10747.827885808854,-11523.479520066197,-10252.792718245759,-9869.983450558544
2026-03-17 06:14:37,-11691.875301744947,-9904.821022139458,-10933.823022277398,-10170.046210083454
2026-03-17 06:15:07,-10059.864133245972,-10592.02041449705,-9661.12624573261,-9913.686678850994
2026-03-17 06:15:37,-10235.490878995826,-9919.583433911514,-10412.152143177349,-10006.65540191041
2026-03-17 06:16:07,-9910.545554865852,-10579.177874336161,-9665.735567970205,-9859.886888750949
2026-03-17 06:16:37,-10229.344827586207,-10372.896551724138,-10484.448275862069,-10012.51724137931
2026-03-17 06:17:07,-9708.354884314333,-10154.270542395088,-9978.621426847349,-9849.177614565015
2026-03-17 06:17:37,-10482.810937553877,-10319.81655804972,-9994.965690838246,-9971.13892624392
2026-03-17 06:18:07,-10210.862068965516,-10285.379310344828,-9995.827586206897,-10027.172413793103
2026-03-17 06:18:37,-10266.22525691427,-10193.909924822401,-10026.760466239051,-10015.035519691013
2026-03-17 06:19:07,-9971.72608785601,-9880.628922143302,-10238.155989242121,-9886.318184952763
2026-03-17 06:19:37,-10420.310344827587,-10482.689655172413,-10397.413793103447,-10225
2026-03-17 06:20:07,-10121.150463841086,-9575.473324826706,-10421.629823774872,-9952.029520295202
2026-03-17 06:20:37,-9897.72766456329,-11301.575807730767,-10448.225923244025,-10225.785317747663
2026-03-17 06:21:07,-10134.142556639883,-9984.275319838614,-10169.557570950721,-9943.653229421703
2026-03-17 06:21:37,-10422.867388455968,-10150.47238121509,-10110.061375077581,-10043.617681539205
2026-03-17 06:22:07,-10214.704462376716,-10841.989102696738,-10474.51548382647,-10059.590316573556
2026-03-17 06:22:37,-10073.514706389436,-10546.360470328611,-11091.031343746768,-10271.852694734665
2026-03-17 06:23:07,-10300.29657217739,-10100.35174839644,-10323.263673356783,-9986.240430374508
2026-03-17 06:23:37,-10397.862068965516,-10249.551724137931,-10291.379310344828,-10079.275862068966
2026-03-17 06:24:07,-10263.206896551725,-10562.965517241379,-10156.379310344828,-10037.068965517241
2026-03-17 06:24:37,-10614.559624801712,-10854.265811435273,-10509.48341264915,-10169.942754672738
2026-03-17 06:25:07,-10653.931034482759,-10676.896551724138,-10312.48275862069,-10059.896551724138
2026-03-17 06:25:37,-10452,-11131.034482758621,-10545.551724137931,-10208
2026-03-17 06:26:07,-10426.305262431892,-11276.088006069383,-10275.674184426513,-10180.805572798125
2026-03-17 06:26:37,-10310.437571118238,-11533.53332643702,-10454.846384607428,-10229.474845694976
2026-03-17 06:27:07,-10353.726247542849,-10684.519088181536,-10380.55660930441,-10054.350450046557
2026-03-17 06:27:37,-11044.346356770922,-11281.561433152865,-10340.666919548948,-10042.035932273526
2026-03-17 06:28:07,-10189.674676905146,-10897.706626444071,-10248.911590278016,-10327.551335230195
2026-03-17 06:28:37,-10606.323919864832,-10648.322471638909,-10320.023447467327,-9848.660391020998
2026-03-17 06:29:07,-10393.979102727679,-10663.19528259595,-11428.980309665849,-10723.16286768509
2026-03-17 06:29:37,-10962.587496982862,-11164.028826592184,-11278.02489569325,-10611.634081583392
2026-03-17 06:30:07,-10617.986827131968,-10290.285871926617,-10816.510914169452,-10343.529087209903
2026-03-17 06:30:37,-11288.566305772016,-10811.840562719814,-11623.33632163299,-10490.311013033584
2026-03-17 06:31:07,-10367.887440513141,-10964.756190082077,-11111.593903027797,-9991.275260362785
2026-03-17 06:31:37,-10812.668091855734,-10831.735742362596,-11522.757051237846,-10969.657265016207
2026-03-17 06:32:07,-11002.793296089385,-10926.339747568798,-10349.506862542245,-10335.919718601283
2026-03-17 06:32:37,-10904.169109279628,-10744.439463429771,-12519.983447705092,-9887.720266216074
2026-03-17 06:33:07,-10294.034482758621,-10581.51724137931,-10077.48275862069,-10950.48275862069
2026-03-17 06:33:37,-10437.433191958897,-10406.917002861968,-11178.545567394227,-10381.366159787593
2026-03-17 06:34:07,-11175.206896551725,-12551.103448275862,-11699.931034482759,-10712.448275862069
2026-03-17 06:34:37,-12023.380116555742,-13119.314459119278,-11188.454774302561,-11126.28021655919
2026-03-17 06:35:07,-12202.282837339217,-13053.105279492394,-11246.801613848751,-10960.205524328423
2026-03-17 06:35:37,-12371.862068965516,-14175.310344827585,-11913.58620689655,-11109.413793103447
2026-03-17 06:36:07,-11087.965517241379,-12883.344827586207,-11502.137931034482,-10760.310344827587
2026-03-17 06:36:37,-12376.51724137931,-12044.275862068966,-10835.931034482759,-10410.48275862069
2026-03-17 06:37:07,-11162.14352219042,-12928.032001103484,-11012.965964343597,-10782.785613297008
2026-03-17 06:37:37,-11092.865271216247,-12401.462119383425,-11229.318252353527,-10807.269216179866
2026-03-17 06:38:07,-11344.081942336874,-13328.872947992828,-11164.539936542971,-10932.059594426817
2026-03-17 06:38:37,-11823.385400503432,-13313.540912382332,-11062.342677838697,-10880.383435053964
2026-03-17 06:39:07,-13294.886383228162,-13171.718216613219,-15731.59546222544,-12728.630047239749
2026-03-17 06:39:37,-13725.153458859231,-14451.582867783985,-14040.485550727635,-12168.115042416717
2026-03-17 06:40:07,-13221.122681194402,-12522.205365147232,-16210.433763188747,-11568.788359423488
2026-03-17 06:40:37,-10933.174718113169,-12341.195131202374,-13034.102272335438,-11131.788559015207
2026-03-17 06:41:07,-12759.568305634095,-12336.494034894145,-14757.568443555618,-11745.258947658782
2026-03-17 06:41:37,-13605.490033795437,-14134.871370439343,-15137.837092213258,-12845.575556934964
2026-03-17 06:42:07,-13351.493000482726,-12714.502448107027,-14731.94952072271,-11425.453417005725
2026-03-17 06:42:37,-13238.594434290835,-14800.09655505362,-15888.478913065965,-12516.293665298801
2026-03-17 06:43:07,-12802.97231129961,-11723.354367090791,-15584.428123168167,-12009.620357918693
2026-03-17 06:43:37,-11598.01386159098,-14803.24816385642,-15549.256922175098,-12530.016206337714
2026-03-17 06:44:07,-11751.530787753698,-11734.468524251806,-12211.730306157551,-10702.304781561748
2026-03-17 06:44:37,-10950.829281748905,-10646.874245715666,-10852.31543739871,-9692.148546601842
2026-03-17 06:45:07,-10068.613591697413,-9736.337620246182,-10068.717029272835,-10552.391131951868
2026-03-17 06:45:37,-10022.65439122789,-10304.368814868454,-10160.925485328093,-9983.138512465088
2026-03-17 06:46:07,-10050.965517241379,-9995.068965517241,-9734.103448275862,-9923.862068965516
2026-03-17 06:46:37,-9994.758801420641,-10270.301024102619,-10565.980483431607,-10094.272611289267
2026-03-17 06:47:07,-10691.782475257765,-10231.525225007757,-10434.187385771922,-9991.103141487636
2026-03-17 06:47:37,-10237.440088272819,-10031.24030205855,-10165.166718389022,-10018.482121306162
2026-03-17 06:48:07,-10031.52050212091,-9989.654102148497,-10147.739421319446,-9586.750353484844
2026-03-17 06:48:37,-10119.78484242466,-10075.78787669816,-10132.128818702158,-10307.392593614233
2026-03-17 06:49:07,-9779.938622806108,-10111.409951380985,-10105.823937105615,-9969.690700320678
2026-03-17 06:49:37,-10536.018483395977,-10362.012483189073,-10118.728232008,-9705.162246974032
2026-03-17 06:50:07,-10323.346893746122,-10329.655933255188,-10130.628145900848,-10339.343584086051
2026-03-17 06:50:37,-9714.665011551326,-10319.0234819489,-10000.65514982242,-9970.966518395919
2026-03-17 06:51:07,-10479.277291221295,-10192.84876905041,-10061.926763671472,-9633.749396593339
2026-03-17 06:51:37,-10095.46144295765,-10278.210787694856,-10073.941233273556,-10391.088425989792
2026-03-17 06:52:07,-9843.344827586207,-10487.655172413793,-10011.827586206897,-10044.724137931034
2026-03-17 06:52:37,-10729.20042754198,-10274.868117091337,-10126.607592318038,-10137.951246422785
2026-03-17 06:53:07,-10106.34849477568,-10398.56546777475,-10154.48808579606,-10059.002034552914
2026-03-17 06:53:37,-10537.89393834908,-10544.307289152473,-10073.856975381008,-10027.44638300807
2026-03-17 06:54:07,-10435.107923591477,-10434.694159023516,-10076.82228811806,-9988.414592097097
2026-03-17 06:54:37,-10231.716147719042,-10328.954173994,-10775.766352884382,-10145.40877900762
2026-03-17 06:55:07,-11170.655172413793,-10498.379310344828,-10480.172413793103,-10205.103448275862
2026-03-17 06:55:37,-10379.38762843942,-10172.36742293635,-11128.784221777809,-10168.643541824702
2026-03-17 06:56:07,-10311.219915867872,-10277.842907385699,-10714.01972277774,-9742.534997586374
2026-03-17 06:56:37,-10212.578876590462,-10358.987621116512,-10562.808179028309,-10447.70869970001
2026-03-17 06:57:07,-10090.203786076343,-10268.921761318576,-10228.854177442157,-10138.78831764422
2026-03-17 06:57:37,-11115.862068965516,-10617.137931034482,-11238.034482758621,-10377.827586206897
2026-03-17 06:58:07,-10079.143389199255,-10017.621904958962,-10509.586868059865,-9995.103110559348
2026-03-17 06:58:37,-10591.346319600068,-11235.924840544732,-10843.578693328736,-10497.500430960179
2026-03-17 06:59:07,-10460.793103448275,-10019.51724137931,-10496.034482758621,-10330.689655172413
2026-03-17 06:59:37,-10379.228302472327,-11572.911278921416,-10394.607082514394,-10327.781800627563
2026-03-17 07:00:07,-10546.241379310344,-11096.068965517241,-10474.034482758621,-10259.58620689655
2026-03-17 07:00:37,-10731.372616625868,-11588.490845774577,-10314.24335413578,-10583.594800537876
2026-03-17 07:01:07,-10325.0913856128,-11344.092696048003,-10595.075522449824,-10334.436857714325
2026-03-17 07:01:37,-10391.235389442472,-11483.880977829882,-10483.74306106265,-10286.246250387892
2026-03-17 07:02:07,-11391.24887938763,-11434.487276739535,-10474.622439831735,-10726.363699055239
2026-03-17 07:02:37,-11861.531565700101,-10942.074957762992,-10641.17505085681,-10507.257869875531
2026-03-17 07:03:07,-10362.520260716625,-11499.120598682623,-10528.537434907059,-10296.168569162326
2026-03-17 07:03:37,-11250.155247360795,-11869.695715172842,-10982.439798523425,-10675.084523563099
2026-03-17 07:04:07,-10590.614216701173,-11045.479641131815,-10483.505866114561,-10261.04209799862
2026-03-17 07:04:37,-11491.241379310344,-11025.137931034482,-12479.48275862069,-10726.172413793103
2026-03-17 07:05:07,-11570.69958280178,-10782.436299693136,-12576.009378340173,-10742.612833155192
2026-03-17 07:05:37,-12021.240646874245,-11599.66897693183,-12809.041067549393,-11430.9506568739
2026-03-17 07:06:07,-10898.896551724138,-11185.58620689655,-12461.379310344828,-10726.965517241379
2026-03-17 07:06:37,-10914.89948622461,-10534.050549981033,-12408.744526050825,-10869.004517085616
2026-03-17 07:07:07,-12471.188661677987,-10922.755957101968,-11883.754612228005,-10518.742025587087
2026-03-17 07:07:37,-13710.241379310344,-11561.48275862069,-13138.034482758621,-11076.034482758621
2026-03-17 07:08:07,-11703.172413793103,-11520.758620689656,-12330.344827586207,-10950.51724137931
2026-03-17 07:08:37,-11593.945036378056,-11427.364573635392,-12539.602082686804,-11004.068825212924
2026-03-17 07:09:07,-10778.662804730871,-11293.127823178513,-12470.811351332713,-11072.307851453399
2026-03-17 07:09:37,-13079.74762101779,-17423.38987725831,-13445.490277203144,-12661.943180250999
2026-03-17 07:10:07,-11770.689655172413,-15506.827586206897,-11681.310344827585,-11983.793103448275
2026-03-17 07:10:37,-13270.905893306664,-15024.69050656919,-12834.856374357734,-12040.897961998688
2026-03-17 07:11:07,-12401.413793103447,-13601.310344827585,-10701.413793103447,-10771.137931034482
2026-03-17 07:11:37,-12847.511983171831,-15173.592192834234,-12168.557536466773,-11838.442704920857
2026-03-17 07:12:07,-12101.582704044687,-17889.141753732627,-12367.15975311196,-12071.342367504567
2026-03-17 07:12:37,-13455.398089721042,-15834.867763180579,-12147.856970449293,-11818.109720354469
2026-03-17 07:13:07,-13762.198696506774,-17755.23293906686,-13084.209800337941,-13118.210972792163
2026-03-17 07:13:37,-14233.206896551725,-17888.206896551725,-13723.310344827585,-12195.51724137931
2026-03-17 07:14:07,-12368.021792351989,-15878.349022447503,-11728.319713113342,-11731.974759491053
2026-03-17 07:14:37,-10871.448275862069,-12380.344827586207,-10859.068965517241,-10857.275862068966
2026-03-17 07:15:07,-12384.986724595703,-11799.04141236509,-10936.795282921277,-10184.54536050481
2026-03-17 07:15:37,-10049.931034482759,-10092.689655172413,-10034.758620689656,-9984.724137931034
2026-03-17 07:16:07,-10044.103448275862,-10347.58620689655,-9967.379310344828,-9952.551724137931
2026-03-17 07:16:37,-10082.040140699359,-10168.149527553624,-9980.136561142148,-9957.824677563969
2026-03-17 07:17:07,-10362.605157909253,-10263.41194318025,-10055.371672872707,-9964.487656874913
2026-03-17 07:17:37,-10279.319976550914,-10404.117383358045,-10091.727300941411,-10040.656574364632
2026-03-17 07:18:07,-10196.158885594097,-10275.808564926558,-10065.305840976485,-10020.998551824012
2026-03-17 07:18:37,-10476.330034823985,-10644.140261352275,-10215.908699100095,-10254.80122745923
2026-03-17 07:19:07,-10172.316286768508,-10303.975999172384,-10127.935446049862,-9975.895720542087
2026-03-17 07:19:37,-10313.471949243129,-10346.12599565532,-10257.887659046239,-10049.515533947104
2026-03-17 07:20:07,-10130.422787778467,-10136.905993516793,-10374.50858679909,-9947.099799986207
2026-03-17 07:20:37,-10134.887249155232,-10345.010688918006,-10350.42410868216,-10270.912350872353
2026-03-17 07:21:07,-10335.402227509396,-10147.44319161408,-10375.573256094616,-10048.481086859072
2026-03-17 07:21:37,-10160.535117056857,-10499.913802020483,-10250.043098989761,-10047.029617625763
2026-03-17 07:22:07,-9971.553685952693,-10070.339976553341,-10149.437969795186,-10022.377767050548
2026-03-17 07:22:37,-10183.131616151166,-10089.410709975517,-10362.19440708941,-10020.826868039032
2026-03-17 07:23:07,-10584.137931034482,-10107.48275862069,-10337.448275862069,-10011.206896551725
2026-03-17 07:23:37,-10247.71559601393,-10194.269163132305,-10475.673252646458,-10187.821109616909
2026-03-17 07:24:07,-10263.7385440083,-10016.980805810133,-10341.725747881721,-9958.533633062423
2026-03-17 07:24:37,-10558.291093410571,-10152.37405606703,-10408.330747215612,-10165.063273680216
2026-03-17 07:25:07,-10228.498517139113,-10615.145872129113,-10100.1103524381,-10030.415890751086
2026-03-17 07:25:37,-10598.082824730183,-10588.945208785904,-10289.714147788009,-10147.029412778871
2026-03-17 07:26:07,-10299.931034482759,-10574.310344827587,-10105.620689655172,-10158
2026-03-17 07:26:37,-11108.410054825694,-11038.240060687562,-10431.226509430708,-10319.78207648012
2026-03-17 07:27:07,-10068.48039722768,-10431.433398848314,-10009.758284197096,-9980.173097479395
2026-03-17 07:27:37,-10744.172413793103,-11776.551724137931,-10511.448275862069,-10499.379310344828
2026-03-17 07:28:07,-10294.541567532155,-10811.730629978278,-10081.23857798007,-10066.997689734837
2026-03-17 07:28:37,-10593.9515155695,-10934.170143798061,-10201.73109417566,-10157.212317666124
2026-03-17 07:29:07,-11004.241525569845,-11041.897996482636,-10259.974481878684,-10166.695403289767
2026-03-17 07:29:37,-10220.08414373405,-10774.363749224085,-10315.12518104697,-10152.803641630457
2026-03-17 07:30:07,-10538.106076281123,-10275.846610111043,-11303.124353403682,-10249.672391199392
2026-03-17 07:30:37,-10444.827586206897,-10396.310344827587,-11193.689655172413,-10362.655172413793
2026-03-17 07:31:07,-10558.931034482759,-11076,-11268,-10397.931034482759
2026-03-17 07:31:37,-10410.51724137931,-10383.655172413793,-11133.58620689655,-10367.034482758621
2026-03-17 07:32:07,-10905.99027485602,-10691.726730351415,-11103.872814429078,-10306.893816601718
2026-03-17 07:32:37,-10731.153872680874,-10412.5456928064,-11414.09752396717,-10517.656390095868
2026-03-17 07:33:07,-10614.862068965516,-10599.827586206897,-11172.793103448275,-10468.241379310344
2026-03-17 07:33:37,-10656.920212399145,-11991.58678711813,-11700.779256602993,-10864.388662850839
2026-03-17 07:34:07,-11304.07945101555,-10964.412565950548,-11257.974412910788,-10633.642539397908
2026-03-17 07:34:37,-11040.691058312354,-10699.748267181625,-11383.6684023587,-10697.575778475119
2026-03-17 07:35:07,-11117.995931174786,-12416.089100375848,-10850.867211475465,-10738.905554980862
2026-03-17 07:35:37,-11343.149763784957,-12937.584054622572,-11052.794923962894,-10906.134694299803
2026-03-17 07:36:07,-11985.033450582798,-12557.107386716325,-11165.252776053521,-10773.8809573074
2026-03-17 07:36:37,-11980.828908351148,-12617.164333494242,-11243.91421281291,-10858.113233570099
2026-03-17 07:37:07,-10780.536588730258,-12818.12538795779,-11119.835850748328,-10699.324091316643
2026-03-17 07:37:37,-12453.58620689655,-14319.551724137931,-11352.241379310344,-11154.724137931034
2026-03-17 07:38:07,-12545.548582856356,-12412.764636921593,-11217.398800082754,-10997.793255637544
2026-03-17 07:38:37,-11468.58620689655,-13955.689655172413,-11267.758620689656,-11216.103448275862
2026-03-17 07:39:07,-13134.492033933375,-14346.817021863577,-11814.43547830885,-11192.496034209256
2026-03-17 07:39:37,-11532.326471500981,-12425.916347712146,-11094.13468501086,-11270.680321368227
2026-03-17 07:40:07,-11977.239024726696,-12415.422285063973,-14856.226506190294,-11947.02900300031
2026-03-17 07:40:37,-13261.466308021243,-12879.40547623974,-15667.183943720256,-12218.221946341127
2026-03-17 07:41:07,-11780.157252224291,-12685.56452169115,-14935.61624939651,-12053.176081109043
2026-03-17 07:41:37,-12806.55839453812,-12142.40888245233,-14831.55753249888,-11764.421916485639
2026-03-17 07:42:07,-13179.695851581087,-16904.03117348874,-15546.674023242178,-12490.982447670607
2026-03-17 07:42:37,-13896.206896551725,-14816.620689655172,-15408.413793103447,-13178.758620689656
2026-03-17 07:43:07,-11754.827586206897,-11738.413793103447,-14733.068965517241,-11702.965517241379
2026-03-17 07:43:37,-12505.431221766266,-12790.406565743644,-14724.05945032587,-11806.786440911754
2026-03-17 07:44:07,-10838.731861632627,-13736.57245031291,-13593.047245719003,-12044.94188845334
2026-03-17 07:44:37,-14850.975794772776,-12180.849596579546,-16804.875525825806,-11875.3534239018
2026-03-17 07:45:07,-13070.793103448275,-12167.931034482759,-12714.620689655172,-10842.931034482759
2026-03-17 07:45:37,-11200.027585255682,-10578.359366918383,-9882.107513534016,-9875.176718044206
2026-03-17 07:46:07,-10242.793103448275,-10126.51724137931,-9779.58620689655,-9796.034482758621
2026-03-17 07:46:37,-10829.764490879626,-10369.435536705632,-10437.15733940209,-10118.582117858006
2026-03-17 07:47:07,-10500.172413793103,-10243.965517241379,-10294.58620689655,-9962.51724137931
2026-03-17 07:47:37,-10227.183394821226,-10075.81974278523,-10317.415439782093,-10038.513257249251
2026-03-17 07:48:07,-10264.742396027314,-10063.900958686807,-10063.62507759156,-9948.89302710532
2026-03-17 07:48:37,-10221.858187336185,-10260.725617326529,-10316.491929921369,-10098.427369292316
2026-03-17 07:49:07,-9910.58620689655,-9869.275862068966,-10074.206896551725,-9843.655172413793
2026-03-17 07:49:37,-9916.795972552669,-9902.451639598634,-9927.6231854074,-9702.803351608563
2026-03-17 07:50:07,-10763.845782467755,-10645.423822332574,-10419.235809366162,-10236.671494585833
2026-03-17 07:50:37,-10243.819178649013,-10155.89117616634,-10182.924726733561,-10006.930795489812
2026-03-17 07:51:07,-10146.925968070065,-9939.243474362951,-10060.58411778904,-9884.107444570876
2026-03-17 07:51:37,-10634.620689655172,-10572.758620689656,-10227.172413793103,-10173.310344827587
2026-03-17 07:52:07,-10125.168097651804,-10529.016240819281,-10015.48222475087,-9980.173097479395
2026-03-17 07:52:37,-10040.103448275862,-10823.58620689655,-10144.689655172413,-10016.103448275862
2026-03-17 07:53:07,-10079.721388917624,-10203.096444950175,-9970.414813282301,-9887.969380366196
2026-03-17 07:53:37,-10244.103448275862,-10452.137931034482,-10193.103448275862,-10124.275862068966
2026-03-17 07:54:07,-10370.288630642435,-10405.772612848717,-10188.040966929893,-9919.859305493292
2026-03-17 07:54:37,-10064.862068965516,-10437.413793103447,-10158.620689655172,-10048.965517241379
2026-03-17 07:55:07,-10362.103448275862,-11361.793103448275,-10425.206896551725,-10065.58620689655
2026-03-17 07:55:37,-10144.039449636193,-10401.772474912927,-10018.48339597917,-10000.275871581778
2026-03-17 07:56:07,-10104.444674321576,-10590.324471569947,-10128.064549498295,-10043.895038102135
2026-03-17 07:56:37,-10580.344827586207,-10695.689655172413,-10734.965517241379,-10214.758620689656
2026-03-17 07:57:07,-10430.133112628459,-10321.091109731708,-10605.834885164495,-10126.422511897374
2026-03-17 07:57:37,-10446.225992207166,-10690.907210096204,-10720.906175649116,-10248.750043101963
2026-03-17 07:58:07,-10390.655172413793,-10369.448275862069,-10764.275862068966,-10056.206896551725
2026-03-17 07:58:37,-10407.172413793103,-11137.275862068966,-10876.965517241379,-10380.862068965516
2026-03-17 07:59:07,-10265.179464193361,-10042.340447539911,-10595.731476054203,-10020.480639933801
2026-03-17 07:59:37,-10353.253560467601,-11008.793406669194,-10704.40360012414,-10480.188972033517
2026-03-17 08:00:07,-10268.63664574857,-10039.755878904904,-10615.957520171023,-10049.031101303359
2026-03-17 08:00:37,-10419.793103448275,-10715.448275862069,-10686.724137931034,-10459.655172413793
2026-03-17 08:01:07,-10342.275862068966,-10059.379310344828,-10627.344827586207,-10049.51724137931
2026-03-17 08:01:37,-10353.58620689655,-11239.620689655172,-10355.827586206897,-10326.896551724138
2026-03-17 08:02:07,-10542.670942381295,-11143.960553084375,-10301.955104996377,-10281.783386779765
2026-03-17 08:02:37,-10417.040204123854,-11269.429694503828,-10398.282877042962,-10339.597269153852
2026-03-17 08:03:07,-10355.768567684987,-11271.77436038894,-10263.671470933039,-10244.63830080684
2026-03-17 08:03:37,-11185.48275862069,-12156.206896551725,-10833.344827586207,-10531.103448275862
2026-03-17 08:04:07,-10607.50982690849,-11771.395076201641,-10284.532101234397,-10772.360526860217
2026-03-17 08:04:37,-12026.259563029844,-11598.904128471982,-10816.251981528707,-10494.210490040665
2026-03-17 08:05:07,-11531.481545301029,-12179.618844125856,-10672.123238101802,-10537.788193128164
2026-03-17 08:05:37,-10437.433191958899,-11481.948898313853,-10378.952449915521,-10493.534705699803
2026-03-17 08:06:07,-10322.380443402408,-11056.787228907357,-10247.664034755027,-10230.769230769232
2026-03-17 08:06:37,-11899.348298334542,-12042.860591014103,-13442.70887210786,-11221.578566256338
2026-03-17 08:07:07,-12119.78897279404,-11592.600255163614,-12444.536395296713,-10961.139271059617
2026-03-17 08:07:37,-11752.931034482759,-10901.724137931034,-12813.793103448275,-11168.103448275862
2026-03-17 08:08:07,-11393.193338160752,-11829.695527740421,-12867.10803075756,-10812.109927243886
2026-03-17 08:08:37,-10879.241379310344,-11366.206896551725,-12378.758620689656,-10879.379310344828
2026-03-17 08:09:07,-10771.69752767146,-10779.007620426883,-12398.882797144926,-10723.147477673185
2026-03-17 08:09:37,-12008.034205717042,-11490.672735422915,-12808.385917726973,-10930.657563532292
2026-03-17 08:10:07,-10760.361354389353,-11297.082959795876,-12402.765326529205,-10752.741190262741
2026-03-17 08:10:37,-12016.585634978104,-11996.586324609498,-12983.5178097307,-11283.472983690219
2026-03-17 08:11:07,-12328.149782773602,-11272.877732570169,-12371.698503551479,-10864.8024274188
2026-03-17 08:11:37,-13556.394607082513,-17384.64190889969,-12317.747663873659,-12304.679148994861
2026-03-17 08:12:07,-12455.981240732437,-14750.543122176625,-11918.617883375287,-11704.162212490084
2026-03-17 08:12:37,-12352.286049237984,-15717.433280463418,-12152.230880628922,-11770.67098820771
2026-03-17 08:13:07,-12889.279680011035,-20855.004999827594,-12826.730112754734,-11797.97248370746
2026-03-17 08:13:37,-11839.878633244838,-14844.981553632384,-11793.159328345346,-11787.470261697068
2026-03-17 08:14:07,-12412.744388124545,-17839.55725664632,-12026.619771732008,-12356.470466535635
2026-03-17 08:14:37,-12908.658322126825,-13731.388572807835,-11899.00348263853,-10938.381435122928
2026-03-17 08:15:07,-13682.631633391951,-14775.766352884382,-11701.01030998931,-12297.09320368263
2026-03-17 08:15:37,-12361.57373883659,-17138.202130961,-13143.581255818763,-11834.867763180579
2026-03-17 08:16:07,-12173.75262921968,-16855.3498155236,-12268.16316678735,-12081.893727802488
2026-03-17 08:16:37,-12481.223490465187,-12633.987378875132,-11728.852719059276,-11035.242594572224
2026-03-17 08:17:07,-10330.689655172413,-9763.172413793103,-9771.58620689655,-9756.275862068966
2026-03-17 08:17:37,-10553.965517241379,-10316.758620689656,-10354.310344827587,-10074.103448275862
2026-03-17 08:18:07,-10237.509051412018,-10159.442777835246,-10258.818661425466,-9956.967001137891
2026-03-17 08:18:37,-10120.275862068964,-10308.172413793101,-10280.379310344826,-10095.275862068964
2026-03-17 08:19:07,-9904.172413793101,-9993.55172413793,-10008.724137931033,-9913.482758620688
2026-03-17 08:19:37,-10213.69702403531,-10242.284216697126,-10233.62874581882,-10055.829511362459
2026-03-17 08:20:07,-10008.379021413053,-9870.176890452052,-10103.27230095514,-9912.24440536533
2026-03-17 08:20:37,-10246.767129901029,-10582.054553605296,-10324.45946411945,-10106.93472188696
2026-03-17 08:21:07,-10070.339976553341,-10161.712985311358,-10316.391972967382,-9991.79366940211
2026-03-17 08:21:37,-10212.268542464051,-10388.021102720595,-10197.131133409192,-10080.135167752835
2026-03-17 08:22:07,-10203.07596813683,-9977.895789509981,-10054.588089244455,-9910.134832235593
2026-03-17 08:22:37,-10101.76212972861,-10962.688368564432,-10134.177040587605,-10110.348632711472
2026-03-17 08:23:07,-10109.214428581283,-10163.942340851096,-9914.545830746949,-9899.958617835715
2026-03-17 08:23:37,-10388.51724137931,-10454.724137931034,-10197.310344827587,-10106.103448275862
2026-03-17 08:24:07,-10134.448275862069,-10160,-9954.793103448275,-10006.931034482759
2026-03-17 08:24:37,-10698.965517241379,-10317.206896551725,-10168.103448275862,-10068.551724137931
2026-03-17 08:25:07,-10015.448275862069,-10238,-10026.551724137931,-9958.413793103447
2026-03-17 08:25:37,-9840.551724137931,-10381.137931034482,-9705.965517241379,-9674.034482758621
2026-03-17 08:26:07,-9971.65126224307,-10383.570147606566,-9960.132432059594,-9905.573182507933
2026-03-17 08:26:37,-10448.812109927243,-10530.361022033721,-10131.512706458398,-10113.444363987448
2026-03-17 08:27:07,-10171.620689655172,-10276.448275862069,-9944.310344827587,-10043.689655172413
2026-03-17 08:27:37,-10419.344827586207,-10542.034482758621,-10759.896551724138,-10347.620689655172
2026-03-17 08:28:07,-10262.19785524637,-10552.705079135201,-10574.359504844659,-10050.41205475673
2026-03-17 08:28:37,-10280.344827586207,-10340.103448275862,-10672.137931034482,-10192.58620689655
2026-03-17 08:29:07,-10318.05799800007,-10538.809006585981,-10654.011930623083,-10157.23595738078
2026-03-17 08:29:37,-10386.185730542431,-10141.763509086519,-10551.363840132417,-10211.386599537913
2026-03-17 08:30:07,-10293.56596096821,-10181.677125715469,-10547.307082270188,-10015.895455485828
2026-03-17 08:30:37,-10432.655172413793,-10377.758620689656,-10790.620689655172,-10318.51724137931
2026-03-17 08:31:07,-10855.689655172413,-11017.034482758621,-10657.137931034482,-10292.827586206897
2026-03-17 08:31:37,-10228.99210372056,-10385.814282266127,-10573.39402089583,-10165.477052515429
2026-03-17 08:32:07,-10831.155397717479,-10525.393924766404,-10877.081681205394,-10259.559355928699
2026-03-17 08:32:37,-10686.780222053652,-11623.853527342942,-10548.893179780705,-10385.249293152197
2026-03-17 08:33:07,-10965.656356677355,-12610.668597634563,-10784.352263715044,-10626.323230233438
2026-03-17 08:33:37,-10427.985241888211,-11316.713216785629,-10387.228026619772,-10398.779352436124
2026-03-17 08:34:07,-10858.615814338424,-11708.058898582709,-10608.26235387427,-10386.599537915099
2026-03-17 08:34:37,-11545.567394227784,-11948.277645598426,-10713.734009172096,-10751.112030619632
2026-03-17 08:35:07,-10328.32218467692,-11635.680297910489,-10328.32218467692,-10582.063305978898
2026-03-17 08:35:37,-10432.187316804026,-11788.475464671194,-10480.568295458463,-10465.429842408357
2026-03-17 08:36:07,-11069.514844315712,-12133.340229647252,-10798.662115099478,-10873.625047412157
2026-03-17 08:36:37,-10417.537326299092,-11163.132305782558,-10417.089065894279,-10366.366677011136
2026-03-17 08:37:07,-11240.92022212258,-11918.670023798846,-10919.221881143723,-10439.209464353464
2026-03-17 08:37:37,-11837.275862068966,-11478.034482758621,-12596,-11062.275862068966
2026-03-17 08:38:07,-10790.448275862069,-10756.551724137931,-12312.620689655172,-10730.724137931034
2026-03-17 08:38:37,-11971.379310344828,-10880.413793103447,-12763.48275862069,-11362.241379310344
2026-03-17 08:39:07,-10817.799386228062,-11846.453570566533,-12666.873556084274,-11118.961415123616
2026-03-17 08:39:37,-11473.845729457606,-11418.192476121514,-12442.226130133444,-11570.842384745354
2026-03-17 08:40:07,-10786.938381435122,-10726.078411089271,-12381.814420192406,-10752.939553808488
2026-03-17 08:40:37,-12644.068965517241,-11673.034482758621,-12838.862068965516,-11287.896551724138
2026-03-17 08:41:07,-10829.62656460122,-11305.541188234887,-12461.91510637564,-10952.898175924967
2026-03-17 08:41:37,-10903.727457673875,-11413.744353642978,-12761.594427778353,-11030.516189096928
2026-03-17 08:42:07,-10830.385159132442,-11311.989241750283,-12699.975862901278,-10755.456708389365
2026-03-17 08:42:37,-13300.599958623543,-17614.061099234536,-13035.618233225296,-12544.99689676574
2026-03-17 08:43:07,-12915.275862068966,-15451,-12147.551724137931,-11644.620689655172
2026-03-17 08:43:37,-12556.168540100683,-15477.139507620164,-11819.426246465762,-11764.119715881663
2026-03-17 08:44:07,-13622.275862068966,-15444.620689655172,-12033.310344827585,-12796.724137931034
2026-03-17 08:44:37,-11866.206896551725,-14868.58620689655,-11806.689655172413,-11768.48275862069
2026-03-17 08:45:07,-11767.11147891452,-15904.899831040308,-12348.953484362606,-11664.597772490602
2026-03-17 08:45:37,-12823.413793103447,-14844.896551724138,-11785.103448275862,-12399.689655172413
2026-03-17 08:46:07,-13061.618564877073,-16574.738802110274,-12070.445846694942,-12012.447846625979
2026-03-17 08:46:37,-16783.125883529294,-15618.935972140815,-13521.842568010208,-12541.323311381582
2026-03-17 08:47:07,-13007.96524257784,-17710.734112616803,-12708.389365883933,-12978.207648012136
2026-03-17 08:47:37,-11978.137177144037,-12163.522880099312,-11063.002172488705,-10536.915066036758
2026-03-17 08:48:07,-10186.372883693666,-9854.384331574774,-10001.103410227235,-9862.832316127031
2026-03-17 08:48:37,-10158.350287940963,-10262.112486637468,-10293.699782751128,-10039.759991723851
2026-03-17 08:49:07,-10224.716389090032,-9991.241681321335,-10115.651184441916,-9841.522706113583
2026-03-17 08:49:37,-10292.896551724138,-10217.827586206897,-10286.655172413793,-10102.793103448275
2026-03-17 08:50:07,-9992.620944105376,-9848.6948725906,-10173.718147650083,-9842.591634771215
2026-03-17 08:50:37,-10262.611634081582,-10029.30933416089,-10292.12785766008,-10015.55118789007
2026-03-17 08:51:07,-10358.25,-10484.892857142857,-10378.535714285714,-10317.75
2026-03-17 08:51:37,-10040.302686845791,-9921.09473964931,-9957.7971864791,-9782.818854590307
2026-03-17 08:52:07,-10760.848601735777,-10585.592342583665,-10524.911603985858,-10352.655451980429
2026-03-17 08:52:37,-10130.374814661562,-10208.682459225543,-10097.306989414157,-10026.930105858417
2026-03-17 08:53:07,-10359.275862068966,-10726.068965517241,-10069.275862068966,-10017.862068965516
2026-03-17 08:53:37,-10359.088401599778,-10142.566542545856,-10281.512894773134,-10103.8477451386
2026-03-17 08:54:07,-10243.137931034482,-10305.172413793103,-10033.965517241379,-9970.724137931034
2026-03-17 08:54:37,-10253.715389124513,-10446.501844763972,-10155.373952622322,-10125.926692183028
2026-03-17 08:55:07,-9934.485017758008,-10532.947139753802,-9960.311713389194,-9903.968828661082
2026-03-17 08:55:37,-10613.599531050651,-10530.395503603322,-10250.33619530361,-10186.890107237681
2026-03-17 08:56:07,-10120.09930692045,-10390.331367883864,-10068.687286645287,-9927.657666977
2026-03-17 08:56:37,-10250.508603151615,-10643.012309920347,-10117.720078617978,-10048.343160580669
2026-03-17 08:57:07,-10295.886348746595,-10477.845591531328,-9995.862211647875,-10056.51529257612
2026-03-17 08:57:37,-10202,-10525.724137931034,-10522.206896551725,-10093.931034482759
2026-03-17 08:58:07,-10527.758620689656,-10689.620689655172,-10672.068965517241,-10228.034482758621
2026-03-17 08:58:37,-11070.736333850664,-10502.121055354371,-10814.416278668736,-10429.901707190895
2026-03-17 08:59:07,-10738.724137931034,-10434.034482758621,-10976.655172413793,-10092.551724137931
2026-03-17 08:59:37,-10406.158408330748,-10240.164132271302,-10687.390089996898,-10131.960966863213
2026-03-17 09:00:07,-10091.47960415158,-10245.129478293851,-10552.153374021584,-10054.860177235267
2026-03-17 09:00:37,-10187.125025860287,-10331.046134749327,-10683.056340942005,-10134.887249155232
2026-03-17 09:01:07,-10291.172413793103,-10093.206896551725,-10510.344827586207,-10020
2026-03-17 09:01:37,-10210.068965517241,-10374.862068965516,-10692.827586206897,-10243.275862068966
2026-03-17 09:02:07,-10049.655172413793,-10026.689655172413,-10428.48275862069,-10003.275862068966
2026-03-17 09:02:37,-10550.206896551725,-11193.068965517241,-10584.413793103447,-10438.344827586207
2026-03-17 09:03:07,-10625.301703330806,-11604.130749603477,-10489.380042755673,-10479.725536169919
2026-03-17 09:03:37,-11598.344827586207,-12917.896551724138,-10894.793103448275,-10567.137931034482
2026-03-17 09:04:07,-10605.710541742817,-11658.16062622849,-10329.425152591468,-10391.63419428256
2026-03-17 09:04:37,-10788.849429369377,-11527.117884356792,-10805.813191738787,-10407.92331827742
2026-03-17 09:05:07,-11222.708778704917,-11795.358940762706,-10821.495069305565,-10341.114405903041
2026-03-17 09:05:37,-10435.58620689655,-11185.551724137931,-10376,-10345.103448275862
2026-03-17 09:06:07,-10632.172413793103,-11083.103448275862,-10492.862068965516,-10255.068965517241
2026-03-17 09:06:37,-11815.529963450797,-11880.594441762638,-11086.718157368457,-10561.547479484174
2026-03-17 09:07:07,-10711.748680988998,-11510.845201558674,-10415.807441635918,-10290.941066933341
2026-03-17 09:07:37,-10393.392875616399,-11365.978137177142,-11627.297493016998,-10615.883306320906
2026-03-17 09:08:07,-12735.655172413793,-11156.551724137931,-12739.241379310344,-10839.241379310344
2026-03-17 09:08:37,-12345.447022721788,-11025.342205978694,-12879.460745440128,-10559.907595765957
2026-03-17 09:09:07,-11121.064790869279,-11618.771766490809,-12778.69728630047,-11664.046067376985
2026-03-17 09:09:37,-11931.56496843848,-11098.823772895037,-12166.534441723294,-10974.474837018386
2026-03-17 09:10:07,-10820.799282783353,-11853.867108030758,-13129.92655425675,-10444.157098031103
2026-03-17 09:10:37,-11456.639426226682,-10534.740181373058,-12592.04855005,-11139.684838453848
2026-03-17 09:11:07,-12089.51415468432,-11834.040205510153,-12307.058377297333,-11111.51339608979
2026-03-17 09:11:37,-11236.060825488776,-11413.985724630184,-12547.325954277438,-10534.636736664252
2026-03-17 09:12:07,-10779.869659666907,-10989.89690010689,-12265.059825523256,-11026.619771732008
2026-03-17 09:12:37,-11978.344827586207,-13888.034482758621,-12323.965517241379,-11677.172413793103
2026-03-17 09:13:07,-11748.534583821805,-14735.811323357011,-11687.814633473554,-11666.436797462244
2026-03-17 09:13:37,-12680.953037721538,-16949.3138404248,-12191.814357630508,-11767.567753948004
2026-03-17 09:14:07,-11772.352677493878,-16361.332367849383,-12721.388917623528,-11390.53825730147
2026-03-17 09:14:37,-13191.027895589808,-16844.074342264063,-12501.362021999243,-12794.938105582567
2026-03-17 09:15:07,-12191.710916488519,-18846.838149093168,-12781.428866974691,-12427.246396800221
2026-03-17 09:15:37,-13981.551724137931,-14828.965517241379,-12066.620689655172,-10940.655172413793
2026-03-17 09:16:07,-11578.827586206897,-13066.689655172413,-10916.758620689656,-11976
2026-03-17 09:16:37,-12243.931034482759,-17989.068965517243,-12586.172413793103,-12925.206896551725
2026-03-17 09:17:07,-11421.068965517241,-15047.241379310344,-11669.448275862069,-11673.758620689656
2026-03-17 09:17:37,-14153.72943894617,-17836.477119900683,-12552.363874616365,-11925.273285285697
2026-03-17 09:18:07,-12563.818783616052,-12513.170597159013,-11317.6113639498,-10941.283960832989
2026-03-17 09:18:37,-10408.330747215612,-10796.041515809799,-10176.407710078962,-10120.892383021273
2026-03-17 09:19:07,-9826.827586206897,-10159.758620689656,-9990.827586206897,-10277.448275862069
2026-03-17 09:19:37,-10428,-10149.689655172413,-10090.758620689656,-9712.724137931034
2026-03-17 09:20:07,-9912.488793876284,-10444.796910557892,-9951.417143645267,-9527.584304530723
2026-03-17 09:20:37,-10092.416979895857,-10528.604434635676,-10202.76561260733,-10696.12745267078
2026-03-17 09:21:07,-10160.655172413793,-10673.206896551725,-10067,-9719.896551724138
2026-03-17 09:21:37,-10438.555961657818,-10420.626163712848,-10122.50879249707,-9993.00048272533
2026-03-17 09:22:07,-10037.92711098852,-10215.184636072132,-9629.521084025791,-9906.630348584631
2026-03-17 09:22:37,-10143.502396303831,-10133.124159569701,-10370.858187084095,-9691.30779574527
2026-03-17 09:23:07,-9812.646531512893,-10091.849400082747,-10183.974624189766,-10552.475520617845
2026-03-17 09:23:37,-10167.890762387504,-10187.303886072896,-10230.405848074206,-10026.58529016241
2026-03-17 09:24:07,-9953.210123439763,-9918.040135163092,-10131.23232880491,-9898.35183780429
2026-03-17 09:24:37,-11011.138315114313,-10894.030828649262,-10361.184868443737,-10291.182454567397
2026-03-17 09:25:07,-9950.241379310344,-10082.310344827587,-10443.206896551725,-9638.034482758621
2026-03-17 09:25:37,-10220.965517241379,-9828.068965517241,-10341.551724137931,-10357.51724137931
2026-03-17 09:26:07,-9952.415433950553,-10257.715251198233,-10113.789179683457,-9580.566187372848
2026-03-17 09:26:37,-10682.126969895513,-10436.84264974654,-10490.396220559329,-10449.325838822027
2026-03-17 09:27:07,-10293.024378469709,-10344.40191717527,-10319.71311334092,-9706.975621530293
2026-03-17 09:27:37,-10394.469156235991,-10178.097306989413,-10086.58322126823,-10059.446225992206
2026-03-17 09:28:07,-10756.026069864476,-10996.448153384597,-10410.324493948066,-10454.567398875823
2026-03-17 09:28:37,-10848.413793103447,-10995.137931034482,-10885.206896551725,-10362.241379310344
2026-03-17 09:29:07,-10213.295634783808,-10670.402041238536,-10051.78953175643,-10033.480449624165
2026-03-17 09:29:37,-10600.606917479912,-11028.24235318459,-10261.595227421634,-10177.937170247249
2026-03-17 09:30:07,-10564.34039031791,-10894.765878215296,-10393.110819943453,-10148.472519136612
2026-03-17 09:30:37,-10344.275862068966,-10694.310344827587,-10634.689655172413,-10321.034482758621
2026-03-17 09:31:07,-10704.662318390447,-10903.06104841771,-10080.201539151742,-10096.662870552507
2026-03-17 09:31:37,-9908.375879674348,-11024.803366910446,-10456.602732165034,-10217.572788740168
2026-03-17 09:32:07,-10331.654998792977,-10956.754146980722,-10069.938269476152,-10057.178328792634
2026-03-17 09:32:37,-10512.102613612855,-10765.188607682228,-10174.81552996345,-10139.783463209435
2026-03-17 09:33:07,-10730.40719925525,-10630.727855739064,-10892.11460883357,-10459.848981139883
2026-03-17 09:33:37,-10519.980691652589,-10808.295693548944,-11324.62159086991,-10458.642209426613
2026-03-17 09:34:07,-11147.788007310091,-11341.539946898381,-11482.466121857866,-10506.327368021792
2026-03-17 09:34:37,-10481.070271015793,-11047.651886076823,-11313.185297565686,-10706.089235225158
2026-03-17 09:35:07,-10616.559762742258,-10677.184633422994,-11368.40471756673,-10465.618318504725
2026-03-17 09:35:37,-10510.603813924617,-11134.935687437497,-11434.670161040034,-10535.466740232421
2026-03-17 09:36:07,-10615.440314461071,-10280.635818219434,-11062.202606716779,-10270.7744293497
2026-03-17 09:36:37,-10433.980482085588,-10372.564571192108,-11182.626987137486,-10486.602986309872
2026-03-17 09:37:07,-11608.578718709055,-10429.625543065997,-11324.150058616648,-10310.461347493278
2026-03-17 09:37:37,-10130.551724137931,-10381.206896551725,-11485.448275862069,-10383.758620689656
2026-03-17 09:38:07,-10554.61692297083,-12008.895938211159,-10925.143093579754,-10580.546169229709
2026-03-17 09:38:37,-11755.310344827585,-14334.793103448275,-11423.310344827585,-10935.172413793103
2026-03-17 09:39:07,-12589.724137931034,-13484.275862068966,-12314.448275862069,-10934.344827586207
2026-03-17 09:39:37,-11175.665425458557,-12926.665287546544,-11041.856295683354,-11142.394152530685
2026-03-17 09:40:07,-11868.241379310344,-12310.793103448275,-11142.275862068966,-10953.758620689656
2026-03-17 09:40:37,-12322.885417744214,-12554.394676045653,-11095.927726630114,-11108.720388952104
2026-03-17 09:41:07,-11669.632081652358,-12812.903003344712,-11124.788800386195,-10748.077652494743
2026-03-17 09:41:37,-11596.965517241379,-14669.310344827585,-11484.655172413793,-11420.034482758621
2026-03-17 09:42:07,-11675.253465756261,-12391.026967377064,-10511.000758673013,-10778.501965652806
2026-03-17 09:42:37,-11092.890145507206,-12395.00724087994,-11157.713261154404,-11172.953589407627
2026-03-17 09:43:07,-12013.275404296402,-12523.981931657527,-13280.64549498293,-11258.197993172647
2026-03-17 09:43:37,-13260.241379310344,-13013.758620689656,-15100.103448275862,-12254.620689655172
2026-03-17 09:44:07,-13055.547893248742,-11696.158885594097,-14780.18757327081,-11704.985863043928
2026-03-17 09:44:37,-13550.015516706322,-14469.638977966279,-15054.51536153926,-12180.614461570292
2026-03-17 09:45:07,-13670.769973449189,-12339.815868418329,-15700.38964173649,-11380.745491534773
2026-03-17 09:45:37,-12241.750284472948,-13506.32736802179,-15680.148960380675,-12859.211751318919
2026-03-17 09:46:07,-13911.350941314393,-14661.368181504724,-14594.958968347011,-13605.78580787532
2026-03-17 09:46:37,-12848.591427881798,-11885.003965380505,-15606.117030447227,-11838.798662115101
2026-03-17 09:47:07,-12695.298216564903,-13550.726137500431,-15604.67763634482,-12073.269171064887
2026-03-17 09:47:37,-13164.959475771684,-11830.522503879978,-12103.190205207795,-11806.656320055181
2026-03-17 09:48:07,-13945.758620689656,-12870.344827586207,-15490.206896551725,-11835.931034482759
2026-03-17 09:48:37,-10235.896551724138,-10137.034482758621,-10001.965517241379,-10046.379310344828
2026-03-17 09:49:07,-10401.744767421811,-10312.678873142304,-10038.619357953174,-9903.141270990654
2026-03-17 09:49:37,-10073.960416523,-10327.804978966968,-9998.965588580098,-10046.893317702228
2026-03-17 09:50:07,-10223.647460432398,-10084.27295610496,-9843.936415985654,-9825.6956656667
2026-03-17 09:50:37,-10188.937549570674,-10397.634401186246,-10090.141039346183,-9683.195972274905
2026-03-17 09:51:07,-10027.828545811923,-10173.97151625918,-9547.880961412462,-10234.628780302768
2026-03-17 09:51:37,-9958.173856073927,-10586.290127926623,-10504.706734250542,-10152.68439019344
2026-03-17 09:52:07,-10213.5246042967,-9642.608365805716,-9839.373771509361,-9824.89051346598
2026-03-17 09:52:37,-9800.027587158176,-10487.223697368874,-9960.067588537535,-9948.308562364218
2026-03-17 09:53:07,-10350.48275862069,-10008,-9928.379310344828,-9864.896551724138
2026-03-17 09:53:37,-9764.448275862069,-10366.620689655172,-10043.068965517241,-10036.724137931034
2026-03-17 09:54:07,-10523.0509292783,-9951.518913140926,-9974.58708320403,-9977.035274645703
2026-03-17 09:54:37,-9945.72600944795,-10181.64890865832,-10717.1476845626,-10149.546567359745
2026-03-17 09:55:07,-10347.574221578565,-10021.275128443845,-9973.035412571979,-9941.760628943828
2026-03-17 09:55:37,-9763.172413793103,-10311.827586206897,-10713.172413793103,-10048.034482758621
2026-03-17 09:56:07,-10779.931034482759,-10434.58620689655,-10411.896551724138,-10168.58620689655
2026-03-17 09:56:37,-10597.365426394012,-10112.348701679366,-10068.726507810612,-10066.89885858133
2026-03-17 09:57:07,-9953.137931034482,-9897.034482758621,-10116.413793103447,-9928.241379310344
2026-03-17 09:57:37,-10099.72069928623,-10035.20568256267,-10365.746008758317,-10056.687700424121
2026-03-17 09:58:07,-10274.689655172413,-10617.620689655172,-10259.58620689655,-10051.655172413793
2026-03-17 09:58:37,-9656.196124405215,-10013.033583890767,-11055.134128680782,-10003.310116543687
2026-03-17 09:59:07,-10376.504258473844,-11036.481500637909,-10332.229923106099,-10101.548222475087
2026-03-17 09:59:37,-10532.192985481257,-10744.249405110873,-10175.500913887643,-10173.431734317342
2026-03-17 10:00:07,-10423.985379814489,-10555.360159994481,-10067.652839557255,-10159.822075100858
2026-03-17 10:00:37,-9874.241379310344,-10758.724137931034,-10208.48275862069,-10212.48275862069
2026-03-17 10:01:07,-10153.201613737456,-10677.562842660596,-10092.1692355436,-10060.273783662631
2026-03-17 10:01:37,-10995.413793103447,-10870.862068965516,-10256.827586206897,-9828.620689655172
2026-03-17 10:02:07,-10104.172413793103,-10872.51724137931,-10204.965517241379,-10108.172413793103
2026-03-17 10:02:37,-10140.029654149856,-11201.372366470121,-10200.889624495705,-10608.047998344884
2026-03-17 10:03:07,-10533.395400158615,-10641.564083997104,-10076.445639805524,-10036.757353194718
2026-03-17 10:03:37,-10205.613599531049,-11300.437915933931,-10633.322988862452,-10291.920968242473
2026-03-17 10:04:07,-10758,-9895.551724137931,-11146.793103448275,-10229.827586206897
2026-03-17 10:04:37,-10866.802289497276,-11219.984828632509,-11210.15792014344,-10437.142266050618
2026-03-17 10:05:07,-10552.99634507965,-10307.323632852907,-11650.78270464106,-10276.946417488449
2026-03-17 10:05:37,-11316.931034482759,-11213.758620689656,-11395.931034482759,-10013.896551724138
2026-03-17 10:06:07,-10989.17278714527,-11050.274128478328,-11346.367366642527,-11217.578704182613
2026-03-17 10:06:37,-10578.842108892797,-10897.900072411298,-11526.671494086411,-10421.950967208028
2026-03-17 10:07:07,-10642.42863053372,-10700.97227968556,-11105.53716728727,-10292.68376775617
2026-03-17 10:07:37,-11235.259637266396,-10655.368595269292,-11379.00834425212,-10438.349079373837
2026-03-17 10:08:07,-11200.58620689655,-10473.931034482759,-11079.448275862069,-10283.103448275862
2026-03-17 10:08:37,-10536.1539257267,-11132.89196924244,-11309.782421295818,-10346.539774490535
2026-03-17 10:09:07,-12314.252215593639,-13051.519017897166,-11228.800993137693,-11045.760198627537
2026-03-17 10:09:37,-11292.40371021689,-13091.238233164375,-11032.067859728975,-11020.757904899832
2026-03-17 10:10:07,-12352.044686573341,-12438.107716709193,-10787.08364940349,-10155.092752223985
2026-03-17 10:10:37,-11423.901799875872,-12761.085442383284,-11345.424453485966,-11987.069857251225
2026-03-17 10:11:07,-11683.504585890629,-11227.639473139783,-10806.358182194332,-10481.24267291911
2026-03-17 10:11:37,-10684.735009137617,-13419.192441639945,-10710.354815351197,-10631.047205268786
2026-03-17 10:12:07,-10810.83410916865,-13045.757042860592,-10949.932760939279,-11260.439295196718
2026-03-17 10:12:37,-11923.103448275862,-14697.862068965516,-11692.827586206897,-10961.068965517241
2026-03-17 10:13:07,-11799.33790820373,-13496.603331149348,-11524.190489327217,-10764.33670126556
2026-03-17 10:13:37,-12109.383082175245,-13093.313562536638,-11214.559122728368,-10971.792130763128
2026-03-17 10:14:07,-12866.319564167989,-13916.17819460727,-14098.269084890699,-12706.951244741742
2026-03-17 10:14:37,-10937.172413793103,-12830.344827586207,-16689.862068965518,-11810.310344827585
2026-03-17 10:15:07,-13280.32001103486,-12754.026000896582,-13366.357460602088,-11121.211076244006
2026-03-17 10:15:37,-12545.58620689655,-11802.448275862069,-15945.793103448275,-11848.724137931034
2026-03-17 10:16:07,-12079.03720817959,-11676.47160246905,-14752.750094830853,-11625.40087589227
2026-03-17 10:16:37,-14563.601255129131,-14946.898382814385,-16119.237267680423,-12599.806903210232
2026-03-17 10:17:07,-14674.97758466101,-12415.82178081247,-15087.281881509069,-12348.6792192565
2026-03-17 10:17:37,-12555.310344827585,-12176.379310344828,-15851.655172413793,-11811.344827586207
2026-03-17 10:18:07,-14418.359253767369,-12717.024724990515,-15609.538259939996,-12380.633814959136
2026-03-17 10:18:37,-11839.275862068966,-12144.172413793103,-14505.827586206897,-11754.655172413793
2026-03-17 10:19:07,-11784.30290699679,-12410.97968895479,-12960.102072485257,-10754.370840373804
2026-03-17 10:19:37,-12804.151437831873,-11326.80504792773,-11159.471760568236,-9783.152886007862
2026-03-17 10:20:07,-10405.172413793103,-10304.51724137931,-9935.413793103447,-10382.241379310344
2026-03-17 10:20:37,-10130.620689655172,-9893.655172413793,-10336.068965517241,-10057.379310344828
2026-03-17 10:21:07,-9912.491811191947,-10437.023756163157,-9938.316725855948,-9512.222873495846
2026-03-17 10:21:37,-9822.884336850817,-10150.044830677978,-10025.794882405682,-10368.2322918822
2026-03-17 10:22:07,-10250.26723216441,-10229.57829040378,-9597.01389607255,-9861.14271921658
2026-03-17 10:22:37,-10376.142359554437,-10510.294168362245,-10429.975514708418,-9723.902472669586
2026-03-17 10:23:07,-9895.10175922732,-10109.899965505347,-9532.321490169024,-10159.365298378752
2026-03-17 10:23:37,-9836.85644332563,-10343.77047484396,-10334.735680540707,-10001.551777647504
2026-03-17 10:24:07,-10382.159235888419,-10384.19364849488,-9919.00279300714,-9977.586979759319
2026-03-17 10:24:37,-10776.869763111616,-10195.924278473154,-10289.127961104788,-10180.30412744388
2026-03-17 10:25:07,-9964.415020171717,-9932.795420847557,-10150.99479328299,-9925.278438674528
2026-03-17 10:25:37,-10483.242534997587,-10250.81028894559,-10929.901386111304,-10109.923453554928
2026-03-17 10:26:07,-9982.519049753475,-10109.16112126332,-10335.551494672965,-10058.304313346896
2026-03-17 10:26:37,-10286.945727880837,-10233.087373284601,-10118.715950624095,-10174.91897110544
2026-03-17 10:27:07,-10134.793103448275,-10127.58620689655,-10664.689655172413,-9912.51724137931
2026-03-17 10:27:37,-10844.976208537342,-10353.079097993243,-10392.903937659472,-9799.25522377767
2026-03-17 10:28:07,-9644.20921973589,-9936.489328690137,-10212.564217494742,-10203.254835706652
2026-03-17 10:28:37,-10366.116072968032,-10037.38059933101,-10354.87430601055,-10150.556915755715
2026-03-17 10:29:07,-10275.793103448275,-10087.793103448275,-10187,-9959.137931034482
2026-03-17 10:29:37,-10762.801282714388,-11232.578186959068,-10303.64470190683,-9865.1425812903
2026-03-17 10:30:07,-10150.344827586207,-10618.172413793103,-10370.275862068966,-10476.793103448275
2026-03-17 10:30:37,-10394.468202510692,-11015.726307076839,-10314.353703959167,-10157.711408470133
2026-03-17 10:31:07,-10145.108452015585,-10666.954032897685,-10052.89837580606,-10106.107107141625
2026-03-17 10:31:37,-11092.275862068966,-10692.103448275862,-10377,-9890.58620689655
2026-03-17 10:32:07,-10605.703251612014,-11431.088583152306,-9897.796627702493,-10423.778490396884
2026-03-17 10:32:37,-10616.448275862069,-10608.551724137931,-10688.172413793103,-10165.58620689655
2026-03-17 10:33:07,-10139.51724137931,-10721.896551724138,-10161.172413793103,-9696.827586206897
2026-03-17 10:33:37,-10219.37174580187,-10588.807282507501,-10181.924761215132,-10127.92662321989
2026-03-17 10:34:07,-10313.355632952858,-10684.920169661022,-10077.313010793474,-10472.326631952825
2026-03-17 10:34:37,-10673.655172413793,-10617.724137931034,-11434.310344827585,-10144.51724137931
2026-03-17 10:35:07,-10569.310344827587,-11005.103448275862,-11331.103448275862,-10747.758620689656
2026-03-17 10:35:37,-10784.628116271851,-11399.089686562531,-11397.641460639286,-10516.15461535809
2026-03-17 10:36:07,-10957.725595669113,-10740.974449156924,-11506.223923312988,-10311.023757801453
2026-03-17 10:36:37,-10438.728363561135,-10420.281359906214,-10884.76656782291,-10678.815254120405
2026-03-17 10:37:07,-10656.00110333414,-10324.414715719065,-11511.016101782576,-10382.891425024998
2026-03-17 10:37:37,-11581.379310344828,-11049.58620689655,-11112.448275862069,-10419.034482758621
2026-03-17 10:38:07,-10012.517673023207,-10313.769440325526,-11479.80964860857,-10244.42222145591
2026-03-17 10:38:37,-10986.862068965516,-11048.137931034482,-10907.413793103447,-10635.241379310344
2026-03-17 10:39:07,-10349.963796848604,-10629.796917560254,-11803.641002654898,-10394.855704582285
2026-03-17 10:39:37,-12025.86296079175,-12233.663229766542,-10993.482533880477,-10877.995792958376
2026-03-17 10:40:07,-11213.39402717429,-12620.491068349544,-10795.60659355818,-10768.466790813161
2026-03-17 10:40:37,-11045.013969852713,-14077.851747093926,-10551.860922355214,-11240.281466662069
2026-03-17 10:41:07,-10487.101669195752,-12357.980411091186,-11565.250379362671,-10722.616912677611
2026-03-17 10:41:37,-11910.617607503706,-14814.890168626502,-11460.01586261595,-11316.0453808752
2026-03-17 10:42:07,-11044.895003620564,-12979.414502948173,-10462.811627185269,-11751.077549050031
2026-03-17 10:42:37,-11597.103448275862,-13496.655172413793,-11209.448275862069,-11224
2026-03-17 10:43:07,-12422.172413793103,-12666.51724137931,-11028.344827586207,-10815.103448275862
2026-03-17 10:43:37,-11978.758620689656,-12617,-11553.448275862069,-10869.655172413793
2026-03-17 10:44:07,-11477.121478569705,-14008.51694769146,-11373.67676976656,-11120.685493603669
2026-03-17 10:44:37,-14725.143980411765,-13096.458254302168,-15519.812394385626,-12136.08304307342
2026-03-17 10:45:07,-12733.88042203986,-14343.63147369147,-14479.242810840633,-11947.279497965657
2026-03-17 10:45:37,-13952.863694355368,-12607.151477535259,-15661.49443122651,-12136.926312885764
2026-03-17 10:46:07,-11747.146650115512,-11437.19182097169,-14746.07772145788,-11724.112961622011
2026-03-17 10:46:37,-12837.028863064243,-12809.131349356872,-14876.512983206316,-11498.051656953687
2026-03-17 10:47:07,-13122.275862068966,-14072.965517241379,-15297.068965517241,-12660.896551724138
2026-03-17 10:47:37,-11835.833247129407,-12804.489500362055,-14858.384193648493,-12154.511913382295
2026-03-17 10:48:07,-14051.172413793103,-12519.793103448275,-15687.344827586207,-12124.58620689655
2026-03-17 10:48:37,-12931.859719300664,-16100.624159453771,-15324.562915962617,-11910.652091451428
2026-03-17 10:49:07,-12425.60088278906,-12734.577054381183,-15058.691679023412,-11703.472533535638
2026-03-17 10:49:37,-11536.37680159989,-11361.078546307152,-10053.61699193159,-10335.218260809599
2026-03-17 10:50:07,-11346.02255094652,-10410.192751974071,-9956.449777593876,-9861.384090203786
2026-03-17 10:50:37,-10228.862068965516,-10310.137931034482,-10239.413793103447,-10042.689655172413
2026-03-17 10:51:07,-9919.626232673609,-9901.317150541343,-10088.3732156403,-9850.11378525619
2026-03-17 10:51:37,-9695.58620689655,-10002.58620689655,-10384.413793103447,-9938.034482758621
2026-03-17 10:52:07,-10351.884417778698,-9957.760077238716,-10015.551187890074,-9877.28009378987
2026-03-17 10:52:37,-10018.344195027756,-10208.958311782351,-10338.746939760696,-10149.02934381573
2026-03-17 10:53:07,-10466.710340309624,-10365.686308312934,-10154.915008792195,-10178.705651139539
2026-03-17 10:53:37,-10476.58620689655,-10429.241379310344,-9972.137931034482,-10065.103448275862
2026-03-17 10:54:07,-9685.114306403226,-9998.37936622875,-10355.3325747388,-9879.038653839521
2026-03-17 10:54:37,-10533.448275862069,-10128.448275862069,-10199.103448275862,-9979.103448275862
2026-03-17 10:55:07,-10011.240991689941,-10379.952415433949,-10029.757594565703,-9902.34819488983
2026-03-17 10:55:37,-10412.876306079519,-10476.947480947618,-10219.973102520775,-10136.556432980446
2026-03-17 10:56:07,-10174.344827586207,-10396.51724137931,-9620.51724137931,-9908.551724137931
2026-03-17 10:56:37,-10069.789258551946,-10183.268000134014,-9831.17231212517,-9829.195564043286
2026-03-17 10:57:07,-10240.533829919304,-10408.200565556244,-10297.81364232016,-9960.549003379543
2026-03-17 10:57:37,-9938.618573054242,-10637.22886996103,-10181.557984758094,-10167.591985930549
2026-03-17 10:58:07,-10314.461071650232,-10405.627198124268,-10013.723191504034,-10052.78946279567
2026-03-17 10:58:37,-11202.862068965516,-10646.48275862069,-10299.379310344828,-10235.758620689656
2026-03-17 10:59:07,-9944.381228233507,-10214.061584083307,-10022.895762215096,-9925.312920244129
2026-03-17 10:59:37,-10649.918962722852,-10253.87082313183,-10212.455601917307,-10100.555191558327
2026-03-17 11:00:07,-10072.793103448275,-10364.068965517241,-10541.068965517241,-10000.551724137931
2026-03-17 11:00:37,-10046.617474656921,-10719.364181780567,-10755.9823460451,-10169.643472863941
2026-03-17 11:01:07,-10313.952686392166,-10366.197668804745,-10604.800331057315,-10138.699220635906
2026-03-17 11:01:37,-10607.565256370468,-10282.059239336573,-10673.494017447672,-10231.336850453432
2026-03-17 11:02:07,-10703.192883249432,-11020.412385352734,-10846.217502241225,-10245.879594510723
2026-03-17 11:02:37,-10340.460015862614,-10695.5412255595,-10772.92320424842,-10299.837925445703
2026-03-17 11:03:07,-10528.435937230557,-10465.114674943956,-10395.137092602172,-10167.649594757717
2026-03-17 11:03:37,-10298.39682813308,-10228.167557317704,-11203.792449577659,-10291.398034821581
2026-03-17 11:04:07,-10459.254405628168,-10341.38014277339,-10223.023071352209,-10066.903472773045
2026-03-17 11:04:37,-9875.340528983757,-10333.597710265869,-11011.276250905203,-10175.868133383909
2026-03-17 11:05:07,-10610.371698503552,-11439.624853458383,-10509.137300875802,-10473.725949934487
2026-03-17 11:05:37,-10460.493188480772,-11472.49525780307,-10423.383341955509,-10554.854285221589
2026-03-17 11:06:07,-10810.454811903039,-11430.467914899487,-9971.518223509534,-10252.508534188477
2026-03-17 11:06:37,-10792.655172413793,-11611.413793103447,-11112.965517241379,-10314.103448275862
2026-03-17 11:07:07,-10337.080588985826,-11587.020242077311,-10549.260319321354,-10615.710886582294
2026-03-17 11:07:37,-11605.344827586207,-13202.48275862069,-10789.172413793103,-10392.310344827587
2026-03-17 11:08:07,-10530.620689655172,-11412.58620689655,-10507,-10604.655172413793
2026-03-17 11:08:37,-10896.793103448275,-11621.793103448275,-10437.310344827587,-10363.206896551725
2026-03-17 11:09:07,-10429.01479361357,-11775.13017690265,-10744.232559743437,-10528.466498844786
2026-03-17 11:09:37,-11676.6328712325,-11611.421477343265,-10503.103662321539,-10578.591627008758
2026-03-17 11:10:07,-11114.873952477843,-11296.927268338104,-12438.390178294307,-11182.88098768838
2026-03-17 11:10:37,-10556.639884133934,-11400.63450463809,-12896.37573709438,-10850.546570571398
2026-03-17 11:11:07,-11929.2364990689,-12503.517483964411,-12719.463411269742,-11023.691289054417
2026-03-17 11:11:37,-12438.769527882194,-10961.306342035383,-12613.201365658517,-10546.366865537813
2026-03-17 11:12:07,-10495.965517241379,-11264.965517241379,-12631.965517241379,-11103.068965517241
2026-03-17 11:12:37,-12738.025449153418,-12454.11910755543,-13013.172868029931,-10783.578744094622
2026-03-17 11:13:07,-11748.787284549493,-11359.170193002377,-12281.93484019679,-11104.241923831152
2026-03-17 11:13:37,-11275.758620689656,-11668.137931034482,-12447.48275862069,-10984.51724137931
2026-03-17 11:14:07,-11663.574606020895,-10785.647780957963,-12632.642504913962,-10731.473499086174
2026-03-17 11:14:37,-11462.965517241379,-10902.241379310344,-12077.620689655172,-11194.344827586207
2026-03-17 11:15:07,-12073.241379310344,-17987.896551724138,-12876.724137931034,-11782.862068965516
2026-03-17 11:15:37,-12585.08914100486,-16662.47111969378,-12752.612159039965,-12300.010345184315
2026-03-17 11:16:07,-12435.019482086824,-16865.97013896072,-12349.987931450638,-11649.150029309332
2026-03-17 11:16:37,-12541.689655172413,-14873.379310344828,-11823.379310344828,-12463.655172413793
2026-03-17 11:17:07,-12051.039762734075,-15711.521881573955,-11667.517329378901,-12294.340793875228
2026-03-17 11:17:37,-13242.612323712974,-18985.27636978035,-12512.154753284369,-11863.487465949449
2026-03-17 11:18:07,-13178.701979446862,-15848.161942202913,-12727.739844127183,-12378.060555900409
2026-03-17 11:18:37,-14203.33781593738,-15134.995344988101,-13186.786662528877,-11970.276887003894
2026-03-17 11:19:07,-12752.594738112477,-15738.802110272058,-12358.815213268506,-12054.170545843246
2026-03-17 11:19:37,-14307.18300631056,-16995.86192627332,-11892.099727576811,-12245.077416462635
2026-03-17 11:20:07,-10750.33621849029,-10507.086451256939,-10505.707093348045,-9867.133349425842
2026-03-17 11:20:37,-10181.075209489982,-10892.548018897201,-10182.075243973928,-10056.72609400324
2026-03-17 11:21:07,-9675.012069797916,-10040.726946685978,-9899.441340782123,-9945.16863231947
2026-03-17 11:21:37,-10623.004516774128,-10030.652001517086,-10078.612557321658,-10095.472882115644
2026-03-17 11:22:07,-9850.827586206897,-10571,-10014.689655172413,-10058.793103448275
2026-03-17 11:22:37,-10462.100834540313,-10110.386923236085,-10047.451548382647,-9657.252224291331
2026-03-17 11:23:07,-9799.51724137931,-10297.620689655172,-9906.862068965516,-10229.241379310344
2026-03-17 11:23:37,-10547.206896551725,-10535.137931034482,-10283.068965517241,-10101.51724137931
2026-03-17 11:24:07,-10422.557065029998,-10267.809116612647,-10018.274601751604,-10001.275774084546
2026-03-17 11:24:37,-10150.901755232937,-10373.0128625125,-10061.553846684366,-9686.023655988136
2026-03-17 11:25:07,-10024.620689655172,-10612,-10084.275862068966,-10291.48275862069
2026-03-17 11:25:37,-10164.373642288196,-10056.894589841728,-10357.26354263646,-10060.23930209303
2026-03-17 11:26:07,-9766.198834442566,-10228.835477085415,-10243.83599434463,-9972.964584985688
2026-03-17 11:26:37,-10076.620689655172,-10461.241379310344,-10595.793103448275,-10241.206896551725
2026-03-17 11:27:07,-10657.333011483153,-10218.042001448324,-9802.75181902824,-9926.273319769645
2026-03-17 11:27:37,-10736.317550091388,-10298.858502603718,-10909.09404421147,-10233.472428182225
2026-03-17 11:28:07,-10519.344827586207,-9953.103448275862,-10351,-9977.379310344828
2026-03-17 11:28:37,-10283.26609427261,-10224.095720837211,-9981.138581428226,-10215.854625702561
2026-03-17 11:29:07,-10342.942860098623,-10131.659712403874,-10743.784268423047,-10144.901548329251
2026-03-17 11:29:37,-9846.137931034482,-10285.655172413793,-10290.724137931034,-10054.965517241379
2026-03-17 11:30:07,-10183.959173821593,-10168.028688665909,-10293.989862418539,-9974.34571221682
2026-03-17 11:30:37,-10713.369426531948,-11134.935687437497,-9967.723024931893,-10247.422324907753
2026-03-17 11:31:07,-9927.901524032826,-10512.102613612855,-10633.094269360734,-9990.862699124198
2026-03-17 11:31:37,-10647.5415488587,-10723.984552789463,-10294.565892007447,-10224.501758499415
2026-03-17 11:32:07,-10453.22252491465,-10481.602813890133,-10097.279216524706,-9732.02524224973
2026-03-17 11:32:37,-10225.387977013868,-10593.579023433469,-10192.526065861464,-10477.16871408417
2026-03-17 11:33:07,-10527.96744603076,-10812.331884957583,-9902.47603282985,-10117.870197944685
2026-03-17 11:33:37,-10857.379310344828,-10834.275862068966,-10984.103448275862,-9875.379310344828
2026-03-17 11:34:07,-10837.718542018689,-11122.486982309732,-10456.87782337322,-10608.607193351494
2026-03-17 11:34:37,-10810.068965517241,-10798.862068965516,-10218.965517241379,-10180.310344827587
2026-03-17 11:35:07,-10828.959619297215,-10837.373702541465,-10033.38046139522,-10282.664919479981
2026-03-17 11:35:37,-10406.476308710946,-10416.132147044624,-11630.83660942134,-10578.522656734947
2026-03-17 11:36:07,-11774.662942657149,-11044.032964380538,-11152.615427054237,-10608.185924623287
2026-03-17 11:36:37,-10661.850408634778,-11438.601331080381,-11789.061691782474,-10742.887685782267
2026-03-17 11:37:07,-10763.395627887732,-10854.216950555134,-11433.245983035653,-9991.69022826012
2026-03-17 11:37:37,-10453.708492810594,-10413.675390503777,-11189.924485362575,-10830.454122271647
2026-03-17 11:38:07,-11399.158649701732,-10844.695010516878,-11315.954622254403,-11096.065652908519
2026-03-17 11:38:37,-10728.724137931034,-10370.655172413793,-11443.448275862069,-9788.034482758621
2026-03-17 11:39:07,-10230.777187780153,-10583.99420729605,-11171.712295703745,-10909.971726087857
2026-03-17 11:39:37,-11834.781709083387,-11069.797917097732,-11374.163735430031,-10150.45865232085
2026-03-17 11:40:07,-10615.400531052794,-10716.645401565569,-11308.286492637675,-10635.74606020897
2026-03-17 11:40:37,-11699.413793103447,-13220.448275862069,-11466.103448275862,-11242.689655172413
2026-03-17 11:41:07,-11772.774291428177,-13049.444865871319,-11496.689883456314,-10484.1735052755
2026-03-17 11:41:37,-10550.946519085548,-12445.77773180235,-10834.971207889383,-11402.193027826625
2026-03-17 11:42:07,-12297.151920557204,-12915.143783187366,-11265.326529204884,-10961.38197365699
2026-03-17 11:42:37,-12645.379310344828,-12794.275862068966,-11644.620689655172,-10798.689655172413
2026-03-17 11:43:07,-10642.78325632715,-12920.867526377491,-10731.156471967452,-11208.261499206952
2026-03-17 11:43:37,-11498.44816883923,-13179.184771363542,-11634.181667701221,-10894.751362162908
2026-03-17 11:44:07,-11287.743492501291,-12431.64971556628,-11092.294431994484,-10714.325116359249
2026-03-17 11:44:37,-13046.898168902375,-12789.096175730196,-11277.526811269352,-11401.737990965205
2026-03-17 11:45:07,-11329.712768525222,-12782.31785110858,-11499.70690665839,-10805.179131754076
2026-03-17 11:45:37,-14222.222222222224,-13917.442582247055,-14737.464652734674,-11877.336368025382
2026-03-17 11:46:07,-11813.689655172413,-12905.206896551725,-15208.137931034482,-11489.275862068966
2026-03-17 11:46:37,-11898.448275862069,-12805.793103448275,-15043.724137931034,-12485.275862068966
2026-03-17 11:47:07,-11704.793103448275,-11383,-14713.206896551725,-11964.275862068966
2026-03-17 11:47:37,-12909.858960653813,-14191.385909858958,-16259.698610296904,-11542.225593985999
2026-03-17 11:48:07,-12434.280394455554,-12735.673401834356,-14621.370939935177,-11968.48493207365
2026-03-17 11:48:37,-12838.971069963103,-12824.661218578669,-15505.70669976897,-12439.777938691768
2026-03-17 11:49:07,-13765.912695676161,-13093.097027791187,-15589.855872008828,-12095.303772153646
2026-03-17 11:49:37,-11890.137931034482,-13807.068965517241,-15545.413793103447,-12183.206896551725
2026-03-17 11:50:07,-13713.734009172098,-13030.688596944934,-15117.133891934762,-12356.677355953245
2026-03-17 11:50:37,-12493.603227697506,-10361.874547398185,-10334.77016448843,-10051.312114210834
2026-03-17 11:51:07,-11098.10006551498,-9847.453536084962,-10427.950760318608,-10146.719078652459
2026-03-17 11:51:37,-10139.142729059622,-9688.092692851476,-10397.737853029414,-10009.724473257696
2026-03-17 11:52:07,-9561.428916244267,-10177.23526774939,-9983.759180717907,-9867.41836488397
2026-03-17 11:52:37,-10600.724137931034,-10231.758620689656,-10343.48275862069,-10029.655172413793
2026-03-17 11:53:07,-9576.884491645622,-9863.87380219324,-9974.67741377521,-9848.860137682914
2026-03-17 11:53:37,-10294.503069177184,-9994.378922684324,-10211.359404096835,-9970.618663356094
2026-03-17 11:54:07,-9568.71874461114,-9875.392309018796,-9997.827211588205,-9835.006035523365
2026-03-17 11:54:37,-10421.413793103447,-10180,-10134.793103448275,-10013.034482758621
2026-03-17 11:55:07,-10010.448636159867,-9881.375219835165,-10183.075278457876,-9869.685161557294
2026-03-17 11:55:37,-10109.348598227523,-10114.590158281319,-10116.348839615157,-9986.965067760955
2026-03-17 11:56:07,-10132.857487672838,-10370.401020654459,-10115.892555429122,-10016.068411434087
2026-03-17 11:56:37,-10067.3149872405,-10275.467273605076,-10034.002344989309,-9976.446651493206
2026-03-17 11:57:07,-9810.23961385968,-10323.358041716945,-10050.543009825891,-9957.593518358903
2026-03-17 11:57:37,-11004.483067797779,-10533.485067935719,-10299.744809986896,-10142.975377612249
2026-03-17 11:58:07,-9960.44418388109,-10309.238886781392,-9732.661999517191,-9874.400800082767
2026-03-17 11:58:37,-10059.245465204498,-10365.542451203533,-10026.588040554523,-9978.964066487346
2026-03-17 11:59:07,-9939.381400641356,-10284.335022930243,-10274.68018344195,-9844.212268542462
2026-03-17 11:59:37,-10471.931034482759,-10711.068965517241,-9899,-10121.344827586207
2026-03-17 12:00:07,-9626.275862068966,-10239.344827586207,-10295.034482758621,-9862.793103448275
2026-03-17 12:00:37,-10871.991171804952,-10813.5733498862,-10470.101386302504,-10361.714601006966
2026-03-17 12:01:07,-10630.931034482759,-10245.068965517241,-10097.551724137931,-10049.793103448275
2026-03-17 12:01:37,-9853.615641918685,-10165.385013276318,-10876.892306631262,-10143.315286734023
2026-03-17 12:02:07,-10698.56541830471,-11119.422029105455,-10693.806469411684,-10241.533898889578
2026-03-17 12:02:37,-10741.715231559707,-10416.117797165418,-10725.266388496153,-10170.936928859614
2026-03-17 12:03:07,-10398.130905579696,-10246.016966687357,-10590.695910062763,-10176.736326643217
2026-03-17 12:03:37,-11127.038863409081,-10878.513052174212,-10532.397668885133,-10334.287389220317
2026-03-17 12:04:07,-10261.362852610526,-10166.080419339267,-10490.03379543417,-10002.8622663632
2026-03-17 12:04:37,-10258.060066894244,-10278.02489569325,-10854.453294713974,-10118.306265301195
2026-03-17 12:05:07,-10807.717507500258,-9820.269664471187,-10701.334528776853,-10044.691196248144
2026-03-17 12:05:37,-9873.344827586207,-10475.689655172413,-10569.896551724138,-10128.551724137931
2026-03-17 12:06:07,-10490.154832925271,-11069.036863340114,-10628.849270664505,-10154.798441325562
2026-03-17 12:06:37,-10419.14350734432,-11203.710088959382,-10387.111233708021,-10374.456934004551
2026-03-17 12:07:07,-10287.024585359124,-11079.100720664803,-10257.95662218544,-10220.716527016308
2026-03-17 12:07:37,-10661.827085560573,-11313.308273269646,-10430.28589164396,-10400.903541745696
2026-03-17 12:08:07,-10878.573645549539,-11054.936717591474,-10104.803945235713,-10246.094423561057
2026-03-17 12:08:37,-11342.838424936212,-12962.588786980208,-11275.601682642577,-10432.935659609682
2026-03-17 12:09:07,-10285.3201834546,-11042.794579123416,-10255.077761302113,-10214.766026414702
2026-03-17 12:09:37,-10257.991103755041,-11828.69556222199,-10542.015792558876,-10798.282817833866
2026-03-17 12:10:07,-10632.745956757128,-11504.672574916374,-9982.378702713886,-10249.767233352874
2026-03-17 12:10:37,-10672.08083316091,-11859.059245465207,-10766.397682598801,-10532.622939513072
2026-03-17 12:11:07,-10853.960481395909,-10610.607262319389,-11384.25462946998,-10489.25825028449
2026-03-17 12:11:37,-11581.847649918962,-11661.402117314388,-12254.939825511223,-10872.581813165969
2026-03-17 12:12:07,-10445.383077029172,-11549.410385490657,-12622.853596303703,-11012.275015516172
2026-03-17 12:12:37,-10901.275862068966,-10845.137931034482,-12490.103448275862,-10844.758620689656
2026-03-17 12:13:07,-11573.985309838268,-11347.563709093416,-12573.468050622434,-10798.75168109245
2026-03-17 12:13:37,-11340.122479873393,-11016.720566985481,-12779.639441271589,-10883.196862313356
2026-03-17 12:14:07,-11465.429842408357,-11170.316217800611,-12579.054450153451,-10783.785647780956
2026-03-17 12:14:37,-11271.28521673161,-10956.067450601744,-12541.329011345217,-10902.927687161624
2026-03-17 12:15:07,-12957.443873504155,-11702.658895747836,-13717.350070696968,-11518.605372969618
2026-03-17 12:15:37,-11510.983894885678,-11320.826292375074,-12443.321722936855,-10863.710038969548
2026-03-17 12:16:07,-11294.452298038135,-12911.353997862292,-12025.135330827847,-11231.87256490708
2026-03-17 12:16:37,-12554.881202800094,-15780.475188799612,-12600.262078002688,-11817.924756026068
2026-03-17 12:17:07,-13479.62209502793,-16503.275636163024,-12087.95945107234,-11766.154058340804
2026-03-17 12:17:37,-11888.62837045721,-15039.824839666231,-11800.565478242881,-11453.07220191711
2026-03-17 12:18:07,-11745.51724137931,-15699.896551724138,-11658.103448275862,-11636
2026-03-17 12:18:37,-12532.67354046691,-15055.967447153347,-12447.118866167797,-12126.659539984135
2026-03-17 12:19:07,-13400.95169132099,-15431.778214544327,-12695.838074549154,-11678.390400331024
2026-03-17 12:19:37,-11907.962343529085,-18194.006689885857,-13496.430911410736,-11495.465360874512
2026-03-17 12:20:07,-13037.204330735813,-14945.452037790497,-11398.110475139645,-12656.989173160473
2026-03-17 12:20:37,-12801.958688230627,-14861.443498051654,-12117.900617262663,-11832.442498017172
2026-03-17 12:21:07,-12454.724137931034,-13307.965517241379,-11776.206896551725,-11759.068965517241
2026-03-17 12:21:37,-14384.9522430261,-10058.23937105617,-10195.579462777145,-10499.67242508879
2026-03-17 12:22:07,-10915.928135452945,-11996.7585089141,-9894.375668126486,-10526.535397772335
2026-03-17 12:22:37,-10980.37863374599,-10097.830959688265,-10025.552605262248,-10273.595641229007
2026-03-17 12:23:07,-10496.241379310344,-10982.068965517241,-9849.758620689656,-10023.103448275862
2026-03-17 12:23:37,-9775.965517241379,-10146.103448275862,-10657.137931034482,-10060.310344827587
2026-03-17 12:24:07,-10365.297748353505,-10257.749732767836,-10024.34398813834,-9868.521775111203
2026-03-17 12:24:37,-10577.083548843142,-10466.294265714974,-10265.301196510463,-9885.383262646115
2026-03-17 12:25:07,-10175.673345518502,-10533.50346587578,-10202.02089871366,-10350.484532882712
2026-03-17 12:25:37,-11251.922347505259,-10344.470880314473,-10150.236198751769,-10189.717595944969
2026-03-17 12:26:07,-9716.20177223046,-10091.162983139677,-9893.286901355033,-9886.839292486986
2026-03-17 12:26:37,-10599.662103920286,-10702.237699548325,-10460.642002551462,-10148.536358307763
2026-03-17 12:27:07,-10184.62705610538,-10313.769440325526,-9851.891444532568,-9976.585399496533
2026-03-17 12:27:37,-10420.068965517241,-10230.689655172413,-10422.413793103447,-10233.58620689655
2026-03-17 12:28:07,-9952.962273260224,-9924.615490723498,-10552.313952686392,-9929.995172080833
2026-03-17 12:28:37,-10156.689655172413,-10167.827586206897,-10249.827586206897,-9699.379310344828
2026-03-17 12:29:07,-9984.171867995447,-10084.658091658332,-10338.287527156108,-9938.58408910652
2026-03-17 12:29:37,-10250.612047860419,-9835.212578876592,-10298.196613909866,-10362.539222785423
2026-03-17 12:30:07,-9782.256396110613,-10390.766154058341,-10239.604165229985,-9937.65947176057
2026-03-17 12:30:37,-10526.51724137931,-10403.620689655172,-10563.241379310344,-10201.310344827587
2026-03-17 12:31:07,-10567.58620689655,-9948.068965517241,-9935,-9950.344827586207
2026-03-17 12:31:37,-9979.34411531432,-10645.505017414393,-10685.471912824578,-10181.730404496706
2026-03-17 12:32:07,-10091.181846397903,-10656.654136634825,-10054.281477394214,-10036.210642480257
2026-03-17 12:32:37,-10921.997310252076,-10823.683575295698,-9943.44632573537,-10228.62857339908
2026-03-17 12:33:07,-10093.068965517241,-10553.862068965516,-10049.103448275862,-10018.172413793103
2026-03-17 12:33:37,-10019.767882356991,-11130.040982195129,-10619.244412301545,-10240.004132658332
2026-03-17 12:34:07,-10638.131356662643,-10967.109119117393,-10109.84313049474,-10181.41699706947
2026-03-17 12:34:37,-10228.90444498086,-10963.481499362046,-10279.42342839408,-10368.357529569983
2026-03-17 12:35:07,-10594.862068965516,-10447.689655172413,-10135.551724137931,-9707.896551724138
2026-03-17 12:35:37,-10037.724137931034,-10655.379310344828,-10227.551724137931,-10508
2026-03-17 12:36:07,-11063.997793179544,-10761.111685803937,-10353.194717423536,-10244.060549636219
2026-03-17 12:36:37,-10205.234302265439,-10801.248232819557,-10948.38109030723,-10378.02144753629
2026-03-17 12:37:07,-10687.193986621613,-11074.753465278258,-11286.531963312875,-10345.079649679334
2026-03-17 12:37:37,-10886.655172413793,-11652.896551724138,-11003.827586206897,-10650.413793103447
2026-03-17 12:38:07,-10406.70367943722,-10964.929825166384,-11545.94986034001,-10334.494292906651
2026-03-17 12:38:37,-10728.931034482759,-10388.551724137931,-11163.58620689655,-10356.827586206897
2026-03-17 12:39:07,-10419.043349311998,-10786.150291409456,-11330.723867986342,-10379.763423802462
2026-03-17 12:39:37,-11384.090203786074,-11203.924002620597,-11823.10954794662,-10461.88062480604
2026-03-17 12:40:07,-10336.298748319023,-10308.058342815764,-11270.163097824212,-9945.932898865554
2026-03-17 12:40:37,-11039.518604089795,-10630.98727542329,-11292.354908789957,-10708.576157798543
2026-03-17 12:41:07,-10593.779095830889,-10298.596503327699,-11045.20845546398,-9949.06720921411
2026-03-17 12:41:37,-10729.266526431944,-12483.568398910305,-11129.65964343598,-11338.18407531294
2026-03-17 12:42:07,-11184.144280837269,-12570.0196558502,-11090.037587503015,-10734.577054381183
2026-03-17 12:42:37,-10877.93524361229,-12394.434674666392,-10525.361194441572,-10828.488672804388
2026-03-17 12:43:07,-11626.413793103447,-13264.896551724138,-11312.206896551725,-11194.655172413793
2026-03-17 12:43:37,-11314.827586206897,-12979.620689655172,-11342.034482758621,-10881.724137931034
2026-03-17 12:44:07,-11559.172413793103,-13331.172413793103,-11299.862068965516,-11471.413793103447
2026-03-17 12:44:37,-11472.985553218634,-13501.120573733753,-10940.385477364413,-11237.97538185705
2026-03-17 12:45:07,-12206.931034482759,-13270.413793103447,-10518.689655172413,-11128.655172413793
2026-03-17 12:45:37,-11194.48275862069,-13645.655172413793,-12008.931034482759,-11261.48275862069
2026-03-17 12:46:07,-10993.483208054617,-13119.957244327978,-10887.352596372664,-10987.862906006483
2026-03-17 12:46:37,-12307.51724137931,-13714.724137931034,-13927.58620689655,-11371.758620689656
2026-03-17 12:47:07,-12081.888080543393,-12699.23800986105,-15059.02837637486,-11377.547150294798
2026-03-17 12:47:37,-12868.793103448275,-12505.241379310344,-14895.551724137931,-13110.48275862069
2026-03-17 12:48:07,-13676.506086416772,-12380.633814959136,-15880.099313769439,-11664.574640504843
2026-03-17 12:48:37,-12872.866452880937,-11825.488776249096,-15515.327057687668,-11833.867797662151
2026-03-17 12:49:07,-12797.85509845167,-10503.948412014206,-12947.653367357494,-11080.79588951343
2026-03-17 12:49:37,-14815,-14404.344827586207,-15719.758620689656,-13138.827586206897
2026-03-17 12:50:07,-12805.765318437296,-13893.176097375954,-15460.846177718011,-11560.256542877833
2026-03-17 12:50:37,-13582.201227501551,-13172.436383697677,-15360.009654506586,-12157.885663057721
2026-03-17 12:51:07,-11778.992379047551,-12681.333839097899,-14750.060346908513,-12061.346942998032
2026-03-17 12:51:37,-12560.25654287783,-14094.893279542082,-15846.901830971345,-12474.01813730561
2026-03-17 12:52:07,-10776.498172539825,-10401.972277773946,-10274.877594648646,-9668.988345631336
2026-03-17 12:52:37,-10172.067848031442,-10209.404950699854,-10363.235192718748,-10420.464731434875
2026-03-17 12:53:07,-10098.15887463798,-10053.509860708868,-10009.274582816162,-9883.429871741828
2026-03-17 12:53:37,-10247.906255385147,-10542.133379286577,-10394.347751163192,-10041.392383250044
2026-03-17 12:54:07,-10230.474811213406,-10261.853039550359,-10131.029964483982,-9985.552222337159
2026-03-17 12:54:37,-10723.216440812384,-10299.403468845901,-10289.438295231197,-10088.721078583496
2026-03-17 12:55:07,-10048.793103448275,-10153.58620689655,-10051.206896551725,-9582.103448275862
2026-03-17 12:55:37,-10410.474778471194,-10210.392028410855,-10194.945350480986,-10050.822328724616
2026-03-17 12:56:07,-9887.406028001933,-9851.955307262571,-10037.554314090628,-10124.663769915169
2026-03-17 12:56:37,-10021.173143901513,-10101.693161833166,-10165.10914169454,-9986.413324597399
2026-03-17 12:57:07,-10268.084959657956,-11138.162885318254,-10115.71615750638,-9959.071788152542
2026-03-17 12:57:37,-9786.076342195096,-10408.089376228405,-10149.822419916554,-10372.194062273713
2026-03-17 12:58:07,-10419.724137931034,-10170.344827586207,-9994.379310344828,-9593.51724137931
2026-03-17 12:58:37,-10212.192262602579,-10391.593683194264,-10007.171919177988,-10363.905937521551
2026-03-17 12:59:07,-10098.830994172211,-10205.213972895615,-9622.055932963205,-9935.48053381151
2026-03-17 12:59:37,-10199.268990724457,-10845.039826212887,-10582.635081548911,-10246.163925381883
2026-03-17 13:00:07,-10262.820291754319,-10476.290650756975,-9714.729109907921,-10001.896747939441
2026-03-17 13:00:37,-10489.156294176466,-10745.819397993313,-10270.213426197291,-10107.954349550047
2026-03-17 13:01:07,-9642.022138694436,-10227.042311803854,-10229.145832614917,-9921.549018931686
2026-03-17 13:01:37,-10451.072339838633,-10384.283842493622,-10041.997103648024,-9716.743672850149
2026-03-17 13:02:07,-10727.50155161713,-10500.965450658576,-10245.121026136128,-10402.937728432522
2026-03-17 13:02:37,-9881.271767991999,-10134.280492430773,-10862.305596744714,-10145.522259388254
2026-03-17 13:03:07,-10226.042277319906,-10012.103865650539,-10538.190972102484,-10006.65540191041
2026-03-17 13:03:37,-10295.442007998896,-10519.066335677837,-10696.38670528203,-10228.554682112812
2026-03-17 13:04:07,-10281.763001793352,-10536.108428748794,-10574.562008552904,-10071.078769485446
2026-03-17 13:04:37,-10496.069236604373,-9996.620922694987,-10737.811185435488,-9821.081304737605
2026-03-17 13:05:07,-9788.386607358365,-10211.165132236818,-10577.118030412743,-10338.609013482292
2026-03-17 13:05:37,-10334.540438006552,-10361.57958268667,-10571.753750646663,-10150.198310053458
2026-03-17 13:06:07,-10837.907730501345,-10786.807806358183,-10946.486449210399,-10289.566236811255
2026-03-17 13:06:37,-11115.638727188314,-10513.053105246241,-10769.579657869363,-10551.658869326096
2026-03-17 13:07:07,-10040.406734455742,-10321.986997832972,-10091.78196366061,-9874.245707617936
2026-03-17 13:07:37,-10500.982724733629,-11417.46836315989,-10391.986483224715,-10433.536774593978
2026-03-17 13:08:07,-11527.397496465393,-11856.167454050137,-10905.582951136244,-10410.290010000343
2026-03-17 13:08:37,-10406.344827586207,-10978.172413793103,-10378.896551724138,-10032.172413793103
2026-03-17 13:09:07,-10918.413793103447,-11065,-10290.413793103447,-10666.344827586207
2026-03-17 13:09:37,-10444.114908438803,-11913.301376004414,-10300.5828189123,-10379.694451150119
2026-03-17 13:10:07,-11621.957106406455,-11828.666988483554,-10961.79573822495,-10735.087235363078
2026-03-17 13:10:37,-10847.896551724138,-11787.931034482759,-10613.51724137931,-10074.551724137931
2026-03-17 13:11:07,-11588.634874659494,-12784.041929588633,-11150.684459156579,-10783.662632323021
2026-03-17 13:11:37,-10423.068965517241,-11164.310344827587,-10391.58620689655,-10373.896551724138
2026-03-17 13:12:07,-10849.093040899372,-10894.372025656941,-11359.507552244982,-10488.171598041245
2026-03-17 13:12:37,-11699.189314667334,-11602.621334952324,-13132.78097210814,-10918.038641477091
2026-03-17 13:13:07,-11823.8132993209,-11463.476852011445,-12487.986486952324,-11252.887035058086
2026-03-17 13:13:37,-11724.536238880079,-10824.839666229916,-12551.858492517758,-10829.04627267085
2026-03-17 13:14:07,-11062.068965517241,-11656.206896551725,-12482.58620689655,-10768.655172413793
2026-03-17 13:14:37,-11781.712236665175,-11587.732303554805,-12556.49415577699,-10879.59866220736
2026-03-17 13:15:07,-11487.087542668001,-12306.31314002,-13219.80484777437,-11140.15791469848
2026-03-17 13:15:37,-10930.416192545083,-12260.128961070306,-12124.168132133373,-11434.709147960413
2026-03-17 13:16:07,-11343.919175200854,-11466.880452398193,-12962.587496982862,-10770.11137546981
2026-03-17 13:16:37,-11094.059235251527,-10850.70509947247,-12934.213702030826,-10860.32479398683
2026-03-17 13:17:07,-12082.726990585881,-12874.685333977031,-12033.656332976998,-11541.466947136107
2026-03-17 13:17:37,-11840,-15914.896551724138,-12270.896551724138,-11829.689655172413
2026-03-17 13:18:07,-12681.609710679677,-16741.577295768817,-12357.495086037448,-12006.448498224076
2026-03-17 13:18:37,-13498.51724137931,-16026.413793103447,-12188.896551724138,-12219.034482758621
2026-03-17 13:19:07,-11700.40346218835,-14681.023483568397,-11678.575123280112,-11644.815338459945
2026-03-17 13:19:37,-12805.8687631461,-15682.424743974347,-11801.972345781182,-11519.775180166202
2026-03-17 13:20:07,-15052.444658989036,-15448.00358595959,-11780.877180884077,-13015.619612440521
2026-03-17 13:20:37,-11786.248750043103,-15111.203061963382,-11757.077342160615,-11785.007413537465
2026-03-17 13:21:07,-11776.904244681216,-16542.291645115685,-11771.14582255784,-11736.905623944
2026-03-17 13:21:37,-15215.137931034482,-17207,-13189,-12210.793103448275
2026-03-17 13:22:07,-12087.200882697745,-14874.284532101236,-11111.647472588098,-11121.577822219158
2026-03-17 13:22:37,-11657.735016208015,-10204.94516863232,-11131.871163528518,-10043.106421132492
2026-03-17 13:23:07,-10040.034482758621,-9564.896551724138,-10078.655172413793,-9903.137931034482
2026-03-17 13:23:37,-9757.26749198248,-10309.562398703401,-10098.38270285182,-10011.276250905203
2026-03-17 13:24:07,-10334.72399406958,-9620.453056580354,-10079.681412267697,-9870.358238802884
2026-03-17 13:24:37,-10001.379215226536,-10290.083442521205,-10090.338597338116,-9943.659057996001
2026-03-17 13:25:07,-9573.221613047825,-10082.617840764111,-10090.51412020275,-9915.071894072616
2026-03-17 13:25:37,-10660.023446658852,-10636.231984001104,-10395.731328873871,-9800.806840907524
2026-03-17 13:26:07,-9567.310344827587,-9976.275862068966,-9991.620689655172,-10198.551724137931
2026-03-17 13:26:37,-10644.81759878629,-10096.510585476864,-9889.938624922419,-9965.105854768637
2026-03-17 13:27:07,-9566.202330873733,-9864.181780566858,-10311.90952348114,-9833.839045583063
2026-03-17 13:27:37,-10479.966898834564,-10059.340735121716,-10131.887456037515,-9983.001172332943
2026-03-17 13:28:07,-9939.105548084548,-10185.062584048825,-9554.463639184854,-9872.556118754525
2026-03-17 13:28:37,-10089.413793103447,-10399.344827586207,-10364,-10075.413793103447
2026-03-17 13:29:07,-9901.855300365542,-11038.106076281123,-10074.384440306228,-10070.935926615628
2026-03-17 13:29:37,-10716.955757095071,-10745.025690541052,-10233.387358184764,-10186.213317700609
2026-03-17 13:30:07,-9953.85888681978,-10127.767432236706,-9935.133457479826,-9892.164976894957
2026-03-17 13:30:37,-10832.833350574118,-10656.460122064755,-10139.85724630185,-10187.993517464914
2026-03-17 13:31:07,-9807.469480653837,-10441.961514587212,-10002.517414994138,-9961.824953445064
2026-03-17 13:31:37,-10780.28343850212,-10605.082583359193,-10300.058618668321,-10181.579945519119
2026-03-17 13:32:07,-10676.747474050828,-10456.670919686885,-9819.57998551674,-9973.757715783302
2026-03-17 13:32:37,-10062.038761293881,-10371.370439340644,-10457.548796468722,-9702.634664459618
2026-03-17 13:33:07,-9817.905055033287,-10093.740590813288,-10531.397410591817,-10102.271586765248
2026-03-17 13:33:37,-10215.655172413793,-10367.51724137931,-10585.241379310344,-10266.206896551725
2026-03-17 13:34:07,-10279.793103448275,-10040.655172413793,-10207.275862068966,-9987
2026-03-17 13:34:37,-10624.918100624158,-10390.392772164556,-10931.859719300664,-10163.971171419702
2026-03-17 13:35:07,-10426.448275862069,-10245.137931034482,-10099.620689655172,-10013.931034482759
2026-03-17 13:35:37,-9832.1782007517,-10116.858039377954,-10992.483017826973,-10096.375987034931
2026-03-17 13:36:07,-10436.965517241379,-10266.827586206897,-10539.655172413793,-10148.793103448275
2026-03-17 13:36:37,-10183.040794510154,-10753.060450360355,-10721.645573985308,-10260.077933721852
2026-03-17 13:37:07,-10183.661505569156,-10992.93079071692,-10797.26887134039,-10095.244663609088
2026-03-17 13:37:37,-10185.48275862069,-10155.655172413793,-10553.172413793103,-10145.48275862069
2026-03-17 13:38:07,-11154.689655172413,-12955.344827586207,-10722.827586206897,-10408.034482758621
2026-03-17 13:38:37,-10932.760939277954,-11869.452777490429,-10868.107996275989,-10593.979517947655
2026-03-17 13:39:07,-10631,-11170.620689655172,-10289.172413793103,-10246.206896551725
2026-03-17 13:39:37,-10148.660298630986,-11439.77378530294,-10411.42798027518,-10521.673161143486
2026-03-17 13:40:07,-10619.159281354529,-11356.977826821612,-10612.883202869063,-10367.495430876925
2026-03-17 13:40:37,-11135.098789696907,-11320.609634150547,-10555.636012551293,-10721.00962035792
2026-03-17 13:41:07,-10644.576236121648,-11925.487897386387,-10547.651886076823,-10285.428591131647
2026-03-17 13:41:37,-11109.486534018413,-12342.804924307733,-11158.143384254628,-10409.703782889064
2026-03-17 13:42:07,-10560.931034482759,-11725.448275862069,-10550.827586206897,-10432.620689655172
2026-03-17 13:42:37,-10794.234283940825,-11831.68385116728,-10655.712265940203,-10617.952343184246
2026-03-17 13:43:07,-10440.896551724138,-10738.137931034482,-12362,-10373.448275862069
2026-03-17 13:43:37,-10909.579971032485,-10893.854748603351,-12408.23505069315,-11197.668804745155
2026-03-17 13:44:07,-11533.862068965516,-10791.068965517241,-12060.379310344828,-10782.448275862069
2026-03-17 13:44:37,-12435.625129301428,-13539.20419281429,-14207.537411213021,-11159.851044755535
2026-03-17 13:45:07,-12503.931034482759,-12189.827586206897,-12572.689655172413,-11366.793103448275
2026-03-17 13:45:37,-11253.146660229662,-11816.02813890134,-12976.41297975792,-10961.136590916927
2026-03-17 13:46:07,-10834.092006345267,-11286.019725498312,-12598.83440237258,-10784.536864611355
2026-03-17 13:46:37,-11302.458705472602,-12491.15486740922,-12584.089106520913,-11104.41739370323
2026-03-17 13:47:07,-11584.876383572979,-11371.40098617289,-12504.844660528946,-10816.109789317608
2026-03-17 13:47:37,-11983.585074832747,-11092.282226360438,-12786.812883647148,-10880.233119525485
2026-03-17 13:48:07,-12766.647125762956,-16560.605538122003,-12146.487809924478,-11670.43691161764
2026-03-17 13:48:37,-13489.189282389047,-17543.673919790333,-12575.433635642607,-12521.15590192765
