Time,"name=""rskj-miner1""","name=""rskj-miner2""","name=""rskj-node1""","name=""rskj-node2"""
2026-03-16 21:48:37,1990.0010343757544,1987.9322828672898,2386.201427438541,2278.7642657656106
2026-03-16 21:49:07,1864.4482758620688,1754.896551724138,2138,1845.8275862068965
2026-03-16 21:49:37,1859.2462328885213,2068.2045446708735,2676.4939140029655,2252.4395710492745
2026-03-16 21:50:07,1875.6594600186202,1901.8654529154169,2290.5072238888315,2030.5161890969277
2026-03-16 21:50:37,2138.630250362094,3039.1406303883027,2748.430926270777,2835.195530726257
2026-03-16 21:51:07,2544.655172413793,2784.551724137931,2712.7241379310344,2671.8965517241377
2026-03-16 21:51:37,2252.03504415011,2626.138245033112,2396.626655629139,2546.1161699779245
2026-03-16 21:52:07,2411.2413793103447,2604.137931034483,2234.1724137931033,2419.689655172414
2026-03-16 21:52:37,2510.8973032622944,2587.488792330506,2408.4764466514935,2662.9077867439137
2026-03-16 21:53:07,2221.095824281921,2800.972380262749,2675.735319471742,2471.6044274335363
2026-03-16 21:53:37,2425.8818661425466,2795.4898106961828,2510.1548222475085,2821.1096169097614
2026-03-16 21:54:07,2439.2413793103447,2907.6206896551726,2515.6206896551726,2742.448275862069
2026-03-16 21:54:37,2378.0344827586205,2492.8275862068967,2359.2758620689656,2399.137931034483
2026-03-16 21:55:07,2342.45819686261,2571.7290122392687,2380.1758317531458,2320.530942940872
2026-03-16 21:55:37,2776.137931034483,3086.310344827586,3858.206896551724,3297.551724137931
2026-03-16 21:56:07,2805.317058032482,2954.93258853143,3731.2161649598293,3328.747284576394
2026-03-16 21:56:37,3721.0497275674184,2754.6037657769502,4095.178977860542,3879.5434167873645
2026-03-16 21:57:07,3724.6206896551726,3254.5862068965516,4330.793103448275,3923.689655172414
2026-03-16 21:57:37,2685.3211958208335,2698.769007965242,3469.983793662287,2750.905141202027
2026-03-16 21:58:07,3468.255336758975,2903.0589371314272,4242.507845639204,3623.029968617443
2026-03-16 21:58:37,2952.8636943553674,2662.8736940105514,3917.554567083894,3132.685079824834
2026-03-16 21:59:07,3213.4137931034484,2770.551724137931,4192.758620689655,3607.344827586207
2026-03-16 21:59:37,3271.868427404062,2701.7894700548222,3880.529600386167,3690.135503223805
2026-03-16 22:00:07,2882.689655172414,3345.9310344827586,3986.0344827586205,3625
2026-03-16 22:00:37,4594.664460758971,5545.066004894358,4500.499775962499,5149.036638748147
2026-03-16 22:01:07,5028.788139975866,6315.462851232545,4705.499051887606,5437.7865885192205
2026-03-16 22:01:37,4355.561685401007,5643.645265843735,5079.75312047445,5156.920212399145
2026-03-16 22:02:07,4163.620689655172,5377.172413793103,4158.241379310345,4200.517241379311
2026-03-16 22:02:37,4718.009723802627,6173.37333195407,6747.870763077134,5850.453432640253
2026-03-16 22:03:07,4752.672229501414,5548.13461140611,5481.587476725743,5222.363974898283
2026-03-16 22:03:37,3002.8275862068963,6417.172413793103,4566.931034482758,5139.482758620689
2026-03-16 22:04:07,5105.704235066906,4123.948130776659,3532.038901917506,4603.152158918471
2026-03-16 22:04:37,4159.5586967764175,6759.386312704705,5584.313049474228,5720.427512497845
2026-03-16 22:05:07,5562.980586876314,5908.89969311403,6152.374056067031,6639.253818833832
2026-03-16 22:05:37,2928.795558773835,3901.3482293714005,3191.855453260232,3912.6581842005444
2026-03-16 22:06:07,1828.2758620689656,1845.0344827586207,1943.1724137931035,1944.3793103448277
2026-03-16 22:06:37,1461.9284088557833,1494.7237740533833,1624.8361955996968,1509.3109869646185
2026-03-16 22:07:07,1738.0090341712353,1854.0050343091616,2052.7568014896037,1859.8324195717387
2026-03-16 22:07:37,1557.0192075588811,1468.3954619124795,1572.3645642953204,1607.5381909721023
2026-03-16 22:08:07,1625.2198200062064,1594.2898520740662,1691.1485810834108,1638.460742733009
2026-03-16 22:08:37,1571.684711399214,1663.1266809185574,1766.154058340804,1624.0604096269224
2026-03-16 22:09:07,1718.3200579290371,1645.1846488052138,1866.10806523913,1755.5601530981692
2026-03-16 22:09:37,1612.8620689655172,1515.103448275862,1648.9655172413793,1617
2026-03-16 22:10:07,1847.0133811560215,1791.6264312318942,2035.280728376328,2095.0131052558972
2026-03-16 22:10:37,1578.417514221686,1500.0517152215134,1688.7777969315634,1566.17824513015
2026-03-16 22:11:07,1670.5286024619838,1964.1391676149096,1724.250887900417,1807.144581221337
2026-03-16 22:11:37,1926.5223088062894,1860.5613405972003,2065.960968209089,1910.385490655817
2026-03-16 22:12:07,1706.778842838425,1922.5915454106614,1757.2926005103097,1813.3576994690022
2026-03-16 22:12:37,1576.6060898651676,1818.9592744577396,1639.2634228766508,1689.2651470740368
2026-03-16 22:13:07,1833,1837.1724137931035,1819.551724137931,1814.5862068965516
2026-03-16 22:13:37,1667.3908545416928,2027.691564935513,1726.7742602938138,1913.2009104076146
2026-03-16 22:14:07,2040.4799668988346,2191.0213088752503,2299.5310668229777,2110.0268946969177
2026-03-16 22:14:37,1858.7634909141061,1798.662115099479,1871.9699320713078,1921.1406503224025
2026-03-16 22:15:07,1654.655172413793,2024.2758620689656,1812.9310344827586,1885.4827586206895
2026-03-16 22:15:37,1565.8920074477624,1731.2599131094407,1582.9597958761465,1605.9237293979727
2026-03-16 22:16:07,2018.9310344827586,1875.3103448275863,2180.344827586207,2025.344827586207
2026-03-16 22:16:37,1708.9065894279506,1733.9402089583116,1896.0380676528393,1696.0104823971585
2026-03-16 22:17:07,1937.0323114590155,2072.140418635125,2319.183420117935,2200.4896720576567
2026-03-16 22:17:37,1741.3995985325669,1892.0191043123136,2046.2725825430882,1899.5985325673146
2026-03-16 22:18:07,1799.4068760991756,1988.5513293561844,2127.4871547294733,1942.101451774199
2026-03-16 22:18:37,1880.720024828442,1868.8230628642364,2237.456464016,1938.0323459429633
2026-03-16 22:19:07,1818.6049718994589,1959.1766368996314,2161.3970968520503,2042.7197186497951
2026-03-16 22:19:37,1807.993379082037,1733.6459877926823,2105.5898479257903,1825.890547949929
2026-03-16 22:20:07,2040.6607807973514,2296.8685335908403,2632.7769347496205,2338.219064698579
2026-03-16 22:20:37,1845.8275862068965,2513.7241379310344,2604.6206896551726,2246.793103448276
2026-03-16 22:21:07,2334.885164494103,2816.3666459755846,2474.6879095110007,2416.6839092351197
2026-03-16 22:21:37,2020.0358645423821,2481.2056003862335,2026.794951375957,2100.662114628595
2026-03-16 22:22:07,2206.089235225157,2747.293290117923,2453.727329149714,2337.597407075374
2026-03-16 22:22:37,2425.339678598524,3195.6686668046073,2923.9602731222844,2964.9975860404165
2026-03-16 22:23:07,2278.147522328356,2848.0982102831126,2486.1891789372044,2469.2230766578155
2026-03-16 22:23:37,2081.4510845201557,2725.9905513983235,2150.4534639125486,2328.390634159798
2026-03-16 22:24:07,2159.230397903593,2510.619957244328,2139.0593752155023,2198.8483552858424
2026-03-16 22:24:37,2112.961622013034,2865.763249543119,2544.188131443743,2333.1954070549286
2026-03-16 22:25:07,2374.9094796372287,2860.9262388358216,2561.8124762922857,2662.8159591710055
2026-03-16 22:25:37,2386.551724137931,2942.8965517241377,2795.9310344827586,2884.0344827586205
2026-03-16 22:26:07,3397.0344827586205,3115.103448275862,4060.5862068965516,3722.206896551724
2026-03-16 22:26:37,3382.0344827586205,2846.551724137931,4316.862068965517,3406.4827586206898
2026-03-16 22:27:07,2907.141133064377,3500.0172407848,3945.312230612737,3580.2558532464395
2026-03-16 22:27:37,3303.0794165316042,2778.302700093106,3741.6117797165416,3513.534949481016
2026-03-16 22:28:07,3772.6630116202887,2889.8313851246508,4270.266542533016,3984.4488121099266
2026-03-16 22:28:37,3550.8310917994345,3013.8630250362094,4618.284019587558,3602.9036485274846
2026-03-16 22:29:07,3604.0344827586205,3531.5862068965516,4278.068965517241,3884.793103448276
2026-03-16 22:29:37,3045.0360357253694,2682.920100693127,3720.3696679195828,3263.388392703196
2026-03-16 22:30:07,2897.617159212386,3754.957067485085,4364.184971895582,3840.0289665160863
2026-03-16 22:30:37,2758.344827586207,2649.5172413793102,3549.137931034483,2754.5172413793102
2026-03-16 22:31:07,6264.241379310345,5968.241379310345,5924.931034482758,5986.448275862069
2026-03-16 22:31:37,4655.448275862069,5703.103448275862,4645.206896551724,5014.241379310345
2026-03-16 22:32:07,4190.282423531846,5428.359598606848,4153.798406841614,4248.318907548535
2026-03-16 22:32:37,3891.785640388993,5574.315470032417,4044.3478860611085,4049.9689633767853
2026-03-16 22:33:07,5272.448275862069,6051.862068965517,6572.862068965517,6645
2026-03-16 22:33:37,4154.867409221007,7102.969067898892,4728.680299320666,4816.131590744508
2026-03-16 22:34:07,4531.5495483070135,6524.653472174333,5836.9422798427695,6167.884973450107
2026-03-16 22:34:37,4695.700148270748,7198.06213578842,5398.8827971449255,5786.041860625495
2026-03-16 22:35:07,5125.577546376112,6211.399213847321,5409.040755809944,4895.558926970554
2026-03-16 22:35:37,4325.631918342011,6862.271112796992,6010.655539846201,5470.361046932652
2026-03-16 22:36:07,1899.6206896551723,2325.1724137931033,1937.2413793103449,2323.6206896551726
2026-03-16 22:36:37,2346.345170650822,1525.4939892220532,2102.355948597485,2257.185297775321
2026-03-16 22:37:07,1772.5862068965516,1849.0344827586207,1905.8275862068965,1872.103448275862
2026-03-16 22:37:37,1538.2095316918408,1495.344506517691,1552.2104972756742,1533.1747017035657
2026-03-16 22:38:07,1609.344827586207,1770,1979.3103448275863,1824.7241379310344
2026-03-16 22:38:37,1686.8641583612098,1715.0050005172948,1838.1556712763388,1753.388281546367
2026-03-16 22:39:07,1743.0335218650848,1836.9430266243621,1912.8845357980413,1839.736515381432
2026-03-16 22:39:37,1680.2758620689656,1734.1379310344828,1884.7241379310344,1767.3103448275863
2026-03-16 22:40:07,1731.6459188247868,1712.955619159281,1998.3447705093276,1844.0635883995997
2026-03-16 22:40:37,1682.1160080005518,1540.0372439478585,1658.5971446306642,1677.2536036968065
2026-03-16 22:41:07,1695.782613193558,1993.5170178282008,2016.4488430635536,1843.1325218110967
2026-03-16 22:41:37,1904.830867901107,1829.4541567532156,1884.6246681148928,1916.9338988310749
2026-03-16 22:42:07,1695.9310344827582,1883.068965517241,1641.862068965517,1717.1379310344823
2026-03-16 22:42:37,1627.3231957518703,1759.353125754284,1574.049170718251,1637.1504430881691
2026-03-16 22:43:07,1638.3793103448277,1973.3103448275863,1820.6896551724137,1872.3103448275863
2026-03-16 22:43:37,1990.3106789421056,1855.1084445363954,1927.036998724182,1963.8288334885005
2026-03-16 22:44:07,1689.8727630081723,1919.9682769559672,1744.3191614082275,1875.556015309817
2026-03-16 22:44:37,1541.6048829269973,1725.8526156074345,1603.3656332976998,1594.7101624193936
2026-03-16 22:45:07,1914.3073899099966,1927.928549260319,1891.6169523087,1951.5500534501186
2026-03-16 22:45:37,1856.2857733949384,2170.643403903179,1995.207227087787,2103.027377422247
2026-03-16 22:46:07,1684.0235870202418,1903.9966895410184,1769.0610021035207,1897.2378357874406
2026-03-16 22:46:37,1732.9655172413793,1757.7931034482758,1990.7586206896551,1756.4482758620688
2026-03-16 22:47:07,1988.2409738266833,1901.4793613572879,2389.772061105555,2101.417290251388
2026-03-16 22:47:37,1775.2336287458186,1816.6488499603431,2028.4837408186486,1821.4766026414702
2026-03-16 22:48:07,1972.4147443191612,2210.8203165408086,2443.0192062342676,2195.269128650736
2026-03-16 22:48:37,1672.6325953514036,1739.706186633561,2004.621008345403,1770.225532795365
2026-03-16 22:49:07,1882.0040688252127,1969.5872556118752,2174.8215578773143,1933.4850522395777
2026-03-16 22:49:37,1769.0265181557982,2028.6216766095379,2327.218179937239,2129.9010310700364
2026-03-16 22:50:07,2517.671804420537,2110.134133305748,2701.9757939381398,2399.1586497017342
2026-03-16 22:50:37,1841.45374297438,2106.685976345643,2248.4741905451533,2369.883797110444
2026-03-16 22:51:07,2239.646908727285,2203.5791869245886,2607.3928485224646,2289.3348505223953
2026-03-16 22:51:37,2197.4550846580914,2510.327942342839,2215.6970930032066,2446.8774785337423
2026-03-16 22:52:07,2194.4070894107103,2656.598048343161,2414.2615771869937,2354.987759042792
2026-03-16 22:52:37,2062.206896551724,2452.0344827586205,2002.7586206896551,2144.793103448276
2026-03-16 22:53:07,2305.3793103448274,2635.5862068965516,2189.8965517241377,2410.7241379310344
2026-03-16 22:53:37,2359.9310344827586,2479.3793103448274,2361.4137931034484,2371
2026-03-16 22:54:07,2553.9310344827586,2807.6206896551726,2630.5862068965516,2970.793103448276
2026-03-16 22:54:37,2250.9913451260304,3052.584393641599,3144.3398503499884,3053.4464328816252
2026-03-16 22:55:07,2409.221007620952,2590.5720886927134,2283.354598434428,2599.0206558846853
2026-03-16 22:55:37,2719.009689321058,2732.491983035068,2586.84183304024,2696.2863349539675
2026-03-16 22:56:07,2728.5768474774986,3054.243249767233,2694.4032552846647,2667.298872374909
2026-03-16 22:56:37,3000.618514191465,3115.2841729090787,4227.819393856093,3296.6462786062816
2026-03-16 22:57:07,3395.0898244888103,3237.026309437605,5029.654149856901,4146.650115513257
2026-03-16 22:57:37,3112.0344827586205,3369.655172413793,4217.379310344828,3621.4137931034484
2026-03-16 22:58:07,2843.0689655172414,3129.0344827586205,4015.8275862068963,3094.9310344827586
2026-03-16 22:58:37,2726.0689655172414,3093.5862068965516,3633.4827586206898,3326.1724137931033
2026-03-16 22:59:07,2922.9363492172956,4063.202537756017,4544.858975243087,4521.929522101924
2026-03-16 22:59:37,2741.370392082485,3289.8720645539497,3857.3399082726987,3349.1844546363664
2026-03-16 23:00:07,2869.1633905786607,2765.570039313056,3645.9755845230707,2898.579212359473
2026-03-16 23:00:37,2742.103448275862,2908.3793103448274,3655,3246.7241379310344
2026-03-16 23:01:07,3631.793103448276,3117,4331.9655172413795,3815.344827586207
2026-03-16 23:01:37,3944.831390938556,5497.310530308255,4006.1719881387494,4121.40542031584
2026-03-16 23:02:07,3982.139162816358,5709.813116336804,4100.096545065858,4220.777877387766
2026-03-16 23:02:37,4321.495069305565,5894.5934763119785,4977.001586097511,4849.217295358941
2026-03-16 23:03:07,4093.4105720492394,6326.402537843522,4591.600289645184,4946.829419675183
2026-03-16 23:03:37,5088.31643561625,6101.386302503621,5720.980757293606,5933.478170908338
2026-03-16 23:04:07,4684.413793103448,5640.0344827586205,4858.517241379311,4607.689655172414
2026-03-16 23:04:37,4055.2088003034582,6059.864133245973,4713.714266009172,5438.42891134177
2026-03-16 23:05:07,4039.619323471604,7459.777249060377,4648.632805765318,5895.762215096031
2026-03-16 23:05:37,4388.482758620689,5749.793103448275,5781.9655172413795,5492.793103448275
2026-03-16 23:06:07,4976.518051101687,4518.223509534155,4751.387883176442,5568.118340746872
2026-03-16 23:06:37,2436.7047139556535,5169.592054898444,3856.443325631918,3256.560571054174
2026-03-16 23:07:07,1837.2870836494035,2281.8426315426523,2036.825046548514,2284.4286600924074
2026-03-16 23:07:37,2060.4503603572534,2427.911307286458,2724.6801613848747,2403.9104796717124
2026-03-16 23:08:07,1755.5088106486428,1750.5086382289041,1893.479085485706,1797.6826787130587
2026-03-16 23:08:37,1483.397124237095,1508.430743767456,1620.633771249267,1515.9822075100856
2026-03-16 23:09:07,1818.6426650113801,1789.1578729567557,2081.8332298779223,2037.968135733499
2026-03-16 23:09:37,1518.6194055582375,1482.2081235776843,1605.8202882559824,1506.8271153713538
2026-03-16 23:10:07,1704.1724137931035,1831.0689655172414,1930.8620689655172,1966.3793103448277
2026-03-16 23:10:37,1725.4293399544795,1661.6318366783917,1961.4111318021933,1941.6856334919648
2026-03-16 23:11:07,1777.896551724138,1692.103448275862,1911.3793103448277,1862.103448275862
2026-03-16 23:11:37,1627.2413793103449,1671.6206896551723,1841.0689655172414,1760.4482758620688
2026-03-16 23:12:07,1700.6413350803393,1810.0820633059789,1731.9840011033723,1781.4288669746916
2026-03-16 23:12:37,1742.6896551724137,1913.103448275862,2124.5172413793102,1871.6896551724137
2026-03-16 23:13:07,1704.8275862068965,1849.6206896551723,1852.7241379310344,1833.4137931034481
2026-03-16 23:13:37,1742.7063935443823,1871.0255879715842,2021.8980619353058,1810.0213807848816
2026-03-16 23:14:07,1762.533618371147,1952.968760775119,1891.3523205296187,1959.7613957658093
2026-03-16 23:14:37,1561.9159281354528,1748.0947618883408,1569.2610090003102,1601.5379840684159
2026-03-16 23:15:07,1871.6640231708159,1961.1750913730089,1879.1462657747743,2024.2397076063721
2026-03-16 23:15:37,2179.338643495052,2028.6197027688702,2149.0638253853317,2266.9218302817144
2026-03-16 23:16:07,1731.0596917135072,1925.6181247629227,1758.5778819959307,1826.6491947998204
2026-03-16 23:16:37,1737.1379310344828,1932.2758620689656,1812.2413793103449,1789.2758620689656
2026-03-16 23:17:07,1974.7577502672502,1927.6181937308181,2195.765371219697,2207.007138177178
2026-03-16 23:17:37,1695.1934349355217,1760.1544721053722,1945.8313219777947,1765.4299703468728
2026-03-16 23:18:07,2154.4244430650388,1995.9997241189046,2495.5169322022207,2454.9624112007723
2026-03-16 23:18:37,1845.0344827586207,1727.3793103448277,2245.655172413793,1835.6206896551723
2026-03-16 23:19:07,1849.384503982621,2056.067032171304,2282.507499741388,1956.656667011482
2026-03-16 23:19:37,1777.0766525292233,1814.765008103169,2038.8262473707805,1957.8980035171203
2026-03-16 23:20:07,2187.1659597944895,2075.5836005654974,2614.5650149994826,2322.2992310609975
2026-03-16 23:20:37,1855.0344827586207,1910.2758620689656,2115,2109.206896551724
2026-03-16 23:21:07,2375.6767008034203,2137.1676838729695,2742.250267232164,2560.9116927002515
2026-03-16 23:21:37,2110.2413793103447,1826.6896551724137,2232.7241379310344,1989.2758620689656
2026-03-16 23:22:07,2098.1068312700436,2373.8749612055585,2349.1844546363664,2231.0079657919237
2026-03-16 23:22:37,2099.513809868625,2497.638012482328,2265.6115306368742,2297.4725009482427
2026-03-16 23:23:07,2238.8965517241377,3177.0344827586205,2842.103448275862,2690.9310344827586
2026-03-16 23:23:37,1976.4827586206895,2524.793103448276,2016.5172413793102,2076.5172413793102
2026-03-16 23:24:07,2350.8517828815784,3330.6434926546663,2771.3980274501696,3020.3807159114426
2026-03-16 23:24:37,2302.6760466239057,2801.882888475068,2534.761018001242,2572.625698324023
2026-03-16 23:25:07,2401.3654701562014,3256.5083962621975,2745.5260163442636,2742.146822523361
2026-03-16 23:25:37,2185.489154798441,2650.7810614159107,2284.871892134211,2356.529535501224
2026-03-16 23:26:07,2361.7366116072963,2932.894237732335,2643.9187558191657,2749.5086037449564
2026-03-16 23:26:37,2505.1549946553564,2499.982759215199,2421.261335816006,2420.2958518671767
2026-03-16 23:27:07,2562.946105306714,2674.01124099169,3017.2407848005246,2612.49612082342
2026-03-16 23:27:37,2922.1352460429666,2666.333321838684,3716.645401565571,2908.5485706403665
2026-03-16 23:28:07,3337.551724137931,2929.0689655172414,3961.137931034483,3571.689655172414
2026-03-16 23:28:37,2806.26918169592,2570.985206386427,3624.0560019311006,2770.5438118555808
2026-03-16 23:29:07,3223.785386710803,3210.85479811041,3989.6900106892863,3655.356711837522
2026-03-16 23:29:37,3910.272768026483,3624.0560019311006,5747.370598986171,4646.884375323287
2026-03-16 23:30:07,3702.2413793103447,3989.0344827586205,4713.620689655172,4185.689655172414
2026-03-16 23:30:37,2983.448275862069,3038.8965517241377,4049,3544.4827586206898
2026-03-16 23:31:07,3177.551724137931,2787.5862068965516,3862.965517241379,3112.4137931034484
2026-03-16 23:31:37,3831.0344827586205,2803.0344827586205,4169.275862068966,3519.4137931034484
2026-03-16 23:32:07,4215.751180993759,5018.378676597358,5043.653667114926,4995.103617116651
2026-03-16 23:32:37,3915.2758620689656,5851.862068965517,4997.0344827586205,4422.586206896552
2026-03-16 23:33:07,4391.365814971897,6212.751284438467,4845.246715630495,5556.256680804109
2026-03-16 23:33:37,4431.379310344828,5836.655172413793,4903.551724137931,5439.068965517241
2026-03-16 23:34:07,4685.896551724138,6866.896551724138,5436.862068965517,6260.3448275862065
2026-03-16 23:34:37,4388.758620689655,5340.413793103448,4615.482758620689,4813.6551724137935
2026-03-16 23:35:07,4333.586206896552,5699.9655172413795,4751.586206896552,4577.620689655172
2026-03-16 23:35:37,3855.2758620689656,5486.413793103448,4097.448275862069,4088.5172413793102
2026-03-16 23:36:07,5268.551724137931,5860.724137931034,4924.931034482758,5278.620689655172
2026-03-16 23:36:37,4086.655172413793,6163.862068965517,4552.103448275862,4448.103448275862
2026-03-16 23:37:07,3026.206896551724,4016.3793103448274,4125.758620689655,3911.862068965517
2026-03-16 23:37:37,3511.1218401903643,2657.654240093803,3752.21574645653,3670.483153429665
2026-03-16 23:38:07,1666.7586206896551,1851.7241379310344,2047.2413793103449,1915
2026-03-16 23:38:37,1655.3793103448277,1637.344827586207,1911.8620689655172,1772.0344827586207
2026-03-16 23:39:07,1560.2179084922252,1651.1050580974384,1711.7884356790678,1633.796503809951
2026-03-16 23:39:37,1549.2758620689656,1538.6896551724137,1659.8275862068965,1516.896551724138
2026-03-16 23:40:07,1677.896551724138,1840.2758620689656,1981.2413793103449,2055.9310344827586
2026-03-16 23:40:37,1526.2758620689656,1692.344827586207,1757.8275862068965,1649
2026-03-16 23:41:07,1853.4928625612029,1862.07847734639,1932.9011792290187,1837.2526032687401
2026-03-16 23:41:37,1488.9816187881504,1509.052660620064,1633.5138117736317,1586.3020312446115
2026-03-16 23:42:07,1830.6265301196509,1820.006206682528,1911.0720319988964,1901.2103030929966
2026-03-16 23:42:37,1661.7697772260155,1874.9913787157734,1770.501413890613,1727.498448168839
2026-03-16 23:43:07,1637.551724137931,1885.6896551724137,1769.2758620689656,1803.5862068965516
2026-03-16 23:43:37,1770.3713921169692,1877.6509534811541,1799.751715576399,1898.3068381668331
2026-03-16 23:44:07,1960.308976171592,1970.61967654057,1823.1663160798646,2030.0355184661537
2026-03-16 23:44:37,1640.2317081580582,1784.4976208537344,1880.5599613819738,1749.5000344803807
2026-03-16 23:45:07,1877.508793709911,1995.241051106973,1948.0308986826676,2023.4154079591694
2026-03-16 23:45:37,1573.778406151936,1809.6141246249867,1741.335908134763,1867.2023173212867
2026-03-16 23:46:07,1819.3228053237708,1861.2509482104683,1782.5322391559203,1878.5945796841597
2026-03-16 23:46:37,1564.344827586207,1718.9655172413793,1564.655172413793,1603.7586206896551
2026-03-16 23:47:07,1693.2413793103449,2001.0689655172414,1766.5172413793102,1874.1724137931035
2026-03-16 23:47:37,1699.5379628991104,1738.4318322874285,1966.8298738018068,1727.5705123784567
2026-03-16 23:48:07,2062.966658638131,2008.1202904036058,2354.299280872587,2281.4919313216114
2026-03-16 23:48:37,1852.5223268163165,1871.521671666494,2419.916554601565,1963.9667597669043
2026-03-16 23:49:07,1884.9575832816056,1946.754948617146,2148.320573832678,1989.0682116008
2026-03-16 23:49:37,1979.344115314321,1878.4785682264903,2364.6332632159724,2052.1052450084485
2026-03-16 23:50:07,2077.4456053239546,1851.0396193234717,2359.0910658253165,2192.165787386642
2026-03-16 23:50:37,1737.3974208675265,1766.9815874767257,1982.2081235776843,1729.0531687469831
2026-03-16 23:51:07,1902.7619737250438,1984.6212199579322,2437.7780076549084,2106.9618289024515
2026-03-16 23:51:37,2072.036966791958,2053.2432152832853,2464.0504844994653,2102.2449049967236
2026-03-16 23:52:07,2094.1691665804624,2011.4478811075478,2453.329195544981,2374.642253715389
2026-03-16 23:52:37,2208.6134960863415,2696.8380400675837,2475.1215475328436,2397.4000896520806
2026-03-16 23:53:07,2304.599682780498,3049.3069443486656,2532.514998965589,2580.822012275016
2026-03-16 23:53:37,2423.655172413793,2698.103448275862,2355.862068965517,2572.0344827586205
2026-03-16 23:54:07,2550.4827586206898,3142.8965517241377,2717.310344827586,3067.2758620689656
2026-03-16 23:54:37,2091.7586206896553,2618.4827586206898,2332.344827586207,2434.9310344827586
2026-03-16 23:55:07,2564.847063691851,2943.170454153591,2566.8126487120244,3108.0037242663534
2026-03-16 23:55:37,2319.286871961102,2443.670471395565,2170.074830166557,2334.0460015862614
2026-03-16 23:56:07,2649.7465429842405,2251.525914686713,2975.895720542087,2893.582537328873
2026-03-16 23:56:37,2313.0344827586205,3325.137931034483,2114.8965517241377,2599.965517241379
2026-03-16 23:57:07,2473.5009137615943,2914.7270783766076,2833.8677976621493,2819.0407227336987
2026-03-16 23:57:37,3126.65080514465,2737.0090686528047,4438.605565325333,3205.2343022654386
2026-03-16 23:58:07,2844.085094645382,3251.939454539186,4297.589904492639,3444.29886563459
2026-03-16 23:58:37,2942.478791640803,2782.3298158493694,4141.664942409822,3297.5377612249126
2026-03-16 23:59:07,2863.80249637956,3425.0741328184263,4411.109578649748,4106.165092062616
2026-03-16 23:59:37,3480.1447776628747,3136.2978283350567,3127.1975180972076,3162.4612202688727
2026-03-17 00:00:07,2737.3538843488154,2719.6993207130786,4401.399951725802,2737.871107892831
2026-03-17 00:00:37,2369.009033859734,2159.0924763809394,2782.152954968623,2463.4507964967934
2026-03-17 00:01:07,3060.0324126754244,3344.988103858487,4172.71818213165,3259.853108513499
2026-03-17 00:01:37,3071.0640645472727,2929.8669057306392,4063.788704227295,3100.8551134404524
2026-03-17 00:02:07,4082,2851.2413793103447,4913.758620689655,3881
2026-03-17 00:02:37,5901.103448275862,6256.172413793103,6480.413793103448,5694.586206896552
2026-03-17 00:03:07,4544.047167534393,6904.5615970761655,4058.7870220322043,5403.268627383375
2026-03-17 00:03:37,2754.612228007862,7677.609572743887,7236.904720852443,5580.0889685851225
2026-03-17 00:04:07,4200.862068965517,3965.4827586206898,3373.689655172414,3889.965517241379
2026-03-17 00:04:37,3884.490724777602,7527.722226053376,5746.258878698021,5196.7795324460385
2026-03-17 00:05:07,4595.08292817489,5991.79338643495,4449.605186028068,4981.448915554635
2026-03-17 00:05:37,4186.407365263267,6571.290645150168,5493.982966104618,5520.05103272301
2026-03-17 00:06:07,4457.551724137931,6161.3448275862065,4763.413793103448,6873.3448275862065
2026-03-17 00:06:37,4798.662115099479,6558.670390676183,4958.622116478741,5125.099134512602
2026-03-17 00:07:07,4505.913589186579,5512.016827005965,5024.206061859935,5194.682941967518
2026-03-17 00:07:37,3536.498741422709,3892.0382055791174,3158.132478190407,3690.252060273783
2026-03-17 00:08:07,2193.282526983689,1782.578709610676,1826.8216145384322,1907.9623435290869
2026-03-17 00:08:37,1557.3103448275863,1488.6206896551723,1670.1724137931035,1539.6206896551723
2026-03-17 00:09:07,1571.6896551724137,1791.4137931034481,1859.4137931034481,1884.7931034482758
2026-03-17 00:09:37,1591.0626853320462,1521.826080959934,1672.7122267429834,1596.3381835735468
2026-03-17 00:10:07,1741.1468570049306,1764.6632874728455,1880.8661770283782,1673.6319437260781
2026-03-17 00:10:37,1643.5172413793102,1566.7931034482758,1706.5172413793102,1779.2758620689656
2026-03-17 00:11:07,1863.6896551724137,1881.8620689655172,2071.9310344827586,2183.8965517241377
2026-03-17 00:11:37,1728.3103448275863,1596.0689655172414,1980.5172413793102,1644.7931034482758
2026-03-17 00:12:07,1801.7378111854355,1692.0212399144887,2037.7904972070892,1896.3174953451487
2026-03-17 00:12:37,1446.6206896551723,1448.4827586206895,1605.4137931034481,1617.6896551724137
2026-03-17 00:13:07,1819.6676091304048,1840.8385628577341,1873.4914833459761,1755.7065029997932
2026-03-17 00:13:37,1553.94641564084,1684.9074169856212,1552.1878555911867,1684.4591565808078
2026-03-17 00:14:07,1689,1883.3793103448277,1756.0344827586207,1868.3793103448277
2026-03-17 00:14:37,1842.856650229318,1958.2744232559742,1774.9232732163175,1767.1299010310697
2026-03-17 00:15:07,1598.5310851349952,2048.3431605806695,1850.108616944243,2008.9307265266712
2026-03-17 00:15:37,2031.3103448275863,2003.6896551724137,1897.4137931034481,1935.7586206896551
2026-03-17 00:16:07,1891.7660850975797,1774.4293497000208,1886.1802634301084,1858.2511550927522
2026-03-17 00:16:37,1522.2907975037067,1990.3458262938318,1781.7811950487883,1817.2258042271492
2026-03-17 00:17:07,1988.2068965517242,1948.1379310344828,1928.5862068965516,1936.9310344827586
2026-03-17 00:17:37,1794.6896551724137,1851.4482758620688,1826.3103448275863,2048.448275862069
2026-03-17 00:18:07,2210.5716847113995,2139.852423970761,1939.0731673677678,2333.6666436797464
2026-03-17 00:18:37,1885.1113716295429,1902.00675815461,2536.411281980553,2079.3393559064893
2026-03-17 00:19:07,1996.7586206896551,1941.3103448275863,1991.9310344827586,2092.862068965517
2026-03-17 00:19:37,1643.977793869177,1889.79690355505,2646.4259853108515,1920.451018930382
2026-03-17 00:20:07,1944.2854680227545,1963.8682985692121,2136.1144630236163,2117.186691949664
2026-03-17 00:20:37,1768.7825397372687,1864.2899010447197,2114.6433127607493,1968.382581112299
2026-03-17 00:21:07,2078.3820131728676,2350.5638125452597,2551.122452498362,2363.150453463912
2026-03-17 00:21:37,1735.1815454639493,1702.4930174821557,2084.445363952967,1767.76662873694
2026-03-17 00:22:07,1842.5571532016136,2032.8954173993998,2215.440846867349,1945.967380435157
2026-03-17 00:22:37,1789.3865728767971,2001.3792627840417,2216.3028861073753,1927.6231854073994
2026-03-17 00:23:07,1870.5127763026308,2903.1345908479598,2757.4399117210933,2882.2028345805024
2026-03-17 00:23:37,2065.448275862069,2399.0344827586205,2046.7241379310344,2071.965517241379
2026-03-17 00:24:07,2688.0797213889177,2658.391089962415,2449.1914071928554,2596.4277093893315
2026-03-17 00:24:37,1960.139305541188,2174.0629633460912,2093.4795351884413,2092.9278300748247
2026-03-17 00:25:07,2513.8788317644216,2719.0096893210575,2546.7052860246195,2709.596220819971
2026-03-17 00:25:37,2423.793103448276,2464.4137931034484,2517,2438.1724137931033
2026-03-17 00:26:07,2455.6739422778523,3193.303679183476,2820.07516982173,3004.9653460225504
2026-03-17 00:26:37,2390.551724137931,2734.689655172414,2612.3793103448274,2644.5172413793102
2026-03-17 00:27:07,2332.7471466501156,2840.5227405951523,2725.457742836454,2512.5685321195824
2026-03-17 00:27:37,2066.3770214820174,2891.3140926174956,2540.084824661218,2647.184579842074
2026-03-17 00:28:07,3129.6507016999417,3257.5428433502298,2448.2948863832285,3341.9882073031968
2026-03-17 00:28:37,2457.8088899617223,2706.4381530397595,4669.09203765647,2667.5747439566876
2026-03-17 00:29:07,2659.0807213544363,2484.328126616324,3189.4072618185583,2853.1774766387366
2026-03-17 00:29:37,2734.1470983759177,2958.104892934726,3965.173614702941,2988.2762663356434
2026-03-17 00:30:07,2909.6927692148547,3755.8015240853765,4332.367849384505,4011.8271783731598
2026-03-17 00:30:37,3202.337850418951,3791.524430192062,4728.561084100547,4345.4018826937
2026-03-17 00:31:07,2870.004482604048,2783.2833350574115,3704.6308747974203,2898.279369676907
2026-03-17 00:31:37,3138.0986862521986,3392.986448743147,4609.461742698528,3903.210234129858
2026-03-17 00:32:07,3105.644243698928,3133.0552011860846,4408.785298072614,3472.2959693824782
2026-03-17 00:32:37,2723.946479067522,3087.3163666459754,3661.8042623629217,3003.482998827505
2026-03-17 00:33:07,4992.483536185912,5539.564872599387,4590.697514050271,5616.901699824157
2026-03-17 00:33:37,3369.2413793103447,4597.275862068966,4755.862068965517,3881.310344827586
2026-03-17 00:34:07,4518.481484035584,6069.788290462727,5573.925936142336,5541.479897938073
2026-03-17 00:34:37,4402.64128823144,5660.046205303264,4753.284369504499,4874.8319023481945
2026-03-17 00:35:07,4103.410227233544,6232.1299265542575,4752.698182821282,4566.014965001207
2026-03-17 00:35:37,4445.877444049795,5765.647091279009,5408.807200248284,5468.016138487534
2026-03-17 00:36:07,4550.758620689655,6436.241379310345,4864.241379310345,4835.689655172414
2026-03-17 00:36:37,3997.378948820527,5452.338253552214,3993.136984411643,4092.6679542005795
2026-03-17 00:37:07,4909.106582531636,5542.533016102892,5416.847694907072,4914.761559946208
2026-03-17 00:37:37,4543.1694365905805,5427.4187987035375,5110.475139645542,5411.592303979036
2026-03-17 00:38:07,5970.6916764361085,5570.339976553341,5754.706571960554,6755.67202261913
2026-03-17 00:38:37,2211.862068965517,1611.103448275862,2170.5172413793102,2119.5172413793102
2026-03-17 00:39:07,1711.896551724138,1720.8620689655172,1957.551724137931,1814.3793103448277
2026-03-17 00:39:37,1876.3146098410398,1578.1524775007756,2002.7240439984826,1865.763249543119
2026-03-17 00:40:07,1589.4969138995205,1784.5591531326504,1887.314230543774,1808.4548808661768
2026-03-17 00:40:37,1475.1215475328438,1539.1193407123894,1610.4617082169582,1542.6019792420952
2026-03-17 00:41:07,1797.4482758620688,1848.7586206896551,2037.655172413793,2007.1379310344828
2026-03-17 00:41:37,1803.7653874004345,1859.3151960277232,1975.3456777352508,1846.1087548705218
2026-03-17 00:42:07,1604.3721122681195,1677.9532446038204,1749.775877525688,1663.092200537894
2026-03-17 00:42:37,1524.0344827586207,1516.7586206896551,1830.896551724138,1658.7931034482758
2026-03-17 00:43:07,1785.7241379310344,1687.655172413793,1916.5862068965516,1913.7586206896551
2026-03-17 00:43:37,1638.3228164546051,1648.0811006517017,1635.8746250129307,1678.4593634702253
2026-03-17 00:44:07,1784.5023794744466,1869.4392716739085,1981.7918477136354,1887.957790192427
2026-03-17 00:44:37,1600.8551134404524,1918.971105441004,1727.9842769464176,1937.280187573271
2026-03-17 00:45:07,1822.9938963412528,1857.684747749922,1779.1992827338872,1826.4767750612089
2026-03-17 00:45:37,1728.6645288093512,1811.6616668390743,1969.0700320678595,2115.513258163511
2026-03-17 00:46:07,1806.8487481895306,2022.518794399614,1925.6155596937724,2030.7952272570526
2026-03-17 00:46:37,1699.7689734836729,2008.068687286645,2014.2408882452328,2032.6540464121924
2026-03-17 00:47:07,1729.1221295083099,1767.774636231984,1750.1551617129853,1763.809392455693
2026-03-17 00:47:37,1580.2213716768385,1737.9745526016343,1562.3254370538946,1603.7033205751525
2026-03-17 00:48:07,1723.0938997896476,1931.514879823442,1813.8901341425565,1791.1996965412598
2026-03-17 00:48:37,1852.763697803524,2020.654460191028,2181.683390227923,2154.994655356712
2026-03-17 00:49:07,2064.687424571566,1880.4179166235645,2534.016068411434,2132.0988931416155
2026-03-17 00:49:37,1846.9071098544928,1874.422453623888,2255.396179573823,1916.040273084615
2026-03-17 00:50:07,1955.2413793103449,1953.3103448275863,2472.8275862068967,2003.551724137931
2026-03-17 00:50:37,1744.1379310344828,1976.6896551724137,2050.793103448276,1848.655172413793
2026-03-17 00:51:07,1942.762568098752,1966.1402661885388,2324.9431073719056,2122.5087924970694
2026-03-17 00:51:37,1731.5172413793102,1840.2758620689656,2056.7241379310344,1822.9310344827586
2026-03-17 00:52:07,2267.144778126401,2081.370892666276,2508.395683205186,2280.488225355998
2026-03-17 00:52:37,1804.9655172413793,2047.2413793103449,2588.0689655172414,2384.3793103448274
2026-03-17 00:53:07,1867.4482758620688,2113.448275862069,2211.6206896551726,2164.862068965517
2026-03-17 00:53:37,2338.8965517241377,2366.689655172414,2593.5172413793102,2396.793103448276
2026-03-17 00:54:07,2428.4137931034484,2997.448275862069,2558.2413793103447,2593.137931034483
2026-03-17 00:54:37,2066.6183924692255,2445.5018792455435,2005.2756801489606,2071.894072618186
2026-03-17 00:55:07,2248.8104268671127,3074.5810633749397,2608.3373560444106,2885.8354596234744
2026-03-17 00:55:37,2067.239060722044,2711.906485983242,2176.8559704837767,2447.260439295197
2026-03-17 00:56:07,2288.917250181091,2643.4755613811185,2281.0872339691628,2421.820565002932
2026-03-17 00:56:37,2265.259673080902,3411.6145941099385,2838.5061038692324,2651.5966618387474
2026-03-17 00:57:07,2197.110245180868,2603.81392461809,2424.7387840960027,2360.7365771233485
2026-03-17 00:57:37,1967.7252508534186,2494.845005344643,2046.4466742526117,2065.0667218371777
2026-03-17 00:58:07,2565.5472036411284,3246.6726432659816,2878.3876974001796,3116.7850493069445
2026-03-17 00:58:37,2627.862068965517,2672.0344827586205,3473.965517241379,3055.965517241379
2026-03-17 00:59:07,2813.1852975656852,2854.1479897938075,3493.655609957934,2850.32066754017
2026-03-17 00:59:37,3070.8324712049107,2862.473274018898,4141.0786950824195,3482.481550451755
2026-03-17 01:00:07,4420.70416221249,3438.1875237077134,4684.989137556467,4301.079347563708
2026-03-17 01:00:37,3780.66696554816,2823.8783322412664,4231.29978963341,3759.871710866641
2026-03-17 01:01:07,2877.741001241208,2815.6805957798924,3742.173493311267,2959.971038477451
2026-03-17 01:01:37,3407.261818557981,3378.159373814696,4502.017171821662,4373.194027792146
2026-03-17 01:02:07,3401.1724137931033,3056.344827586207,4088.310344827586,3276.448275862069
2026-03-17 01:02:37,2714.689655172414,2693.3793103448274,3542.4827586206898,2765.8965517241377
2026-03-17 01:03:07,3310.206896551724,3032.137931034483,4237.827586206897,3541.4827586206898
2026-03-17 01:03:37,3637.448275862069,5667.448275862069,4886.206896551724,5160.172413793103
2026-03-17 01:04:07,4377.310344827586,6266.827586206897,4998.0344827586205,4970.103448275862
2026-03-17 01:04:37,4909.0721009620365,6339.091755456709,5738.526257715252,6403.468845901866
2026-03-17 01:05:07,4451.670747267147,6289.009965860891,5193.041139349632,5954.37773716335
2026-03-17 01:05:37,4515.343769395215,6288.255982346045,5222.915660988898,5576.6843665954075
2026-03-17 01:06:07,4138.202130961001,5958.656598048343,4746.146684597083,4948.622461294438
2026-03-17 01:06:37,4432.398882797144,5798.351780973069,5603.082652322333,5116.064963277127
2026-03-17 01:07:07,4213.074058750517,6205.902634119431,4450.041373603641,4566.714935870914
2026-03-17 01:07:37,4433.542557594151,6467.202372741068,5554.317836943027,6730.686991309146
2026-03-17 01:08:07,4538.3315515398135,6086.008897472151,5551.850191399109,4896.12718557092
2026-03-17 01:08:37,2618.315346688274,3443.6782401820506,2665.482881081268,2739.26835154984
2026-03-17 01:09:07,2098,3038.965517241379,2988.8275862068963,2860.1724137931033
2026-03-17 01:09:37,1643.8743491603736,1548.9810696182888,1735.7677321471672,1706.5273611254781
2026-03-17 01:10:07,1650.9775524981894,1770.3527464570186,1899.5551877521461,1771.9044170890656
2026-03-17 01:10:37,1679.6786096072276,1495.086037449567,1802.6138832373529,1628.7113348736161
2026-03-17 01:11:07,1923.1034482758616,1989.4482758620686,2096.51724137931,2041.8965517241375
2026-03-17 01:11:37,1625.6809875181023,1743.879732432246,1819.1848838011172,1799.0828218743536
2026-03-17 01:12:07,1710.4237784903967,1848.4879831729938,1901.0034136753902,1924.8646598393157
2026-03-17 01:12:37,1501.4482758620688,1548.344827586207,1663.4827586206895,1648.2413793103449
2026-03-17 01:13:07,1714.9556881271765,1649.0223800820715,1780.0613814269454,1717.9557915790197
2026-03-17 01:13:37,1616.4827586206895,1579.3103448275863,1745.2758620689656,1628.5862068965516
2026-03-17 01:14:07,2217.9160057927043,2177.160195848562,2192.7798082890836,2140.4385904420387
2026-03-17 01:14:37,1837.051339516602,1903.596179705548,1895.0798193290352,1987.6909285246356
2026-03-17 01:15:07,1735.466519550376,2030.135852699814,1844.596924350045,1956.7960830287568
2026-03-17 01:15:37,1670.022062879206,1885.3075013789303,1815.2578599007172,1731.9015444015447
2026-03-17 01:16:07,1730.896551724138,1985.9310344827586,1943.8275862068965,1906.7931034482758
2026-03-17 01:16:37,1586.7443704955342,1827.925100865547,1637.6771612814232,1666.4367736818508
2026-03-17 01:17:07,1918.2012552589833,1915.9252362231878,1872.6463894061658,1867.4736188702668
2026-03-17 01:17:37,1614.8275862068965,1867.4482758620688,1829.6896551724137,1869.344827586207
2026-03-17 01:18:07,1718.6012828470932,1884.647217049452,1756.5694185805921,1794.020277260501
2026-03-17 01:18:37,1774.2758620689656,1799.103448275862,1786.4482758620688,2005.2068965517242
2026-03-17 01:19:07,2070.4137931034484,1913.1379310344828,2167.689655172414,2039.2068965517242
2026-03-17 01:19:37,1837.051339516602,1991.793952349757,2199.6000413750303,2028.859083543082
2026-03-17 01:20:07,1875.181021998483,2029.8600096545067,2358.4235569960692,2128.0946141645404
2026-03-17 01:20:37,2089.1003758491083,1730.4230888590046,2295.438088341781,1903.7619392434742
2026-03-17 01:21:07,2082.9597958761465,1909.109716571271,2452.899800013792,2237.7422246741603
2026-03-17 01:21:37,2059.6510585476863,1944.2797048479415,2213.5714778291153,2289.186952623957
2026-03-17 01:22:07,1854,1906.6206896551723,2079.137931034483,1920.0344827586207
2026-03-17 01:22:37,1744.1379310344828,1793.655172413793,2148.7241379310344,1921.6896551724137
2026-03-17 01:23:07,1986.276808495966,2108.958002896352,2502.723950072409,2257.6718846976073
2026-03-17 01:23:37,1794.5588083169544,2153.856763559877,2424.01986138409,2154.2360608254885
2026-03-17 01:24:07,2259.955180141355,2539.6310980865364,2389.5880020686086,2496.914325116359
2026-03-17 01:24:37,2189.3597214081306,2564.4933282763855,2241.1819466951697,2210.1506740682003
2026-03-17 01:25:07,2107.92359147645,2726.846424384525,2281.6702296393355,2319.5296876077514
2026-03-17 01:25:37,2846.1087548705214,2748.0776524947414,2801.0413434019515,2983.586772869901
2026-03-17 01:26:07,2382.387421557134,3261.844010757879,2751.0861319908972,2791.3592166057515
2026-03-17 01:26:37,2516.689655172414,2816.3793103448274,2674.7241379310344,2994.1724137931033
2026-03-17 01:27:07,2809.0755491189957,2825.557739388297,2909.658287645253,2807.8686941829587
2026-03-17 01:27:37,2059.793103448276,2658.8275862068967,2377.551724137931,2424.9310344827586
2026-03-17 01:28:07,2210.490016897134,2537.6392289389287,2210.3175971585224,2235.3529432049377
2026-03-17 01:28:37,2313.5645817529826,2586.856078891111,2432.4874146610578,2610.1992966002344
2026-03-17 01:29:07,2638.3917795938073,3001.5171890624465,3178.338677976622,2874.831902348195
2026-03-17 01:29:37,2982.7247336298747,3539.80897210441,3977.483535050515,3296.196682873004
2026-03-17 01:30:07,3156.4428812799556,3213.7512499568975,4157.822144063997,4185.9591048584525
2026-03-17 01:30:37,3278.463554237639,3145.438245638232,4342.597062271568,3503.172195021033
2026-03-17 01:31:07,2843.5862068965516,3120.137931034483,3835.4137931034484,3270.862068965517
2026-03-17 01:31:37,2764.774843114268,2990.414454175574,3904.0066202330877,2949.4862423281156
2026-03-17 01:32:07,2881.249568995242,3191.9177987724984,4247.67257430522,3598.475967174678
2026-03-17 01:32:37,3003.207007138177,3569.4334287389215,4695.161902134556,4162.522845615365
2026-03-17 01:33:07,3234.6206896551726,2985.2413793103447,4629.172413793103,3824.103448275862
2026-03-17 01:33:37,3058.308334195373,2731.5609806558396,3626.1853039550365,3107.2376814592603
2026-03-17 01:34:07,3859.5172413793102,4357.931034482758,3984.6206896551726,3976.655172413793
2026-03-17 01:34:37,4049.1741094520494,6896.65160867616,5217.179902755267,6055.760543467015
2026-03-17 01:35:07,4048.965517241379,5745.172413793103,4646.172413793103,4735.689655172414
2026-03-17 01:35:37,4734.878267466723,6033.967859852404,5429.374439616527,6132.112559486863
2026-03-17 01:36:07,4769.172413793103,5618.758620689655,4824.241379310345,4577.896551724138
2026-03-17 01:36:37,4557.191627297492,5836.6495396392975,5079.037208179591,4783.371840408289
2026-03-17 01:37:07,4132.887387076754,5952.003310116544,4414.764499000069,4896.317495345149
2026-03-17 01:37:37,4072.965517241379,5300.551724137931,3998.310344827586,4126.241379310345
2026-03-17 01:38:07,4063.82538533154,5937.5193958828995,4757.59456570463,4834.695355332574
2026-03-17 01:38:37,5006.862068965517,6395.379310344828,4800.241379310345,5165.551724137931
2026-03-17 01:39:07,4488.017654563636,4009.172097513879,5102.410261715114,5911.761663390918
2026-03-17 01:39:37,2294.4137931034484,3310.7241379310344,2801.0344827586205,2416.5862068965516
2026-03-17 01:40:07,1626.2629745853303,1660.0572433532188,1789.1306596779198,1682.713197006793
2026-03-17 01:40:37,1635.103448275862,1604.1379310344828,1848.6206896551723,1652.8620689655172
2026-03-17 01:41:07,1649.7120590365182,1865.5815717783369,1857.2709403772542,1963.412531466602
2026-03-17 01:41:37,1772.4827586206895,1953.7241379310344,2095.4137931034484,1925.4827586206895
2026-03-17 01:42:07,1693.7346988034894,1706.5618426950793,1869.1079617944206,1760.111720285507
2026-03-17 01:42:37,1805.261524669862,1667.9653828914252,1926.8696341757752,1843.8437403027276
2026-03-17 01:43:07,1654.5636357366986,1623.6681493741594,1840.9020378607631,1739.3538153856762
2026-03-17 01:43:37,1614.6896551724137,1514.551724137931,1835.1724137931035,1684.4827586206895
2026-03-17 01:44:07,1711.044446743216,1698.8379711044447,1919.899313816765,1878.7283197131135
2026-03-17 01:44:37,1580.2758620689656,1711.7586206896551,1576.4482758620688,1603.7586206896551
2026-03-17 01:45:07,1755.2751344642118,1821.4729002896152,1774.8241621845261,1759.5159288374016
2026-03-17 01:45:37,1710,1759.9655172413793,1864.4482758620688,1747.1379310344828
2026-03-17 01:46:07,1801.9310344827586,1850.2758620689656,1765.896551724138,1843.6206896551723
2026-03-17 01:46:37,1621.185476362884,2168.6148753491257,1921.9682079928275,1894.7277680079994
2026-03-17 01:47:07,1701.5964966725282,2002.8619702768867,1777.766283921244,1894.2450260335847
2026-03-17 01:47:37,1823.1724137931035,1741.0344827586207,1701.2068965517242,1823.896551724138
2026-03-17 01:48:07,1747.5259473811245,1836.6608047998343,1845.5570497569047,1756.318747629392
2026-03-17 01:48:37,1702.9067963173682,1926.554256749767,1706.2515085686698,1782.5937036653906
2026-03-17 01:49:07,1907.934209165201,2215.233957449743,2100.237922830247,2109.4789834833277
2026-03-17 01:49:37,1890.551724137931,1808,2131.310344827586,1976.2413793103449
2026-03-17 01:50:07,1851.7241379310344,1902.4827586206895,2147.206896551724,1976.3103448275863
2026-03-17 01:50:37,1761.4137931034481,1730.2758620689656,1980.6896551724137,1758.7241379310344
2026-03-17 01:51:07,2039.655172413793,2156.0689655172414,2437.4137931034484,2198.5172413793102
2026-03-17 01:51:37,1720.1972481809714,1810.338287527156,2071.5541915238455,1890.8583054588087
2026-03-17 01:52:07,1884.4907247776016,2099.51037859458,2282.5322391559203,2103.820426177505
2026-03-17 01:52:37,2138.7490517895317,1862.6301634370045,2376.0775118957313,2315.736845734777
2026-03-17 01:53:07,1840.2179160057929,2014.205916833322,2238.673194952072,1936.7974622439833
2026-03-17 01:53:37,1795.1105134305715,2059.5151891314094,2126.7887314230547,2213.613323678494
2026-03-17 01:54:07,2320.2179385496047,1938.4116693679089,2576.5371219697226,2358.598572364564
2026-03-17 01:54:37,2286.965517241379,2673.344827586207,2792.5172413793102,2422.655172413793
2026-03-17 01:55:07,2230.2758620689656,2603.4827586206898,2196.206896551724,2244.6206896551726
2026-03-17 01:55:37,2053.376605441237,2515.225797541776,1982.0466786355476,2083.7591492887723
2026-03-17 01:56:07,2314.1881403290904,2647.2800027596672,2330.4701783435094,2403.842836938149
2026-03-17 01:56:37,2072.2758620689656,2446.6206896551726,2053.655172413793,2131.2413793103447
2026-03-17 01:57:07,2180.746155437556,2828.5290669608994,2208.3304599682783,2441.4523136335424
2026-03-17 01:57:37,2129.0989965863246,2556.1877176649077,2173.9940002068893,2176.062894382952
2026-03-17 01:58:07,2430.206896551724,2746.2413793103447,2851,2681.8275862068967
2026-03-17 01:58:37,2162.9486604833987,3007.34406785505,2605.6270041030243,2462.883150018964
2026-03-17 01:59:07,2156.2758620689656,2898.344827586207,2512.2413793103447,2540.5862068965516
2026-03-17 01:59:37,2757.2413793103447,2756.6206896551726,3432.5172413793102,2792.0689655172414
2026-03-17 02:00:07,3137.0344827586205,2893.862068965517,4087.2758620689656,3287.793103448276
2026-03-17 02:00:37,2736.4137931034484,2833.5172413793102,3657.7586206896553,3028.310344827586
2026-03-17 02:01:07,3437.3987103892964,3189.4762249577598,4266.4046067376985,3639.564152960242
2026-03-17 02:01:37,2990.8623840557225,3424.7094927761113,4840.384814316748,3692.3899175890488
2026-03-17 02:02:07,3389.5382917830416,2774.5939795179474,4500.534464328815,3788.041791662356
2026-03-17 02:02:37,3155.437556030619,2895.731328873871,4291.635059651058,3901.8343562512932
2026-03-17 02:03:07,2878.344827586207,2795.5862068965516,3723.9310344827586,2995.965517241379
2026-03-17 02:03:37,2710.965517241379,3088.4137931034484,4172.793103448275,3517.862068965517
2026-03-17 02:04:07,2839.3503672287166,2855.0739629667946,3529.2231302368887,2890.555498086273
2026-03-17 02:04:37,4475.0344827586205,6730.862068965517,5526.586206896552,5456.310344827586
2026-03-17 02:05:07,4970.139990345494,6934.556237500862,6712.7439486931935,6130.646162333633
2026-03-17 02:05:37,4572.9655172413795,5656.517241379311,5335.827586206897,5163.310344827586
2026-03-17 02:06:07,3857.2463018516605,5793.593324368126,4191.269266577015,4263.370228612806
2026-03-17 02:06:37,4329.7127685252235,5547.877659391056,4461.087548705217,4398.537981448916
2026-03-17 02:07:07,4397.931034482758,5746.103448275862,4331.620689655172,4568.517241379311
2026-03-17 02:07:37,4925.172413793103,6249.172413793103,5089.068965517241,5481.551724137931
2026-03-17 02:08:07,4231.578221440639,3820.1096513913308,4864.83224716389,4902.761973725043
2026-03-17 02:08:37,4792.165247077484,6698.265457429566,6077.623366322976,5499.672402496637
2026-03-17 02:09:07,5090.445157063549,5791.731319609668,4770.007930761008,5591.15202924037
2026-03-17 02:09:37,2819.7648356953205,4097.962139236578,3237.1642357160094,3642.4606048067303
2026-03-17 02:10:07,1694.9655172413793,1693.1724137931035,1820.4827586206895,1710.8620689655172
2026-03-17 02:10:37,1536.795641078695,1515.001034554107,1697.3929236499068,1623.8706117663287
2026-03-17 02:11:07,1691.2520257922142,1626.771490638254,1865.2460259991037,1812.9374849143135
2026-03-17 02:11:37,1574.6206896551723,1654.1379310344828,1751.9655172413793,1673.0689655172414
2026-03-17 02:12:07,1822.8904444980858,1994.3446325735367,2081.6235042587673,1903.13459084796
2026-03-17 02:12:37,1510.896551724138,1502.4827586206895,1671.2413793103449,1537.896551724138
2026-03-17 02:13:07,1615.0344827586207,1610.2758620689656,1707.4827586206895,1627.1379310344828
2026-03-17 02:13:37,1804.1446846660458,1736.422881969587,2009.0341712354743,1844.5226026688733
2026-03-17 02:14:07,1761.5007931581492,1819.84964480309,1967.7563969928965,1925.5465894199604
2026-03-17 02:14:37,1577.6804497016933,1533.4689795496085,1629.0995620236577,1623.9266130979067
2026-03-17 02:15:07,1875.8749094921218,1946.7986070406512,1983.5534255077064,1992.1732234596423
2026-03-17 02:15:37,1588.6916048957075,1792.725392173763,1786.416135149112,1745.3197724530253
2026-03-17 02:16:07,1899.9482847784864,1998.1727288398552,1876.8143423547663,1950.3189105326667
2026-03-17 02:16:37,1614,1845.1724137931035,1718.8620689655172,1718.2413793103449
2026-03-17 02:17:07,1996.6897693182996,2045.9294507085965,2140.4434329850696,2179.26968035585
2026-03-17 02:17:37,1836.3561133714918,2242.914281773671,2047.7553272188127,2150.644783118406
2026-03-17 02:18:07,1874.5430719359958,2035.1748396441137,1967.2736050762126,1914.8561969791024
2026-03-17 02:18:37,1659.5634633288505,1933.1402365435672,1870.1768904520532,1881.555808420399
2026-03-17 02:19:07,1835.896551724138,2129.310344827586,1982.5172413793102,2087.0689655172414
2026-03-17 02:19:37,1699.655172413793,1715.7931034482758,1817.7586206896551,1744.4482758620688
2026-03-17 02:20:07,2081.2786647815437,1879.5130866581603,2403.4621883513223,2073.6232283871855
2026-03-17 02:20:37,2153.8965517241377,1747.4482758620688,2344.0344827586205,2030.1724137931035
2026-03-17 02:21:07,1863.0392055446366,1989.5865659804836,2197.165614978794,1941.4158132478192
2026-03-17 02:21:37,1775.8775256878837,1808.9786911247502,2075.8223570788223,1737.018136680229
2026-03-17 02:22:07,1874.1077893865727,2439.5710492741628,2430.571359608289,2370.3665390848587
2026-03-17 02:22:37,1853.694700182752,1882.6247370780316,2257.7152511982345,2031.619599324161
2026-03-17 02:23:07,2044.0674459501395,2147.8569704492947,2451.260301368918,2440.1572359573806
2026-03-17 02:23:37,2119.646920902007,1895.8692503965244,2348.941452313634,2116.1644024550033
2026-03-17 02:24:07,1994.6898382814384,1814.0064135719456,2299.196579428295,2092.9967932140266
2026-03-17 02:24:37,1895.1760284128131,1849.936209096238,2266.094272611289,2050.7913520223437
2026-03-17 02:25:07,2305.299817247681,2803.661942691631,2390.2279231750626,2589.393469190717
2026-03-17 02:25:37,2301.4378814523634,3003.4136753905036,2373.7457329057615,2423.399193131271
2026-03-17 02:26:07,2335.310344827586,3133.8275862068963,2531.137931034483,2900.655172413793
2026-03-17 02:26:37,2310.939439922748,2986.7567940405575,2606.669885501449,2545.9718581873362
2026-03-17 02:27:07,2079.0870854306004,2659.3808177618425,2232.74494932083,2185.030683306902
2026-03-17 02:27:37,2521.257887659046,3376.124961208234,2758.766939071066,3423.433674700872
2026-03-17 02:28:07,2927.3768060967614,2754.1639366874715,2624.8146487809922,2852.4776716438496
2026-03-17 02:28:37,2050.5189834132207,2529.3630814855683,2137.6254353598397,2182.730438980654
2026-03-17 02:29:07,2144.157500948178,2978.4505051201604,2276.4886391062996,2353.653070372031
2026-03-17 02:29:37,2570.4286059101414,2512.327161132375,2481.0523775042243,2462.0875142236478
2026-03-17 02:30:07,3186.959070376884,2943.0019654494677,4504.534326402538,3434.1229612771976
2026-03-17 02:30:37,2711.2659057208866,2873.0645884340834,3681.9545501569014,3148.4189109969307
2026-03-17 02:31:07,3674.7818890306557,3333.14941894548,4628.0906238146135,4001.275906065726
2026-03-17 02:31:37,3176.752525774973,2837.0745836350466,4217.613185752215,3710.803075756008
2026-03-17 02:32:07,3082.477070546859,3600.5103096338185,4524.343148748362,3882.0426177505
2026-03-17 02:32:37,3382.46146418842,3029.4148074071513,4058.48477533708,3457.739922066278
2026-03-17 02:33:07,3326.7128719699317,2945.6915278783486,3907.7618013171955,3381.366159787593
2026-03-17 02:33:37,3018.965517241379,2895.310344827586,4212.896551724138,3508.7241379310344
2026-03-17 02:34:07,3267.7241379310344,3023.793103448276,3984.7241379310344,3631.551724137931
2026-03-17 02:34:37,2919.729673815599,2752.9825529273844,3830.5289290393766,3149.2655678918695
2026-03-17 02:35:07,4625.642263526328,6093.899789647918,4609.089968619607,5186.696092968722
2026-03-17 02:35:37,3748.577537156453,5706.679540673816,3939.5496396427457,4115.0039656539875
2026-03-17 02:36:07,3921.939109747268,6131.124366444851,4336.413474468159,4936.351411922905
2026-03-17 02:36:37,4296.1519895179645,5954.416936762982,4949.486242328116,5091.40748913868
2026-03-17 02:37:07,4167.931034482758,5474.551724137931,4088.9310344827586,4225.9655172413795
2026-03-17 02:37:37,4735.651214128035,7225.33802428256,6695.743653421633,7101.579746136865
2026-03-17 02:38:07,4721.9291895059805,6331.299341538249,5401.489295687247,6286.585996483607
2026-03-17 02:38:37,3906.6832195323814,5520.553141595972,3957.410855921098,4089.0061383543693
2026-03-17 02:39:07,4320.230336884934,5871.866487362504,4664.011585807385,4592.772663011619
2026-03-17 02:39:37,4340.114474863803,5362.250879249707,4426.2809461416455,4424.350044824495
2026-03-17 02:40:07,2574.980173097479,2418.9165890831346,4807.59284162615,3753.5602220613077
2026-03-17 02:40:37,1462.8595075522448,1845.334160976619,2244.327194978964,2129.5606593558177
2026-03-17 02:41:07,1948.4137931034481,1642.1379310344828,2378.3793103448274,2332.655172413793
2026-03-17 02:41:37,1459.2441900558583,1842.3556996069237,2272.808771808841,2194.2279842769467
2026-03-17 02:42:07,1725.655172413793,1820.2068965517242,1926.103448275862,1940.7241379310344
2026-03-17 02:42:37,1508.2238543498502,1577.3938829695528,1636.9090721009622,1578.1179959311748
2026-03-17 02:43:07,1809.7372594993449,1700.020688228398,1931.6254051444728,1931.0047582925317
2026-03-17 02:43:37,1470.5699803455052,1589.80724802593,1655.8394538119373,1648.1845453605047
2026-03-17 02:44:07,1732.6206896551723,1721.0344827586207,1973.7241379310344,1900.2413793103449
2026-03-17 02:44:37,1514.120202751629,1506.154960173787,1567.704561911658,1500.0517223544014
2026-03-17 02:45:07,1649.7362159925517,1733.7333195407052,1698.0793765732215,1680.045515671873
2026-03-17 02:45:37,2014.9660333114932,2095.5205351908685,2096.0377944067036,2029.4837753025963
2026-03-17 02:46:07,1884.0729630012756,1855.9015206372192,1860.7289403813659,1962.0357918692457
2026-03-17 02:46:37,1554.9310344827586,1925.1724137931035,1629.4827586206895,1665.2758620689656
2026-03-17 02:47:07,1729.5358940762708,1988.8283566650578,1796.3933521826082,1872.4570719260741
2026-03-17 02:47:37,1684.597082859212,1949.139684838454,1837.764215027068,1958.9324506051516
2026-03-17 02:48:07,1700.5034135576857,1898.9035238949039,1780.4634163161163,1814.8058754568651
2026-03-17 02:48:37,1577.8911799186264,1711.7440176539549,1578.6152679125578,1570.6847803599753
2026-03-17 02:49:07,2331.5976412979753,2309.010655539846,2345.7015759164105,2281.561433152867
2026-03-17 02:49:37,1501.189614151236,1697.3207820419984,1583.0833419537255,1581.979931726492
2026-03-17 02:50:07,1752.9310344827586,1880.7931034482758,1883.2068965517242,1800.3103448275863
2026-03-17 02:50:37,2069.6503689400733,2386.938831804703,2521.3778360113097,2348.1484035583753
2026-03-17 02:51:07,1903.6240129650703,1873.5905658425572,2077.824902589566,1907.072169925175
2026-03-17 02:51:37,1931.9310344827586,1742.2758620689656,2218.4827586206898,1952.0344827586207
2026-03-17 02:52:07,2080.925453417006,2037.7904972070892,2355.044479691056,2210.0889593821116
2026-03-17 02:52:37,1789.0762387503878,2179.1662356470465,2198.6138409020377,2117.616633909175
2026-03-17 02:53:07,1893.0726526671492,1893.8657287679732,2155.7532498879345,1978.1731664425363
2026-03-17 02:53:37,2137.2413793103447,1825.4482758620688,2593.2758620689656,2455.8275862068967
2026-03-17 02:54:07,1885.961584882237,2002.413876340563,1878.754439808269,2016.793682540777
2026-03-17 02:54:37,1755.1639711714195,1980.5510534846026,2407.634746025725,1948.2395944687746
2026-03-17 02:55:07,2662.1724137931033,2637.5172413793102,2712.965517241379,2758.9310344827586
2026-03-17 02:55:37,2055.965517241379,2995.1724137931033,2242.0344827586205,2401.0689655172414
2026-03-17 02:56:07,2354.1904465428383,3095.050326865207,2642.1777178236657,2974.7500951195047
2026-03-17 02:56:37,2368.4355711872004,2927.1404434329847,2633.495396710458,2862.6943898486256
2026-03-17 02:57:07,2317.965517241379,2591.965517241379,2380.3793103448274,2378.551724137931
2026-03-17 02:57:37,1998.3104613474934,2432.901179229019,2304.2893593545273,2268.809047651886
2026-03-17 02:58:07,2453.6583683883873,2779.601406799531,1957.589131784015,2591.993655609958
2026-03-17 02:58:37,2433.862068965517,1891.7586206896551,2900.4137931034484,2540.310344827586
2026-03-17 02:59:07,2672.9880697882904,3334.1148886283704,2598.338045652024,2673.022550168954
2026-03-17 02:59:37,2172.0689655172414,2607.793103448276,2429.8275862068967,2547.0689655172414
2026-03-17 03:00:07,2809.7306989414155,2787.5935312575425,3387.2280266197713,3204.751560291024
2026-03-17 03:00:37,2762.819407565778,2744.3704955343283,3361.702127659574,2777.3716335046033
2026-03-17 03:01:07,4026.0689655172414,2914.8965517241377,4569.448275862069,3766.2758620689656
2026-03-17 03:01:37,2052.0362771130035,3527.707851994896,4223.387013345287,4790.0272423187
2026-03-17 03:02:07,3893.4754120973857,2955.1693220222082,3201.220773846472,3536.278364025105
2026-03-17 03:02:37,2162.689655172414,2863.3793103448274,4003.5172413793102,2899.2413793103447
2026-03-17 03:03:07,2815.303975999172,2989.8962033173552,3866.0643470464493,3220.386909893444
2026-03-17 03:03:37,2936.032276975068,2676.9198937894407,4093.48598227525,2969.6541260043446
2026-03-17 03:04:07,3496.6549417201186,3186.426650113801,4789.744120284157,4276.605283122974
2026-03-17 03:04:37,2986.310344827586,2620.137931034483,3523.551724137931,3304.3793103448274
2026-03-17 03:05:07,4861.06417462671,5096.00331045898,6033.863236663332,4992.137659919307
2026-03-17 03:05:37,4517.914410841752,5423.8077175075,5206.4209110658985,5529.121693851512
2026-03-17 03:06:07,3101.4792593358848,6394.538119375193,5159.304851556843,5602.32405779111
2026-03-17 03:06:37,4658.666942519224,3435.122926795628,3088.4107444570877,3421.1578911072033
2026-03-17 03:07:07,4046.0689655172414,6599.379310344828,5094.793103448275,5556.241379310345
2026-03-17 03:07:37,4429.359633090796,6090.072071450739,4992.999758612365,5439.739301355218
2026-03-17 03:08:07,4166.241379310345,6585.827586206897,4750.206896551724,5244.448275862069
2026-03-17 03:08:37,5216.22180840058,6068.418511621492,6336.954272708464,6171.839437202567
2026-03-17 03:09:07,4002.1724887065066,6452.050070692092,4547.432670092072,4970.998999965515
2026-03-17 03:09:37,4250.818937278024,6805.696355298092,5756.249784490189,5522.223371607875
2026-03-17 03:10:07,4988.930271053176,5729.705496930823,5387.0956617697775,5020.932478101938
2026-03-17 03:10:37,2027.4482758620688,1610.344827586207,1700.103448275862,1751.9655172413793
2026-03-17 03:11:07,1715.0591399703435,1730.6114003931168,1673.5749508603742,1671.2990103107002
2026-03-17 03:11:37,1473.4591108198533,1558.1692132583728,1517.4007519056327,1537.888455834167
2026-03-17 03:12:07,1623.875038791766,1845.5570497569051,1674.3215751180994,1684.8729354160203
2026-03-17 03:12:37,1549.9086301417096,1672.1028859083544,1717.71885667,1621.246077991932
2026-03-17 03:13:07,1714.4137931034481,1987.344827586207,1996.5172413793102,2039.8620689655172
2026-03-17 03:13:37,1497.154878090837,1675.8975066386176,1655.516087871159,1801.1518432941339
2026-03-17 03:14:07,1759.2318036065237,1958.142261145399,1838.8787366824124,1798.641519842775
2026-03-17 03:14:37,1490.224475018103,1602.9447260439297,1502.327505948071,1547.8086962518535
2026-03-17 03:15:07,1859.5172413793102,1801.103448275862,1962.7931034482758,1879.6896551724137
2026-03-17 03:15:37,1646.3204358921305,1647.665356231464,1730.8435064487205,1681.0814538933719
2026-03-17 03:16:07,1743.4907059350967,1848.053246887609,1951.3053074455977,1942.3388626409628
2026-03-17 03:16:37,1640.2632304299887,1669.9972436604187,1939.9807056229324,1784.4197905181916
2026-03-17 03:17:07,1900.0551419906258,1753.8599393438103,2059.3465674110835,1902.0195754066722
2026-03-17 03:17:37,1752.4738820122059,1881.9432472502847,2026.8937696100406,2009.2749025962835
2026-03-17 03:18:07,1668.218337298714,1638.0124823281958,1909.141064101238,1681.9075204303301
2026-03-17 03:18:37,1495.8275862068965,1579.5172413793102,1741.4827586206895,1645.1379310344828
2026-03-17 03:19:07,1824.028414772923,1684.333942549743,1969.9644815338456,1718.5765026380218
2026-03-17 03:19:37,1834.9655172413793,1717.8620689655172,2124.206896551724,1837.3793103448277
2026-03-17 03:20:07,1830.7586206896551,1894.344827586207,2051.137931034483,2068.344827586207
2026-03-17 03:20:37,1934.825338804786,1749.4741197972342,2020.4144970516222,2155.9019276526774
2026-03-17 03:21:07,2345.988069376918,2739.1814075376706,2373.9181407537667,2310.9892762318536
2026-03-17 03:21:37,1958.691079617944,2130.892038205579,2262.1633736767694,2318.7131478224887
2026-03-17 03:22:07,1783.1304527742334,2147.211972826649,2069.1747991310044,1892.9963102175934
2026-03-17 03:22:37,1977.967036756086,1999.1724708640784,1808.4270050341356,1899.3517688435281
2026-03-17 03:23:07,1791.344827586207,2052.3793103448274,1910.551724137931,1825.7586206896551
2026-03-17 03:23:37,1936.1012448705126,1978.4130487258178,1786.9236870236903,1964.5849856891614
2026-03-17 03:24:07,2189.4137931034484,2105.7241379310344,2583.551724137931,2224.3793103448274
2026-03-17 03:24:37,2253.776122491206,2161.8387474998276,2337.8508862680183,2185.599006828057
2026-03-17 03:25:07,1887.5172413793102,2054.2758620689656,1934.3103448275863,1990.344827586207
2026-03-17 03:25:37,1928.2339552367482,2431.182536124426,2704.176294099389,2342.5526778632266
2026-03-17 03:26:07,2373.137931034483,2286.4827586206898,2725.655172413793,2339.0689655172414
2026-03-17 03:26:37,2201.875991447686,2022.8291606317678,2722.463618180564,2150.6310780053795
2026-03-17 03:27:07,2621.310344827586,2145.0344827586205,2755.8275862068967,2843.103448275862
2026-03-17 03:27:37,2406,2454.4827586206898,2967.0344827586205,2969.689655172414
2026-03-17 03:28:07,2225.0344827586205,2065.862068965517,2858.0344827586205,2265.7241379310344
2026-03-17 03:28:37,2146.6652872611903,2172.7705358990274,2931.2711221463546,2560.6248706807364
2026-03-17 03:29:07,2571.551724137931,2504.793103448276,2935.8965517241377,2680.9310344827586
2026-03-17 03:29:37,2143.6010621788455,2355.588509156119,2720.4193537262468,2431.3894540814563
2026-03-17 03:30:07,2091.36670804027,2077.36863880844,2494.0353054751067,2087.953385739898
2026-03-17 03:30:37,2543.03448275862,3012.9655172413786,2667.241379310344,2657.275862068965
2026-03-17 03:31:07,2928.997551639711,3540.6393323907714,3403.3932204558773,3352.0811062450425
2026-03-17 03:31:37,2690.2306976102623,3818.786854719128,2999.7930963136655,3252.905272595606
2026-03-17 03:32:07,3036.2758620689656,3548.5862068965516,3154.655172413793,3080.862068965517
2026-03-17 03:32:37,2847.437754327885,3560.1075936271473,3154.7348092971934,3177.908821298021
2026-03-17 03:33:07,2646.3692159161437,3873.3535618233227,3008.5856147851873,2871.077856699538
2026-03-17 03:33:37,2846.137931034483,3570.6206896551726,2865.2758620689656,3190.0344827586205
2026-03-17 03:34:07,3277.9559325540495,3674.1491672700936,3332.1954415364985,3548.0500672390604
2026-03-17 03:34:37,3046.239784835005,3713.009896210475,3548.1190303782623,3552.670597565601
2026-03-17 03:35:07,3090.137931034483,3693.448275862069,3301.965517241379,3183.137931034483
2026-03-17 03:35:37,4452.949898279369,4436.847005275679,5321.9888969345875,4632.219578635219
2026-03-17 03:36:07,4979.828281783386,3878.762801282714,6468.294196751835,4559.394503637805
2026-03-17 03:36:37,4697.906968725216,6652.805075687044,7630.116202889554,6550.429295541532
2026-03-17 03:37:07,4083.1437435367116,3880.661840744571,5560.013788348845,4102.826611513271
2026-03-17 03:37:37,4390.076546445073,4580.166885042411,6739.983449417282,4870.38824908627
2026-03-17 03:38:07,4501.63798751681,5398.737887513362,6915.203972550777,6544.191179006171
2026-03-17 03:38:37,4906.282325356872,4069.4090062754294,8355.872008826978,6256.430590993725
2026-03-17 03:39:07,2730.8183040794506,5050.967274733611,4113.107348529259,3778.2337321976615
2026-03-17 03:39:37,5063.099096614027,4012.412937038825,6409.902765326529,4973.967312599131
2026-03-17 03:40:07,4245.1463843580805,3950.205179488947,5510.569329976895,4085.830545880892
2026-03-17 03:40:37,6552.137931034483,4087.310344827586,8450.034482758621,5781.689655172414
2026-03-17 03:41:07,1916.8218497827436,1577.2811918063314,1849.6103179529623,1823.953376094903
2026-03-17 03:41:37,1596.614026618854,1720.6399558651128,1913.3508033928695,1877.9049720708917
2026-03-17 03:42:07,1650.0465501189612,1530.2920588945208,1665.2874038826246,1589.15209820351
2026-03-17 03:42:37,1621.711093485982,1693.9204800165521,1763.7159902065587,1729.3354943273903
2026-03-17 03:43:07,1632.2068965517242,1681.8620689655172,1845.4827586206895,1678.655172413793
2026-03-17 03:43:37,1431,1584,1702.4137931034481,1607.6896551724137
2026-03-17 03:44:07,1712.4038759957236,1606.8140280699333,1720.3007000241385,1712.3004241525568
2026-03-17 03:44:37,1534.6206896551723,1720.8275862068965,1916.1724137931035,1847.0689655172414
2026-03-17 03:45:07,1941.6876444015309,1610.5382944239454,1878.8923755991584,1926.0319321355905
2026-03-17 03:45:37,1883.5862068965516,1993.2068965517242,2173.2758620689656,2044.9310344827586
2026-03-17 03:46:07,1645.3793103448277,1855,1839.2413793103449,1745.4827586206895
2026-03-17 03:46:37,1555,1865.8620689655172,1826.3793103448277,1795.7586206896551
2026-03-17 03:47:07,1735.6115728128555,1709.7141280733815,1610.3658746853337,1532.5700886237455
2026-03-17 03:47:37,1643.2536809075548,1852.177511120306,1523.36126340471,1776.9387262508187
2026-03-17 03:48:07,1988.4823614607396,1700.1620745542948,2051.0017586813337,1871.547294734301
2026-03-17 03:48:37,1687.6659425537048,1952.346470811351,1719.285541877866,1568.7390089996895
2026-03-17 03:49:07,1618.7881504983275,1777.0803876263062,1604.6142704417698,1902.576128565024
2026-03-17 03:49:37,1658.5862068965516,2155.310344827586,2159,2259.8275862068967
2026-03-17 03:50:07,2069.3175156050625,1825.5336758975066,1862.0891816394799,1905.5419526157877
2026-03-17 03:50:37,1762.4383684446439,2060.5454608143987,1879.7710581663969,2116.5741475019827
2026-03-17 03:51:07,1843.2068965517242,1734.4482758620688,1966.9310344827586,1686.9310344827586
2026-03-17 03:51:37,1937.9029755542533,1964.210598903562,2320.1392959349037,2264.283005206358
2026-03-17 03:52:07,2134.556364012552,1782.7511293492876,2188.5237421980064,1908.5140866926442
2026-03-17 03:52:37,1943.657115271887,1885.5211889245197,2287.9900693079544,2030.7230785145337
2026-03-17 03:53:07,2231.6127030102407,2172.1319954484325,2439.329678286955,2342.712320264818
2026-03-17 03:53:37,2077.9310344827586,1892.6206896551723,2118.206896551724,1978.655172413793
2026-03-17 03:54:07,2030.7607421201462,1764.8113663011243,2466.066625284502,2125.1465618318502
2026-03-17 03:54:37,1910.9938616456311,1871.3704393406445,2171.7014966549423,2147.2860197254986
2026-03-17 03:55:07,1908.7962484052273,1824.1439950346537,2402.3309541050307,1831.0058273852624
2026-03-17 03:55:37,1748.0344827586207,1892.4137931034481,2277,2174.5172413793102
2026-03-17 03:56:07,2334.712596117375,2347.2983690217575,2234.750525843936,2167.6838729698975
2026-03-17 03:56:37,2180.6144615702906,2836.109099686217,2102.3068170063098,2453.7429743801936
2026-03-17 03:57:07,2242.4651372019794,2599.813142323264,2515.20813868992,2289.9408284023666
2026-03-17 03:57:37,2196.9310344827586,2658.3793103448274,2174.5862068965516,2225.2758620689656
2026-03-17 03:58:07,2004.3794613607363,2555.2605262250418,2214.8694782578705,2293.079071692127
2026-03-17 03:58:37,2343.5635711576256,2635.7115762612502,2180.109658953757,2336.8736852994925
2026-03-17 03:59:07,2769.2838177993863,3698.769007965243,3607.22044067446,3450.6741146857007
2026-03-17 03:59:37,2729.2227050141387,3222.222222222222,2960.3765776950136,3295.0203462307745
2026-03-17 04:00:07,2460.6102396138594,2522.0134459575934,2449.19841406654,2341.0791242889154
2026-03-17 04:00:37,2089.5609890678347,2727.316618960582,2448.218781253233,2677.6218229472015
2026-03-17 04:01:07,2493.08644529499,2799.66208061791,3149.925864625358,2685.8729009344506
2026-03-17 04:01:37,3103.2520605579884,3243.438976445839,3524.3645894402866,3040.900782839604
2026-03-17 04:02:07,2807.786475395703,2755.543294596365,3749.71550743129,3056.9674816372976
2026-03-17 04:02:37,2713.862068965517,2841.3793103448274,3557.862068965517,2866.655172413793
2026-03-17 04:03:07,3298.355115693644,2741.060036552984,4216.524707748543,3495.948136142625
2026-03-17 04:03:37,2642.357160097927,2777.5593945036376,3678.769697596634,2888.9693458846245
2026-03-17 04:04:07,2849.6844718783404,2941.4807407151966,3615.676402634573,2970.7576123314593
2026-03-17 04:04:37,3250.887900417227,2867.9011068583836,3897.9000724112957,2845.2811972000964
2026-03-17 04:05:07,2740.4980340760158,3035.1107125612198,3884.8037525005175,3095.571497551218
2026-03-17 04:05:37,3472.2576640573807,3389.9789647918888,3500.396565398806,4192.9032035587425
2026-03-17 04:06:07,3580.8331609076486,4208.083316090765,5275.570729015794,4012.1042830540036
2026-03-17 04:06:37,4446.20318642665,6724.463756121112,5890.164838954411,6528.967515001034
2026-03-17 04:07:07,4077.7693474962066,5554.352324458546,4228.065940129673,4257.035453165954
2026-03-17 04:07:37,4764.318471776835,6368.1597186303925,5621.495810489294,6253.680907554913
2026-03-17 04:08:07,5666.160902100071,5677.05782958033,6156.798510293457,5244.491189351356
2026-03-17 04:08:37,3812.200420704162,6987.965102244904,5436.015035001206,3657.9882064898784
2026-03-17 04:09:07,3847.0292079037204,4722.059381357977,4291.906617469567,5595.641229007896
2026-03-17 04:09:37,4389.551724137931,6600.413793103448,4888.241379310345,5759.137931034483
2026-03-17 04:10:07,4262.3448275862065,6223.068965517241,4207.482758620689,4918.931034482758
2026-03-17 04:10:37,4676.551724137931,6381.586206896552,6023.137931034483,5922.241379310345
2026-03-17 04:11:07,4307.827586206897,6442.896551724138,4855.103448275862,5109.482758620689
2026-03-17 04:11:37,2187.040932445946,1496.7067829925168,1973.999103417359,1828.0285527087137
2026-03-17 04:12:07,1568.433394254974,1800.993137694403,1818.579951032794,1773.7508189937582
2026-03-17 04:12:37,1947.2050760371044,1590.434152901824,1993.2066622986997,1917.9626883685642
2026-03-17 04:13:07,1497.1550743129071,1700.9896892996308,1615.3660471050723,1497.8792372150763
2026-03-17 04:13:37,1628.5389151350043,1692.5411221076586,1777.544053243215,1556.4674643953238
2026-03-17 04:14:07,1418.4482758620688,1558.7241379310344,1765.3103448275863,1911.2413793103449
2026-03-17 04:14:37,1819,1821.1379310344828,1840.0344827586207,1754.4482758620688
2026-03-17 04:15:07,1483.516104558935,1602.2484309262707,1723.394716877026,1721.3945789364784
2026-03-17 04:15:37,1768.188400799945,1626.7153989380042,1864.6300255154817,1712.1922626025791
2026-03-17 04:16:07,1514.6906683219531,1549.1413200910408,1695.7031519415132,1628.8364714807917
2026-03-17 04:16:37,1863.5611337149162,1835.9423488035309,1826.4257637404319,1867.4229363492175
2026-03-17 04:17:07,1782.4187166695338,1937.5193531739205,2194.9423705487698,1974.2301737484947
2026-03-17 04:17:37,1585.7847363520364,1895.2995137428009,1927.1993654515984,1954.5125357795634
2026-03-17 04:18:07,1868.7976276680115,1822.9371400986174,1651.3223681942004,1768.387296989759
2026-03-17 04:18:37,1725.9905513983238,1775.888823752543,2074.3473912893546,1880.7889927238868
2026-03-17 04:19:07,1534.8299882750537,2221.049727567419,1703.2553969239261,1781.6745982481555
2026-03-17 04:19:37,1778.9310344827586,2075.3793103448274,1652.6206896551723,1952.7241379310344
2026-03-17 04:20:07,1828.344827586207,1935.2413793103449,2111.310344827586,2032.7241379310344
2026-03-17 04:20:37,1469.6389779662768,1873.6940105513602,1815.2132685079823,1815.006379090376
2026-03-17 04:21:07,1839.373771509362,1807.0967964412564,1741.8186834028756,1737.0598986171935
2026-03-17 04:21:37,1800.9034171235476,1996.7932140271027,2086.1004792938174,1965.3460225509466
2026-03-17 04:22:07,1961.8620689655172,1882.2068965517242,2182.793103448276,1966.3793103448277
2026-03-17 04:22:37,1805.7174385323628,1896.0653815648814,2141.073830132073,2044.242904927756
2026-03-17 04:23:07,2179.8399889647567,1806.0555900406928,2270.0875922477417,1897.6825987999175
2026-03-17 04:23:37,1832.8046341631612,1879.5255499620716,2312.9784152817047,2053.4790704089373
2026-03-17 04:24:07,2060.7220440674455,1795.1105134305712,2232.1988896934586,1753.525740491707
2026-03-17 04:24:37,2162.2013034033307,1507.1549256922174,2379.538636598738,2365.435674631909
2026-03-17 04:25:07,1746.474016345391,2227.0767957515773,2121.3490120348974,1586.6754026000895
2026-03-17 04:25:37,1973.7241379310344,1867.655172413793,1669.3793103448277,2272.551724137931
2026-03-17 04:26:07,2033.1379310344828,1996.344827586207,3008.862068965517,2107
2026-03-17 04:26:37,1987.0344827586207,2297.5172413793102,2138.206896551724,2054.3793103448274
2026-03-17 04:27:07,2348.898161878815,2560.6786908990584,2230.989412697865,2538.8488464323896
2026-03-17 04:27:37,1936.6573566428742,2902.244750181028,2557.635943588152,2536.1539257266986
2026-03-17 04:28:07,1862.0689655172414,2674.1724137931033,2142.0344827586205,2297.551724137931
2026-03-17 04:28:37,2966.688506500224,3199.282733887375,2212.9038932376975,2866.6850581054514
2026-03-17 04:29:07,2053.31218317873,2615.5039828959616,2740.5772612848714,2228.0423462878025
2026-03-17 04:29:37,2417.428187178868,2738.439256526087,2938.204765681575,3133.5218455808817
2026-03-17 04:30:07,2229.291675287951,2523.7257741913236,2207.910890406235,2184.323056762535
2026-03-17 04:30:37,2267.508016964932,2692.355436019447,2717.182166132202,2490.672735422916
2026-03-17 04:31:07,2305.1455373154918,2488.1362946613326,2159.780659401297,2427.127879707546
2026-03-17 04:31:37,2677.2992172143863,3432.876995758474,3405.393289423773,3545.915376392289
2026-03-17 04:32:07,3756.4314780329682,3276.7087385336927,4251.017311538728,3385.198979239948
2026-03-17 04:32:37,2508.672712852167,3157.3502534570152,4519.3627366460905,3800.2689747922336
2026-03-17 04:33:07,4049.8121272708468,2771.622599882795,3911.3378606639317,2629.73559929677
2026-03-17 04:33:37,1988.655172413793,2226.344827586207,2575.7241379310344,2980.7586206896553
2026-03-17 04:34:07,3219.352391461774,2716.852305251905,3825.61467636815,3470.2920790372077
2026-03-17 04:34:37,3589.951377633711,3697.7137142660085,4443.60150350012,4034.3460119314454
2026-03-17 04:35:07,3194.6685978343335,2933.7885371404923,4178.874405131388,3548.3826470791087
2026-03-17 04:35:37,2931.344827586207,3143.7241379310344,3576.9310344827586,3236.7241379310344
2026-03-17 04:36:07,2941.7525950960444,2663.447942890644,4075.1112184019034,2966.4792909611338
2026-03-17 04:36:37,3948.03627461122,5025.274990517568,4789.1796834591905,4205.544636391848
2026-03-17 04:37:07,2568.4137931034484,5769.586206896552,3864.206896551724,4107.724137931034
2026-03-17 04:37:37,4885.0044731952385,5109.7653292959885,4855.722248984929,4652.845640355104
2026-03-17 04:38:07,4188.310344827586,4555.172413793103,3343.344827586207,3500.7241379310344
2026-03-17 04:38:37,5029.448275862069,5649.586206896552,5687.482758620689,5514.0344827586205
2026-03-17 04:39:07,4431.142679815185,6476.105096200262,5310.771670919247,5450.210330322047
2026-03-17 04:39:37,4016.931618331666,7131.245905031207,5931.894203248387,5685.196041242801
2026-03-17 04:40:07,4460.808993413565,6708.576157798544,5351.529363081485,5440.635883995999
2026-03-17 04:40:37,4658.379310344828,5783.551724137931,4992.310344827586,5884.793103448275
2026-03-17 04:41:07,5093.620689655172,5674,5509.068965517241,5443.275862068966
2026-03-17 04:41:37,4373.241379310345,6477.862068965517,5350.241379310345,5057.3448275862065
2026-03-17 04:42:07,2233.0770026552636,1925.1008655470876,2271.6300562088345,2603.5725369840334
2026-03-17 04:42:37,1455.7271912281913,1862.768084959658,1833.0115164471417,1837.0802013654231
2026-03-17 04:43:07,1655.5862068965516,1694.2068965517242,1706.3103448275863,1742.3793103448277
2026-03-17 04:43:37,1870.5172413793102,1634.6896551724137,1913.103448275862,1568.9310344827586
2026-03-17 04:44:07,1482,1517.0344827586207,1636.5862068965516,1710.4482758620688
2026-03-17 04:44:37,1481.224785352229,1646.6328747284574,1822.5578428330055,1681.4937415951172
2026-03-17 04:45:07,1895.5337127090877,1631.246766683911,1877.2546990860492,1897.3271253664425
2026-03-17 04:45:37,1634.1253146660226,1581.3648746508497,1848.8568571330043,1681.4028069933443
2026-03-17 04:46:07,1583.5660839281402,1684.2177855936,1996.3449536222886,1872.107858349712
2026-03-17 04:46:37,1775.2681126935408,1834.5460188282352,1698.7137487499567,1870.8576157798543
2026-03-17 04:47:07,1529.567945932899,1679.8041446846662,1969.863108168684,1643.219199337954
2026-03-17 04:47:37,1640.219302782663,1820.419985517741,1795.2829212785769,1787.4211234095378
2026-03-17 04:48:07,1885.4867073549185,1976.8283852280954,2009.3445053618839,1868.9355539464154
2026-03-17 04:48:37,1541.4827586206895,2064.862068965517,1894.3793103448277,1883.8275862068965
2026-03-17 04:49:07,1841.103448275862,1898.7586206896551,1867.2068965517242,1969.4137931034481
2026-03-17 04:49:37,1796.8620689655172,1864.4482758620688,1743.2758620689656,1786.5172413793102
2026-03-17 04:50:07,2043.6536671149267,2081.721319954484,2123.823316437364,2134.3746767352845
2026-03-17 04:50:37,1592.2694986552651,1940.8316667816014,1940.5213433556307,1927.2119164195574
2026-03-17 04:51:07,1793.2485086721144,1955.4153305058444,1833.1436847005273,1825.2818868314885
2026-03-17 04:51:37,1736.4391875581914,1773.9922066278145,1672.712852167316,1506.293320459326
2026-03-17 04:52:07,1905.7241379310344,2064.344827586207,2194.5172413793102,2223.4137931034484
2026-03-17 04:52:37,2031.9310344827586,2179.8965517241377,2450.655172413793,2442.793103448276
2026-03-17 04:53:07,1761.9129715192057,1811.2543962485347,2245.2589476587823,1967.5539617957384
2026-03-17 04:53:37,1937.7564743611847,1988.5513293561844,2282.4235318459255,1902.5138797889579
2026-03-17 04:54:07,1751.0516516102339,1713.812840493759,1927.2119164195574,1943.2108130473762
2026-03-17 04:54:37,2261.6116685631528,2053.929174856039,2416.0546188062476,2390.9175545670837
2026-03-17 04:55:07,2320.4827586206898,1995.5862068965516,2997.206896551724,2581.4137931034484
2026-03-17 04:55:37,2093.748922525256,2017.5154294383342,2035.6170051374,2271.868427404062
2026-03-17 04:56:07,1819.9593089416874,1717.5075002586293,2322.700782785613,1767.7506120900719
2026-03-17 04:56:37,2023.9310344827586,2032.6206896551723,2070.1724137931033,2185.4137931034484
2026-03-17 04:57:07,2103.265179464194,2617.1085749750027,2943.76443816157,2754.3012791780166
2026-03-17 04:57:37,2294.251525914686,2550.570709334804,2153.1432118348907,2192.2480085520187
2026-03-17 04:58:07,2017.6496949222656,2666.0002068323624,2175.6351477127787,2257.540763211417
2026-03-17 04:58:37,2446.6588511137165,2715.2265361009586,2420.488242190194,2448.6242328115304
2026-03-17 04:59:07,2013.4133305748076,2772.5940484810867,2245.336367711458,2516.7063204717074
2026-03-17 04:59:37,2278.369711389262,3012.0685493603664,2554.773973311265,2581.0489293472638
2026-03-17 05:00:07,2490.828218743535,2861.9405558237363,3086.511275084477,3023.8259430384114
2026-03-17 05:00:37,2581.393745043274,2586.8073514706384,2301.748215578773,2536.0159994482947
2026-03-17 05:01:07,2579.965517241379,3157.965517241379,2809.551724137931,2883.551724137931
2026-03-17 05:01:37,2296.644943277818,2783.904003310231,2147.132857487673,2522.8440398606945
2026-03-17 05:02:07,2595.8826166419526,3154.0742784233935,3618.0213110796917,3285.8029587227143
2026-03-17 05:02:37,3521.5862068965516,3221.793103448276,4213.275862068966,3375.4827586206898
2026-03-17 05:03:07,3264.9310344827586,2739.7241379310344,4103.3448275862065,3375.6206896551726
2026-03-17 05:03:37,3431.0838304769127,2783.7511638332353,4438.497879237215,3780.440704851891
2026-03-17 05:04:07,2851.655172413793,3190.8965517241377,3965.344827586207,3148.9310344827586
2026-03-17 05:04:37,3447.3257698541324,2780.3717369564465,4311.803855305355,3236.5598813752194
2026-03-17 05:05:07,3279.8965517241377,3024.689655172414,4526.724137931034,3929.4137931034484
2026-03-17 05:05:37,3381.3874905178955,2864.836907799462,3854.3203916971247,3450.3482518447004
2026-03-17 05:06:07,2933.344827586207,3206.689655172414,4352.413793103448,3402.3793103448274
2026-03-17 05:06:37,2915.1753387814215,3143.0640322747495,3819.0752043033003,3081.100651701666
2026-03-17 05:07:07,4010.2413793103447,4042.8965517241377,4238.3448275862065,4645.827586206897
2026-03-17 05:07:37,4057.448275862069,7127.931034482758,5686.655172413793,5923.758620689655
2026-03-17 05:08:07,4407.075374112131,5838.9766223019105,4533.790773050135,5024.101786083718
2026-03-17 05:08:37,4604.758620689655,5761.206896551724,4686.172413793103,4539.3448275862065
2026-03-17 05:09:07,4570.467947170591,5460.671057622676,4301.217283354597,4765.785027069898
2026-03-17 05:09:37,4004.0001379357905,6020.24207731301,4886.823683575295,4892.9618262698705
2026-03-17 05:10:07,3946.58989035239,5821.115785118268,4298.289773119095,4435.24584511413
2026-03-17 05:10:37,4318.506258404882,6725.009482431639,5567.083893658839,5902.2447501810275
2026-03-17 05:11:07,3753.698148339712,5563.566773559532,4090.1003413675385,4103.272300955139
2026-03-17 05:11:37,5545.827586206897,6338.137931034483,6110.655172413793,6619.413793103448
2026-03-17 05:12:07,3397.8828316264953,3376.6766663218505,3423.6405641184783,3022.861280645495
2026-03-17 05:12:37,2952.137931034483,2355.448275862069,3133.8275862068963,4254.793103448275
2026-03-17 05:13:07,1786.0418606254955,1900.3482638529704,3023.3095410503083,3126.65080514465
2026-03-17 05:13:37,1880.7241379310344,1822.2068965517242,1970.5172413793102,1835
2026-03-17 05:14:07,1590.421680515809,1471.9166982725926,1860.2903147950215,1695.85904906389
2026-03-17 05:14:37,1626.0257913247362,1858.216674712089,1951.072339838632,1869.2159161437144
2026-03-17 05:15:07,1745.896551724138,1508.2758620689656,1708.1379310344828,1613.6206896551723
2026-03-17 05:15:37,1389.0689655172414,1680.4137931034481,1750.3103448275863,1657.551724137931
2026-03-17 05:16:07,1940.5172413793102,1681.7931034482758,2043.551724137931,1857.344827586207
2026-03-17 05:16:37,1883.6471480791781,2172.425684529968,2348.851644941031,2351.851851851852
2026-03-17 05:17:07,1436.631375659551,1464.1514639445459,1583.922474738766,1485.360554540125
2026-03-17 05:17:37,1883.4890965732086,1888.681204569055,1683.246798200069,2015.8878504672896
2026-03-17 05:18:07,1836.0689655172414,1735.655172413793,1894.0344827586207,1826.5862068965516
2026-03-17 05:18:37,1741.3014241870408,1885.5822614572915,1939.1703162178003,1774.164626366426
2026-03-17 05:19:07,1524.7241379310344,1867.6206896551723,1792.655172413793,1910.8620689655172
2026-03-17 05:19:37,1805.0900062073247,1967.273605076212,1877.129457203945,1992.3787847437754
2026-03-17 05:20:07,2001.9655172413793,1890.3793103448277,1939.4827586206895,1977
2026-03-17 05:20:37,1527.896551724138,1954.0344827586207,1816.103448275862,1976.0344827586207
2026-03-17 05:21:07,1925.071549256922,1819.8337988345227,1795.4553291265815,1787.731457535947
2026-03-17 05:21:37,1892.341115210869,2036.5529845856752,2072.6231939032377,2050.001724197386
2026-03-17 05:22:07,1614.0556570916235,1872.374909479637,1737.335770198972,1740.197937859926
2026-03-17 05:22:37,1838.7530604503602,1610.090003103555,2003.8966860926237,1917.652332839063
2026-03-17 05:23:07,1753.180924795697,2007.7238715906349,2059.894486397021,1906.865280507569
2026-03-17 05:23:37,1873.5774881026277,2016.001103524381,1981.9297882612593,2046.5204496861852
2026-03-17 05:24:07,2138.6254698437874,1928.2733887375423,2801.1655574330143,2438.394427394048
2026-03-17 05:24:37,1896,2128.4827586206898,2151.448275862069,2117
2026-03-17 05:25:07,1663.47115417773,1955.1019000655192,2356.5985033966685,1990.5858822718021
2026-03-17 05:25:37,2160.332459649607,1814.73306662988,2213.71913367361,1941.1987860394538
2026-03-17 05:26:07,1908.272699058588,1763.750474154281,2171.488672023173,2063.002172488706
2026-03-17 05:26:37,2033.5862068965516,2325.689655172414,2431.7586206896553,2433.6206896551726
2026-03-17 05:27:07,1625.1939722059378,1722.4731887306457,2145.9360667609226,1748.4396013655642
2026-03-17 05:27:37,2142.487671988689,2694.644642918721,2636.9185144315315,2528.2595951584535
2026-03-17 05:28:07,2498.5862068965516,2357.8275862068967,2167.0689655172414,2327.137931034483
2026-03-17 05:28:37,1987.6181278885288,2776.8848727322898,2249.810305580465,2522.073532454991
2026-03-17 05:29:07,2195.041208317528,2713.0245870547255,2279.492396289527,2335.149487913376
2026-03-17 05:29:37,3040.794510155522,2725.6801958688225,2767.991999724128,2808.752025931928
2026-03-17 05:30:07,2659.4592730533145,2838.5750741430447,2589.0406234912757,2701.3931995310027
2026-03-17 05:30:37,2535.9815178786935,3282.2316471845793,3124.4095031205816,3310.0582738526255
2026-03-17 05:31:07,2011.0689655172414,2736.4137931034484,2545.8275862068967,2449.551724137931
2026-03-17 05:31:37,2325.344827586207,2897.965517241379,2136.4137931034484,2471.7586206896553
2026-03-17 05:32:07,1877.8881302158768,2525.622456721153,2270.294503069177,2098.3860955927994
2026-03-17 05:32:37,2915.313265059826,3696.4587428019727,3648.4603979173135,3570.738940036551
2026-03-17 05:33:07,2995.2760249646567,2756.5946001862008,3658.046274266405,3337.126305989449
2026-03-17 05:33:37,2944.5095875293146,2875.844944130225,3690.4055731825083,3267.416195337288
2026-03-17 05:34:07,2802.5104313941856,2707.3347356805402,3512.603882892513,2731.0252077657847
2026-03-17 05:34:37,3011.7590261733158,3055.96744715335,4020.517948894789,3146.34987413359
2026-03-17 05:35:07,3351.5172413793102,3954.4137931034484,4696.275862068966,4568.793103448275
2026-03-17 05:35:37,2920.5834683954613,2926.514707403703,4218.524776716438,3477.8785475361215
2026-03-17 05:36:07,3147.965517241379,3391.7241379310344,4178.482758620689,3708.1724137931033
2026-03-17 05:36:37,3226.7586206896553,2514.3793103448274,4211.758620689655,3075.4137931034484
2026-03-17 05:37:07,3045,3501.6206896551726,4728.310344827586,3338.3793103448274
2026-03-17 05:37:37,3722.078549015551,5116.582186821143,5696.700113789179,5196.269094169166
2026-03-17 05:38:07,4159.068965517241,5695.724137931034,4552.862068965517,4594.0344827586205
2026-03-17 05:38:37,4161.327033831086,6082.698210159671,4767.631134255268,5274.718074283546
2026-03-17 05:39:07,4357.908893410117,6405.289837580605,5364.426359529638,5209.248594779129
2026-03-17 05:39:37,4813.165971240387,5749.267216110899,4892.685954688092,5667.471292113521
2026-03-17 05:40:07,4245.3188040966925,5730.611400393116,4222.283527018172,4411.359012379737
2026-03-17 05:40:37,4366.12530602393,5690.355504982586,4654.977414571911,4904.072273369883
2026-03-17 05:41:07,4938.724137931034,5739.448275862069,6534.413793103448,5794.103448275862
2026-03-17 05:41:37,4930.241379310345,5424.517241379311,4493.068965517241,4862.379310344828
2026-03-17 05:42:07,4890.58243387703,5641.711783164936,4614.021173143901,5067.0023104244965
2026-03-17 05:42:37,3121.0344827586205,5440.413793103448,4582.551724137931,4055.2413793103447
2026-03-17 05:43:07,1917.1667011518039,1735.3955445203121,1538.8992344299609,1536.6232153941653
2026-03-17 05:43:37,3612.7853251499896,3186.469898627681,3938.6938831804705,3540.755809944142
2026-03-17 05:44:07,1465.1403351493002,1417.7298117371217,1587.7870491690228,1511.3785256189228
2026-03-17 05:44:37,1971.2423709527259,1900.4517085617738,1830.1782697148376,1988.6555636012554
2026-03-17 05:45:07,1510.500362081451,1619.8489603089758,1956.619193765302,1633.1942480775197
2026-03-17 05:45:37,1704.610503810476,2194.0756577813027,2248.5947791303147,2146.315390185868
2026-03-17 05:46:07,1749.8189592744575,1540.1910410703815,1699.9206869202385,1563.1228663057345
2026-03-17 05:46:37,1465,1725.9310344827586,1905.6896551724137,1707.4137931034481
2026-03-17 05:47:07,1772.3793103448277,1585.4482758620688,1646.4482758620688,1741.7586206896551
2026-03-17 05:47:37,1729.3103448275863,1669.2413793103449,1774.3793103448277,1739.344827586207
2026-03-17 05:48:07,1498.1207544567426,1704.6998379366228,2086.134960863418,1753.7671114789143
2026-03-17 05:48:37,1860.103448275862,1980.1724137931035,1663.7931034482758,1938.9310344827586
2026-03-17 05:49:07,1622.952515603986,1681.7131625228453,1728.6458153729436,1645.1946618848924
2026-03-17 05:49:37,1503.6725404324286,1835.1322459395149,1767.957515776406,1704.6794717059206
2026-03-17 05:50:07,1640.6082968378219,1726.81816614366,1614.0556570916235,1618.6075381909718
2026-03-17 05:50:37,1807.745361749086,1950.9621353196771,1682.2539485481757,1946.479067521898
2026-03-17 05:51:07,1848.6792192565003,2065.9010966273536,2071.7635699013726,2067.8322642940893
2026-03-17 05:51:37,1852.591289955519,2260.6117030447226,2331.9540705492914,2271.0596186338403
2026-03-17 05:52:07,1705.3386674024005,2011.7602427921092,1804.4902745206236,1829.25231066354
2026-03-17 05:52:37,1771.3556574818083,2010.2769251991585,1842.2250577645964,1953.064110080353
2026-03-17 05:53:07,1818.0407572152685,1728.5610841005484,1753.0085169476915,1727.9059342781284
2026-03-17 05:53:37,1963.655172413793,2175.103448275862,2483.862068965517,2115.965517241379
2026-03-17 05:54:07,1752.6637012516808,1837.0401020654458,2179.8903486086683,2099.3414020206196
2026-03-17 05:54:37,2175.1199806649865,1822.3940890101164,2478.7487484031353,2196.1468079964093
2026-03-17 05:55:07,2005.1736626082156,1773.531542096368,2084.2617183458074,1955.8859034939467
2026-03-17 05:55:37,2032.3125732809158,2100.8345403131248,2373.5774881026277,2246.9480653838195
2026-03-17 05:56:07,1871.8099048144572,2009.7944544075046,2375.56904400607,2334.494413022486
2026-03-17 05:56:37,1852.6206896551723,2301.3793103448274,2328.310344827586,2107.0689655172414
2026-03-17 05:57:07,1977.0689655172414,1764.4137931034481,2066.0689655172414,1806.5862068965516
2026-03-17 05:57:37,1776.7241379310344,1903.5172413793102,2225.6206896551726,2166.0344827586205
2026-03-17 05:58:07,1850.896551724138,1797.9310344827586,2049.8965517241377,1852.655172413793
2026-03-17 05:58:37,2457.360598641332,2954.4122211110725,2547.156798510293,2836.890927273354
2026-03-17 05:59:07,1989.3096075591423,3021.7256362507765,2446.2031864266505,2638.5612800882823
2026-03-17 05:59:37,2167.0689655172414,2893.4137931034484,2434.9310344827586,2547.4137931034484
2026-03-17 06:00:07,2400.77244042898,2944.308424428428,3063.2435601227626,2939.5151556950236
2026-03-17 06:00:37,2947.6860473136076,3359.817918477136,2933.3402303607145,3124.3878888199183
2026-03-17 06:01:07,2085.4857064036687,2708.8865133280456,2720.6110555536393,2376.185385702955
2026-03-17 06:01:37,2106.6206896551726,2934.965517241379,2608.655172413793,2633.6206896551726
2026-03-17 06:02:07,2231.4747767318368,2874.6939760697906,2213.5443605392916,2263.404710182407
2026-03-17 06:02:37,2114.2413793103447,2588.2758620689656,2154.5862068965516,2221.6206896551726
2026-03-17 06:03:07,2387.8275862068967,2663.448275862069,2389.8965517241377,2853.965517241379
2026-03-17 06:03:37,2846.5809165833302,2675.2646642987684,3653.0225180178622,2881.651091416945
2026-03-17 06:04:07,2769.19893789441,3350.9431359702053,4211.972826649194,3412.29007896824
2026-03-17 06:04:37,2774.984481688393,3114.283743706463,3988.4819642733987,3284.881715980413
2026-03-17 06:05:07,3278.5613297010236,3110.107245077416,4299.76895755026,4059.4848098210277
2026-03-17 06:05:37,3039.1419802048486,2889.816187881505,3749.801703624513,3146.4979135772664
2026-03-17 06:06:07,3414.683771294572,3041.244223739568,4992.206359059245,4035.554176150079
2026-03-17 06:06:37,2931.6206896551726,3281.655172413793,4176.931034482758,3809.206896551724
2026-03-17 06:07:07,2728.551724137931,2670.4137931034484,3546.206896551724,2793.8275862068967
2026-03-17 06:07:37,3237.3693830396246,3025.485395040866,4147.222126426872,3613.1668793323447
2026-03-17 06:08:07,2711.7831649367217,3438.118555812269,4391.565226387116,3944.6532639056513
2026-03-17 06:08:37,5244.396165252776,6507.793640940755,4830.367611559418,6146.66528726119
2026-03-17 06:09:07,4734.63687150838,5477.412235326574,4731.050417270157,4814.435478308848
2026-03-17 06:09:37,4241.154562383613,6344.816883923029,4684.7023932685015,4922.6498379198565
2026-03-17 06:10:07,3752.1983516672985,6584.158074416358,4703.713921169695,4778.199248249939
2026-03-17 06:10:37,4110.682021929522,7111.475070684781,4783.428729053169,5255.189297289842
2026-03-17 06:11:07,4183.0344827586205,7114.413793103448,5462.379310344828,5902.379310344828
2026-03-17 06:11:37,5305.97606814028,6451.87765095348,5273.181833856339,5366.771267974757
2026-03-17 06:12:07,4539.705527395607,5528.361090996861,5126.754249853453,4535.395331195476
2026-03-17 06:12:37,4359.219283423566,6474.188765129831,5769.405841580743,6655.919169626538
2026-03-17 06:13:07,3701.220773846472,5292.502931236637,3644.009931719429,3847.196358369543
2026-03-17 06:13:37,3176.206896551724,2517.7586206896553,2463.6206896551726,2275.137931034483
2026-03-17 06:14:07,1988.3809129775202,1695.7661012274168,2245.173079575231,2221.5901254999308
2026-03-17 06:14:37,1850.1965652803642,2742.9133043658185,2253.776122491206,2604.6968756465963
2026-03-17 06:15:07,1570.0541397979239,1778.4061519362733,1607.4692230766575,1676.5060864167729
2026-03-17 06:15:37,1687.5064657401977,1673.4714990172072,1828.7871995586052,1865.4781199351698
2026-03-17 06:16:07,1622.7326022484308,1674.4947927443272,1490.1372508448858,1641.6649424098214
2026-03-17 06:16:37,1686.2068965517242,1873.0689655172414,1776.0344827586207,1887.4137931034481
2026-03-17 06:17:07,1485.4315368435568,1631.8057998000068,1588.6693562290955,1735.2160270335503
2026-03-17 06:17:37,1710.2513706423915,1758.1117892486463,1722.2509568635562,1733.629874831902
2026-03-17 06:18:07,1666.2068965517242,1813.0344827586207,1788.3103448275863,1773.9655172413793
2026-03-17 06:18:37,1601.9035795572108,1886.5438995792813,1761.3973377474308,1766.9839299262017
2026-03-17 06:19:07,1555.1341286807808,1598.165643748707,1728.5014826563686,1601.3723191504034
2026-03-17 06:19:37,2009.1724137931035,1831.655172413793,2206.448275862069,2049.8275862068967
2026-03-17 06:20:07,1681.6912094354589,1617.3742111252889,1851.432906852433,1780.4945339173016
2026-03-17 06:20:37,1970.5872211303056,2068.5838419364845,2213.337471121685,2059.54967070101
2026-03-17 06:21:07,1575.5715714334974,1633.0907962343526,1801.820752439739,1717.8178557881304
2026-03-17 06:21:37,1840.0455141024759,1666.4367974622442,1879.801393007379,1803.6342321219227
2026-03-17 06:22:07,2023.4498930960756,1867.9908959238567,2130.3883026415615,2105.145182426374
2026-03-17 06:22:37,1862.1082031654082,2000.4137788352127,2336.540119306231,2193.4071238922797
2026-03-17 06:23:07,1835.161045589351,1800.8828195047934,1904.3037450858678,1822.5050003448514
2026-03-17 06:23:37,1740.6206896551723,1849.655172413793,2070.793103448276,1955.1379310344828
2026-03-17 06:24:07,1769.0344827586207,2131.551724137931,1786.9310344827586,1888.1724137931035
2026-03-17 06:24:37,1998.2757431547006,2279.8813711290436,2099.07579833092,2382.4746534243745
2026-03-17 06:25:07,2070.0344827586205,2036.896551724138,1926.1724137931035,2237.965517241379
2026-03-17 06:25:37,2235.1724137931033,2190.137931034483,2149.4137931034484,2418.310344827586
2026-03-17 06:26:07,1935.0989723429202,2194.8755086557694,2162.1835988688877,2173.3567832264293
2026-03-17 06:26:37,2206.337712492673,2375.262921968208,2165.9597944898455,2278.2317851108583
2026-03-17 06:27:07,1691.3128944373555,2342.380246232369,2065.97234196641,2291.3059971721214
2026-03-17 06:27:37,2271.767991999724,2389.565157419221,2387.220248974102,2219.938618573054
2026-03-17 06:28:07,1989.3730074388948,2037.5715607966818,2019.0943059888245,2195.8109080936547
2026-03-17 06:28:37,1902.2792317506292,2285.507396296679,2038.3090238267644,2145.3742974380193
2026-03-17 06:29:07,2172.6611262457322,2413.531501086244,2839.063415979861,2549.605158798579
2026-03-17 06:29:37,2543.222647494914,2335.1608565221886,3162.8909347953513,2826.9025206027377
2026-03-17 06:30:07,2055.174316355736,2305.803648401669,2494.4653263905648,2229.2148005103622
2026-03-17 06:30:37,2389.731742638439,2270.4641059237297,3185.435487207779,2630.542721191642
2026-03-17 06:31:07,2308.5040347610184,2092.075315539003,2712.3594730671084,2307.1935995585904
2026-03-17 06:31:37,2092.028135990621,2618.715950624095,3145.9899317288464,2911.7991862630165
2026-03-17 06:32:07,2614.7665356231464,2050.4862404303744,2234.257535002414,2560.7628112283605
2026-03-17 06:32:37,2354.494982585606,2323.4594296355044,3503.2932170074823,2392.427325080175
2026-03-17 06:33:07,2165.0344827586205,2054.689655172414,2080.655172413793,2586.137931034483
2026-03-17 06:33:37,2190.338264197786,2201.3034033309195,2607.1859591048583,2238.853832626461
2026-03-17 06:34:07,2707.2413793103447,3574.5172413793102,3469.8275862068963,3062.5172413793102
2026-03-17 06:34:37,2824.9249974137037,4239.939308252008,3730.8527880271727,3782.4407738197865
2026-03-17 06:35:07,3182.3855995034305,4375.633642539397,3341.253146660229,3589.537570261043
2026-03-17 06:35:37,3647.5172413793102,4445.517241379311,3919.4827586206898,4644.6551724137935
2026-03-17 06:36:07,2141.6206896551726,4278.551724137931,3300.448275862069,3686.1724137931033
2026-03-17 06:36:37,3034.965517241379,2933.9310344827586,2952.0344827586205,3518.2413793103447
2026-03-17 06:37:07,3045.4498430980375,3486.3271147280934,2964.964309114107,3194.144625676747
2026-03-17 06:37:37,2748.6809889996202,3871.8576502638016,3015.6557122659397,3250.422428359598
2026-03-17 06:38:07,3184.7841081528486,3843.047316871293,3190.060698027314,3517.761070492482
2026-03-17 06:38:37,3066.5839108996242,3693.4588462466813,3602.1171683735047,3811.765111547878
2026-03-17 06:39:07,5395.779455880831,5192.717492500258,7279.266232198889,5734.664321919933
2026-03-17 06:39:37,4610.386923236085,5177.977791571832,5606.662528450238,6221.3600937995725
2026-03-17 06:40:07,4147.024343148749,4156.334045927867,7259.464864492104,4928.039445555479
2026-03-17 06:40:37,3580.945484638461,3215.475328436951,4678.873142305438,3613.5650494810525
2026-03-17 06:41:07,4069.9951727467073,4447.210537204331,6042.307427073995,4773.429418660782
2026-03-17 06:41:37,4996.103179529624,5002.276019035797,7065.245879026141,5671.184219601353
2026-03-17 06:42:07,4418.5228604923805,4173.850079304876,6532.583959726916,5410.7647748431145
2026-03-17 06:42:37,5201.972481809717,4882.03041484189,7179.8682713196995,6605.9174454291515
2026-03-17 06:43:07,4050.8947967311474,4979.552429226579,6263.335747043206,4483.259197958691
2026-03-17 06:43:37,5138.684872935416,4118.9614151236165,7398.262128892108,5967.690769283819
2026-03-17 06:44:07,3470.2098383212933,2712.0743034055727,3690.849673202614,3424.5958032335743
2026-03-17 06:44:37,2425.709458294542,1901.0378952449917,2305.817040791697,2073.7905589462434
2026-03-17 06:45:07,1577.5609419715204,1540.840602696273,1756.3355514946732,1754.6460710960937
2026-03-17 06:45:37,1608.151443053688,1676.4594324333646,1735.2505086031517,1611.1513396089792
2026-03-17 06:46:07,1529.4482758620688,1600.0689655172414,1672.344827586207,1631.4827586206895
2026-03-17 06:46:37,1687.1487190096896,1784.6281162718528,1999.4482948863833,1926.0370332057516
2026-03-17 06:47:07,1741.542811821097,1816.6143660126208,1921.7904065657433,2021.621435221904
2026-03-17 06:47:37,1626.9783800558603,1712.7685252232684,1841.902003379194,1793.0761008241097
2026-03-17 06:48:07,1559.6096147877365,1583.198261889161,1747.2842018139806,1605.8212918577783
2026-03-17 06:48:37,1637.473277704986,1676.711950899938,1811.4957589131784,1783.6700917178127
2026-03-17 06:49:07,1625.9094513982275,1653.8740043446776,1806.1790972725075,1687.5624978449016
2026-03-17 06:49:37,1757.267491982482,1945.7567502327663,1757.1985240870372,1760.1986275388804
2026-03-17 06:50:07,1675.722264359098,2010.894297731504,1793.387574984486,1948.6313176584156
2026-03-17 06:50:37,1594.2553705044654,1822.592324402607,1674.8732802317163,1697.6311161684082
2026-03-17 06:51:07,1625.301703330805,1859.1131646093374,1643.300462037101,1680.0910282049515
2026-03-17 06:51:37,1677.5417298937784,1874.948268726721,1685.0944957925233,1767.416195337288
2026-03-17 06:52:07,1555.1379310344828,1849.4137931034481,1855.4827586206895,1787.7586206896551
2026-03-17 06:52:37,1767.9895183256906,1957.2458021583977,1850.6016618970455,1869.0135503223808
2026-03-17 06:53:07,1551.9500672436977,2093.8997896479186,1836.6495396392977,1899.7551639711712
2026-03-17 06:53:37,1811.5647196745053,1860.285497551893,1855.4237638783534,1927.9704847941523
2026-03-17 06:54:07,1613.2680504792775,2001.6550582718435,1875.8361492310876,1995.8968347010552
2026-03-17 06:54:37,1975.0353436088408,1898.2104065377055,2153.3050584462603,2018.9993448501773
2026-03-17 06:55:07,2088.8275862068967,2194.0689655172414,2493.9310344827586,2481.344827586207
2026-03-17 06:55:37,1864.2162609475208,1986.552651541273,2223.9500724087993,2017.2746707123647
2026-03-17 06:56:07,1894.972760499276,1890.2144679677265,2092.9246258878698,1999.1035101027517
2026-03-17 06:56:37,1929.8644874314678,1844.6260473776765,2126.926657701458,2009.310023792283
2026-03-17 06:57:07,1901.4516740802044,1750.491362366815,1928.312816799421,1832.0747560428952
2026-03-17 06:57:37,2050.4827586206898,2328.6206896551726,2806.448275862069,2641.344827586207
2026-03-17 06:58:07,1721.6359748948203,1681.7021863576797,2014.5527277743292,1741.6718394372026
2026-03-17 06:58:37,2283.74418203758,2252.370280986037,2803.4821582485774,2463.471815204275
2026-03-17 06:59:07,1859.2413793103449,1949.9655172413793,2451.344827586207,1972.4482758620688
2026-03-17 06:59:37,2110.6858384193647,2625.978414537429,2173.7526292196817,2196.6483914347777
2026-03-17 07:00:07,2104.137931034483,2621.310344827586,2137.2758620689656,2288.448275862069
2026-03-17 07:00:37,2332.5173257938836,2850.0844740199295,2465.986277281661,2514.8777712650417
2026-03-17 07:01:07,2082.2125663838883,2492.1029036485274,2247.9826194909992,2183.0815918339194
2026-03-17 07:01:37,2299.1759473157954,2785.367030996794,2448.4708478433267,2400.9585215322554
2026-03-17 07:02:07,2301.9791738500794,2942.590166195435,2469.1745396869183,2706.3305978898006
2026-03-17 07:02:37,2184.3602385960075,3178.4642967968834,2636.86515188084,2703.272075302555
2026-03-17 07:03:07,2048.177397661827,2754.5608166362035,2171.2935820946996,2337.6556195468497
2026-03-17 07:03:37,2467.8120471951975,3242.2548816670114,2903.298143931553,2915.993928103222
2026-03-17 07:04:07,1977.8467908902692,2702.8985507246375,2164.07867494824,2284.2995169082124
2026-03-17 07:04:37,3039.655172413793,3113.4827586206898,4032.4827586206898,3394.655172413793
2026-03-17 07:05:07,2750.818880805434,3101.748095024653,3762.19701410199,3188.8080543392066
2026-03-17 07:05:37,3293.989862418537,3049.1017551118925,4206.26874935347,3464.81155822213
2026-03-17 07:06:07,3024.103448275862,3106.965517241379,3745.8275862068963,3034.0344827586205
2026-03-17 07:06:37,2853.2119582083374,2757.1118237302157,3582.6005999793106,2913.313334022964
2026-03-17 07:07:07,2229.7320597261973,3476.4647056795056,3385.3236318493737,3555.5363978068203
2026-03-17 07:07:37,3363.448275862069,3877.448275862069,4770.0344827586205,4383.689655172414
2026-03-17 07:08:07,2951.5862068965516,2908.137931034483,4239.827586206897,3522.7241379310344
2026-03-17 07:08:37,3045.8949691389953,2922.726802524051,4356.677355953243,3274.4043308851424
2026-03-17 07:09:07,3298.0242060618602,2637.426295644978,3884.1074445708773,2951.31202372332
2026-03-17 07:09:37,5410.908840159977,6584.505585436491,6616.4666942490685,6017.342435526134
2026-03-17 07:10:07,4435.379310344828,5626.827586206897,4268.6551724137935,4363.3448275862065
2026-03-17 07:10:37,4070.00241387634,6830.132073519776,4678.816510914169,4961.929721714541
2026-03-17 07:11:07,3245.0344827586205,4011.758620689655,3704.655172413793,3882.655172413793
2026-03-17 07:11:37,4194.972240422083,6039.380668298906,4323.355977792337,5226.697472326631
2026-03-17 07:12:07,5355.884279852418,5704.32054067101,5520.257922140615,5141.995103617116
2026-03-17 07:12:37,4455.0877555946345,6291.645115685666,4980.138615909796,5529.981724768111
2026-03-17 07:13:07,5715.783302872512,6979.688954791543,6275.009483085622,6164.316010896927
2026-03-17 07:13:37,5264.9655172413795,7073.068965517241,5876.586206896552,7412.103448275862
2026-03-17 07:14:07,4302.886107375608,5788.352125788766,4444.777766283922,4924.209510016896
2026-03-17 07:14:37,2850.8275862068963,3649.0689655172414,2696.793103448276,2886.103448275862
2026-03-17 07:15:07,2535.1539602082685,2602.9792076135304,3039.515878762801,3422.1923381952342
2026-03-17 07:15:37,1624.9655172413793,1757.9310344827586,1627.6896551724137,1680.7931034482758
2026-03-17 07:16:07,1643.7586206896551,1761.4137931034481,1694.7931034482758,1688.7241379310344
2026-03-17 07:16:37,1618.2495344506517,1726.8087454307192,1685.943858197117,1704.1520104834815
2026-03-17 07:17:07,1710.0399944835194,1719.6938353330575,1716.5563370569575,1764.8255413046475
2026-03-17 07:17:37,1730.542432497672,1858.7882340770368,1798.0964860857268,1911.4107383013204
2026-03-17 07:18:07,1753.6031997793257,1742.7073994896905,1752.6722295014138,1864.664505896145
2026-03-17 07:18:37,1905.0443057614732,2052.304933972348,2082.577664379547,2021.342619728994
2026-03-17 07:19:07,1666.8850650022412,1824.545673988758,1749.6120555881234,1882.7890616917823
2026-03-17 07:19:37,1754.4912244405364,1910.6237715940827,1817.1442364056409,2033.2057515258093
2026-03-17 07:20:07,1703.2898820608318,1660.252431202152,1884.3368508172978,1850.92075315539
2026-03-17 07:20:37,1996.9657265016206,1755.4996207158129,2071.684711399214,1853.423901799876
2026-03-17 07:21:07,1751.5258094548462,1712.113375400848,1976.8973483672974,1926.7956277369744
2026-03-17 07:21:37,1770.368582560425,1739.7165810433405,1949.9706926869637,1819.6393476536912
2026-03-17 07:22:07,1670.0917178125646,1611.8198744914143,1846.0451003379078,1660.609613130129
2026-03-17 07:22:37,1692.1485466018412,1725.66463225406,1888.4866039102099,1857.970414813282
2026-03-17 07:23:07,1643.1724137931035,1878.6896551724137,2013.7586206896551,2061.689655172414
2026-03-17 07:23:37,1824.4888107306642,1848.2121306161855,2017.4476742181303,1881.2799558635907
2026-03-17 07:24:07,1585.5438353795607,1796.507003285492,1820.4046342728686,1849.455300017292
2026-03-17 07:24:37,1756.6980448950035,2086.4108134202265,2054.9291403744696,1962.5874969828624
2026-03-17 07:25:07,1709.2902958824745,2090.9373060211046,1818.3667839161321,1931.8228843368508
2026-03-17 07:25:37,1864.2115789110721,2280.4041239957246,2013.7581462708183,2106.3066790800317
2026-03-17 07:26:07,1750.9655172413793,2189.551724137931,1912.3103448275863,1848.655172413793
2026-03-17 07:26:37,2191.9244163994344,2502.741284783283,2422.2957829040374,2400.503430916175
2026-03-17 07:27:07,1718.0097238026274,1930.140339988276,1697.838005586014,1746.0432398882795
2026-03-17 07:27:37,2426.4137931034484,2654.7241379310344,2476.3793103448274,2532.310344827586
2026-03-17 07:28:07,1810.5582566118412,2093.445053618841,1966.7942484741907,2016.0339298644876
2026-03-17 07:28:37,1837.5116383323561,2255.0087934066687,2146.7291975585363,2174.0404841546256
2026-03-17 07:29:07,2225.180178626849,2260.560708989965,2241.8359253767367,2339.908272699058
2026-03-17 07:29:37,1916.0631767708117,2163.942340851093,1946.858404027864,2043.20987654321
2026-03-17 07:30:07,2059.7972273949927,2202.427753638182,2551.4173391268364,2251.5690737292225
2026-03-17 07:30:37,2190.4137931034484,2115.9310344827586,2625.689655172414,2227.551724137931
2026-03-17 07:31:07,2346.2758620689656,2326.137931034483,2845.2413793103447,2450.7241379310344
2026-03-17 07:31:37,2150.2758620689656,2159.1724137931033,2567.344827586207,2199
2026-03-17 07:32:07,2104.148705038452,2267.9587543538987,2862.5375038797115,2541.6077525261235
2026-03-17 07:32:37,2201.531140078626,2546.6583902338093,2688.2543623698184,2311.4352713980275
2026-03-17 07:33:07,2382.344827586207,2113.310344827586,2812.3793103448274,2310.5862068965516
2026-03-17 07:33:37,3103.0963381835736,2250.7413281842632,3662.5060340666164,2927.349837942211
2026-03-17 07:34:07,2243.732542501465,2613.814269457567,3293.0445877444045,2785.992620435187
2026-03-17 07:34:37,2184.0753129418254,2386.15124659471,2902.341460050346,2851.4431532121794
2026-03-17 07:35:07,2716.45805317058,3597.220785490155,2841.45374297438,3003.792972656115
2026-03-17 07:35:37,2900.582778716507,3868.2713197006788,3103.8656505396734,3458.912376288837
2026-03-17 07:36:07,2652.3898199875853,4063.69404786537,3174.391337333609,3582.9022691220084
2026-03-17 07:36:37,2865.9402799806912,4170.195158954555,3149.3345286531962,3625.8533894214193
2026-03-17 07:37:07,3085.867990895924,3457.066004552038,2843.2650527622595,3118.8702669149598
2026-03-17 07:37:37,3727.103448275862,4439.482758620689,3799.7586206896553,4294.448275862069
2026-03-17 07:38:07,2930.2806702986004,4356.871939866216,3540.0662023308737,3466.485069995173
2026-03-17 07:38:37,3772,3779.6206896551726,3690.5172413793102,3625.7586206896553
2026-03-17 07:39:07,3401.7518449548243,4649.010276570798,4409.304089937237,5116.042485688668
2026-03-17 07:39:37,2845.763939174511,4227.509396227716,3230.474811213406,3107.513534016068
2026-03-17 07:40:07,4333.551746732421,3822.1195296065107,6358.657792185399,4323.86108907818
2026-03-17 07:40:37,5224.705152079454,4657.976412166357,6586.143871991171,5297.020484171322
2026-03-17 07:41:07,4301.538037106007,3995.8617835712807,6297.744672046348,4418.339195806608
2026-03-17 07:41:37,4196.338057308369,4418.813144374332,5849.00520671701,4853.867108030758
2026-03-17 07:42:07,6537.259905513983,4334.563260802096,8093.623918066139,6887.582330425186
2026-03-17 07:42:37,5222.620689655172,4866.758620689655,8637.862068965516,5915.827586206897
2026-03-17 07:43:07,4058.8965517241377,3808.551724137931,5668.931034482758,4121.068965517241
2026-03-17 07:43:37,4518.569605848477,4132.2804234628775,6178.83375288803,4903.100106900237
2026-03-17 07:44:07,5718.382504642047,2661.2337528368066,4946.427343373909,3811.4641358916174
2026-03-17 07:44:37,4213.6404385904425,6078.684228673885,6606.820219295221,6562.892214330046
2026-03-17 07:45:07,3392.9310344827586,3239.7241379310344,4506.482758620689,4586.379310344828
2026-03-17 07:45:37,1841.0744457087687,1852.6947346643221,2201.8206268749354,2208.647977655943
2026-03-17 07:46:07,1816.551724137931,1429.655172413793,1661.4137931034481,1643.2068965517242
2026-03-17 07:46:37,2030.757560084135,1935.657391124444,2111.996138064205,2126.7197682838523
2026-03-17 07:47:07,1739.1724137931035,1717.103448275862,1867.7586206896551,1904.2413793103449
2026-03-17 07:47:37,1644.036823776851,1763.6106609661072,1822.914870875427,1811.571216770679
2026-03-17 07:48:07,1553.4864473411963,1679.4261673218846,1812.0904889992416,1754.3623698186084
2026-03-17 07:48:37,1788.3846047730722,1771.485722168575,1895.261415367637,1898.3652917643815
2026-03-17 07:49:07,1469.7931034482758,1506.2068965517242,1596.896551724138,1511.4827586206895
2026-03-17 07:49:37,1667.839040033102,1710.2513706423915,1857.9359332436811,1785.3177476638734
2026-03-17 07:50:07,1806.7452927788122,2152.976067314987,2225.7397061866336,2263.7078419201325
2026-03-17 07:50:37,1695.9415192579568,1752.9740353780905,1854.3843315747733,1788.0417916623567
2026-03-17 07:51:07,1495.3967104582598,1633.460915140857,1681.355815316713,1679.0110685838417
2026-03-17 07:51:37,1932.6206896551723,2115.4827586206898,1956.2413793103449,2010.9310344827586
2026-03-17 07:52:07,1688.0107582497153,1835.5573945726007,1798.5241888210749,1878.3145408779005
2026-03-17 07:52:37,1786,1842.9310344827586,1733.4137931034481,1809.4827586206895
2026-03-17 07:53:07,1607.3238853832627,1792.9726561153066,1627.1507879038654,1660.6668735560845
2026-03-17 07:53:37,1825.655172413793,1955.8620689655172,1889.8275862068965,1900.103448275862
2026-03-17 07:54:07,1589.4341184178763,2023.1387289216866,1741.4048760302078,2019.7593020448978
2026-03-17 07:54:37,1829.1724137931035,1850.4827586206895,1774.103448275862,1843.6896551724137
2026-03-17 07:55:07,2088.8965517241377,2195.551724137931,2096.5862068965516,2341.8965517241377
2026-03-17 07:55:37,1734.0597951653504,1817.235077071623,1781.9579985516739,1804.9243077347492
2026-03-17 07:56:07,1835.1780973069895,1862.4185372918178,1876.7283886762527,1886.7970069997589
2026-03-17 07:56:37,2063.0344827586205,2010,2438.8275862068967,2290.448275862069
2026-03-17 07:57:07,1911.511138699221,1958.2729843437482,2176.391475274157,2084.7299813780264
2026-03-17 07:57:37,2079.0317575256026,1927.588703837799,2451.5016723561257,2202.234405710148
2026-03-17 07:58:07,1906.7586206896551,1925.7931034482758,2193.2758620689656,2216.793103448276
2026-03-17 07:58:37,2365.7241379310344,2168.0689655172414,2578.862068965517,2380.3793103448274
2026-03-17 07:59:07,1748.5087749543152,1858.7042719718652,2076.3369306623454,1852.9462469399718
2026-03-17 07:59:37,2369.736887478878,2076.899203420807,2620.6076071588673,2128.4527052656986
2026-03-17 08:00:07,1764.4990000689609,1864.492103992828,2095.924419005586,1830.9426936073376
2026-03-17 08:00:37,2253.103448275862,1982.896551724138,2534.1724137931033,2196.1724137931033
2026-03-17 08:01:07,1750.9655172413793,1948.7586206896551,2080.310344827586,1965.6206896551723
2026-03-17 08:01:37,2170.965517241379,2508.1724137931033,2164.862068965517,2194.448275862069
2026-03-17 08:02:07,2043.860556532533,2571.497534567773,2202.2344057101477,2287.2659563463326
2026-03-17 08:02:37,2139.369698641473,2595.096889869664,2206.9167643610785,2236.500930970278
2026-03-17 08:03:07,2135.852699813806,2455.554789324874,2131.197848424247,2284.7734638990414
2026-03-17 08:03:37,2611.793103448276,3086.8275862068963,2833.0689655172414,2996.2413793103447
2026-03-17 08:04:07,2270.4641059237297,2633.3701124060412,2529.1704020412385,2406.4202468795256
2026-03-17 08:04:37,2451.4439313529533,3276.7937142463297,2820.352884416569,3195.2925770211596
2026-03-17 08:05:07,2401.2130819864215,3112.141158631147,2983.182272460971,3117.6551676603367
2026-03-17 08:05:37,2289.5072583704014,2550.6706665287406,2433.5367745939798,2302.29992069239
2026-03-17 08:06:07,2000.4827086853086,2519.3945453918564,2042.5818018825642,2102.5755956280386
2026-03-17 08:06:37,3561.532360953071,3445.881176511155,4563.015068445916,4098.100065514983
2026-03-17 08:07:07,2921.623392296817,3087.2038895210508,4360.711699596565,3852.246474259508
2026-03-17 08:07:37,2884.7586206896553,3323.7241379310344,4115.793103448275,3359.4827586206898
2026-03-17 08:08:07,3511.603048170752,2938.312471983724,4024.516395986345,3547.2914727078373
2026-03-17 08:08:37,3000.206896551724,2754.6206896551726,3845.344827586207,3055.8275862068963
2026-03-17 08:09:07,2737.767663184028,2684.390193441606,3512.1547532843697,2777.1800972380265
2026-03-17 08:09:37,3271.680286886659,3229.9575876693903,4192.993345057066,3651.1499603461943
2026-03-17 08:10:07,2933.3149437969796,2638.576649886215,3708.9166264395562,2955.554789324874
2026-03-17 08:10:37,3298.9207268714877,3486.9832074756046,4594.220888934865,4009.5513947794907
2026-03-17 08:11:07,3000.827529135922,3215.502379146266,4224.915523067375,3482.001241293704
2026-03-17 08:11:37,5235.267749387952,6127.616289093478,5651.839591738215,6167.752836109099
2026-03-17 08:12:07,3971.1024518086824,6252.491465222938,3956.3088382358005,4345.908479602745
2026-03-17 08:12:37,4288.462864630025,5727.708433901111,4580.753051513689,4713.916281635749
2026-03-17 08:13:07,6372.538877969726,5795.248439708976,6414.227095617393,7526.878383504018
2026-03-17 08:13:37,3960.7626797227877,5680.033100024136,4118.022273557908,4233.251732579389
2026-03-17 08:14:07,5691.665804627426,5521.430295507051,5588.738319368297,5434.053998137994
2026-03-17 08:14:37,3100.1689596910455,4774.6974242267515,3811.765111547878,4903.658494534671
2026-03-17 08:15:07,3972.6905968759693,6492.327850763766,4960.759973794006,4783.800558601427
2026-03-17 08:15:37,5481.535119478638,5900.934450536188,4634.9091410641,6057.825592220957
2026-03-17 08:16:07,4860.2461984069505,5632.840246888038,5421.295817385607,5185.855660149649
2026-03-17 08:16:37,3208.731335563295,4443.084244284285,3479.6027449222383,3815.6143315286727
2026-03-17 08:17:07,1736.7241379310344,1389.9310344827586,1399.7586206896551,1388.3793103448277
2026-03-17 08:17:37,1756.6206896551723,1846.896551724138,2112.4137931034484,2001.344827586207
2026-03-17 08:18:07,1662.011654770525,1716.9752767145958,1850.5223957794556,1894.9346574256058
2026-03-17 08:18:37,1816.3448275862065,1654.1379310344823,1973.4482758620686,1807.4827586206893
2026-03-17 08:19:07,1558.8275862068963,1501.2413793103444,1693.9655172413788,1565.3448275862065
2026-03-17 08:19:37,1724.6111934894304,1703.78288906514,1948.584433945998,1859.5468809269282
2026-03-17 08:20:07,1508.2238543498497,1612.8409365194302,1650.2879211061686,1563.0150684459154
2026-03-17 08:20:37,1833.5804682920098,1986.2064209110656,1969.1368667885097,1977.4819821373148
2026-03-17 08:21:07,1695.1934349355217,1661.6785049306945,1848.286325081029,1765.9126956761604
2026-03-17 08:21:37,1781.5937381469603,1722.4578462811626,1985.7591117547668,1930.174821557877
2026-03-17 08:22:07,1564.812579744129,1611.4348770647262,1799.0620366219523,1690.3686334011516
2026-03-17 08:22:37,1891.9962757336457,1871.547294734301,1851.9604124280145,1883.478740646229
2026-03-17 08:23:07,1591.5580384854131,1747.9136492171876,1656.7694323746468,1679.5296227326025
2026-03-17 08:23:37,1722.4137931034481,2143.965517241379,1844.5862068965516,1946.3793103448277
2026-03-17 08:24:07,1593.7241379310344,1873.655172413793,1694.8620689655172,1664.7241379310344
2026-03-17 08:24:37,1882.551724137931,2089.448275862069,1910.2413793103449,1962.7241379310344
2026-03-17 08:25:07,1767.7241379310344,1738.551724137931,1755.2068965517242,1785.6206896551723
2026-03-17 08:25:37,1710.103448275862,1810.344827586207,1769.6206896551723,1780.7931034482758
2026-03-17 08:26:07,1649.330942198924,1758.5529038488069,1628.121120154504,1711.2360325562147
2026-03-17 08:26:37,1813.1788559015204,2040.9641046860452,1948.3810903072306,2054.7222509568633
2026-03-17 08:27:07,1697.4482758620688,1822.1379310344828,1808.2413793103449,1723.6896551724137
2026-03-17 08:27:37,2088.344827586207,1964.4137931034481,2454.344827586207,2165.4137931034484
2026-03-17 08:28:07,1990.8279024861208,1743.8709010034136,2306.4377090445155,2077.8249025895657
2026-03-17 08:28:37,1923.9310344827586,1907.5862068965516,2258.551724137931,1967.896551724138
2026-03-17 08:29:07,2048.1362711630636,1819.2476121513052,2342.919209682425,2115.064997758698
2026-03-17 08:29:37,1842.6842304907063,1961.9986896099863,2205.2829407910613,1955.2053519086862
2026-03-17 08:30:07,1737.190538583546,1797.7380870284808,2166.1954347976002,1929.5565823046686
2026-03-17 08:30:37,2099.1724137931033,2011.8620689655172,2336.7241379310344,2105.6206896551726
2026-03-17 08:31:07,2066.344827586207,2244.344827586207,2674.8275862068967,2378.655172413793
2026-03-17 08:31:37,1959.6565635667732,1850.0051722354399,2187.3383676424946,1978.724871556153
2026-03-17 08:32:07,2013.9985518739443,2307.8991828431544,2456.263145191877,2339.171809812778
2026-03-17 08:32:37,2168.8159437280187,2846.8036687125027,2377.249844838287,2574.68450451693
2026-03-17 08:33:07,2920.933760904796,2935.278093858832,2904.8308679011066,3012.275438777973
2026-03-17 08:33:37,2127.650770663081,2713.3202303368853,2156.0980655839458,2238.371090652047
2026-03-17 08:34:07,2407.5312941825578,2800.303458739956,2480.9476188834096,2661.229697575778
2026-03-17 08:34:37,2410.8823833660904,3295.40360677218,2945.3811937519395,3094.479500706872
2026-03-17 08:35:07,2344.3210813047376,2621.7847045031376,2336.976760223433,2300.0827529135922
2026-03-17 08:35:37,2483.1201075899166,2632.297665436739,2463.222869754129,2452.8087175419837
2026-03-17 08:36:07,2590.9451398227643,2918.76142201993,2803.0412744388123,2998.620737215958
2026-03-17 08:36:37,2157.649736215992,2592.186476328402,2197.8897279404155,2220.6475638771076
2026-03-17 08:37:07,2449.832718242334,2896.561238919739,2837.9608871106816,3115.9590245921427
2026-03-17 08:37:37,3033.5862068965516,3228.344827586207,4232.482758620689,3511.689655172414
2026-03-17 08:38:07,2744.689655172414,2649.5172413793102,3501,2784.103448275862
2026-03-17 08:38:37,2872.344827586207,3682.689655172414,4156.413793103448,3266.655172413793
2026-03-17 08:39:07,3483.2591979586914,2567.7045619116584,4189.683114375367,3346.8845901865457
2026-03-17 08:39:37,3230.026550808593,3173.8215923588846,4346.436329781732,3280.9558291093413
2026-03-17 08:40:07,2738.802110272059,2685.2177511120303,3481.7420088962444,2732.4919830350673
2026-03-17 08:40:37,3096.8965517241377,3495.3793103448274,4893.9655172413795,4060.103448275862
2026-03-17 08:41:07,2940.7951449949996,2720.3889521050996,3851.591324437088,2967.7942139926204
2026-03-17 08:41:37,3392.5726699079346,2699.079342091652,3859.418640736527,3242.267508016965
2026-03-17 08:42:07,3125.478431778214,2771.490638253853,3613.4271232026476,3160.7530774800866
2026-03-17 08:42:37,5687.607751189574,6163.195641679885,5887.766360940625,6365.043790083443
2026-03-17 08:43:07,4329.517241379311,5917.931034482758,4623,5052.724137931034
2026-03-17 08:43:37,4134.3355630646165,5857.2167436728505,4577.649817253982,4706.054754844494
2026-03-17 08:44:07,4516.896551724138,6443.241379310345,5459.827586206897,4982.862068965517
2026-03-17 08:44:37,4206.827586206897,5393.0344827586205,4219.137931034483,4244.172413793103
2026-03-17 08:45:07,4747.767318368332,5477.086997000103,4262.50818937278,4804.2826109444495
2026-03-17 08:45:37,4171.448275862069,6064.137931034483,4811.413793103448,4545
2026-03-17 08:46:07,4333.988483155754,5994.379504155029,5514.533981586842,5481.362711630634
2026-03-17 08:46:37,4224.804330586491,8548.426024893977,6190.635451505017,7263.352067027549
2026-03-17 08:47:07,5941.48477638702,6393.77952484397,6070.514809834143,5448.674183648839
2026-03-17 08:47:37,2996.6550570709333,2342.2186971964547,3673.1266595399834,3383.3925307769227
2026-03-17 08:48:07,1503.8791765801182,1496.844936381504,1606.8756249784492,1502.327505948071
2026-03-17 08:48:37,1698.334425325011,1814.062553881168,2015.3453567364388,2035.2770785199486
2026-03-17 08:49:07,1549.601737871108,1521.8785559118653,1669.8734526395642,1567.497672494052
2026-03-17 08:49:37,1765.655172413793,1821.2413793103449,1935.6206896551723,1881.7586206896551
2026-03-17 08:50:07,1475.1215475328438,1577.3938829695528,1634.633288507293,1578.1179959311748
2026-03-17 08:50:37,1637.3228509361745,1788.0073100927552,1849.6948381090306,1832.3850901693042
2026-03-17 08:51:07,1695.5,1585.2857142857142,1864.8214285714284,1736.392857142857
2026-03-17 08:51:37,1655.843722914861,1809.9206613774254,1977.7318487899195,1827.1551436762452
2026-03-17 08:52:07,1699.8464230865388,1796.4213007607416,2050.323225829494,2009.9646415943428
2026-03-17 08:52:37,1648.2879900693079,1860.9703113685732,1727.8714527085272,1694.5277749043134
2026-03-17 08:53:07,1682.2068965517242,1988.1724137931035,1922.7241379310344,1896.2413793103449
2026-03-17 08:53:37,1812.7844435250308,2064.2325196524616,1842.883740173769,2013.5498551923872
2026-03-17 08:54:07,1592.2758620689656,1971.5862068965516,1684.0344827586207,1798.7931034482758
2026-03-17 08:54:37,1746.9742422675079,2024.4129512775419,1901.0034136753902,1857.1428571428569
2026-03-17 08:55:07,1582.497155270508,1760.7323885383264,1560.0496534602257,1590.0486190131376
2026-03-17 08:55:37,2030.136891831316,2076.411158235923,1974.1043412296126,2046.1018585566012
2026-03-17 08:56:07,1662.011654770525,1823.592289921037,1715.630495500155,1843.7640081376503
2026-03-17 08:56:37,1800.3517120099305,1898.5207406641148,1931.4161580635148,1892.5899106927345
2026-03-17 08:57:07,1746.146684597083,1875.3836074618118,1856.7980414468468,1906.2446122547499
2026-03-17 08:57:37,1955.5172413793102,1841.2758620689656,2029.7586206896551,2030.1724137931035
2026-03-17 08:58:07,1982.344827586207,2223.793103448276,2356.2413793103447,2208.103448275862
2026-03-17 08:58:37,2226.5218141058804,2310.1224349025692,2584.480082772892,2337.058113467839
2026-03-17 08:59:07,1958.344827586207,2090.206896551724,2312.206896551724,2479.8275862068967
2026-03-17 08:59:37,1862.004758456605,2027.3783662632325,2132.719561394435,2100.031033412641
2026-03-17 09:00:07,1831.9368297644908,1762.0771697527668,2096.617358022137,1826.6611496155303
2026-03-17 09:00:37,1981.7943590097236,1862.768084959658,2124.025929246259,2015.2748086338875
2026-03-17 09:01:07,1739.5862068965516,1854.2758620689656,2067.8275862068967,1865.6206896551723
2026-03-17 09:01:37,1953.2413793103449,1859.3793103448277,2261.5172413793102,1973.4137931034481
2026-03-17 09:02:07,1724.896551724138,1687.8620689655172,1944.7931034482758,1755.2068965517242
2026-03-17 09:02:37,2256.7586206896553,2275.793103448276,2489.0344827586205,2355.7586206896553
2026-03-17 09:03:07,2388.6628508378735,2667.0574443141854,2457.589131784015,2491.931590924764
2026-03-17 09:03:37,2722.6206896551726,3258.4137931034484,3057.6206896551726,3720.5172413793102
2026-03-17 09:04:07,2124.3491154867406,2722.6800924169797,2428.8078899272386,2412.600434497741
2026-03-17 09:04:37,2353.9633830983003,2831.3622728683245,2460.5385649760374,2681.6881012309073
2026-03-17 09:05:07,2359.492448796635,2977.346389904145,2625.6465071374387,2948.5207916695404
2026-03-17 09:05:37,2190.4137931034484,2565.793103448276,2156.1724137931033,2227.551724137931
2026-03-17 09:06:07,1988.896551724138,2775.2413793103447,2160.0344827586205,2333.965517241379
2026-03-17 09:06:37,2258.7407764981726,3579.166954003172,2784.9458658023586,3422.970829597959
2026-03-17 09:07:07,2202.4207731301076,2624.0215179833785,2317.769578261319,2593.5032242491116
2026-03-17 09:07:37,2520.4662229732057,2783.2339046174,3041.725576744025,2806.131245905031
2026-03-17 09:08:07,2989.448275862069,3526.7586206896553,4251.068965517241,3807.344827586207
2026-03-17 09:08:37,3000.965417370617,3403.3720649587976,4041.8922180464097,3488.742543874772
2026-03-17 09:09:07,3234.3367470087233,3229.5438088341775,4492.948519016585,3761.2496120823416
2026-03-17 09:09:37,3047.531992687386,2930.7716187782416,3776.2064088855163,3033.458659584009
2026-03-17 09:10:07,3309.1962346125997,2659.9772421640637,3994.3795041550293,3295.05879107617
2026-03-17 09:10:37,2848.4535016033933,2911.7961449605186,3785.0074135374643,3299.162097858695
2026-03-17 09:11:07,2722.216475293955,3217.371814765008,4832.523016447708,3682.114409847936
2026-03-17 09:11:37,3094.134685010861,2740.733078169718,3851.5223612978857,3062.894382952312
2026-03-17 09:12:07,2902.5895658770382,2659.0462397848346,3655.9084169511393,2971.587186648736
2026-03-17 09:12:37,3552.655172413793,4904.103448275862,4593.586206896552,4149.620689655172
2026-03-17 09:13:07,3941.1075098269084,5644.024550031033,3895.0762016412664,4119.129715192056
2026-03-17 09:13:37,5050.651679194539,5558.789049031102,5119.543479760016,5651.713674918971
2026-03-17 09:14:07,4593.841591669252,5647.8397296644935,4544.153649874142,5095.858763490914
2026-03-17 09:14:37,4728.423157822144,6687.838350401711,5730.0437915933935,5908.934174683632
2026-03-17 09:15:07,6336.218191848839,5862.388800772361,5806.875387904282,5575.718915936832
2026-03-17 09:15:37,4156.3448275862065,6905.724137931034,4710.103448275862,3636.2413793103447
2026-03-17 09:16:07,2872.0344827586205,3847.689655172414,3449.0689655172414,4785.068965517241
2026-03-17 09:16:37,6452.655172413793,5984.137931034483,5553.896551724138,5342.793103448275
2026-03-17 09:17:07,3887.0689655172414,5580.379310344828,3962.3793103448274,4082.793103448276
2026-03-17 09:17:37,5465.533294251525,6034.966722990447,5755.750198282699,6923.5835718473045
2026-03-17 09:18:07,2532.892014894497,3360.7088677423803,3631.7404495931596,3637.2569300786095
2026-03-17 09:18:37,1901.451674080204,2090.0658597979377,1992.5174993965722,2055.27395607048
2026-03-17 09:19:07,1534.1724137931035,1740.896551724138,1746.3103448275863,1707.1379310344828
2026-03-17 09:19:37,1788.5862068965516,1733.0344827586207,1769.4137931034481,1818.7931034482758
2026-03-17 09:20:07,1586.511275084477,1628.1290945452038,1562.340528239432,1573.5121715743742
2026-03-17 09:20:37,1719.8868926514706,1965.274664643608,1889.2030759681365,2061.6228145798127
2026-03-17 09:21:07,1839.7931034482758,1902,1808.7241379310344,1847.896551724138
2026-03-17 09:21:37,1808.3235638921453,1740.9833804565203,1791.2902558444246,1844.1141990207573
2026-03-17 09:22:07,1574.1819811743615,1677.7919525566322,1599.1793952349758,1656.001103334138
2026-03-17 09:22:37,1648.7949522463196,1822.225287039272,1695.3073819949661,1693.72133917181
2026-03-17 09:23:07,1584.0918494000828,1707.8678802923735,1739.932423114053,1781.3749827609984
2026-03-17 09:23:37,1744.2846798386263,1655.1153408503155,1972.1733733319543,1814.109858280749
2026-03-17 09:24:07,1575.6154747948417,1561.5474794841737,1719.708985587201,1603.648024274188
2026-03-17 09:24:37,2060.6572640435875,2291.8031656264006,2356.150212076278,2290.8720990378974
2026-03-17 09:25:07,1620.551724137931,1562.4827586206895,1851.9655172413793,1600.9310344827586
2026-03-17 09:25:37,1718.4827586206895,1714.3793103448277,1933.1724137931035,1855.0689655172414
2026-03-17 09:26:07,1559.739319333816,1599.5655322230266,1707.9755870487222,1582.117858004896
2026-03-17 09:26:37,2083.175281906272,1999.3792889409976,2151.0052070761058,2077.071623159419
2026-03-17 09:27:07,1726.837005620496,1667.6666321850971,2144.270887210786,1873.418157994552
2026-03-17 09:27:37,1725.0439640012412,1878.0042067514912,1993.9657253198163,1950.7948001793038
2026-03-17 09:28:07,1990.8962378013032,2267.664402220766,2153.798406841615,2471.223145625711
2026-03-17 09:28:37,2079.9310344827586,2482.344827586207,2423.551724137931,2416.3793103448274
2026-03-17 09:29:07,1799.0483414936903,1974.553479070409,1897.4208675263776,1931.7633266671264
2026-03-17 09:29:37,1976.1371081761438,2451.4293596330904,2038.587537501293,2445.705024311183
2026-03-17 09:30:07,1951.3137025032756,2377.4222467416043,2035.8251155092753,2276.1533687331907
2026-03-17 09:30:37,1806.3103448275863,2592.793103448276,2086.7241379310344,2050.655172413793
2026-03-17 09:31:07,1926.38989543431,1967.1463574559132,2069.2618283466195,2085.205507816544
2026-03-17 09:31:37,2097.24713674624,2143.7836346074237,2040.9479784738512,2188.5262867393403
2026-03-17 09:32:07,1882.8154636686554,2001.482912025382,1995.344345966824,2057.419733075835
2026-03-17 09:32:37,1979.8979380732364,2111.5095510654437,1926.5223088062894,1969.3469415902352
2026-03-17 09:33:07,2146.1228148812193,2392.269765196704,2599.282832810399,2255.111540185498
2026-03-17 09:33:37,2180.567527497156,2398.1657069958283,2859.6696893424823,2678.7228907354415
2026-03-17 09:34:07,2667.149408641081,2367.366642529568,3333.160925485328,3038.6883210923756
2026-03-17 09:34:37,2547.134680366871,2212.1922626025794,3048.6862974967244,2456.209916557479
2026-03-17 09:35:07,2064.349265466584,2291.744258224705,2750.637975032761,2522.139457893648
2026-03-17 09:35:37,2917.8247525776746,2172.4887065071207,3029.6906789889304,2481.499362046967
2026-03-17 09:36:07,2096.027860147576,1956.4857596027862,2581.028894558996,2095.8209778635955
2026-03-17 09:36:37,2128.314769474809,2397.048174074968,2695.2308700300005,2304.94154970861
2026-03-17 09:37:07,2144.2314323150126,2640.5075512033654,2786.773325977519,2797.22088131853
2026-03-17 09:37:37,2150.3793103448274,2166.8275862068967,2644.5862068965516,2209.137931034483
2026-03-17 09:38:07,2628.7842217778084,2733.5356182332253,2908.420108958003,2649.713812840494
2026-03-17 09:38:37,3903.0689655172414,4033.793103448276,3798.9310344827586,3811.689655172414
2026-03-17 09:39:07,3763.7241379310344,4317.172413793103,3813.206896551724,4514.793103448275
2026-03-17 09:39:37,2830.057923045097,3800.3378844297335,3127.6720452351396,3501.4135981243967
2026-03-17 09:40:07,2782.965517241379,4165.379310344828,3074.862068965517,3335.551724137931
2026-03-17 09:40:37,2887.1763042653697,4524.637081479948,3379.2283024723283,3257.3704355022237
2026-03-17 09:41:07,2828.5921175131894,3891.7278714527088,3255.9911727181825,3483.017826971484
2026-03-17 09:41:37,3867.2758620689656,3866.4827586206898,4260.103448275862,4459.551724137931
2026-03-17 09:42:07,2998.2412580177947,3501.8621973929244,2895.8204014069943,2821.263535416236
2026-03-17 09:42:37,2603.5101027515343,4063.8576649886218,3242.086752637749,3047.2036411281983
2026-03-17 09:43:07,3761.8702803351603,3940.8641081342016,4496.7070101030995,4176.097375952553
2026-03-17 09:43:37,4441.793103448275,4710.758620689655,6844.241379310345,5377.206896551724
2026-03-17 09:44:07,4089.131784014896,4698.710433763189,5701.779187642232,4454.485897524309
2026-03-17 09:44:37,4897.624219854488,4293.645046722527,7091.617530429986,5931.071342367505
2026-03-17 09:45:07,4065.7908347987996,4986.793558842798,7071.928554187786,5408.192820937208
2026-03-17 09:45:37,5522.775076721492,4137.891796834591,6634.3919175200845,5570.532050618944
2026-03-17 09:46:07,5345.286531963313,4909.695883042549,8758.327011930212,5515.998896627819
2026-03-17 09:46:37,4460.466880452399,5019.861384090204,6065.273611254785,4691.734767766629
2026-03-17 09:47:07,4839.939287315879,4341.267377281038,6469.7643933905965,5685.708372141156
2026-03-17 09:47:37,4245.111226073461,4123.124676668391,3961.786514916365,4585.100879461976
2026-03-17 09:48:07,3488.4137931034484,3816.0689655172414,8500.724137931034,4888.0344827586205
2026-03-17 09:48:37,2058.2413793103447,1674,1779.0689655172414,1707.2758620689656
2026-03-17 09:49:07,1764.5598427640425,1796.7311472018205,1751.6292541636494,1831.557532498879
2026-03-17 09:49:37,1714.8472519136612,1726.0878560099304,1825.2879111785394,1718.0539273153577
2026-03-17 09:50:07,1535.7746284610873,1598.393158856591,1500.0517223544014,1518.2579911037549
2026-03-17 09:50:37,1750.7500258629605,1828.8216835063276,1848.1671781785576,1734.2666988516844
2026-03-17 09:51:07,1546.0533121831786,1645.8498568916168,1577.3647367150588,1750.681057967516
2026-03-17 09:51:37,1764.3874349160371,1930.6575635322918,2024.2750249991377,1959.8979345539806
2026-03-17 09:52:07,1529.0527259560672,1543.12217662678,1495.603296665402,1513.810821062795
2026-03-17 09:52:37,1569.881720059312,1804.062209041691,1647.6085382254557,1668.092003172523
2026-03-17 09:53:07,1553.8275862068965,1677.103448275862,1577.8275862068965,1606.7931034482758
2026-03-17 09:53:37,1662.5172413793102,1772.551724137931,1790.8620689655172,1788.1724137931035
2026-03-17 09:54:07,1626.3921933726424,1756.3532291989932,1831.4196062204753,1672.9423123340575
2026-03-17 09:54:37,1769.283817799386,1805.2480948932794,2079.1007206648046,1903.1412709906554
2026-03-17 09:55:07,1671.6320126892174,1625.530154132616,1720.3889521050996,1715.4236060825488
2026-03-17 09:55:37,1811.0689655172414,1723.655172413793,1989.0344827586207,1865.2068965517242
2026-03-17 09:56:07,2078.4137931034484,1906.0689655172414,2206.3793103448274,2125.689655172414
2026-03-17 09:56:37,1748.1637297837854,1718.5420186902995,1901.8242008345112,1840.3048380978653
2026-03-17 09:57:07,1549.4482758620688,1572.2068965517242,1698.7931034482758,1568.3793103448277
2026-03-17 09:57:37,1684.4936381504085,1711.8030412744386,1824.0750318954517,1714.80293782973
2026-03-17 09:58:07,1943.7241379310344,1742.2068965517242,1917.103448275862,2129.2758620689656
2026-03-17 09:58:37,1536.2733604578996,1648.6449210399282,2017.2746707123647,1697.5725812012965
2026-03-17 09:59:07,2079.5834626392193,2130.9265197751797,2004.5170856177372,2183.9591738215922
2026-03-17 09:59:37,1978.9288547091078,2088.2849949994825,1909.4733937993585,1960.1682932717176
2026-03-17 10:00:07,1716.9752767145958,2196.2346125995655,1926.588738319368,1882.1075135340159
2026-03-17 10:00:37,1853.6896551724137,2113.310344827586,2003.7586206896551,1970.3103448275863
2026-03-17 10:01:07,1660.632391986483,2062.0668252818864,1890.107237681459,1939.5538084893622
2026-03-17 10:01:37,2119.2758620689656,2344.9310344827586,2135.344827586207,1884.0689655172414
2026-03-17 10:02:07,1939.655172413793,2011.103448275862,1973.2758620689656,2008.2413793103449
2026-03-17 10:02:37,1798.5241888210749,2191.4761559946205,2282.0937209061753,2458.6738388331432
2026-03-17 10:03:07,2004.172269921727,1974.207785938416,1823.8336609082446,1849.074169856212
2026-03-17 10:03:37,1956.1739250370674,2380.8834178131788,2353.8843488155576,2607.3928485224646
2026-03-17 10:04:07,2230.3793103448274,2030.2413793103449,2418.2758620689656,2071.965517241379
2026-03-17 10:04:37,2467.691883318392,2402.351561961244,2911.6612647403626,2726.9498655265156
2026-03-17 10:05:07,2090.3385973381146,2242.1901937797393,2613.1646093372874,2279.739328322185
2026-03-17 10:05:37,2651.862068965517,2466,3260.103448275862,2305.5862068965516
2026-03-17 10:06:07,2562.739215889107,2258.956587703872,3313.644357091134,3285.9556567014924
2026-03-17 10:06:37,2038.3090238267648,2444.6743215751185,3094.445019137271,2776.697355263612
2026-03-17 10:07:07,2037.3051992828575,2188.387808578127,2820.6799062198315,2547.6830781961107
2026-03-17 10:07:37,2437.1422660506173,2359.2166057513277,2964.347286394042,2586.5457554651402
2026-03-17 10:08:07,2497.1724137931033,2158.7586206896553,2673.2758620689656,2314.655172413793
2026-03-17 10:08:37,2253.9567601117205,2102.4792248543154,3157.063549532775,2769.042446812179
2026-03-17 10:09:07,3078.313045277423,4315.631573502534,3556.329528604434,3572.571467981654
2026-03-17 10:09:37,2802.317161477191,3759.732423019896,3395.71049274163,3586.531498913831
2026-03-17 10:10:07,2781.980553065306,4175.056892628095,3143.6797462243985,2444.658989035239
2026-03-17 10:10:37,2315.5989242121236,4488.380111716434,3392.0074477622234,4482.587407764982
2026-03-17 10:11:07,3557.789117991863,2372.3881111647474,2757.844286600924,3132.508102889456
2026-03-17 10:11:37,2575.98013861591,3643.046791489949,2648.2879900693083,2578.7731457535947
2026-03-17 10:12:07,3415.744284679839,3419.2269232095446,3463.3633322988867,3139.5124306058415
2026-03-17 10:12:37,3687.5172413793102,4198.793103448275,3913.689655172414,4294.0344827586205
2026-03-17 10:13:07,3029.656195041208,4121.073140453119,3476.499189627228,4263.284940860029
2026-03-17 10:13:37,3181.5235008103723,4095.8653746680916,3495.6722645608465,3707.4381875237073
2026-03-17 10:14:07,5081.37369836563,5571.374387973244,5761.292324667264,5423.7638783532175
2026-03-17 10:14:37,3131.689655172414,4183.793103448275,6874.896551724138,5211.689655172414
2026-03-17 10:15:07,5220.6282975275,3558.3985654677745,4741.508327873375,4535.294320493809
2026-03-17 10:15:37,4090.7241379310344,4763.724137931034,6027.413793103448,4901.206896551724
2026-03-17 10:16:07,4075.4163936687464,4056.6916100555186,5354.426014690161,4099.072381806269
2026-03-17 10:16:37,5965.3115409813445,5113.1340298610385,8055.756698044894,6949.38105582566
2026-03-17 10:17:07,4108.8350920753155,5523.967170149665,7215.01482860887,5444.272018759914
2026-03-17 10:17:37,4162.862068965517,4811.517241379311,5924.482758620689,5247.275862068966
2026-03-17 10:18:07,4499.775854339804,5139.522052484568,6927.9630332080405,6127.8319942066955
2026-03-17 10:18:37,4173.931034482758,4130.931034482758,5509.241379310345,4183.551724137931
2026-03-17 10:19:07,3417.2902513879785,3001.0000344839473,4475.326735404668,4106.727818200627
2026-03-17 10:19:37,2053.685952692918,2923.901799875871,2975.7947727742917,3269.291772981174
2026-03-17 10:20:07,1716.6206896551723,2033.0344827586207,1788.551724137931,2001.2413793103449
2026-03-17 10:20:37,1637.5862068965516,1764.9655172413793,1762.2068965517242,1695.2068965517242
2026-03-17 10:21:07,1561.3557218218807,1628.0039995862498,1533.1862221149538,1541.6336241078511
2026-03-17 10:21:37,1587.5922477412234,1801.6414925167253,1710.0144837575006,1743.0857300503483
2026-03-17 10:22:07,1599.7724216406332,1637.0814799489674,1492.2933691941657,1604.4619151063757
2026-03-17 10:22:37,1726.592406110977,1843.0872159188882,1981.9981377383867,1946.8220850432804
2026-03-17 10:23:07,1495.343221800621,1622.8009658502933,1438.9789582614694,1557.5025870989996
2026-03-17 10:23:37,1642.987689230663,1814.1315217766128,1792.3376668160968,1784.7167143694608
2026-03-17 10:24:07,1738.319368297645,1641.5296024275026,1801.834419502776,1713.354711906486
2026-03-17 10:24:37,1940.2089583117822,2047.3776766318401,2070.997551808558,2081.9626909416916
2026-03-17 10:25:07,1571.1182373021618,1563.8771076859416,1726.5956346332882,1594.6001862004757
2026-03-17 10:25:37,1788.2215019653818,1958.3477001586098,2110.233776980898,2052.858423556996
2026-03-17 10:26:07,1648.070889218357,1795.9521428817711,1964.3829948626008,1812.0539254559876
2026-03-17 10:26:37,1866.698848355286,1853.8376663678368,1972.5536169919317,1900.5241017860837
2026-03-17 10:27:07,1665.5172413793102,1625,1891.551724137931,1801
2026-03-17 10:27:37,1832.5977518791808,1952.4860354458315,2136.438866285084,1985.449279360044
2026-03-17 10:28:07,1523.187256490708,1604.00648208806,1702.89280419267,1629.7279591766371
2026-03-17 10:28:37,1687.2995620538636,1879.5475706058826,1995.6895065347078,1853.96048139591
2026-03-17 10:29:07,1604.896551724138,1754.5172413793102,1881.2068965517242,1825
2026-03-17 10:29:37,1979.0007241129613,2166.5804627426637,2014.8615564980516,2249.129340367573
2026-03-17 10:30:07,2023.4137931034481,2162.8965517241377,2091.689655172414,2232.1724137931033
2026-03-17 10:30:37,1999.5171747827287,2175.713891571251,2055.973237687957,2171.0235894606153
2026-03-17 10:31:07,1818.6144349805163,1936.2736646091241,1936.5150522431804,1847.891306596779
2026-03-17 10:31:37,1920.7241379310344,2429.793103448276,2071.8965517241377,2221.7586206896553
2026-03-17 10:32:07,1881.866142546809,2231.7506292886455,2121.2716802868867,2340.091720975139
2026-03-17 10:32:37,1799.1724137931035,2434.137931034483,2074.1724137931033,2127.7586206896553
2026-03-17 10:33:07,1771.7241379310344,2046.3793103448274,1804.5862068965516,1929.344827586207
2026-03-17 10:33:37,1873.7974552601636,2155.2360263439195,1825.0060342746804,1887.9693803661944
2026-03-17 10:34:07,1796.8205800200005,2152.4190489327216,2000.241387634056,1948.9292734232213
2026-03-17 10:34:37,2332.344827586207,2322,2788.4137931034484,2408.9310344827586
2026-03-17 10:35:07,2594.2758620689656,2253.6206896551726,2932.7241379310344,2646.103448275862
2026-03-17 10:35:37,2592.531292024413,2289.4727768007997,3199.3379538636595,2715.251198234543
2026-03-17 10:36:07,2414.81328230061,2293.369194165718,3051.8602806799763,2495.5346367366637
2026-03-17 10:36:37,2203.9169712433627,2178.2635680297913,2571.857113302531,2253.534239017999
2026-03-17 10:37:07,2050.029307313037,2364.1692238733926,2790.056201082647,2338.2063924421614
2026-03-17 10:37:37,2343,2548.8275862068967,3080.7241379310344,2971.4137931034484
2026-03-17 10:38:07,2064.588434083934,2042.3462878030275,2511.7417841994547,2107.417497155074
2026-03-17 10:38:37,2563.344827586207,2209.862068965517,3018.862068965517,2556.7241379310344
2026-03-17 10:39:07,2345.8607730234808,2256.3183118987695,2802.84798124332,2552.460090335483
2026-03-17 10:39:37,2719.024793958412,4027.0354150143103,3079.726887134039,3291.044518776509
2026-03-17 10:40:07,2765.1562176701846,3612.2836057659156,2872.9912407752263,2919.9599972411897
2026-03-17 10:40:37,3528.12941947501,4027.0773688386053,3027.3878100100032,3571.418716153289
2026-03-17 10:41:07,2845.9442681749206,3361.394675127604,3288.5570423506692,3016.243619809629
2026-03-17 10:41:37,4197.903375978482,4101.003482878719,4049.001689713438,3924.031863167695
2026-03-17 10:42:07,3056.894589841729,3797.9035205682558,3458.742801972345,3163.373676769766
2026-03-17 10:42:37,3459.0689655172414,3582.4137931034484,3551.7586206896553,3444.448275862069
2026-03-17 10:43:07,2805.5172413793102,4437.137931034483,3235.551724137931,3702.655172413793
2026-03-17 10:43:37,2804.4137931034484,4255.517241379311,3158.5862068965516,3626.793103448276
2026-03-17 10:44:07,3615.220164821903,3935.8642805420504,3868.521775111203,3951.070652736113
2026-03-17 10:44:37,4509.259578577094,5177.432148153257,7244.128702969272,5906.852433010311
2026-03-17 10:45:07,4947.934625198262,3930.763395627888,7332.701193021171,5336.83883870078
2026-03-17 10:45:37,4240.198613840902,5385.331540291714,6809.006585979794,5333.85055687735
2026-03-17 10:46:07,4073.859522085445,3773.9733112651284,5743.836419433812,4090.7210096203576
2026-03-17 10:46:37,4176.557812338356,4327.425083623572,6385.909858960653,4873.30597606814
2026-03-17 10:47:07,4768.413793103448,4367.0344827586205,7520.758620689655,5815.620689655172
2026-03-17 10:47:37,4515.430502396469,4103.444708803144,6233.474707768697,4494.017447674218
2026-03-17 10:48:07,4999.862068965517,4954.862068965517,6727.931034482758,5532.517241379311
2026-03-17 10:48:37,5663.229766543673,4653.643229076864,7359.253767371288,6029.207903720817
2026-03-17 10:49:07,4370.943825649159,4327.252663884961,6132.452843201489,5121.866271250732
2026-03-17 10:49:37,2192.1936418178057,2026.54989311082,2976.2430177229157,2353.4583821805395
2026-03-17 10:50:07,1719.768283852281,1857.5911175476708,2324.6094962242682,1979.6213923657806
2026-03-17 10:50:37,1779.4482758620688,1728.7586206896551,1877.6896551724137,1917.0689655172414
2026-03-17 10:51:07,1497.0002068822841,1517.481552996345,1610.4406592648784,1520.4813461140611
2026-03-17 10:51:37,1567.1379310344828,1597.8620689655172,1704.8620689655172,1605.4137931034481
2026-03-17 10:52:07,1552.6016344263992,1555.25671528568,1707.56180821351,1575.428433502293
2026-03-17 10:52:37,1754.7325954277437,1771.8009723802625,1998.758663494362,1876.5904623978481
2026-03-17 10:53:07,1884.7360617867118,1675.4818467055134,2024.9284556769992,1789.7803675481848
2026-03-17 10:53:37,1762.8275862068965,1785.4482758620688,1982.0689655172414,2022.5172413793102
2026-03-17 10:54:07,1527.568014896038,1533.0505844626045,1823.1440295162233,1601.0137581462707
2026-03-17 10:54:37,1689.0689655172414,1698.344827586207,1857.0689655172414,1803.896551724138
2026-03-17 10:55:07,1637.5297403537807,1759.6979414502946,1649.0121030309297,1711.4927071480292
2026-03-17 10:55:37,1802.2690437601293,2039.4496361943513,1957.550260353805,1961.0676230214833
2026-03-17 10:56:07,1572,1775.4827586206895,1692.2413793103449,1747.9655172413793
2026-03-17 10:56:37,1700.8744597446976,1961.2021308674234,1727.5103025429687,1857.1715750326662
2026-03-17 10:57:07,1620.2496723911993,1813.504379612387,1964.1009724808607,1837.6094903096764
2026-03-17 10:57:37,1753.474257733025,2039.4151522466288,1971.2748715472944,2012.2418014414288
2026-03-17 10:58:07,1753.3273567340184,1834.5631335769947,1801.9102130887525,1784.3252189504174
2026-03-17 10:58:37,2094.5862068965516,2258.7241379310344,2101.6206896551726,2128.5172413793102
2026-03-17 10:59:07,1526.7404572256128,1886.4866728733489,1702.6654253301608,1799.9034516051167
2026-03-17 10:59:37,1804.6484361529706,2009.9658608917546,1912.9969998965478,2026.7940273802542
2026-03-17 11:00:07,1730.4827586206895,1726.4482758620688,2019.1724137931035,1774.655172413793
2026-03-17 11:00:37,2083.1321977794637,1883.0425487897387,2344.9072477760155,2260.3613543893525
2026-03-17 11:01:07,1864.2665011380095,1813.0905579695152,2268.9840678667492,1988.1715980412441
2026-03-17 11:01:37,2062.446122547498,1808.7307334229852,2340.505499810351,2196.786317713182
2026-03-17 11:02:07,2091.0282049513826,2076.580925453417,2645.507206399559,2361.457830494449
2026-03-17 11:02:37,2111.1762474568086,1918.4109796889545,2517.741991103141,2137.142660091727
2026-03-17 11:03:07,1988.2048629073977,2016.8994654250732,2230.8673909294707,2162.959130884635
2026-03-17 11:03:37,1894.6733321841061,2297.672815031891,2475.6766074814686,2036.3040855024994
2026-03-17 11:04:07,1937.7521812601303,1777.8390868020829,2053.315860261406,1941.7525950960444
2026-03-17 11:04:37,1967.7575088796164,1835.2356977826819,2214.490154832925,1999.4827407841647
2026-03-17 11:05:07,2238.7421557133994,2736.1216467829804,2346.493345286532,2399.800013792152
2026-03-17 11:05:37,2337.02362476289,2617.968615278496,2374.5818244524917,2321.331264011036
2026-03-17 11:06:07,2211.1996138064205,2426.364608116962,2168.2010965139134,2268.9217613185756
2026-03-17 11:06:37,2470.689655172414,2857.862068965517,2604.6206896551726,2616.4827586206898
2026-03-17 11:07:07,2214.1108314079793,2651.1948687885783,2359.2882513190107,2603.9518604089794
2026-03-17 11:07:37,2997.965517241379,3155.137931034483,3224.9310344827586,3283.793103448276
2026-03-17 11:08:07,2125.8965517241377,2776.8275862068967,2338.5862068965516,2606.0689655172414
2026-03-17 11:08:37,2310.9310344827586,2629.6206896551726,2409.137931034483,2362.655172413793
2026-03-17 11:09:07,2419.497224042208,2805.131211421083,2591.4341873857716,2716.4040139315143
2026-03-17 11:09:37,2524.0706255603836,3209.1178701979447,2506.9315125181047,2931.547003241603
2026-03-17 11:10:07,3076.663103079629,2881.0566610339,4018.4156981756732,3070.696968651929
2026-03-17 11:10:37,2983.1718335115,2849.6844718783404,3709.5072243870472,3236.835752956998
2026-03-17 11:11:07,3160.7007379819297,3322.9188219877233,4833.919580660735,4306.262500862128
2026-03-17 11:11:37,2953.374487015898,3034.658757802531,3838.638479842742,3267.9932406800704
2026-03-17 11:12:07,2995.6206896551726,2761.448275862069,3593.8965517241377,3184.8275862068963
2026-03-17 11:12:37,3586.020207593365,3509.9831028656154,5047.070588640987,3857.098520638642
2026-03-17 11:13:07,2939.415832387244,2808.958612859945,4383.218082361442,3379.261705714385
2026-03-17 11:13:37,3158.9310344827586,3034.551724137931,4135.551724137931,3826.448275862069
2026-03-17 11:14:07,2808.3382185592604,2832.0976585399494,3750.198282699403,2986.137453015621
2026-03-17 11:14:37,2819.310344827586,3010.689655172414,3761.655172413793,3143.1724137931033
2026-03-17 11:15:07,5276.896551724138,5725.827586206897,5376.758620689655,5660.724137931034
2026-03-17 11:15:37,5087.175419842063,6130.211386599537,5150.350012069381,5978.102693196316
2026-03-17 11:16:07,4871.314782248887,5666.873556084272,4651.66718389021,5409.296231164442
2026-03-17 11:16:37,4063.137931034483,6362,4705.275862068966,4580.793103448275
2026-03-17 11:17:07,4509.259578577094,5635.686450322447,4633.47932544746,4435.527813222057
2026-03-17 11:17:37,5800.110341022722,5708.25143960553,6072.100962035791,6911.658218682113
2026-03-17 11:18:07,4847.334298917168,6393.820263466447,5178.460583488517,5189.840678667495
2026-03-17 11:18:37,4441.364090893417,7209.854832591979,4799.800006896314,5725.630150684458
2026-03-17 11:19:07,4646.39150374125,6293.024378469707,4951.7258025585315,5079.755870487224
2026-03-17 11:19:37,4529.363081485568,6385.323631849374,5863.064243594606,6410.08310631401
2026-03-17 11:20:07,2469.2230766578155,1472.9128590641055,1813.5452946653331,2168.1782130418287
2026-03-17 11:20:37,1819.4420497258523,1943.5152936308145,1776.5785027069896,1924.238766854029
2026-03-17 11:21:07,1431.9953100213806,1688.4612731912546,1599.9379267535692,1581.3159528243327
2026-03-17 11:21:37,1737.9926214529532,1930.4209909319727,1795.5039133882703,1784.2636968589459
2026-03-17 11:22:07,1600.9310344827586,1847.6206896551723,1772.3103448275863,1759.8275862068965
2026-03-17 11:22:37,1647.1825643147804,1780.3296779088212,1667.0460031726325,1669.770328988206
2026-03-17 11:23:07,1487.344827586207,1701.2068965517242,1694.0344827586207,1753.1724137931035
2026-03-17 11:23:37,1946.103448275862,1904.1379310344828,1844.0344827586207,1987.1379310344828
2026-03-17 11:24:07,1558.237362940487,1957.1408868353908,1772.1881249568996,1877.9049720708917
2026-03-17 11:24:37,1726.7491982482152,1744.8877547501636,1773.3370116210901,1830.2700093106657
2026-03-17 11:25:07,1797.7931034482758,1859.0344827586207,1736.7931034482758,1863.103448275862
2026-03-17 11:25:37,1708.0790317575254,1800.9723802627493,1879.0386538395226,1748.594876038757
2026-03-17 11:26:07,1692.161798682713,1595.0205179488946,1944.2394565329837,1823.9594468774783
2026-03-17 11:26:37,1841.2413793103449,2045.3793103448274,2177.2413793103447,2110.2413793103447
2026-03-17 11:27:07,1980.482085589158,1585.2960446911961,1816.4764302217316,1742.7842339391011
2026-03-17 11:27:37,1850.6742076766561,2204.1590509363036,2250.1638100493155,2155.1539814463563
2026-03-17 11:28:07,1640.103448275862,1816.344827586207,1817.3103448275863,1715.4137931034481
2026-03-17 11:28:37,1780.4213647805245,1856.2808179028307,2023.2405779111064,1847.4880176545635
2026-03-17 11:29:07,1696.5412600434495,1909.514121176592,2152.591468671333,1793.475637090934
2026-03-17 11:29:37,1746.4482758620688,1696.1379310344828,2006.5172413793102,1857.2758620689656
2026-03-17 11:30:07,1660.7703182648875,1731.5264990862386,1931.5540843419194,1834.040205510155
2026-03-17 11:30:37,2174.0404841546256,2235.8357184730503,2027.3802544915338,2247.0085175350873
2026-03-17 11:31:07,1634.9562099165576,2130.0599958623543,1932.073650093097,1949.968967657403
2026-03-17 11:31:37,1857.458106337494,2426.2809461416455,2031.756430590994,2082.580511688849
2026-03-17 11:32:07,1789.9582744232557,1947.0326562984928,1774.7163695299835,1717.8523397358526
2026-03-17 11:32:37,1847.699666219332,2071.5735865937168,1874.9870961081865,1963.04325384536
2026-03-17 11:33:07,1827.2984343747844,2347.575694875509,1832.0573832678115,2076.4535485205874
2026-03-17 11:33:37,1870.344827586207,2482.4137931034484,2247.2413793103447,2497.793103448276
2026-03-17 11:34:07,1911.5486740922097,2626.4009103762196,2399.5655022586984,2577.3302527673363
2026-03-17 11:34:37,1949.1379310344828,2220,2030.9310344827586,2124.1724137931033
2026-03-17 11:35:07,1892.8928583744264,2432.6356081244176,2256.4226352632845,2287.561640056553
2026-03-17 11:35:37,2141.2856059038554,2389.130284847231,2854.7141182150494,2341.5752810538656
2026-03-17 11:36:07,2725.2508534188473,2600.5999793110577,3104.1688217647666,2865.246025999103
2026-03-17 11:36:37,2976.6543673919787,2316.2867685092588,3139.0737611641775,2882.6166419531705
2026-03-17 11:37:07,2206.0547548444933,2122.405351355079,2983.7597407075377,2467.0712364664505
2026-03-17 11:37:37,2174.166408054895,2405.089479673115,2694.8381090307234,2370.021723388849
2026-03-17 11:38:07,2472.5699113823657,2740.939967587324,3094.1691665804624,2747.0432054067096
2026-03-17 11:38:37,2188.965517241379,2221.1724137931033,2762.5862068965516,2252.5172413793102
2026-03-17 11:39:07,2154.092821184746,2106.061650920626,2677.6084407971866,2372.422591545411
2026-03-17 11:39:37,2416.408028139872,2871.0255879715846,3366.7494309952417,2849.196496310091
2026-03-17 11:40:07,2309.3899789647917,2258.7675437084035,2723.7146108486495,2475.1543156660573
2026-03-17 11:40:37,3295.6206896551726,4326.931034482758,3565.0689655172414,3734.5172413793102
2026-03-17 11:41:07,3178.918695262396,3842.2177780842703,3177.53948003586,3731.432315012758
2026-03-17 11:41:37,2697.113892624392,3615.909796213923,2783.593669183821,2901.7964897762145
2026-03-17 11:42:07,3174.8500103441143,4142.059168333219,3448.1415074822426,3816.8057375353424
2026-03-17 11:42:37,2816.137931034483,4642.3448275862065,3574.7241379310344,3945.551724137931
2026-03-17 11:43:07,2786.1181987449145,3571.3054272119166,3163.5404454865184,2975.07068478036
2026-03-17 11:43:37,3145.8721291123525,4073.93613352645,3201.15180357266,3819.8841299399955
2026-03-17 11:44:07,2511.9117393552833,3989.415617996897,2871.74625064644,3136.528184795725
2026-03-17 11:44:37,3047.1050725887094,4725.231904548432,4011.414186696092,3840.718645470533
2026-03-17 11:45:07,2731.6644253646423,4382.91783041964,3188.269370021723,3759.491052032688
2026-03-17 11:45:37,4941.202841575282,4300.986274915512,6920.408304020968,5692.633974756881
2026-03-17 11:46:07,4591.931034482758,4024.551724137931,5966.862068965517,4567.3448275862065
2026-03-17 11:46:37,4887.172413793103,4072.137931034483,6270.482758620689,4581.3448275862065
2026-03-17 11:47:07,4058.2758620689656,3767.8965517241377,5602.310344827586,4112.448275862069
2026-03-17 11:47:37,5247.491292803199,4772.543880823476,6720.611055553639,5969.205834683954
2026-03-17 11:48:07,4419.764154196262,4018.6194055582373,6098.544927936005,4825.701675746501
2026-03-17 11:48:37,4854.591220992379,4675.424985345332,6574.083652287852,5223.164718457983
2026-03-17 11:49:07,4430.866836769878,5307.220191710917,6606.3030135852705,5486.897455347907
2026-03-17 11:49:37,5183.586206896552,4020.758620689655,6693.482758620689,5247.827586206897
2026-03-17 11:50:07,4755.215337402159,4799.213820213096,6906.968725216372,5762.5254301575815
2026-03-17 11:50:37,1869.9265491913511,2655.3329425152588,2367.9092382495946,2645.780888996172
2026-03-17 11:51:07,1678.9765870142407,2152.270611358229,1859.4876038757282,2188.234888452122
2026-03-17 11:51:37,1593.1583847718884,1677.8164764302214,1790.2341460050343,1669.2644573950824
2026-03-17 11:52:07,1470.880314471915,1502.327505948071,1617.0132064411573,1495.5001551670634
2026-03-17 11:52:37,1759.9655172413793,1754.0689655172414,1950.896551724138,1890.3103448275863
2026-03-17 11:53:07,1426.4710969661328,1484.6922890649325,1574.9472446120317,1474.0028366831564
2026-03-17 11:53:37,1639.0440720049658,1612.6629422718809,1733.3609214428582,1631.8021932547072
2026-03-17 11:54:07,1464.355923435075,1508.7428867046042,1582.7901362303844,1518.572167615106
2026-03-17 11:54:37,1694.655172413793,1674.8275862068965,1868.1724137931035,1748.8620689655172
2026-03-17 11:55:07,1515.155695023966,1616.262629745853,1657.0226559536534,1601.0552088003033
2026-03-17 11:55:37,1650.6776095727437,1632.8838925480186,1825.4767405772611,1731.4734990861753
2026-03-17 11:56:07,1696.9070032067857,1744.5605323954344,1859.7289748629355,1765.4908451432707
2026-03-17 11:56:37,1702.8760604179597,1802.813987171529,1696.565280364163,1717.2563625077591
2026-03-17 11:57:07,1644.7853818307187,1788.9329425961039,1776.693673504568,1778.417514221686
2026-03-17 11:57:37,1784.7092902958825,2263.2250500034484,1990.9304089937236,2165.425201738051
2026-03-17 11:58:07,1676.1044245956477,1735.007069696865,1615.7878401213918,1727.1097010035521
2026-03-17 11:58:37,1693.7719842747779,1833.7471549762056,1679.5985930064146,1724.084419615146
2026-03-17 11:59:07,1618.1510982379916,1678.493845039826,1676.459432433364,1656.322195786352
2026-03-17 11:59:37,1854,2124.137931034483,1933.6206896551723,2137.8275862068967
2026-03-17 12:00:07,1545,1706.5862068965516,1687.896551724138,1596.9310344827586
2026-03-17 12:00:37,1935.926615628664,2476.2397406717705,2312.538795779019,2390.2682943651284
2026-03-17 12:01:07,1737,1977.896551724138,1929.6206896551723,1845.7586206896551
2026-03-17 12:01:37,1818.993758405462,1873.512879754474,2086.0374495672263,1881.2717679919995
2026-03-17 12:02:07,2151.872542933995,1989.033726463894,2769.397889509621,2478.5502448444718
2026-03-17 12:02:37,1956.5847098175796,1967.0333459774472,2336.4253939791024,2122.935273630125
2026-03-17 12:03:07,1789.3302986412855,2030.2779502034623,2315.5734878267467,2225.4293399544795
2026-03-17 12:03:37,2207.2830097589567,2074.416359184799,2658.5054657057135,2486.9478257870956
2026-03-17 12:04:07,1748.8102627767435,1845.7824677563974,2151.975998344714,1921.7532243603011
2026-03-17 12:04:37,1827.5576704251575,1982.3454363642632,2294.4381228233506,2086.1694424330194
2026-03-17 12:05:07,1765.405703644953,1968.240284147729,2163.384944308424,2062.795268802372
2026-03-17 12:05:37,1845.2068965517242,1883.4827586206895,2091.0689655172414,1899.4137931034481
2026-03-17 12:06:07,2090.416910927963,2320.7007138177173,2211.110727956136,2370.6679540673813
2026-03-17 12:06:37,2124.6120957175367,2631.2668091855735,2199.1931590924764,2255.1203365285155
2026-03-17 12:07:07,2069.9286231509254,2442.3985379814485,2045.205337746974,2111.8237302161992
2026-03-17 12:07:37,2147.6014760147596,2817.498361899506,2219.4364934303544,2324.5508156016135
2026-03-17 12:08:07,2116.8741593957993,2600.475911301169,2096.665172259199,2255.578163258268
2026-03-17 12:08:37,2891.800565478243,3227.673953520447,3347.8035997517413,3233.742500517206
2026-03-17 12:09:07,1949.2396289527223,2522.4318079933787,2021.3455636401252,2069.55412255595
2026-03-17 12:09:37,2477.1214785697043,2588.0486879762766,2638.9090031378223,2486.362539222785
2026-03-17 12:10:07,2208.5933997724055,2451.360391737646,2180.7993379082036,2234.249456877823
2026-03-17 12:10:37,2314.9527553624393,2786.8128836471487,2800.848334367888,2706.1521484240297
2026-03-17 12:11:07,2333.9770336908164,2616.2281457981308,2757.301975930204,2411.5659160660707
2026-03-17 12:11:37,3013.0694161867646,3061.3124590503116,3917.066105727783,3460.153798406841
2026-03-17 12:12:07,3099.200055168609,2752.775670643404,3835.2872215709262,3029.5496862285363
2026-03-17 12:12:37,2848.7586206896553,2785.2413793103447,3577.2413793103447,2832.103448275862
2026-03-17 12:13:07,3086.761612469395,2844.580847615435,3800.441394530845,3356.977826821614
2026-03-17 12:13:37,2779.088969930503,3285.7634349411687,3985.068464873048,3301.1422280327533
2026-03-17 12:14:07,2914.997068864443,2913.8246146418837,3911.0658988240966,3318.0799337908197
2026-03-17 12:14:37,3045.380875202593,2786.1305562260764,3752.6466429876887,3169.1092796303315
2026-03-17 12:15:07,3137.70390040349,4458.840569714108,4729.247853226196,4252.957202469221
2026-03-17 12:15:37,2876.3665206745522,2881.4015242956166,4164.672207469738,3320.8607787012447
2026-03-17 12:16:07,3370.4099575905943,4213.97786435886,3690.4458159500746,3424.0940592352517
2026-03-17 12:16:37,4355.322597330942,5847.098175799165,4540.191041070381,5406.4967757508875
2026-03-17 12:17:07,4721.260602717054,6348.389766223019,5173.401834356251,5616.957451210262
2026-03-17 12:17:37,4142.266050617199,5504.96517481553,4177.056754706572,4184.12523274257
2026-03-17 12:18:07,4381.931034482758,5384.551724137931,4313.620689655172,4408.931034482758
2026-03-17 12:18:37,4079.4165316045373,6338.32201110383,4404.669126521603,4626.849201696609
2026-03-17 12:19:07,4821.730285162581,6006.6549429330025,4651.667183890211,5770.249301748216
2026-03-17 12:19:37,5709.748612021103,5838.925480188971,5035.173626676781,6232.0080002758705
2026-03-17 12:20:07,4057.4098338045656,6163.540445486518,4611.647472588097,4500.241362664644
2026-03-17 12:20:37,4127.107831304527,6348.012000413806,4264.078071657643,4866.82299389634
2026-03-17 12:21:07,2989.2758620689656,4802.793103448275,4430.413793103448,3800.1724137931033
2026-03-17 12:21:37,2340.7123892279574,2523.3267818351087,3528.3955725664628,3201.924071583738
2026-03-17 12:22:07,1834.2701472464564,2655.160522776647,2437.325425014655,2524.4663609089966
2026-03-17 12:22:37,1574.7439566881615,2023.5180523466324,2287.2857684747746,1947.4119797234384
2026-03-17 12:23:07,2054.689655172414,1942.8620689655172,1961.2758620689656,2004.5862068965516
2026-03-17 12:23:37,1569.6206896551723,1796.2758620689656,1781.2413793103449,1704.0344827586207
2026-03-17 12:24:07,1637.49525878418,1696.8725216371852,1604.1860625495674,1722.8026619771733
2026-03-17 12:24:37,2071.3078859349675,2037.2400951691318,1975.4836040136545,1895.7277335264298
2026-03-17 12:25:07,1634.8932648204986,2004.2763044452875,2063.4203538297065,2250.094837396972
2026-03-17 12:25:37,1963.2081652356817,2098.444881210993,1936.3815040860661,1881.5558084203994
2026-03-17 12:26:07,1458.0215839740717,1648.5191187118576,1596.2831431231255,1612.2125297383031
2026-03-17 12:26:37,1996.1728097093408,1917.9050443057617,2090.714753646175,2034.789504534014
2026-03-17 12:27:07,1690.6100210352079,1710.9555501913856,1869.3058381323492,1811.9590330701055
2026-03-17 12:27:37,1830.0689655172414,1950.8275862068965,2091.7586206896553,1941.4827586206895
2026-03-17 12:28:07,1564.4527208773018,1584.936892199462,1779.3985792123594,1587.9370991102835
2026-03-17 12:28:37,1736.8275862068965,1705.8620689655172,1906.5172413793102,1760.4827586206895
2026-03-17 12:29:07,1696.6102279388942,1618.8144418773059,1800.475878478568,1713.265974688782
2026-03-17 12:29:37,1705.5963587462502,1733.8367642495089,1940.9330712734045,1907.106651494776
2026-03-17 12:30:07,1629.0255844424523,1701.365423074271,1839.1490242052273,1744.9486242328117
2026-03-17 12:30:37,1949.3103448275863,1976.6206896551723,2176.8965517241377,2081.2758620689656
2026-03-17 12:31:07,1631,1715.103448275862,1852.7586206896551,1763.2068965517242
2026-03-17 12:31:37,1836.0977964757403,2037.2426635401218,2080.7269216179866,2044.4498086140898
2026-03-17 12:32:07,1793.4958788840224,1983.1706728282236,1804.3590716280994,1837.6728627099355
2026-03-17 12:32:37,2060.381392461809,2260.146901617297,2022.2076623331836,2162.936652988034
2026-03-17 12:33:07,1684.551724137931,2004.1724137931035,1731,1770.103448275862
2026-03-17 12:33:37,2030.4783552019835,2155.6634638564587,2210.6278196783414,2220.029617384716
2026-03-17 12:34:07,1792.4495776590243,2209.929322530598,2282.537493535597,2131.322185830029
2026-03-17 12:34:37,2173.9025483637365,2129.728611331425,2141.556605400186,2043.4842580778645
2026-03-17 12:35:07,1782.4482758620688,2040.9655172413793,1821.0689655172414,1871.655172413793
2026-03-17 12:35:37,1768.2068965517242,2323.8275862068967,1887.6206896551723,1989.7931034482758
2026-03-17 12:36:07,2172.407848005241,2380.469638977966,2141.0641012378883,2100.5827385262573
2026-03-17 12:36:37,2072.0664804661906,2325.540498603496,2438.984862590945,2358.0221371676835
2026-03-17 12:37:07,2472.4501758499414,2278.808358044273,2702.1239914488656,2442.4177642921177
2026-03-17 12:37:37,2653.310344827586,2490.206896551724,3345.5172413793102,2761.965517241379
2026-03-17 12:38:07,2237.421980068278,2151.108658919273,2994.206696782647,2545.087761646953
2026-03-17 12:38:37,2221.0689655172414,2071.2413793103447,2634.655172413793,2206.7241379310344
2026-03-17 12:39:07,2334.9311997792875,2087.802186433079,2831.8791599130946,2366.486188226368
2026-03-17 12:39:37,2687.5624978449014,2453.0878245577737,3076.066342539912,3153.856763559877
2026-03-17 12:40:07,2070.342401986138,2298.4035033274713,2564.7046653563666,2290.6106685976342
2026-03-17 12:40:37,2217.593710127935,2301.1138315114313,2798.5102934583947,2500.9827925100863
2026-03-17 12:41:07,2066.554019104107,2289.8720645539497,2538.39787578882,2019.7248180971756
2026-03-17 12:41:37,3228.318217869581,2955.6191592813543,3164.0056553674262,3179.0751405220867
2026-03-17 12:42:07,2547.8119935170175,3715.0936239180655,3059.8296492982513,3058.0020000689674
2026-03-17 12:42:37,2681.2868521775113,3705.4584324678463,2715.8373849177615,2884.2798524188825
2026-03-17 12:43:07,2993.5862068965516,4151.482758620689,3614.551724137931,3353.2758620689656
2026-03-17 12:43:37,3244.7586206896553,3987.103448275862,3340.9310344827586,3302.137931034483
2026-03-17 12:44:07,2962.655172413793,4277.206896551724,3600.9310344827586,3772.0689655172414
2026-03-17 12:44:37,3270.420301348137,3807.192359411096,3737.027204082337,3461.538461538462
2026-03-17 12:45:07,3297.8965517241377,3899.448275862069,3366.7586206896553,3619.344827586207
2026-03-17 12:45:37,2701.137931034483,4288.6551724137935,4030.689655172414,3997.4137931034484
2026-03-17 12:46:07,3023.1018550444796,3531.480587545687,3338.0111716433353,3231.9495207227087
2026-03-17 12:46:37,4882.862068965517,3957.206896551724,4961.103448275862,4729.9655172413795
2026-03-17 12:47:07,4340.4475399096655,3969.1756025238774,5877.426473123471,5055.132227700583
2026-03-17 12:47:37,4834,4788.103448275862,6555,4942.241379310345
2026-03-17 12:48:07,4073.933583916686,4967.1712817683365,6113.86599537915,5738.64616021242
2026-03-17 12:48:37,4190.545153615393,4718.457984207442,5969.414847763871,4904.141236509086
2026-03-17 12:49:07,2760.3020793820474,3494.3618745473977,4667.60922790441,3774.9232732163173
2026-03-17 12:49:37,4781.482758620689,5392.448275862069,8601.655172413793,6870.586206896552
2026-03-17 12:50:07,5229.509327264577,4191.7864901210305,6711.458225578429,5349.98793145064
2026-03-17 12:50:37,4526.23956968485,4722.63981794359,6789.5317564305915,5967.209157989105
2026-03-17 12:51:07,4403.048380978654,3973.1714886720224,6211.559019276526,4452.946653332873
2026-03-17 12:51:37,5512.947829385193,4536.602186131512,6852.418882107513,5882.107513534015
2026-03-17 12:52:07,1942.6591269567616,1738.3628715261018,1945.0727536031998,1916.5919591752295
2026-03-17 12:52:37,1726.0911535544371,1966.9723505481625,1968.316899951734,2054.0922567744606
2026-03-17 12:53:07,1558.1988691215004,1572.472762377603,1789.4428354709694,1690.9047027996137
2026-03-17 12:53:37,1838.7730484232295,1691.5388592107531,2032.9484749267622,2091.986903325866
2026-03-17 12:54:07,1745.1812006482533,1738.2159235888416,1882.0385503948137,1850.66032205786
2026-03-17 12:54:37,1768.2493707113545,1795.9380711009962,2037.8607634219507,1994.9312092686457
2026-03-17 12:55:07,1593.103448275862,1522.344827586207,1803.2758620689656,1732.3793103448277
2026-03-17 12:55:37,1689.3424818122264,1847.0503051408477,1977.002379064235,1892.4594007516466
2026-03-17 12:56:07,1476.7225325884547,1497.2067039106148,1608.386785295538,1535.4507207393617
2026-03-17 12:56:37,1710.3348391323836,1651.2983206317456,1763.1297630952788,1729.2665264319457
2026-03-17 12:57:07,1994.5520998551824,2064.2714295565825,2178.1946072684646,2002.4481070271017
2026-03-17 12:57:37,1803.0067928692113,1862.4185372918173,1756.7325264646045,1858.3152305092926
2026-03-17 12:58:07,1573.7586206896551,1850.4137931034481,1658.4482758620688,1661.9655172413793
2026-03-17 12:58:37,1682.780497896697,1912.6611957796015,1735.983725260327,1855.9754499689677
2026-03-17 12:59:07,1586.7443704955342,1804.7518879961376,1602.2276630228625,1721.1972826649192
2026-03-17 12:59:37,2133.788490052067,2129.0989965863246,2056.2394400193093,2063.5495327747317
2026-03-17 13:00:07,1585.405386764148,1957.6852777873573,1698.21015967169,1762.8375349174053
2026-03-17 13:00:37,1903.3893045547015,1980.484777436817,2088.921835672172,2182.0846119366965
2026-03-17 13:01:07,1549.605158798579,1774.9232732163175,1569.9506879547569,1594.7101624193936
2026-03-17 13:01:37,1770.3261844010758,1814.7713950762018,1777.2912212950832,1783.2218467691885
2026-03-17 13:02:07,1781.6702296393353,2105.716847113992,2215.1920557202952,2308.702848079443
2026-03-17 13:02:37,1813.2004551881096,1838.028897548191,2135.6943342873888,1867.6161246939546
2026-03-17 13:03:07,1727.025069829994,1833.2701127625087,2015.2074209455495,1869.8920652436288
2026-03-17 13:03:37,2013.0326851468762,1857.5713694662804,2389.6703902909944,2042.511377741001
2026-03-17 13:04:07,1893.1576769209546,1858.9115740102084,2099.013657056146,1965.4779969650988
2026-03-17 13:04:37,1982.3805254810013,1781.3599062133646,2171.988138749052,1971.7605682366734
2026-03-17 13:05:07,1837.2814730526532,1729.5955311885796,2069.8941415813247,1919.6924243991584
2026-03-17 13:05:37,1927.5737196068287,1901.5347473702361,2206.966718399724,2034.5921710639766
2026-03-17 13:06:07,1988.2766705744432,2281.2909454520377,2509.137300875802,2352.7687745672715
2026-03-17 13:06:37,2113.531659583586,2019.0707474733044,2330.952465983358,2263.3834505910504
2026-03-17 13:07:07,1858.1096849474911,2255.1091848641436,2021.8036339389896,1946.5577596266041
2026-03-17 13:07:37,2252.336126340471,2636.52977483535,2385.607392848522,2293.403675735319
2026-03-17 13:08:07,2475.533639091003,3021.966274699127,2615.5039828959616,2824.6146418842027
2026-03-17 13:08:37,2102.4827586206898,2619.689655172414,2193.206896551724,2196.862068965517
2026-03-17 13:09:07,2089.0344827586205,2794.448275862069,2242.655172413793,2346.1724137931033
2026-03-17 13:09:37,2329.4133875918196,2730.9721695347794,2234.817394902921,2454.4952926164774
2026-03-17 13:10:07,2586.752637749121,3253.2239155920283,3197.0553754913453,2902.937728432522
2026-03-17 13:10:37,2456.7241379310344,2680.8275862068967,2457.689655172414,2534.862068965517
2026-03-17 13:11:07,2682.9419675183613,3441.295127754215,3073.790558946243,3542.7399055204987
2026-03-17 13:11:37,2027.4827586206895,2820.8275862068967,2295.344827586207,2316.0344827586205
2026-03-17 13:12:07,2525.794882405683,2419.753086419753,2980.3779571004898,2525.381060762811
2026-03-17 13:12:37,2990.464626263348,3301.274954465912,3739.045034105925,3276.3472733116673
2026-03-17 13:13:07,2943.6726533144883,3128.4773690923507,4279.051328897928,3819.1940432279634
2026-03-17 13:13:37,2875.5603061857805,2908.2132266740227,3807.530515136887,3069.477967036756
2026-03-17 13:14:07,2922.862068965517,2752.965517241379,4181.620689655172,3511.6206896551726
2026-03-17 13:14:37,3089.6458987001347,3032.4449194910876,4483.329310760956,3217.49474192325
2026-03-17 13:15:07,3699.272489052857,2941.178498775989,4296.693445505638,4355.997655414958
2026-03-17 13:15:37,3442.1571669942414,2723.1819592427846,4450.846522533705,3273.507810075514
2026-03-17 13:16:07,3121.133754008482,2848.3845384641904,3902.2792317506287,3684.5970828592112
2026-03-17 13:16:37,2825.604247836431,3146.2952108402583,3826.3283108643936,3058.2008757714725
2026-03-17 13:17:07,3236.9047208524426,4683.127004379461,4043.8635815028097,3642.50491396255
2026-03-17 13:17:37,4767.310344827586,5818.724137931034,4394.586206896552,4939.896551724138
2026-03-17 13:18:07,4663.160798648229,6072.105934687402,5506.3622883547705,5334.908100279319
2026-03-17 13:18:37,4337.0344827586205,6750.862068965517,5223.620689655172,5249.413793103448
2026-03-17 13:19:07,3905.927790613469,5502.258698575813,4019.621366254008,4068.2437325425008
2026-03-17 13:19:37,4169.649322437158,5965.966690803766,4720.492396813904,4876.831833385056
2026-03-17 13:20:07,4741.155782359838,6482.001241293704,6067.3401834356255,5480.966829873802
2026-03-17 13:20:37,4108.823833660908,5801.558566945968,3818.247646632875,4185.890141719251
2026-03-17 13:21:07,4685.838419364849,5820.385503948139,4384.1591669252775,4561.463397813868
2026-03-17 13:21:37,5096.241379310345,7046.206896551724,6441.068965517241,7252.517241379311
2026-03-17 13:22:07,3690.262740500655,3876.387835321702,4265.636852630853,4442.486725053444
2026-03-17 13:22:37,2183.8057797089455,2336.5749362024967,2115.59417890889,2486.7577074280985
2026-03-17 13:23:07,1533.655172413793,1505.2068965517242,1676.2068965517242,1590.8620689655172
2026-03-17 13:23:37,1554.432911479706,1741.7497155074311,1775.6129521707642,1650.7810614159107
2026-03-17 13:24:07,1544.5643554115093,1517.1878771161605,1713.6158328448782,1607.7302348032963
2026-03-17 13:24:37,1598.9931728846286,1646.403696296807,1723.5018274601753,1638.4042479828977
2026-03-17 13:25:07,1637.4262956449775,1518.1545463949517,1715.561532360953,1641.7020102755075
2026-03-17 13:25:37,1948.1759878629061,1960.9682090890285,2127.78429073857,1934.6941590235158
2026-03-17 13:26:07,1449.2758620689656,1501.0344827586207,1715.7586206896551,1644.2758620689656
2026-03-17 13:26:37,1779.773808702848,1697.1243362526723,1707.2270877870492,1763.3611475070686
2026-03-17 13:27:07,1449.1759189021448,1485.621681263361,1734.5010688918007,1509.1028204951383
2026-03-17 13:27:37,1637.0939935176884,1673.884559685539,1831.2874974139716,1762.119853803186
2026-03-17 13:28:07,1547.1190648598322,1703.6309092789902,1502.3619875176717,1575.1525809454845
2026-03-17 13:28:37,1772.6896551724137,1871.1724137931035,1814.551724137931,1772.3793103448277
2026-03-17 13:29:07,1907.3384371335953,2072.2463618180564,1884.9920684185115,2013.0008966135595
2026-03-17 13:29:37,1843.373909445153,2148.074071519707,2271.0093451498324,2197.9033759784816
2026-03-17 13:30:07,1541.2787088764742,1715.4976205255534,1594.7651562176702,1610.6972894682392
2026-03-17 13:30:37,1867.6252543015755,2085.4798110409984,2033.757456639426,2054.9981035136716
2026-03-17 13:31:07,1645.1824263742326,1759.5696254914133,1799.7448099868957,1838.6440444168563
2026-03-17 13:31:37,2067.7218026964583,2266.6459777249056,2015.6891141684766,2032.5850832729902
2026-03-17 13:32:07,1803.475981930411,1930.6182971826613,1823.7870271388665,1947.4119797234384
2026-03-17 13:32:37,1788.3991999448237,1851.6449410304158,1771.9842747775708,1757.2936064556177
2026-03-17 13:33:07,1837.8441671406108,1892.7436352079221,2206.4166471513163,2172.761031748687
2026-03-17 13:33:37,1999.103448275862,1900.7586206896551,2204.7241379310344,1974.0344827586207
2026-03-17 13:34:07,1701.7241379310344,1791.5862068965516,2018.0344827586207,1825.8275862068965
2026-03-17 13:34:37,1889.2375599158588,2019.6558502017308,2388.4961550398284,2171.695575709507
2026-03-17 13:35:07,1859.9655172413793,1764.4137931034481,1960.896551724138,1848.0344827586207
2026-03-17 13:35:37,1790.386538395228,1824.1439950346542,2147.132857487673,1845.7639391745113
2026-03-17 13:36:07,1990.1724137931035,1746,2103.137931034483,1853.8275862068965
2026-03-17 13:36:37,2004.3104934652915,1933.0321735232246,2498.0171730059656,2255.491568674782
2026-03-17 13:37:07,2190.5582951136244,1982.758026138832,2291.768681678678,2229.9734473602534
2026-03-17 13:37:37,1855.4482758620688,1899.5862068965516,2061.965517241379,1883
2026-03-17 13:38:07,2896.3793103448274,2852.862068965517,2869.689655172414,3077.2758620689656
2026-03-17 13:38:37,2528.430054136064,3087.7555946346674,2804.28261094445,2929.519671735457
2026-03-17 13:39:07,2094.655172413793,2516.448275862069,2047.551724137931,2105.0689655172414
2026-03-17 13:39:37,2316.735059829649,2618.4351184523603,2314.3901513845303,2319.838615124659
2026-03-17 13:40:07,2230.766578157867,2851.201765578123,2247.629228594089,2403.4966722990443
2026-03-17 13:40:37,2147.925933588497,3289.7141477880077,2533.3264370194133,2474.362953001621
2026-03-17 13:41:07,2299.703468726295,2611.1302668781464,2603.648024274188,2767.4987931866767
2026-03-17 13:41:37,2823.6835752956995,2873.1680402772504,2635.1598330976926,3307.59681368323
2026-03-17 13:42:07,2404.965517241379,2659.655172413793,2450.2413793103447,2525.7586206896553
2026-03-17 13:42:37,2555.2260422773197,2755.2674230145863,2491.706610572778,2593.77909583089
2026-03-17 13:43:07,2642.862068965517,2637.103448275862,3486.206896551724,2694.137931034483
2026-03-17 13:43:37,2839.64411338713,2826.2638802676047,3592.3511966342508,2931.7883991999447
2026-03-17 13:44:07,2789.8275862068967,2875.7241379310344,3542.793103448276,2927.137931034483
2026-03-17 13:44:37,3928.1773670781326,3575.8223570788223,5524.308668367699,5384.835528584235
2026-03-17 13:45:07,3418.310344827586,3057.965517241379,5037.758620689655,4170.517241379311
2026-03-17 13:45:37,3211.1796958515806,3178.075106038139,4088.5547777509564,3495.8791682471806
2026-03-17 13:46:07,3114.697565349335,2608.731636664598,3765.604524449963,3118.732326367336
2026-03-17 13:46:37,3427.7733714955684,2870.3748405117412,4527.259560674505,3641.47039553088
2026-03-17 13:47:07,2933.2781628219714,3021.757870418261,3974.1733043688146,3460.673769870004
2026-03-17 13:47:37,2857.2315332091866,3340.4372715359677,4032.9333057452236,3630.8366094213393
2026-03-17 13:48:07,4680.885547777509,5640.160005517431,4930.549329287216,5261.112452153522
2026-03-17 13:48:37,5580.813131487292,6314.631539018586,5888.340977275077,6335.563295286043
