Time,"container_id=""rskj-miner1""","container_id=""rskj-miner2""","container_id=""rskj-miner3""","container_id=""rskj-miner4""","container_id=""rskj-node1""","container_id=""rskj-node2"""
2026-03-04 00:33:30,0.003468981689023759,0.007750991413497016,0.0053393565295355005,0.00732090761750405,0.0007087830614848787,0.0007544053243215283
2026-03-04 00:34:00,0.0020954827586206893,0.0020487586206896554,0.0010133793103448275,0.0019037586206896552,0.0010585172413793103,0.0007678620689655171
2026-03-04 00:34:30,0.0012539053070795543,0.0009755508810648641,0.0005013965998827546,0.0013974964653953583,0.0012760440015172935,0.0001919721369702404
2026-03-04 00:35:00,0.002150851665402386,0.0011588511137162955,0.001208399420729605,0.0009727260188952487,0.0007913247362250879,0.00028401489552444667
2026-03-04 00:35:30,0.0027327586206896556,0.0011410689655172415,0.001498448275862069,0.0018602758620689653,0.0026297931034482756,0.0012701724137931035
2026-03-04 00:36:00,0.012182539135232054,0.004521550237914626,0.007059961381973657,0.006168195296876077,0.0024537618095303777,0.001616750568926281
2026-03-04 00:36:30,0.005580103448275862,0.010030068965517242,0.0043409655172413795,0.004168344827586207,0.0011370344827586207,0.0020634137931034484
2026-03-04 00:37:00,0.006828557635943587,0.0029112444398469014,0.006469776904244681,0.004820316540808937,0.0018689355539464154,0.002307989379676562
2026-03-04 00:37:30,0.007380870284807945,0.006429349700020688,0.00780573753534239,0.005635094131439211,0.0036680228949727608,0.0022560168264257638
2026-03-04 00:38:00,0.002633137931034483,0.0017974137931034485,0.004920413793103448,0.002160206896551724,0.0019603793103448275,0.002035896551724138
2026-03-04 00:38:30,0.0009687941795110511,0.0018756249784490186,0.00045274300886176345,0.0017855936002206818,0.0008935209130719628,0.0006778731767870073
2026-03-04 00:39:00,0.0035580537259905505,0.0022441808338218554,0.0021811096934377045,0.00012562502155246733,0.0015315700541397976,0.0012861133142522156
2026-03-04 00:39:30,0.008474932763257706,0.007443659057996,0.005069891731604716,0.007516447141576444,0.004419109026963658,0.0033762499137990486
2026-03-04 00:40:00,0.002888528772885564,0.002687342688687377,0.001780470985760094,0.0004783298279488328,0.0013705478743578252,0.0011038513257249252
2026-03-04 00:40:30,0.004716689655172414,0.003962689655172414,0.007234586206896552,0.003471862068965517,0.0015408275862068966,0.0016699310344827586
2026-03-04 00:41:00,0,0,0,0,0,0
2026-03-04 00:41:30,0.0024534671218233856,0.0030973414709837585,0.0030678942105444636,0.0012814385710837556,0.001143822626805972,0.0010538946932864383
2026-03-04 00:42:00,0.00740067583876418,0.00630726526671494,0.009104961897865589,0.007952484397089754,0.0061283059204855,0.002304713630564463
2026-03-04 00:42:30,0.00581253017033308,0.010576236121646784,0.004485276877456726,0.007497689814495552,0.0019709330391007515,0.001889249017309151
2026-03-04 00:43:00,0.0022781973035412573,0.0028363849522430257,0.002381814420192407,0.0015824971552705076,0.0012091996827695596,0.001033757456639426
2026-03-04 00:43:30,0.003504982243216219,0.0032360790263076234,0.0034869151467089615,0.002245388408095715,0.0013629279729683139,0.0003290349274213014
2026-03-04 00:44:00,0.0035864625357746286,0.011002068894176063,0.008454432605772215,0.0098552118892452,0.005111444432950588,0.0052241646839764145
2026-03-04 00:44:30,0.0013257129064515013,0.004220371711320299,0.004527499051756836,0.005195544981207544,0.003891589945174304,0.0025230509292783008
2026-03-04 00:45:00,0.002052310344827586,0.0024209999999999995,0.0011206896551724137,0.001349896551724138,0.0005705862068965514,0.0014114827586206896
2026-03-04 00:45:30,0.0033288965517241378,0.002945551724137931,0.0014663793103448276,0.002597172413793103,0.0018618620689655173,0.0037561034482758624
2026-03-04 00:46:00,0.004704896551724138,0.005494965517241379,0.0042897586206896545,0.006161689655172414,0.0027873448275862064,0.002649241379310345
2026-03-04 00:46:30,0.0029337287083649405,0.0028275291359216603,0.005735052754982414,0.004036514723122543,0.003544031446107165,0.0025149989655885805
2026-03-04 00:47:00,0.004796179442088203,0.007219751043067479,0.00478783490224475,0.004126512878866246,0.002894555360159994,0.003427364573635392
2026-03-04 00:47:30,0.0023831034482758623,0.002495172413793103,0.0027309999999999995,0.0013419310344827584,0.0023020344827586205,0.001430862068965517
2026-03-04 00:48:00,0.005811523740560669,0.0014966380469638976,0.005195648425916347,0.005668873487121133,0.005117064928795558,0.0011610978931760974
2026-03-04 00:48:30,0.002100858591083066,0.003928899003482638,0.002939381400641357,0.002911554773973311,0.002430950656873901,0.002368021792351988
2026-03-04 00:49:00,0.00447432847143202,0.004272231992000276,0.003511534085031551,0.0026982862659908277,0.003268714871900969,0.003044377780076549
2026-03-04 00:49:30,0.009260965517241378,0.005790724137931034,0.008190344827586207,0.005975103448275862,0.0070634482758620675,0.006145413793103449
2026-03-04 00:50:00,0.0017774023376892047,0.00031927731613970987,0.00086932386304865,0.0008689790711305727,0.0010845429783125885,0.0004923628590145848
2026-03-04 00:50:30,0.0012557065029997934,0.006919867595338253,0.0059530377215364465,0.010983897662230192,0.0006891938487000896,0.007012619819322805
2026-03-04 00:51:00,0,0,0,0,0,0
2026-03-04 00:51:30,0,0,0,0,0,0
2026-03-04 00:52:00,0.003005172057099511,0.004853182539135233,0.0026089580028963518,0.0029958623543203913,0.005905351355078961,0.003212743948693194
2026-03-04 00:52:30,0.0021559310344827585,0.0038673793103448277,0.0033940000000000003,0.0019311724137931034,0.004180206896551724,0.003828344827586207
2026-03-04 00:53:00,0.0017828770429625545,0.0010104475553410108,0.004222639817943591,0.0027719467622922553,0.005743155644438314,0.003465554099717261
2026-03-04 00:53:30,0.0050663034858462914,0.005631589835534256,0.005659931731200221,0.00613770989208013,0.006108023307933663,0.0053915112229769345
2026-03-04 00:54:00,0.008399482758620689,0.004669551724137931,0.010971793103448277,0.008367034482758622,0.007370896551724138,0.006397482758620689
2026-03-04 00:54:30,0.002437321102182984,0.0007166603441735354,0.002695002931337724,0.0017941511190812838,0.0017115218815739561,0.0015473324826706207
2026-03-04 00:55:00,0.0020455799200110327,0.006321128120259274,0.003943731899048407,0.005562405185491655,0.004794062887877534,0.0028978416770100673
2026-03-04 00:55:30,0.005313517241379311,0.008773758620689655,0.004771620689655172,0.003709344827586207,0.0065876896551724145,0.006259620689655172
2026-03-04 00:56:00,0.002035,0.005600413793103449,0.003246862068965517,0.004844103448275862,0.0032741724137931036,0.002683344827586207
2026-03-04 00:56:30,0.00020351022378538666,0.0002458191096858729,0.00020133788490052067,0.0006334264335712561,0.00034667770076893896,0.0003432640253784352
2026-03-04 00:57:00,0.006073724137931035,0.006386068965517242,0.006892034482758621,0.0031858275862068964,0.0020629655172413794,0.0009245172413793103
2026-03-04 00:57:30,0.009281852349918969,0.004253542981276508,0.008102065446019102,0.005760663425399124,0.007467328712803007,0.0012021654425709459
2026-03-04 00:58:00,0.0035738620689655166,0.0029725172413793102,0.0037417241379310343,0.000569758620689655,0.007126931034482759,0.00043172413793103446
2026-03-04 00:58:30,0.008373896551724139,0.010971758620689654,0.007827896551724138,0.009890655172413795,0.0029938620689655177,0.0021247241379310344
2026-03-04 00:59:00,0,0,0,0,0,0
2026-03-04 00:59:30,0.005339206896551724,0.0015744827586206896,0.002166827586206897,0.0012538275862068965,0.0015164827586206895,0.0013143793103448276
2026-03-04 01:00:00,0.0064175517241379315,0.0014230689655172415,0.0013005862068965518,0.0026917931034482756,0.0019841724137931033,0.0009828620689655173
2026-03-04 01:00:30,0.002701955239835856,0.00189944480844167,0.0016535397772336974,0.001181385565019483,0.0013899099968964447,0.010025793992896305
2026-03-04 01:01:00,0.004694965517241379,0.0033708620689655174,0.0011413793103448274,0.00263951724137931,0.0023660344827586208,0.0018062758620689659
2026-03-04 01:01:30,0.00643751724137931,0.011435172413793104,0.008627275862068965,0.009189103448275861,0.002188103448275862,0.002005655172413793
2026-03-04 01:02:00,0.007126073312872856,0.029586089175488807,0.014334080485533984,0.008003517362667675,0.002302665609158936,0.0017868202351805232
2026-03-04 01:02:30,0.003414890682116009,0.005705255534864472,0.005844437547417064,0.008147492930546936,0.0007499137871577353,0.002861059383405753
2026-03-04 01:03:00,0.0037815517241379312,0.004709620689655173,0.003567655172413793,0.00404348275862069,0.0013190344827586208,0.0019388275862068966
2026-03-04 01:03:30,0,0,0,0,0,0
2026-03-04 01:04:00,0,0,0,0,0,0
2026-03-04 01:04:30,0.0009704492948519015,0.00027623185407399733,0.00018806248060411699,0.00010161718561428921,0.0005124306058411778,0.00007951449950001719
2026-03-04 01:05:00,0.00103486086686666,0.0008368332126478398,0.0005008447984552257,0.0005788076273231958,0.0002445088100410331,0.0003678838660735837
2026-03-04 01:05:30,0.0015916206896551726,0.0008032413793103449,0.0016752758620689656,0.0015709655172413794,0.001350551724137931,0.0009951724137931036
2026-03-04 01:06:00,0.0009486534018414426,0.00010541742818717888,0.0008289941032449393,0.0006574364633263215,0.00013631504534639125,0.0003370461050381047
2026-03-04 01:06:30,0.0025593103448275866,0.002799241379310345,0.0029817931034482755,0.002490620689655172,0.0009576206896551726,0.0004696551724137932
2026-03-04 01:07:00,0.014425241379310344,0.006121482758620689,0.006071620689655173,0.005085310344827586,0.0022491034482758623,0.002750827586206897
2026-03-04 01:07:30,0,0,0,0,0,0
2026-03-04 01:08:00,0.008374918106272196,0.00018764870176890457,0.008330402399917242,0.009984862590945139,0.0054709492776111165,0.005435260853074031
2026-03-04 01:08:30,0.0023681288364714808,0.0035095523829229603,0.002228670942823643,0.0034259604110628314,0.001782088419891027,0.001416132147044624
2026-03-04 01:09:00,0.003306310344827586,0.010642724137931034,0.006843551724137931,0.007617862068965517,0.003918103448275862,0.004554862068965518
2026-03-04 01:09:30,0.0017580689655172415,0.0022440689655172413,0.002919655172413793,0.0021524137931034485,0.0018902758620689658,0.0009502413793103449
2026-03-04 01:10:00,0.001009103448275862,0.001155551724137931,0.001161793103448276,0.0013428275862068964,0.000777655172413793,0.0005217931034482759
2026-03-04 01:10:30,0.0021070689655172414,0.00036093103448275876,0.0016108965517241376,0.0015623793103448278,0.0010712758620689655,0.001177241379310345
2026-03-04 01:11:00,0.013090833850610389,0.010073660252431204,0.012303607145320368,0.00596230774536175,0.007914476860473137,0.004390751086281813
2026-03-04 01:11:30,0,0,0,0,0,0
2026-03-04 01:12:00,0,0,0,0,0,0
2026-03-04 01:12:30,0.004555172413793104,0.007020206896551724,0.005768310344827586,0.009158448275862069,0.0027162413793103447,0.0038620000000000004
2026-03-04 01:13:00,0,0,0,0,0,0
2026-03-04 01:13:30,0,0,0,0,0,0
2026-03-04 01:14:00,0,0,0,0,0,0
2026-03-04 01:14:30,0.008206214007379562,0.0048699265491913505,0.0040141729025138795,0.008608641677299217,0.002609779647574054,0.001922686989206524
2026-03-04 01:15:00,0.000051862068965516944,0.0012551724137931034,0.0017643103448275858,0.002087103448275862,0.0004950689655172414,0.0011933448275862069
2026-03-04 01:15:30,0.004571655172413793,0.008633241379310345,0.006251379310344828,0.008074275862068965,0.003986275862068965,0.004254586206896552
2026-03-04 01:16:00,0.002256241379310345,0.006981655172413793,0.0033558620689655167,0.010051241379310346,0.0035541379310344823,0.0018928275862068963
2026-03-04 01:16:30,0.0025809510672781815,0.0017406462291803166,0.002604434635677092,0.0003507017483361494,0.0016469533432187313,0.0017775440532432152
2026-03-04 01:17:00,0.0047046896551724135,0.0029238620689655175,0.005426103448275862,0.0025814827586206897,0.003527275862068965,0.0013705862068965516
2026-03-04 01:17:30,0,0,0,0,0,0
2026-03-04 01:18:00,0.0029774137931034483,0.008018137931034482,0.003554896551724138,0.007354103448275862,0.0046556206896551725,0.0020824137931034483
2026-03-04 01:18:30,0.003169413793103448,0.00887403448275862,0.003821034482758621,0.005513034482758621,0.001841206896551724,0.0031355172413793106
2026-03-04 01:19:00,0.0059128965517241385,0.0018957586206896553,0.011906965517241378,0.008967931034482757,0.003703931034482759,0.006333931034482758
2026-03-04 01:19:30,0,0,0,0,0,0
2026-03-04 01:20:00,0,0,0,0,0,0
2026-03-04 01:20:30,0.0016898275862068967,0.0022139999999999994,0.0017198965517241378,0.0014282758620689652,0.0016944137931034482,0.0017280000000000002
2026-03-04 01:21:00,0.0038531034482758623,0.017614034482758622,0.002272034482758621,0.011120862068965516,0.002217620689655172,0.0018161379310344828
2026-03-04 01:21:30,0.002229068965517241,0.002296448275862069,0.003482862068965517,0.0023660689655172415,0.0014655517241379313,0.0024082758620689653
2026-03-04 01:22:00,0.00291185902962171,0.002344046346425738,0.002027656126073313,0.00305272595606745,0.0027675437084037375,0.0018331321769716193
2026-03-04 01:22:30,0.0013910689655172418,0.0029197931034482764,0.005875758620689656,0.001685551724137931,0.0014001379310344824,0.0016826206896551723
2026-03-04 01:23:00,0.0031910689655172413,0.00446603448275862,0.0035130344827586204,0.0008764827586206897,0.002782793103448276,0.0000774482758620689
2026-03-04 01:23:30,0.0008934901041307499,0.0030881663333563207,0.0019731397834632093,0.0011357837390524792,0.0013528377353285979,0.002819253844562444
2026-03-04 01:24:00,0.0029169310344827584,0.00034879310344827584,0.002826655172413793,0.003051448275862069,0.0015975862068965518,0.002670034482758621
2026-03-04 01:24:30,0.0036525996414287685,0.005505688870500619,0.003499482829954489,0.004759240104813129,0.003298407116259826,0.004820197214177355
2026-03-04 01:25:00,0.0002918620689655172,0.0029155172413793105,0.0019072758620689654,0.0010141724137931033,0.0015015172413793104,0.0005493793103448276
2026-03-04 01:25:30,0.004892965517241379,0.001805551724137931,0.003248586206896552,0.005536793103448275,0.0021299655172413792,0.003316620689655172
2026-03-04 01:26:00,0.005339103448275861,0.0036870689655172416,0.0032819999999999993,0.00024958620689655175,0.0036042758620689654,0.0030478275862068963
2026-03-04 01:26:30,0.000746,0.0006802413793103449,0.0024124827586206894,0.0013168965517241376,0.0018905172413793102,0.0018509655172413795
2026-03-04 01:27:00,0.0034161580635150516,0.00343222647494914,0.0038282128202475783,0.004243991586497018,0.00238715906348057,0.0020144822592324404
2026-03-04 01:27:30,0.007005517241379311,0.011764068965517242,0.009815310344827586,0.015399931034482759,0.0018003793103448275,0.0022877241379310343
2026-03-04 01:28:00,0,0,0,0,0,0
2026-03-04 01:28:30,0.0043454708458329026,0.00340229647253543,0.007817454570532052,0.0028813489190027933,0.0010789627943864006,0.0014633633322988866
2026-03-04 01:29:00,0.0037277241379310346,0.0019900344827586207,0.004697551724137931,0.0024687241379310345,0.002041,0.0019367931034482756
2026-03-04 01:29:30,0.000484671885237422,0.00022669747232663192,0.00003093210110693472,0.0005461222800786235,0.00009814131521776614,0.00011407289906548501
2026-03-04 01:30:00,0.003932413793103448,0.0011090689655172412,0.0008291724137931036,0.0008347241379310344,0.0003780344827586207,0.00039503448275862073
2026-03-04 01:30:30,0,0,0,0,0,0
2026-03-04 01:31:00,0.0034503103448275865,0.003311793103448276,0.0019488275862068964,0.0026783793103448274,0.002531620689655173,0.0021086896551724137
2026-03-04 01:31:30,0.003926793103448276,0.0012987586206896552,0.0009427586206896552,0.0021841034482758623,0.0007679655172413793,0.0004853103448275863
2026-03-04 01:32:00,0.0024221578566256336,0.0010385159132443708,0.0020396882866108063,0.0012032343712285783,0.0008781421330298955,0.0008448329367952828
2026-03-04 01:32:30,0.004335781524775008,0.006282886797007,0.007747077686976312,0.005968449363815041,0.0015731181683390227,0.001491672700941347
2026-03-04 01:33:00,0.006641389061314575,0.008906579764121665,0.006602351886336989,0.00871329057176357,0.0014354783088488862,0.0015325194841023522
2026-03-04 01:33:30,0.006773724137931035,0.006608896551724137,0.008556620689655172,0.008443103448275861,0.0011360344827586208,0.002061448275862069
2026-03-04 01:34:00,0.0013235628814786712,0.005075692265250526,0.0014110831407979588,0.0019395496396427462,0.0006332976999206868,0.0016440911755577776
2026-03-04 01:34:30,0.006267025274990518,0.002273059549670701,0.004028585221199269,0.003315471880279991,0.0021609599668976935,0.0019096238060756527
2026-03-04 01:35:00,0.0026535742611814195,0.0014611538328907889,0.0012584571881789025,0.0011712472843891165,0.0006919893789441015,0.0010770371392116967
2026-03-04 01:35:30,0.0005405144472794979,0.0007856354734156265,0.0010345838218053926,0.00024939659333839045,0.0003828011861250949,0.00027660161368181507
2026-03-04 01:36:00,0.0011240689655172414,0.0013538965517241378,0.0012108620689655172,0.0012295172413793103,0.000789448275862069,0.0006466551724137931
2026-03-04 01:36:30,0.0038258275862068964,0.0012864137931034483,0.0025702413793103444,0.00411151724137931,0.0018198620689655173,0.0009702758620689656
2026-03-04 01:37:00,0.004786034482758621,0.0057280000000000005,0.0014204137931034483,0.003392137931034482,0.0006871724137931035,0.00046772413793103447
2026-03-04 01:37:30,0.00915251724137931,0.0057643103448275865,0.003768793103448276,0.011319896551724138,0.004003413793103448,0.003901034482758621
2026-03-04 01:38:00,0.007347955031381474,0.004472929167528795,0.007420615214842404,0.007041761500793158,0.0012150148286088696,0.002684081660804193
2026-03-04 01:38:30,0.0019035550498258677,0.0038164890865832204,0.00003737802144753634,0.0030833419537257332,0.0006899417261473741,0.0005326368056273922
2026-03-04 01:39:00,0.0019495827298434377,0.004548589557900545,0.0024225463825091388,0.0039314435478308846,0.0013416097661907718,0.0010865576936340436
2026-03-04 01:39:30,0.006447689655172413,0.00808351724137931,0.0053598275862068966,0.0059599310344827594,0.0028752068965517243,0.003277620689655172
2026-03-04 01:40:00,0.00029420689655172406,0.0020684827586206897,0.0038007586206896546,0.002157137931034483,0.001915448275862069,0.002820448275862069
2026-03-04 01:40:30,0.0009527931034482762,0.0012840689655172414,0.0007478275862068965,0.0014743103448275861,0.0009192413793103449,0.0008721034482758621
2026-03-04 01:41:00,0.001723256776329402,0.0032628112283605766,0.0006930477963997516,0.0025870749706876335,0.0009106834954134765,0.0015757638457824677
2026-03-04 01:41:30,0,0,0,0,0,0
2026-03-04 01:42:00,0.0014408427876823338,0.001542432497672333,0.0025842615262595256,0.000018173040449670665,0.0017324390496224005,0.000016035035690885893
2026-03-04 01:42:30,0.003242206896551724,0.0035645172413793103,0.0038651034482758617,0.0034676206896551718,0.0012548275862068966,0.0012495172413793105
2026-03-04 01:43:00,0.001345529156177799,0.002754129452739749,0.0017764750508638227,0.0032080761405565705,0.001932032139039277,0.0003692541122107659
2026-03-04 01:43:30,0.004933963240111727,0.0045381220042070404,0.0022295251560398633,0.0020640711748680985,0.0014926376771612813,0.0016129176868167866
2026-03-04 01:44:00,0.0007305265335678084,0.0026891486500465506,0.0019528292127857661,0.00013165063273680224,0.0003837109065204648,0.0008661425468087308
2026-03-04 01:44:30,0.005337080588985827,0.003337218524776716,0.002055070864512569,0.006134901203489775,0.005378875133625297,0.0014621193834270145
2026-03-04 01:45:00,0.003427088721078583,0.004979069687252163,0.0026855970483776422,0.00544115720147581,0.0034835695320851,0.0034844315713251266
2026-03-04 01:45:30,0.002737595255336023,0.005855556704941208,0.0020764456398055238,0.00013171959587600417,0.00172863004723975,0.0015312920244129513
2026-03-04 01:46:00,0.003971413793103448,0.0033648965517241378,0.003093758620689655,0.003261206896551724,0.0021055172413793105,0.0032224137931034483
2026-03-04 01:46:30,0.005267018415063109,0.00417387406028002,0.006060900751775985,0.0042863990620042765,0.0018926822539485485,0.0039630664183736815
2026-03-04 01:47:00,0.007483913238387529,0.005959446877478534,0.0037373702541466944,0.005534466705748474,0.002549018931687299,0.002787337494396358
2026-03-04 01:47:30,0.003177724137931034,0.0018937241379310343,0.0013079655172413794,0.0019619655172413795,0.003141655172413793,0.0023596206896551726
2026-03-04 01:48:00,0,0,0,0,0,0
2026-03-04 01:48:30,0.0018164827586206898,0.003013310344827586,0.0014227241379310342,0.002753689655172414,0.0007205862068965519,0.0013261379310344828
2026-03-04 01:49:00,0.012935896551724136,0.013217827586206897,0.013077620689655173,0.016171448275862067,0.008530758620689655,0.0074862758620689645
2026-03-04 01:49:30,0,0,0,0,0,0
2026-03-04 01:50:00,0.0035198799958619255,0.0007992344563605642,0.001490982447670609,0.0038704782923549086,0.0025580882099382734,0.003236180557950274
2026-03-04 01:50:30,0.002869827586206896,0.003896310344827586,0.0010383103448275862,0.0004845862068965518,0.002735793103448276,0.0026141724137931036
2026-03-04 01:51:00,0.0031143103448275865,0.009930586206896552,0.003273586206896552,0.008298448275862067,0.008785896551724138,0.007170206896551724
2026-03-04 01:51:30,0.001591655172413793,0.001127896551724138,0.0012340344827586206,0.0009354482758620689,0.0007614827586206896,0.0007029310344827586
2026-03-04 01:52:00,0.0022403793103448278,0.003425413793103448,0.004970275862068965,0.002656793103448276,0.006884275862068965,0.0015029655172413793
2026-03-04 01:52:30,0.0021119693782544226,0.0022149039622055933,0.0016348149936204694,0.0013230456222628364,0.0036174695679161337,0.0020708645125693983
2026-03-04 01:53:00,0.0042606896551724135,0.003322965517241379,0.0021465862068965513,0.0027548965517241375,0.003167551724137931,0.002621965517241379
2026-03-04 01:53:30,0.011933275862068965,0.012586,0.006455689655172413,0.006223137931034482,0.00941441379310345,0.0032663793103448278
2026-03-04 01:54:00,0.008604607055415704,0.010429532052829406,0.006292320424842236,0.0071162109038242684,0.008695575709507224,0.00768533397703369
2026-03-04 01:54:30,0.0051504775697389735,0.0045926692183028165,0.002148477638702113,0.002026274956035999,0.003417709734147098,0.003386124616392538
2026-03-04 01:55:00,0.0020118965517241377,0,0,0,0.0008820689655172413,0.0005331034482758621
2026-03-04 01:55:30,0.005422014552225939,0.007313493568743748,0.0070542087658195095,0.011162902169040312,0.007011276250905202,0.0035575709507224386
2026-03-04 01:56:00,0.008636943553670562,0.005564325368090754,0.008402020619978622,0.0035438433157477323,0.004514844315713251,0.004901830971345814
2026-03-04 01:56:30,0.004381068965517241,0.002061862068965517,0.0035887586206896555,0.0022519655172413794,0.002283448275862069,0.0023239310344827582
2026-03-04 01:57:00,0.0029292068965517245,0.0034120689655172416,0.003239448275862069,0.003631793103448276,0.0036836206896551727,0.003451655172413793
2026-03-04 01:57:30,0.0034386206896551727,0.0032906896551724136,0.0024648620689655173,0.0028422758620689653,0.0013490344827586209,0.001948655172413793
2026-03-04 01:58:00,0,0,0,0,0,0
2026-03-04 01:58:30,0.002217406296334609,0.004558704872245784,0.00934074687079756,0.0027610772042343367,0.0013194027792145099,0.0023860556532533357
2026-03-04 01:59:00,0.00039620689655172367,0.005813862068965517,0.0034025517241379304,0.001022310344827586,0.0009167241379310344,0.0017868275862068966
2026-03-04 01:59:30,0.006967689655172414,0.01165158620689655,0.007519586206896551,0.011092241379310344,0.0025650689655172415,0.0010361379310344827
2026-03-04 02:00:00,0,0,0,0,0,0
2026-03-04 02:00:30,0,0,0,0,0,0
2026-03-04 02:01:00,0.0017519051067204573,0.0012526809420364813,0.0009236578049032793,0.0030789627943864,0.0005398434536740111,0.0005601186165994276
2026-03-04 02:01:30,0.006044691196248146,0.0064341529018242,0.0036781268319597223,0.0038536501258664086,0.0015248456843339423,0.00046780923480119993
2026-03-04 02:02:00,0.001044344827586207,0.0016028275862068969,0.001473137931034483,0.002319241379310345,0.0012315862068965515,0.0013336896551724138
2026-03-04 02:02:30,0.002672137931034483,0.0036025862068965516,0.003814793103448276,0.004045896551724138,0.0014405862068965518,0.0009839655172413793
2026-03-04 02:03:00,0.002687103448275862,0.006704896551724138,0.005686137931034482,0.003419793103448276,0.007666137931034482,0.0017381724137931031
2026-03-04 02:03:30,0.002477170839368232,0.0011092489137181874,0.000713704393406442,0.002868335747292917,0.00029688254362369813,0.0002739499275812125
2026-03-04 02:04:00,0,0,0,0,0,0
2026-03-04 02:04:30,0.00856593103448276,0.008057517241379309,0.008938137931034483,0.006427862068965518,0.0032411724137931036,0.002467413793103448
2026-03-04 02:05:00,0.004581221337195269,0.002967518361435813,0.00689441743388159,0.0049605186028068,0.001999172442329575,0.0016360815144305372
2026-03-04 02:05:30,0.001962688368564433,0.0026835752956998514,0.002337597848201662,0.001117590261733163,0.0014729473430118278,0.001442429049277561
2026-03-04 02:06:00,0.005499758620689655,0.001555758620689655,0.0015427586206896552,0.0014530344827586208,0.0009534482758620689,0.0010783793103448277
2026-03-04 02:06:30,0.0017073894003655046,0.0013669528636943557,0.0014957415261542706,0.00014037446984586734,0.0009359332436812525,0.0008303506775628426
2026-03-04 02:07:00,0.004464947067140246,0.007841097968895478,0.0030973826683678746,0.005135246042966998,0.003082520086899548,0.0012750784509810683
2026-03-04 02:07:30,0.010378379310344826,0.0062262758620689656,0.010054551724137932,0.0074823103448275865,0.006700413793103449,0.0018010344827586206
2026-03-04 02:08:00,0.0028603400117245418,0.007479326873340459,0.0015729163074588777,0.0063267354046691255,0.002467740266905755,0.002078519948963757
2026-03-04 02:08:30,0.0011036242629056175,0.00045211903858753737,0.003499465498810303,0.002237215076381944,0.0012889409979654467,0.0012305596744715333
2026-03-04 02:09:00,0.0021264827586206896,0.0037201379310344827,0.00331,0.0030470689655172412,0.0013197931034482759,0.0006945862068965517
2026-03-04 02:09:30,0,0,0,0,0,0
2026-03-04 02:10:00,0,0,0,0,0,0
2026-03-04 02:10:30,0.00896679081315953,0.008854162356024556,0.004635181736671496,0.0020633836816332162,0.003976963928546797,0.002803883026415615
2026-03-04 02:11:00,0.0071205172413793105,0.004961758620689656,0.0021074827586206896,0.004268,0.003768827586206896,0.0035482413793103446
2026-03-04 02:11:30,0.0014666206896551725,0.0015600344827586207,0.0032048965517241378,0.0028696206896551718,0.0023886206896551725,0.0016375172413793104
2026-03-04 02:12:00,0.0017794979656575406,0.000613612854285911,0.0009571753672160541,0.0016123715605820287,0.0009409695883042549,0.0008097027791186815
2026-03-04 02:12:30,0,0,0,0,0,0
2026-03-04 02:13:00,0.006734880353079098,0.0005527205020343425,0.0038479415212743953,0.00511471622646714,0.002943141852286049,0.001985621681263361
2026-03-04 02:13:30,0.0065237241379310345,0.00565948275862069,0.006942310344827586,0.01006410344827586,0.0034367241379310346,0.0026108965517241383
2026-03-04 02:14:00,0.006215551724137931,0.0027716551724137934,0.003379,0.006466862068965518,0.004453931034482758,0.0036472758620689654
2026-03-04 02:14:30,0.0032900344827586207,0.0030698965517241376,0.0030399310344827587,0.002202689655172414,0.0019438275862068964,0.0017912758620689654
2026-03-04 02:15:00,0.0037546551724137924,0.014666172413793104,0.011569896551724138,0.008413344827586208,0.0034646206896551722,0.0067306896551724135
2026-03-04 02:15:30,0.0031837023242982285,0.0030112766397682607,0.0029446168701289747,0.002599558590247604,0.002191116628733017,0.0021043865094144427
2026-03-04 02:16:00,0.0048332758620689645,0.00009565517241379306,0.0023567931034482754,0.002277068965517242,0.00221951724137931,0.001511413793103448
2026-03-04 02:16:30,0.004360793103448277,0.0031221034482758624,0.005662,0.006226103448275863,0.0029568965517241383,0.0033381379310344827
2026-03-04 02:17:00,0.004481828839390386,0.005263119784842425,0.00830725467209158,0.0030847527756706432,0.002379594510723398,0.002147920833045997
2026-03-04 02:17:30,0.003341862068965517,0.007484758620689654,0.00816055172413793,0.0028624482758620694,0.002719034482758621,0.002509551724137931
2026-03-04 02:18:00,0.00014468965517241397,0.001986344827586207,0.002689103448275862,0.0005827931034482758,0.0016012758620689656,0.0013222758620689654
2026-03-04 02:18:30,0.003459551724137931,0.0038605862068965516,0.003393931034482759,0.0031551724137931034,0.003104137931034483,0.0026016896551724136
2026-03-04 02:19:00,0.002113720216544257,0.0064192958863487455,0.005471776835281541,0.006131754077445604,0.005232164408123857,0.0019324506051515463
2026-03-04 02:19:30,0.0028681724137931035,0.0035229999999999992,0.0034129310344827584,0.0026319999999999994,0.0022681724137931037,0.002368413793103448
2026-03-04 02:20:00,0.006106693334252904,0.010300182764922927,0.0038187868547191277,0.005306010552088003,0.005073795648125796,0.005725300872443877
2026-03-04 02:20:30,0.000349551724137931,0.0005936551724137934,0.0012624137931034484,0.0016935517241379312,0.0015424137931034482,0.0012094827586206895
2026-03-04 02:21:00,0.00031357539395193284,0.0014729492086479777,0.00007082514396055309,0.001837867659735871,0.002377676631840281,0.00048667287334919483
2026-03-04 02:21:30,0.0008356953208510051,0.0014540877900762043,0.000053342988172821374,0.0003054722250956863,0.000169614840867556,0.002297506982517844
2026-03-04 02:22:00,0.005543278846817023,0.002593834057521209,0.006005965928684738,0.004437133595420375,0.006024932753983034,0.004690978688185393
2026-03-04 02:22:30,0.008203834614986721,0.00979888961688334,0.00690241042794579,0.004679609641711783,0.00456336425393979,0.006582192489396185
2026-03-04 02:23:00,0.0020634137931034484,0.0062745862068965515,0.003707965517241379,0.0044793793103448274,0.0043900344827586205,0.003313379310344828
2026-03-04 02:23:30,0.0008814137931034483,0.000754,0.0008310689655172414,0.0008097931034482759,0.00035665517241379314,0.000257448275862069
2026-03-04 02:24:00,0.007300848334367886,0.0026443202979515826,0.0041853920960066215,0.004375577626043175,0.005169666873577489,0.00483757500517277
2026-03-04 02:24:30,0.0052222068965517236,0.004400413793103448,0.0039030344827586205,0.0034399999999999995,0.004580344827586207,0.004399241379310344
2026-03-04 02:25:00,0.007309724137931034,0.005650827586206896,0.005562793103448276,0.004524655172413793,0.003608896551724138,0.004138862068965517
2026-03-04 02:25:30,0.002728586206896552,0.006245275862068966,0.004943931034482759,0.0052989310344827584,0.002447551724137931,0.0021344482758620686
2026-03-04 02:26:00,0.003294275862068966,0.005530310344827586,0.004090586206896551,0.012793068965517242,0.004450172413793104,0.00363803448275862
2026-03-04 02:26:30,0.0001078620689655172,0,0,0,0,0
2026-03-04 02:27:00,0.0011316805737535344,0.0022179504861733674,0.0017581546100268947,0.0016067167781532309,0.0013593200468933178,0.0014222467416040274
2026-03-04 02:27:30,0.005656229525156039,0.0026761267629918273,0.0039601020724852574,0.0005965378116486773,0.0033652539742749744,0.002855098451670747
2026-03-04 02:28:00,0.003335241379310345,0.0020081379310344827,0.003330551724137931,0.002948137931034483,0.002472448275862069,0.0028564482758620686
2026-03-04 02:28:30,0.003924480154488086,0.00972536984033932,0.009290872099037896,0.010637056450222419,0.0037868547191282453,0.004165316045380875
2026-03-04 02:29:00,0.0041789876560237235,0.004447900144817599,0.004634887249155231,0.006605509964830012,0.0008952141231639198,0.0004444176263705951
2026-03-04 02:29:30,0.002037139211696955,0.0029949308596848166,0.0021514879823442182,0.002236939204800165,0.001185489154798441,0.0008894789475499155
2026-03-04 02:30:00,0.0013362529742404908,0.001381254526018138,0.002287492672161109,0.001656367460946929,0.0003923583571847304,0.0005880892444567053
2026-03-04 02:30:30,0.0013341724137931035,0.000375103448275862,0.0003921379310344828,0.00047524137931034485,0.0002663793103448279,0.00020906896551724135
2026-03-04 02:31:00,0.004850827586206897,0.0025118275862068963,0.005418827586206897,0.0016004827586206896,0.0018202758620689656,0.0015341034482758622
2026-03-04 02:31:30,0.0015562260767612674,0.0009099279285492603,0.0009424462912514223,0.0004948791337632331,0.0007328183730473464,0.00039508258905479496
2026-03-04 02:32:00,0.0011332758620689655,0.001014655172413793,0.0010571724137931034,0.00017368965517241378,0.0005389655172413793,0.000751655172413793
2026-03-04 02:32:30,0.005080344827586207,0.001112448275862069,0.0014187931034482758,0.002342896551724138,0.0014527241379310345,0.0014994482758620687
2026-03-04 02:33:00,0.0011428620689655175,0.0007365862068965518,0.0003271379310344827,0.000460551724137931,0.00038803448275862067,0.0006949310344827586
2026-03-04 02:33:30,0,0,0,0,0,0
2026-03-04 02:34:00,0,0,0,0,0,0
2026-03-04 02:34:30,0.010800655172413794,0.012423379310344826,0.005159655172413792,0.00985251724137931,0.003518206896551724,0.003489344827586207
2026-03-04 02:35:00,0.014702748370633468,0.0068804786371943856,0.006858270974861201,0.00846236077106107,0.0014353598399944824,0.0010025173281837303
2026-03-04 02:35:30,0.007507379310344828,0.005246586206896552,0.008105724137931035,0.00680151724137931,0.0019574827586206897,0.0017024137931034482
2026-03-04 02:36:00,0.0005410661333701125,0.0004054892766016136,0.000025170677884283654,0.000019688297358802853,0.0005249982759809667,0.00019188331839183507
2026-03-04 02:36:30,0.0016444605358435912,0.001636978035240164,0.001614116754594669,0.0015444295024309505,0.0005853591255473949,0.0005649460363435743
2026-03-04 02:37:00,0.0003427014724645675,0.001640746232628711,0.0013662540087589225,0.001027276802648367,0.0008487878892375597,0.0010456222628366493
2026-03-04 02:37:30,0.0010915517241379311,0.00031268965517241377,0.00024079310344827585,0.00005817241379310348,0.00011313793103448278,0.00020296551724137933
2026-03-04 02:38:00,0,0,0,0,0,0
2026-03-04 02:38:30,0.009120973860266226,0.009688909579971032,0.010281364232016,0.008628767501206981,0.0011203876129388234,0.0023346092833988552
2026-03-04 02:39:00,0,0,0,0,0,0
2026-03-04 02:39:30,0.0030198958656598046,0.003635253956760111,0.007520844108823832,0.007764077100789627,0.0030812385779800692,0.001611840971001
2026-03-04 02:40:00,0.002879870353768706,0.006372077787738776,0.0013794910695814084,0.008525825805116889,0.0015084821736431973,0.0027873939728294598
2026-03-04 02:40:30,0.00526915385145852,0.008081201296462313,0.0066087166402317085,0.00476094752086063,0.0029073856975381012,0.002954451417143646
2026-03-04 02:41:00,0.011620379310344826,0.010016068965517239,0.005460999999999998,0.008090448275862068,0.0060494482758620665,0.0032544482758620685
2026-03-04 02:41:30,0,0,0,0,0,0
2026-03-04 02:42:00,0.001394434674666391,0.0024389158994517434,0.0030686528050756874,0.0003276093927795592,0.0011744767421813045,0.0011268232129926553
2026-03-04 02:42:30,0.009840108961759938,0.00869670011378918,0.006383848832798869,0.008662356470466533,0.0041272369918278675,0.0034467776973207812
2026-03-04 02:43:00,0.002942208889348643,0.004050687907313541,0.004219820006206682,0.002985793593324368,0.0020823075066377017,0.0010891693389883108
2026-03-04 02:43:30,0,0,0,0,0,0
2026-03-04 02:44:00,0.001351908686506431,0.0005613986689196175,0.005819683437359908,0.002789372047311976,0.000870926583675299,0.000047829235490878966
2026-03-04 02:44:30,0.007038172413793104,0.00937858620689655,0.009636172413793104,0.000760448275862069,0.003767068965517242,0.0012488620689655174
2026-03-04 02:45:00,0.0007770612779751025,0.0036540915203972547,0.002202972516293665,0.000024621538673747105,0.001337804751887996,0.00007476119866202269
2026-03-04 02:45:30,0,0,0,0,0,0
2026-03-04 02:46:00,0.002673758620689655,0.0026416896551724137,0.0013230689655172414,0.002023,0.0005721724137931033,0.0002858965517241379
2026-03-04 02:46:30,0.007644310344827586,0.006541689655172414,0.003535172413793104,0.006337,0.0027726551724137935,0.003434758620689655
2026-03-04 02:47:00,0.004363620689655172,0.006689551724137932,0.005051931034482759,0.006491137931034482,0.004019344827586206,0.0024934827586206897
2026-03-04 02:47:30,0.0005111379310344826,0.00041603448275862064,0.002439034482758621,0.0023418620689655174,0.001560655172413793,0.00011306896551724128
2026-03-04 02:48:00,0.0035334298817282163,0.012244336402193027,0.005860659977242164,0.007588772800937898,0.00288324540533085,0.0027876969759663456
2026-03-04 02:48:30,0.0029628646300255156,0.002777808427005034,0.009381801255085857,0.007192607406385767,0.003347562237087098,0.0018082546031308185
2026-03-04 02:49:00,0.002392310344827586,0.0006104482758620693,0.00026862068965517234,0.00012300000000000004,0.0009942068965517242,0.000850896551724138
2026-03-04 02:49:30,0.004932211571615751,0.00560133783876974,0.005303634232121923,0.0037733604578994552,0.0037507413281842633,0.003332252948072547
2026-03-04 02:50:00,0,0.00028774869832074747,0.0020878935209130717,0.0015850143098513842,0.0012251301679252439,0.0009577255956691148
2026-03-04 02:50:30,0.010261172413793101,0.006255758620689655,0.00982144827586207,0.009363241379310345,0.008557379310344827,0.007724206896551724
2026-03-04 02:51:00,0.002575344827586207,0.001076655172413793,0.0008141379310344825,0.0006899310344827585,0.0008855172413793104,0.0011814827586206897
2026-03-04 02:51:30,0.004478052480948932,0.0024121926830109304,0.004156718733836763,0.004813351263749526,0.003816006344608806,0.003353263680562739
2026-03-04 02:52:00,0.0012402068965517241,0.002324758620689655,0.002618551724137931,0.002067137931034483,0.006881344827586207,0.0021698275862068964
2026-03-04 02:52:30,0.0048304482758620695,0.004175379310344828,0.0036924137931034482,0.0018576206896551725,0.0030859999999999998,0.002022413793103448
2026-03-04 02:53:00,0.0013245983035652712,0.0008960071719191779,0.0019562443969381427,0.000046789876560237124,0.0011915729949658646,0.0009715881663333563
2026-03-04 02:53:30,0,0,0,0,0,0
2026-03-04 02:54:00,0.0028901724137931034,0.003989793103448276,0.0030683103448275856,0.0018336206896551724,0.002642793103448275,0.0024089310344827587
2026-03-04 02:54:30,0.0016369310344827586,0.004090620689655172,0.0030461379310344826,0.0013892758620689652,0.006156310344827586,0.0024342068965517243
2026-03-04 02:55:00,0.002299265542567498,0.001666735629805869,0.0029217958001448224,0.0006092893348505224,0.0012127168028688668,0.0015213613323678495
2026-03-04 02:55:30,0.008689469691745397,0.002723053582511551,0.008713881801255086,0.006440693745258948,0.004684366595407214,0.002654782428798014
2026-03-04 02:56:00,0.005440433088514188,0.009643632978173165,0.003923002655080859,0.005203337815937381,0.004252267163201268,0.004419123478500741
2026-03-04 02:56:30,0,0,0,0,0,0
2026-03-04 02:57:00,0.0018376318874560376,0.00249169022826012,0.001545720984759672,0.00091852286049238,0.0022531204744500382,0.0018268395283083927
2026-03-04 02:57:30,0.003023551724137931,0.005826931034482758,0.003967758620689655,0.00461,0.00260651724137931,0.0029009310344827585
2026-03-04 02:58:00,0.001896896551724138,0.006279758620689656,0.0015225862068965518,0.006228862068965518,0.006385689655172414,0.0034858965517241378
2026-03-04 02:58:30,0.0029369332091996824,0.001970932036826316,0.001682735078100755,0.0017154580876521499,0.0012891624426743906,0.001197544912244405
2026-03-04 02:59:00,0.007536758620689654,0.004843241379310344,0.005593344827586206,0.004605482758620689,0.003143310344827586,0.0022937241379310342
2026-03-04 02:59:30,0.0029547931034482763,0.0054817931034482755,0.00600696551724138,0.0023647586206896553,0.0005649999999999999,0.0005137931034482758
2026-03-04 03:00:00,0.00263040104831201,0.0007600606917479914,0.0006222973205972616,0.005837166798855133,0.0005961240042760094,0.00040684161522811126
2026-03-04 03:00:30,0.0032452153522535255,0.006916307458877892,0.00262640091037622,0.008688023724956032,0.0033469429980344145,0.0026684713265974686
2026-03-04 03:01:00,0.002994,0.009187689655172413,0.004307137931034483,0.00873555172413793,0.0024054827586206897,0.002149689655172414
2026-03-04 03:01:30,0.001096344827586207,0.000773655172413793,0.0009517241379310345,0.0005541724137931035,0.0006418275862068966,0.00029793103448275864
2026-03-04 03:02:00,0.0017284137931034484,0.0018548965517241381,0.001858310344827586,0.0009693103448275863,0.00041603448275862064,0.0006712413793103448
2026-03-04 03:02:30,0.003188178902720783,0.0006414703955308803,0.001892548018897203,0.0008451325907789922,0.0009297906824373253,0.0004330149315493638
2026-03-04 03:03:00,0,0,0,0,0,0
2026-03-04 03:03:30,0,0,0,0,0,0
2026-03-04 03:04:00,0.015793130797613707,0.01080137641297976,0.010223283561502119,0.00935165284550042,0.0028837546122280075,0.003516604020828304
2026-03-04 03:04:30,0.009229413793103448,0.005978344827586207,0.008198655172413792,0.007714931034482759,0.002898586206896552,0.0014404827586206898
2026-03-04 03:05:00,0.005621379310344827,0.006075724137931034,0.0030695862068965516,0.006445931034482758,0.002295275862068966,0.0015342758620689653
2026-03-04 03:05:30,0.0012031724137931033,0.000554793103448276,0.0039887241379310346,0.0033856896551724136,0.0013937241379310343,0.0029992413793103446
2026-03-04 03:06:00,0.00013055172413793095,0.0008051379310344831,0.0006084827586206896,0.0010785862068965518,0.0004832068965517241,0.000664551724137931
2026-03-04 03:06:30,0,0,0,0,0,0
2026-03-04 03:07:00,0,0,0,0,0,0
2026-03-04 03:07:30,0.0029688275862068967,0.0016109999999999998,0.0014903793103448273,0.0023767931034482754,0.0012068275862068966,0.000909
2026-03-04 03:08:00,0.0017498620689655171,0.006857172413793103,0.002611413793103448,0.0050745172413793095,0.0038980689655172414,0.0017760344827586205
2026-03-04 03:08:30,0,0,0,0,0,0
2026-03-04 03:09:00,0.004056963552980931,0.001587703872280266,0,0.006489569325195683,0.00011806489431398916,0.0005149477604220543
2026-03-04 03:09:30,0.0042116478742112344,0.0006962518533843662,0.0017780076549084515,0.0025248439708975548,0.0006153925726699079,0.0005111547877659393
2026-03-04 03:10:00,0.005594537742680781,0.006051898341322115,0.0020486913341839367,0.003942894582571813,0.0007333701162109038,0.0006014000482775266
2026-03-04 03:10:30,0.002856655172413793,0.005867724137931035,0.004406137931034483,0.0005203448275862067,0.0001811034482758623,0.0013768620689655173
2026-03-04 03:11:00,0,0,0,0,0,0
2026-03-04 03:11:30,0.007500534464328816,0.011481914416744253,0.007663115064997759,0.007181821316506329,0.0034679148994862245,0.0029281748905210167
2026-03-04 03:12:00,0.004724250887900417,0.004374607772145787,0.00298420744112272,0.004780490327919728,0.002346850108616944,0.0005861522016482191
2026-03-04 03:12:30,0.005605068965517241,0.00545244827586207,0.002841344827586207,0.0030034137931034483,0.002896137931034483,0.0014926551724137927
2026-03-04 03:13:00,0.0012567931034482755,0.0017814827586206897,0.001364448275862069,0.001380310344827586,0.0018456206896551725,0.0012042758620689656
2026-03-04 03:13:30,0.007220716527016311,0.0054631564428812805,0.0053058860039309,0.006140064135719459,0.004255956691148581,0.0036748043170925144
2026-03-04 03:14:00,0,0,0,0,0,0
2026-03-04 03:14:30,0.0027043793103448273,0.0032852758620689655,0.00027344827586206873,0.003551206896551724,0.0015783448275862068,0.0016637586206896553
2026-03-04 03:15:00,0,0,0,0,0,0
2026-03-04 03:15:30,0.006271551724137931,0.0018063103448275862,0.00188351724137931,0.0036645517241379313,0.000951758620689655,0.0005813793103448276
2026-03-04 03:16:00,0.002355896551724138,0.00596144827586207,0.0026079655172413794,0.0036412068965517245,0.0009572068965517241,0.001621344827586207
2026-03-04 03:16:30,0.005082068965517242,0.006683655172413793,0.0020386206896551725,0.0063818965517241375,0.0027647931034482758,0.002547896551724138
2026-03-04 03:17:00,0.0021436157373883663,0.0015488086617702838,0.002570773421606152,0.003408434191924417,0.0025782214406399784,0.001531671321678563
2026-03-04 03:17:30,0.0029553823874215574,0.010431280601337838,0.008616060961313014,0.00843524584511413,0.009300289635197573,0.005049100062064686
2026-03-04 03:18:00,0.0008447057200979208,0.002036306588973555,0.00014632969003206559,0.0025027410957487164,0.0009453504809847258,0.0009590731993242079
2026-03-04 03:18:30,0.0025365147231225433,0.003011137162954279,0.003020584787256052,0.00232052961864699,0.0016500586166471277,0.0009667264326598168
2026-03-04 03:19:00,0.004273438846936312,0.004001241336505638,0.0039768628667976955,0.004396158753146443,0.0032971621668218334,0.003349884486741836
2026-03-04 03:19:30,0.004504620371008896,0.005040135163092201,0.0013962485345838218,0.004159230397903593,0.003963278394593476,0.002461830218605613
2026-03-04 03:20:00,0.0008947967311472017,0.0010393779524843967,0.0025233267818351086,0.000846212199579325,0.0011023068170063098,0.0019542774387090096
2026-03-04 03:20:30,0.00023481139231777107,0.0016415419626232674,0.0017092959106268537,0.0006292669471070957,0.0027410178608371838,0.0026578167022963933
2026-03-04 03:21:00,0.0021102106969205833,0.0015484327045760197,0.0020672436980585535,0.0028853063898755123,0.0019985171902479394,0.0013991861788337527
2026-03-04 03:21:30,0.0008527099710384776,0.001942180388911874,0.0019122879602813405,0.0026462212108674665,0.0007635498551923875,0.0009477658254033926
2026-03-04 03:22:00,0.0024617108574975007,0.002951591214701928,0.0032917284418853224,0.001484501603282419,0.0013094507464745026,0.0016094886735854913
2026-03-04 03:22:30,0.0036714482758620688,0.008312172413793104,0.004075172413793103,0.005386413793103449,0.005769482758620689,0.0028992413793103447
2026-03-04 03:23:00,0.0006055925249112166,0.0011065751818777373,0.0039045271178843573,0.00011009205944212673,0.0006924456090749235,0.0008400855083956833
2026-03-04 03:23:30,0.0033846074273300914,0.0035560497913865036,0.00637602151649943,0.0016844936381504086,0.006504189510706526,0.00376283576428399
2026-03-04 03:24:00,0.002315838477188868,0.0052996310217593694,0.008321562812510775,0.0030424842235939166,0.0017427497499913787,0.002231870064484982
2026-03-04 03:24:30,0.0042969692790400995,0.005684067165465642,0.009196427955728717,0.007026066269006655,0.010798572561459161,0.00424683653415164
2026-03-04 03:25:00,0.0027574911209958274,0.0031272025102582666,0.002176890452053377,0.0018966932174752592,0.0023788145236371154,0.002204682597151822
2026-03-04 03:25:30,0.0017524827586206896,0.0034049655172413793,0.0025890689655172416,0.0022635172413793107,0.0018191034482758623,0.000945241379310345
2026-03-04 03:26:00,0.00898338045652024,0.005160299289704158,0.00621715743741811,0.002557099510378595,0.007611130266878147,0.004643369422798428
2026-03-04 03:26:30,0.0054364137931034485,0.007458827586206897,0.005908724137931034,0.0028820344827586207,0.0022029655172413794,0.0010421724137931034
2026-03-04 03:27:00,0.006504913623668148,0.003958829005896348,0.006697941450294817,0.006207303196441502,0.00533685045343264,0.005441019275197407
2026-03-04 03:27:30,0.0022085373422522587,0.00606271981242673,0.0037786359561409557,0.0024462450865457555,0.003345976139576581,0.004386145783049446
2026-03-04 03:28:00,0.001526103448275862,0.0029412068965517244,0.0019512758620689654,0.0011538965517241381,0.0009512068965517238,0.000763758620689655
2026-03-04 03:28:30,0.004146556777819924,0.011384220145522258,0.003480223455981241,0.004043932549398254,0.003229801027621642,0.001991275561226249
2026-03-04 03:29:00,0.0021624025929246255,0.0018884214881732296,0.0020603406661609544,0.0003342183297703607,0.0020860285497551895,0.0021932625336183714
2026-03-04 03:29:30,0.002780946141645404,0.004318771119233156,0.0017075374112130203,0.0016139231777118818,0.0037507758085649264,0.003742638438728364
2026-03-04 03:30:00,0.004391731604716917,0.005992035032066755,0.005526998138059444,0.005233535618233225,0.0027528791117853945,0.001152368802151576
2026-03-04 03:30:30,0.004025686997896769,0.003126331758783574,0.0048988380512360805,0.004245526324862946,0.0013822018411888428,0.0016560700617177537
2026-03-04 03:31:00,0.0029230026550808594,0.005747250094824316,0.005327781800627564,0.0023621944070894105,0.01994932066595405,0.0010963759870349298
2026-03-04 03:31:30,0.002921519947588014,0.0015556360125512916,0.003009965173614703,0.0032886107375607746,0.0010946519085548775,0.000992793351953381
2026-03-04 03:32:00,0.002163609406247845,0.002625336183711468,0.002729708295979587,0.0024543824563823184,0.0012336390593752156,0.0022551892972898424
2026-03-04 03:32:30,0,0,0,0,0,0
2026-03-04 03:33:00,0,0,0,0,0,0
2026-03-04 03:33:30,0.0012221034482758622,0.0008280344827586207,0.0013438620689655172,0.0012875517241379309,0.0011444827586206895,0.0005343103448275862
2026-03-04 03:34:00,0.003846562306047859,0.001674574167298807,0.0015665126542997035,0.002363526653334253,0.0017180539273153577,0.0008354596234742432
2026-03-04 03:34:30,0.004098720733767801,0.0043849867245957025,0.002297093203682631,0.001274611220302748,0.001105375676700803,0.001432467845936347
2026-03-04 03:35:00,0.0049221406158408325,0.003101927519740698,0.003058825557739388,0.00033126443915727056,0.001213889176235302,0.0010887210785834969
2026-03-04 03:35:30,0.00686148275862069,0.00533996551724138,0.0038169310344827586,0.0033013103448275866,0.0009523103448275861,0.0011040344827586209
2026-03-04 03:36:00,0.006496017378711078,0.007157201475811178,0.006461018585566014,0.008638736595289815,0.001955070514809834,0.0009917933864349504
2026-03-04 03:36:30,0.0043388503844695005,0.006808420399296576,0.005087928002482672,0.003749767249405192,0.0035317402848177642,0.002772249232785076
2026-03-04 03:37:00,0.001508895938211158,0.0011679194538307704,0.0006081649541410937,0.0016388869733121856,0.0007632577063650782,0.0015257568443555617
2026-03-04 03:37:30,0.0027947727742914283,0.0005772360526860216,0.0013696986414730018,0.0008614923108751121,0.001468209089028343,0.00011006137507758088
2026-03-04 03:38:00,0.00027554222268197636,0.001484190200337919,0.0003230923071618219,0.0008556256680804109,0.001110134133305748,0.0007037688355573946
2026-03-04 03:38:30,0.003346988034895348,0.0011933036791834763,0.0014825695665666699,0.0016617013206441154,0.001589221061342712,0.0009743112306472189
2026-03-04 03:39:00,0,0,0,0,0,0
2026-03-04 03:39:30,0.006936760801351676,0.009030688596944931,0.0056130823075066375,0.015118064894313984,0.0020511016861487533,0.003049722423364711
2026-03-04 03:40:00,0,0,0,0,0,0
2026-03-04 03:40:30,0.008984206351943169,0.00359584813269423,0.004161074519811027,0.003881237284044277,0.0028637194386013304,0.0025533639091003136
2026-03-04 03:41:00,0.006125508585614786,0.0021080270326184402,0.006662471553685953,0.002566857458106338,0.0019888973174263845,0.0010941659195917522
2026-03-04 03:41:30,0.0009394869319357284,0.0002920488242190196,0.0010186883663195643,0.0007074339700710294,0.0004135576856768498,0.0005863733535618233
2026-03-04 03:42:00,0.0024558620689655174,0.012530310344827586,0.007326000000000001,0.0073411034482758625,0.005807103448275862,0.0063357586206896545
2026-03-04 03:42:30,0.001455968553892835,0.0019673815598924213,0.0015761671608854563,0.0009053858354596237,0.001292600510309634,0.0014252120543410797
2026-03-04 03:43:00,0,0,0,0,0,0
2026-03-04 03:43:30,0.007957692572926006,0.0019239707606371976,0.0030325149989655887,0.0027619474518998694,0.0028556306461623338,0.0042894972760499275
2026-03-04 03:44:00,0.0026708507189903094,0.0064761888340977266,0.0032466636780578637,0.005441842822166281,0.0031816269526535397,0.0020831063140108277
2026-03-04 03:44:30,0.004911103448275862,0.00882603448275862,0.00961651724137931,0.005273758620689655,0.003031379310344828,0.004814724137931034
2026-03-04 03:45:00,0.002917244232957484,0.005202751629254163,0.005926968035584979,0.00610696182890245,0.0033321609599668974,0.00253653322299231
2026-03-04 03:45:30,0.0010964416247155372,0.0029827598096682987,0.001821736431970209,0.0022041238535273435,0.0014798289773119094,0.0015757533963174956
2026-03-04 03:46:00,0.010004241525569847,0.014775440532432151,0.005055243284251181,0.003638953067347149,0.008648780992448013,0.0035615366047105066
2026-03-04 03:46:30,0.01029651724137931,0.004847758620689656,0.0032579310344827586,0.004686379310344827,0.006340896551724137,0.0035547931034482757
2026-03-04 03:47:00,0.0028834097727507843,0.003962033173557708,0.002095279147556812,0.0023551501775923305,0.003034277044036001,0.0029567571295561913
2026-03-04 03:47:30,0.0075110682021929534,0.005245293428039446,0.00479560030342735,0.002309392455692711,0.003278704916902283,0.003137645679608303
2026-03-04 03:48:00,0,0,0,0,0,0
2026-03-04 03:48:30,0.001076445639805524,0.0011280990310678942,0.0003749181062721973,0.0022693700217233884,0.0009442777835247059,0.00082928174890521
2026-03-04 03:49:00,0.003172602834189567,0.0039569354894321285,0.00391656035582526,0.0016620004827086856,0.00377778160879909,0.003051305037409923
2026-03-04 03:49:30,0.004614909830695492,0.005845419123478499,0.00650925830143788,0.005777697320782042,0.0021215475328436946,0.0021789938277990413
2026-03-04 03:50:00,0.013499051691437634,0.013432394220490359,0.012333494258422702,0.006823959446877478,0.0050969343770474835,0.00716024690506569
2026-03-04 03:50:30,0.003395586206896551,0.0030927241379310336,0.00258403448275862,0.0024554827586206894,0.0035784827586206893,0.003216965517241379
2026-03-04 03:51:00,0.0020670689655172413,0.00633103448275862,0.003425896551724138,0.004924413793103448,0.004684758620689656,0.00296551724137931
2026-03-04 03:51:30,0.0022771283748836252,0.0015835316023585391,0.002987103892969208,0.004022102686114272,0.0035057066997689736,0.00027661115133960904
2026-03-04 03:52:00,0,0,0,0,0,0
2026-03-04 03:52:30,0.0029384827586206893,0.0035414137931034477,0.003506206896551724,0.004025103448275862,0.0012682758620689652,0.0037866551724137928
2026-03-04 03:53:00,0.004288403848143167,0.002826419778628323,0.0016535636702182683,0.00393720906175649,0.0038667976966311507,0.0031215820144132956
2026-03-04 03:53:30,0.006561000000000001,0.004178068965517241,0.003170413793103448,0.004752413793103448,0.003254172413793103,0.0027969655172413793
2026-03-04 03:54:00,0.00004679148994862261,0.001690321023412986,0.0013852625771525121,0.0002140960656529085,0.001229336919416572,0.0012071307885934968
2026-03-04 03:54:30,0.009278758620689654,0.008350793103448276,0.007879172413793104,0.008626206896551724,0.004758241379310343,0.004716103448275862
2026-03-04 03:55:00,0.0022212950830977174,0.004699779325563755,0.003318322874284532,0.002436625060340666,0.00408947658782153,0.004058926970553755
2026-03-04 03:55:30,0.0022003793103448277,0.0020763103448275867,0.0021074827586206896,0.003850413793103449,0.0027095517241379308,0.00026668965517241396
2026-03-04 03:56:00,0.0024143793103448274,0.002322655172413793,0.002050931034482759,0.0040710689655172405,0.004101793103448276,0.001950827586206897
2026-03-04 03:56:30,0.002893176097375953,0.0064807420433778155,0.005118237302161995,0.0029837936622875076,0.003472535429812765,0.004064549498293163
2026-03-04 03:57:00,0.0009070064133508034,0.00109961381973657,0.0012616026480932348,0.0010785807875318945,0.0005338252534307978,0.0005191710916488518
2026-03-04 03:57:30,0.0018457639391745112,0.0012090272749215542,0.001973794007103203,0.0018376607703182645,0.0021418226957691114,0.0024430536878038683
2026-03-04 03:58:00,0.0007272758620689655,0.0008595862068965517,0.0008458275862068963,0.0009582068965517241,0.00044362068965517247,0.0005253793103448276
2026-03-04 03:58:30,0.0015558620689655172,0.005518448275862069,0.005442448275862069,0.00412103448275862,0.004979896551724139,0.00435303448275862
2026-03-04 03:59:00,0.005789696907003207,0.005254025723250923,0.006718457984207442,0.006826764594324334,0.006322167508016966,0.005918693158856591
2026-03-04 03:59:30,0.0015631874762939207,0.0023889176235302226,0.000037653874004344524,0.0008368332126478394,0.001285300506879073,0.0014392951967173544
2026-03-04 04:00:00,0.004218199372435434,0.00440588255577394,0.005658494534671219,0.004663252991276163,0.0005622219923450916,0.0007369056239440018
2026-03-04 04:00:30,0.0014502948174200888,0.003909520361366849,0.002732836798731079,0.001657598013861591,0.0008769007965242578,0.0012267508016964932
2026-03-04 04:01:00,0.010463708147994896,0.01010361711665115,0.009835729802420605,0.004697182855763593,0.0009472087169407951,0.003973276783559187
2026-03-04 04:01:30,0.0028638667632150615,0.0010548601772352674,0.0016317023550912037,0.0016906658391089963,0.0006288748663839176,0.0005373262990931347
2026-03-04 04:02:00,0.0013687549563838224,0.0012682825914560564,0.0013852015308761165,0.0031148501879115957,0.0008279488328793574,0.0011275040513050376
2026-03-04 04:02:30,0.0013695607199503482,0.002607958071857113,0.002353492862561203,0.0032105027239500727,0.0019069719329701403,0.00179053168746983
2026-03-04 04:03:00,0.001768697631116168,0.0013948139719320023,0.001621219957932485,0.000538981414433985,0.0006192200268956242,0.0007193545050170683
2026-03-04 04:03:30,0.0020075514637426296,0.0010381710975483605,0.0014985690148615566,0.0008354884314333989,0.0008054205027412849,0.000903417123547464
2026-03-04 04:04:00,0.0029156609888973174,0.0008937314667953934,0.003772670850286187,0.0009447624301772293,0.0007347079511757811,0.0009117991862630163
2026-03-04 04:04:30,0.0016798165453981169,0.001003413910824511,0.0005547087830614849,0.000426256077795786,0.0003961860753819096,0.0009068243732542501
2026-03-04 04:05:00,0,0,0,0,0,0
2026-03-04 04:05:30,0.006710596186338402,0.007163994345022585,0.0021920278611082386,0.0051659253129202444,0.0036902175787041826,0.0026836315989103823
2026-03-04 04:06:00,0,0,0,0,0,0
2026-03-04 04:06:30,0.006268921761318574,0.007309265197751802,0.0026812868521775106,0.006165201199958622,0.0012014413296093237,0.0013472983690217578
2026-03-04 04:07:00,0.006594103448275861,0.002787758620689655,0.0032582413793103442,0.0033447586206896552,0.0011621379310344825,0.0020503103448275863
2026-03-04 04:07:30,0.0016081169614840865,0.001556153236095307,0.002023964690872729,0.0032894382952311984,0.0010208958311782351,0.00171776835281542
2026-03-04 04:08:00,0.0037527067098820774,0.0021036825046548513,0.000678194607268464,0.0026531963312874975,0.0015329287635335498,0.0016736776774015586
2026-03-04 04:08:30,0.007989621047550084,0.0037843522637150445,0.008131478224888796,0.006262784041929587,0.006834798800041377,0.002152925761180649
2026-03-04 04:09:00,0.005166379310344828,0.0028456206896551725,0.0038897586206896547,0.007287103448275862,0.002578103448275862,0.0013806206896551725
2026-03-04 04:09:30,0.0016891486500465504,0.0018706596324264682,0.0007363194372607841,0.0020094824316402886,0.0021978897279404156,0.0005806351505120513
2026-03-04 04:10:00,0.002242526635175672,0.0038500499948281217,0.0029919318691169878,0.003624245767679206,0.0016732751784298177,0.000962831431231252
2026-03-04 04:10:30,0.0028016964932243713,0.004709458294541567,0.003559291058929002,0.002227336988379711,0.0037401813730561016,0.0020972725078445566
2026-03-04 04:11:00,0,0.004704606578856631,0.003991966071305427,0.0032232604647955314,0.0009415212743948692,0.0014606234052823943
2026-03-04 04:11:30,0.006033514930004828,0.005668436659540721,0.007949382801186124,0.002409626922281222,0.0011673332873594923,0.0005815116198882834
2026-03-04 04:12:00,0.0053738620689655165,0.006949551724137932,0.006995344827586207,0.007610827586206896,0.0033287931034482756,0.0029723448275862066
2026-03-04 04:12:30,0.005191545119133822,0.008229785179821385,0.005026792179580014,0.01270207923864694,0.004200648253508499,0.0037554911899589666
2026-03-04 04:13:00,0.0017004241233060928,0.0016857004930864459,0.0021767525257749736,0.006006413571945796,0.0015251198234543639,0.0030940312403020588
2026-03-04 04:13:30,0.0005038275862068965,0.0021765172413793104,0.0023787586206896554,0,0.0016206206896551723,0.0013031034482758623
2026-03-04 04:14:00,0.0013311034482758619,0.002680896551724138,0.004890586206896551,0.005473172413793103,0.002841241379310345,0.0032970344827586207
2026-03-04 04:14:30,0.005209172413793103,0.0021749655172413796,0.0020782758620689653,0.0005782758620689655,0.002193103448275862,0.0019051379310344825
2026-03-04 04:15:00,0.0068757284231578215,0.0066646322540602045,0.0067263887452156815,0.0047671459604841215,0.0028530395503603323,0.002740043446777697
2026-03-04 04:15:30,0.008190642024687953,0.002791704020412385,0.0027158816633335633,0.005472726018895249,0.002861699193159093,0.002124198331149576
2026-03-04 04:16:00,0.00499917232817188,0.00649329240955961,0.006153291719833086,0.006643101010449358,0.0037194882229196124,0.003210539021278063
2026-03-04 04:16:30,0.003471125667988278,0.0018983278745043955,0.002493190829167385,0.0012224444061368727,0.001949388036545423,0.0027855886916048956
2026-03-04 04:17:00,0.002432793103448276,0.0026697586206896554,0.0022201379310344826,0.002632103448275862,0.0021738620689655173,0.0015408620689655174
2026-03-04 04:17:30,0.007021571428571428,0.00290575,0.0019339285714285713,0.003496678571428571,0.0020931785714285714,0.0018759642857142855
2026-03-04 04:18:00,0,0,0,0,0,0
2026-03-04 04:18:30,0.002361022033722975,0.002242474397434571,0.0007378711078928315,0.0024738802110272056,0.0017065618426950794,0.0017401124099168993
2026-03-04 04:19:00,0.009213014690668325,0.009408821298020554,0.004758121249741362,0.007648941306296987,0.004762673287812953,0.0042496723911993935
2026-03-04 04:19:30,0.0006389463522272792,0.004980347538270583,0.002205523376086057,0.0020313405047579646,0.0016525651634257343,0.0016196386705282031
2026-03-04 04:20:00,0.0042490173091510935,0.004840666160954418,0.004597027791186815,0.005222536376801601,0.002504344527963589,0.003439831735742363
2026-03-04 04:20:30,0.010733501137852564,0.007564788635266533,0.006977415350665472,0.010312150886145783,0.004867285014826564,0.007270739948969037
2026-03-04 04:21:00,0.0011141763509086519,0.0025837442670436916,0.0009814821200731059,0.0020523121486947823,0.0017778888927204386,0.0014788096141246244
2026-03-04 04:21:30,0.00014481759878629045,0.00023615612716364393,0.001760568236673333,0.0020028618715950625,0.00069102130887525,0.0015169298669057306
2026-03-04 04:22:00,0.004224130202406813,0.006783869521740629,0.007302265439122787,0.007603841246853557,0.007663908141098581,0.0033248163856418743
2026-03-04 04:22:30,0.00044591565808075587,0.0034539498637977998,0.005166166683907451,0.0021236509085893586,0.005969863108168684,0.00295231198924175
2026-03-04 04:23:00,0.001772655172413793,0.0028972758620689656,0.0014030344827586207,0.002299689655172414,0.003353758620689655,0.0024835172413793104
2026-03-04 04:23:30,0.005337873250120682,0.004149196607130543,0.0036388524929315217,0.004751327494655541,0.004697882904627267,0.002469484863112889
2026-03-04 04:24:00,0.0027153299772429487,0.0044333149437969805,0.005205192745327909,0.004769946900213779,0.002267016067857389,0.003243741810909592
2026-03-04 04:24:30,0.006238870305872615,0.012021483499431013,0.009037553019069621,0.011504776026759542,0.010380047587847857,0.002826373323218042
2026-03-04 04:25:00,0.0030995793393559065,0.001868940073098407,0.005154472105372044,0.004153644576236122,0.0035902351561961244,0.0048891110957864975
2026-03-04 04:25:30,0.004481242672919109,0.0031388180125508586,0.006801186125094821,0.005687400868905593,0.0029858630439280054,0.005809047651886078
2026-03-04 04:26:00,0.0019391400296541494,0.00022971621668218338,0.00278190407227337,0.0027596634598806937,0.0016485983241957174,0.0007459053136098754
2026-03-04 04:26:30,0.0027713950762016416,0.0027207089166264397,0.0060231363354251435,0.00929701399903455,0.004344493483208055,0.003678608371836425
2026-03-04 04:27:00,0,0,0,0,0,0
2026-03-04 04:27:30,0.0007493017000586226,0.0033734956377806124,0.003819545501569019,0.0026722300768992034,0.002184937411634884,0.0032791475568123038
2026-03-04 04:28:00,0.006816090764880337,0.0051425615559693785,0.00332140147596386,0.004341747706738397,0.004420339333747156,0.003371370439340645
2026-03-04 04:28:30,0.00506633339079469,0.005900534390622306,0.005793518358903637,0.00649781072228926,0.0052550594725047405,0.004008515773142561
2026-03-04 04:29:00,0.0004899141408916936,0.0034018826937002172,0.002847625943932968,0.002788110754801559,0.0020307920416537365,0.00035026378400744806
2026-03-04 04:29:30,0.0023528154201579252,0.0028025585324643974,0.006208165235681527,0.001996138064204682,0.006772283714354677,0.0032832316127030096
2026-03-04 04:30:00,0.0027678700734457434,0.002744146753560222,0.0033593669183821246,0.003622081997172511,0.002278921416502879,0.0014924312954725698
2026-03-04 04:30:30,0.0044269999999999995,0.014281586206896549,0.002605793103448276,0.002099103448275862,0.0029586551724137926,0.0031945862068965517
2026-03-04 04:31:00,0.008420468259715182,0.013898175924968104,0.007873762973690563,0.010485534981552361,0.0035062928864521914,0.0023205751525809458
2026-03-04 04:31:30,0.0026288403848143166,0.005322781973035412,0.003779076583566084,0.003162166821833729,0.0019604151580979966,0.0010574118133857451
2026-03-04 04:32:00,0.001577,0.0018777931034482758,0.002564724137931034,0.0020419310344827585,0.0005593793103448276,0.0004330344827586207
2026-03-04 04:32:30,0.0003228854177442156,0.0017849039688286608,0.0021665114996034618,0.0020189993448501775,0.0008552118892451983,0.00009668632116133917
2026-03-04 04:33:00,0.004465846005310162,0.0032421295817385604,0.0030977552498189713,0.0026331850625840487,0.0013504017102858523,0.0011128236957346296
2026-03-04 04:33:30,0,0,0,0,0,0
2026-03-04 04:34:00,0,0,0,0,0,0
2026-03-04 04:34:30,0.0028976587014240885,0.004102582669563118,0.002846694941553739,0.0020046550118961413,0.003033826419778628,0.00197303541257198
2026-03-04 04:35:00,0.0025518085583255746,0.0008167304575704286,0.0008569359677252507,0.0005033274714665011,0.0007487672838867625,0.0007430778249025895
2026-03-04 04:35:30,0.004588014206406675,0.005167994207096307,0.005132960932381642,0.0053292300265508075,0.002296817351125823,0.00045815661528912795
2026-03-04 04:36:00,0.007216137931034483,0.002939724137931034,0.0032253793103448275,0.0023280689655172417,0.002082344827586207,0.0007819999999999999
2026-03-04 04:36:30,0.0013280231716147719,0.002774525016378745,0.001245370849281059,0.004517499396572531,0.0010528602461984068,0.0010839626219785524
2026-03-04 04:37:00,0.005485863043928005,0.004510654437624992,0.008952830839252465,0.010159471760568237,0.0021434383835597544,0.001907040893731467
2026-03-04 04:37:30,0.011698448275862068,0.008219310344827585,0.008838896551724137,0.01004455172413793,0.0037275172413793103,0.003217655172413793
2026-03-04 04:38:00,0.0010495534328769955,0.001536535742611814,0.0011038311665919514,0.0006902306976102623,0.0010052070761060725,0.0005227076795751577
2026-03-04 04:38:30,0.0013951523927734106,0.0011047096952144532,0.0007470004137360363,0.000683560888153358,0.0005893669838642945,0.0005705075162046614
2026-03-04 04:39:00,0.001332919554498121,0.0022533360918589014,0.0009721733733319543,0.0007622495776007724,0.00079538636598738,0.00033212647839729674
2026-03-04 04:39:30,0.0014672942312334053,0.0015948415571876832,0.001086824592255439,0.0011898900037929723,0.0016131857522154406,0.0013111616840798593
2026-03-04 04:40:00,0.0025009827247336296,0.004292058894520878,0.0012449915520154477,0.0023605392917485602,0.001867832143719182,0.0006105306713561601
2026-03-04 04:40:30,0,0.002024343148748362,0,0,0,0
2026-03-04 04:41:00,0.0002983551156936443,0.0006886789199627573,0.006857477844063587,0.0028386840925549153,0.0017866478154419116,0.001609676195730887
2026-03-04 04:41:30,0.006593959037307772,0.005324460382042618,0.003461450934418316,0.0029036962968071165,0.0025096889869664165,0.0019483828701468866
2026-03-04 04:42:00,0.01205206896551724,0.011872827586206898,0.012582137931034484,0.009452172413793104,0.0031551379310344827,0.0015011034482758621
2026-03-04 04:42:30,0.0004373297472500951,0.000867659735871177,0.0004136753905037758,0.002000689631392021,0.0012419916554601564,0.0009860004827419743
2026-03-04 04:43:00,0.014391041997103648,0.007696365767878077,0.008701124060409626,0.005999448313909386,0.004843907316736778,0.004052030894421075
2026-03-04 04:43:30,0.007394296748387985,0.00009023826764594328,0.0012915416709768628,0.0012786455639460705,0.0008298334540188267,0.0007393882969552773
2026-03-04 04:44:00,0,0,0,0,0,0
2026-03-04 04:44:30,0,0,0,0,0,0
2026-03-04 04:45:00,0.0047716364388662846,0.002518722846700228,0.00459657954623819,0.006640162747396731,0.001565443762499138,0.0013863871457140888
2026-03-04 04:45:30,0.004275896551724138,0.006163827586206897,0.0039650344827586205,0.006592551724137931,0.0017502758620689656,0.0024358620689655173
2026-03-04 04:46:00,0.004377629129025585,0.005852286049237983,0.0029497620853734226,0.0049959657954623815,0.0010451003379077306,0.0008976622301910214
2026-03-04 04:46:30,0.0010441049691368666,0.006658815821235214,0.004195696403324251,0.0074512914238422006,0.0031906272630090687,0.0024440497948205104
2026-03-04 04:47:00,0.0015360159994482951,0.004785662563359884,0.0023329885176373234,0.004348919002793008,0.0036970104479155897,0.0011963035757387678
2026-03-04 04:47:30,0.0019394503637805592,0.0033336091858901414,0.0034012965070169994,0.002645012240957208,0.002007792834729837,0.00169211406503224
2026-03-04 04:48:00,0.0048185234991896825,0.0044387779731733384,0.0034242957139408985,0.004113306437709044,0.0012336126340471017,0.0026109789317609734
2026-03-04 04:48:30,0.0037781877111923317,0.002633818357354666,0.003960657885663058,0.004054892766016137,0.0032769808978691125,0.0023026343010826844
2026-03-04 04:49:00,0.003674631909244509,0.0036479776559428983,0.004068618323506085,0.0018402468880383432,0.003594358815213268,0.0026639771042377843
2026-03-04 04:49:30,0.001914313299541395,0.0026397365608082477,0.0028996586324609493,0.002310609978966242,0.002395538084893624,0.0021383400572394053
2026-03-04 04:50:00,0.003353310344827586,0.003322793103448276,0.002952689655172414,0.003150310344827586,0.002193344827586207,0.0021093793103448277
2026-03-04 04:50:30,0.009016929866905731,0.006525067236742294,0.00668543548720778,0.006084959657954624,0.006971726087856011,0.002893628025653403
2026-03-04 04:51:00,0.002227708433901111,0.003006689193848701,0.002039445555478933,0.001897731190952348,0.0022533273567340185,0.002181332321908834
2026-03-04 04:51:30,0.007140024825874078,0.005051306806427144,0.002343424591407489,0.002079063512861182,0.0023632163299082817,0.0009771050272395008
2026-03-04 04:52:00,0.004692803696424261,0.0031627874900865484,0.004087962484052274,0.002392503706768732,0.0011877866280473085,0.0015220509637598701
2026-03-04 04:52:30,0.003702710157920144,0.0033610785463071514,0.004986311288876629,0.006206744362457762,0.005481932280532377,0.0029309357975312047
2026-03-04 04:53:00,0.008458209778635956,0.0073338045652024,0.0035736845734776913,0.005903006689193849,0.004696572650162058,0.0012047445003792842
2026-03-04 04:53:30,0.004459692435004483,0.004678815254120406,0.004124232811530239,0.002385007930487553,0.0020474794841735056,0.0015431004758292533
2026-03-04 04:54:00,0.003768809047651886,0.005635818219433143,0.004722881180608235,0.008428384249362113,0.003976036135438936,0.013699262119853804
2026-03-04 04:54:30,0.005506793103448276,0.004582103448275862,0.0019997241379310347,0.007623586206896553,0.0035813793103448275,0.0052493448275862074
2026-03-04 04:55:00,0.0014160344827586207,0.003723965517241379,0,0.0030041379310344826,0.0033274137931034484,0
2026-03-04 04:55:30,0.0029409655172413793,0.0041899655172413786,0.005610586206896551,0.0047176896551724135,0.002664655172413793,0.0033427241379310343
2026-03-04 04:56:00,0.004393565295355012,0.006516328149246525,0.005577571640401392,0.0053756681264871195,0.005423945653298388,0.003469085140866926
2026-03-04 04:56:30,0,0,0,0,0,0
2026-03-04 04:57:00,0.004811972000965485,0.029079962759904834,0.011027792145098447,0.008024516395986347,0.007855453260232407,0.006708458329023138
2026-03-04 04:57:30,0,0,0,0,0,0
2026-03-04 04:58:00,0,0,0,0,0,0
2026-03-04 04:58:30,0,0,0,0,0,0
2026-03-04 04:59:00,0.003089269705537549,0.003784290738569754,0.004311461278532516,0.0013371491621267497,0.004295117578098063,0.003377042962554307
2026-03-04 04:59:30,0.006184868443739439,0.004380944170488637,0.00509703782889065,0.0008574088761681435,0.004448394772233525,0.004464809131349357
2026-03-04 05:00:00,0.0027080057923045096,0.005302165218590538,0.004064956557716177,0.002539442835470969,0.0042138325748172665,0.0026984898634671074
2026-03-04 05:00:30,0.002195200165511534,0.017617944208820388,0.00812330609289335,0.007786765973587117,0.005496913899520707,0.004487879728285233
2026-03-04 05:01:00,0.0011352367159753111,0.0024192958863487463,0.0026677355953242986,0.002373194027792145,0.0015890141719251058,0.0016133581600634459
2026-03-04 05:01:30,0.0064162471553685955,0.0066957796014068,0.008698848355285843,0.005415074822426039,0.003076236121646783,0.0026673677677401565
2026-03-04 05:02:00,0.005905072238888313,0.005500258611772008,0.0034545705320506185,0.008440571014792592,0.000935795317402848,0.0008839005551532705
2026-03-04 05:02:30,0.0033537119409675522,0.00004596393227819733,0.00023026792179580024,0.0033217130443777797,0.0010186200475845659,0.0009763456432536808
2026-03-04 05:03:00,0.007386442781781196,0.0055207737130641655,0.007141640519946211,0.007767196496914112,0.0027898148467399926,0.0016020411681550186
2026-03-04 05:03:30,0,0,0,0,0,0
2026-03-04 05:04:00,0,0,0,0,0,0
2026-03-04 05:04:30,0.0029842769464174888,0.00036094062478449755,0.001488414592097097,0.00124077649817254,0.0018798013930073788,0.0010391007516722985
2026-03-04 05:05:00,0.006622771628564531,0.0015029826557704906,0.0022659908279024856,0.0021204096410468603,0.0025298782800593075,0.0007069066583910898
2026-03-04 05:05:30,0.0050632391986483215,0.00535988414192614,0.0031107892831281673,0.003901417192510603,0.003340022757835936,0.0015700837902141306
2026-03-04 05:06:00,0,0,0,0,0,0
2026-03-04 05:06:30,0.008875146541617819,0.009772015723053583,0.009219536583683883,0.0071463347355354805,0.0016868836631956418,0.0011999517274670715
2026-03-04 05:07:00,0.008411144059030413,0.007497482932211572,0.006905489276601614,0.005671988138749052,0.0015620302048134612,0.0012363974898282877
2026-03-04 05:07:30,0.005249706916764361,0.0057586373353561825,0.004261223363905937,0.003947313978346321,0.001520550306875388,0.0010815805806496102
2026-03-04 05:08:00,0.0012358884176407714,0.0006315644288127995,0.0033572980242060624,0.0026402193027826627,0.0014457777318023517,0.001571083755732561
2026-03-04 05:08:30,0.003620387612938824,0.001727946754948617,0.006487102558797159,0.005107007379819299,0.002033071246292848,0.000890509690323471
2026-03-04 05:09:00,0.005175896551724138,0.004636068965517242,0.003755137931034482,0.005998310344827587,0.002890206896551724,0.0021962758620689654
2026-03-04 05:09:30,0.005706137931034483,0.0009602068965517243,0.0012656551724137932,0.0022962413793103445,0.00043641379310344834,0.0007689310344827586
2026-03-04 05:10:00,0.00010958620689655173,0.00043058620689655176,0.0006206896551724137,0.0007398275862068965,0.0005294827586206897,0.00005755172413793105
2026-03-04 05:10:30,0,0,0,0,0,0
2026-03-04 05:11:00,0.004875978347067545,0.0029857256145915945,0.006283970623728581,0.002688480502017033,0.0005779402130814054,0.000920146191773265
2026-03-04 05:11:30,0,0,0,0,0,0
2026-03-04 05:12:00,0.007153196331287498,0.0071801255085856145,0.009681849527618783,0.009876249913799049,0.003659713123232881,0.0023327011930211706
2026-03-04 05:12:30,0.004817441980757957,0.006865374668092002,0.008066691954894996,0.00794213593572192,0.0025227766474706023,0.0032033863236663332
2026-03-04 05:13:00,0.0026335080339286946,0.0011745396869181435,0.0036956761602648094,0.0027614302461899183,0.0008962830149644854,0.0002698779394524516
2026-03-04 05:13:30,0.001950139650356884,0.006198786248750043,0.0030691355470501016,0.003912692665770145,0.002774214682252336,0.002487948691424433
2026-03-04 05:14:00,0.0004299113762543535,0.0004508776164695332,0.002331321769716197,0.002323321493844615,0.00129769992068692,0.0013161488327183694
2026-03-04 05:14:30,0.0025762361216467833,0.0020769946900213777,0.0016965726501620578,0.0034483139093855596,0.002141921246810565,0.0022130542721191643
2026-03-04 05:15:00,0.001955347907040894,0.003524894834838977,0.00336542307427074,0.0028644576236121653,0.001086511275084477,0.0015604785876836083
2026-03-04 05:15:30,0,0,0,0,0,0
2026-03-04 05:16:00,0.0131545463949519,0.010545981173062999,0.026136960794455367,0.02621213061618565,0.018508568670045862,0.007464259853108514
2026-03-04 05:16:30,0.0000050339620039303995,0.0022766955142571464,0.002132986242802469,0.001507016515532876,0.0016192118056752747,0.000947453711684998
2026-03-04 05:17:00,0.0074359310344827585,0.004065896551724137,0.006198724137931035,0.005180620689655172,0.0027132413793103448,0.0032479310344827586
2026-03-04 05:17:30,0.0025242758620689656,0.0025604827586206895,0.00279,0.0022893793103448278,0.0010476206896551724,0.002128448275862069
2026-03-04 05:18:00,0.0035090175523293902,0.009257801993172178,0.0034284975343977374,0.0019950343115279832,0.0012984585675368113,0.0021556260560708987
2026-03-04 05:18:30,0,0,0,0,0,0
2026-03-04 05:19:00,0.0051492017516637355,0.006001862004758457,0.004820971690631358,0.006146236336678046,0.0038334885003965384,0.003262508189372781
2026-03-04 05:19:30,0.0006229095548429363,0.006175373262990931,0.00493882969552774,0.0032651287886624595,0.0031622357849729315,0.0028677286990103786
2026-03-04 05:20:00,0,0,0,0,0,0
2026-03-04 05:20:30,0.002655391193407124,0.0017039067618357993,0.0024670183786765975,0.004198406951484432,0.0011464777076652531,0.002560601358573842
2026-03-04 05:21:00,0.00007158373849177645,0.001076445639805524,0.0006438743491603737,0.0008579704148132825,0.00044712251301679256,0.00019451053411951314
2026-03-04 05:21:30,0.00529073856975381,0.007963450796496794,0.005418074615543756,0.0044602786014757605,0.003009171781256466,0.0034239362802565344
2026-03-04 05:22:00,0.0021987723291261464,0.006480343471963583,0.0024392371887716393,0.003934685150700048,0.0049005448651631145,0.0027885371404924473
2026-03-04 05:22:30,0.007567517241379311,0.004905827586206897,0.005174379310344828,0.010508137931034483,0.006527896551724138,0.0023375517241379313
2026-03-04 05:23:00,0.006116129922074339,0.0032116750568926284,0.005946624370733053,0.006383111509551065,0.0031638507689124885,0.004643645265843735
2026-03-04 05:23:30,0.004911347884555705,0.0065616013240922715,0.009171614771904419,0.0026681493741595114,0.0038649012103030927,0.0032820247577669734
2026-03-04 05:24:00,0.0003818144201924072,0.0016099789662425434,0.00032250612047860443,0.00022785421192372688,0.0006040826178407639,0.00037771111340988237
2026-03-04 05:24:30,0.0024127443881245473,0.0009782076480121375,0.0011158925554291227,0,0.00024043998482810959,0.0007359401399951725
2026-03-04 05:25:00,0.0022423709527257685,0.0031802351643046797,0.002474569842419227,0.0006789765870142409,0.0023661942691631326,0.0015593600220682046
2026-03-04 05:25:30,0.001699217268370056,0.004804834316058067,0.004218889003827455,0.0029357608358332476,0.0006591841660632391,0.0025479121409606566
2026-03-04 05:26:00,0.004830713005102745,0.011837229347676182,0.013053716728727072,0.012211970762653427,0.008015308233347125,0.006262825817128672
2026-03-04 05:26:30,0.0007198620689655175,0.0025800689655172413,0.0029654482758620696,0.0028220689655172413,0.0021194482758620688,0.0022351724137931036
2026-03-04 05:27:00,0.006121957106406456,0.0075526515412730165,0.0065250327563616305,0.003924625887869802,0.004084856216812633,0.003192779808289084
2026-03-04 05:27:30,0.003531740284817765,0.0031408572118202826,0.004438846936312541,0.0028307299748284546,0.0027421813040929624,0.002371849246577705
2026-03-04 05:28:00,0.0033779869659666902,0.01089907244577773,0.01507761801317196,0.006515568428674872,0.0072758870383779865,0.004803455053274024
2026-03-04 05:28:30,0.0018408040824770705,0.0040366526446451965,0.0021246465760982004,0.0013648713881801256,0.0035542376387835326,0.0013267360871664024
2026-03-04 05:29:00,0.002846700227570512,0.008168402179160058,0.00486562995655472,0.004826322322598441,0.00597689814495552,0.004805599613819737
2026-03-04 05:29:30,0,0,0,0,0,0
2026-03-04 05:30:00,0.0011070726576778512,0.0009052725956067448,0.0003292872168005793,0.0000035518466154012114,0.0012602503534604639,0.00056674368081658
2026-03-04 05:30:30,0.003084103448275862,0.0021084827586206898,0.003401862068965517,0.0037241379310344828,0.0034599655172413792,0.003236793103448276
2026-03-04 05:31:00,0.002759835867728699,0.0012376124961208234,0.0029906899762077175,0.0021261335816006345,0.0018774869832074758,0.0013864004689493467
2026-03-04 05:31:30,0.0025191200303437814,0.0009694148477638701,0.002501706837695252,0.0016460811696148408,0.0016651494776042204,0.0012672321644081237
2026-03-04 05:32:00,0.005507897096351472,0.005878577832953997,0.0023506793571970476,0.005030622801572522,0.0008838195737637078,0.0009758259190288985
2026-03-04 05:32:30,0.005744793821541856,0.004083678113363674,0.003830368225072404,0.0033696041925251686,0.0011428768445731622,0.0006095366156392222
2026-03-04 05:33:00,0.004855517241379311,0.005492931034482758,0.008943448275862069,0.005682310344827587,0.004262,0.0018126206896551724
2026-03-04 05:33:30,0,0,0,0,0,0
2026-03-04 05:34:00,0.0037975312047445003,0.0046028549755189295,0.006703365285152748,0.005101579201434384,0.00197355354803117,0.0013883180470312393
2026-03-04 05:34:30,0.0003411034482758621,0.00029620689655172417,0.0003266896551724138,0.0002608620689655172,0.0002660344827586207,0.0002006896551724138
2026-03-04 05:35:00,0,0,0,0,0,0
2026-03-04 05:35:30,0.0028594137931034483,0.001677344827586207,0.0012999655172413792,0.0012446206896551725,0.0014959310344827587,0.0008009310344827585
2026-03-04 05:36:00,0.00017578098062202626,0.0006578167022963934,0.0004448658713192194,0.000011930211709537243,0.00002858423556996069,0.0003056340942004001
2026-03-04 05:36:30,0.0024103306782524733,0.0009170028619702766,0.0013447467328712803,0.0011773042308885898,0.00010865142581290296,0.000582669563118513
2026-03-04 05:37:00,0.0008546206896551724,0.005472827586206897,0.0012802413793103445,0.004717068965517241,0.002228448275862069,0.0014914827586206896
2026-03-04 05:37:30,0.00014748275862068975,0.002699413793103448,0.0014112413793103446,0.004209931034482759,0.002209620689655172,0.0002338965517241376
2026-03-04 05:38:00,0.0038457454144255965,0.0011614949662115568,0.0035904702799613845,0.003508688456764584,0.0007667907874775892,0.0007063508481588745
2026-03-04 05:38:30,0.003640542031584029,0.0027222260533756298,0.002067650506861596,0.0015039997241569545,0.001430763395627888,0.0017110199296600237
2026-03-04 05:39:00,0,0,0,0,0,0
2026-03-04 05:39:30,0.006601530981690286,0.008839419330367918,0.005853142995069135,0.006965311540981345,0.0022015792558877276,0.0012544050205165332
2026-03-04 05:40:00,0.006009758284197097,0.004726595634633288,0.005855729112789215,0.006105617047688011,0.0028779007620426886,0.0017051136167718357
2026-03-04 05:40:30,0.0014722595772559564,0.0016009792765766695,0.00127533533326437,0.0021088927968001105,0.0006915623599186234,0.000618289024516396
2026-03-04 05:41:00,0,0,0,0,0,0
2026-03-04 05:41:30,0.003137581462708182,0.005491189958966931,0.005260680666183924,0.004587462501293058,0.007761904761904761,0.0015748422468190749
2026-03-04 05:42:00,0.0003155063618495911,0.001573635391883039,0.004132064411572015,0.004505327402503362,0.002972518189027965,0.000947794903624013
2026-03-04 05:42:30,0.0017383538498672454,0.003143546774249163,0.0032398882797144922,0.0006599082790248607,0.001250853418847626,0.0008159718630392054
2026-03-04 05:43:00,0.006447501810282403,0.004935484983276439,0.003141236509085893,0.0014817420088962447,0.0021021344091583048,0.0019433812627150787
2026-03-04 05:43:30,0.008358012345253284,0.013399255146729197,0.00921590399668954,0.010760819338597882,0.004427773371495568,0.0027355770888651326
2026-03-04 05:44:00,0.0016957691114099511,0.0047602841281335125,0.0036419433812627145,0.002897934553980897,0.001814109858280749,0.0012997482845419125
2026-03-04 05:44:30,0,0,0,0,0,0
2026-03-04 05:45:00,0.0036670459639322776,0.0022196820799282786,0.0014324333643667456,0.002748974173304368,0.0013249543119202788,0.0014639150374125029
2026-03-04 05:45:30,0.002539360711699597,0.00465359815178787,0.003760387572842316,0.0022751974069859663,0.005450674114685702,0.00298879348987966
2026-03-04 05:46:00,0.0022948519016585634,0.001916623564704665,0.0006285990138271094,0.0008012137512499568,0.0008401089617599393,0.0004241233060928933
2026-03-04 05:46:30,0.0025625668080411015,0.0016996655287748693,0.002024516395986345,0.002010930657563532,0.0013736422881969585,0.0010663770214820179
2026-03-04 05:47:00,0.01064635702217165,0.004133305748077653,0.007416951139615875,0.003793489879659322,0.004729561049618979,0.003302196475983587
2026-03-04 05:47:30,0.0054678459363470214,0.0039031757525602563,0.005672563015068445,0.0050732043722630255,0.002477018033860901,0.0017587324575014651
2026-03-04 05:48:00,0.004658011792696803,0.0006931140305506704,0.006735733250577566,0.004928450743077824,0.004075721526843901,0.0027089065894279505
2026-03-04 05:48:30,0.006557724137931035,0.002344,0.008165137931034483,0.005127310344827586,0.003081793103448276,0.002801206896551724
2026-03-04 05:49:00,0.005138689655172413,0.0036497241379310342,0.0011271034482758621,0.002529206896551724,0.0027547241379310347,0.0019462758620689652
2026-03-04 05:49:30,0.008925901661954349,0.0033301496448520794,0.00553658368388387,0.005419557271912283,0.001958485621681263,0.0030396524377629135
2026-03-04 05:50:00,0.003767862068965517,0.006957896551724138,0.0035743448275862067,0.00440103448275862,0.003119620689655173,0.0026600689655172415
2026-03-04 05:50:30,0,0,0,0,0,0
2026-03-04 05:51:00,0.0023101034482758617,0.0035555517241379307,0.003086896551724138,0.0024270344827586206,0.0015401034482758619,0.0027605862068965517
2026-03-04 05:51:30,0.010156063584014344,0.004806075652563704,0.0073357470432054055,0.006080686872866452,0.002432640253784352,0.003477914554670528
2026-03-04 05:52:00,0.0011461673735388435,0.006084135029826559,0.003916623564704665,0.002651701665459812,0.001914933967794214,0.004844591565808075
2026-03-04 05:52:30,0.006619461397882831,0.007123788834867763,0.004571290645150166,0.006104168821764766,0.0037696286334953965,0.004885555670494119
2026-03-04 05:53:00,0.002499827586206897,0.006955758620689655,0.006348310344827587,0.005017517241379311,0.002402689655172414,0.002676896551724138
2026-03-04 05:53:30,0,0,0,0,0,0
2026-03-04 05:54:00,0.0018041379310344825,0.0050279999999999995,0.0028478965517241377,0.004110896551724138,0.003422758620689655,0.0018974827586206895
2026-03-04 05:54:30,0.003460968209089029,0.0033193917660850974,0.002557823598372526,0.00037935314805875473,0.002689021446796773,0.0021733328735949243
2026-03-04 05:55:00,0.0030980311023757795,0.0034529154167097682,0.002514258129030033,0.0013664701217199404,0.002554222268197648,0.002450467225268094
2026-03-04 05:55:30,0.0019474845694976033,0.0022014068480397226,0.004067032171304438,0.005236715975311196,0.0019835522913003,0.0030166201165477053
2026-03-04 05:56:00,0.0015743595048446602,0.0025615323609530704,0.0002454742939898624,0.0024548808661770277,0.0009888279714492603,0.0006929071411330643
2026-03-04 05:56:30,0.009900868905592717,0.005053099786221641,0.004799289704158334,0.0037681884007999453,0.007985828563547343,0.005372939797255363
2026-03-04 05:57:00,0.0035868965517241377,0.0018099310344827585,0.0008056551724137929,0.003115103448275862,0.00045903448275862033,0.0005178620689655173
2026-03-04 05:57:30,0.0011585807385952203,0.002466708044550187,0.0009420364815006381,0.0016153236095307055,0.00006472190614116767,0.0008565566704596393
2026-03-04 05:58:00,0.011509137300875803,0.009598200124129371,0.009624232811530239,0.0049238673194952065,0.011658333908006347,0.006925281015102407
2026-03-04 05:58:30,0.006033862068965517,0.005542896551724138,0.004276793103448276,0.004966931034482758,0.0023663448275862064,0.001845551724137931
2026-03-04 05:59:00,0.00043917241379310334,0.0037082758620689653,0.0027268965517241377,0.0010528275862068967,0.003144310344827586,0.002133310344827586
2026-03-04 05:59:30,0.002016964347286394,0.0018275291359216605,0.0009476243017722918,0.00365929935866492,0.00223743190124819,0.0013946624370733054
2026-03-04 06:00:00,0.0016062204751560289,0.00602268887279749,0.0008199027619737252,0.001701079273128512,0.002696838040067584,0.001208716940795145
2026-03-04 06:00:30,0.002303206896551724,0.0072946206896551714,0.005255172413793103,0.005321758620689655,0.004806310344827585,0.0017007931034482757
2026-03-04 06:01:00,0.003804386055653254,0.007562566808041103,0.0017087341815799455,0.006619495879452432,0.0056445639805523945,0.003333333333333334
2026-03-04 06:01:30,0.005241646839764146,0.012252474052618876,0.010725664632254063,0.010660253094720872,0.01270332057515258,0.008492914037446985
2026-03-04 06:02:00,0.0007660850975794774,0.0010489276601613681,0.0018557340873043239,0.0007623267360871664,0.0009990000689607613,0.0009915867871181298
2026-03-04 06:02:30,0.0023739871038929686,0.006082721285472914,0.0028019723457811795,0.0013438846936312538,0.0014183993655391192,0.0017660425502568876
2026-03-04 06:03:00,0.0052018000620711055,0.005228663057346804,0.005148418910996931,0.006137108176144004,0.0011447636125383634,0.003011448670643815
2026-03-04 06:03:30,0,0,0,0,0,0
2026-03-04 06:04:00,0,0,0,0,0,0
2026-03-04 06:04:30,0.0005293103448275863,0.005635827586206897,0.006370896551724138,0.005875206896551724,0.0020021724137931035,0.0014592413793103446
2026-03-04 06:05:00,0.00181425418936625,0.002173884559685539,0.0031913661126818844,0.003043410799255224,0.005984104544514171,0.0009780015171367493
2026-03-04 06:05:30,0.003760223432866699,0.005522929453141162,0.006275877525687884,0.004842562581890903,0.001952692917729812,0.0011909868284945867
2026-03-04 06:06:00,0.007576709541708334,0.0008142004896720575,0.0028349598262009034,0.0015293285975378462,0.0020750025862960792,0.0012201110383116655
2026-03-04 06:06:30,0,0,0,0,0,0
2026-03-04 06:07:00,0.007054685883732157,0.0019390386869871043,0.000434073512171574,0.0023135645817529823,0.0010003792841872974,0.00012426729191090268
2026-03-04 06:07:30,0.010395020861349608,0.008756111858211785,0.0051249267266645976,0.007801386159097962,0.0033149891383055753,0.002675804282610944
2026-03-04 06:08:00,0.004107931034482758,0.005177068965517241,0.005424034482758621,0.005232724137931035,0.0031897931034482758,0.0020992758620689655
2026-03-04 06:08:30,0.007305323770774429,0.006559513137025033,0.009166643679746225,0.004238845596855389,0.004126784359699332,0.0029589338666298876
2026-03-04 06:09:00,0.0013485292596296422,0.004491465222938721,0.001984620159315838,0.004220490361736611,0.001192661815924687,0.0010115176385392599
2026-03-04 06:09:30,0.003720674436245776,0.0028718019446934695,0.0031826770567547065,0.004261912971519206,0.0028290462726708503,0.0032714640369629682
2026-03-04 06:10:00,0.002359689655172414,0.0016575172413793103,0.0015236896551724137,0.0013762758620689656,0.000760655172413793,0.0005928620689655172
2026-03-04 06:10:30,0.00204341229612772,0.003293472638874522,0.0008224543981242029,0.0016560118616599428,0.001214337436640116,0.0007011137546981139
2026-03-04 06:11:00,0.0027882486810799625,0.002655218785559119,0.003384883279886901,0.0018857625599117275,0.0013428157649736216,0.0013547808696251853
2026-03-04 06:11:30,0.001531602358539361,0.0002783697113892623,0.0019948277645598428,0.00271449260370332,0.0016160822040619286,0.0007211130650667218
2026-03-04 06:12:00,0.00509251724137931,0.004531793103448276,0.004839310344827586,0.005753103448275862,0.001228344827586207,0.0011627931034482758
2026-03-04 06:12:30,0.0028921761318575225,0.0031631667873521603,0.0036412192683010934,0.0030966863211613392,0.0008147650081031689,0.0008326609427261129
2026-03-04 06:13:00,0.003325712906451501,0.00710330678252474,0.0049091065825316365,0.004545394986379779,0.0021979242095100165,0.0016678390400331022
2026-03-04 06:13:30,0.0047731190952348115,0.006960795807185712,0.0037976691262671543,0.006852217088476657,0.001351286118198745,0.0028184263154265223
2026-03-04 06:14:00,0,0,0,0,0,0
2026-03-04 06:14:30,0.0026325897320966796,0.0008345688377064444,0.0018876323138985625,0.00023787194428162616,0.0014033031065751821,0.0013609281798434645
2026-03-04 06:15:00,0.004489603806765284,0.003941036515982207,0.005047343195062239,0.006114754663632287,0.002967725250853419,0.0026524947415606354
2026-03-04 06:15:30,0.0012485690642024686,0.002016067857389146,0,0.0020371008895938214,0.0011613337011240604,0.0005765464450727537
2026-03-04 06:16:00,0.002333528742370426,0.002998482706300217,0.0021039001344873957,0.0022145591227283696,0.0016901617297148176,0.0010687265078106137
2026-03-04 06:16:30,0.011893325058612606,0.007178354709695214,0.006460936422562404,0.0048824989656599095,0.0034230106192249346,0.003468590539235967
2026-03-04 06:17:00,0.007536328838925479,0.008027380254491534,0.00605407083002862,0.014368116141935927,0.004817235077071623,0.004481671781785579
2026-03-04 06:17:30,0.004368228681769594,0.00667201130995483,0.004424985345332919,0.00455198096617358,0.0011225819799317266,0.0016722871625116376
2026-03-04 06:18:00,0.000039103448275861935,0.0005533103448275861,0.0026077241379310343,0.0005589999999999998,0.0006862413793103449,0.0008597586206896551
2026-03-04 06:18:30,0.004206220046202117,0.006209530048615661,0.006987863324483675,0.00777305795952143,0.003364720890942317,0.0022941764645036723
2026-03-04 06:19:00,0.006133310344827586,0.0032158620689655176,0.008210310344827585,0.0070166551724137926,0.0037858275862068962,0.0033165172413793104
2026-03-04 06:19:30,0.0009088275862068965,0.0010472413793103448,0.0015804137931034478,0.001794,0.0014394482758620692,0.0013264137931034482
2026-03-04 06:20:00,0.0055674631909244515,0.007277059411744423,0.006588393503672288,0.007790662390952037,0.0027599048308679015,0.003119133822971622
2026-03-04 06:20:30,0.006412793103448276,0.005634000000000001,0.00984944827586207,0.010646275862068967,0.0061375862068965515,0.003989827586206897
2026-03-04 06:21:00,0.001085344827586207,0.001858758620689655,0.0013477586206896552,0.0004995862068965515,0.0009065172413793103,0.0015533448275862067
2026-03-04 06:21:30,0.009020379310344828,0.003815413793103448,0.0036677931034482755,0.006734068965517242,0.004052137931034483,0.0034677586206896547
2026-03-04 06:22:00,0.004249715487809083,0.0027670103803841776,0.003549401662240921,0.003260440735248474,0.0026685519191640516,0.0024429078870227953
2026-03-04 06:22:30,0.004165086370375479,0.0032769368685998004,0.0031772920042754203,0.005703134158535325,0.004865427714374376,0.00390356170051374
2026-03-04 06:23:00,0.007942760594462259,0.005008654873969862,0.0022931278231785104,0.004579980000689631,0.0022355780835143614,0.003099651736147029
2026-03-04 06:23:30,0.007833425281015103,0.005996896765740294,0.005954520377904972,0.008178194607268464,0.005693090131715054,0.004045100337907731
2026-03-04 06:24:00,0.0031891444532570075,0.005850615538466843,0.0030359322735266725,0.0045175006034690835,0.004763095279147556,0.004082761474533604
2026-03-04 06:24:30,0.002425798220812358,0.003124715536859527,0.0032627405006551272,0.0028832839114543824,0.0025238604234190747,0.0021425763740431695
2026-03-04 06:25:00,0.008054758620689655,0.0033806206896551724,0.003997965517241379,0.008201655172413794,0.007517310344827585,0.007184793103448276
2026-03-04 06:25:30,0.012544686573339769,0.005065167919453831,0.003462968071167506,0.0030963037031928836,0.003469829666919523,0.0041372663954210055
2026-03-04 06:26:00,0.004810579675161212,0.006855719162729748,0.01966588503051829,0.004448636159867582,0.006704541535915031,0.003137315079830339
2026-03-04 06:26:30,0.004784896551724138,0.00588955172413793,0.002342275862068967,0.005437137931034483,0.003951931034482758,0.004350068965517242
2026-03-04 06:27:00,0.020366297713871936,0.008202751629254164,0.01433922968173511,0.01416816661494431,0.01328661080652391,0.012456742870935485
2026-03-04 06:27:30,0,0,0,0,0,0
2026-03-04 06:28:00,0.012435866491966072,0.014307875318943522,0.011356251293014274,0.013324701744707264,0.006869388318047032,0.00996420936487139
2026-03-04 06:28:30,0.003284871892134211,0.0021181420048967206,0.0023464257388185793,0.005065347080933824,0.0038409945170523115,0.003202075933652884
2026-03-04 06:29:00,0.011027965517241379,0.010425137931034483,0.008669379310344826,0.009598827586206896,0.007843827586206895,0.006434137931034482
2026-03-04 06:29:30,0.005192696299872408,0.009693127349218938,0.00372681816614366,0.0018109589985861579,0.0035734335666747124,0.002456429532052829
2026-03-04 06:30:00,0.0005420631637015583,0.00019966211557026609,0.00016218452627223855,0.0012194180113087847,0.0008691559784857261,0.0007422079713143014
2026-03-04 06:30:30,0,0,0,0,0,0
2026-03-04 06:31:00,0.0036558739353815383,0.0035137753870556187,0.004538464190889969,0.004989000379297265,0.003094376055998069,0.0019938967621806144
2026-03-04 06:31:30,0.0019187987035376873,0.0037806702986000963,0.0050483070133094275,0.003608923522515689,0.0044563478380801325,0.00015726501620577876
2026-03-04 06:32:00,0.009112406040962693,0.009813668022894972,0.005320391697124336,0.003977105027239501,0.00762130197917385,0.006364802427418799
2026-03-04 06:32:30,0.0016527121624883613,0.001892306631263147,0.0023080451050036207,0.0020584158074416358,0.0014934652919066172,0.0013588054760508982
2026-03-04 06:33:00,0.004133547119064859,0.006807351470638943,0.0031301334436743557,0.003447122513016792,0.0012061997862142682,0.0010183786765973586
2026-03-04 06:33:30,0,0,0,0,0,0
2026-03-04 06:34:00,0.010600220682045445,0.0097434571221682,0.0086612530602393,0.008648701768904518,0.003831902348194889,0.003370780317920071
2026-03-04 06:34:30,0,0,0,0,0,0
2026-03-04 06:35:00,0.004046275862068966,0.012680413793103449,0.010918137931034482,0.0069299999999999995,0.0038422758620689653,0.002279896551724138
2026-03-04 06:35:30,0.00142956653677713,0.0019849305148453393,0.002766233318390289,0.0019096865409152035,0.0008938928928583743,0.0006885754681195903
2026-03-04 06:36:00,0.0022495344506517695,0.0012959514449272366,0.0014193392647768813,0.00092640871784261,0.0010335195530726258,0.001426270777294986
2026-03-04 06:36:30,0.001944555547893249,0.0009832425349975864,0.0011966071305427213,0.0005724087993931454,0.0006519895179642783,0.000528618715950624
2026-03-04 06:37:00,0.000053480914451225716,0.0008449018999344851,0.0009184510878935209,0.0005500155167063205,0.00047536291852005104,0.0005183269542429572
2026-03-04 06:37:30,0.005343459071788153,0.0024007654644507275,0.0021192676367147094,0.0019881042686711262,0.0014327287773257017,0.0013180125508585614
2026-03-04 06:38:00,0.0056415640839971035,0.0066273231957518705,0.002712147856970449,0.004019275197406986,0.0026759422088893483,0.0022994034688459015
2026-03-04 06:38:30,0.005156615289127962,0.009138340057239406,0.005031412709906555,0.009503775731871316,0.002723319885521189,0.0026909416916658046
2026-03-04 06:39:00,0.0044555015344298465,0.007925830143788145,0.0031783041964070203,0.007311472018206268,0.0022071997517326986,0.001918589014171925
2026-03-04 06:39:30,0.007999241405468777,0.01145136374607772,0.006996172545774283,0.010671011344436399,0.0013493672631978207,0.0011292714044343298
2026-03-04 06:40:00,0.0014605199641404042,0.0018669746914005932,0.0011846424384525205,0.0015533066685056206,0.0009282463278394594,0.0002834976898144956
2026-03-04 06:40:30,0.0012595862068965516,0.00004110344827586214,0.0008864137931034482,0.0008390344827586206,0.0007391379310344828,0.0006315517241379311
2026-03-04 06:41:00,0.0007315332091868404,0.0008225739706186633,0.0002540864887233602,0.0007645699703427822,0.0005376232843644389,0.00018187461204220983
2026-03-04 06:41:30,0.0012432329919657942,0.001210303092996793,0.0015694286403917105,0.0013972276818040757,0.001671287196993207,0.001174614668459708
2026-03-04 06:42:00,0.0013644576236121649,0.000876387835321702,0.001953141162678436,0.0015743052203296326,0.0017890145507206401,0.0010096545065857528
2026-03-04 06:42:30,0.0010448950036205647,0.000992827833522982,0.000692700251715458,0.0008968656253232646,0.0009473466432191992,0.0006927002517154581
2026-03-04 06:43:00,0,0,0,0,0,0
2026-03-04 06:43:30,0.008424137931034484,0.005873103448275862,0.009588931034482759,0.004750103448275863,0.0027941724137931037,0.002536448275862069
2026-03-04 06:44:00,0.0006348056963552983,0.0032258197993172643,0.00019506223923313018,0.0006995620840660666,0.00004479155891176159,0.0009816558049722422
2026-03-04 06:44:30,0.012505810144477774,0.007823799179338642,0.005687562497844902,0.005490258956587704,0.00738984862590945,0.001814316747698355
2026-03-04 06:45:00,0.004054963621944071,0.004029688631426503,0.003814006413571946,0.0029788972794041585,0.0033276783559187616,0.0019021413054722254
2026-03-04 06:45:30,0.0026484725191366115,0.0022583959726915387,0.0024024894834838977,0.000528342872905317,0.0019831735742362596,0.0010579270395145164
2026-03-04 06:46:00,0.00013513327126650777,0.004575807730767905,0.0034615358091100307,0.0019622426812868523,0.002160580669632082,0.0008754525706010139
2026-03-04 06:46:30,0.0026466795393421142,0.00449534514861044,0.004074132818426316,0.0025819598648369082,0.0021204744500379286,0.001672505344459003
2026-03-04 06:47:00,0.008426537015964965,0.004999413813316781,0.00319340712389228,0.007202130961001343,0.003556842867487328,0.0020653770559635872
2026-03-04 06:47:30,0.002203165408089376,0.002955967035619461,0.0018351091341677873,0.00007485948760387593,0.0014857073894003654,0.00124375021550981
2026-03-04 06:48:00,0.010393007378801463,0.012973691469553825,0.009138231846079582,0.005648782842562582,0.0062916350596510595,0.0031021998482863252
2026-03-04 06:48:30,0.005402468880383435,0.008726664597772488,0.007873314713285747,0.01063190924450881,0.004184303989517602,0.004100548256956656
2026-03-04 06:49:00,0.006474450037928419,0.011526239569684849,0.007724570719260741,0.009997034687262948,0.006542272946693331,0.005816012688780084
2026-03-04 06:49:30,0,0,0,0,0,0
2026-03-04 06:50:00,0.0028800303458739952,0.004876133659781371,0.005045794682575261,0.005528673402531121,0.004229111348667195,0.0034483602882858025
2026-03-04 06:50:30,0.0035496517481552995,0.00565150679263499,0.0015809254534170057,0.002814909316598856,0.001343148748362182,0.002616095441693676
2026-03-04 06:51:00,0,0,0,0,0,0
2026-03-04 06:51:30,0.002452034482758621,0.001909655172413793,0.0020536896551724138,0.0012144827586206895,0.0017627586206896552,0.0015181034482758622
2026-03-04 06:52:00,0.00015536859526929164,0.0010837528446314049,0.0029771395076201644,0.002203951451624026,0.0019098682849458658,0.0017392248810426869
2026-03-04 06:52:30,0,0,0,0,0,0
2026-03-04 06:53:00,0.004414296058756594,0.013853522292334743,0.003390434812592669,0.01054908451432709,0.003051860280679976,0.002886969414847764
2026-03-04 06:53:30,0.00465874685333977,0.002686609883099417,0.0035838132349391353,0.0032986654712231452,0.002485327080244146,0.0019129280320011033
2026-03-04 06:54:00,0.004717477502327346,0.00255770092749026,0.0016474157845740097,0.0020298245009136985,0.0018402923835465301,0.0017189945867668863
2026-03-04 06:54:30,0.0011492310875112063,0.0016817805668574582,0.0020286187159506237,0.00009685538928349766,0.001424556927108475,0.0014303841114405903
2026-03-04 06:55:00,0,0,0,0,0,0
2026-03-04 06:55:30,0.010334965517241378,0.008427172413793102,0.005669827586206896,0.009045103448275861,0.005396620689655173,0.005668068965517242
2026-03-04 06:56:00,0.0006287024585359126,0.0005724630185166029,0.00027468018344195023,0.0011726147374228474,0.0012361297886279783,0.0007314575359470363
2026-03-04 06:56:30,0.006457729968280238,0.007138463660184802,0.006663977382430009,0.0033801889394566268,0.007141359812439663,0.00272455523376086
2026-03-04 06:57:00,0.0023706079100720666,0.002976759422088893,0.0042144753629185195,0.0017510775490500326,0.0025090169304506737,0.0033944346746663905
2026-03-04 06:57:30,0.0008835172413793103,0.0010160344827586207,0.000684655172413793,0.0005729655172413792,0.0006683793103448276,0.0011167241379310344
2026-03-04 06:58:00,0.004809592772663012,0.005468776938726251,0.0035384641908899695,0.005628323161270302,0.005129650701699942,0.0026899762077169753
2026-03-04 06:58:30,0.0035985517241379312,0.0041835862068965515,0.002978103448275862,0.0005698620689655172,0.004606482758620689,0.0014181724137931032
2026-03-04 06:59:00,0,0,0,0,0,0
2026-03-04 06:59:30,0.003811799593117479,0.018817144236405646,0.005809834143650219,0.0023636081514430544,0.007928830040343438,0.0018819006241164102
2026-03-04 07:00:00,0.005580862068965518,0.003095275862068966,0.006332620689655171,0.003348689655172414,0.004781758620689655,0.003000068965517241
2026-03-04 07:00:30,0.0033006689193848704,0.008426177504999655,0.014335149300048273,0.01587404316943659,0.014129956554720366,0.012764464519688299
2026-03-04 07:01:00,0.0028697586206896555,0.002902206896551724,0.002476344827586207,0.00008141379310344834,0.002633448275862069,0.0016452068965517243
2026-03-04 07:01:30,0.0021367194234681564,0.004729181752353367,0.003775800834453985,0.0038350401710285855,0.004114927071480294,0.0026012206475638775
2026-03-04 07:02:00,0.007731068965517241,0.00753148275862069,0.004266482758620689,0.003767758620689655,0.007160620689655173,0.0036891379310344825
2026-03-04 07:02:30,0.0034345022585428086,0.004086617702837833,0.001935140167580428,0.000028343850212061764,0.0031957863521947516,0.0027682148891417535
2026-03-04 07:03:00,0.0022313103448275864,0.004247137931034483,0.004913448275862069,0.003951206896551724,0.002287896551724138,0.00010968965517241343
2026-03-04 07:03:30,0.0038870383779869653,0.003933657460087584,0.00557732491983035,0.00444936381504086,0.0019381055825661185,0.001712906451501672
2026-03-04 07:04:00,0.008011413399537946,0.004565428778317988,0.006968380400675838,0.006333919520016551,0.0019539326230129995,0.002128374883624702
2026-03-04 07:04:30,0.0009318644184683288,0.0002508189372780248,0.0012332678183510914,0.0014762939208992794,0.00018137305610151368,0.0008832109237612494
2026-03-04 07:05:00,0.003997758620689655,0.005208137931034483,0.004945344827586206,0.005528724137931034,0.0006749999999999999,0.0005717241379310346
2026-03-04 07:05:30,0,0,0,0,0,0
2026-03-04 07:06:00,0.004535050515499465,0.004473638840039999,0.004521430295507052,0.006073928485224647,0.0018094203648150063,0.0017641115823592286
2026-03-04 07:06:30,0.004243275862068965,0.0029412068965517244,0.003433689655172414,0.0023442758620689655,0.001107896551724138,0.001001793103448276
2026-03-04 07:07:00,0.0030183793103448274,0.0015106896551724139,0.0033909310344827585,0.002183551724137931,0.006810586206896552,0.0009540344827586207
2026-03-04 07:07:30,0.00342243905802848,0.0006336930662345275,0.000947350274109575,0.0009366272454573667,0.0012554563321035756,0.00059835189463159
2026-03-04 07:08:00,0,0,0,0,0,0
2026-03-04 07:08:30,0.00098168902375944,0.003324252560433118,0.0017037139211696951,0.001523293906686437,0.0019570674850856924,0.0013944963619435151
2026-03-04 07:09:00,0.016077755939450367,0.0069200027585255685,0.011667080445501878,0.006217889038309024,0.0026702527499051763,0.0020686872866452883
2026-03-04 07:09:30,0.004051894762249577,0.0029114858108341087,0.00433916071859591,0.00457729043826075,0.0010139305541188234,0.0008432467845936346
2026-03-04 07:10:00,0.002268680390331368,0.0009595531188579705,0.000613185752215441,0.00044901899934485034,0.000685459122099238,0.00017926968035584972
2026-03-04 07:10:30,0.0023450000000000003,0.001961655172413793,0.0027039655172413786,0.003079551724137931,0.0019946896551724137,0.0024544827586206893
2026-03-04 07:11:00,0.0028371836425074132,0.0034386594027998076,0.0017435694090062756,0.0016560237225018964,0.001602027446383008,0.0019111785394110752
2026-03-04 07:11:30,0.0019856891616952302,0.0005092244560157246,0.0006588503051829372,0.0004581192454912238,0.00045601572468016136,0.0000912790096210214
2026-03-04 07:12:00,0.0006288531825391352,0.0005804082477070548,0.00010044134887249152,0.0001616785049306944,0.000201641266119578,0.000039755878904903156
2026-03-04 07:12:30,0.005415922490776818,0.005344274730200325,0.0033368961831534674,0.0029648657035479093,0.003791262972795918,0.003013067613695135
2026-03-04 07:13:00,0.003339436571152718,0.00031660977207682487,0.0021750284472949206,0.0022050963759870346,0.0018287645253611943,0.0013871245819109684
2026-03-04 07:13:30,0.001342333022999207,0.0038464190889969307,0.003956656667011483,0.004068204544670872,0.001383917795938071,0.0016522533705734283
2026-03-04 07:14:00,0.009563394365711528,0.002789352091307196,0.007865763249543118,0.004891658908313506,0.002436329781731664,0.0034812247853522288
2026-03-04 07:14:30,0.003125211214179799,0.002088658229594124,0.0042660091727300935,0.0020854167385082247,0.0015235008103727712,0.001147418876512983
2026-03-04 07:15:00,0.003735776842976347,0.0027334666574718985,0.0013319426246465765,0.000670091717812564,0.000041859182125370896,0.001874663816288532
2026-03-04 07:15:30,0.007865659804834316,0.006930933416089102,0.009599324161235821,0.00979762766801145,0.004282093720906176,0.0034527774904313645
2026-03-04 07:16:00,0.00545615366047105,0.004026828511327976,0.0038519259284802917,0.004626538846167108,0.004734680506224352,0.005407876133659781
2026-03-04 07:16:30,0.007153700255190012,0.002387199117180495,0.005142354645147941,0.0037158424718946137,0.0015971101455272776,0.0027369818608179875
2026-03-04 07:17:00,0.004345527894627957,0.004681918488380112,0.004100648231156473,0.004621922626025792,0.003014274877594649,0.001514205916833322
2026-03-04 07:17:30,0.005145689655172414,0.002490620689655172,0.0024170344827586206,0.0011056896551724137,0.0016527931034482758,0.0008696206896551724
2026-03-04 07:18:00,0.003022308806289222,0.0023745258947658783,0.0019253844562443973,0.0024908626991241986,0.0017427763602510175,0.001537445693400455
2026-03-04 07:18:30,0.012159166925278438,0.005914692596807007,0.0063351608565221885,0.002667287334919485,0.00399375883590221,0.0026665287403882625
2026-03-04 07:19:00,0.005171166511499604,0.0033376435295334643,0.003189407261818558,0.001798248336264267,0.002199165546015655,0.0011800627564566742
2026-03-04 07:19:30,0.0023600910313437465,0.009458604875693942,0.006595565670149304,0.006045963932278195,0.0032374400882728177,0.0019035205682562666
2026-03-04 07:20:00,0.003473225061204786,0.003136995276024965,0.002636564256404952,0.0021798903486086687,0.001257404917071825,0.0015929105892900247
2026-03-04 07:20:30,0.003684551724137931,0.006937103448275863,0.004060137931034483,0.006107206896551725,0.0037475862068965518,0.003111344827586207
2026-03-04 07:21:00,0.0019232785076376672,0.0007265266714940864,0.000507534222957829,0.00037833178166270123,0.0007631116168407984,0.0003240577911106513
2026-03-04 07:21:30,0.0011762697838005587,0.0024111582359228993,0.0023197475949105206,0.0029601737871107897,0.002433054032619565,0.0016722181993724355
2026-03-04 07:22:00,0.00002451639598634541,0.0010782731629943793,0.0007201475811178924,0.0010184131581669597,0.0006702182683355744,0.0006288059032447154
2026-03-04 07:22:30,0.000024481914416744325,0.0008665218440743422,0.00012434053998138,0.000710561704768801,0.0006028067997655253,0.00043401951656839413
2026-03-04 07:23:00,0.0004993620909623806,0.001943898486259094,0.0014537429743801938,0.000996551843039895,0.0011578221440639975,0.0008876935278093858
2026-03-04 07:23:30,0.004024412951277543,0.00222664735698769,0.006504775697389746,0.006766042550256888,0.006299851729250716,0.002200613771938899
2026-03-04 07:24:00,0.003721285472914727,0.006302782662666803,0.006447501810282402,0.0073983655736009095,0.003616737353884348,0.002336574600875832
2026-03-04 07:24:30,0.003029860009654507,0.002409454520377905,0.00276256809875181,0.0034774153506654712,0.002630404799668989,0.0024354182470174473
2026-03-04 07:25:00,0.003151931034482758,0.005496103448275862,0.0058605517241379305,0.011050620689655174,0.0074779655172413795,0.0050128275862068965
2026-03-04 07:25:30,0.0005037583614923108,0.0008895248603544583,0.0017636025101717123,0.00040335149300048276,0.001491862630163437,0.0013301841252327427
2026-03-04 07:26:00,0.0012825322391559206,0.0055086890559271785,0.005015240328253225,0.004965864423143231,0.006471519205572029,0.0014920350320667543
2026-03-04 07:26:30,0.0051340000000000005,0.0031326206896551724,0.0028671724137931034,0.003451896551724138,0.003577344827586207,0.002641965517241379
2026-03-04 07:27:00,0,0,0,0,0,0
2026-03-04 07:27:30,0.0009078715994897079,0.0028195014308864605,0.0010081715684584357,0.0015371513291728442,0.0022929352135985935,0.001960831638106403
2026-03-04 07:28:00,0.003911586206896552,0.006148862068965517,0.0022445862068965518,0.005368,0.003776758620689655,0.004859344827586207
2026-03-04 07:28:30,0.011864611352507073,0.0038140216566659776,0.01090406234912753,0.007606834954134768,0.0069289606179736545,0.004643320228981311
2026-03-04 07:29:00,0.013354869850025857,0.005274849163937252,0.003489225995518014,0.00620834338907085,0.009085605930012066,0.008339734528529564
2026-03-04 07:29:30,0.0049879655172413795,0.0036465517241379302,0.0020129655172413793,0.005613103448275862,0.00544148275862069,0.0052610689655172415
2026-03-04 07:30:00,0.00324898282877043,0.007000896489897249,0.004703296324391422,0.0052324667264326595,0.003763223225984415,0.0036993655609957933
2026-03-04 07:30:30,0,0,0,0,0,0
2026-03-04 07:31:00,0.003394882935071204,0.003569325195682907,0.0007207337678011102,0.0018025240508947966,0.0027908003172304402,0.002017378711078928
2026-03-04 07:31:30,0.010714463066418375,0.006161528381267673,0.007120215187254293,0.002881164218221946,0.004337092213256086,0.0042025312090488995
2026-03-04 07:32:00,0.0011889934829833455,0.00021113065066721826,0.0034011930623081966,0.0021668907968690736,0.0036960449639667605,0.003656011861659943
2026-03-04 07:32:30,0.0011247500172401907,0.0012879456589200745,0.0016967795324460378,0.0014629335907868424,0.0006872974277636028,0.000972484656230605
2026-03-04 07:33:00,0,0,0,0,0,0
2026-03-04 07:33:30,0.002222593882547674,0.002371840408289941,0.0013898065450532774,0.0010585537432325248,0.001970550708645126,0.001629711369357564
2026-03-04 07:34:00,0.0007885152612519403,0.0009937575444042078,0.0009181927918606654,0.000695602690118986,0.0007594412829798241,0.0016641145025004312
2026-03-04 07:34:30,0.013403999999999998,0.007456241379310345,0.007089448275862069,0.0010836896551724138,0.006964068965517241,0.004420103448275862
2026-03-04 07:35:00,0.007744939829661045,0.008470604461915105,0.00892665770145857,0.005490052067170097,0.003333781593738147,0.0021854073997448356
2026-03-04 07:35:30,0.00628026619771732,0.006569566566670115,0.006480845488086617,0.003705148098341436,0.0019596220819971723,0.0005701872349229337
2026-03-04 07:36:00,0.006759697941450294,0.008120340677907657,0.006767283886762524,0.008870280335160855,0.0040744801903382635,0.003101789593462294
2026-03-04 07:36:30,0.004920382055791179,0.0009248991414089168,0.0031800972380262747,0.0038436950449984475,0.004255060170338954,0.0035781179959311744
2026-03-04 07:37:00,0.0036339655172413794,0.000983,0.0014744827586206895,0.0007514827586206894,0.0005565862068965518,0.0004931724137931034
2026-03-04 07:37:30,0.0015897038033171268,0.0023239543464018478,0.0022878866245991513,0.002059342781283404,0.0018019723457811797,0.0024551222371642354
2026-03-04 07:38:00,0.0056303793103448276,0.0026111379310344825,0.0023134137931034486,0.002024689655172414,0.002009758620689655,0.0016042758620689655
2026-03-04 07:38:30,0.0019628288679700697,0.0023172994034688457,0.0019690010689286572,0.0020228612806454946,0.001412778869694148,0.0017803179200717213
2026-03-04 07:39:00,0,0,0,0,0,0
2026-03-04 07:39:30,0.0033425281015102407,0.0026717122957037446,0.0021894352113647334,0.0015513757671884695,0.0001005103096338184,0.0003946969174539687
2026-03-04 07:40:00,0.007888348677631806,0.008077652494741561,0.007202337850418952,0.007910727216302886,0.002344884659149685,0.003516809765180511
2026-03-04 07:40:30,0.0043710433763188734,0.0035677884283842496,0.005411040617888422,0.004626680918557341,0.002449210399282808,0.0011658161506103027
2026-03-04 07:41:00,0.007396482758620689,0.006631689655172413,0.013178689655172415,0.006076137931034483,0.0023933793103448273,0.0022649999999999997
2026-03-04 07:41:30,0.0023281610978931762,0.0007373194027792146,0.0015061204786041861,0.0017578704182614389,0.0006068066618392469,0.0008509016930450673
2026-03-04 07:42:00,0.0005099824143995033,0.0006764249508637633,0.0010870659632426466,0.0025236715975311195,0.0023782973000931,0.001091479604151581
2026-03-04 07:42:30,0.005575236190607544,0.003519929660023447,0.0015419281428866974,0.00201824012137094,0.002151679194538308,0.0015202399834494174
2026-03-04 07:43:00,0.00042948275862068956,0.00023072413793103445,0.0007542758620689656,0.0012689310344827585,0.0008475172413793103,0.0003793793103448276
2026-03-04 07:43:30,0.00034147098375918075,0.0003513327126650805,0.00017982138546946658,0.0004904313644357091,0.00022368194200199997,0.000028723147477673193
2026-03-04 07:44:00,0.003761939243474363,0.001128099031067894,0.0007059756560118615,0.002799731043757111,0.0019626219785524633,0.0009035550498258679
2026-03-04 07:44:30,0.005225819799317264,0.0021619944139857246,0.0018565221888900381,0.0032578531774766386,0.00030005861866832167,0.000306679080031723
2026-03-04 07:45:00,0.004747931034482759,0.00036020689655172404,0.005515206896551724,0.003751758620689655,0.002179344827586207,0.002258586206896552
2026-03-04 07:45:30,0.007001137891796834,0.008314437433191959,0.005775869797593185,0.00583455742905417,0.002800282748870728,0.0023336436674597427
2026-03-04 07:46:00,0.006246439777938693,0.012079204165373609,0.010372883693665735,0.008090548601772352,0.004052687838350402,0.0037048722457846284
2026-03-04 07:46:30,0.003702251646494949,0.006593565739112445,0.0032587496982862665,0.0029607944553636085,0.004269749318989001,0.003271232026481846
2026-03-04 07:47:00,0.004778153230811668,0.004905489276601614,0.004951313702503276,0.0025748569064202474,0.0027521550237914628,0.00212616371284739
2026-03-04 07:47:30,0.007169270025171545,0.0039231750629288645,0.003725699113823661,0.0036851143064032268,0.0010770318264887418,0.0016397710423778488
2026-03-04 07:48:00,0.003963518499362092,0.001990655494638116,0.000470845832902314,0.0008761422019930346,0.0016278749008654873,0.0013503327471466502
2026-03-04 07:48:30,0,0,0,0,0,0
2026-03-04 07:49:00,0.0004307092858866931,0.003479328299024171,0.002176338746939761,0.002071583738491776,0.0024279507603186096,0.001922278542119237
2026-03-04 07:49:30,0.014957794558808314,0.008658908313506429,0.008199958622116477,0.004488879693803662,0.004823592289921036,0.001815730492051998
2026-03-04 07:50:00,0,0,0,0,0,0
2026-03-04 07:50:30,0.00044329505879107587,0.0033886417709734144,0.0028754180890314127,0.0024155718768318333,0.00356777352505086,0.0024929140374469845
2026-03-04 07:51:00,0.016735147063894347,0.007945312230612737,0.0040972035447053535,0.0051367539050377565,0.007294265714975344,0.00034598806937691804
2026-03-04 07:51:30,0.003378435226371505,0.00549208647977656,0.005715251198234544,0.005969380366194269,0.004381090307230786,0.0032110272059584152
2026-03-04 07:52:00,0.0038251499896558862,0.005345527894627956,0.0033129784152817043,0.0035754775532721886,0.002793290117922902,0.002501344734845873
2026-03-04 07:52:30,0.008856684713265972,0.0024544984309803784,0.006162281457981309,0.005941342804924306,0.005429842408358908,0.005384496017104037
2026-03-04 07:53:00,0.004153098169028654,0.0007932140271025135,0.00030240336540119327,0.001423261266852867,0.0010746181166166682,0.0011789593462294401
2026-03-04 07:53:30,0.006463933521826081,0.004628232535687195,0.003186642300530998,0.0009325218950417216,0.003910178608371837,0.00311623336321633
2026-03-04 07:54:00,0.00020240681355815316,0.0007843522637150438,0.0024678459363470222,0.0006568394193303677,0.0013809868625219819,0.0008013516775283608
2026-03-04 07:54:30,0.006332701193021172,0.005218812495689952,0.003095924419005586,0.003938866285083787,0.003173125991310944,0.0030149644852079166
2026-03-04 07:55:00,0.0031067967860960717,0.0008767543708403738,0.0020476912996999896,0.0011988344425669845,0.0014174971550743125,0.001075830201041415
2026-03-04 07:55:30,0.00032548275862068974,0.00028531034482758634,0.0014382758620689654,0.001789793103448276,0.00032079310344827603,0.0005862413793103449
2026-03-04 07:56:00,0.003923169764474636,0.006706300217248869,0.004981757991654884,0.005561467636815062,0.004363529776888857,0.003951653505293286
2026-03-04 07:56:30,0.002731121991586787,0.0035534790704089374,0.004012688780084131,0.0016474036273360455,0.003097096751948142,0.0021151644714157646
2026-03-04 07:57:00,0,0,0,0,0,0
2026-03-04 07:57:30,0.0047288714182269565,0.01189014171925106,0.0054301230992034755,0.007879555877383539,0.00879314506396331,0.006987310782386814
2026-03-04 07:58:00,0.0013779869659666908,0.0025140857211820283,0.0016265990827902489,0.0016866659770352747,0.002479224854315369,0.0016586669425192235
2026-03-04 07:58:30,0,0,0,0,0,0
2026-03-04 07:59:00,0.0019296945038273223,0.0013946624370733054,0.002855009999310393,0.0015572719122819117,0.00028277360182056365,0.0012010895800289637
2026-03-04 07:59:30,0,0,0,0,0,0
2026-03-04 08:00:00,0.005536931034482758,0.002116448275862069,0.007146034482758619,0.007475344827586207,0.007336413793103448,0.006531068965517241
2026-03-04 08:00:30,0,0,0,0,0,0
2026-03-04 08:01:00,0.008065071209352046,0.01031976964722921,0.00644108417531639,0.00761784889134108,0.006326528500982791,0.004611848684437394
2026-03-04 08:01:30,0.0074115720147581105,0.008588324540533083,0.009167408020413088,0.003369711389262439,0.006115720147581117,0.0052817144236405635
2026-03-04 08:02:00,0.005226551724137931,0.007178413793103448,0.006283586206896552,0.005597862068965517,0.005772413793103448,0.005654
2026-03-04 08:02:30,0.0029930002413709874,0.002961966828730044,0.0020560325506017037,0.001863970207923865,0.0017848694872590603,0.0014427778352470604
2026-03-04 08:03:00,0.001355701920755888,0.004257560605538122,0.002448187868547191,0.002889858270974861,0.0023609089968619603,0.0023889444463602192
2026-03-04 08:03:30,0.0016943659057996002,0.006640473070822703,0.0015800634439004206,0.005502551548169092,0.005253672160540653,0.004247603613543894
2026-03-04 08:04:00,0.00932976999206869,0.007177730266560916,0.007592537673712886,0.002467774750853477,0.008013586675402598,0.003617435083968412
2026-03-04 08:04:30,0.0011301724137931033,0.0009989655172413792,0.0018093103448275864,0.0015360689655172415,0.0019349310344827589,0.0026665862068965514
2026-03-04 08:05:00,0.008125900893134244,0.004852546639539293,0.009075657781302803,0.006539984137384047,0.0018035794337735783,0.0023651160384840853
2026-03-04 08:05:30,0,0,0,0,0,0
2026-03-04 08:06:00,0.0016704255465894201,0.004695530726256983,0.0037704324436168024,0.005759879991723569,0.0013649217187392238,0.00177784674805159
2026-03-04 08:06:30,0.005326574945691527,0.006691665804627426,0.004190752043032998,0.00365594289852074,0.0004703286093582979,0.0010599634495362228
2026-03-04 08:07:00,0.0025853936071169956,0.002533119547601807,0.0026435295334643633,0.002999241405468777,0.0010632047170787216,0.0011919588979690356
2026-03-04 08:07:30,0.0008613103448275862,0.0004066206896551724,0.0004747241379310345,0.0007313793103448275,0.0006064827586206896,0.00029148275862068973
2026-03-04 08:08:00,0.0007939381400641355,0.0002827143891589945,0.0001967863177131823,0.00014944312265094322,0.00026392193372642313,0.0007917658011792696
2026-03-04 08:08:30,0.003873620689655172,0.0010812758620689655,0.0018670689655172414,0.0015264137931034483,0.0009761379310344828,0.0006323103448275862
2026-03-04 08:09:00,0.0006565290852039588,0.0013977104237784905,0.0010498258680735149,0.0012795076031860972,0.0009923106099789664,0.0009746215647736285
2026-03-04 08:09:30,0.005650494810523774,0.003081824764663287,0.004289852074066411,0.005199820695838074,0.002170304472259577,0.001652115444295024
2026-03-04 08:10:00,0,0,0,0,0,0
2026-03-04 08:10:30,0.008127305954967072,0.005367435605668771,0.0011238577980069657,0.008741974414675358,0.0023711940967552844,0.002272611289265887
2026-03-04 08:11:00,0.004872931034482759,0.006011344827586207,0.0031317241379310344,0.003988310344827586,0.002325862068965517,0.0018688275862068964
2026-03-04 08:11:30,0.004688114202958517,0.004603151615461536,0.005328195579462776,0.0019471052722319915,0.0017715596013930552,0.0021702699906899756
2026-03-04 08:12:00,0.002224655172413793,0.0032428275862068966,0.0013567586206896553,0.004189862068965517,0.0015383103448275862,0.0012184827586206898
2026-03-04 08:12:30,0.006345332919554497,0.0018420744112271983,0.0012597496638046967,0.0023012309920347573,0.001441191683045412,0.0014651563739181406
2026-03-04 08:13:00,0.002360332402330954,0.0009124857763525394,0.0014100548256956655,0.0007636978035240162,0.0012120616530464465,0.0009953449881038583
2026-03-04 08:13:30,0.0024270887210785836,0.0012399572428536947,0.0019065204648115585,0.0013464018482121306,0.0015035343608841077,0.0010347229405882556
2026-03-04 08:14:00,0.001850896551724138,0.0013206206896551724,0.0015235862068965517,0.000512,0.0018298275862068966,0.0012851724137931033
2026-03-04 08:14:30,0.00327602496465639,0.0017924209510016894,0.0017133891934760868,0.0007971449260370331,0.0014005379124857763,0.0011217544222613012
2026-03-04 08:15:00,0.007129232466726433,0.008679194538307703,0.00646869181435763,0.006552168815943728,0.0034221433004620375,0.004104992759120062
2026-03-04 08:15:30,0.004922175097410434,0.006460742733009207,0.008041722699217269,0.006506154960173787,0.012817247681114446,0.0017689045205337747
2026-03-04 08:16:00,0.009319321355908823,0.007336425393979102,0.00925931928687196,0.010282733887375425,0.007222869754129451,0.0031670057588192692
2026-03-04 08:16:30,0.004921660575132749,0.005238293910764776,0.00930087580166885,0.005796669195227916,0.002366147162264672,0.0025508240810978556
2026-03-04 08:17:00,0.004512895662368113,0.0020366181642645334,0.0029645541686780224,0.006856630577201572,0.0029601061995724437,0.002453865250672368
2026-03-04 08:17:30,0.0055289492741129,0.0035979516535052923,0.005398737887513362,0.003969964481533845,0.0017857512328011307,0.0020749336184006342
2026-03-04 08:18:00,0.0047923519878624865,0.006181304092962311,0.0014878452467156301,0.0020439640012413366,0.003411158235922899,0.0019298644874314677
2026-03-04 08:18:30,0.004647965517241379,0.0034463103448275864,0.0038402758620689655,0.0041643448275862065,0.0018333448275862068,0.002155034482758621
2026-03-04 08:19:00,0,0,0,0,0,0
2026-03-04 08:19:30,0.0037157586206896555,0.004040413793103448,0.0014164482758620687,0.004719310344827587,0.001885034482758621,0.0021003448275862067
2026-03-04 08:20:00,0.006399193131271335,0.015332885072928518,0.006283645391538222,0.009652253370573427,0.005648115582221302,0.0034796731147201817
2026-03-04 08:20:30,0.008439295196717355,0.005214578807627324,0.00930219647598359,0.00855091203751595,0.00654305023964691,0.0024122961277197336
2026-03-04 08:21:00,0.004014032547234864,0.005429078747758929,0.002099400082747207,0.0035570610950213756,0.0025812646531512893,0.0017293131981795614
2026-03-04 08:21:30,0.005147236302196476,0.001975242233026447,0.006117099410365159,0.008162994379504154,0.0041743388159029,0.005451432709216922
2026-03-04 08:22:00,0.00591535358411199,0.005548770816812054,0.003072854532289763,0.006259421439161466,0.0026524497465779404,0.00373437230631314
2026-03-04 08:22:30,0.001970826580226904,0.0016888168557536466,0.0020281389013414256,0.0017637849581020031,0.0010124142211800403,0.00209303769095486
2026-03-04 08:23:00,0.0010752758620689656,0.003010965517241379,0.0015409310344827586,0.0019432758620689656,0.002303310344827586,0.0015768620689655172
2026-03-04 08:23:30,0.003093024859497294,0.0022352515257042377,0.002323070027238562,0.0023267248215701826,0.0023080370996103852,0.0025291176774816402
2026-03-04 08:24:00,0,0,0,0,0,0
2026-03-04 08:24:30,0.0023464933452865323,0.005066685056203021,0.003547445003792842,0.0021423694917591892,0.002995965795462382,0.0026986759533825255
2026-03-04 08:25:00,0.008235906630348585,0.0074511602248043315,0.0028498086404854677,0.0026207978484984315,0.005020859911043686,0.004140088956314864
2026-03-04 08:25:30,0.007441310344827585,0.006425137931034482,0.005125241379310344,0.004325793103448276,0.0015064482758620687,0.003514758620689655
2026-03-04 08:26:00,0.0043334827431645,0.0060006551046443484,0.003196841706030411,0.002457814708823226,0.0029410405820087583,0.0027604385753197944
2026-03-04 08:26:30,0.0026260215869512737,0.0032037311631435564,0.0023452188006482977,0.0010835546053312183,0.0015964688437532326,0.0012315941929032033
2026-03-04 08:27:00,0.0019457260094479503,0.0026303575738767637,0.002934691907175615,0.0032419571738905553,0.002792558877280094,0.006670701010309989
2026-03-04 08:27:30,0.002722423364711561,0.009838971069963103,0.00607434226405986,0.006437191820971691,0.006005896348401778,0.0030777904210199645
2026-03-04 08:28:00,0.0018703103448275862,0.0017284482758620691,0.0070240344827586215,0.001149448275862069,0.0018473103448275864,0.0006082068965517239
2026-03-04 08:28:30,0.0008794524326747356,0.000898382814385711,0.0005427743870901003,0.0008978311092720942,0.0014389503810213443,0.0011153063687459057
2026-03-04 08:29:00,0.002407192855418778,0.002215682217854556,0.001755422226819765,0.0019371056170476876,0.0015618426950794796,0.0017654218820040684
2026-03-04 08:29:30,0.009547253732372515,0.00991414681239872,0.004146950315484605,0.007978381546736546,0.004881874288866671,0.008725131882908665
2026-03-04 08:30:00,0.007743017722915662,0.0067784635542376395,0.003923832839114544,0.003935728570443418,0.003941486794014206,0.002335942348803531
2026-03-04 08:30:30,0.0035611337149162123,0.002446555409971726,0.002966416109233846,0.002772119164195573,0.004618267705675472,0.005088097372594994
2026-03-04 08:31:00,0.006934485017758009,0.004032860935829799,0.005569532085100515,0.005281197200096548,0.005102789558980725,0.004710251370642392
2026-03-04 08:31:30,0.012279645529464499,0.004263335747043205,0.008684321230302404,0.01393003689527947,0.009701596496672528,0.006879521395813937
2026-03-04 08:32:00,0.004681642645334805,0.004275946486449211,0.0009698986276808496,0.0035624439693814217,0.0035722363974898283,0.003274705192745328
2026-03-04 08:32:30,0.007934795351884417,0.006555704975690493,0.011719630357573875,0.006446812178890383,0.00861911658218682,0.007678838660735836
2026-03-04 08:33:00,0.0023937795248439716,0.0025922554394676046,0.0022165787386641844,0.0025012240957208373,0.002772387159063481,0.002435778076618048
2026-03-04 08:33:30,0.004837246991483052,0.003469707941105479,0.002747629392089928,0.003692148546601841,0.0033797800075859447,0.0037398020757904893
2026-03-04 08:34:00,0.01071929522101924,0.004651403351493001,0.00513143921108889,0.005510240673057031,0.007102096407144336,0.006220467553961796
2026-03-04 08:34:30,0.0058902720783475275,0.005316493672195592,0.007295355012241801,0.008423876685402943,0.004808407186454705,0.008232835615021207
2026-03-04 08:35:00,0,0,0,0,0,0
2026-03-04 08:35:30,0.0010056549774145717,0.001010896175993931,0.0017654563635736698,0.0017492500258611769,0.0014781559256577357,0.0022570601013758144
2026-03-04 08:36:00,0.0035626508516654024,0.003944245224467279,0.005619508999379354,0.004718329770360664,0.016114061099234536,0.0033245293428039446
2026-03-04 08:36:30,0.004054722250956863,0.01235753939519327,0.004228267990758938,0.010034412606461844,0.0011222371642357158,0.001146477707665253
2026-03-04 08:37:00,0.004782559222095789,0.0018042826109444495,0.0063816420123444005,0.004874073307816971,0.002147960415158098,0.0016683907451467187
2026-03-04 08:37:30,0.004070310344827586,0.0036167931034482756,0.003564758620689655,0.0036624827586206896,0.0015191724137931034,0.0011261379310344827
2026-03-04 08:38:00,0,0,0,0,0,0
2026-03-04 08:38:30,0.004010103448275862,0.0020906551724137936,0.0017734137931034479,0.0011448275862068963,0.0008108275862068967,0.0009695172413793102
2026-03-04 08:39:00,0,0,0,0,0,0
2026-03-04 08:39:30,0.0004251034482758621,0.00035979310344827595,0.00033106896551724136,0.0010639310344827586,0.0002507586206896552,0.0002587931034482759
2026-03-04 08:40:00,0.00213851724137931,0.0012030689655172415,0.0007023103448275863,0.00020737931034482766,0.0007519310344827586,0.0005820689655172414
2026-03-04 08:40:30,0.002460708251439605,0.0022601289610703072,0.0018032481638564184,0.00008889348643150237,0.0009646563911589255,0.0016187372849212095
2026-03-04 08:41:00,0.0029874137931034483,0.007670862068965517,0.004758896551724139,0.008934103448275863,0.0008612758620689655,0.015831517241379312
2026-03-04 08:41:30,0.0044039310344827585,0.010076586206896552,0.0008161379310344826,0.0038168965517241383,0.001938206896551724,0.0028757241379310343
2026-03-04 08:42:00,0.011729561049618975,0.022090927899037962,0.006610392745077754,0.011597220785490154,0.0030913761594427774,0.0019804144684666043
2026-03-04 08:42:30,0,0,0,0,0,0
2026-03-04 08:43:00,0.0001439950346539779,0.003785076376676667,0.001672838867625254,0.0003861246163925382,0.0006394607082514396,0.0006170821695803592
2026-03-04 08:43:30,0.0010690321023412981,0.002842833005758422,0.0009706906658391092,0.004179407606634254,0.0031269956208406597,0.0010993069204510188
2026-03-04 08:44:00,0.005030067928692113,0.0032348884521223404,0.0038306954932588524,0.0045987379745526,0.0030807213544360537,0.0030894107099755175
2026-03-04 08:44:30,0.0012962171109348595,0.0009364116004000136,0.0007224042208352011,0.0009050656919204109,0.0005760543467016103,0.0004599468947205075
2026-03-04 08:45:00,0,0,0,0,0,0
2026-03-04 08:45:30,0.0015169465227735065,0.0007517153397924354,0.0017599558666344865,0.0019661759128366037,0.0016845153949591426,0.0013537909871392617
2026-03-04 08:46:00,0.0022366388524929317,0.00423277704985863,0.006921695055513414,0.007361319908971795,0.002157540859251086,0.0020543755603061858
2026-03-04 08:46:30,0.00963560812441808,0.0054947411979723425,0.006157039897927513,0.010426945756750232,0.0035439497913721156,0.002592503189765164
2026-03-04 08:47:00,0.0039156522638711675,0.011499603434601192,0.002249456877823373,0.0072955619159281344,0.006137246111934894,0.0033492879064795328
2026-03-04 08:47:30,0.0014327390599675844,0.003519811027966481,0.0036785061553846676,0.0012584916721266254,0.002533259767578192,0.0009485499499982758
2026-03-04 08:48:00,0.004086686665977036,0.0028794869142443366,0.004456880797213888,0.00475397400089652,0.0029185890141719246,0.0017512154753284367
2026-03-04 08:48:30,0.004470845832902313,0.00460001379262784,0.004673114720182062,0.003298300058618668,0.0032525085341884763,0.004336091858901416
2026-03-04 08:49:00,0.007859004861901314,0.0028065583945381194,0.0020796524257784216,0.0026625633598841426,0.0048927278369711395,0.0036740112409916906
2026-03-04 08:49:30,0.003328862068965517,0.001764206896551724,0.0010077586206896554,0.0013839310344827584,0.0008236206896551724,0.0007099655172413794
2026-03-04 08:50:00,0,0.00012685769456225655,0.0015046722526809422,0.001884245370849281,0.00039874487086652194,0.0010639288300403435
2026-03-04 08:50:30,0.0018017378111854355,0.0001645403765257568,0.0016981932280532377,0.0006525412040548927,0.000466071305427212,0.001283014964485208
2026-03-04 08:51:00,0.011060825488776252,0.012511223750905142,0.004502120616530466,0.009708665218440745,0.004307610082410951,0.006771869935519465
2026-03-04 08:51:30,0.009825827586206896,0.009342827586206897,0.009098034482758621,0.01844662068965517,0.0028518965517241378,0.0028771379310344827
2026-03-04 08:52:00,0.008823103448275861,0.004077379310344828,0.006557448275862069,0.0034601379310344833,0.005265000000000001,0.004339896551724138
2026-03-04 08:52:30,0.003862448275862069,0.0032012758620689656,0.005342655172413792,0.004091379310344827,0.0012743103448275858,0.0032698965517241377
2026-03-04 08:53:00,0.0047399400020688934,0.002573566428743836,0.0037462501293058855,0.004876452536119443,0.002725147408710044,0.003381469604496396
2026-03-04 08:53:30,0.0054587772835419475,0.0020575842212337504,0.0026224612944381227,0.002013344367435606,0.0013880211027205958,0.0018581773042308884
2026-03-04 08:54:00,0.001439571049274163,0.0033797800075859455,0.0012063721940622739,0.002563049550015517,0.00035212578876590476,0.0018702113720216545
2026-03-04 08:54:30,0.0013065889735544602,0.0013264489880357206,0.0003961659138709789,0.0038143295521152983,0.0012297003758231907,0.0009144226459331796
2026-03-04 08:55:00,0.0024113528985757146,0.0016869676173397246,0.0010208297410076905,0.0027045211573611064,0.0023307928406386866,0.0003022381625685416
2026-03-04 08:55:30,0.0015694286403917105,0.0003914692596807007,0.0006340471018240746,0.0016500465501189613,0.0003495741526154273,0.000544119168304541
2026-03-04 08:56:00,0.0023888486603910204,0.00484507430778249,0.002111720285507397,0.005031550636184958,0.0004571221682010966,0.000505361884072963
2026-03-04 08:56:30,0.009075175006034691,0.006385496051587984,0.005080761405565708,0.007497086106417462,0.003293182523535294,0.005930652781130383
2026-03-04 08:57:00,0.001474448275862069,0.004364551724137931,0.0032071034482758624,0.0024268965517241377,0.0022122758620689653,0.001524896551724138
2026-03-04 08:57:30,0.005920830316195993,0.007099824143995034,0.007385021206165306,0.004473121616495984,0.004090479638633151,0.001767732147167339
2026-03-04 08:58:00,0.008770808909730364,0.004392214330046205,0.004457037445693401,0.005002241224743122,0.00407306392662575,0.003930039307633957
2026-03-04 08:58:30,0.0017002620508930419,0.000803323908695952,0.0011177160195848562,0.0029219364181780573,0.0017901868836631956,0.0018793186676780915
2026-03-04 08:59:00,0.0034420537222854385,0.0038545567394227785,0.0004442950243095064,0.0021334781559256577,0.0029138305575669805,0.0023969518292472677
2026-03-04 08:59:30,0.0031136128542859115,0.003695124474174195,0.0018530446176125784,0.001539031790910972,0.0027637404316943662,0.0020082408109785535
2026-03-04 09:00:00,0.0034395214123163925,0.0031580580649610375,0.0039114543824563825,0.0031340252396386457,0.00405503068753879,0.0023015998896627815
2026-03-04 09:00:30,0,0,0,0,0,0
2026-03-04 09:01:00,0.002747267524049236,0.0006596903768575664,0.0007843326552425614,0.00016181084715374282,0.0008393269661759129,0.0004408164672620076
2026-03-04 09:01:30,0.008396158753146444,0.009273507810075514,0.00782041998551774,0.005489500362056481,0.005776180131719596,0.008559877245612219
2026-03-04 09:02:00,0.002318896551724138,0.004452241379310345,0.0032198620689655173,0.0047687931034482755,0.003134310344827586,0.002644655172413793
2026-03-04 09:02:30,0.02191768681678678,0.012143901513845303,0.006770819683437359,0.00700858650298286,0.012172005931239007,0.006804993275630193
2026-03-04 09:03:00,0.01023737931034483,0.0060130689655172416,0.004977620689655173,0.005607965517241379,0.004028034482758621,0.002362655172413793
2026-03-04 09:03:30,0.0058422068965517234,0.009160999999999999,0.011096,0.007780724137931035,0.007294000000000001,0.005832241379310345
2026-03-04 09:04:00,0.0036462312943934903,0.012451658506309912,0.005963554237638784,0.008393800427556719,0.004476277498103579,0.007426143024618992
2026-03-04 09:04:30,0.0028726250818937272,0.00028705906692872655,0.003502844729492086,0.002262404744663977,0.00031140305506706655,0.003321437191820971
2026-03-04 09:05:00,0.0022049929312782323,0.004956484259163478,0.004019206234267784,0.002603979173131961,0.004881038584876383,0.0038616254611909934
2026-03-04 09:05:30,0.004300013792152266,0.002264809323494932,0.0016582649472450175,0.00012516378180815098,0.001911695745121026,0.0016576787807737396
2026-03-04 09:06:00,0,0,0,0,0,0
2026-03-04 09:06:30,0.002205854970518258,0.0005050515499465535,0.0009804144684666045,0.0005659804834316058,0.00027905934278128324,0.0002390262404744664
2026-03-04 09:07:00,0.0031381331678218,0.003484052274059515,0.0011691665804627427,0.003036791834764319,0.001029343815730492,0.0013101617185614291
2026-03-04 09:07:30,0.003311403055067066,0.00814909830695493,0.009627771456156684,0.007469673459535877,0.001919313127133547,0.002303679183476432
2026-03-04 09:08:00,0.008625715467898767,0.00927260188952486,0.01993117716019585,0.005676815392041928,0.002637231915040342,0.00226905041031653
2026-03-04 09:08:30,0.0017194386013310802,0.0016431601089692742,0.0007191972136970239,0.0006862995275699159,0.0022240077244042892,0.0010396910238284077
2026-03-04 09:09:00,0.0034954656735974613,0.003448122478535223,0.0028693493327816284,0.002930692045101893,0.002104410192751974,0.0022258887624564665
2026-03-04 09:09:30,0,0,0,0,0,0
2026-03-04 09:10:00,0.0011679252439571052,0.000666873556084273,0.0002731285128099032,0.0005407054929140377,0.0004899141408916934,0.0006582876452536122
2026-03-04 09:10:30,0.005252724137931034,0.0021804137931034483,0.0015943103448275862,0.0014498620689655172,0.001396448275862069,0.0010965172413793104
2026-03-04 09:11:00,0.0019283128167994206,0.001258784179855867,0.00048715561532360947,0.001396158753146443,0.0012041653736078062,0.0009517602841281333
2026-03-04 09:11:30,0,0,0,0,0,0
2026-03-04 09:12:00,0.005017896551724139,0.010311655172413794,0.006343103448275862,0.006671655172413794,0.003417241379310345,0.0012464137931034482
2026-03-04 09:12:30,0.003002379146265775,0.0006359906213364597,0.003829356596096821,0.0014111440590304114,0.0000913040479966898,0.00021984690710985448
2026-03-04 09:13:00,0.003937898693148511,0.005498775904279162,0.004022619909658287,0.003914796041515809,0.001035102237853867,0.002184959139340023
2026-03-04 09:13:30,0.0002498620689655173,0.00130351724137931,0.0012642758620689655,0.0009251034482758622,0.001570448275862069,0.0010164827586206897
2026-03-04 09:14:00,0.002403551724137931,0.004011620689655172,0.00010758620689655117,0.000858,0.00010393103448275872,0.0012899655172413792
2026-03-04 09:14:30,0.002850906834011448,0.00706271981242673,0.006329425556858149,0.008235432039169712,0.002615026549893111,0.0011562995655472034
2026-03-04 09:15:00,0.0017314827586206896,0.00037237931034482747,0.0026173793103448275,0.0029691724137931035,0.0019177241379310344,0.002204275862068965
2026-03-04 09:15:30,0.0021475415488586996,0.002726398179435901,0.0022041928142886697,0.001856354734156265,0.0013693883180470312,0.0011666436797462246
2026-03-04 09:16:00,0.0012266128754180891,0.0007323540567566636,0.0005251198234543637,0.000983724699148305,0.0002985759111754767,0.0004398813834005723
2026-03-04 09:16:30,0.0023619530361022032,0.00087862487500431,0.0013741250301713731,0.0019661735802213717,0.0013886417709734144,0.0012220613082307506
2026-03-04 09:17:00,0.0045067581546100275,0.007267050548238053,0.006223743190124819,0.007197986345769258,0.002394214192124681,0.0014347976001655059
2026-03-04 09:17:30,0,0,0,0,0,0
2026-03-04 09:18:00,0.004029861039274507,0.008359263473673322,0.006881004103306782,0.007245888072825075,0.007338953829178303,0.0022149236233233336
2026-03-04 09:18:30,0,0,0,0,0,0
2026-03-04 09:19:00,0.0035376021516499425,0.0025773249198303505,0.0057879728285231535,0.002395296713906417,0.0005958070411365123,0.0021778559360022065
2026-03-04 09:19:30,0.005272705330666851,0.006936590579960003,0.006441693676298186,0.006422522584649334,0.004246948486311289,0.0027531549548307013
2026-03-04 09:20:00,0.009687642231570237,0.010397972553616993,0.00862381904696228,0.013186021653679058,0.004138714571408868,0.003923936280256534
2026-03-04 09:20:30,0.004295231198924175,0.005568635564290887,0.0046142891624426745,0.0032804041239957245,0.003028171442364057,0.0042220268266611495
2026-03-04 09:21:00,0.0034920864797765598,0.0026604599841384777,0.008847143201958552,0.001957070445846695,0.001630495500155167,0.0016334609151408572
2026-03-04 09:21:30,0.006712743948693194,0.00547010550996483,0.005696538169781395,0.007788428384249363,0.0038287704296255435,0.003319977932556376
2026-03-04 09:22:00,0.0050609999999999995,0.008161689655172413,0.008292448275862068,0.005236103448275862,0.0023862758620689655,0.0018547931034482755
2026-03-04 09:22:30,0.007470878306148487,0.005159867581640746,0.013957584744301525,0.01674826718162695,0.002551743163557364,0.0034873616331597634
2026-03-04 09:23:00,0.00782992516983344,0.003948722369736887,0.0034374978447532668,0.004293803234594295,0.0018019931721783508,0.0012606296768854096
2026-03-04 09:23:30,0.0018697931034482758,0.0038647586206896544,0.004246103448275862,0.0035896206896551723,0.002125965517241379,0.0018727241379310343
2026-03-04 09:24:00,0,0,0,0,0,0
2026-03-04 09:24:30,0.002269119371077857,0.0010273429418660783,0.0008908351148196676,0.00015105854768636656,0.003069960692366044,0.0005152058478725606
2026-03-04 09:25:00,0.00409548275862069,0.005114344827586207,0.006705551724137931,0.0033088620689655174,0.0038316896551724134,0.003364448275862069
2026-03-04 09:25:30,0.003363608151443053,0.0020223440571014786,0.003574911209958277,0.002888072825074997,0.002246784593634702,0.0014346746663908142
2026-03-04 09:26:00,0.003520293803234594,0.004792199731025208,0.0038677885444325655,0.0030342425600882786,0.004312459050312079,0.0030517604055312246
2026-03-04 09:26:30,0.0006393131744991899,0.002394510912664207,0.0012966934455056376,0.0010738199496603802,0.001334310243767886,0.001083646519325587
2026-03-04 09:27:00,0.0030559980690321024,0.0027325954277438707,0.00485597048377642,0.0033060239302093023,0.002135684976380125,0.005055825661184097
2026-03-04 09:27:30,0.01185948275862069,0.004708310344827586,0.0069891379310344824,0.005397137931034484,0.0035123103448275864,0.005419241379310344
2026-03-04 09:28:00,0.001956206896551724,0.010510413793103449,0.007269931034482759,0.00899348275862069,0.007173896551724137,0.006722103448275863
2026-03-04 09:28:30,0.0017524653472174331,0.004506585752706711,0.002407661540583408,0.0015943728018757328,0.0033014619681401283,0.003368836631956417
2026-03-04 09:29:00,0.006727062717649899,0.005712512498707031,0.006671447781264008,0.0026113850291349175,0.003204668482570769,0.004145295314277834
2026-03-04 09:29:30,0.0045265172413793105,0.0028669999999999998,0.0024324482758620687,0.004344896551724138,0.0022579310344827586,0.0022964827586206896
2026-03-04 09:30:00,0.003259887590083101,0.0012085790145167407,0.0012677493879521397,0.0003899175890486535,0.0020515154649839665,0.001838212475431882
2026-03-04 09:30:30,0,0,0,0,0,0
2026-03-04 09:31:00,0.0020888275862068965,0.0022221724137931036,0.002442344827586207,0.0036433448275862063,0.0007660344827586206,0.0010881379310344822
2026-03-04 09:31:30,0.003227053306668506,0.006220502034342459,0.004704192814288671,0.00638042203985932,0.005288738707675333,0.004205537549134542
2026-03-04 09:32:00,0.007805551724137931,0.002869965517241379,0.0034579310344827587,0.0069395517241379314,0.009747344827586208,0.0019367241379310348
2026-03-04 09:32:30,0.0032801779126297283,0.0036201772230458925,0.0025795262559045623,0.00333548253628935,0.0033925111195393584,0.00016832741440540627
2026-03-04 09:33:00,0.014040202737647832,0.00613129676240389,0.00993352411819467,0.010193014515739753,0.00902158397407165,0.003508705995931456
2026-03-04 09:33:30,0.0020120685493603668,0.003463570221716492,0.002302506810109996,0.0034158822109582425,0.00320461363401262,0.0027670080342057164
2026-03-04 09:34:00,0,0,0,0,0,0
2026-03-04 09:34:30,0.002612461639253819,0.004001862004758457,0.00425261197889728,0.001927036998724182,0.0046547015620151035,0.0035808420399296575
2026-03-04 09:35:00,0.008566945967380434,0.007602703355056721,0.006883314368470052,0.005228474880176546,0.007433985034998793,0.003554222268197648
2026-03-04 09:35:30,0.0069467967726363706,0.0073146679539342115,0.005418591821253706,0.0052359492448796644,0.006002586028549755,0.002492483277015379
2026-03-04 09:36:00,0.0006888727974897417,0.0032736457363539196,0.003009275542222682,0.0016577014585703945,0.0030351712009930695,0.0026920795834626397
2026-03-04 09:36:30,0.009514913278852455,0.010604979138650394,0.01151774076755974,0.010634529843798491,0.011593220923416435,0.010999172442329574
2026-03-04 09:37:00,0.0034459002827391216,0.0033469760706158194,0.0033809392455692714,0.000865595476174057,0.002653058409764844,0.00306961588855941
2026-03-04 09:37:30,0.0022584827586206897,0.0023099655172413797,0.0017026206896551726,0.002245413793103448,0.00227451724137931,0.002637689655172414
2026-03-04 09:38:00,0,0,0,0,0,0
2026-03-04 09:38:30,0.0009321057894555361,0.002052205096375987,0.002774145719113134,0.0007373538843488156,0.0006256335988414192,0.0013929174856039449
2026-03-04 09:39:00,0.006193241379310344,0.008872241379310345,0.007895689655172414,0.006964068965517241,0.0030286551724137928,0.0022407931034482756
2026-03-04 09:39:30,0.004846586206896551,0.005967896551724137,0.006268931034482758,0.006929758620689655,0.001519448275862069,0.0015096896551724138
2026-03-04 09:40:00,0.0029820351022378537,0.0017487328023171613,0.0036419778628323154,0.0009796903555049823,0.0016246681148925895,0.0011270301024102615
2026-03-04 09:40:30,0.0018129719664839144,0.001271645805317058,0.0010614806385986692,0.0034874314678804185,0.002781042033033344,0.0010396538050412055
2026-03-04 09:41:00,0.0023994137931034483,0.0021687931034482756,0.002368344827586207,0.005246103448275863,0.0015678275862068968,0.0008685862068965517
2026-03-04 09:41:30,0.004635680297910489,0.0013028411833666644,0.0030026894696917454,0.0014004551410247569,0.0014712433625267223,0.001798082890835115
2026-03-04 09:42:00,0.0015595517241379312,0.00036413793103448275,0.0005328620689655173,0.0003996551724137931,0.0002091379310344828,0.00020517241379310345
2026-03-04 09:42:30,0.0016897241379310345,0.0017151724137931033,0.002201241379310345,0.0016007241379310346,0.001707448275862069,0.0016287586206896552
2026-03-04 09:43:00,0,0,0,0,0,0
2026-03-04 09:43:30,0.006030688596944932,0.008004689493465741,0.00781979931726492,0.006412158201441328,0.003951725802558532,0.002790076204268818
2026-03-04 09:44:00,0.003610806523912969,0.004082307506637703,0.003998310403089549,0.003837591807179063,0.0016763904692941624,0.0016784938450398264
2026-03-04 09:44:30,0.00945541686780222,0.009143817667747052,0.007055927177436039,0.005809564857596028,0.001598338045652024,0.0018402868767671194
2026-03-04 09:45:00,0.0029508654575546517,0.004466312668091855,0.003091821253706641,0.003285394110750983,0.002836528515274809,0.0021555754775532724
2026-03-04 09:45:30,0.0012331298920726871,0.0007206303230923072,0.00042636460811696156,0.0010693079548981072,0.0003108168683838489,0.0003218164890865833
2026-03-04 09:46:00,0.0029033481604082614,0.00011975449122444054,0.00019109685872900926,0.00018523499189683113,0.002696355298093169,0.00006468742457156649
2026-03-04 09:46:30,0,0.0000026206896551724026,0,0,0,0
2026-03-04 09:47:00,0.0012271645805317056,0.0024059515189131407,0.0020839281404089515,0.001783731595462225,0.0021148925899106925,0.0016314265025343952
2026-03-04 09:47:30,0.007197889727940414,0.00219047619047619,0.006487810765146029,0.0030248612116823555,0.0011290645150167234,0.001110823764697769
2026-03-04 09:48:00,0,0,0,0,0,0
2026-03-04 09:48:30,0.007550053450118967,0.005380047587847857,0.003840304838097865,0.0031219697230938995,0.0018763405634677054,0.002051863857374392
2026-03-04 09:49:00,0.010202848079442798,0.009327460175160335,0.013613061168195297,0.01572422591545411,0.0023862147438107714,0.0022689469691745397
2026-03-04 09:49:30,0.010543532981621322,0.007866383917795938,0.013067618357987655,0.01730164477086997,0.004943070928588669,0.003821799248301782
2026-03-04 09:50:00,0,0,0,0,0,0
2026-03-04 09:50:30,0.0056100824109513465,0.0020489983104030897,0.005793869176924935,0.004588186614254682,0.003744215716699425,0.004521982000620669
2026-03-04 09:51:00,0.000615896551724138,0.005778896551724138,0.005028448275862068,0.002847206896551724,0.0017754827586206894,0.0015793448275862067
2026-03-04 09:51:30,0.0027941450294817413,0.003291507189407262,0.0019201406848039725,0.0006485293610565149,0.0015847729388641769,0.0007985586703906761
2026-03-04 09:52:00,0.00264770180338609,0.002503810213440916,0.0026315644288128,0.002133650563773663,0.00110361711665115,0.0013855729112789217
2026-03-04 09:52:30,0.006627426640460674,0.007836281507534223,0.008477845591531327,0.0034426054273990554,0.004991138236612531,0.004111961656494604
2026-03-04 09:53:00,0.00036060825488776226,0.003762077169752767,0.004291058929002447,0.0001663735733250576,0.0022099237957311814,0.0013991586497017344
2026-03-04 09:53:30,0.004979242095100169,0.008274231923037138,0.007593220923416434,0.008574083652287852,0.0037328712803006794,0.0029951725802558533
2026-03-04 09:54:00,0.0011276162890934795,0.0029403468845901875,0.003084169511396159,0.0027086997000103446,0.0019871728561084104,0.0002960587565946001
2026-03-04 09:54:30,0.004201986069926212,0.004202296393352183,0.0034643128060133786,0.0036621612302599822,0.0029554858285635475,0.0036394041790221367
2026-03-04 09:55:00,0.007795117578098062,0,0.0003392524653472175,0.003358285635473416,0.0010762361216467829,0.0010700296531273704
2026-03-04 09:55:30,0.011143403903179092,0.006847458795945107,0.0024496931246120956,0.007635542376387835,0.003225812012964623,0.003985863043928005
2026-03-04 09:56:00,0.0018249025895658768,0.002308334195372573,0.0022750594807075613,0.0008224199165546013,0.0011150305161890968,0.00008103168856246328
2026-03-04 09:56:30,0.005678390400331022,0.0041377883521257885,0.005709044515706354,0.005570463087479742,0.0031849936209096237,0.0026819764835695316
2026-03-04 09:57:00,0.0056914350734432115,0.005251672298462175,0.004737811185435487,0.00418605613405972,0.0032817047100199993,0.0034306254741052343
2026-03-04 09:57:30,0.02020436521619199,0.001055858216674712,0.000562030204813461,0.0031489897248465626,0.00161461278532515,0.001671815736845735
2026-03-04 09:58:00,0.009891486500465499,0.00845170856177373,0.010669976897348365,0.011702975759456568,0.007235681528223164,0.003974828454191235
2026-03-04 09:58:30,0.0027057931034482757,0.007866103448275862,0.00704,0.003827758620689655,0.002637724137931035,0.0013412758620689658
2026-03-04 09:59:00,0.0016560808247991447,0.004233336781490293,0.0017365263266783898,0.001971035481535119,0.0024420192407158376,0.0021356849763801244
2026-03-04 09:59:30,0.00435204468657334,0.0037739811047513964,0.0038839735190676506,0.002303530790979933,0.0020532377077442936,0.002036549203503207
2026-03-04 10:00:00,0.010715408750818884,0.005637451298141573,0.006613626176602422,0.009077543702375616,0.008748888046064203,0.006196600351687757
2026-03-04 10:00:30,0.0031889030656229523,0.0033510810717610946,0.002220352425945722,0.0021379357908893407,0.0010612434911548673,0.001789165143625642
2026-03-04 10:01:00,0,0,0,0,0,0
2026-03-04 10:01:30,0.0043796979518653896,0.004004516929866906,0.002303979035928557,0.002890800634439004,0.0028389076615405835,0.0032742569477967032
2026-03-04 10:02:00,0.003201765578123383,0.0038314079795855023,0.0028659608952032825,0.0015626745749853445,0.004045311907307148,0.0017189213421152452
2026-03-04 10:02:30,0.0042468880383435045,0.005453915382228199,0.00261580635150512,0.0004831902348194888,0.0038740043446777693,0.0028025585324643974
2026-03-04 10:03:00,0.0024080689655172414,0.0030903793103448274,0.0018371724137931037,0.0032839999999999996,0.004115206896551724,0.0026138275862068964
2026-03-04 10:03:30,0.008115202924037102,0.0061731319609668635,0.005363504706734251,0.0022844729492086484,0.0068080755836005665,0.005722871625116375
2026-03-04 10:04:00,0.0007336298748319024,0.0013545394986379778,0.002595703596427709,0.0029546222544050197,0.0018214544326057719,0.001672769904486052
2026-03-04 10:04:30,0.001223885229506501,0.002455598855053971,0.0006770010690761116,0.00024657723212746205,0.001005724730144498,0.0005588164292857881
2026-03-04 10:05:00,0.015198917316047167,0.022876732639128337,0.02221715743741811,0.0017189159368319429,0.020757120198606996,0.020997207089166265
2026-03-04 10:05:30,0.006618379310344829,0.007059379310344828,0.009321655172413791,0.006896310344827586,0.008817241379310345,0.005006965517241381
2026-03-04 10:06:00,0.010821604661586734,0.007912078060890254,0.006807502672137366,0.007871427093748924,0.0055720442712822804,0.005533634451608455
2026-03-04 10:06:30,0.003398862068965517,0.0036012413793103447,0.005854068965517241,0.005997344827586207,0.004912068965517241,0.004337551724137931
2026-03-04 10:07:00,0,0,0,0,0,0
2026-03-04 10:07:30,0.01302358620689655,0.005687448275862068,0.006163827586206897,0.006177379310344828,0.005524,0.008136724137931034
2026-03-04 10:08:00,0.0022133103448275858,0.000992,0.0009858275862068965,0.0014418965517241378,0.001101,0.0010896551724137932
2026-03-04 10:08:30,0.00529722088131853,0.0036491276463692162,0.003924108682159851,0.007279049720708916,0.00149320736500931,0.0015286187159506241
2026-03-04 10:09:00,0,0,0,0,0,0
2026-03-04 10:09:30,0.003816413793103448,0.006576620689655172,0.005230206896551725,0.006655344827586206,0.001159241379310345,0.0008404827586206896
2026-03-04 10:10:00,0.009504655172413792,0.007423241379310343,0.0029018965517241375,0.011738862068965517,0.00807903448275862,0.0015794827586206896
2026-03-04 10:10:30,0,0,0,0,0,0
2026-03-04 10:11:00,0.010606488983898219,0.008282039788987347,0.004972761438471883,0.010569596248663932,0.0022131503637554738,0.0024717787815053617
2026-03-04 10:11:30,0.002644103448275862,0.00379551724137931,0.0022932758620689657,0.002974586206896552,0.0008877586206896552,0.0006459655172413793
2026-03-04 10:12:00,0.001175320645428217,0.00341008136808716,0.004013894635222727,0.000912322438284374,0.001105226865259964,0.00132847193490553
2026-03-04 10:12:30,0.0015509275222398452,0.001090890283428729,0.0007236397489828288,0.0020563754223846633,0.0009432797738087029,0.000344700365492035
2026-03-04 10:13:00,0.0018724181924761215,0.0009910347919037273,0.0005887383193682975,0.0004064342608875555,0.0005422571635460845,0.00042467501120651007
2026-03-04 10:13:30,0.013630978242129582,0.01468573497465605,0.012493914002965416,0.009140995138098688,0.002225854280886866,0.002165649460363436
2026-03-04 10:14:00,0.003495276187849114,0.005888421488173229,0.0029230397903592864,0.0036311978484242467,0.0006193710778566997,0.001349734501068892
2026-03-04 10:14:30,0.003775731871314783,0.003237715940829627,0.0031478569704492944,0.002161442708872108,0.0013708147994896727,0.0013188165925312923
2026-03-04 10:15:00,0.0012291566098889732,0.0020118612509482103,0.0009357975312047444,0.001208502861871595,0.0011538859389007654,0.0007689469691745396
2026-03-04 10:15:30,0,0,0,0,0,0
2026-03-04 10:16:00,0.0009505913181395028,0.0013515153604799503,0.00151673964762266,0.0015919732441471574,0.0016310726476571392,0.0006975485294624694
2026-03-04 10:16:30,0.0014890521016516674,0.0010759628978311093,0.0012076135305679114,0.00045874280197234584,0.0009378986931485122,0.000616806317023551
2026-03-04 10:17:00,0.0012808717541984203,0.0010415186730576916,0.0005867788544432567,0.00046570571399013754,0.0009019276526776784,0.0008328563053898409
2026-03-04 10:17:30,0.000023963038306382142,0.0008157776781712238,0.0007140640623383789,0.00016643105885598037,0.0009045271178843569,0.00046712409061131616
2026-03-04 10:18:00,0.0009520033101165436,0.0006983656299565547,0.0006616440245500311,0.0004027998069098682,0.00022794979656575405,0.0000014136956071995417
2026-03-04 10:18:30,0.0029749655172413795,0.0024390344827586205,0.003784068965517242,0.005298724137931034,0.0012367586206896552,0.0016827931034482757
2026-03-04 10:19:00,0.008573118168339023,0.004720526878383504,0.007877349056929071,0.005930795489810696,0.003709768628667976,0.0018889348643150235
2026-03-04 10:19:30,0.010692631288576258,0.0034667425261197893,0.007000793076100824,0.004164511568566601,0.004259715182235096,0.002193855384297093
2026-03-04 10:20:00,0.0015702217164925345,0.002604910175511189,0.00102006827350781,0.00024002620599289707,0.0020829626564601218,0.001611978897279404
2026-03-04 10:20:30,0,0,0,0,0,0
2026-03-04 10:21:00,0.01358808316954588,0.007368090755491191,0.009715596013930555,0.007124168132133376,0.003983000586186684,0.002478224888796938
2026-03-04 10:21:30,0.003839942072960486,0.00928284256258189,0.006992241914350735,0.005497034687262947,0.005205123784566583,0.0025138266326460244
2026-03-04 10:22:00,0,0,0,0,0,0
2026-03-04 10:22:30,0.0037756896551724138,0.0031262413793103445,0.004277310344827586,0.006549103448275862,0.0031540344827586204,0.0018731034482758618
2026-03-04 10:23:00,0.0021784766042550253,0.00904375711182373,0.002642977828350746,0.0018392124409503123,0.004023895727733526,0.0030265163270232058
2026-03-04 10:23:30,0.005103265179464194,0.002936351411922905,0.003231872564907079,0.002948177774712961,0.0020153432403544466,0.001462434920525463
2026-03-04 10:24:00,0.004420379310344827,0.0022663793103448278,0.005509862068965516,0.0029921034482758625,0.002944655172413793,0.001377551724137931
2026-03-04 10:24:30,0.012967137931034484,0.0032275862068965513,0.004405758620689656,0.004805620689655173,0.0020534827586206894,0.002052793103448276
2026-03-04 10:25:00,0.0041504034204537625,0.006433901110268257,0.0025984759671746774,0.00688183573546652,0.0036638507689124885,0.0027137783601130956
2026-03-04 10:25:30,0.0014948105237750423,0.002287196993207131,0.0032700596531154104,0.002068307989379677,0.0013814351229267958,0.0016425985310851352
2026-03-04 10:26:00,0.005037586206896551,0.012743931034482757,0.010945172413793102,0.009881448275862069,0.007295758620689655,0.00641251724137931
2026-03-04 10:26:30,0.014244301920623429,0.011158891072721631,0.01234767766628737,0.014958622116478743,0.01054467087341816,0.00894107099755181
2026-03-04 10:27:00,0,0,0,0,0,0
2026-03-04 10:27:30,0.0028382870146886423,0.006193193572857045,0.0020365147231225433,0.004656747810495828,0.003616371284738984,0.003248224260395835
2026-03-04 10:28:00,0.0009369589957581819,0.0011532227471807428,0.0002867538021174603,0.0017535262268510534,0.0018395696106493775,0.0011740869745146048
2026-03-04 10:28:30,0,0,0,0,0,0
2026-03-04 10:29:00,0,0,0,0,0,0
2026-03-04 10:29:30,0.0021711783164936717,0.005991654884651194,0.006341011759026173,0.005381495913652194,0.0026901962136625397,0.0019229283768405804
2026-03-04 10:30:00,0.0029119026274050065,0.0017001930901317148,0.000006309909661402752,0.0030726846424384527,0.00026232673608716654,0.00011154403144610723
2026-03-04 10:30:30,0,0.005631758620689656,0.0030649310344827586,0.006206103448275863,0.002299103448275862,0.0014360344827586205
2026-03-04 10:31:00,0.006775731871314783,0.003432743698493156,0.007959760008275578,0.007116961484086755,0.005183304023999172,0.0049456570463087485
2026-03-04 10:31:30,0.005480103448275861,0.0026668620689655168,0.003143655172413793,0.0025921724137931037,0.002289862068965517,0.0030612413793103446
2026-03-04 10:32:00,0.007231371332023033,0.01056091169270025,0.017050239646908726,0.010564256404951552,0.0073740905486017715,0.004100272404399847
2026-03-04 10:32:30,0,0,0,0,0,0
2026-03-04 10:33:00,0.0063435625129301424,0.007595993379766912,0.01004306599544859,0.007121750224122474,0.005566340252396386,0.005772567409144198
2026-03-04 10:33:30,0.004696355298093169,0.009927450777559393,0.007034343643322643,0.008447881107548015,0.006375159477259404,0.004351677528361091
2026-03-04 10:34:00,0,0,0,0,0,0
2026-03-04 10:34:30,0.0015169821730285154,0.002803558497982828,0.0008660391020999275,0.0033583669528636935,0.007784490189993447,0.003554153305058446
2026-03-04 10:35:00,0.01264054203158403,0.012666919522791533,0.016920350320667542,0.011699710364802428,0.005679091097165713,0.00806930556513344
2026-03-04 10:35:30,0.003105724137931034,0.0006868965517241379,0.003489241379310344,0.004659137931034483,0.0053897931034482755,0.004050275862068966
2026-03-04 10:36:00,0.005037584910865143,0.002892727836971139,0.0035419123478500746,0.0033166097720768255,0.00326050825833592,0.0020076893900210337
2026-03-04 10:36:30,0.0068812109927243875,0.008016378745560496,0.0043277128374883626,0.005132754042964035,0.0032761284093651933,0.002890831350643081
2026-03-04 10:37:00,0.003481362711630633,0.004314299506913554,0.002790696872521637,0.00238191786490121,0.003457811799593117,0.0012789903796420813
2026-03-04 10:37:30,0.0029362758620689656,0.004296931034482758,0.007947862068965517,0.005072103448275862,0.006788310344827586,0.0040436551724137935
2026-03-04 10:38:00,0.0042645770835488435,0.007122961277197339,0.004652391296851833,0.0027302506810109994,0.005525223268163168,0.0021174097444915697
2026-03-04 10:38:30,0.0006951484431571324,0.003893314023654357,0.003654460191027895,0.0022721285472914726,0.002969587255611875,0.0017137340091720973
2026-03-04 10:39:00,0.0014207731301079346,0.0003922893892892858,0.0005026725059484809,0.0009283768405807095,0.0013459084796027445,0.0015672264560846923
2026-03-04 10:39:30,0.005044065926487829,0.0030537893938349077,0.0025210330322046753,0.0015428246327839463,0.002144921039928281,0.0015309633818357355
2026-03-04 10:40:00,0.001525464639150374,0.005714492603703321,0.0049167270094134675,0.001773283679873107,0.001541808903141271,0.00257829040377918
2026-03-04 10:40:30,0,0,0,0,0,0
2026-03-04 10:41:00,0.006789352091307197,0.007252060273783663,0.007788869349332783,0.006449708630736872,0.0012732664390883073,0.0008105237750422401
2026-03-04 10:41:30,0.00701606896551724,0.011164206896551723,0.010244448275862069,0.007005034482758621,0.0034398620689655175,0.002256689655172414
2026-03-04 10:42:00,0.0031747301631090724,0.0006456429532052828,0.0018876512983206316,0.0014091865236732298,0.0006405393289423773,0.0007606469188592709
2026-03-04 10:42:30,0,0,0,0,0,0
2026-03-04 10:43:00,0,0,0,0,0,0
2026-03-04 10:43:30,0,0,0,0,0,0
2026-03-04 10:44:00,0.005357746284610877,0.007743836419433814,0.004163649529326575,0.0025514982241991654,0.0011237888348677634,0.0008157994551912005
2026-03-04 10:44:30,0.004122758620689655,0.006235551724137931,0.007439103448275862,0.003711862068965517,0.0019121379310344828,0.0017175862068965517
2026-03-04 10:45:00,0.0008677976621495807,0.0036810454811903037,0.00009789317609737622,0.0030462742664046066,0.0005624288817626978,0.0006287024585359123
2026-03-04 10:45:30,0.008357091134788457,0.007303472294058826,0.004285472914727079,0.008088962449570705,0.0023533671252715426,0.00160459984138478
2026-03-04 10:46:00,0.006758085649265568,0.00482508102889456,0.005395558926970554,0.004517309151093028,0.0011037169850355148,0.0011345079649679333
2026-03-04 10:46:30,0.0033530466567812675,0.0009356874374978449,0.0011328666505741576,0.004173454257043346,0.001605227766474706,0.001914341873857719
2026-03-04 10:47:00,0.007259257982208125,0.007089717950486175,0.005896731259913111,0.0062468795255499615,0.0035896489897248468,0.00317602234328667
2026-03-04 10:47:30,0.003724561222026827,0.0024570187234922935,0.0014389503810213443,0.0022618185579807593,0.0017359401399951726,0.0010992034757422158
2026-03-04 10:48:00,0.0027227872978657377,0.004517015481157123,0.0019120780608902527,0.0037689549356963075,0.001222011516050064,0.0013491018170534086
2026-03-04 10:48:30,0,0,0,0,0,0
2026-03-04 10:49:00,0.016144709168017104,0.0014600558562907285,0.004806847567493019,0.014443023135537705,0.005413819260076545,0.0032079784849843125
2026-03-04 10:49:30,0.003846315644288128,0.0033630219647598353,0.0076503913658149715,0.004243060584117789,0.001129409330712734,0.0009424847419054514
2026-03-04 10:50:00,0,0,0,0,0,0
2026-03-04 10:50:30,0,0,0,0,0,0
2026-03-04 10:51:00,0,0,0,0,0,0
2026-03-04 10:51:30,0.01242636460811696,0.008530223095755319,0.008150339643460569,0.012630840315851176,0.0036692183028171435,0.0033174718113168507
2026-03-04 10:52:00,0.009442655172413793,0.0055843793103448275,0.0030910689655172414,0.020267827586206898,0.0017086206896551723,0.002721172413793104
2026-03-04 10:52:30,0.00681976483569532,0.006388641770973414,0.00392896796662184,0.010036550463777112,0.003606668735560842,0.003688045239819316
2026-03-04 10:53:00,0.0009394524515550654,0.0011868836631956418,0.0004111785394110751,0.0004332804634163159,0.0003412178470450314,0.00027256740914419696
2026-03-04 10:53:30,0.001585428088686597,0.0016700458604875696,0.002138029723112996,0.0019518637288369366,0.0012268887279748976,0.0013800213785731526
2026-03-04 10:54:00,0.0031448275862068966,0.0038550344827586206,0.004400931034482758,0.005678241379310345,0.004214862068965517,0.0017548620689655172
2026-03-04 10:54:30,0.013380271006447609,0.004966141433644796,0.015446160741992211,0.011469710029996897,0.011815881115746649,0.009807571630520982
2026-03-04 10:55:00,0.007482121306161855,0.004856556670459639,0.007036102203372297,0.006048032826454259,0.002628530050687907,0.0023365401193062305
2026-03-04 10:55:30,0.0003062864236697817,0.0019652056967481633,0.0017694748094761888,0.0026674368081657986,0.0018791337632332143,0.0016622297320597259
2026-03-04 10:56:00,0.00351480983414365,0.006194200199993102,0.006753008516947692,0.004603324023309541,0.0035941864073652627,0.0027893520913071963
2026-03-04 10:56:30,0,0,0,0,0,0
2026-03-04 10:57:00,0.011645691824983624,0.007607075130158951,0.008597662310795435,0.007453056580353757,0.009683860290314797,0.0063170016894804
2026-03-04 10:57:30,0.004771180304127444,0.0022388538326264616,0.005100548256956656,0.005880073100927553,0.00363225406020482,0.0035142581290300333
2026-03-04 10:58:00,0,0,0,0,0,0
2026-03-04 10:58:30,0.00022531034482758613,0.004513896551724138,0.0033755172413793104,0.0029936551724137933,0.004653103448275862,0.0024288275862068965
2026-03-04 10:59:00,0.0007123892279576565,0.0012567152856798036,0.001133616082204062,0.0011733733319540705,0.0010038964173649184,0.00014692596807006644
2026-03-04 10:59:30,0.0070159649667252836,0.017135788421088927,0.015969966552877485,0.018632702320609634,0.01128030067928692,0.006464777076652529
2026-03-04 11:00:00,0.004233758620689655,0.006254103448275862,0.0049685862068965525,0.005681724137931034,0.0039239999999999995,0.003738586206896552
2026-03-04 11:00:30,0.005723777670505483,0.014853285980277223,0.007704020412385354,0.014256465071374388,0.006212364664505896,0.004724984483828702
2026-03-04 11:01:00,0,0,0,0,0,0
2026-03-04 11:01:30,0.008030963381835737,0.009229880697882905,0.006359009723467347,0.009022343286669886,0.0076584718295289985,0.008261671608854562
2026-03-04 11:02:00,0.0041976619883444255,0.0035090520362771123,0.005884064967757508,0.003085416738508224,0.005506534708093381,0.004235628814786716
2026-03-04 11:02:30,0,0,0,0,0,0
2026-03-04 11:03:00,0.009249793103448275,0.009928689655172414,0.009474551724137931,0.005687206896551724,0.004311344827586207,0.004171758620689655
2026-03-04 11:03:30,0.0034645012240957208,0.0034596393227819735,0.0016729423123340575,0.0032581290300334473,0.0030514809834143656,0.0025492569221750973
2026-03-04 11:04:00,0.0031481966760913047,0.00026511964692090207,0.00045476174056961586,0.00001782635680297875,0.0006710916488518032,0.0004100406868491828
2026-03-04 11:04:30,0,0.0055294117647058825,0.004736259568305635,0.002642369491759189,0.0008823184607958072,0.002463485276877457
2026-03-04 11:05:00,0.0038289714147788003,0.007818178683493672,0.007168856246336332,0.004139236578049032,0.006457535947036308,0.002604186062549567
2026-03-04 11:05:30,0.004040793103448276,0.002750724137931034,0.004154689655172414,0.0029493793103448278,0.004055586206896552,0.0040553793103448275
2026-03-04 11:06:00,0.0041286162546119096,0.0071672700941346834,0.0033676080135167747,0.0034312609910003094,0.0014077790421019964,0.0029565532223026795
2026-03-04 11:06:30,0.004628978311092722,0.006627323195751871,0.008622530257577326,0.005573187131478225,0.0037565256370469986,0.00730785145339816
2026-03-04 11:07:00,0.006246370814799489,0.0065170856177373185,0.006374883624702596,0.00964018482121306,0.007349918968311436,0.006001103410227233
2026-03-04 11:07:30,0.0029479637228869955,0.004075243973930135,0.003339839304803613,0.0011766957481292458,0.0032670781751094865,0.006151453498396495
2026-03-04 11:08:00,0.0006851832695424296,0.0011439950346539775,0.0006060825488776253,0.0025826695631185133,0.0028043860556532536,0.0024311575462915075
2026-03-04 11:08:30,0.003388254767405772,0.001824545673988758,0.0029751715576399186,0.000549881030380358,0.0026147453360460702,0.002251594882582158
2026-03-04 11:09:00,0,0,0,0,0,0
2026-03-04 11:09:30,0.004911626784359699,0.007661333701124061,0.0049133163230122056,0.004954106613337011,0.0035032756361630234,0.005239328322184677
2026-03-04 11:10:00,0.0024874323345860775,0.002047167534392994,0.0001800503396200395,0.0003200013791676725,0.00045257387166844815,0.000304554701237803
2026-03-04 11:10:30,0.008380068965517242,0.01098748275862069,0.0032049310344827585,0.008168724137931033,0.0030515517241379306,0.0015543103448275863
2026-03-04 11:11:00,0.0008743404944998103,0.00038546156764026316,0.00021293837718542016,0.001628711334873616,0.0011612814234973619,0.0013603227697506807
2026-03-04 11:11:30,0.008616832741440542,0.006290176878253974,0.009136434161983243,0.009980657173395855,0.0021897389925180154,0.0026356583801675692
2026-03-04 11:12:00,0.0010324126754249854,0.0011368918313161614,0.0005332229923106098,0.0010131374780179992,0.00027219751043067473,0.0002664735698769008
2026-03-04 11:12:30,0.004158925554291231,0.0007427330092065788,0.00014851212027171468,0.001416813213337471,0.0014743284714320193,0.0014545015689114166
2026-03-04 11:13:00,0.007155379310344827,0.003182448275862069,0.002703965517241379,0.0012435172413793102,0.0008051034482758621,0.0017930689655172413
2026-03-04 11:13:30,0.0021142719216578738,0.0008347988000413777,0.000009689321057894554,0.000753491258922106,0.0006682528188683149,0.00045326023240577906
2026-03-04 11:14:00,0.0044002137783601125,0.00449655196193366,0.0017659471760568235,0.003499275912006069,0.0022667057444314184,0.0026649886214743816
2026-03-04 11:14:30,0.005991034173592192,0.005161109003758749,0.005984378771681781,0.004517604055312252,0.0013535983999448254,0.00318045449843098
2026-03-04 11:15:00,0.011104303151506793,0.01195965795462382,0.014424143162540514,0.009560616509206261,0.0030515136887111238,0.0030857527067098822
2026-03-04 11:15:30,0.000013930073788014195,0.014812771532997726,0.00007982208123577677,0.0020631335769946903,0.0013579063512861183,0.0006490242052272257
2026-03-04 11:16:00,0.001482155787731458,0.006918589014171926,0.0028364883969518293,0.004738112478880039,0.003279473121616496,0.0020117237336643567
2026-03-04 11:16:30,0.0014548494983277593,0.001717580939902769,0.0005749750025859394,0.0013954763300348242,0.0014387477157535428,0.000901148157087198
2026-03-04 11:17:00,0.0007744638300806841,0.0012956347838080132,0.0013105303082546031,0.001360630301358527,0.0010724432797738087,0.000671919177987725
2026-03-04 11:17:30,0.00033331034482758626,0.00020499999999999997,0.0009641034482758622,0.0006889310344827586,0.00047717241379310345,0.0003890344827586207
2026-03-04 11:18:00,0,0,0,0,0,0
2026-03-04 11:18:30,0.003923307700265526,0.0015217421290389323,0.002671712817683368,0.0018835821924893955,0.0015922273181833856,0.0018110279664816024
2026-03-04 11:19:00,0,0,0,0,0,0
2026-03-04 11:19:30,0.004401420836638272,0.015572990309342347,0.008407283512087457,0.007303203779701349,0.005377901162189192,0.002637376280304859
2026-03-04 11:20:00,0.0013822444406136878,0.0015257369419065683,0.0024340630925702464,0.001503154628512325,0.0021093259782796066,0.0019323909670746421
2026-03-04 11:20:30,0.007669528636943552,0.006218475224992241,0.006421088927968,0.006677424916382193,0.0012695769111409952,0.0032769904486052203
2026-03-04 11:21:00,0.007742595082928175,0.005772731974759491,0.009116858039377954,0.006703182648874177,0.0032070618254542954,0.0016707354918795905
2026-03-04 11:21:30,0.0061570743818752365,0.0032053174247387837,0.0059124452567329904,0.005476292285940894,0.002890685885720197,0.0029808269250663814
2026-03-04 11:22:00,0.002802668781463348,0.0009626232673608716,0.000906040962692228,0.0004224191435073445,0.0013123922488104268,0.0011099579339355905
2026-03-04 11:22:30,0,0,0,0,0,0
2026-03-04 11:23:00,0.008485085692610089,0.0095017759233077,0.007626331942480775,0.003481568329942411,0.004523466326425048,0.004060519328252698
2026-03-04 11:23:30,0.014165339126237023,0.009220578600737906,0.013406744595013962,0.006347194924312954,0.006516223578497292,0.006734147098375917
2026-03-04 11:24:00,0.0011983311495758916,0.0030335494103854907,0,0.0026776084407971867,0.00019329701399903456,0.0010648920764085236
2026-03-04 11:24:30,0.0006109789317609732,0.000668597634564325,0.0026971138926243916,0.0009350367228716251,0.0005609806558394537,0.0005285679804144684
2026-03-04 11:25:00,0.014633322988862451,0.006725733595393262,0.007597565601186166,0.00759346229440364,0.00290558946243233,0.003538774525016378
2026-03-04 11:25:30,0.007581083410916865,0.002935553946415641,0.00465294300196545,0.004351022378538672,0.0021696838040067587,0.0023733319540705494
2026-03-04 11:26:00,0.00035666505758223595,0.0008268050479277292,0.001474139714502448,0.0004833459761395769,0.0012160195848562169,0.0009294531411626784
2026-03-04 11:26:30,0.012478656644369354,0.010787980139300738,0.00816457485690642,0.011241672988069789,0.00969760706158196,0.005255120336528515
2026-03-04 11:27:00,0.0005362413793103447,0.0036280689655172416,0.0001850000000000003,0.002064,0.0026421724137931034,0.0021407931034482758
2026-03-04 11:27:30,0.005035618233225295,0.004344769326253362,0.005765636852630853,0.003270119302117096,0.004430556513343908,0.0014654161781946073
2026-03-04 11:28:00,0.0018702413793103448,0.004037586206896551,0.0014454482758620689,0.002094103448275862,0.0012640344827586207,0.0009625172413793104
2026-03-04 11:28:30,0.002914451225819799,0.0013942277852487842,0.002670907899727595,0.0017788352125788765,0.0016332540257232506,0.001000793076100824
2026-03-04 11:29:00,0.0037834557429054175,0.003114375366366678,0.0024570876866314953,0.004541360642736457,0.0033683321264783976,0.0029707941105479117
2026-03-04 11:29:30,0.0030904420384801055,0.0004082132266740223,0.00458947658782153,0.003402592924625888,0.004487173298393214,0.001664712778429074
2026-03-04 11:30:00,0.008204199855177407,0.008661390986517706,0.009781800627564565,0.007789558980724801,0.007341677873176786,0.006836005654977414
2026-03-04 11:30:30,0,0,0,0,0,0
2026-03-04 11:31:00,0.004066862068965517,0.006537758620689655,0.00492544827586207,0.004605827586206896,0.0040458275862068965,0.0009146206896551726
2026-03-04 11:31:30,0.002609185890141719,0.0005895658770387228,0.0005276024964656388,0.0020975483604013653,0.0014035722906106686,0.00104868797627668
2026-03-04 11:32:00,0.009898617193696333,0.0069085140866926445,0.006338253043208385,0.00552350081037277,0.005526328494086003,0.0032841822131797643
2026-03-04 11:32:30,0.003015723053582512,0.0012217088476656785,0.0006542652230880627,0.0016827460175160335,0.00022315702365354134,0.001396351975725812
2026-03-04 11:33:00,0.0005558084203992968,0.0014121926830109306,0.00037602151649943094,0.002352677493879521,0.0006022550946519083,0.0013772973345746696
2026-03-04 11:33:30,0.006108923522515688,0.009440486862974967,0.0056526101648162195,0.005964761050962003,0.00704772084683815,0.0060069650368940065
2026-03-04 11:34:00,0.0024655677781992478,0.003017655781233835,0.0011245905031207972,0.0022908376150901754,0.0017082313183213213,0.0015007069209283077
2026-03-04 11:34:30,0.0027221321932213915,0.0038772885563562393,0.0006652760059304208,0.003388787366824122,0.0022949005275316346,0.001924214736406579
2026-03-04 11:35:00,0,0,0,0,0,0
2026-03-04 11:35:30,0.006871586206896552,0.008965620689655172,0.00673893103448276,0.008564275862068964,0.004741241379310345,0.0062806896551724145
2026-03-04 11:36:00,0.005141339953794696,0.006791593393331264,0.0046245646701837855,0.0053500913761594425,0.0030659977242164065,0.0029693458846246678
2026-03-04 11:36:30,0.004180937273699092,0.0021320045518810993,0.0027714403944963614,0.004270043794613606,0.010415772957688195,0.008450015517776473
2026-03-04 11:37:00,0.006978347067544738,0.010034548150191362,0.00865675964555391,0.006011309174912941,0.008305002930731305,0.008152811778091922
2026-03-04 11:37:30,0,0,0,0,0,0
2026-03-04 11:38:00,0,0,0,0,0,0
2026-03-04 11:38:30,0,0,0,0,0,0
2026-03-04 11:39:00,0.001353574014689149,0.0061217544222613015,0.002558118685562567,0.003855660149650012,0.0031933036791834766,0.001964415020171718
2026-03-04 11:39:30,0.0011297586206896546,0.0004332068965517243,0.0017126206896551721,0.0008455862068965518,0.0015688275862068967,0.0014473793103448277
2026-03-04 11:40:00,0.003437122857832489,0.003254405020516534,0.002901382710941002,0.0026515982207510093,0.002601910278955898,0.0029554498120754457
2026-03-04 11:40:30,0.00158623543203917,0.0007320874422453625,0.00589035238949038,0.002346665747189849,0.0019778635956140956,0.0005457554651403352
2026-03-04 11:41:00,0,0,0,0,0,0
2026-03-04 11:41:30,0.004021963245181534,0.003886115229459022,0.007960762679722788,0.003764024411267801,0.0010094817777471297,0.0006647588180533049
2026-03-04 11:42:00,0.0029022136404385905,0.0005125508585614786,0.0002701537824977591,0.0007631887456037513,0.0010343769395214123,0.0006277498103579064
2026-03-04 11:42:30,0.0031964070204475704,0.002724733629874831,0.00600362056480811,0.005447329402434398,0.0006658735905658424,0.0005734285024654321
2026-03-04 11:43:00,0.0032279842769464173,0.0035163781808151165,0.004805323770774429,0.0037331218536652646,0.0006538859389007655,0.000828425625818909
2026-03-04 11:43:30,0.0044085031550636184,0.004144546739767595,0.005083341953725734,0.002403675735319472,0.001596082893693321,0.0017159063480569636
2026-03-04 11:44:00,0.0011781317885590152,0.0009682769559670356,0.0003378159373814696,0.0007689390021033757,0.0005081548912106478,0.0004340884797075963
2026-03-04 11:44:30,0.005302058549705182,0.0016134960863418502,0.0007461122030274816,0.0018553153339540016,0.0024168821764766727,0.0009759318644184682
2026-03-04 11:45:00,0.0036697241379310347,0.001018,0.000560551724137931,0.0017655517241379308,0.0009040000000000001,0.0005081379310344827
2026-03-04 11:45:30,0.00422075100858591,0.003669666563221957,0.0062928519706217005,0.004364056411847867,0.0019843108858315227,0.0018977276645632908
2026-03-04 11:46:00,0.0028870038964173643,0.007373159546222543,0.005013068514878797,0.006814696044963966,0.0016155304989483121,0.0017459053136098751
2026-03-04 11:46:30,0,0,0,0,0,0
2026-03-04 11:47:00,0.0025373633573571495,0.007657884754646711,0.0066845753301837995,0.007876478499258594,0.0025978137177144036,0.0007806476085382253
2026-03-04 11:47:30,0.004876310344827587,0.005256,0.004204137931034482,0.005028379310344827,0.002009379310344828,0.0021385172413793106
2026-03-04 11:48:00,0,0,0,0,0,0
2026-03-04 11:48:30,0.00007237431901248155,0.00311309564857596,0.005862561202675678,0.0028686987104337633,0.0015103096338183574,0.001256465071374388
2026-03-04 11:49:00,0.0017795669264188676,0.000776946417488449,0.0027395352044686573,0.0031317495345148613,0.0015566857458106339,0.0016992621198538033
2026-03-04 11:49:30,0,0,0,0,0,0
2026-03-04 11:50:00,0,0,0,0,0,0
2026-03-04 11:50:30,0.006055825661184098,0.017731905796351848,0.009215889107272163,0.007859797938002138,0.0046654942933002305,0.005109341057204924
2026-03-04 11:51:00,0.0027902341460050344,0.0002166281595917099,0.0040297251629366525,0.00347298182695955,0.0005897444739473773,0.00016521259353770805
2026-03-04 11:51:30,0.004005827586206896,0.005138034482758621,0.0045479310344827585,0.0034294482758620687,0.0019060344827586209,0.002622965517241379
2026-03-04 11:52:00,0.009375875030173453,0.009136832304562225,0.005330942446291251,0.008182626987137486,0.002597227490603124,0.002498258560640022
2026-03-04 11:52:30,0.00045683056340941995,0.002761188883525274,0.0015313771464036962,0.0014667264326598168,0.001479725536169919,0.0006735397558789051
2026-03-04 11:53:00,0.002893589876211165,0.006583704010206545,0.005137340091720976,0.003327264577083549,0.0023474707768697633,0.0022141650287921103
2026-03-04 11:53:30,0.00041762068965517255,0.0023451379310344828,0.0012396896551724137,0.002187413793103448,0.0014831034482758621,0.001423034482758621
2026-03-04 11:54:00,0.0009244853625737043,0.0029682079928278335,0.002343332988517637,0.002200096548394883,0.0017798696596669078,0.001465397744905348
2026-03-04 11:54:30,0.003212820247577669,0.0017795593255404984,0.00035071204441226156,0.00047929381745457034,0.0006528050756870454,0.0003540912382331643
2026-03-04 11:55:00,0.002317047100199986,0.0007109164885180332,0.0018046686435418246,0.001531170264119716,0.0008976277498103579,0.0008665954072132956
2026-03-04 11:55:30,0.003798455225681873,0.004276024964656391,0.0012619220026895625,0.004924864659839315,0.002264059860004827,0.0020204475707734215
2026-03-04 11:56:00,0.008955691183062652,0.013450122409572085,0.008005792903692976,0.006737009068652804,0.0059420364815006375,0.005484293645046722
2026-03-04 11:56:30,0.0035665126542997042,0.002912626715398938,0.0019125577546376114,0,0.001033308047720847,0.0008523550099993104
2026-03-04 11:57:00,0.007170269990689975,0.013335781524775006,0.010072238888314194,0.005991276162890934,0.006286679769663114,0.0057645598427640415
2026-03-04 11:57:30,0,0,0,0,0,0
2026-03-04 11:58:00,0.005943793103448275,0.005765758620689655,0.0037212413793103446,0.006793896551724138,0.005182275862068966,0.003715517241379311
2026-03-04 11:58:30,0.000996413916761491,0.0006971138926243921,0.0011682700596531152,0.003557980759284162,0.0014395365677045615,0.0017222854384331574
2026-03-04 11:59:00,0.006129887593959037,0.0069601751603337704,0.007036342321219227,0.003919488311150955,0.0020920970967519483,0.004278084270050342
2026-03-04 11:59:30,0,0,0,0,0,0
2026-03-04 12:00:00,0.0024083793103448275,0.008605206896551722,0.005031896551724138,0.008929241379310343,0.0047276206896551725,0.002963206896551724
2026-03-04 12:00:30,0.01881260559252491,0.005791883598248459,0.0051417784367134445,0.009013240009654176,0.006898631176085234,0.005369927248905286
2026-03-04 12:01:00,0.003765896551724138,0.0008454827586206896,0.00040210344827586224,0.0010932068965517243,0.0025892413793103452,0.0026912413793103445
2026-03-04 12:01:30,0.0032189579669666566,0.002974793972621634,0.0025420847556980796,0.0004690527912830594,0.0006118064894313988,0.0025648081100651705
2026-03-04 12:02:00,0.019554567083893658,0.006428088686597013,0.01326716320126892,0.016045274300886175,0.015000655149822415,0.011919382090272749
2026-03-04 12:02:30,0.00584260248939765,0.006409578319484192,0.0030395476330034826,0.00784122332172534,0.0035955935592869703,0.003225252560079992
2026-03-04 12:03:00,0.0004983793103448274,0.0022106896551724138,0.00019037931034482752,0.002939724137931034,0.0030810689655172414,0.00006944827586206903
2026-03-04 12:03:30,0.0016283143123125194,0.0036971692583525843,0.0018131572595938355,0.001230355480467538,0.001755956280384788,0.001905871806364859
2026-03-04 12:04:00,0.00996579428295576,0.003825454294679493,0.001734250543084721,0.002859004861901313,0.000549774145719113,0.0006080479983448847
2026-03-04 12:04:30,0.012186821144098478,0.01698448329367953,0.010528464535705669,0.014338988310747907,0.008998965552911969,0.008714423640564118
2026-03-04 12:05:00,0.005593551724137931,0.004928172413793104,0.0035643448275862063,0.0020937931034482756,0.001578413793103448,0.0012563103448275863
2026-03-04 12:05:30,0.006786110823764696,0.009530774800868936,0.008097341470983758,0.005715527050791351,0.004665390848591427,0.005027861108237645
2026-03-04 12:06:00,0.0018983793103448275,0.004268758620689654,0.002207172413793104,0.0011551379310344827,0.00356851724137931,0.0018837586206896548
2026-03-04 12:06:30,0.004324575014654668,0.010075514637426296,0.012913520223440571,0.008851901658563498,0.006863694355367057,0.007634598806937692
2026-03-04 12:07:00,0.005543,0.004263689655172413,0.004758206896551724,0.0032752068965517245,0.007212540032183907,0.005317896551724138
2026-03-04 12:07:30,0.002109551724137931,0.000001758620689655974,0.004306379310344827,0.0025150344827586206,0.0007218620689655175,0.0004296551724137931
2026-03-04 12:08:00,0.0068544432566640225,0.005561122797337838,0.005648746508500293,0.003362564226352632,0.004739611710748646,0.003912928032001103
2026-03-04 12:08:30,0.0018764567960830292,0.0024761050962002623,0.0008795600303427352,0.001666505758223571,0.0006585752706709882,0.0007967036756085788
2026-03-04 12:09:00,0.0005814827586206893,0.01008448275862069,0.0022625172413793106,0.003763551724137931,0.004493413793103447,0.0039933103448275865
2026-03-04 12:09:30,0.004577029170402041,0.009442072960485484,0.005661644024550031,0.005206158195986485,0.005491241983311496,0.00432732225363768
2026-03-04 12:10:00,0.0007208468381490932,0.0008396317495345148,0.002711330253085994,0.0006962968071167503,0.0008057720157230537,0.0007249844838287016
2026-03-04 12:10:30,0.004967483879866212,0.003615840833074721,0.005426812868521774,0.004805041205475672,0.004457535947036308,0.0035084652253370573
2026-03-04 12:11:00,0.0010815862068965516,0.0013444137931034484,0.0007643793103448276,0.0011643103448275864,0.0011769655172413794,0.0003705517241379311
2026-03-04 12:11:30,0.011933036791834765,0.005589186579773111,0.022073756077376643,0.008191889934829834,0.0016135305679114513,0.0006573221613047826
2026-03-04 12:12:00,0.008867285014826563,0.003287980139300738,0.008099372457071926,0.007558409764843804,0.0012377767050548239,0.0008269084890697194
2026-03-04 12:12:30,0.007063995586511275,0.0034378318736638857,0.0034812081925384456,0.00306616785049307,0.0011483690779946212,0.0018912488793876284
2026-03-04 12:13:00,0.002576744025656057,0.0026213317700610364,0.0025495017069554118,0.0024731197627504394,0.00044118762715955715,0.00045015345356736434
2026-03-04 12:13:30,0.003457156649770697,0.00517961449605186,0.004850832729905864,0.00456284266059791,0.0024593634702251644,0.0018890383090238265
2026-03-04 12:14:00,0.0004251922347505256,0.002718182131650632,0.0018032481638564186,0.001923623323333678,0.001173062997827661,0.0015173959518637288
2026-03-04 12:14:30,0.001421206896551724,0.0007234827586206896,0.0007384482758620689,0.0009078620689655173,0.000414448275862069,0.0004092068965517242
2026-03-04 12:15:00,0.00244826397269248,0.0008513946833086233,0.0014687446126262801,0.0004130607178567734,0.0006016618970451333,0.0006091783608592216
2026-03-04 12:15:30,0.00048293103448275875,0.00045944827586206897,0.0012305517241379311,0.0002337931034482759,0.0002698275862068965,0.00013341379310344824
2026-03-04 12:16:00,0.0028199999999999996,0.0019900344827586207,0.0016450344827586203,0.0019152758620689654,0.0005235862068965517,0.00039527586206896553
2026-03-04 12:16:30,0.014561375077580856,0.0058882146058892495,0.009187642231570238,0.00693624577615337,0.002149782773601821,0.001953417005723743
2026-03-04 12:17:00,0.007564670183786765,0.006586324609496224,0.0052559911727181816,0.004848729354160202,0.002180648943139891,0.0016796317368366607
2026-03-04 12:17:30,0.0023517120099306927,0.003750491362366815,0.0016267370090686532,0.003919899313816765,0.0016615978759353125,0.000929105892900245
2026-03-04 12:18:00,0.0014738457294576047,0.0005673252646460465,0.000710596186338402,0.00018868314885693598,0.0004333643667459742,0.0010381366159787594
2026-03-04 12:18:30,0.001230957553187821,0.001251129271404434,0.0016282886797006999,0.0013670907899727594,0.0007623530223095755,0.0009553118857970414
2026-03-04 12:19:00,0.00113454708458329,0.0023298162132340265,0.0018749008654873971,0.0022934036757353195,0.00028823144029516227,0.001737629736905624
2026-03-04 12:19:30,0.0017275266370125166,0.002476880107582497,0.001641322713009896,0.0006458397986276335,0.0005628081790283092,0.0004562601289610703
2026-03-04 12:20:00,0.0025631034482758623,0.0011362758620689654,0.0019560000000000003,0.0011619999999999998,0.0004142068965517242,0.0010493793103448276
2026-03-04 12:20:30,0.006322114555674331,0.0034329114797061965,0.0027625435359839986,0.0049021000724162895,0.002528156143315286,0.0022584571881789023
2026-03-04 12:21:00,0.016604144398855294,0.0036426231769127342,0.011001310209288696,0.010178016067303383,0.006658069854842603,0.004776781712236665
2026-03-04 12:21:30,0.01586710344827586,0.011124931034482758,0.010235206896551724,0.009967517241379311,0.004981310344827586,0.003520137931034483
2026-03-04 12:22:00,0.006004896045236701,0.0031956004551253318,0.0031518808399131127,0.0038161914284729173,0.0025256697583008656,0.002089507981932904
2026-03-04 12:22:30,0,0,0,0,0,0
2026-03-04 12:23:00,0.008923244026068065,0.003990414123650908,0.010032309230716182,0.010128099031067893,0.0033390572738871073,0.003715733940208958
2026-03-04 12:23:30,0.002170821695803592,0.004608461777180097,0.003168511430640322,0.0006058411778904175,0.0016454949829316228,0.0013798834522947482
2026-03-04 12:24:00,0.003951141300599958,0.005441969519343495,0.0007180884076960209,0.0010442728087718086,0.001430522032963244,0.0012965312737052617
2026-03-04 12:24:30,0.0028680091028204955,0.000609164885180332,0.0006064754154885873,0.0017825322391559204,0.000026101648162195736,0.0012372250189642095
2026-03-04 12:25:00,0.002368952794731216,0.0041212371987172855,0.006141202027516292,0.0023646425985310846,0.001020102755077411,0.0018554877418020066
2026-03-04 12:25:30,0.00388655172413793,0.008320137931034482,0.004139,0.006475724137931034,0.003096413793103448,0.0029890344827586206
2026-03-04 12:26:00,0.0045009827247336305,0.01075124995689804,0.0041028930036895285,0.007769697596634599,0.003209441053756767,0.0024520533774697426
2026-03-04 12:26:30,0.007221888900382745,0.0031357539395193263,0.007185924623288851,0.006682700596531153,0.0027983862625426707,0.0018495224302610253
2026-03-04 12:27:00,0.007515449341333885,0.005982998827505345,0.006802193254707221,0.006129871025587971,0.0032269466859783428,0.002345747982619491
2026-03-04 12:27:30,0.005724950003448038,0.004178608371836425,0.0032636025101717126,0.00270784773463899,0.0020033101165436865,0.0005888559409695884
2026-03-04 12:28:00,0.0018418620689655174,0.0019532068965517242,0.0010103103448275861,0.0005324827586206898,0.0016393103448275861,0.0003728275862068964
2026-03-04 12:28:30,0,0,0,0,0,0
2026-03-04 12:29:00,0.0027994551912003036,0.0064156408399710365,0.0016020482052343024,0.0046498051791317545,0.0025212234060894454,0.003445639805523948
2026-03-04 12:29:30,0.0035075862068965516,0.004388689655172414,0.0036691724137931036,0.0019157586206896555,0.002165551724137931,0.0014863793103448272
2026-03-04 12:30:00,0.002271852694734664,0.0019148305230854105,0.0005117409744491567,0.0026682873004379155,0.002732043722630254,0.0005552911968552808
2026-03-04 12:30:30,0.003563586206896551,0.004256413793103448,0.006288827586206897,0.004903724137931035,0.003742655172413793,0.0023019310344827583
2026-03-04 12:31:00,0.007160315872961135,0.008213697024035311,0.004096796441256594,0.0030175868133383906,0.0054173247353357,0.001837821993861857
2026-03-04 12:31:30,0.004050962002620509,0.0032541548858699403,0.0018218053927315356,0.001117681539204193,0.0019251775739604169,0.0017792221226122337
2026-03-04 12:32:00,0.00023362068965517252,0.0023523793103448275,0.0038292758620689653,0.0021217241379310344,0.0033177241379310344,0.00046331034482758633
2026-03-04 12:32:30,0.0029588290058963486,0.0028529016240819286,0.0035752215440846874,0.003721837178028344,0.003272197510430675,0.0017739043481259267
2026-03-04 12:33:00,0.003008171850217226,0.005918074615543756,0.005302013654230743,0.009809875181022,0.004710640645472727,0.0015513412868078064
2026-03-04 12:33:30,0,0,0,0,0,0
2026-03-04 12:34:00,0.0008130409296231169,0.003384331574773283,0.0022227509396227714,0.001155304989483121,0.0019395538084893622,0.002197406985966001
2026-03-04 12:34:30,0.005967344827586207,0.0018602758620689657,0.0041324827586206895,0.002709344827586207,0.003632137931034483,0.004143
2026-03-04 12:35:00,0.004054032619564842,0.0020727905934278127,0.002039033136788386,0.0037236302196475978,0.0027691803730905827,0.002318540739974483
2026-03-04 12:35:30,0.0021964827586206897,0.0009509310344827585,0.0025229999999999996,0.002656103448275862,0.0022800689655172414,0.002020344827586206
2026-03-04 12:36:00,0.004862379310344827,0.0032727931034482755,0.003700896551724138,0.002602344827586207,0.001394551724137931,0.0009713448275862069
2026-03-04 12:36:30,0.007950139650356883,0.005610116892520946,0.008484983276438741,0.007486155649805179,0.005090962380607565,0.00365001206854936
2026-03-04 12:37:00,0.006206461400544772,0.005749129400406856,0.0028081922559735203,0.006066579319380754,0.0010273764782953488,0.0018789780367548185
2026-03-04 12:37:30,0.006201668792883495,0.004976898941488812,0.0058001241250905085,0.004190532013929594,0.0041289176981691555,0.0011102989345929736
2026-03-04 12:38:00,0.004331735577088864,0.00798555122590434,0.007030690713472878,0.005619745508465807,0.007174592227318183,0.010669340991068659
2026-03-04 12:38:30,0.004779153161850907,0.004914523136335426,0.005948865595476174,0.0031061995724432803,0.007162678435969933,0.0036220260671677817
2026-03-04 12:39:00,0.0013662506034066615,0.0013435625129301428,0.00025715467898765603,0.0015154472105372043,0.0016221639886904351,0.0005510309633818357
2026-03-04 12:39:30,0.008618944174338816,0.005533602289576221,0.006092514051239611,0.006253784352263715,0.005796455294645011,0.003952139581393745
2026-03-04 12:40:00,0.001969274802579399,0.0015476740577261279,0.0018444429118245457,0.0024203593227352664,0.0017348184420152416,0.0013380116555743301
2026-03-04 12:40:30,0.0018251784421226853,0.004340712389227957,0.003686286679769663,0.00371283748836247,0.0024819833798834525,0.0020835488431433396
2026-03-04 12:41:00,0.003635689655172414,0.0038247586206896548,0.002542413793103448,0.005348137931034483,0.003986275862068965,0.0030514137931034486
2026-03-04 12:41:30,0.0018413103448275863,0.0006596896551724137,0.0019772413793103447,0.001025862068965517,0.0009321034482758621,0.0009124827586206895
2026-03-04 12:42:00,0.0050557911796144965,0.005154167097686287,0.007902486121168235,0.005665839108996242,0.0012513016792524397,0.0010424123306092892
2026-03-04 12:42:30,0.0045211199613806406,0.005543291610634116,0.008748629357608357,0.007386055653253335,0.002146891486500465,0.0023753318851074097
2026-03-04 12:43:00,0.006711537135369974,0.003684056271981243,0.0068640093786635405,0.010015171367491898,0.00385863043928005,0.001205744431418523
2026-03-04 12:43:30,0.0022506120478604187,0.0006396675976690459,0.0017302506810109998,0.0037993862280611018,0.00045236371159615207,0.0005367056308403158
2026-03-04 12:44:00,0.0020848334367887444,0.0019943099524105112,0.00212876750120698,0.002221498034347197,0.001306055590040693,0.0010253120904889996
2026-03-04 12:44:30,0.004579428295576014,0.001649460363435744,0.0016774938795213958,0.002803489534843626,0.0020853074031929935,0.0018347298369021758
2026-03-04 12:45:00,0.0006768620689655173,0.0009245517241379311,0.0007473793103448276,0.0010637586206896552,0.0005544137931034484,0.00037475862068965516
2026-03-04 12:45:30,0.000390986517706286,0.0004231578221440639,0.0007020792386469432,0.0020956173925037063,0.0014350194820868245,0.0006297024240543429
2026-03-04 12:46:00,0.0018195172413793103,0.0013502068965517242,0.0011850689655172415,0.0005461724137931037,0.0008230344827586207,0.0006427931034482759
2026-03-04 12:46:30,0,0,0,0,0,0
2026-03-04 12:47:00,0.0021785049306944347,0.0017791186814702434,0.002566891938487001,0.0032222950141369564,0.0007435349286256121,0.001061444038342183
2026-03-04 12:47:30,0.0060598234604510035,0.010062892214330047,0.008507068478035998,0.0094570374456934,0.0012256396110613063,0.0017259154541066132
2026-03-04 12:48:00,0.012122090818191223,0.004677102368720478,0.0042451470537530605,0.006115815605282213,0.003023480329621074,0.001189014929490053
2026-03-04 12:48:30,0,0,0,0,0,0
2026-03-04 12:49:00,0.004725733595393262,0.007121513051274094,0.004109685872900935,0.0019162787490086546,0.0013122306127374913,0.0014801903382641974
2026-03-04 12:49:30,0,0,0,0,0,0
2026-03-04 12:50:00,0.0015593103448275864,0.001172448275862069,0.0008672413793103448,0.0012035172413793105,0.0013178620689655173,0.0011052758620689657
2026-03-04 12:50:30,0.0033850768912488793,0.002351044755534101,0.002663885249293152,0.0015823391490242054,0.0016345079649679334,0.0008217019515895458
2026-03-04 12:51:00,0.0042066825281886835,0.003395193269197614,0.0020233785041895106,0.0024177442157166996,0.002007723871590635,0.0014244336402193028
2026-03-04 12:51:30,0.001676884352803255,0.000907661540583408,0.0011640231708158059,0.0008831804703123922,0.0009910695814081788,0.00043617681539204195
2026-03-04 12:52:00,0,0,0,0,0,0
2026-03-04 12:52:30,0.0031907454658299432,0.005763223225984415,0.006261188883525275,0.0070222398455278955,0.006035066547134681,0.002035583752844632
2026-03-04 12:53:00,0.005223973240456567,0.004083623573226662,0.001413014241870409,0.0029026173316321247,0.002308976171592124,0.0007399565502258698
2026-03-04 12:53:30,0.00242733009206579,0.0038572807834212613,0.000590014137443536,0.0027474914658115234,0.0011289610703079202,0.00013809868625219813
2026-03-04 12:54:00,0.0041240646874245715,0.003754491224440536,0.0031948208682459223,0.0004710527223199197,0.0017610427226647356,0.0009190372745767388
2026-03-04 12:54:30,0.007609358297989726,0.0017705251543050243,0.00648384538464191,0.005816006344608806,0.005161684079859315,0.003772180269645874
2026-03-04 12:55:00,0,0,0,0,0,0
2026-03-04 12:55:30,0,0,0,0,0,0
2026-03-04 12:56:00,0.003427847315609806,0.002835936691838212,0.0009497258715216715,0.0004195372573359538,0.001656287714216751,0.0007447329402434398
2026-03-04 12:56:30,0,0,0,0,0,0
2026-03-04 12:57:00,0.0035681677125715466,0.002701572305358251,0.004277256740914419,0.0035297910488931807,0.0010376525756844357,0.0004691745396869182
2026-03-04 12:57:30,0.007307748008689357,0.009688079721388918,0.008584669494155374,0.009781869590703771,0.004749422433709183,0.0027265611530636878
2026-03-04 12:58:00,0.005167683872969898,0.004209992758870384,0.003860384124685356,0.004147339746905281,0.0027162166821833736,0.002366952863694356
2026-03-04 12:58:30,0.0014066551724137932,0.0016653448275862068,0.0012337931034482757,0.0016084137931034485,0.0005912758620689656,0.0005608965517241379
2026-03-04 12:59:00,0.0015747586206896552,0.0015349655172413792,0.004213862068965517,0.0035710689655172414,0.0029713103448275858,0.002344
2026-03-04 12:59:30,0.0019623116444260546,0.0006098755215337405,0,0.0016010482397158716,0.0013094376055998072,0.0011060308265232232
2026-03-04 13:00:00,0.0057661034482758625,0.003379793103448276,0.001698344827586207,0.0045656551724137925,0.003785310344827586,0.003032551724137931
2026-03-04 13:00:30,0.0016255646357022171,0.0015501534429847245,0.0007823523326781837,0.0012889210716871828,0.001697838005586014,0.0020334471225130165
2026-03-04 13:01:00,0.0040009655172413795,0.001497172413793103,0.002354068965517241,0.0015819655172413793,0.001975,0.003566896551724138
2026-03-04 13:01:30,0.0037800075859453124,0.003061963380573084,0.0031629943795041557,0.003990276197372505,0.003319954484328127,0.0015321885452225788
2026-03-04 13:02:00,0.008210295841666092,0.005196400248258741,0.004636438866285084,0.004011447486380249,0.001964692090200676,0.0035711675056892627
2026-03-04 13:02:30,0.003465241379310345,0.0001070689655172415,0.002423689655172414,0.0023103793103448275,0.0016983103448275864,0.0011967241379310344
2026-03-04 13:03:00,0.00444832936795283,0.0020798937967656285,0.0014418813144374332,0.0019447605254991206,0.0014640874452605084,0.0015911175476707702
2026-03-04 13:03:30,0.003786862068965517,0.0022144827586206895,0.0031355172413793106,0.002711793103448276,0.0038007931034482753,0.0019261379310344827
2026-03-04 13:04:00,0.0005571876831833385,0.0010690321023412986,0.001564083997103548,0.0009815523602634392,0.001095100168959691,0.0021997517326988723
2026-03-04 13:04:30,0.002383,0.006051620689655172,0.0023680344827586206,0.003101413793103448,0.002435103448275862,0.001466103448275862
2026-03-04 13:05:00,0.00851746491500293,0.0038863142650253446,0.004887245267404572,0.0037083204027447327,0.0036200475845660487,0.003228026619771732
2026-03-04 13:05:30,0,0,0,0,0,0
2026-03-04 13:06:00,0.0003121034482758621,0.0009723448275862065,0.0012099310344827583,0.0019349655172413787,0.0010685517241379309,0.0006460689655172411
2026-03-04 13:06:30,0,0,0,0,0,0
2026-03-04 13:07:00,0.00017123547463880552,0.006239233129892073,0.002987207337678012,0.00394010551360298,0.0040151374090548605,0.001277162856453226
2026-03-04 13:07:30,0,0,0,0,0,0
2026-03-04 13:08:00,0.002704651242974865,0.012423645829741753,0.01591645691824984,0.010254352997965729,0.009113850291349174,0.0059848636347964
2026-03-04 13:08:30,0.004325781869590703,0.002156615289127961,0.0039765180511016854,0.003727802489569325,0.003208303161959932,0.0019209337609047963
2026-03-04 13:09:00,0.0019091410641012376,0.0019561049618978654,0.0020876521499258644,0.0018511430640322745,0.0017760766870107924,0.0005882555773938829
2026-03-04 13:09:30,0.005565428778317989,0.002379055894624323,0.003724526740457225,0.0033154029171407876,0.003619702768870039,0.0023700217233888483
2026-03-04 13:10:00,0.0015663402523963864,0.002668264257637405,0.0031417833252879116,0.0030411695745121026,0.0028078753189435214,0.0013605958209778634
2026-03-04 13:10:30,0.0017022171649253475,0.00560722044067446,0.003231198924175029,0.0038140064135719466,0.0022971966483914348,0.0024305368780386883
2026-03-04 13:11:00,0.010064034482758619,0.0025732758620689656,0.011542172413793104,0.004396068965517242,0.005597103448275862,0.002790931034482758
2026-03-04 13:11:30,0.0037861305562260764,0.004566571261077968,0.006265698817200592,0.004008138211662471,0.0046180902789751364,0.004828097520604158
2026-03-04 13:12:00,0.0033225172413793103,0.0014485862068965513,0.0006010689655172412,0.0029315517241379307,0.00407251724137931,0.000817275862068966
2026-03-04 13:12:30,0.008252568788359423,0.0048865940279980685,0.005366664367974623,0.005474863802496379,0.001864457623612165,0.001457520171022688
2026-03-04 13:13:00,0.006119310344827586,0.004984551724137931,0.006445448275862069,0.010756103448275862,0.001504551724137931,0.0009046551724137932
2026-03-04 13:13:30,0.005521,0.008845137931034482,0.0046642758620689655,0.0067455862068965524,0.002158758620689655,0.0028152068965517237
2026-03-04 13:14:00,0.0005069995172746705,0.006174884490724778,0.003403213571477829,0.0015061030273774221,0.0007548100131025447,0.004769222812219848
2026-03-04 13:14:30,0.0010748224260395834,0.0016068891800565478,0.0003309426936073375,0.0014082477070546861,0.0017177091235087236,0.0014886559547617406
2026-03-04 13:15:00,0,0,0,0,0,0
2026-03-04 13:15:30,0.0022117367168913568,0.0007822639037340965,0.0008149156983760301,0.0008852532496638279,0.0009383512050477538,0.0005485294624693998
2026-03-04 13:16:00,0.003133714916212675,0.002922453623888008,0.002218467691883319,0.00201813668022895,0.0015353423901799876,0.0013387352596372665
2026-03-04 13:16:30,0.00292985965033277,0.0009890341046242973,0.0015137073692196282,0.0010408634780509672,0.00041411772819752407,0.0003250801751784544
2026-03-04 13:17:00,0,0,0,0,0,0
2026-03-04 13:17:30,0.01987938346953553,0.009327264577083548,0.014124995689803799,0.011975982412100732,0.003167959725526706,0.0028261439260715143
2026-03-04 13:18:00,0.004094510723398386,0.00022853596303703177,0.0005891317840148957,0.00039638645610647565,0.000935832011585408,0.0005311013033583892
2026-03-04 13:18:30,0.002951589545548583,0,0,0,0,0
2026-03-04 13:19:00,0.008842557153201612,0.009928140408951415,0.009872314747767317,0.00585297058722113,0.00393455398089721,0.002552774042274404
2026-03-04 13:19:30,0.0019306575635322915,0.003511499603461949,0.0005566014965001205,0.0020359642770938933,0.0014000551705113614,0.0007220095858763491
2026-03-04 13:20:00,0.003188040966929894,0.0022332839063415977,0.0025596744715335007,0.0015881582123521499,0.0018572019724818094,0.0007528880306217455
2026-03-04 13:20:30,0,0,0,0,0,0
2026-03-04 13:21:00,0.004713507362322838,0.004226318148901686,0.0018001655229490665,0.0027204386358150277,0.002049932756301941,0.0012581123487016793
2026-03-04 13:21:30,0.003025585324643977,0.00009610013447812147,0.0010948587979724834,0.0024321919933795386,0.000060204820523430194,0.00020430329988621072
2026-03-04 13:22:00,0.003573773318161442,0.0014950863763318503,0.0009428640391710632,0.0014305023964690869,0.0016452191303748143,0.0008797972483707457
2026-03-04 13:22:30,0.008267887314230542,0.0022720940657218716,0.005573600910313437,0.004440812385779799,0.0024652253370573427,0.001503982621288921
2026-03-04 13:23:00,0.004778766249439673,0.0009877590427916274,0.004844212268542463,0,0.0021012034067790764,0.00008454880866177013
2026-03-04 13:23:30,0,0,0,0,0,0
2026-03-04 13:24:00,0.01133029895520844,0.013248439708975551,0.007463535740146891,0.009920933760904796,0.005566566670114823,0.004819213130581704
2026-03-04 13:24:30,0,0,0,0,0,0
2026-03-04 13:25:00,0,0,0,0,0,0
2026-03-04 13:25:30,0.008449467259749663,0.008209923795731183,0.01177728354194683,0.011524464673631944,0.006131478224888798,0.005049929312782318
2026-03-04 13:26:00,0.00006451279222122628,0.0010943383214950695,0.0003864216260947522,0.0004537618095303774,0.0006152679125577546,0.0004522101924005241
2026-03-04 13:26:30,0.0006045998413847797,0.00024771559601393045,0.00018926933554015384,0.00016178752456811818,0.0005961518568325231,0.0006498051791317542
2026-03-04 13:27:00,0.005849217295358942,0.00511299220743397,0.0045524446589890345,0.002649058685607889,0.0013124267291910903,0.001688193917660851
2026-03-04 13:27:30,0.004471758620689655,0.008226,0.008591448275862069,0.007401620689655173,0.0036498275862068964,0.0024192413793103448
2026-03-04 13:28:00,0.0032335781524775,0.006528395572566462,0.001434053998137995,0.006624737078031791,0.0022838522809558288,0.003946657011827178
2026-03-04 13:28:30,0.0027158718664873627,0.0023769870004482605,0.002880417916623565,0.002303506775628427,0.001966173580221372,0.001539602082686804
2026-03-04 13:29:00,0.002281717833735771,0.0025402897550879616,0.00025305277681959273,0.0020282511210762324,0.001677130044843049,0.0014025870989996547
2026-03-04 13:29:30,0.000463638243606535,0.000001240780312952413,0.0018848486937340595,0.001885641414489557,0.0009376507892741436,0.0005321224236575446
2026-03-04 13:30:00,0.0033798489707251474,0.0069567945932898865,0.003886624599151754,0.0016973552636115996,0.0014282266128754185,0.0009212096134616047
2026-03-04 13:30:30,0.008314920175166373,0.008427088721078583,0.006197717320092409,0.006069204510189303,0.00843850212061653,0.0054417778697286295
2026-03-04 13:31:00,0.002540880720024828,0.0023656677816476426,0.00013048725818131691,0.0035626400910376216,0.0008723059415841924,0.0024114969481706266
2026-03-04 13:31:30,0.0036639886904351426,0.002709985518240121,0.0023639059375215503,0.002643300462037101,0.0024422108820081377,0.0035464450727536036
2026-03-04 13:32:00,0.00852198654940507,0.007487463355750992,0.0036468011726159687,0.0076638041041558885,0.004846835661320917,0.003194585273322987
2026-03-04 13:32:30,0,0,0,0,0,0
2026-03-04 13:33:00,0.0007184843939718591,0.002723341189915006,0.0009215413184772514,0.000874973216198843,0.0018740089993571887,0.001478215841725591
2026-03-04 13:33:30,0.005943967449398298,0.004788559015206373,0.004119651046515638,0.0028934519499327614,0.0048413502982655775,0.0017813868487293542
2026-03-04 13:34:00,0.005279413793103448,0.009271793103448276,0.006417137931034483,0.006982655172413792,0.007281689655172414,0.004777793103448277
2026-03-04 13:34:30,0,0,0,0,0,0
2026-03-04 13:35:00,0.008094927761111686,0.003774766387365953,0.006593117478707631,0.00937791800282749,0.004865901175821524,0.004463570221716493
2026-03-04 13:35:30,0.013240793103448275,0.007757379310344827,0.005478586206896552,0.007050793103448276,0.004819793103448276,0.003096862068965517
2026-03-04 13:36:00,0.005515706354953277,0.0048182821282024765,0.006743974345712217,0.003048619013137478,0.004382400606875625,0.004130305851522362
2026-03-04 13:36:30,0.008021724137931034,0.00517903448275862,0.00750951724137931,0.0055865517241379305,0.006792724137931035,0.004577413793103448
2026-03-04 13:37:00,0.010381469604496398,0.003679011068583843,0.007359401399951726,0.0040653080928243854,0.008760732388538327,0.003045239819316576
2026-03-04 13:37:30,0.002427625680987518,0.001660747534652783,0.0036522308806289224,0.002661264740362734,0.0034351424039721396,0.002169574512102614
2026-03-04 13:38:00,0.0008914520188958995,0.0026870797558704866,0.00018892451984414322,0.002769973449191407,0.003147994896727699,0.002102272335436709
2026-03-04 13:38:30,0.006954449846557013,0.002778835212578876,0.0033756077376642184,0.002585083272990586,0.003951139615875314,0.0016637012516809763
2026-03-04 13:39:00,0.01637583614923109,0.00419091786773326,0.01131646093372871,0.006619612440521344,0.007215881663333563,0.006672539824839666
2026-03-04 13:39:30,0.00992969207958346,0.0056021861315127056,0.006441536498741422,0.007855556704941207,0.006758353160235853,0.004458673838833143
2026-03-04 13:40:00,0.0016992068965517241,0.0008798275862068965,0.0012501724137931034,0.0005969310344827586,0.0010334137931034483,0.0004885862068965517
2026-03-04 13:40:30,0.0031863793103448276,0.0012666206896551724,0.013037724137931033,0.0015327241379310345,0.0010815172413793104,0.002995896551724138
2026-03-04 13:41:00,0.00822795765663253,0.000965690838246957,0.003109961725457742,0.002752801627530085,0.0034942588186614248,0.0004583290231371331
2026-03-04 13:41:30,0.0028372991240775227,0.0015482447065314848,0.0030171391130422785,0.0019485481757362576,0.006396510104145113,0.0013795089316504586
2026-03-04 13:42:00,0.005057892559133853,0.0019042479828977313,0.005830735811323358,0.007920970967519482,0.010899351768843529,0.003448348389766223
2026-03-04 13:42:30,0,0,0,0,0,0
2026-03-04 13:43:00,0.00202534395365677,0.0022037860763421953,0.00363190924450881,0.0024064342608875553,0.002855108444536395,0.0009126581842005451
2026-03-04 13:43:30,0.0031955104996379434,0.0031466501155132573,0.007809351401675803,0.005858246267370091,0.000533326437019413,0.00029178304196407034
2026-03-04 13:44:00,0.0005604785876836077,0.002816598855251362,0.0036228880766843666,0.003112543962485346,0.0010159988966278188,0.0007088476656782291
2026-03-04 13:44:30,0.0025157230535825118,0.0028140817874629334,0.003838597338114613,0.005030101372319151,0.0006881939176608509,0.0006938831804703125
2026-03-04 13:45:00,0.005491568674781888,0.003215214317735094,0.0035047415428118203,0.003457153694954998,0.00099055139832408,0.0009580330356219179
2026-03-04 13:45:30,0.0037704561911658216,0.006228371435467741,0.0034377090445157064,0.002876073238853833,0.001965311540981345,0.0017675252577497326
2026-03-04 13:46:00,0,0,0,0,0,0
2026-03-04 13:46:30,0.0008600834396441748,0.0008649105264972591,0.0008489121814984658,0.0011661552253215187,0.0009231803606523463,0.0010860600627521293
2026-03-04 13:47:00,0.001513102544652093,0,0.000595510654437625,0.0004891386800910283,0.0002921177849803462,0.0004107992552237777
2026-03-04 13:47:30,0.0014917586206896552,0.0018789999999999998,0.0022205862068965516,0.002528,0.0025341724137931034,0.0012799655172413792
2026-03-04 13:48:00,0.0011864827586206897,0.0003313103448275862,0.0003337241379310345,0.0004194137931034483,0.00024644827586206894,0.0003066206896551724
2026-03-04 13:48:30,0.0018361780628254195,0.0021593048515568423,0.003082686803903313,0.0028965897727664556,0.0004342264059860004,0.0005066721837178028
2026-03-04 13:49:00,0.0022143793103448274,0.0013091724137931035,0.00015824137931034468,0.00015458620689655174,0.0003356896551724138,0.0007271724137931035
2026-03-04 13:49:30,0.0023205406710113444,0.0006767008034205714,0.0013164028826592189,0.0027778352470604465,0.0007803524016413227,0.001157925588772801
2026-03-04 13:50:00,0.005359677252508533,0.003436295300162064,0.0028031447191476156,0.00504410192751974,0.001376814592600255,0.0019805179131754075
2026-03-04 13:50:30,0.002618599358642805,0.0018419020033791933,0.0021950967208027305,0.0034437433191958893,0.0008531085134995343,0.0009906899762077168
2026-03-04 13:51:00,0,0,0,0,0,0
2026-03-04 13:51:30,0.005687103448275862,0.0068281724137931035,0.003991620689655172,0.01052155172413793,0.002087896551724138,0.0017416551724137933
2026-03-04 13:52:00,0.003974793103448276,0.0016747241379310345,0.0022371379310344823,0.002368172413793103,0.0021538965517241375,0.0016646206896551723
2026-03-04 13:52:30,0,0,0,0,0,0
2026-03-04 13:53:00,0.002989414158132478,0.0019715182235095345,0.002576669770007931,0.0022687148719009688,0.0007130098962104755,0.0010717216647701804
2026-03-04 13:53:30,0.0029248594779130313,0.00025873305976068124,0.0010868305803648397,0.0004702231111417633,0.0011076588847891305,0.000985206386427118
2026-03-04 13:54:00,0.0026565064478311843,0.003143128060133784,0.0024050755120336533,0.0029302117095372734,0.0012623956968484935,0.0012552927384318327
2026-03-04 13:54:30,0.006542620689655173,0.006118862068965518,0.008413620689655173,0.004068931034482759,0.001945965517241379,0.0008234482758620689
2026-03-04 13:55:00,0.007002620508930419,0.007725467209157989,0.004312495689952418,0.0019716916074753467,0.0023160816495414113,0.0014216260947520862
2026-03-04 13:55:30,0.003957383718925629,0.002432300106885495,0.004856187290969899,0.005931558804261629,0.0034377478191911187,0.003203909940350999
2026-03-04 13:56:00,0.0066073103448275865,0.0025478965517241377,0.0037838275862068964,0.002096344827586207,0.0016894482758620687,0.0017466551724137933
2026-03-04 13:56:30,0.00008902834287290535,0.00206961588855941,0.0021342666023032894,0.0034863802496379564,0.0020524446589890353,0.000982518447003655
2026-03-04 13:57:00,0.0031243060584117783,0.0027840419295886345,0.006359297955242922,0.002507741112375435,0.0031795455329126578,0.0009043481259266921
2026-03-04 13:57:30,0.004993137931034483,0.004986172413793104,0.008104206896551724,0.004514344827586207,0.0026840344827586205,0.0019093793103448276
2026-03-04 13:58:00,0.0027905934278128343,0.005055998069032103,0.004140650322402676,0.0026568394193303684,0.002212958173856074,0.0013398848315575324
2026-03-04 13:58:30,0.008438053860211715,0.011486845281197198,0.012901003413675389,0.004791696838040067,0.005228785214302954,0.004840936519430365
2026-03-04 13:59:00,0.00925233612634047,0.006698458673838832,0.007312368539015894,0.006923381952346471,0.002071204441226164,0.002215751180993759
2026-03-04 13:59:30,0.003358354596234742,0.0006335080339286949,0.0007768084959657953,0.0001739880008275292,0.0006256465071374389,0.000511033721812289
2026-03-04 14:00:00,0,0,0,0,0,0
2026-03-04 14:00:30,0.005565172413793102,0.004301379310344828,0.0032888620689655174,0.003037931034482759,0.0017423793103448272,0.0015117586206896548
2026-03-04 14:01:00,0.001730328942831529,0.0015893731466795392,0.004481932280532377,0.0012261912971519206,0.0010840631680573754,0.001475587890490311
2026-03-04 14:01:30,0.004020655172413793,0.0029925172413793103,0.00293548275862069,0.0018389310344827587,0.0029316896551724136,0.0018654482758620689
2026-03-04 14:02:00,0.0020451724137931036,0.0013104827586206895,0.0007042068965517241,0.0003406206896551724,0.00044044827586206905,0.0005037931034482759
2026-03-04 14:02:30,0,0,0,0,0,0
2026-03-04 14:03:00,0.00463259887590083,0.007507775593945036,0.005556704941208922,0.006530843764008136,0.006312609910003103,0.00379145546705286
2026-03-04 14:03:30,0.0030988620689655173,0.0035963448275862066,0.0013779310344827587,0.0019260689655172414,0.0016601379310344825,0.0006805862068965518
2026-03-04 14:04:00,0,0,0,0,0,0
2026-03-04 14:04:30,0.006293103448275862,0.006427655172413793,0.00676148275862069,0.005776931034482758,0.005137413793103449,0.0033805517241379313
2026-03-04 14:05:00,0.007891348574187095,0.005829833454018826,0.008587945243267472,0.010204165373607806,0.0058945898417295944,0.0029869659666908036
2026-03-04 14:05:30,0.002967830914043375,0.004082646622763164,0.0024959486949625896,0.0016356239009757616,0.005207082025997311,0.0017989518325690448
2026-03-04 14:06:00,0.007153827586206897,0.00032210344827586214,0.0028621034482758617,0.0035995517241379314,0.003056896551724137,0.0020782758620689658
2026-03-04 14:06:30,0.00455003448275862,0.003056931034482759,0.002149862068965517,0.00403851724137931,0.004000931034482759,0.0034321724137931033
2026-03-04 14:07:00,0,0.00041567532154063635,0.0020799282783352294,0.0007901796489776213,0.0013845039826212886,0.0005120857901451674
2026-03-04 14:07:30,0.010887938762843942,0.0018798358733880423,0.007428901455072064,0.001160264809323495,0.00032304668643541834,0.000851734363147369
2026-03-04 14:08:00,0.003626163712847389,0.003171677815323081,0.0054220398593200474,0.0029161781946072684,0.0017705330666850565,0.001288945589959313
2026-03-04 14:08:30,0.006402896551724138,0.009051655172413794,0.006319413793103449,0.007456275862068965,0.003687655172413793,0.0016254137931034484
2026-03-04 14:09:00,0.007983310920313094,0.004268542464052964,0.005717044239853798,0.005163890900313783,0.005403951587876281,0.001981310989276232
2026-03-04 14:09:30,0.003007792566029929,0.0036171298531135782,0.0023132887387076755,0.003235638921453693,0.004666229915178264,0.0025564099027653264
2026-03-04 14:10:00,0.008294920864797764,0.003162408192820937,0.009746215647736284,0.010374125030171372,0.012083514361573736,0.003706458397986276
2026-03-04 14:10:30,0.003427088721078584,0.00034347091479604145,0.0013538153856763558,0.002145098444881211,0.0018456260128961073,0.000949208647977656
2026-03-04 14:11:00,0.00946650115513258,0.004691872694045032,0.006209854832591979,0.004335574635357401,0.011351022378538668,0.0028027999034516047
2026-03-04 14:11:30,0,0,0,0,0,0
2026-03-04 14:12:00,0.0022995069135547047,0.006525154305023964,0.007031792007172166,0.006461604772249233,0.010293369194165717,0.004044032964380538
2026-03-04 14:12:30,0,0,0,0,0,0
2026-03-04 14:13:00,0.0035308437640081372,0.0037799731043757106,0.0020993758835902206,0.0024130547222509565,0.0037468363159891033,0.0017529740353780902
2026-03-04 14:13:30,0.006807385952208544,0.008812040964104685,0.00849508637633185,0.007990931347194924,0.006688355573945725,0.0034656046343229533
2026-03-04 14:14:00,0.0017977586206896553,0.0021695172413793103,0.002322413793103448,0.001077655172413793,0.0008486206896551724,0.0006563793103448274
2026-03-04 14:14:30,0.0074338815902899895,0.002565704630874797,0.008629461053067135,0.0030376538740043446,0.0022227509396227714,0.0010573773318161444
2026-03-04 14:15:00,0.005973206896551724,0.004611862068965516,0.006435586206896551,0.006085931034482758,0.0021554482758620688,0.0009382413793103449
2026-03-04 14:15:30,0.004828620689655172,0.0068841034482758625,0.005341931034482758,0.0013689310344827585,0.0034024827586206898,0.002691344827586207
2026-03-04 14:16:00,0.0023572635426364606,0.004333195407054929,0.0035749456915278783,0.004540257232509224,0.005511430640322748,0.0028677286990103795
2026-03-04 14:16:30,0.00422206130823075,0.001313747801799938,0.0017548360401365467,0.0009722768180407571,0.0013594703630909278,0.001122995758766939
2026-03-04 14:17:00,0.002089062823253569,0.0005794427970484794,0.000483725260326874,0.0007139507620164127,0.000753637680159989,0.0007006758154610026
2026-03-04 14:17:30,0.0021938209027274917,0.0009044170890658941,0.0003347815592565773,0.00017509741043412292,0.001013654701562015,0.0009740698596600116
2026-03-04 14:18:00,0.0020999310344827584,0.0006395517241379312,0.0002705517241379311,0.00008324137931034481,0.0000617586206896552,0.0003901724137931035
2026-03-04 14:18:30,0,0,0,0,0,0
2026-03-04 14:19:00,0,0,0,0,0,0
2026-03-04 14:19:30,0.0030978275862068964,0.0024406206896551725,0.0027447586206896554,0.0025135172413793105,0.000759896551724138,0.000969655172413793
2026-03-04 14:20:00,0.0033297358802841185,0.0033425625818909043,0.0032679125577546376,0.0032098475967174676,0.0008442866009240743,0.0004662092269498655
2026-03-04 14:20:30,0.0028169028654184336,0.0006182200613771939,0.0014265370159649662,0.0011175476707699736,0.00030998931071342357,0.0006100134478121443
2026-03-04 14:21:00,0.0015489121064790868,0.0038127995586359088,0.0025646357022171646,0.003229474845694976,0.0018996241508913486,0.00043412296127719733
2026-03-04 14:21:30,0.008154063652977482,0.006662804730871349,0.009231233405744629,0.0043900555153270565,0.002490396882866108,0.001937243543326092
2026-03-04 14:22:00,0,0,0,0,0,0
2026-03-04 14:22:30,0.010044793103448277,0.021478758620689653,0.011738896551724137,0.014408034482758621,0.004373241379310344,0.0028298275862068964
2026-03-04 14:23:00,0.002264025378435226,0.0011904761904761904,0.0010598255232578185,0.0015103961932347164,0.0004741905451536153,0.0005659460018620047
2026-03-04 14:23:30,0.004072411296162202,0,0,0,0,0
2026-03-04 14:24:00,0.0026709999999999998,0.007883965517241378,0.003561793103448276,0.005241379310344827,0.0024091724137931033,0.0028901379310344827
2026-03-04 14:24:30,0.006412571980276541,0.005444157098031101,0.006217061480638599,0.004758318678666253,0.002585083272990586,0.0018737974552601633
2026-03-04 14:25:00,0.0007488104268671127,0.0035121370939935176,0.007132508102889457,0.006227880835804427,0.0018764567960830288,0.002241638507689125
2026-03-04 14:25:30,0.0008774137931034481,0.005689620689655173,0.0018405517241379308,0.0026852758620689652,0.0027276206896551724,0.0007969310344827587
2026-03-04 14:26:00,0.00808813886875798,0.007406529316354349,0.005799461641991925,0.008193498291748627,0.0040310936259792245,0.002362563412361528
2026-03-04 14:26:30,0,0,0,0,0,0
2026-03-04 14:27:00,0,0,0,0,0,0
2026-03-04 14:27:30,0.004638680091028206,0.003486966416109234,0.0038834218329770365,0.0020858216674712092,0.002417764292117785,0.0014950348251844701
2026-03-04 14:28:00,0.01872879310344827,0.004943,0.0058832068965517246,0.005436724137931034,0.004248862068965517,0.003055620689655172
2026-03-04 14:28:30,0.0029153477466294267,0.003915933933312645,0.0025874625012930587,0.0018577290438260752,0.0012798869004517087,0.0007943174373297472
2026-03-04 14:29:00,0.00971451724137931,0.006782482758620691,0.008124620689655172,0.0011960344827586205,0.004608931034482759,0.002557551724137931
2026-03-04 14:29:30,0,0,0,0,0,0
2026-03-04 14:30:00,0.014990275862068966,0.005509689655172414,0.010185172413793103,0.006401310344827586,0.0036783103448275864,0.003523793103448276
2026-03-04 14:30:30,0.0027580166885042413,0.013053341148886287,0.012136266464381767,0.008564030066891938,0.007573994896903662,0.005574512102613613
2026-03-04 14:31:00,0.0026093238164201227,0.002431019620013103,0.0016674597427674906,0.004244508810041033,0.0015634633288507294,0.0013698493155408433
2026-03-04 14:31:30,0.0013874271526604363,0.001216972999068933,0.0014694644642918718,0.0012868029932066622,0.001587434049449981,0.000614503948412014
2026-03-04 14:32:00,0,0,0,0,0,0
2026-03-04 14:32:30,0.0009490362401296508,0.0006456329092100271,0.0011605806696320818,0.0014770180338609011,0.0006398055239474498,0.0008886934933278161
2026-03-04 14:33:00,0,0,0,0,0,0
2026-03-04 14:33:30,0.006800238948626044,0.005269124423963134,0.01209110769755931,0.005921078682369005,0.0030830517153097796,0.0021033964840416453
2026-03-04 14:34:00,0.005619435152936308,0.006352977688885822,0.005127452670781751,0.0149472050760371,0.004297803372530087,0.002307010586571951
2026-03-04 14:34:30,0.030375262921968207,0.008740974449156924,0.010677218026964586,0.013092445088100408,0.012821247543188164,0.004271197544912244
2026-03-04 14:35:00,0.004323884405821092,0.006874922408441963,0.012442823643009865,0.011262811228360578,0.00753272639492379,0.002034036830126216
2026-03-04 14:35:30,0.008033344827586206,0.005957241379310345,0.004251827586206897,0.0031471034482758627,0.0066450344827586215,0.00271951724137931
2026-03-04 14:36:00,0.01280375185351219,0.0018112693541156586,0.00521086934032208,0.003220490361736611,0.005867960964171178,0.0038293734266698844
2026-03-04 14:36:30,0.0052092269498655265,0.00991517826356803,0.009424763809392457,0.005203503206675402,0.0021940555823736292,0.00353820426177505
2026-03-04 14:37:00,0.0008280571073867162,0.0021226636319746192,0.0035422098075729366,0.004103765776950135,0.002425477619146148,0.0023374370646251467
2026-03-04 14:37:30,0.002121374124788742,0.006691304797709792,0.0029314662159831673,0.003723795398889387,0.0013179043217328322,0.000572379539888939
2026-03-04 14:38:00,0.015540201351537719,0.006873810508895325,0.007300406840435802,0.007532823058888428,0.005697765825403392,0.004916115018618122
2026-03-04 14:38:30,0.00759126176764716,0.0029950343115279832,0.005068278216490223,0.005658264078071657,0.005629194110141728,0.0032770785199489633
2026-03-04 14:39:00,0.0032621978552463704,0.0026381848901762,0.0037429743801937858,0.003925450846522533,0.003114754663632288,0.002077549050032757
2026-03-04 14:39:30,0.004212455601917307,0.003285561571088658,0.004962964240146212,0.005618124762922859,0.0033629780337253003,0.0010862443532535604
2026-03-04 14:40:00,0,0,0,0,0,0
2026-03-04 14:40:30,0,0,0,0,0,0
2026-03-04 14:41:00,0.02255053622538708,0.0027463705645022233,0.009219524811200383,0.010446463671161074,0.0065154315666057444,0.0027545777440601397
2026-03-04 14:41:30,0.00710006896551724,0.005871965517241379,0.0020178965517241385,0.001636551724137931,0.006729344827586208,0.003707896551724138
2026-03-04 14:42:00,0,0,0,0,0,0
2026-03-04 14:42:30,0.002249793103448276,0.005576172413793103,0.003125586206896551,0.0039039655172413796,0.002141896551724138,0.001184758620689655
2026-03-04 14:43:00,0.001826942969450383,0.0015966140266188535,0.004256913316323012,0.0035025860285497557,0.004186435418247017,0.0022204330735811325
2026-03-04 14:43:30,0.0026549298203262404,0.0029528571921233226,0.00421440148980929,0.00434220781460151,0.003685105355726454,0.0018086698623995584
2026-03-04 14:44:00,0,0.0004187297427763603,0.000530066891938487,0.00032387421557133995,0.00028367009171781257,0.00030456520239983454
2026-03-04 14:44:30,0,0,0,0,0,0
2026-03-04 14:45:00,0.004998310344827586,0.011465000000000001,0.008391344827586206,0.00481703448275862,0.0026640344827586204,0.0015726206896551724
2026-03-04 14:45:30,0.003960655172413793,0.00681948275862069,0.007489241379310344,0.006109000000000001,0.0012435172413793102,0.0006152758620689656
2026-03-04 14:46:00,0.0015413131940133805,0.006117594316849438,0.0023429202013932,0.0029958962687081873,0.0019564797572246364,0.0012607076350093112
2026-03-04 14:46:30,0.010056793103448276,0.008148724137931036,0.00627851724137931,0.00857703448275862,0.0019462413793103449,0.0017734137931034483
2026-03-04 14:47:00,0.004151379310344827,0.0011128965517241379,0.0031604137931034487,0.0030936896551724134,0.0009969310344827586,0.0008462758620689655
2026-03-04 14:47:30,0.0005271724137931035,0.0020138965517241384,0.0014143448275862067,0.0008338620689655172,0.001199655172413793,0.0008316551724137931
2026-03-04 14:48:00,0.000644160143453222,0.0011421083485637434,0.00022597330942446289,0.00019266181592468708,0.0006830925204317388,0.000556674368081658
2026-03-04 14:48:30,0.008558202882559825,0.0016598165643748708,0.0024383490793738363,0.0019948279429004897,0.0024059375215502382,0.0020844769326253364
2026-03-04 14:49:00,0,0,0,0,0,0
2026-03-04 14:49:30,0.00795073143803478,0.0073808653049958605,0.003084011868617169,0.006467326800993652,0.003008349434170577,0.0016382141871377311
2026-03-04 14:50:00,0.0029111540318686627,0.007345450782920605,0.01206318548665241,0.006035938470028282,0.0030460784989997935,0.0015170035179692353
2026-03-04 14:50:30,0.0016804596907785754,0.0010536305908337936,0.003535788238542242,0.0016739715626725568,0.00034055770292655996,0.00032402678078409714
2026-03-04 14:51:00,0.006623297355081209,0.007034449463774612,0.006450463809096866,0.0066489878961343485,0.0037109900341391077,0.0026449532742508354
2026-03-04 14:51:30,0.001724369805855374,0.002647780957964067,0.0021632125245698124,0.003454912238353046,0.0008800648298217178,0.0009177213007345079
2026-03-04 14:52:00,0.0037225172413793105,0.0022425862068965515,0.002731620689655172,0.0022614827586206897,0.0006890689655172414,0.0006712068965517241
2026-03-04 14:52:30,0.0018889999999999998,0.000986655172413793,0.0013351034482758622,0.0011975862068965516,0.0016766896551724138,0.0007268965517241378
2026-03-04 14:53:00,0.004548724137931034,0.0018880689655172412,0.002054689655172414,0.0013419310344827586,0.002320620689655172,0.0016618620689655172
2026-03-04 14:53:30,0.004673275862068966,0.001834689655172414,0.0015678275862068965,0.0011568965517241379,0.0010117241379310345,0.0006959655172413793
2026-03-04 14:54:00,0.002691862068965517,0.0027377586206896553,0.00558503448275862,0.002561448275862069,0.0010807586206896553,0.0012189310344827586
2026-03-04 14:54:30,0,0,0,0,0,0
2026-03-04 14:55:00,0.004707058864098761,0.0002645263629780336,0.0006366426428497536,0.0022670092072140414,0.000835856408841684,0.0007470602434566708
2026-03-04 14:55:30,0.0037082413793103446,0.001067551724137931,0.002329965517241379,0.003046344827586207,0.0005770689655172416,0.00018296551724137925
2026-03-04 14:56:00,0,0,0,0,0,0
2026-03-04 14:56:30,0.007649379310344827,0.007275137931034482,0.008587275862068965,0.006672758620689656,0.0018384137931034483,0.0016591034482758623
2026-03-04 14:57:00,0.001156167028723148,0.00031240302058549695,0.0042549567256301496,0.0016507706630805833,0.000347505258439364,0.00020526878383504016
2026-03-04 14:57:30,0.0034238620689655175,0.0007405172413793101,0.0007022413793103451,0.002707758620689655,0.0009534827586206897,0.001385448275862069
2026-03-04 14:58:00,0.013240965517241379,0.019582999999999996,0.00967803448275862,0.01503662068965517,0.015238379310344828,0.004476965517241379
2026-03-04 14:58:30,0.0025356736439187556,0.005531673505982964,0.003688092692851477,0.0032046622297320594,0.0030223111141763504,0.001741335908134763
2026-03-04 14:59:00,0.0031421626094752086,0.0008113578373905247,0.003253982483966623,0.001311461278532515,0.0020855458244259015,0.0016102337769808978
2026-03-04 14:59:30,0.005464740163453912,0.009003793234249456,0.010369219628263041,0.011662091796268835,0.0046606779544122205,0.0034571192110072753
2026-03-04 15:00:00,0.005752448275862069,0.004381862068965517,0.008590275862068966,0.004048344827586207,0.0033204827586206897,0.003079724137931035
2026-03-04 15:00:30,0.001680644160143453,0.002915203972550777,0.0007096106762302149,0.006043208386496086,0.002514569467912686,0.002292561812476292
2026-03-04 15:01:00,0.0022899855162424997,0.002126456997034278,0.0022084281674598248,0.002664528588178495,0.0011803917511552522,0.0008200220704876199
2026-03-04 15:01:30,0.003709285886693562,0.006921278576600807,0.003129616220130341,0.00917199406917003,0.0018440053791248575,0.003361194441570981
2026-03-04 15:02:00,0.013378008413212883,0.004751775739604165,0.004331770222743259,0.009348355285842354,0.008515412730156541,0.003913419764154196
2026-03-04 15:02:30,0,0,0,0,0,0
2026-03-04 15:03:00,0.005592600255163614,0.0023691941657184227,0.00415658080755836,0.0024745008792800244,0.004272680252405089,0.0035227061135822894
2026-03-04 15:03:30,0.004172661126245732,0.004396565398806855,0.0038246146418842025,0.0067547846477464734,0.0057258870995551565,0.0011921790406565745
2026-03-04 15:04:00,0.005997758620689656,0.0021603793103448276,0.001006103448275862,0.0007262413793103447,0.0023748620689655175,0.0014044827586206898
2026-03-04 15:04:30,0.0027737241379310346,0.005515724137931034,0.006808655172413794,0.006872689655172413,0.0065665517241379305,0.00479151724137931
2026-03-04 15:05:00,0.010424965517241381,0.005604758620689655,0.0056822413793103455,0.0034123793103448276,0.007333586206896551,0.001526758620689655
2026-03-04 15:05:30,0.004138728921686954,0.004189213421152453,0.0018970654160488287,0.0025443635987447842,0.0007446463671161074,0.001409014103934618
2026-03-04 15:06:00,0,0,0,0,0,0
2026-03-04 15:06:30,0.011380129664114768,0.006642285674874129,0.006485205876267329,0.007681495275536244,0.005400096558383336,0.005748189530312435
2026-03-04 15:07:00,0.0014698437877168177,0.00078337184040829,0.0013154591537639228,0.0014003241491085895,0.0019824131866616086,0.0018417186799544807
2026-03-04 15:07:30,0.004166074692230766,0.002884444291182454,0.0028296837821993855,0.0015824683609779646,0.0016642642849753438,0.0027995792958377874
2026-03-04 15:08:00,0.0027488792330505546,0.0017918477136354232,0.0014962411200772467,0.0015918339195806607,0.00302376025932823,0.0014377198427477757
2026-03-04 15:08:30,0.0011725350898368796,0.0010670759044039038,0.0009063351381177363,0.0009513397937717694,0.000763044452874435,0.0005238472945477119
2026-03-04 15:09:00,0,0,0,0,0,0
2026-03-04 15:09:30,0.008392951967173545,0.0038920382055791175,0.0031075135340160685,0.002618323506085997,0.004539498637978,0.001995276024964656
2026-03-04 15:10:00,0.0062914295568201415,0.005790722538368684,0.0037382652181410588,0.003395137092602173,0.005721814105880324,0.002924124849111916
2026-03-04 15:10:30,0.006010965517241379,0.005046172413793103,0.004433793103448276,0.004362862068965517,0.007297068965517241,0.0022637241379310346
2026-03-04 15:11:00,0.0030924610291074633,0.0028235273830873224,0.0016307076838184577,0.002401124293005932,0.0026139812387915577,0.0013594978617740376
2026-03-04 15:11:30,0.008488913410807267,0.0068747887858201994,0.004335839166867823,0.010419221352460428,0.0076840925549156855,0.005781026931963171
2026-03-04 15:12:00,0,0,0,0,0,0
2026-03-04 15:12:30,0.002226869892065243,0.003050587951308665,0.003856960584847753,0.003388565122935273,0.0041126245732611465,0.002947377495775716
2026-03-04 15:13:00,0.0067104137931034485,0.022610586206896554,0.018323965517241383,0.015488827586206896,0.010688724137931033,0.007638275862068966
2026-03-04 15:13:30,0,0,0,0,0,0
2026-03-04 15:14:00,0.0012732257397061865,0.00458469549624112,0.0006947030829712393,0.0026950824194772053,0.0017908821298020553,0.002326436305952134
2026-03-04 15:14:30,0.0032954098699865503,0.003687209021622926,0.005584577714936027,0.006686174431837777,0.0030727316618960575,0.00211028727109701
2026-03-04 15:15:00,0.005666827602855467,0.0034997068662275406,0.010151705348829188,0.0037368348449839635,0.0017400075869917577,0.0010208297410076903
2026-03-04 15:15:30,0.0027580344827586208,0.002405896551724138,0.003215241379310345,0.0026427241379310346,0.000655551724137931,0.000455103448275862
2026-03-04 15:16:00,0.000060764906714487695,0.000965961996068559,0.0028724695658171534,0.006779804807393867,0.002524605993723488,0.0017448011863296202
2026-03-04 15:16:30,0.0025475550037933653,0.0007061521484240292,0.002493965101041451,0.0006848403338161254,0.00033474722394647913,0.000377853645078971
2026-03-04 15:17:00,0,0,0,0,0,0
2026-03-04 15:17:30,0,0,0,0,0,0
2026-03-04 15:18:00,0.001693989447911997,0.002105658815821235,0.0028402703541501426,0.005730404496706782,0.0019240663471154175,0.0012272836994379117
2026-03-04 15:18:30,0.004096423767975997,0.0019849294754629787,0.001660999413732455,0.0021275994068351897,0.0007760113115149842,0.0002818567438010828
2026-03-04 15:19:00,0.002030483809786544,0.0009365840201386254,0.002460808993413566,0.0022619745508465805,0.0020072761129694126,0.0005503293217007482
2026-03-04 15:19:30,0.002302365680391752,0.0010834540313125046,0.00020497965376922543,0.00033071246292847793,0.0013497827436374924,0.0006972894682391891
2026-03-04 15:20:00,0.010599165430906643,0.009321171155636791,0.009636514122150568,0.0071855364348036,0.0018036348587784942,0.004059350967341449
2026-03-04 15:20:30,0.01288677748654987,0.012108739136432612,0.009210408332183749,0.007679231618154228,0.005100875982894193,0.001955683542557594
2026-03-04 15:21:00,0.003840344827586207,0.0022373793103448274,0.0032263448275862065,0.0039580344827586204,0.0008037241379310345,0.0009793103448275864
2026-03-04 15:21:30,0.003206772880888337,0.004284329953789917,0.0019310986964618255,0.00024853438168149545,0.00042747775708669574,0.0003755431409062693
2026-03-04 15:22:00,0,0,0,0,0,0
2026-03-04 15:22:30,0.003807055659010966,0.003990171735981792,0.0030981446996344573,0.004186702531209049,0.0038222291192496036,0.001127422580867646
2026-03-04 15:23:00,0.003850443118728232,0.0019177557846822302,0.005519086865064311,0.0008361667643711852,0.001296148143039415,0.0007457153694954997
2026-03-04 15:23:30,0.0020829310344827588,0.0010160000000000002,0.0013046551724137934,0.0010773103448275861,0.0011702413793103449,0.000135448275862069
2026-03-04 15:24:00,0.0034682736740464857,0.0012950203462307745,0.0016889095799710325,0.0029524794813435406,0.0018277467411545623,0.0012412235326574245
2026-03-04 15:24:30,0.0036719084074763784,0.002902545003103663,0.0032837781915994214,0.00335471411821505,0.000926443202979516,0.0007903648527484655
2026-03-04 15:25:00,0.003921313058170407,0.004922623357815246,0.011199958622116478,0.003626219785524637,0.002665080514465018,0.004520223440571015
2026-03-04 15:25:30,0.0020533232159486775,0.0032032214672507156,0.0029790294208946982,0.0010775359569551266,0.0007832925188838687,0.0006396716448797987
2026-03-04 15:26:00,0.004161632878223694,0.004938422286581161,0.004922872707212798,0.0024744862777547924,0.002863811888015446,0.0023897393462970623
2026-03-04 15:26:30,0.004453805566093043,0.008877745973721419,0.009404248715384351,0.004165810256233403,0.0030768700210366587,0.0028779184053522775
2026-03-04 15:27:00,0.012530572128151186,0.01002748560195882,0.007442287133151704,0.006973307583543124,0.0043966962099527525,0.003735800255198813
2026-03-04 15:27:30,0.005211192331563341,0.002209537273291497,0.003551203365285153,0.003089511068202193,0.0012328460106199575,0.0008140817874629335
2026-03-04 15:28:00,0.0013690472085244316,0.004840477257836476,0.0037991654884651192,0.004401703507017483,0.004066657470947273,0.0029548260284837403
2026-03-04 15:28:30,0.004345265190702807,0.00565966618387475,0.0026985309331678045,0.002675218980619353,0.003382750534519622,0.0023186426650113803
2026-03-04 15:29:00,0.0039111318021932545,0.0024380302089799296,0.00019284088557831573,0.001548244706531485,0.0008112973308504034,0.0007271880819366852
2026-03-04 15:29:30,0.0036834137931034483,0.0037564827586206895,0.0037546896551724136,0.004503551724137932,0.002185034482758621,0.0017936551724137932
2026-03-04 15:30:00,0,0,0,0,0,0
2026-03-04 15:30:30,0.012954822912715108,0.012536400317274201,0.0045053626237196946,0.009389040245542641,0.005771286684829465,0.004985515743007897
2026-03-04 15:31:00,0.0010016896551724136,0.0030861724137931034,0.003351448275862069,0.004137999999999999,0.002009862068965517,0.00172
2026-03-04 15:31:30,0.006662275407800807,0.0360018277752871,0.02015477463185847,0.04894696003034797,0.03947453184812222,0.004027278684001793
2026-03-04 15:32:00,0.0035254845161735294,0.0026211118008138507,0.004268570246223878,0.001729498586109386,0.0014615145872129112,0.004121249741361473
2026-03-04 15:32:30,0.009398420526261336,0.00649784460461427,0.005798634341483601,0.004016070627996,0.0049722385074318035,0.0041828809876883815
2026-03-04 15:33:00,0.00023308504034761027,0.0014703427822608459,0.00171535967997793,0.0005249327539830334,0.0005890061383543693,0.000335333471273881
2026-03-04 15:33:30,0.00409717576468154,0.00018683402875961235,0.003929583778750991,0.0031256250215524668,0.001918962722852512,0.00145525707783027
2026-03-04 15:34:00,0.003921620689655172,0.0006895172413793104,0.0023310344827586205,0.0023621379310344824,0.002682241379310345,0.0018194482758620689
2026-03-04 15:34:30,0.0017087730188288847,0.0016066625284502378,0.0016290778674391336,0.0013220222084281675,0.0010402096696323882,0.000745016897717084
2026-03-04 15:35:00,0.00666766673563694,0.01386933581626319,0.008319677219118561,0.007468204703772674,0.006064176839782054,0.00449620663494034
2026-03-04 15:35:30,0.005828821683506328,0.008053829442394564,0.004478430290699679,0.006233525293975654,0.004659712403875995,0.003205869167902341
2026-03-04 15:36:00,0,0,0,0,0,0
2026-03-04 15:36:30,0.005444114908438803,0.0044761527054522875,0.003041762940993896,0.0035430906645515054,0.004013863503121012,0.001346484119046798
2026-03-04 15:37:00,0.006974412028415754,0.007553900268984069,0.007783640251051799,0.002858610938685427,0.0047591902889854475,0.0018750948341264917
2026-03-04 15:37:30,0.0068796813573349875,0.005766639078557141,0.005669115111386991,0.004599558590247603,0.0074146837712945725,0.002090764880336575
2026-03-04 15:38:00,0.0025873995655022585,0.0037201972481809716,0.0029335494327390596,0.0023722197317148862,0.001704472568019587,0.0015902617331632124
2026-03-04 15:38:30,0.0034887176853278553,0.0029486389316897795,0.0035622324944358844,0.007423180962164013,0.0026939222735832906,0.0017879815100154085
2026-03-04 15:39:00,0.0018719009689321057,0.003935071204441225,0.003027171476845626,0.0023060928933485046,0.0027409054860177235,0.0012943001965449465
2026-03-04 15:39:30,0.0020092072140418635,0.0013819097210248624,0.0011476257801993173,0.0011249353425980203,0.0011182799406876094,0.0009361012448705125
2026-03-04 15:40:00,0.0034631909244508805,0.0020813420226888724,0.0015579462777145614,0.0021442019240715832,0.004740353780904106,0.0027447674218130406
2026-03-04 15:40:30,0.00034013793103448265,0.003824655172413793,0.0015958620689655173,0.0014036206896551723,0.00391351724137931,0.0018450344827586206
2026-03-04 15:41:00,0.009579212359473066,0.004215394165114836,0.00356179736533554,0.00033605765914890696,0.001972860197254983,0.004146630802124284
2026-03-04 15:41:30,0,0,0,0,0,0
2026-03-04 15:42:00,0.16586112835367958,0.004014587212911236,0.010578315745913515,0.0027317401200082766,0.012078039864818266,0.003750500034485138
2026-03-04 15:42:30,0,0,0,0,0,0
2026-03-04 15:43:00,0,0,0,0,0,0
2026-03-04 15:43:30,0.08451631034482758,0.21243268965517242,0.0012988275862068962,0.0036390344827586206,0.0021914827586206895,0.001292758620689655
2026-03-04 15:44:00,0.022587344827586207,0.056667551724137934,0.0036875862068965516,0.001248448275862069,0.00426,0.002093655172413793
2026-03-04 15:44:30,0.01054551724137931,0.0005897931034482761,0.006991620689655172,0.0010937931034482758,0.005806310344827586,0.00538151724137931
2026-03-04 15:45:00,0.004919859305493292,0.05026783682195938,0.0023401151763853922,0.0033060795199834478,0.0018412359046863684,0.00026476775061209007
2026-03-04 15:45:30,0.002178470450313771,0.056435625129301434,0.004301737811185436,0.0007285359630370321,0.000939693814219709,0.0009528653196331288
2026-03-04 15:46:00,0.17069344827586208,0.00428710344827586,0.006068586206896552,0.0016353793103448275,0.0024711034482758623,0.0014112413793103448
2026-03-04 15:46:30,0.12818355805372597,0.02333221835235698,0.030453532880444147,0.02088620297251629,0.006555363978068209,0.005928687196110211
2026-03-04 15:47:00,0.010524119857935934,0.006195717389055551,0.0075087065963242655,0.010849522430261027,0.010822109582428194,0.004864590876176684
2026-03-04 15:47:30,0.004275936972037375,0.0016167982622487332,0.004604454711581561,0.0035591490535461846,0.0015849050098265692,0.0008320518567044789
2026-03-04 15:48:00,0.01432795420847557,0.21455236958380747,0.00945781179959312,0.004546153580911003,0.0026222544050205168,0.0032669563118513157
2026-03-04 15:48:30,0.0021275260362783642,0.06683909235119664,0.001325677632940203,0.0011821504931374578,0.001671425615559694,0.0030529691702876065
2026-03-04 15:49:00,0.0020840573713970484,0.0391241897669287,0.0009959315956419804,0.0007964073920838505,0.0014706592194180111,0.00089498000275824
2026-03-04 15:49:30,0.00028029101441279903,0,0.000029480725467208976,0.0010739604165229985,0.0038206330597889797,0.0014259361423350114
2026-03-04 15:50:00,0.00011627185269473464,0.027852729216233923,0.0018388676252543013,0.002089686562532326,0.0006941484776387024,0.0006338057308368677
2026-03-04 15:50:30,0.0039268645908761765,0.04649805179131753,0.0035137064239164164,0.001309816902865418,0.0008416951139615874,0.0004808454880866176
2026-03-04 15:51:00,0.004773689655172414,0.03694658620689656,0.004559275862068965,0.0066223793103448265,0.0037208275862068963,0.0029491034482758615
2026-03-04 15:51:30,0.007071827586206896,0.06656986206896552,0.004482482758620689,0.0005307586206896553,0.0009417241379310346,0.0016218275862068966
2026-03-04 15:52:00,0.0062673035141566375,0.029554747042797532,0.003485153636583094,0.011469083008587094,0.0026829672035038107,0.0024818084629444426
2026-03-04 15:52:30,0.013427300624073374,0.09594759374432528,0.02541981863945109,0.014146329690032069,0.008557494052339415,0.008179843464469195
2026-03-04 15:53:00,0.004841419261404778,0.22524002620599287,0.014203234371228576,0.012514292610599633,0.00877538705561877,0.012204855004999824
2026-03-04 15:53:30,0.0026905623944001927,0.09809440003792973,0.0030765146029447256,0.0053612289231405805,0.0048887624564670175,0.002783283335057412
2026-03-04 15:54:00,0.02833293103448276,0.006725275862068964,0.0021463103448275864,0.0018119310344827586,0.0023342413793103448,0.00256951724137931
2026-03-04 15:54:30,0.2764461368805569,0.002303742504652285,0.0031212350954579918,0.0028921014542697635,0.004224171204080226,0.001908470604452409
2026-03-04 15:55:00,0.34420090946672177,0.008287446603279592,0.006339775389279315,0.003140657296403472,0.008246245004822928,0.004858619264158742
2026-03-04 15:55:30,0.17448348617527407,0.013403778528580294,0.020129662828380336,0.013989760739157416,0.005183100048265876,0.003988554092256774
2026-03-04 15:56:00,0.15301144177529483,0.001757569487550865,0.0007533623008483344,0.0077896751500103455,0.0008657148768880613,0.0005826263880267606
2026-03-04 15:56:30,0.003223202896052405,0.00833308050336149,0.009894121703154627,0.016541630753318392,0.017251060162041025,0.007540458541630752
2026-03-04 15:57:00,0.12030646162333633,0.022479760016550585,0.019951382663264603,0.02162430177229157,0.00693686642300531,0.007320426177505
2026-03-04 15:57:30,0.06586135438935248,0.010565754085925107,0.027910385490655817,0.020598441486794017,0.021655989242121237,0.004824529342803944
2026-03-04 15:58:00,0,0,0,0,0,0
2026-03-04 15:58:30,0,0,0,0,0,0
2026-03-04 15:59:00,0.12068364250741329,0.016636369905523758,0.006306185780291013,0.0092908420108958,0.02130659954485898,0.006383697676022344
2026-03-04 15:59:30,0.09401269009276181,0.0064146349874133575,0.018945446394703264,0.013821855926066414,0.0076884375323287004,0.0035605365702265595
2026-03-04 16:00:00,0.026126064618461432,0.014722837143546776,0.04803220578600738,0.005778800731009275,0.003626702527499052,0.004271232026481845
2026-03-04 16:00:30,0.0464325172413793,0,0.008331586206896552,0.0044004827586206895,0.00467051724137931,0.002393551724137931
2026-03-04 16:01:00,0.01665256370469982,0.3573456432536809,0.019413640908934174,0.016284403986069444,0.010583359194510531,0.010902417158029032
2026-03-04 16:01:30,0.01796927162367223,0.21696378810870467,0.010571906469857912,0.02364815836667127,0.0076844392329976545,0.005836149813767416
2026-03-04 16:02:00,0.06079365626616101,0.062062851232546117,0.04085092225478366,0.0015924495776590245,0.04087202206516118,0.005086812618514049
2026-03-04 16:02:30,0.02287055172413793,0.1833248620689655,0.021870758620689656,0.014231586206896551,0.01692751724137931,0.011780896551724138
2026-03-04 16:03:00,0.019219493688349316,0.134079913085466,0.02380020004138788,0.03454711319583362,0.02585038283782852,0.020139891011933506
2026-03-04 16:03:30,0.01010623038995966,0.09135609249502924,0.0037393373099334558,0.018903147950212047,0.007015136365203601,0.005423232079440059
2026-03-04 16:04:00,0.0007813103448275861,0.11188981448275863,0.015437655172413795,0.011260172413793105,0.0035287586206896554,0.0004817586206896553
2026-03-04 16:04:30,0.027119060754430734,0.1070816840217916,0.004876767119509,0.004949900006896076,0.005130094476243018,0.004142403972139852
2026-03-04 16:05:00,0.010419424906909391,0.2585105638256792,0.005718521583229899,0.0032727554820024827,0.004077403116811474,0.0036906633567783753
2026-03-04 16:05:30,0.054766034482758616,0.006058931034482755,0.007545827586206896,0.010158931034482758,0.012090310344827587,0.005347172413793103
2026-03-04 16:06:00,0.043025724137931036,0.12463689655172415,0.033109724137931035,0.026269724137931032,0.03099748275862069,0.018341103448275862
2026-03-04 16:06:30,0.015846700227570513,0.17019119371077857,0.006506137507758086,0.014536204399696573,0.0131742983242535,0.0048708364940348945
2026-03-04 16:07:00,0.01496252846594438,0.0013331723138499665,0.005533641570630047,0.008765647643364847,0.01397677869022152,0.006658650196673798
2026-03-04 16:07:30,0.006895861332230608,0.4432602338215192,0.005066818291464214,0.014672800578931047,0.004667286949929357,0.0017029532375340297
2026-03-04 16:08:00,0.02415689655172414,0.0035354827586206927,0.018570724137931035,0.008515275862068966,0.010885999999999998,0.003581448275862069
2026-03-04 16:08:30,0.0000083442521205441,0.12609323494931385,0.00756851251637818,0.01287180194469347,0.0009976898144955521,0.0015629611750913733
2026-03-04 16:09:00,0.0032200420704162212,0,0.006288078899272388,0.003525569847236112,0.01765774681885582,0.004198903410462429
2026-03-04 16:09:30,0,0.21234818288393903,0,0,0,0
2026-03-04 16:10:00,0.005947424670757773,0.03243456526235951,0.01646255947045439,0.01034130869475281,0.004041405226504861,0.005774322553954355
2026-03-04 16:10:30,0.054390155565520334,0.12456731399399816,0.004419612983339657,0.00480462902280018,0.0025940809216653438,0.0017063571453209618
2026-03-04 16:11:00,0.029197606648963686,0.026878194295961645,0.009983653481394628,0.016198261889160945,0.0193791081836052,0.014502017450081041
2026-03-04 16:11:30,0.010848546501603502,0.4293816570513926,0.012773026656091587,0.003807027828545812,0.007496189523776681,0.004285665022931825
2026-03-04 16:12:00,0.07267049451686323,0.06757069453065727,0.022254431340092418,0.014818746120422097,0.01762187047382578,0.009651872542933995
2026-03-04 16:12:30,0.007300193050193052,0.23985279922779926,0.006560914230557088,0.008175779095421953,0.00492788196359625,0.0019404646993932714
2026-03-04 16:13:00,0.06226570098292808,0.09934612864286943,0.026257768580789792,0.034581583031557166,0.016487635799275736,0.013070322469391273
2026-03-04 16:13:30,0.014021831350232798,0.14100872071046733,0.008282738403172962,0.0055717882393516134,0.0020930505259527505,0.0003936195895844113
2026-03-04 16:14:00,0.07438754957751337,0.22666001034661146,0.014031764097258146,0.01194419727539231,0.01876595964821521,0.013263217796171753
2026-03-04 16:14:30,0.025912389624724065,0,0.0023891073399558505,0.0048305394591611475,0.0028545115894039732,0.004479891004415011
2026-03-04 16:15:00,0.02120474471376999,0.28933670276774975,0.010423757950833763,0.010931373560254426,0.005146432869176551,0.00943957366340038
2026-03-04 16:15:30,0.01831117470606489,0.15790528566010414,0.021788470158259493,0.017515326000758544,0.008531979450401683,0.007308312933144849
2026-03-04 16:16:00,0.0034377996206242456,0.1707283986652871,0.0031591653733402314,0.00485266425245732,0.0010747370236247626,0.00132595275047422
2026-03-04 16:16:30,0.030236395613490594,0.00521135940409685,0.0230103110559349,0.017193944409959312,0.0039695841092489146,0.004702634664459618
2026-03-04 16:17:00,0.017107870514013856,0.005940048953700831,0.034534043506739755,0.0264434102113283,0.000003171648222842585,0.011561174888819938
2026-03-04 16:17:30,0.005518759068610516,0.07346797484972017,0.004413355904097285,0.03876494161542182,0.008063392044957277,0.002824397153319975
2026-03-04 16:18:00,0.005117328830846629,0.006134833396505982,0.011710588883911651,0.011498087591743911,0.004776575583198374,0.005131973398573448
2026-03-04 16:18:30,0.0039095141211765915,0.10264995344667058,0.006686334011517637,0.002245767095417083,0.004041173833580468,0.003993792889409979
2026-03-04 16:19:00,0.0018337931034482758,0.002155862068965519,0.006227137931034483,0.006766172413793102,0.007720551724137931,0.0033893103448275866
2026-03-04 16:19:30,0.007268482758620689,0.08130918907586208,0.003003103448275862,0.0026223103448275863,0.001490413793103448,0.0016575862068965517
2026-03-04 16:20:00,0.005401048312010759,0.043989758267526456,0.0011420048967205761,0.002603951860408979,0.002317700610365874,0.001367426462981482
2026-03-04 16:20:30,0.0035998413847798355,0.06060709668517177,0.0041103410227233544,0.0026985276369780355,0.002142857142857143,0.0022845419123478502
2026-03-04 16:21:00,0.006596744715335011,0.05753763922893892,0.002143177350943136,0.0029361012448705123,0.0031183833925307767,0.0004519811027966481
2026-03-04 16:21:30,0.009725112927140442,0.053437331225360055,0.009185131547188027,0.013029895520844107,0.003045757042860591,0.003673080238612461
2026-03-04 16:22:00,0.023120517241379313,0.08189279310344827,0.012004586206896553,0.009068517241379309,0.004119586206896552,0.003371068965517241
2026-03-04 16:22:30,0.0017003206785972896,0.0011638564187441808,0.004010241026171511,0.0015148443157132511,0.00039812420261370297,0.0003519878624875003
2026-03-04 16:23:00,0,0.04168207992827834,0,0,0,0
2026-03-04 16:23:30,0,0,0,0,0,0
2026-03-04 16:24:00,0,0,0,0,0,0
2026-03-04 16:24:30,0,0,0,0,0,0
2026-03-04 16:25:00,0,0,0,0,0,0
2026-03-04 16:25:30,0,0,0,0,0,0
2026-03-04 16:26:00,0.04113923657804903,0.01122281990276197,0.008279507603186095,0.011440295162235783,0.002373262990931347,0.001998758663494362
2026-03-04 16:26:30,0.003570793103448276,0.006585379310344827,0.006871655172413793,0.005148862068965517,0.003108896551724138,0.0010169310344827587
2026-03-04 16:27:00,0.0033316206896551715,0.037683103448275856,0.003892103448275862,0.0018873793103448275,0.002426758620689655,0.0014096206896551723
2026-03-04 16:27:30,0.012070169994138132,0.008650563773662974,0.015328609358297987,0.0243850212061653,0.0054563635736698726,0.002179683459191062
2026-03-04 16:28:00,0.015220076554363944,0.11484975343977377,0.007400427600951756,0.008530914859133073,0.003556915755715714,0.0037400944860167588
2026-03-04 16:28:30,0.00861113985169857,0.008610967408173825,0.0028611829625797554,0.0034230039662010692,0.006123710984652527,0.003705294016209691
2026-03-04 16:29:00,0.004968589456263146,0.05200293073130366,0.0032351480881288143,0.005943661000586146,0.004545529772782127,0.002581663965796642
2026-03-04 16:29:30,0.0027456370283506933,0.0018522452921294053,0.0023898047871973517,0.0017972339104642342,0.0013396219907567085,0.0014962406015037594
2026-03-04 16:30:00,0.0008171976279133913,0.0004746586677699628,0.0006666321886636328,0.0014471452213487793,0.0009315266859743483,0.0007274169080126881
2026-03-04 16:30:30,0.01155606896551724,0.09842970483218391,0.004530379310344826,0.008525379310344828,0.003384448275862069,0.003446655172413793
2026-03-04 16:31:00,0.013277404227440432,0.050338815902899896,0.006803489534843625,0.00797634564325368,0.0058704182614392605,0.002142477845591531
2026-03-04 16:31:30,0.008061831850472446,0.04601289744120284,0.0008417477067383952,0.005284329953789917,0.00309200634526519,0.0004931029726188013
2026-03-04 16:32:00,0.0133454708458329,0.07429764490879624,0.0028497638012482335,0.0050896520809627244,0.00711054791214096,0.00245988069376918
2026-03-04 16:32:30,0.010846862068965516,0.07808610344827586,0.010022689655172412,0.005224620689655172,0.002810103448275862,0.004185344827586207
2026-03-04 16:33:00,0.0009778283507465256,0.006023585393607117,0.0018794179511051343,0.0017258025585324644,0.00039460708251439587,0.0006310816868383849
2026-03-04 16:33:30,0.005512754222681833,0.04870227507755947,0.00835094794898311,0.005674767321613237,0.0029954498448810755,0.0023949672526714927
2026-03-04 16:34:00,0.0008388042203985933,0.06416512654299704,0.000440797186400938,0.0014557616716088543,0.002336459554513482,0.0012868422867388454
2026-03-04 16:34:30,0.001017655172413793,0.0014985862068965488,0.002016448275862069,0.001458103448275862,0.0005427586206896553,0.0005455862068965518
2026-03-04 16:35:00,0.012754052003586454,0.0642071522173943,0.004277915718325401,0.0021623560245534173,0.003158941995999724,0.01810317952962273
2026-03-04 16:35:30,0,0,0,0.003279660724752612,0,0
2026-03-04 16:36:00,0.005745086545755466,0.05669908971795049,0.008380249637956003,0.004631611612992207,0.005803427349837943,0.0032045720984759675
2026-03-04 16:36:30,0.0030398951760284127,0.10315444295024308,0.0032099582773007823,0.0012014068480397226,0.0028434881555808415,0.0003732629909313472
2026-03-04 16:37:00,0.006360159994482948,0.04517351125823248,0.0049642426123237115,0.004787145270852729,0.003143857108375573,0.003062756456673907
2026-03-04 16:37:30,0.01791434482758621,0.12802991548505746,0.01352658620689655,0.009418448275862069,0.004960448275862069,0.006119344827586206
2026-03-04 16:38:00,0.006345896551724138,0.06925896551724137,0.006250310344827586,0.013218758620689655,0.004111999999999999,0.005902310344827587
2026-03-04 16:38:30,0,0,0,0,0,0
2026-03-04 16:39:00,0.003425970622715675,0.021059409695883054,0.010914005930625475,0.008878318736638852,0.006718053927315357,0.009973105303082546
2026-03-04 16:39:30,0.002574531912692666,0.13766521664425363,0.00020147581117892493,0.0014619840695148443,0.0009908968656253234,0.0008781076514602946
2026-03-04 16:40:00,0.0003535172413793107,0.07193475862068965,0.0033966896551724138,0.0012012758620689656,0.0010737586206896552,0.0012195862068965517
2026-03-04 16:40:30,0,0.055726269696238326,0,0,0,0
2026-03-04 16:41:00,0.003488999241326988,0.030276467342575348,0.000313987171529071,0.000041795985930064304,0.00029343402993309867,0.0019348920615214842
2026-03-04 16:41:30,0.00632533360918589,0.029793007137684905,0.0013135753939519327,0.0024258473845729456,0.01182304058480742,0.00101448225923244
2026-03-04 16:42:00,0.0004791214096065649,0.04741505465328781,0.0009727250784455703,0.003868521775111202,0.005761077204234336,0.00038974518120064844
2026-03-04 16:42:30,0.014802765421882002,0.012951174097444916,0.009136064273645736,0.006091376159442777,0.012737526292196818,0.008106513568497637
2026-03-04 16:43:00,0,0,0,0,0,0
2026-03-04 16:43:30,0,0,0,0,0,0
2026-03-04 16:44:00,0.0008833408048553397,0.0030480016552294903,0.003683678747543018,0.002324390496224007,0.0035277768198903408,0.0018579951032794233
2026-03-04 16:44:30,0.00607399744836385,0.0027729043826074965,0.003455880831695459,0.00448619013137478,0.0037730078273162998,0.0043300231026516325
2026-03-04 16:45:00,0.00033986206896551686,0.0020482758620689657,0.0008295172413793104,0.0010280689655172413,0.0008124482758620689,0.0001292758620689656
2026-03-04 16:45:30,0.004355160166890797,0.0028329367952829214,0.0035391883038515914,0.004609703113685734,0.0034066411503051617,0.0029776559428985206
2026-03-04 16:46:00,0.0016591496844936386,0.0017513189200372404,0.002309334160891004,0.0014425364642598533,0.0030662046136340124,0.0023322988862453024
2026-03-04 16:46:30,0.0038926280946141646,0.001367905661678505,0.003379180746155438,0.0030185159644162476,0.0013744914143852148,0.0005725812012964623
2026-03-04 16:47:00,0.0031929522101924,0.0024776911937107785,0.001949003516998828,0.0019382456382318462,0.0013412868078063582,0.0009397627749810357
2026-03-04 16:47:30,0.008628538915135004,0.010026828511327976,0.004977447498189592,0.005437359908962377,0.0016855753646677469,0.0022640780716576435
2026-03-04 16:48:00,0.007939760697906967,0.013336747008723835,0.007593324368125236,0.005768283852280955,0.0020347229405882554,0.0014725009482431637
2026-03-04 16:48:30,0.001983551724137931,0.0009846551724137932,0.001375793103448276,0.001719103448275862,0.003002344827586207,0.004589862068965517
2026-03-04 16:49:00,0.0038782413793103454,0.0006065517241379309,0.000998551724137931,0.0009478620689655172,0.0012067241379310344,0.0007714827586206897
2026-03-04 16:49:30,0.0039031790910971655,0.0016794014205916833,0.0026153023929384183,0.004108268395283084,0.0031558513205985793,0.0018598027722226053
2026-03-04 16:50:00,0.0026619082100617216,0.0010113444363987448,0.0068708320402744725,0.0007482845419123478,0.0004867073549187959,0.00041681321333747115
2026-03-04 16:50:30,0.0038060823391490245,0.0008682504654851389,0.0013051513688711123,0.0008026687814633475,0.00033545962347424313,0.0004543134956209917
2026-03-04 16:51:00,0.0024457432502327505,0.0038437295265680493,0.002536947001827523,0.005506430812730595,0.0020426192200268954,0.0015209820351022375
2026-03-04 16:51:30,0.01602496465639116,0.007279542084755698,0.008882486810799626,0.014312092686459086,0.0035716354608461777,0.0027311472018206264
2026-03-04 16:52:00,0.010529760673149874,0.009640940754534796,0.028518863369887584,0.011804676184564456,0.002800537968135734,0.0022239809642044285
2026-03-04 16:52:30,0,0,0,0,0,0
2026-03-04 16:53:00,0.003073581132335701,0.002596958830425488,0.0044867940142059165,0.0011799186263016345,0.001382732225363768,0.0019823115647196747
2026-03-04 16:53:30,0.0014386660689036798,0.00025916474118012236,0.0032958237059006103,0.0035176052695106387,0.0014358381901576024,0.0013942131944683933
2026-03-04 16:54:00,0.005925002586117721,0.004510465156373919,0.001019999310368608,0.004416709768628668,0.0021524085376366337,0.0016091858901417194
2026-03-04 16:54:30,0.002901689655172414,0.0020668620689655174,0.0008587586206896551,0.0022743793103448275,0.0013085172413793101,0.0007082758620689654
2026-03-04 16:55:00,0.0025718128211317626,0.0015595020517948893,0.000776061243491155,0.0014733611503844957,0.00226418152350081,0.0010402772509396875
2026-03-04 16:55:30,0.005485448275862069,0.0012428620689655173,0.001410310344827586,0.001323655172413793,0.0006861724137931033,0.00063
2026-03-04 16:56:00,0.008332402330954105,0.005072894038136615,0.008594910520326885,0.00866187372849212,0.0038906244612254746,0.0027923864694320883
2026-03-04 16:56:30,0.00886259094513982,0.012788593496775972,0.011459397951794764,0.009230336884935,0.0024429847246646664,0.0021169270025171542
2026-03-04 16:57:00,0.010960241379310344,0.00416148275862069,0.0016667241379310345,0.0036810344827586205,0.0008197241379310344,0.001895551724137931
2026-03-04 16:57:30,0.010733275862068965,0.010762344827586206,0.00827751724137931,0.010353896551724138,0.003857103448275862,0.0036172413793103446
2026-03-04 16:58:00,0.0012394647906752187,0.0019498586109386851,0.0018035036899096489,0.000021587695703151993,0.0014132353955445204,0.0011831505621077315
2026-03-04 16:58:30,0.0046795862068965514,0.004937310344827585,0.006565,0.005216758620689654,0.0018303103448275863,0.0033581379310344828
2026-03-04 16:59:00,0.00843744827586207,0.004120724137931034,0.003596172413793103,0.006710137931034483,0.0020998965517241377,0.0028054482758620687
2026-03-04 16:59:30,0.0060502051653391255,0.00012227164580531707,0.002443191614082273,0.0012725768076962862,0.0013819523464708113,0.002031998896589772
2026-03-04 17:00:00,0.005094175661229697,0.0019336184006345043,0.0026765405703644946,0.0021617641987654746,0.0015267423014586707,0.0007835787440946239
2026-03-04 17:00:30,0.0012455257077830268,0.003342425600882789,0.0026705058795130857,0.00379637228869961,0.0034905686402979413,0.0034434290837615086
2026-03-04 17:01:00,0.004776111168580393,0.0014518809696217369,0.0025732905761870276,0.0016345298437984894,0.0011873728492120957,0.0010777559394503638
2026-03-04 17:01:30,0.0016534602255094649,0.0035410503086100477,0.0022371297541464085,0.004923519878624875,0.0013264370194131234,0.0005921864763284025
2026-03-04 17:02:00,0,0,0,0,0,0
2026-03-04 17:02:30,0.0021794420882038546,0.004090410675493948,0.0012341298575911175,0.0009494845005344639,0.0007980069652770592,0.0009891383055756697
2026-03-04 17:03:00,0,0,0,0,0,0
2026-03-04 17:03:30,0.009195613944346745,0.006030688596944932,0.006118340746870796,0.005439157270438951,0.0013777455949794835,0.003194613978828316
2026-03-04 17:04:00,0,0,0,0,0,0
2026-03-04 17:04:30,0.0020707979860680047,0.002433374715497621,0.0023633354024415474,0.0035429684805848675,0.0020915925236223184,0.001569004758948893
2026-03-04 17:05:00,0.002408868353906627,0.0024456934004551414,0.003233570098613889,0.0025195158954554858,0.0014935866491966072,0.0022322253637680157
2026-03-04 17:05:30,0.003760448275862069,0.00006668965517241348,0.0008793793103448274,0.0004538965517241382,0.0011160344827586205,0.002228862068965517
2026-03-04 17:06:00,0.004280793103448276,0.001306344827586207,0.004490275862068966,0.004342655172413792,0.0026701034482758622,0.002580758620689655
2026-03-04 17:06:30,0.0023586330563122866,0.008836201248318905,0.004389944480844166,0.005455084658091657,0.001864374633608055,0.0010206903686334012
2026-03-04 17:07:00,0.007567221819937243,0.006739146925968069,0.005871763042653701,0.005984517775249128,0.004387607323885383,0.00485759111754767
2026-03-04 17:07:30,0.0035208096272542322,0.00829967932140271,0.007303230923071617,0.00028188683148856937,0.0025708768663149544,0.0030556532533360914
2026-03-04 17:08:00,0.015153488051312112,0.005012172833545984,0.006589227214731541,0.007208352012138349,0.0032138004758784783,0.004038001310390013
2026-03-04 17:08:30,0.001218544188131444,0.006652770594117445,0.004601048239715872,0.0036104961897865592,0.0033532636805627394,0.0036067721802696463
2026-03-04 17:09:00,0.0008428039445555479,0.004543238397351906,0.0031225777532583963,0.0032814288669746916,0.003100234466588511,0.0020027929108337355
2026-03-04 17:09:30,0.0031103793103448274,0.004613758620689655,0.004800896551724138,0.006040206896551725,0.003999586206896551,0.003192551724137931
2026-03-04 17:10:00,0.008131413793103448,0.009420172413793103,0.005329896551724138,0.00651396551724138,0.003269448275862069,0.004349551724137931
2026-03-04 17:10:30,0.002355,0.004390862068965517,0.0007422758620689656,0.0026781379310344827,0.0011694827586206896,0.0024324827586206894
2026-03-04 17:11:00,0.002064793103448276,0.002280310344827586,0.001961206896551724,0.0014609310344827582,0.00011093103448275854,0.00016903448275862082
2026-03-04 17:11:30,0.008220053789393835,0.013531652989449005,0.004304599682780498,0.006180401351630922,0.0036537135369974485,0.004941624715536859
2026-03-04 17:12:00,0.0017022758620689655,0.009987586206896552,0.004967034482758621,0.010419586206896552,0.001971655172413793,0.003720620689655173
2026-03-04 17:12:30,0.002835626357711803,0.008261990965828763,0.006847488017654562,0.007911451329264508,0.0032401296507016996,0.005305196372538877
2026-03-04 17:13:00,0.001974689655172414,0.002482689655172414,0.0028829310344827587,0.0033689655172413793,0.0005960689655172412,0.0008164137931034484
2026-03-04 17:13:30,0.0047966621840626195,0.006058515223612979,0.004989345194993276,0.00593351953380918,0.0048656253232647155,0.0022250612047860423
2026-03-04 17:14:00,0.0064746551724137935,0.0049556206896551715,0.004800379310344827,0.005138310344827587,0.003827448275862069,0.003345551724137931
2026-03-04 17:14:30,0.0066474604323988815,0.003385952208544532,0.008500258611772006,0.010080204130892039,0.006920692389917587,0.004487086652184407
2026-03-04 17:15:00,0.0011188620689655169,0.0009437586206896553,0.0010589655172413793,0.0013777931034482758,0.0008235172413793104,0.000492551724137931
2026-03-04 17:15:30,0.004982896551724137,0.004023379310344827,0.00357003448275862,0.0036417586206896556,0.002852620689655172,0.0030586206896551726
2026-03-04 17:16:00,0.004250413793103449,0.007204275862068965,0.004941689655172414,0.009655310344827585,0.0052559655172413795,0.0041327586206896545
2026-03-04 17:16:30,0.0013696334356357114,0.0014768095451567292,0.0010857270940377252,0.0007021966274699127,0.0008837890961757301,0.0010144487740956583
2026-03-04 17:17:00,0.0029491396848384537,0.0033399193131271334,0.0058005930829971375,0.003326574945691528,0.004916589083135064,0.0005937036653908485
2026-03-04 17:17:30,0.005582566118409709,0.005104237784903968,0.005908623840557222,0.0032924726733560904,0.0010923761249612082,0.0005029826557704906
2026-03-04 17:18:00,0.0038101230907147546,0.003910767851601559,0.0009712443540323415,0.0011357445781470883,0.00003765127745405657,0.0007427507499224218
2026-03-04 17:18:30,0.004443118728232007,0.0005005689851374185,0.0006828856167454054,0.002155419152384565,0.00023590468636849543,0.0003855995034311529
2026-03-04 17:19:00,0.009489621405420316,0.010329770360664783,0.00858230466864354,0.010577546376111992,0.0015614785187228468,0.0026123025998207026
2026-03-04 17:19:30,0.0019254189366250604,0.0015261016481621956,0.0018433901110268256,0.0015231018550444797,0.000759637266395421,0.0012549824150058617
2026-03-04 17:20:00,0.001267473535395331,0.0006854591220992378,0.00006792869211406513,0.0004540877900762043,0.0005656701493051962,0.0011501672356125647
2026-03-04 17:20:30,0.002540344827586207,0.000807551724137931,0.0011171724137931036,0.001196758620689655,0.0004188965517241379,0.001201413793103448
2026-03-04 17:21:00,0.002452743008861763,0.0010420675149132787,0.0009269680355849798,0.0014325368090755488,0.0013698493155408433,0.0014183648839695183
2026-03-04 17:21:30,0.008211068965517241,0.004425379310344828,0.006826586206896552,0.010652517241379311,0.003217482758620689,0.002694724137931034
2026-03-04 17:22:00,0.0036728275862068964,0.004589793103448276,0.0032413448275862068,0.002608310344827586,0.0010798620689655171,0.0005942758620689655
2026-03-04 17:22:30,0.007500931034482758,0.011008137931034483,0.003845379310344828,0.006619827586206896,0.001752,0.0014927931034482756
2026-03-04 17:23:00,0.003555344827586207,0.005426689655172413,0.005138103448275862,0.005399241379310344,0.0022467931034482755,0.0012147931034482758
2026-03-04 17:23:30,0.005019723457811799,0.008038274542257163,0.008510844453639529,0.00241743388159029,0.004216061515120168,0.0062757146305299815
2026-03-04 17:24:00,0.0016528275862068966,0.0020506551724137935,0.001345103448275862,0.0007433103448275861,0.0010700344827586207,0.001182344827586207
2026-03-04 17:24:30,0.002090238267645943,0.0009798972449225887,0.0005928071445812212,0.0014188821075135339,0.0013336781490293438,0.0008330747215613254
2026-03-04 17:25:00,0.0030448260404813627,0.0010891348574187097,0.0008982793696769078,0.0016797006999758628,0.0011645115685666012,0.0008294196751836142
2026-03-04 17:25:30,0,0,0,0,0,0
2026-03-04 17:26:00,0.005187213352184557,0.003639332390772095,0.002926825062933204,0.0023363219421359354,0.0020100348287871994,0.0018344425669850682
2026-03-04 17:26:30,0,0,0,0,0,0
2026-03-04 17:27:00,0.004873831936829764,0.007324540533085066,0.008358918657977311,0.007927381814420192,0.0010710665149477603,0.0010661356504948105
2026-03-04 17:27:30,0.0031291379310344823,0.0029974137931034484,0.0031815862068965517,0.004539448275862068,0.0012960344827586208,0.0010251379310344828
2026-03-04 17:28:00,0.00290331701261982,0.003689538652506724,0.0033594234880353077,0.0030727880835804424,0.0013872836356113374,0.001296979518653886
2026-03-04 17:28:30,0.010423744008827281,0.0036520119995862212,0.006195958760042758,0.007409399675873246,0.0026300127581807527,0.003006861832350609
2026-03-04 17:29:00,0.001192551724137931,0.0020211379310344827,0.0026593793103448274,0.002317689655172414,0.0010283793103448274,0.000850241379310345
2026-03-04 17:29:30,0.006313564581752982,0.003308427005034136,0.0043156334045927865,0.007025860285497552,0.0024385214812771535,0.002829597958761465
2026-03-04 17:30:00,0.0054765270415410745,0.0041181096906073526,0.004972213560613936,0.006092194158611372,0.002917887953435194,0.0019173682569379486
2026-03-04 17:30:30,0.0018658574433601156,0.0001959033070105865,0.0016949894823959446,0.0003643229076864721,0.001135177075071554,0.00003434601193144604
2026-03-04 17:31:00,0.0041104482758620685,0.003670586206896552,0.002602206896551724,0.001926448275862069,0.0010613793103448278,0.00044331034482758617
2026-03-04 17:31:30,0.002462827586206896,0.0077680344827586205,0.004459137931034483,0.0040934827586206896,0.001823551724137931,0.0029518275862068966
2026-03-04 17:32:00,0.0028263448275862068,0.004736344827586207,0.003212793103448276,0.005099034482758621,0.001300551724137931,0.0014632758620689655
2026-03-04 17:32:30,0.012786724137931034,0.006923482758620689,0.0031479310344827587,0.0024340000000000004,0.0010711724137931035,0.0010288620689655173
2026-03-04 17:33:00,0.00267877094972067,0.001385957652251879,0.0020648665425201736,0.006149458583350577,0.0011780467618456444,0.0023968894406510796
2026-03-04 17:33:30,0.008380228267990758,0.008864694320885486,0.009274369849315539,0.01465763249543119,0.009450536188407296,0.010241991655460156
2026-03-04 17:34:00,0.005771543846339528,0.005902203524259455,0.005949860340011724,0.007236628849270664,0.004223076657815786,0.004495155005345012
2026-03-04 17:34:30,0,0,0,0,0,0
2026-03-04 17:35:00,0.005283433340230361,0.0070047244637561215,0.004923753362300848,0.00573429202013932,0.005067349472377405,0.005468446099731015
2026-03-04 17:35:30,0.002158689655172414,0.0017166551724137932,0.0001214827586206896,0.0028569310344827583,0.002136344827586207,0.001681896551724138
2026-03-04 17:36:00,0.006646379310344827,0.0036362068965517243,0.006358310344827587,0.003912034482758621,0.0025851034482758622,0.0034519310344827588
2026-03-04 17:36:30,0.0055426709423812975,0.00700789627943864,0.008380366194269163,0.0075419813109892766,0.003455984276404262,0.003373125064652943
2026-03-04 17:37:00,0.023479568260974516,0.020466705748474086,0.021392151453498393,0.02501731094175661,0.00619862753888065,0.008942480775199144
2026-03-04 17:37:30,0.007538294423945653,0.004288251319011,0.003619090313459085,0.0056998517190247925,0.0027805786406427807,0.0018668574778440633
2026-03-04 17:38:00,0,0,0,0,0,0
2026-03-04 17:38:30,0.003554137931034483,0.0008395862068965516,0.003416758620689655,0.0028553448275862067,0.0022375172413793103,0.001432655172413793
2026-03-04 17:39:00,0.0038964863280576533,0.0026185648770732047,0.00402924037102169,0.00608320402744733,0.005062584048825904,0.004768249370711354
2026-03-04 17:39:30,0.0034436935383766634,0.002146300255154817,0.003479794496931246,0.003053616991931591,0.0008178746293359079,0.005692503965243776
2026-03-04 17:40:00,0.005426620689655172,0.0030868275862068967,0.0031349999999999998,0.005551896551724138,0.0056793103448275865,0.006123103448275862
2026-03-04 17:40:30,0,0,0,0,0,0
2026-03-04 17:41:00,0.004652482758620689,0.005662689655172414,0.0032960689655172413,0.004170689655172414,0.0016524137931034479,0.0024618620689655177
2026-03-04 17:41:30,0.005417339126836335,0.004087592247741224,0.006511380095178979,0.005570729015794194,0.005167528795089317,0.0051115249327539835
2026-03-04 17:42:00,0,0,0,0,0,0
2026-03-04 17:42:30,0.004169770328988206,0.0056506655631422854,0.005861128353679564,0.006757983309193736,0.004764052693289192,0.0037835367956410787
2026-03-04 17:43:00,0.0004454329161063412,0.0007669045894969138,0.002838212475431882,0.00346939760697907,0.0006525292231302373,0.0009454846384607428
2026-03-04 17:43:30,0.003738241379310345,0.007331034482758621,0.005464965517241379,0.005061896551724138,0.004620482758620689,0.0028209999999999997
2026-03-04 17:44:00,0.004757474395668816,0.005654746715403979,0.00417293699782751,0.0040618986861615915,0.004312907341632469,0.00457501982826994
2026-03-04 17:44:30,0.0049126237026309435,0.00731681666149443,0.005820937209061756,0.0028761766835626356,0.005145684631564428,0.00443222647494914
2026-03-04 17:45:00,0.0005288458222697334,0.0017169557570950722,0.0018290285871926616,0.0023511155557088175,0.00071161074519811,0.0007227145763647022
2026-03-04 17:45:30,0.0016845172413793104,0,0.0004193793103448273,0.003116206896551724,0.0012866551724137931,0.001248448275862069
2026-03-04 17:46:00,0.005644776222092263,0.0035651725205545423,0.011637104819567236,0.008050672537754997,0.006515669613677802,0.0060186108913275315
2026-03-04 17:46:30,0.0021035826350815487,0.00565266714940864,0.0022217854556739417,0.0037402503361953035,0.002120099306920451,0.0009927243888141787
2026-03-04 17:47:00,0.0033932623012999552,0.002810041033067826,0.004141270990655495,0.0023091962346125997,0.0019152787834902248,0.0020108272128547293
2026-03-04 17:47:30,0.007710314860157947,0.008357381798117047,0.010403765906817946,0.008098975756112702,0.0028414318722626477,0.003079663413456564
2026-03-04 17:48:00,0.007093676734243552,0.003736898358847055,0.007063370569576609,0.003269928285753689,0.0008852572059026341,0.0010514756585298579
2026-03-04 17:48:30,0.00826648275862069,0.006271068965517241,0.003865310344827586,0.008160724137931034,0.0010986551724137931,0.0014064482758620691
2026-03-04 17:49:00,0.005323459429635503,0.004997103348391324,0.004967481637297838,0.0020431739025483634,0.001558846856788165,0.0009562743542880787
2026-03-04 17:49:30,0.0022459999999999997,0.002880551724137931,0.0012950344827586204,0.0022999655172413797,0.0019000689655172412,0.0007774827586206897
2026-03-04 17:50:00,0.00010610710714162567,0.00038163384944308416,0.0006484706369185143,0.0005699162040070347,0.00014376357805441563,0.00009296872305941584
2026-03-04 17:50:30,0.0034596710231387284,0.0007545087761646953,0.0017295423980137246,0.002237215076381944,0.0013600813821166245,0.0010332080416566086
2026-03-04 17:51:00,0.0030759655172413795,0.0015210689655172412,0.0014132068965517243,0.001604448275862069,0.0008111034482758622,0.0012728620689655174
2026-03-04 17:51:30,0.006842551724137932,0.0011652413793103449,0.0029061379310344826,0.0015306896551724137,0.0015877241379310344,0.0016085172413793103
2026-03-04 17:52:00,0.00801410344827586,0.002641827586206896,0.0025447241379310346,0.004336689655172413,0.0011706896551724139,0.0010818275862068964
2026-03-04 17:52:30,0.012376806096761955,0.007576123314597054,0.005430807958895134,0.013489913445291216,0.002203075968136832,0.0013051484533949445
2026-03-04 17:53:00,0.000938650941444238,0.003747741223532658,0.004003414028553694,0.002583316090764881,0.001282398786123181,0.0004469963445754881
2026-03-04 17:53:30,0.0028622413793103446,0.004485172413793103,0.0034393793103448273,0.002933724137931034,0.0024570689655172414,0.001363206896551724
2026-03-04 17:54:00,0.0018504137931034483,0.0013404827586206893,0.001153103448275862,0.0015296206896551721,0.0011998275862068965,0.000896655172413793
2026-03-04 17:54:30,0.0003121379310344828,0.0012470689655172415,0.0021401379310344824,0.0010033448275862068,0.0010453103448275862,0.0006475172413793103
2026-03-04 17:55:00,0.0019574137931034482,0.000941793103448276,0.0008895862068965518,0.0007214482758620688,0.00038613793103448274,0.00039968965517241383
2026-03-04 17:55:30,0.0012872168005793304,0.0004298079244111865,0.0014854305320873133,0.0014744646367116107,0.0024317735094313594,0.0011477637159902064
2026-03-04 17:56:00,0.004006586434014966,0.000978516500568985,0.0008485465016035034,0.0008324080140694506,0.0006937480602779404,0.0009188592710093451
2026-03-04 17:56:30,0.0026537241379310343,0.0020094137931034486,0.0019307931034482759,0.001948,0.0012467586206896552,0.0013991724137931035
2026-03-04 17:57:00,0.005838724137931035,0.004904034482758621,0.0044687931034482755,0.0030973793103448275,0.0015744827586206896,0.0013464827586206897
2026-03-04 17:57:30,0.008375344827586206,0.007073379310344827,0.008683172413793105,0.006829,0.005344586206896551,0.0008414827586206897
2026-03-04 17:58:00,0.007379835873388043,0.004001310254465209,0.00720539962761189,0.00278373905247914,0.001957864974829322,0.0018585269981380595
2026-03-04 17:58:30,0.0031872349229336914,0.002581979931726492,0.0023517464915002928,0.002953070583772973,0.000547498362125444,0.0011220647563877106
2026-03-04 17:59:00,0.010828436443892683,0.006476929443409892,0.006960376577695015,0.004427270846265261,0.002975032760880061,0.0022618111593903033
2026-03-04 17:59:30,0.004064413793103449,0.006289172413793103,0.00934648275862069,0.0066849310344827585,0.0030359655172413798,0.002293448275862069
2026-03-04 18:00:00,0.0007772835419468296,0.000011413399537946895,0.0024375021550981,0.0028449363815040854,0.0015661184097100099,0.001439743457122168
2026-03-04 18:00:30,0.0041362319840011035,0.0023820426177504996,0.000684607958071857,0.002714192124681057,0.0015453761809530377,0.001272912212950831
2026-03-04 18:01:00,0.006888095730740051,0.008813400924201669,0.005823263673356782,0.006672218773708532,0.003211773225739706,0.0035717290847644668
2026-03-04 18:01:30,0.0020376909548605123,0.0032671471430049306,0.002485499499982758,0.003723335287423704,0.0014072209386530568,0.0006842649746542982
2026-03-04 18:02:00,0.010399917244232957,0.011036584945346711,0.006378607634219509,0.009630840315851177,0.004147615599462087,0.0025574635357401465
2026-03-04 18:02:30,0.004117478707630771,0.0034123995724285364,0.000717733871245819,0.003382814385710837,0.002404055032585083,0.0015307403192993344
2026-03-04 18:03:00,0.006920413793103449,0.007235827586206897,0.0020280689655172413,0.005938137931034483,0.004911793103448275,0.003960241379310345
2026-03-04 18:03:30,0.004981173712157782,0.00465909247638094,0.006992138473208744,0.0042426384387283635,0.003474622439831736,0.0036579891041997104
2026-03-04 18:04:00,0.00724851724137931,0.003727068965517241,0.0036293448275862067,0.006456413793103449,0.00608951724137931,0.0044167931034482764
2026-03-04 18:04:30,0,0,0,0,0,0
2026-03-04 18:05:00,0.007412655172413794,0.003050862068965517,0.0032122758620689654,0.005784206896551724,0.0051758275862068956,0.0023594827586206897
2026-03-04 18:05:30,0,0,0,0,0,0
2026-03-04 18:06:00,0.004113421615283813,0.006628077798468862,0.003944582384992069,0.0033668528864059595,0.00464245810055866,0.002514173391268364
2026-03-04 18:06:30,0,0,0,0,0,0
2026-03-04 18:07:00,0.0019382392496292975,0.0026637470257595084,0.0015073968067864409,0.001877409565847098,0.002657608883064933,0.0007766129866547121
2026-03-04 18:07:30,0.006132724137931034,0.0009781724137931035,0.002296172413793103,0.001345896551724138,0.0012017241379310346,0.0015547241379310346
2026-03-04 18:08:00,0.006645839798627633,0.0015969794145029483,0.0031877866280473096,0.0007958346263921936,0.0021534774662942658,0.0004640874452605083
2026-03-04 18:08:30,0,0,0,0,0,0
2026-03-04 18:09:00,0.012087928002482675,0.006323471604427434,0.007547843177821455,0.00992393365746009,0.0042654391227888696,0.005251680976518051
2026-03-04 18:09:30,0,0,0,0,0,0
2026-03-04 18:10:00,0.0010884168419600672,0.007284802924238765,0.003029414807407152,0.0030117935101210383,0.003118555812269388,0.0018259595158453738
2026-03-04 18:10:30,0.004517913175407745,0.0038492810592738185,0.004826109444501914,0.0008645219130374817,0.0008078686941829595,0.0036581152374056077
2026-03-04 18:11:00,0.001892448275862069,0.007757413793103449,0.013928620689655172,0.0015212068965517241,0.0016059655172413788,0.003186551724137931
2026-03-04 18:11:30,0.0034140344827586207,0.010529034482758621,0.006622896551724139,0.007084172413793104,0.007769724137931034,0.006953931034482758
2026-03-04 18:12:00,0.005873310344827586,0.006486620689655173,0.00610248275862069,0.005058620689655172,0.004987413793103449,0.006017689655172415
2026-03-04 18:12:30,0.0075280670298600106,0.0026676091304048,0.004181021998482863,0.00031808151161988844,0.0033232190883387353,0.0018499069029722088
2026-03-04 18:13:00,0.004699896551724138,0.00470358620689655,0.0005769655172413794,0.004229,0.0034559655172413796,0.0028586206896551725
2026-03-04 18:13:30,0.0030657218716595974,0.004918209716906314,0.0024376055998069027,0.004474914658115237,0.003713492638184889,0.0034819488983138503
2026-03-04 18:14:00,0.011136354231326298,0.011524001655286572,0.009026898406786674,0.012243947858472997,0.01642261535278295,0.00680022760190358
2026-03-04 18:14:30,0.0035553946415640843,0.002192717492500259,0.003987276300817214,0.003536809075549119,0.0019225199131064448,0.0012806799765525327
2026-03-04 18:15:00,0.006559444176263706,0.005887387076753328,0.0030930280670298602,0.008351906765050687,0.0053595958899386245,0.005534687262947384
2026-03-04 18:15:30,0.008035827586206896,0.006174379310344829,0.0059763793103448275,0.001794310344827586,0.00439396551724138,0.003650448275862069
2026-03-04 18:16:00,0.0037115271887176306,0.004966518395917382,0.005093582979897244,0.005058929002448191,0.0028776593910554804,0.0025441881314437432
2026-03-04 18:16:30,0.008230758620689655,0.005450241379310345,0.004349827586206897,0.0025833793103448273,0.004568793103448276,0.004049241379310345
2026-03-04 18:17:00,0.003243172413793104,0.0037431034482758615,0.0019324482758620689,0.001936,0.002576241379310345,0.0025674827586206895
2026-03-04 18:17:30,0.004804455018792456,0.00021657873866418408,0.0027572152684390196,0.0014444674321575119,0.004125581876487017,0.0028720388952105094
2026-03-04 18:18:00,0.0027897985929093666,0.0039052627948682576,0.0008030762863843289,0.002311732652779694,0.0006884742723134229,0.0005900813905366257
2026-03-04 18:18:30,0.005736803999310463,0.005550767109119116,0.00809239786243751,0.002534356145492156,0.0009861747974487156,0.0010888122737459057
2026-03-04 18:19:00,0.008032826454260197,0.0074605358435916,0.010156856660115168,0.002041584772938864,0.0008285921175131889,0.00037864211578911066
2026-03-04 18:19:30,0.0034267094238129713,0.002600910313437467,0.0030218613151270645,0.0035673942277852483,0.0035374297438019375,0.0008725216371849245
2026-03-04 18:20:00,0.0030670689655172413,0.0004178275862068966,0.000021379310344827432,0.0027053448275862067,0.0005710000000000001,0.0002833448275862069
2026-03-04 18:20:30,0.008973518154546395,0.004440364125374987,0.002411434088479707,0.0016832867832143716,0.0007653874004344678,0.0012496810454811903
2026-03-04 18:21:00,0.003108624435325355,0.000591468671333494,0.0030986585744336003,0.0004523259422738714,0.00044708438222007654,0.00023504258767543707
2026-03-04 18:21:30,0.004056851110804471,0.001713778115082103,0.00169087208500069,0.0015518490409824753,0.0011889057541051467,0.0009754036152890852
2026-03-04 18:22:00,0.0014962753483239069,0.001665367636915437,0.000903297006483653,0.0026194302662436203,0.000503966064284729,0.0006582976962339633
2026-03-04 18:22:30,0.001407551724137931,0.0003907931034482758,0.0006196896551724138,0.0008295862068965515,0.00039206896551724144,0.0002214137931034483
2026-03-04 18:23:00,0.0025991930756232968,0.003173764612572847,0.0022578364771199,0.00225162936652988,0.0006115383289078931,0.0022884927066450567
2026-03-04 18:23:30,0.00221351724137931,0.007522103448275862,0.005917965517241379,0.0025466896551724137,0.001111137931034483,0.0017967586206896551
2026-03-04 18:24:00,0,0,0,0,0,0
2026-03-04 18:24:30,0.0007490171735981793,0.0031133871301469067,0.005810607628112282,0.0011428719222015312,0.0007875025863852679,0.0009389613076763914
2026-03-04 18:25:00,0.0035406738163384936,0.006965067760957273,0.005063588399599985,0.0046491947998206825,0.002612365943653229,0.002344115314321183
2026-03-04 18:25:30,0.0033305745223808536,0.00008231602179460653,0.004444547899855162,0.002786605972825712,0.00023239533760949026,0.0002909166149389614
2026-03-04 18:26:00,0.00167267774636232,0.0030510654437624993,0.0007564995517550515,0.0012222260533756295,0.001536066478173919,0.0010894765878215295
2026-03-04 18:26:30,0.0008259250318976515,0.002267491982482154,0.0010253457015759163,0.00305020862788372,0.001472361115900548,0.0008199248249939652
2026-03-04 18:27:00,0.0009414847763870211,0.00040457225612909907,0.00034629840350332747,0.00005044653632633355,0.0001898555222233716,0.0001912692665770146
2026-03-04 18:27:30,0.005684745879594511,0.0034204192814288673,0.006261430246189918,0.005193848700089649,0.0007810840631680574,0.0008149437969795187
2026-03-04 18:28:00,0.0058531085134995355,0.006024619840695148,0.0037402503361953043,0.0035198786248750048,0.0017479052446467364,0.0015005689458984174
2026-03-04 18:28:30,0.004430724137931035,0.0019918620689655174,0.005464862068965517,0.008938896551724139,0.0014483793103448276,0.0017408620689655172
2026-03-04 18:29:00,0.0028282354563950477,0.0049704472568019575,0.006757819235146039,0.0034954998448222347,0.0011213145280871753,0.0019889996206765748
2026-03-04 18:29:30,0,0,0,0,0,0
2026-03-04 18:30:00,0.005245206896551724,0.004505379310344827,0.001264655172413793,0.0034654137931034485,0.001922965517241379,0.002006137931034483
2026-03-04 18:30:30,0.005932586206896552,0.001326241379310345,0.0030149655172413796,0.003593827586206897,0.0009290689655172415,0.0008869655172413793
2026-03-04 18:31:00,0.004784179855867039,0.0054835695320851,0.0038719699320713076,0.001589876211165132,0.003396296679424847,0.0034336747008723834
2026-03-04 18:31:30,0.012553900268984067,0.00998761983585075,0.015399786192151182,0.008540485550727636,0.01177981240085523,0.008311021449755155
2026-03-04 18:32:00,0.007115314321183488,0.0017093003207007136,0.008198972378357873,0.007437980620021379,0.005751094865340183,0.005041966964378082
2026-03-04 18:32:30,0,0,0,0,0,0
2026-03-04 18:33:00,0,0,0,0,0,0
2026-03-04 18:33:30,0.006991378715773502,0.011715911442168424,0.008879336505965929,0.011031415959721359,0.00677526036278364,0.009367439133733361
