Time,"name=""rskj-miner1""","name=""rskj-miner2""","name=""rskj-miner3""","name=""rskj-miner4""","name=""rskj-node1""","name=""rskj-node2"""
2026-02-21 07:22:01,-22265.8712369392,-11020.828304424289,-10720.680023449084,-11303.010448636158,-10951.343149763783,-10299.251698334423
2026-02-21 07:22:31,-23867.512672850786,-10557.295079140658,-10284.458084761542,-10238.042691127279,-10530.949343080794,-9879.271699024102
2026-02-21 07:23:01,-22265.464450727537,-12228.777325701676,-11358.492517757397,-11738.224950003449,-11544.548651817116,-10917.867733259776
2026-02-21 07:23:31,-24017.275862068964,-10995.48275862069,-10795.51724137931,-12754.068965517241,-11323.379310344828,-10714.58620689655
2026-02-21 07:24:01,-27518.51724137931,-16897.58620689655,-15014.931034482759,-15913.068965517241,-15556.413793103447,-14968.448275862069
2026-02-21 07:24:31,-20018.75926756095,-10542.191110038275,-9933.825304320837,-11003.448394772233,-10515.362598710299,-9891.410048622365
2026-02-21 07:25:01,-24813.96551724138,-14098.51724137931,-12799.655172413793,-13086.758620689656,-12872.137931034482,-12405.172413793103
2026-02-21 07:25:31,-24895.913088463527,-12645.697534057595,-12110.467321952061,-13071.391619244698,-12296.671839972409,-11639.489567166753
2026-02-21 07:26:01,-23841.050925766303,-11151.708443954076,-10868.668758404305,-10797.365789745889,-11098.196738268456,-10420.508223287248
2026-02-21 07:26:31,-21975.655172413793,-10302.689655172413,-9687.724137931034,-10610.034482758621,-9947.413793103447,-9647.344827586207
2026-02-21 07:27:01,-21294.068965517243,-10620.206896551725,-10326.965517241379,-10602.58620689655,-10926.827586206897,-9958.241379310344
2026-02-21 07:27:31,-20832.08028693613,-10566.560904952408,-9941.302248586013,-10546.696096013244,-10406.918195613189,-9767.554145399366
2026-02-21 07:28:01,-20392.807888567095,-10585.298579506274,-9978.899462143152,-10699.110467521721,-10560.57785133085,-9893.359536615639
2026-02-21 07:28:31,-22377,-10465.275862068966,-9995.448275862069,-10736.275862068966,-10448.379310344828,-9467.48275862069
2026-02-21 07:29:01,-27795.26880237249,-14379.702748370632,-13554.22600779337,-14721.23176661264,-14252.525949170658,-13966.447118866166
2026-02-21 07:29:31,-24282.068965517243,-10841.034482758621,-11527.068965517241,-11192.379310344828,-11159.034482758621,-10503.931034482759
2026-02-21 07:30:01,-24966.44827586207,-12279.103448275862,-11310.172413793103,-13153.551724137931,-11919.758620689656,-11214.827586206897
2026-02-21 07:30:31,-24453,-11775.965517241379,-10818,-12103.48275862069,-11358.655172413793,-10759.724137931034
2026-02-21 07:31:01,-25780.524809489325,-13140.995138098684,-12511.396158753145,-13796.007034240198,-12675.287059066926,-12071.169959656561
2026-02-21 07:31:31,-25258.655172413793,-10742.413793103447,-10600.103448275862,-10409.689655172413,-10697.862068965516,-10084.793103448275
2026-02-21 07:32:01,-25594.41379310345,-10701.379310344828,-10133.344827586207,-11828.965517241379,-10703.58620689655,-9739.379310344828
2026-02-21 07:32:31,-23479.206896551725,-10539.655172413793,-10168.551724137931,-11687.034482758621,-10490.620689655172,-10180.51724137931
2026-02-21 07:33:01,-24386.62068965517,-10599.689655172413,-9989.758620689656,-11243.379310344828,-10544,-9908.896551724138
2026-02-21 07:33:31,-28402.73802544915,-10842.442842856648,-10379.151005207075,-11359.943446325733,-10826.200903479428,-10024.552570778302
2026-02-21 07:34:01,-39139.89655172414,-13963.793103448275,-13455.689655172413,-14035.58620689655,-13911.068965517241,-13303.206896551725
2026-02-21 07:34:31,-33868.48275862069,-11870.655172413793,-11684.448275862069,-12155.758620689656,-11692.310344827585,-11032.689655172413
2026-02-21 07:35:01,-32285.255746531373,-10915.993649478844,-9969.80051080279,-10555.60157382481,-10517.87809760475,-9868.709877821495
2026-02-21 07:35:31,-34753.233762202064,-11073.60905108482,-10918.1125176779,-10732.468697181885,-11028.940015866994,-10360.422199993101
2026-02-21 07:36:01,-35339.03448275862,-11742.48275862069,-10670.793103448275,-11636.620689655172,-11234.51724137931,-10536.48275862069
2026-02-21 07:36:31,-35387.3448275862,-11027.965517241379,-10589,-11070.034482758621,-10992.655172413793,-10303.758620689656
2026-02-21 07:37:01,-33074.106003655295,-10536.77713024587,-10236.14607400255,-10522.880099313768,-10544.432566640227,-9849.891375564674
2026-02-21 07:37:31,-34628.793103448275,-11194.172413793103,-10081.413793103447,-10709.034482758621,-10653.48275862069,-10016.862068965516
2026-02-21 07:38:01,-32961.41379310345,-11050.206896551725,-10338.58620689655,-10940.931034482759,-10904.172413793103,-10239.724137931034
2026-02-21 07:38:31,-34550.793103448275,-13110.862068965516,-11569.310344827585,-11702.137931034482,-11637.827586206897,-10926.103448275862
2026-02-21 07:39:01,-59694.61015897099,-16142.108348563741,-15259.76757819235,-15775.716404013929,-15164.212559053758,-14618.02131107969
2026-02-21 07:39:31,-55108.27959584812,-14043.208386496084,-12669.436877133692,-13260.181385565018,-13174.247387840958,-12571.916272974928
2026-02-21 07:40:01,-53553.915652263866,-13379.323424945685,-13631.263147005067,-14595.192937687505,-13316.735059829647,-12690.541053139761
2026-02-21 07:40:31,-53696.93103448276,-10320.58620689655,-9698.172413793103,-10316.551724137931,-10285.413793103447,-9649.034482758621
2026-02-21 07:41:01,-58346.03448275862,-14164.172413793103,-12527.689655172413,-14243.310344827585,-13305.413793103447,-12739.655172413793
2026-02-21 07:41:31,-61835,-14228.896551724138,-14482.448275862069,-15374.965517241379,-14219.862068965516,-13564.275862068966
2026-02-21 07:42:01,-57052.3448275862,-12274.620689655172,-12722.103448275862,-12903.241379310344,-12195.655172413793,-11494.862068965516
2026-02-21 07:42:31,-57507.10344827586,-12394.379310344828,-11617.620689655172,-12946.551724137931,-11851.241379310344,-11220.655172413793
2026-02-21 07:43:01,-56610.496189786565,-13895.38291783042,-12359.366918382126,-12877.038722802663,-12864.14261577187,-12152.167166649428
2026-02-21 07:43:31,-53114.51724137931,-14691.103448275862,-14804.413793103447,-14429.724137931034,-13981.448275862069,-13350.896551724138
2026-02-21 07:44:01,-94376.03448275862,-15183.275862068966,-15829.103448275862,-15246.724137931034,-15162.827586206897,-14564.103448275862
2026-02-21 07:44:31,-101699.5172413793,-17726.068965517243,-19140.96551724138,-19446.58620689655,-17206.068965517243,-16392.689655172413
2026-02-21 07:45:01,-98727.5078450981,-16831.787303010446,-13755.474326700918,-16020.173109417563,-14160.315872961135,-13520.948998241316
2026-02-21 07:45:31,-97741.39595834195,-10471.411821504931,-9507.13842333954,-10667.49430995241,-10441.271811849092,-9785.261052486378
2026-02-21 07:46:01,-92965.8275862069,-12662,-13665.310344827585,-12325.034482758621,-12913.413793103447,-11913.896551724138
2026-02-21 07:46:31,-96863.79310344828,-12459,-11872.724137931034,-13274.275862068966,-12096.310344827585,-11795.137931034482
2026-02-21 07:47:01,-86845.14327092168,-13937.140098617287,-12104.789490017583,-12937.002172338884,-12678.597289748628,-12026.550808592805
2026-02-21 07:47:31,-102216.24883616675,-16115.038449601709,-14881.961446946445,-16319.804131176936,-14788.613400462084,-14086.55470878306
2026-02-21 07:48:01,-87351.28797544741,-12659.95379151005,-12931.549363771162,-12708.438222007653,-12659.746887823716,-12050.794854994998
2026-02-21 07:48:31,-97700.3448275862,-14120.241379310344,-13055.965517241379,-13302.793103448275,-12913.793103448275,-12677.896551724138
2026-02-21 07:49:01,-17904.169109279628,-10847.132659746887,-10244.456705403632,-11842.546294699816,-11153.522535259835,-10164.281526949204
2026-02-21 07:49:31,-15663.58620689655,-12026.793103448275,-11597.068965517241,-12075.379310344828,-12038.379310344828,-10804.58620689655
2026-02-21 07:50:01,-23293.14803958757,-13047.484396013653,-12442.360081382114,-13054.794992930789,-13268.457533018378,-12984.96499879306
2026-02-21 07:50:31,-21285.48275862069,-11047.58620689655,-10960.655172413793,-10731.58620689655,-10466.51724137931,-9844.724137931034
2026-02-21 07:51:01,-22097.82421295817,-11692.217509741042,-10806.317023550911,-10770.732043722628,-11366.263232302334,-10702.044757077341
2026-02-21 07:51:31,-22267.388530638986,-11899.686196075725,-10315.666057450255,-10909.100313803923,-10540.260008965824,-9912.100417255766
2026-02-21 07:52:01,-21530.1724137931,-10535.620689655172,-9932.068965517241,-10552.51724137931,-10500.137931034482,-9865.58620689655
2026-02-21 07:52:31,-22265.257568443558,-10793.87628439418,-10841.045445141715,-10374.83621819185,-10724.363836976761,-10033.204606578856
2026-02-21 07:53:01,-21519,-11335.896551724138,-10708.620689655172,-11012.413793103447,-10976.48275862069,-10329.758620689656
2026-02-21 07:53:31,-21595,-10376.793103448275,-9950.137931034482,-10886.344827586207,-10527.310344827587,-9895.413793103447
2026-02-21 07:54:01,-21944.0019309679,-12379.676562877143,-10316.506327368023,-10781.55925657736,-10748.66383917796,-10112.030619633806
2026-02-21 07:54:31,-24446.068965517243,-12332.758620689656,-11711.448275862069,-12432.241379310344,-12138.689655172413,-11484.068965517241
2026-02-21 07:55:01,-22154.443254817983,-12935.659796573875,-11761.476177730192,-12152.201552462526,-12359.709582441112,-11743.040685224838
2026-02-21 07:55:31,-22150.472381215088,-12423.005309978622,-11374.456934004553,-11971.20888214606,-11585.994069374527,-10957.209847596718
2026-02-21 07:56:01,-22600.379310344826,-11475.413793103447,-10873.172413793103,-12116.896551724138,-11443.655172413793,-10807.51724137931
2026-02-21 07:56:31,-21347.874064622916,-11149.867236801267,-10211.49005138108,-10493.051484533948,-10772.199041346252,-10151.419014448773
2026-02-21 07:57:01,-24013.412868078063,-11376.45679608303,-10474.45003792842,-11440.90062754293,-11032.963243914213,-10428.694572788085
2026-02-21 07:57:31,-20980.308986826676,-11477.44672046348,-10868.266777019104,-11163.459548934408,-11134.836885302435,-10507.034967928823
2026-02-21 07:58:01,-22537.44827586207,-10993.448275862069,-10401.551724137931,-11335,-10947.51724137931,-10310.344827586207
2026-02-21 07:58:31,-22060.41587640953,-11502.948377530258,-11505.6381254526,-11335.252939756541,-11447.394737749575,-10804.20014483258
2026-02-21 07:59:01,-20917.755784682227,-11114.659126176763,-10502.638022000758,-11879.064795337768,-11058.139935859856,-10395.91020380013
2026-02-21 07:59:31,-24883.44827586207,-13174.379310344828,-12648.758620689656,-14152.448275862069,-13282.51724137931,-12526.068965517241
2026-02-21 08:00:01,-25204.94516863232,-12284.778260569694,-11346.78253672667,-11767.535692116697,-11807.228084695496,-10887.716394234085
2026-02-21 08:00:31,-24412.428014759127,-10980.930376909548,-10023.138728921685,-10797.1309355495,-10595.917100589673,-10270.181730404494
2026-02-21 08:01:01,-24348.494775681917,-11440.187592675607,-12165.86778854443,-11909.34170143798,-11472.154212214213,-10709.71412807338
2026-02-21 08:01:31,-24413.59450977687,-10881.642928578818,-10936.441700865606,-10538.917819084732,-10853.84694968445,-10199.261992619926
2026-02-21 08:02:01,-23808.717541984202,-11230.559674471531,-10271.216248836165,-11208.765819511016,-10837.339218593743,-9897.99648263733
2026-02-21 08:02:31,-25945.963653919098,-11168.109245146383,-10921.411083140796,-11668.0575192248,-11178.213041829027,-10794.234283940825
2026-02-21 08:03:01,-24373.116314355662,-10629.918273043897,-10008.862374564638,-10596.710231387287,-10583.6063312528,-9936.96334356357
2026-02-21 08:03:31,-23810.262776743228,-10445.168632319472,-9832.09186840472,-11461.411131802195,-10390.509690323472,-9736.947375681084
2026-02-21 08:04:01,-23578.03448275862,-10769.448275862069,-10048.103448275862,-10754.758620689656,-10295.172413793103,-9929.758620689656
2026-02-21 08:04:31,-29847.33956343322,-13674.40256560571,-13227.59405496741,-13679.264802234558,-14096.348149936202,-13072.036966791957
2026-02-21 08:05:01,-32758.017794330648,-11813.05607283261,-10772.36361128354,-11801.055245189325,-11284.847230843508,-10639.45789364784
2026-02-21 08:05:31,-33779.846885992134,-11042.17532243603,-10612.83536795641,-11063.831988412994,-11011.587006000413,-10334.092006345265
2026-02-21 08:06:01,-36500.879340666914,-10648.57408876168,-10304.976033656332,-10663.50563812545,-10626.987137487498,-9883.65116038484
2026-02-21 08:06:31,-34334.12640943415,-12951.03617116651,-10897.486293576083,-11472.018206268747,-11354.539498637976,-10781.697182855762
2026-02-21 08:07:01,-38326.35608124417,-11914.031518328216,-11315.528121659367,-13326.631952825957,-11866.857477844062,-11133.142522155935
2026-02-21 08:07:31,-35984.62015931583,-11634.952929411358,-10522.949067209212,-11953.032863202177,-11086.41677299217,-10384.427049208593
2026-02-21 08:08:01,-34420.51175943169,-11914.649286157668,-10820.435892130494,-11457.617766742536,-11392.578798537832,-10743.43058141941
2026-02-21 08:08:31,-36315.01086244353,-10386.392634228765,-9783.302872512844,-10030.794165316043,-10341.28763060795,-9693.74806027794
2026-02-21 08:09:01,-35135.206896551725,-13706.827586206897,-12017.689655172413,-14191.48275862069,-12514.862068965516,-11511.137931034482
2026-02-21 08:09:31,-42504.15531570053,-13714.955688127175,-13215.214317735092,-14290.527259560673,-13773.405979516534,-13474.050829338941
2026-02-21 08:10:01,-61241,-16653.51724137931,-16028.827586206897,-16571.931034482757,-15681.103448275862,-14737.862068965516
2026-02-21 08:10:31,-60867.0942823643,-14109.386854265811,-13271.156631491827,-13283.916132147044,-13189.495827298433,-12871.508379888268
2026-02-21 08:11:01,-56689.66825298298,-17291.19249603421,-15317.918477136356,-16459.54893440927,-15534.243740947655,-14899.130974549971
2026-02-21 08:11:31,-60417.97427320067,-13066.558609511329,-12341.000793185502,-12092.423354140083,-12603.924543918336,-11349.449943097561
2026-02-21 08:12:01,-58251.41379310345,-12907.896551724138,-12215.103448275862,-12851.896551724138,-12812.827586206897,-12146.655172413793
2026-02-21 08:12:31,-55324.29916209785,-12139.443467466637,-11224.612944381226,-12538.877969725181,-11844.419157960068,-11122.650943070927
2026-02-21 08:13:01,-53225.77419132354,-13037.554314090627,-11654.045106559073,-12360.81798744741,-11987.654320987655,-11319.090971791158
2026-02-21 08:13:31,-56924.8275862069,-12197.58620689655,-11196.413793103447,-11762.793103448275,-11722.310344827585,-11070.862068965516
2026-02-21 08:14:01,-58129.08231886057,-13219.9882746491,-11705.728178777115,-11760.07862882367,-12042.69407180053,-11474.669793426905
2026-02-21 08:14:31,-68009.93103448275,-14157.48275862069,-14541.379310344828,-14679.48275862069,-14282.103448275862,-13643.58620689655
2026-02-21 08:15:01,-91975.63318155947,-13522.12578258395,-13699.487763232783,-16922.844336937964,-13166.690381331815,-12495.197780307342
2026-02-21 08:15:31,-91685.11430640322,-13904.6239784835,-13249.40519292438,-13901.555118789005,-13835.24706044619,-13197.269059687595
2026-02-21 08:16:01,-101619.28899003481,-14565.394296748385,-15389.400365504636,-14468.673494017447,-14609.151408572117,-13994.034688459016
2026-02-21 08:16:31,-90671.27586206897,-11432.379310344828,-10831.344827586207,-11780.310344827585,-11424.344827586207,-10760.724137931034
2026-02-21 08:17:01,-100138.41856615744,-12635.74606020897,-13025.86296079175,-13536.432290768646,-13547.88096141246,-12864.305665712609
2026-02-21 08:17:31,-97392.41379310345,-14818.448275862069,-13425.103448275862,-13282.896551724138,-13105.48275862069,-12286.103448275862
2026-02-21 08:18:01,-90847.58095106727,-14246.767129901029,-14041.139349632744,-13358.046829201005,-13530.570019655848,-13198.420635194316
2026-02-21 08:18:31,-93762.89655172413,-13360.379310344828,-13552.689655172413,-14823.758620689656,-13348.51724137931,-12667.448275862069
2026-02-21 08:19:01,-100912.24137931035,-14142.034482758621,-14900.965517241379,-14700.620689655172,-13716.51724137931,-14005.448275862069
2026-02-21 08:19:31,-77259.86206896552,-12491.310344827585,-12116.379310344828,-13779.931034482759,-12835.896551724138,-11859.379310344828
2026-02-21 08:20:01,-14279.034482758621,-12674.137931034482,-12166.551724137931,-13769.862068965516,-12298.310344827585,-11688.103448275862
2026-02-21 08:20:31,-19550.60170338954,-14528.499017275268,-13729.52656804938,-14085.066032205787,-14122.34060894452,-13539.4296748388
2026-02-21 08:21:01,-16534.48275862069,-11057.689655172413,-10719.758620689656,-11021.034482758621,-10821.310344827587,-10196.310344827587
2026-02-21 08:21:31,-16819.93724354333,-10681.321333747113,-10040.653770559637,-10497.01734422951,-10403.399882762664,-9816.868383848834
2026-02-21 08:22:01,-16922.58620689655,-10655.172413793103,-9970.896551724138,-10947.034482758621,-10644,-9999.275862068966
2026-02-21 08:22:31,-18245.379310344826,-10455.931034482759,-9959.862068965516,-10468.51724137931,-10414.689655172413,-9779.448275862069
2026-02-21 08:23:01,-16437.4676735285,-10696.493224371574,-10413.43401951657,-10773.180235164305,-10647.874211234097,-10013.44781214441
2026-02-21 08:23:31,-17101.106934721884,-10559.053760474497,-9864.098762026275,-10117.452325942273,-10409.289975516396,-9751.129349287905
2026-02-21 08:24:01,-16600.41379310345,-10704.896551724138,-10611.51724137931,-10685.206896551725,-10690.724137931034,-10031
2026-02-21 08:24:31,-19078.275862068964,-10837.724137931034,-10199.448275862069,-10616.551724137931,-10544.58620689655,-9893.862068965516
2026-02-21 08:25:01,-20771.724137931033,-12711.51724137931,-13443.965517241379,-13977.241379310344,-13392.034482758621,-12806.172413793103
2026-02-21 08:25:31,-19893.927376806096,-13437.635780544155,-12334.77016448843,-12662.264216007447,-12574.330149315492,-11995.103279423427
2026-02-21 08:26:01,-19201.358714394097,-10812.366370094489,-10001.344920339334,-10689.668252982963,-10676.770811780123,-10084.661011104214
2026-02-21 08:26:31,-19295.807185711332,-10800.25515481691,-9870.422729466934,-10710.123439762776,-10462.657747741536,-9785.152748086339
2026-02-21 08:27:01,-18312.976309527912,-11064.484982240765,-10900.065519500671,-11271.216248836165,-11031.966619538603,-9980.344149798268
2026-02-21 08:27:31,-18329.068965517243,-11362.344827586207,-10627.137931034482,-10793.206896551725,-10763.551724137931,-10479.034482758621
2026-02-21 08:28:01,-20688.1509069591,-11364.611352507069,-10259.224774122353,-10855.507276363887,-10816.090764880337,-10106.248706807366
2026-02-21 08:28:31,-20092.830787268525,-10325.562950446565,-9727.12852167316,-10029.380323459429,-10316.252284561535,-9632.91837649574
2026-02-21 08:29:01,-19570.689655172413,-10472.862068965516,-10095,-11220.655172413793,-10715.310344827587,-10061
2026-02-21 08:29:31,-17777.068965517243,-10653.034482758621,-9832.068965517241,-10335,-10278,-9615.620689655172
2026-02-21 08:30:01,-26015.41432463188,-15680.161384875339,-15436.39435842615,-16244.42222145591,-15588.882375254318,-15037.69095486051
2026-02-21 08:30:31,-24063.928830040342,-10361.22892314058,-9837.660770318264,-10343.953656770454,-10302.472328540394,-9663.18402813696
2026-02-21 08:31:01,-25202.317321286937,-12057.105417428185,-11789.30307941653,-12913.272871478324,-11686.885754681194,-10990.620366219524
2026-02-21 08:31:31,-25739.896551724138,-11589.206896551725,-10557.551724137931,-12024.551724137931,-11241.103448275862,-10351.068965517241
2026-02-21 08:32:01,-26962.58620689655,-10966.862068965516,-10078.448275862069,-10989.620689655172,-10648.344827586207,-9966.103448275862
2026-02-21 08:32:31,-23660,-10318.51724137931,-9698.413793103447,-9966.758620689656,-10291.827586206897,-9646.51724137931
2026-02-21 08:33:01,-24992.827586206895,-10573.862068965516,-10301.655172413793,-10591.793103448275,-10635.48275862069,-9988.206896551725
2026-02-21 08:33:31,-23231.44827586207,-10330.48275862069,-10003.793103448275,-9983.862068965516,-10304.51724137931,-9647.379310344828
2026-02-21 08:34:01,-23987.20645539501,-10542.708369254111,-9904.582916652296,-10857.788199593087,-10504.01737990965,-9869.616193661848
2026-02-21 08:34:31,-22777.1724137931,-10315.413793103447,-9686.137931034482,-10301.758620689656,-9957.931034482759,-9605.344827586207
2026-02-21 08:35:01,-34472.06742346061,-15716.133470932233,-14959.408324733402,-15189.473684210527,-15757.378740970073,-14736.39490884073
2026-02-21 08:35:31,-33663.93103448276,-10854.655172413793,-10885.793103448275,-11546.241379310344,-10857.931034482759,-10014.448275862069
2026-02-21 08:36:01,-33398.10344827586,-11408.034482758621,-10935.724137931034,-10745.241379310344,-11027.551724137931,-9661.620689655172
2026-02-21 08:36:31,-35304.96551724138,-12388.620689655172,-12052.793103448275,-12252.931034482759,-11888.103448275862,-10251.827586206897
2026-02-21 08:37:01,-32794.297141675,-10523.152777298901,-9942.143916146606,-10203.15139813123,-10505.120159983451,-9571.561562596973
2026-02-21 08:37:31,-33242.336471156166,-10298.472466466672,-9687.803868832108,-10300.162063377124,-10263.266783904002,-9607.013551256852
2026-02-21 08:38:01,-35095.96551724138,-12036.620689655172,-10567.620689655172,-10969.448275862069,-11261.103448275862,-10621.241379310344
2026-02-21 08:38:31,-34203.68965517241,-11581.965517241379,-10057.068965517241,-11327.58620689655,-10641.931034482759,-9778.275862068966
2026-02-21 08:39:01,-37208.03448275862,-10872.103448275862,-10773.344827586207,-10247.58620689655,-10865.793103448275,-9952.241379310344
2026-02-21 08:39:31,-35164.38497879237,-11612.917686816785,-9935.03224249112,-12282.975275009481,-10530.397599917236,-9782.785613297008
2026-02-21 08:40:01,-47672.448275862065,-16072.58620689655,-15027.379310344828,-15420.344827586207,-15360.48275862069,-14791.206896551725
2026-02-21 08:40:31,-51031.24245663643,-10305.56226076761,-10581.744198075794,-9655.22949067209,-10302.010414152212,-9636.125383633916
2026-02-21 08:41:01,-55913.140926174965,-13843.970897555258,-16540.291714078827,-14728.319713113342,-13757.042860591015,-12558.739353815386
2026-02-21 08:41:31,-52668.09200317252,-13724.611193489429,-14955.791579019964,-13830.580364840165,-13685.540880720024,-11787.406462291801
2026-02-21 08:42:01,-58596.910451363736,-14145.719113134028,-12766.4908106617,-13873.176787007344,-13249.267266645977,-12213.923657804902
2026-02-21 08:42:31,-57798.56561616441,-12890.800634439005,-14515.895455485828,-14434.5217571202,-12805.22032963244,-10905.730639266258
2026-02-21 08:43:01,-59802.275862068964,-12938.310344827585,-11966.137931034482,-11889.275862068966,-12111.448275862069,-10133.965517241379
2026-02-21 08:43:31,-50900.141374435356,-10362.780593772628,-9731.423054377434,-11027.826626668044,-10334.022964725353,-9661.804765352917
2026-02-21 08:44:01,-58199.03448275862,-10594.793103448275,-9980.241379310344,-11073.862068965516,-10238.655172413793,-9914.689655172413
2026-02-21 08:44:31,-50620.73721595808,-10323.919864832247,-9694.148477638702,-10308.299713802973,-10616.42701975794,-9605.496362194408
2026-02-21 08:45:01,-74160.41932480429,-15270.767957515774,-14847.408531328665,-15004.207041622123,-15325.804338080621,-14592.882513190109
2026-02-21 08:45:31,-94980.6551724138,-19460.379310344826,-15882.862068965516,-20597.862068965518,-16431.689655172413,-15751.068965517241
2026-02-21 08:46:01,-98085.79310344828,-14408.965517241379,-13573.448275862069,-16192.344827586207,-14472.206896551725,-13771.448275862069
2026-02-21 08:46:31,-86451.98110279664,-10413.117693713575,-11691.851443153211,-10383.909789992756,-10371.012793544603,-9722.231801096588
2026-02-21 08:47:01,-99604.32398882796,-10746.663908141098,-11887.21078583497,-13350.815489121063,-10724.216406330816,-9854.280886865969
2026-02-21 08:47:31,-87719.79310344828,-10293.48275862069,-9651.724137931034,-10296.413793103447,-10257.724137931034,-9592.413793103447
2026-02-21 08:48:01,-93096.23806075653,-15449.777593876075,-16624.185372918175,-18009.275542222684,-15400.020688941762,-13484.741905451538
2026-02-21 08:48:31,-90495.18982104067,-10395.40015861522,-9804.55846350126,-10325.023275059482,-10403.434364332265,-9672.045791524431
2026-02-21 08:49:01,-99978.24137931035,-16450.689655172413,-17587.758620689656,-15696.758620689656,-14732,-15819.896551724138
2026-02-21 08:49:31,-98144.21684254089,-18290.054486516314,-13171.322160148979,-13680.564176839784,-14022.173943030557,-13423.822332574662
2026-02-21 08:50:01,-66088.06896551725,-17449.96551724138,-13147.793103448275,-15764.068965517241,-13534.689655172413,-13009.448275862069
2026-02-21 08:50:31,-10890.268294365129,-11864.300986274915,-10209.048899924132,-10555.624525829367,-10469.135802469136,-9905.510724877577
2026-02-21 08:51:01,-23048.09681423252,-14089.711763894635,-13495.621293614673,-14908.357467935457,-13985.312370707488,-13464.246310853674
2026-02-21 08:51:31,-22361.9875176718,-12892.76231854074,-10987.414227095616,-11598.013861590978,-11503.2929898969,-10872.349229336918
2026-02-21 08:52:01,-21842.45370849281,-11019.275197406985,-10406.744595013964,-11287.472845763938,-10968.863142650252,-10316.092548532808
2026-02-21 08:52:31,-23157.13251267198,-12150.581014447778,-12233.578152477501,-11585.80738595221,-11740.250336195304,-11088.7900417227
2026-02-21 08:53:01,-22553.44827586207,-11462.103448275862,-10483.137931034482,-12286.827586206897,-11370.137931034482,-10787.620689655172
2026-02-21 08:53:31,-22415.847729388643,-11484.15571876832,-10235.095341539947,-11478.328333505742,-10680.045515671874,-10036.791834764319
2026-02-21 08:54:01,-21499.068965517243,-11390.51724137931,-10202.48275862069,-10969.51724137931,-10768.344827586207,-10127.413793103447
2026-02-21 08:54:31,-21734.68050622435,-10975.06810579675,-10271.354184627055,-10519.017897168866,-10506.53470809338,-9568.605813993585
2026-02-21 08:55:01,-21405.516290294774,-10943.1822099638,-10515.22151353215,-10663.644199275986,-10611.342871918634,-10281.779003620064
2026-02-21 08:55:31,-22624.573496467347,-10492.331552645184,-9771.39410649664,-10356.574185765983,-10296.605204204723,-9686.575909012581
2026-02-21 08:56:01,-25546.770524574345,-15450.437719721514,-14195.285034810782,-14533.914661887366,-14414.524022885504,-13829.323774729442
2026-02-21 08:56:31,-21667.35622672735,-10655.737139704868,-10056.40601296373,-10641.739070473037,-10607.950627499655,-9615.225486139841
2026-02-21 08:57:01,-23101.272369918275,-11876.176683562635,-11007.413537464225,-11856.073928485222,-11483.155753249886,-11176.442191648563
2026-02-21 08:57:31,-23546.536087451288,-11951.998344770507,-11644.573950825888,-12231.594192903201,-11837.44267043691,-10930.75623297355
2026-02-21 08:58:01,-21414.40540633728,-11409.061131607077,-11096.059028376376,-11383.856842395615,-11321.58742199083,-11005.275316346586
2026-02-21 08:58:31,-23034.516051170645,-11253.405054998102,-11172.614737422846,-11959.31174787076,-11259.9565532223,-10540.326195648424
2026-02-21 08:59:01,-23871.16797130935,-12175.040518638572,-11885.306389875512,-12180.213110796922,-11759.19859305493,-10602.50353460464
2026-02-21 08:59:31,-20812.103448275862,-11517.137931034482,-12004.551724137931,-11772.862068965516,-11417.379310344828,-11349.51724137931
2026-02-21 09:00:01,-21125.077591558038,-10744.947927443272,-10198.496448030899,-10739.947582591903,-10699.18615076902,-10009.931719428925
2026-02-21 09:00:31,-21766.456329092096,-10567.049412089236,-9930.898934519499,-10530.429985172925,-10510.982379917932,-9862.073721595805
2026-02-21 09:01:01,-27634.611406109925,-15212.571546789877,-14658.0925453417,-14693.159092476382,-14412.523274256948,-13384.801048203573
2026-02-21 09:01:31,-24074.85690642025,-11309.702779118681,-10266.464381766775,-11234.535549272465,-10501.241293703883,-10608.958002896352
2026-02-21 09:02:01,-23927.51724137931,-11018.758620689656,-10420.58620689655,-10636.137931034482,-11329.655172413793,-10315.58620689655
2026-02-21 09:02:31,-23944.82948863832,-10917.17526981828,-10970.345850143098,-11201.820626874935,-10804.282610944449,-10199.337953863658
2026-02-21 09:03:01,-23937.312506465296,-12658.115237405607,-11190.44170890659,-11389.917589048655,-11391.193407123894,-10727.147339746905
2026-02-21 09:03:31,-26530.223095755322,-11276.024964656392,-10215.716699424158,-10726.59563463329,-10749.801730974796,-10025.447398365575
2026-02-21 09:04:01,-25069.997586290126,-11414.399503465396,-10177.33871245819,-11062.411640977896,-10975.621530292057,-10375.780145512223
2026-02-21 09:04:31,-24439.44827586207,-11132.965517241379,-10250.344827586207,-10792.310344827587,-10134.344827586207,-9803.275862068966
2026-02-21 09:05:01,-23686.931034482757,-10604.206896551725,-9967.344827586207,-10645.58620689655,-10877.448275862069,-9905.758620689656
2026-02-21 09:05:31,-23740.344827586207,-10641.275862068966,-9882.931034482759,-10704.172413793103,-10440.689655172413,-9811.51724137931
2026-02-21 09:06:01,-32272.680252405087,-14114.789145201888,-13974.931898900037,-14731.078238681423,-14184.2350263784,-13485.638426261161
2026-02-21 09:06:31,-36551.137931034486,-11530.172413793103,-10887.758620689656,-12119.310344827585,-11456.758620689656,-10795.551724137931
2026-02-21 09:07:01,-36287.30043791593,-11434.881555808419,-10777.38698665563,-11373.262990931345,-11379.262784041928,-10710.458260059997
2026-02-21 09:07:31,-34987.75862068965,-11816.137931034482,-11681.965517241379,-12617.068965517241,-11765.655172413793,-11107.137931034482
2026-02-21 09:08:01,-35496.603565394296,-11400.572394055378,-10797.765594289853,-12318.816592531293,-11318.471776835282,-10372.918175235338
2026-02-21 09:08:31,-35609.448275862065,-12478,-11313.655172413793,-12450.48275862069,-11869.310344827585,-11488.344827586207
2026-02-21 09:09:01,-34613.275862068964,-13855.931034482759,-11647.793103448275,-12146.793103448275,-11973.689655172413,-11378.068965517241
2026-02-21 09:09:31,-35047.619047619046,-11209.820351022378,-11049.963794351917,-11607.048032826453,-11098.169028654183,-10427.226647356987
2026-02-21 09:10:01,-36582.448275862065,-11284.620689655172,-10616.310344827587,-10665.551724137931,-10680.51724137931,-9975.275862068966
2026-02-21 09:10:31,-37414.606392883,-12180.235164304677,-12147.44319161408,-10392.020964794316,-10672.563015068445,-10058.963484017791
2026-02-21 09:11:01,-50253.620689655174,-14252.931034482759,-14107.689655172413,-14238.310344827585,-14043.551724137931,-13403.689655172413
2026-02-21 09:11:31,-58633.67702334563,-14877.47853374254,-13639.366874719815,-13729.404462222834,-13149.384461533155,-12329.666540225524
2026-02-21 09:12:01,-54031.37822833696,-14554.015378780043,-16583.945381193753,-15580.704113651254,-14528.499017275268,-14132.995413951245
2026-02-21 09:12:31,-58639.32278197303,-11703.69987241819,-11095.617392503706,-11477.121478569703,-11706.285990138269,-11025.068101099961
2026-02-21 09:13:01,-60121.34064342608,-17983.96607013551,-21505.32740250336,-22893.038171097545,-18546.1190993414,-17975.79393814006
2026-02-21 09:13:31,-60671.65517241379,-19091.862068965518,-18043.310344827587,-19026.379310344826,-17649.068965517243,-16999.620689655174
2026-02-21 09:14:01,-56435.03448275862,-15011.103448275862,-13979.965517241379,-15593.068965517241,-14177.448275862069,-13520.275862068966
2026-02-21 09:14:31,-58294.33467811454,-13029.930002413708,-13521.499258646252,-14065.411537533188,-13092.1692355436,-12461.363401262024
2026-02-21 09:15:01,-59258.1724137931,-15628.103448275862,-13127.310344827585,-14499.068965517241,-13917.310344827585,-13219.172413793103
2026-02-21 09:15:31,-54114.50934418316,-10324.184538997311,-10064.099027653265,-9990.931659885526,-10292.87635335494,-9662.712916350596
2026-02-21 09:16:01,-82115.6856660115,-14730.250681010997,-14149.822419916552,-17255.094651908552,-14628.840384814315,-14028.826592186475
2026-02-21 09:16:31,-86823.86814247783,-12877.142167511463,-11462.915071894071,-13287.059066928725,-11952.898175924967,-11365.711527188716
2026-02-21 09:17:01,-100954.48432812662,-16485.638426261165,-15480.017930416194,-18886.45219130375,-15946.415640839972,-15211.509947932831
2026-02-21 09:17:31,-95840.82209731369,-15440.049656884717,-13953.446670574845,-13618.883409772749,-13893.030794165314,-13254.077726818165
2026-02-21 09:18:01,-100261.31034482758,-21444.206896551725,-19451.96551724138,-22092.96551724138,-19335.55172413793,-18650.896551724138
2026-02-21 09:18:31,-88421.3593572192,-13028.449256870925,-14087.796130901064,-13036.139177213006,-12990.447946480912,-12383.875306045034
2026-02-21 09:19:01,-98542.53301610288,-12903.96882866108,-12387.090100341366,-13537.705596358745,-12963.863315058099,-12311.989241750283
2026-02-21 09:19:31,-91832.4943107372,-12949.175918902145,-12862.561202675679,-13913.799048341494,-12846.87262947383,-12292.531549548308
2026-02-21 09:20:01,-111762.93920899279,-19123.616427019755,-18151.443053687803,-18535.94703630909,-18439.467604565358,-17761.490983069547
2026-02-21 09:20:31,-88007.31034482758,-10451.344827586207,-9757.689655172413,-10721.206896551725,-10288.068965517241,-9644.137931034482
2026-02-21 09:21:01,-55058.519259284796,-10736.542639401358,-11721.576606089864,-10707.50715541915,-10740.853132866649,-10076.278492361804
2026-02-21 09:21:31,-15562.941764645038,-12455.125331862222,-12194.462641795677,-12761.88670137572,-12376.616212115989,-11753.301382615593
2026-02-21 09:22:01,-19259.560674506014,-13998.965481568328,-13361.94351529363,-14076.899203420806,-13856.512293527361,-13308.976171592121
2026-02-21 09:22:31,-15391.628163574927,-10801.668850424108,-10378.904903110131,-10607.061581959866,-10610.337218122888,-9956.071995034825
2026-02-21 09:23:01,-16765.318437295264,-10716.18220061377,-10363.53918830385,-10951.415468432122,-10718.630392055446,-10068.618323506085
2026-02-21 09:23:31,-15231.689655172413,-10359.344827586207,-9738.206896551725,-10476.448275862069,-10298.068965517241,-9632.931034482759
2026-02-21 09:24:01,-16412.55172413793,-10904.241379310344,-10315.758620689656,-10593.724137931034,-10593.413793103447,-9608.034482758621
2026-02-21 09:24:31,-16966.486225562876,-10660.931627762646,-10325.035341171604,-10292.762817639556,-10475.916284522293,-10082.129434886048
2026-02-21 09:25:01,-18251.836270216212,-10854.994999827579,-10249.767233352874,-10716.783337356459,-10696.092968723058,-10043.311838339252
2026-02-21 09:25:31,-16623.03448275862,-10589.379310344828,-10041.068965517241,-11128.206896551725,-10503.241379310344,-9772.827586206897
2026-02-21 09:26:01,-17200.862068965518,-10710.413793103447,-10243.172413793103,-10425.965517241379,-10670.034482758621,-10002
2026-02-21 09:26:31,-22936.62287507327,-14513.085755663597,-14051.584428123166,-15061.204786041859,-13687.18320057929,-13838.660735836693
2026-02-21 09:27:01,-19612.80645494983,-11640.874452605083,-11262.266818385573,-11830.488603841248,-12079.997241474433,-10954.967070101033
2026-02-21 09:27:31,-18051.892972898422,-10473.174263843874,-9504.585890628234,-10655.265154127303,-10756.223708709744,-9716.433349424178
2026-02-21 09:28:01,-17935.96551724138,-10595.758620689656,-10281.51724137931,-10580.068965517241,-10569.068965517241,-9896.206896551725
2026-02-21 09:28:31,-18424.620689655174,-11505.620689655172,-10095.137931034482,-11148.655172413793,-10677.827586206897,-10015.51724137931
2026-02-21 09:29:01,-20355.401537878002,-11827.868004551567,-10034.516051170647,-11172.545774283644,-10973.449191407191,-10262.404744663976
2026-02-21 09:29:31,-19416.089100375848,-10980.862728871416,-10416.50287921106,-10491.638219371745,-10475.087065963242,-9832.385090169304
2026-02-21 09:30:01,-21396.103448275862,-10955.896551724138,-10293.793103448275,-10841.241379310344,-10878.862068965516,-10077.206896551725
2026-02-21 09:30:31,-19952.139581393745,-10183.372987138375,-9931.140305506708,-10778.938657287681,-10320.126892176133,-9709.389331402366
2026-02-21 09:31:01,-18937.450432743695,-10925.450846522532,-9963.656425640494,-10585.738422813005,-10573.669873452638,-9872.314747767317
2026-02-21 09:31:31,-26545.912209923794,-15246.267370090685,-14883.348850039652,-15486.983207475603,-14947.450087928,-14637.702148201784
2026-02-21 09:32:01,-24290.708498534732,-10808.067574556111,-11044.233752801241,-10935.700741251507,-11140.699879331149,-10210.825719703498
2026-02-21 09:32:31,-23233.6815971863,-10301.162028895555,-9669.528636943553,-10302.36888383159,-10302.403365401191,-9293.679528292127
2026-02-21 09:33:01,-24871.03448275862,-10621.655172413793,-10132.51724137931,-10636.172413793103,-10677.034482758621,-10368.448275862069
2026-02-21 09:33:31,-24787.241379310344,-10955.034482758621,-10385.413793103447,-11145.965517241379,-10597.827586206897,-9997.379310344828
2026-02-21 09:34:01,-24153.891245129475,-12040.17102858522,-11353.263680562737,-12668.390745146718,-11393.46919071756,-10584.186752180958
2026-02-21 09:34:31,-25633.840212406467,-11151.68442467501,-11024.412951277542,-12166.339091755455,-10815.696010482396,-10108.6169442433
2026-02-21 09:35:01,-28303.54125719803,-10728.974862935762,-10256.267025274992,-10349.056929071412,-10695.665666701148,-9974.862935760837
2026-02-21 09:35:31,-25398.03448275862,-10597.275862068966,-10003.551724137931,-10819.896551724138,-10460.931034482759,-9807
2026-02-21 09:36:01,-24028.72314747767,-10486.914244336402,-9915.899451743042,-10498.500051722353,-10483.466087376297,-9839.350367228715
2026-02-21 09:36:31,-34576.793103448275,-15281.206896551725,-14395.58620689655,-15301.068965517241,-15117.310344827585,-14470.172413793103
2026-02-21 09:37:01,-36253.8275862069,-12227.241379310344,-14111.931034482759,-12848.379310344828,-11857.827586206897,-11558.758620689656
2026-02-21 09:37:31,-34657.1724137931,-10358.655172413793,-9711.137931034482,-10337.551724137931,-10619,-9654.206896551725
2026-02-21 09:38:01,-34973.000931002374,-11472.121650977551,-10215.647736284955,-10809.351401675804,-10772.766456329091,-10119.478638667631
2026-02-21 09:38:31,-34413.53746422537,-10660.356539429673,-10023.72331988552,-11222.785421192371,-10693.872625081893,-10050.653425743938
2026-02-21 09:39:01,-33701.58259490398,-10582.456987208221,-9972.313208978383,-10555.942488708066,-10554.18404992587,-9545.116022480433
2026-02-21 09:39:31,-35116.720113099545,-11088.169373469878,-11624.806041170992,-11643.49505189476,-11092.583014378813,-10693.010585841866
2026-02-21 09:40:01,-34910.523412178474,-11447.210537204332,-10097.131232328806,-10946.520929591063,-10754.844493483208,-10116.612647403628
2026-02-21 09:40:31,-35145.206896551725,-10426.931034482759,-9893.310344827587,-10584.103448275862,-10409.034482758621,-9715.724137931034
2026-02-21 09:41:01,-33344.850177580076,-10851.66028757629,-10370.056204958448,-10578.635219475189,-10567.325264646046,-9918.554532602322
2026-02-21 09:41:31,-48718.24137931034,-15118.172413793103,-14940.206896551725,-15441.862068965516,-15269.689655172413,-14538.275862068966
2026-02-21 09:42:01,-54186.868512707326,-11615.745370530016,-11820.200696575743,-11550.777613021137,-11538.225456050208,-10901.720748991343
2026-02-21 09:42:31,-56815.93103448276,-13238,-11543.724137931034,-14149.793103448275,-12421.689655172413,-11698.827586206897
2026-02-21 09:43:01,-53682.84945865803,-12621.61230259982,-12067.616026480933,-13458.830425487899,-12474.794841735053,-11855.38928349769
2026-02-21 09:43:31,-51016.96493224371,-10305.851522361296,-9990.621013068514,-10284.645357056652,-10278.99037964208,-9305.713596082893
2026-02-21 09:44:01,-53700.47243008379,-10547.467154039792,-9928.790647953376,-10532.880444153245,-10500.568985137417,-10109.796889547913
2026-02-21 09:44:31,-55069.03448275862,-10873.344827586207,-10319.137931034482,-12201.724137931034,-10902.034482758621,-10237.689655172413
2026-02-21 09:45:01,-60445.19154511914,-15989.034860866868,-14182.304058480744,-15221.854418813145,-13781.835109134168,-13096.238060756526
2026-02-21 09:45:31,-59648.73625047412,-12240.233095410502,-12171.13202993,-16433.088514189163,-12655.494638115926,-11807.420433778145
2026-02-21 09:46:01,-54716,-11772.379310344828,-11932.310344827585,-11751.862068965516,-11682.068965517241,-10989.206896551725
2026-02-21 09:46:31,-75095.5172413793,-16269.620689655172,-16305.896551724138,-16030.413793103447,-16039.413793103447,-15318.965517241379
2026-02-21 09:47:01,-84608.6551724138,-11245.793103448275,-10176.931034482759,-12062.103448275862,-11267.827586206897,-10035.51724137931
2026-02-21 09:47:31,-100522.46319346275,-14826.604144398858,-11765.507016515534,-15138.64083025894,-12310.623038995967,-11653.759955866635
2026-02-21 09:48:01,-95197.15881663334,-15253.982483966623,-14040.859251086133,-15776.911937107787,-13726.053375629268,-13090.924763809393
2026-02-21 09:48:31,-93521.74062963347,-12199.61380642047,-10695.562221992346,-11323.368159718631,-11347.470776869764,-9537.222854384332
2026-02-21 09:49:01,-95303.10344827586,-12847.172413793103,-13522.172413793103,-12857.448275862069,-12796.068965517241,-12454.758620689656
2026-02-21 09:49:31,-100797.80704778981,-11754.672091579892,-10255.809944141783,-10313.047376043032,-10546.8243569409,-9858.285635473416
2026-02-21 09:50:01,-99215.83502879408,-10592.296286078828,-11443.084244284284,-11321.976619883442,-11511.052105245008,-10263.560812441807
2026-02-21 09:50:31,-81918.8275862069,-10303.241379310344,-9714.344827586207,-10277.793103448275,-10624.551724137931,-9640.51724137931
2026-02-21 09:51:01,-97318.73512879753,-11716.50746577468,-12116.797130935547,-12303.803579433772,-11731.57695092934,-11094.589468602364
2026-02-21 09:51:31,-56947.10527223199,-11344.470880314471,-10749.353470569979,-12448.260404813625,-11301.817178717974,-10434.605703251611
2026-02-21 09:52:01,-19953.96869181436,-12780.946141645405,-12017.860837183644,-12584.890697193297,-12574.891386800911,-12231.294393490105
2026-02-21 09:52:31,-16379.124857763527,-11145.926002551638,-10569.290714113307,-11170.856177373194,-11110.78928312817,-10480.742043377815
2026-02-21 09:53:01,-16885.241379310344,-11050,-10110.344827586207,-11323.931034482759,-11026.103448275862,-10368.448275862069
2026-02-21 09:53:31,-16439.157270438947,-11425.226716320125,-10984.690183097133,-11110.89272783697,-11073.342298541429,-10095.548429364504
2026-02-21 09:54:01,-15719.965517241379,-10276.413793103447,-10012.965517241379,-10582.965517241379,-10629.58620689655,-10255.620689655172
2026-02-21 09:54:31,-15840.626185303952,-10863.039205544635,-9887.659046239783,-10507.775593945034,-10495.672563015067,-9834.316058066963
2026-02-21 09:55:01,-15899.58966932175,-11659.49450018965,-10818.006275645668,-11748.28454191235,-11328.747284576395,-10724.66466673563
2026-02-21 09:55:31,-16706.32047170787,-11570.911347884554,-10911.89958966932,-11673.562980586876,-11501.982690252058,-10890.624461225474
2026-02-21 09:56:01,-16637.52974035378,-10651.322368194198,-9691.217544222613,-10620.599289679665,-10605.530843764007,-9955.380848936242
2026-02-21 09:56:31,-15012.655608814095,-10414.876375047414,-10089.727231973515,-10526.362978033723,-10388.427187144383,-9704.576019862752
2026-02-21 09:57:01,-23101.168925209473,-14627.564566739076,-14039.82621288921,-14629.426571497534,-14490.155511878898,-13943.898486259093
2026-02-21 09:57:31,-18025.03361953036,-10275.542222681977,-9681.56270473432,-10283.19713113341,-10252.336126340471,-9628.426605979104
2026-02-21 09:58:01,-17508.15545363633,-10908.203731163141,-10300.941411772817,-11216.835063278042,-10730.68036828856,-10039.656539880683
2026-02-21 09:58:31,-19283.86718615316,-10350.30858876668,-9439.8855290832,-10334.861910836811,-10328.276385201532,-9675.72320104817
2026-02-21 09:59:01,-18648.9189282389,-10434.187385771922,-10565.812614228076,-10679.678609607226,-10709.334804648435,-10043.13941860064
2026-02-21 09:59:31,-18210.785834971204,-11103.858487638356,-10093.13471949243,-10491.741664080548,-10464.121926830108,-9485.707389400364
2026-02-21 10:00:01,-22334.471225130168,-13702.94127788697,-13343.815730492053,-13513.671942346817,-13485.224647425952,-13265.887383193683
2026-02-21 10:00:31,-19108.72788716852,-10750.267250594847,-10159.833097693023,-10587.089209972757,-10544.949825856063,-9922.480085520188
2026-02-21 10:01:01,-18251.03448275862,-10946.620689655172,-10343.241379310344,-10736.724137931034,-10709.137931034482,-9754.379310344828
2026-02-21 10:01:31,-17633.068965517243,-10598.689655172413,-9834.241379310344,-10439.241379310344,-10409.310344827587,-9768.103448275862
2026-02-21 10:02:01,-26932.62301299955,-14844.14330540326,-14359.95310506534,-15046.550118961413,-14702.251646494946,-14350.436191855451
2026-02-21 10:02:31,-23531.15624676713,-11699.644815338459,-10311.390047932686,-10891.47901651781,-10845.787785785715,-10232.00800027587
2026-02-21 10:03:01,-22960.48548375974,-10772.463968002206,-10389.249017309152,-10770.602027446383,-10749.810357906352,-10074.132818426317
2026-02-21 10:03:31,-23970.275862068964,-11036.862068965516,-10193.689655172413,-10811.275862068966,-10774.206896551725,-10122.241379310344
2026-02-21 10:04:01,-23667.241379310344,-10679.241379310344,-10551.724137931034,-10675.689655172413,-10621.206896551725,-9993.48275862069
2026-02-21 10:04:31,-25150.58620689655,-12095.344827586207,-11425.827586206897,-12213.068965517241,-11892.275862068966,-11339.413793103447
2026-02-21 10:05:01,-25023.34804800662,-11264.139881362948,-10716.202234791006,-11176.472616912679,-11270.244171609878,-10598.772244447511
2026-02-21 10:05:31,-24160.821539523648,-11611.701760441838,-10745.840524680705,-12192.578529513292,-11559.647911632725,-10908.871246116674
2026-02-21 10:06:01,-24689.763399324,-11304.062909567498,-10490.411809339865,-11046.147478788716,-11028.005794302271,-10408.946678623164
2026-02-21 10:06:31,-23340.60894451915,-10540.49860349643,-10168.373504361918,-10539.808972104409,-10533.360918589013,-9849.901727526636
2026-02-21 10:07:01,-34014.75862068965,-14910.379310344828,-14408.413793103447,-14934.551724137931,-14598.448275862069,-13910.655172413793
2026-02-21 10:07:31,-34415.88221095825,-10554.91189958967,-10518.36143581256,-10234.095376021518,-10467.018378676597,-9883.52125788766
2026-02-21 10:08:01,-31647.9086928037,-11045.653598151788,-9900.417226992173,-11091.858901417194,-10754.663632288542,-10086.376331850626
2026-02-21 10:08:31,-34998.724181924765,-10659.83931588566,-10957.725595669115,-10689.907244577775,-10649.563808144547,-9996.896658735906
2026-02-21 10:09:01,-34937.7262853005,-11329.816213234026,-10416.261508223854,-11002.068894176062,-10978.00075859453,-10318.402813696079
2026-02-21 10:09:31,-34338.793103448275,-11251.379310344828,-11177.103448275862,-11549.344827586207,-11237.310344827587,-10208.48275862069
2026-02-21 10:10:01,-34916.4798786165,-12411.186592641125,-10461.809027897512,-12350.391392806647,-11873.512879754473,-11493.741163488394
2026-02-21 10:10:31,-34487.396117107484,-13438.359943446323,-13528.121659367562,-13632.090761750404,-13203.938066829889,-12553.46736094348
2026-02-21 10:11:01,-35474.46639771042,-10960.311713389192,-10459.673804351572,-10969.966552877486,-10987.414227095616,-10309.196234612598
2026-02-21 10:11:31,-33380.74549153478,-10725.94048481087,-10469.294162270267,-11129.512775421537,-10694.424330195512,-10064.066756318749
2026-02-21 10:12:01,-53538.1724137931,-14177.241379310344,-14064.034482758621,-13965.034482758621,-14272.344827586207,-13565.310344827585
2026-02-21 10:12:31,-53432.48741466106,-11359.320046893317,-10330.011723329426,-11367.35397558789,-10852.975656851251,-10215.74374181091
2026-02-21 10:13:01,-57779.206896551725,-11550.965517241379,-11721.034482758621,-13037.51724137931,-11781.827586206897,-11154.896551724138
2026-02-21 10:13:31,-50246.87101334345,-11085.267041340552,-10163.121056442438,-11314.381270903012,-10719.994483329312,-9781.057132020827
2026-02-21 10:14:01,-60312.724137931036,-15494.965517241379,-14426.827586206897,-16384.689655172413,-14920.034482758621,-14618.48275862069
2026-02-21 10:14:31,-50030.79204165373,-11624.185372918173,-11937.278024895691,-11632.081652356814,-11529.050722388882,-10938.86417709734
2026-02-21 10:15:01,-58213.697024035304,-11933.480464843613,-12218.110969343768,-12861.546949894822,-11900.47932687334,-10824.614641884202
2026-02-21 10:15:31,-52887.65904623978,-13391.400296541497,-12566.18737284921,-12570.532050618942,-12699.975862901278,-12456.846315644287
2026-02-21 10:16:01,-61917.79026862994,-13397.358529604468,-12901.68626504362,-13472.188696161935,-12831.476947480945,-11768.923066312629
2026-02-21 10:16:31,-53770.93893314023,-13407.399744836383,-13602.875762904725,-13221.647529395537,-12779.731733388502,-12484.052274059513
2026-02-21 10:17:01,-90234.49084451186,-17767.371288665123,-15765.612607331284,-16630.607951998343,-15928.066485051206,-15622.090416910925
2026-02-21 10:17:31,-88571.70936928858,-14037.208179592399,-12460.74002551812,-13928.825131901098,-13317.079899306871,-12339.632401117278
2026-02-21 10:18:01,-103441.43305403263,-19720.526878383505,-20330.126547360436,-20589.807248025932,-18551.049963794354,-17991.79338643495
2026-02-21 10:18:31,-93252.12923692285,-13570.635495327746,-13989.758973828488,-15003.241267542497,-13454.880866177027,-12848.625909451397
2026-02-21 10:19:01,-91648.2982171799,-10534.535673643917,-9677.919928273388,-10530.776923342182,-10544.122211110727,-9887.20300700024
2026-02-21 10:19:31,-93228.49063760818,-12708.989965171211,-13227.111279699298,-12881.513155626055,-12721.81799372392,-12059.933101141418
2026-02-21 10:20:01,-94974.58620689655,-12091.344827586207,-12534.620689655172,-12101.172413793103,-12126.068965517241,-11444.58620689655
2026-02-21 10:20:31,-90900.86206896552,-14488.379310344828,-14297.620689655172,-13519.448275862069,-13412.344827586207,-12761.206896551725
2026-02-21 10:21:01,-96446.22599220717,-13075.652563704702,-11471.98372469915,-10259.715182235097,-12054.101582704046,-11453.846419088997
2026-02-21 10:21:31,-92902.45163959864,-11869.521740629634,-12097.34147098376,-13833.936760801353,-11876.62494396745,-11239.888279714494
2026-02-21 10:22:01,-39989.03448275862,-13632.172413793103,-16495,-13675.379310344828,-13560.413793103447,-12923.068965517241
2026-02-21 10:22:31,-10550.774111237544,-10306.920451018932,-9721.319954484328,-10563.704699837937,-10309.023826764595,-9630.943760559981
2026-02-21 10:23:01,-14829.488638322815,-12432.536809075547,-11169.235543601944,-12507.879038653839,-12143.339884831556,-11465.466708044549
2026-02-21 10:23:31,-19095.686355642905,-13392.055446363916,-13249.508637633184,-13402.158546257024,-13310.437571118237,-12705.28602461984
2026-02-21 10:24:01,-17148.960380676526,-11989.20726871487,-11116.44426054274,-11219.233819523464,-11428.433502293023,-11093.858832454052
2026-02-21 10:24:31,-16135.029826557702,-11174.856039446915,-9265.059825523256,-10791.248577635253,-10361.159960001378,-9489.22450949967
2026-02-21 10:25:01,-16197.096651839589,-10646.494948450052,-10069.82517844212,-10862.073721595805,-10642.598531085134,-9997.68973483673
2026-02-21 10:25:31,-16993.758620689656,-10786.965517241379,-10637.172413793103,-10869.206896551725,-10494.620689655172,-9597.689655172413
2026-02-21 10:26:01,-18858.768360802704,-10805.047927729123,-9805.358251155094,-10694.46934694159,-10698.882835666505,-10330.494448658714
2026-02-21 10:26:31,-15689.448275862069,-10343.137931034482,-10067.862068965516,-10363.724137931034,-10313.689655172413,-9680.758620689656
2026-02-21 10:27:01,-15904.172413793103,-10533.448275862069,-9942.344827586207,-10516.206896551725,-10195.034482758621,-9866.275862068966
2026-02-21 10:27:31,-15404.393254939823,-10307.90716921273,-9707.05886409876,-10298.079244111865,-10609.74516362633,-9614.228076830233
2026-02-21 10:28:01,-20837.005620495842,-14174.269852763697,-13780.076549084513,-14316.058066963207,-14131.064446053582,-13567.980414468466
2026-02-21 10:28:31,-20542.188200406883,-11854.108479017967,-11452.087859039344,-11413.089203820558,-11672.907830764458,-11348.470742388194
2026-02-21 10:29:01,-18593.96551724138,-10800.068965517241,-10310.172413793103,-12408.241379310344,-10729.689655172413,-9406.931034482759
2026-02-21 10:29:31,-18201.95855315334,-10831.52305092928,-9881.590289990001,-10560.015171890625,-10212.578876590464,-10465.363263335748
2026-02-21 10:30:01,-19021.724137931033,-11872,-10183.137931034482,-10901.551724137931,-11369.137931034482,-10086.137931034482
2026-02-21 10:30:31,-18135.064308127305,-10439.22623357815,-9115.858073859521,-11003.413675390502,-10435.778076618046,-9637.046998379365
2026-02-21 10:31:01,-19177.344827586207,-10840.551724137931,-10658.48275862069,-11001.068965517241,-10690.793103448275,-10035.758620689656
2026-02-21 10:31:31,-22086.752637749123,-10663.264602441212,-9892.38673194952,-10224.15695469278,-10458.692503965243,-9754.499689676575
2026-02-21 10:32:01,-18390.814109858282,-10724.561222026827,-9476.500810316886,-10917.899382779906,-10538.291783041965,-9896.624254336059
2026-02-21 10:32:31,-18371.185213283214,-10385.633987378873,-10519.328252698368,-10367.702334563259,-10339.770336908168,-9673.264595330873
2026-02-21 10:33:01,-26076.06634253991,-15659.59794489845,-14676.355987724559,-15585.566014965,-15523.706079100719,-14791.007206648044
2026-02-21 10:33:31,-22174.1724137931,-9975.827586206897,-9664.965517241379,-10273.48275862069,-10236.758620689656,-9613.48275862069
2026-02-21 10:34:01,-23645.679608302875,-12127.26708502862,-10903.42045376181,-11133.576994690022,-11134.05972001931,-10556.616785049308
2026-02-21 10:34:31,-23211.6060961313,-10625.508585614785,-10346.907109854494,-11243.052203296325,-10568.719398662162,-9612.923246672644
2026-02-21 10:35:01,-24193.79978619952,-11139.108245111898,-10876.788854788094,-11539.570330011378,-11106.762302148349,-10729.921721438668
2026-02-21 10:35:31,-23580.402703075437,-11191.973520893669,-10590.711625982623,-10902.70307543787,-10834.126327403117,-10203.489173907046
2026-02-21 10:36:01,-23772.559566911485,-10357.435950484465,-10006.723906072204,-11016.137374573289,-10670.218268335573,-9905.520499293127
2026-02-21 10:36:31,-26479.62068965517,-11171.103448275862,-10714.793103448275,-11753.068965517241,-11122.275862068966,-10041.413793103447
2026-02-21 10:37:01,-26428.049243077345,-11416.979895858476,-10881.340735887443,-11858.2709748612,-11112.314217731644,-9795.303286320217
2026-02-21 10:37:31,-23684.862068965518,-10512.48275862069,-9939.724137931034,-10685.689655172413,-10361.965517241379,-10028.275862068966
2026-02-21 10:38:01,-31697.62859513274,-15408.566095132743,-15247.545630530973,-15472.27599557522,-15363.523230088495,-14707.584347345131
2026-02-21 10:38:31,-35252.354178883106,-10510.434272705323,-9686.592390741955,-11196.336794177503,-10476.941119657826,-9868.85585181608
2026-02-21 10:39:01,-34318.935502775,-10895.411768761418,-10263.15970905581,-11550.55327656934,-10813.747457685546,-10208.76279775242
2026-02-21 10:39:31,-33070.48518914445,-10925.825028449255,-10415.221214524638,-11894.548087865098,-10878.099244801544,-9994.172212834925
2026-02-21 10:40:01,-33315.607972963655,-11675.287950893166,-10960.617973653356,-12387.268087454308,-11633.836816332161,-10317.95296227326
2026-02-21 10:40:31,-34014.448275862065,-10317.137931034482,-9687.862068965516,-9912.862068965516,-10248.103448275862,-9580.275862068966
2026-02-21 10:41:01,-34903.99337885372,-10507.897096351473,-10686.047313607834,-11786.812883647148,-10853.67956410787,-9934.443754741706
2026-02-21 10:41:31,-36576.876659425536,-10719.457949725871,-9965.863246094961,-10372.918175235336,-10373.40091720975,-9681.079962759904
2026-02-21 10:42:01,-34995.68965517241,-10554.758620689656,-10286.931034482759,-10245.034482758621,-10543.862068965516,-9883.827586206897
2026-02-21 10:42:31,-34278.285458119244,-10388.289251353493,-9923.997379219973,-10721.68005793303,-10377.219904134623,-9744.301527638883
2026-02-21 10:43:01,-51007.10369323079,-15238.077175075001,-14732.301113831509,-14998.448222352492,-15350.115521224867,-14551.915583295973
2026-02-21 10:43:31,-51184.683286783205,-11362.021999241404,-11830.247232854039,-11348.125926692182,-11352.953346436329,-10618.495913934
2026-02-21 10:44:01,-56660.448275862065,-13613.48275862069,-15685.172413793103,-14448.827586206897,-13506.137931034482,-12415.172413793103
2026-02-21 10:44:31,-53516.19021345563,-12408.220973137002,-11809.200317252318,-14486.947825787094,-12311.01072450774,-10812.269388599605
2026-02-21 10:45:01,-56522.60422773198,-12456.981275216385,-10188.73064588434,-11574.502569054104,-11266.11262457326,-10050.725887099554
2026-02-21 10:45:31,-53999.55172413793,-11158.034482758621,-9809.965517241379,-12001.172413793103,-11456,-10017.103448275862
2026-02-21 10:46:01,-58754.33635642607,-12982.516638504774,-11636.090899686194,-11444.980861409013,-11618.986861615916,-9982.516638504774
2026-02-21 10:46:31,-49881.62885318254,-12390.628232535688,-10792.15226536101,-11034.411419902077,-11048.444934832081,-10968.933177022274
2026-02-21 10:47:01,-59042.3118038553,-13670.919686885753,-12263.90565191903,-14228.594089451359,-12739.99103417359,-11317.010931411427
2026-02-21 10:47:31,-59388.379310344826,-10392.620689655172,-9447.379310344828,-10353.448275862069,-10368.896551724138,-9682.896551724138
2026-02-21 10:48:01,-74710.83755732562,-15248.33626426675,-15228.750732733355,-16245.715664977071,-15468.259715182236,-14755.111892693356
2026-02-21 10:48:31,-91316.6534469083,-19018.898506742076,-14065.937855640239,-16992.481980894576,-14836.155464358382,-14071.490154153878
2026-02-21 10:49:01,-89304.89655172413,-18248.931034482757,-15177.275862068966,-14889.551724137931,-14513.103448275862,-13866.310344827585
2026-02-21 10:49:31,-94183.13793103448,-11095.793103448275,-11856.344827586207,-13379.241379310344,-11095.310344827587,-10515.655172413793
2026-02-21 10:50:01,-89894.89655172413,-17462.068965517243,-15518.068965517241,-17183.620689655174,-15835.620689655172,-15249.344827586207
2026-02-21 10:50:31,-95053.37931034483,-14560.103448275862,-18365.827586206895,-14988.655172413793,-14886.48275862069,-13872.310344827585
2026-02-21 10:51:01,-99574.22669747232,-14340.83933928756,-11516.362633194247,-15133.52184558088,-12735.956412290077,-14640.677264733265
2026-02-21 10:51:31,-87507.1549256922,-10338.50556877349,-9703.527464570187,-10950.449984483292,-10327.33354022275,-9643.219199337953
2026-02-21 10:52:01,-90279.04410496913,-13434.532225249144,-12915.445360184833,-12511.569364460842,-12610.883133901167,-11973.58529604469
2026-02-21 10:52:31,-87773.22253637681,-10376.629197986345,-9444.210744086615,-10719.50210330322,-10366.974691400594,-9719.157299496586
2026-02-21 10:53:01,-66614.79310344828,-10685.724137931034,-10451.448275862069,-10542.344827586207,-10751.275862068966,-10033.172413793103
2026-02-21 10:53:31,-19150.896551724138,-13345.068965517241,-13274.137931034482,-13906.931034482759,-13160.034482758621,-12654.068965517241
2026-02-21 10:54:01,-23866.068965517243,-11513.551724137931,-10817.310344827587,-11425,-11572.827586206897,-10600.275862068966
2026-02-21 10:54:31,-21403.03448275862,-10708,-9820.137931034482,-11073.48275862069,-10686.58620689655,-10378.48275862069
2026-02-21 10:55:01,-21383.84082209731,-11411.634883961515,-11135.625366391943,-11708.093382530431,-11373.357701989722,-10730.197593020448
2026-02-21 10:55:31,-21173.28183730473,-11128.34925342253,-10542.156626090553,-10836.925411221075,-10870.098968929962,-10145.62571123142
2026-02-21 10:56:01,-23077.64713995104,-10656.414853635832,-10855.876978243632,-10284.970520291006,-10816.398303623764,-9984.174050960246
2026-02-21 10:56:31,-21922.16704600317,-10437.16808055728,-9817.677081178012,-10738.292296020414,-10641.182150493138,-9774.156838402649
2026-02-21 10:57:01,-23234.509154856732,-11446.191510637565,-11189.269335540155,-11776.2835764284,-11408.365228785215,-10753.422295782904
2026-02-21 10:57:31,-20589.655172413793,-10434.758620689656,-10090.068965517241,-11010.931034482759,-10396.172413793103,-9794.310344827587
2026-02-21 10:58:01,-20429.344827586207,-10611.793103448275,-10167.51724137931,-10641.068965517241,-10587.58620689655,-9954
2026-02-21 10:58:31,-25607.96551724138,-13756.48275862069,-13002.689655172413,-14009.58620689655,-13138.275862068966,-12557.58620689655
2026-02-21 10:59:01,-23096.896551724138,-12911.48275862069,-11879,-12780.241379310344,-12690.896551724138,-11673.172413793103
2026-02-21 10:59:31,-21336.793103448275,-11519.068965517241,-10188.172413793103,-11503.793103448275,-11139.551724137931,-10882.034482758621
2026-02-21 11:00:01,-23470.103448275862,-12786.51724137931,-12444.793103448275,-11935.206896551725,-11873.620689655172,-11257.862068965516
2026-02-21 11:00:31,-21457.67095417083,-11957.619228249248,-11404.531190730713,-11608.538225456048,-11542.639401358665,-10579.226869892063
2026-02-21 11:01:01,-25733.58620689655,-11861.551724137931,-10958.275862068966,-11947.241379310344,-11147.655172413793,-10920.068965517241
2026-02-21 11:01:31,-21848.90176200821,-11459.604841212373,-10547.739733112652,-10430.088617633875,-11174.3043343333,-10125.719802765423
2026-02-21 11:02:01,-22017.620689655174,-12145.344827586207,-11583.965517241379,-12396.620689655172,-11328.310344827585,-11003.896551724138
2026-02-21 11:02:31,-21881.55172413793,-10432.58620689655,-9863.862068965516,-10539.413793103447,-10738.172413793103,-9751.103448275862
2026-02-21 11:03:01,-22047.00162074554,-10681.713162522845,-10368.564433256317,-10647.574054277733,-10304.113934963274,-9996.930928652711
2026-02-21 11:03:31,-28781.00755146374,-14206.061859935862,-13614.323644012275,-14049.06727354229,-13923.07161822006,-13369.332091996826
2026-02-21 11:04:01,-24025.899230954925,-10573.645549539608,-9973.583474152498,-10516.018898506742,-10530.261751215643,-9857.433527606303
2026-02-21 11:04:31,-23612.676299182727,-10343.735990896237,-9716.714369461015,-10283.458050277593,-10289.147901651779,-9603.227697506809
2026-02-21 11:05:01,-23155.689655172413,-10540.103448275862,-9967.827586206897,-10502.896551724138,-10501.413793103447,-9828.103448275862
2026-02-21 11:05:31,-23639.78068209248,-11076.554363943582,-10134.039104796715,-10688.7478878582,-11008.276147453358,-10034.794303251834
2026-02-21 11:06:01,-24228.29460037239,-11719.708985587202,-10771.98124267292,-11734.707951175782,-11248.706985725123,-10678.608371836426
2026-02-21 11:06:31,-23373.241379310344,-11363.241379310344,-12109.793103448275,-11283.758620689656,-11187.172413793103,-10550.551724137931
2026-02-21 11:07:01,-25729.836902175783,-12860.970311368572,-11782.31785110858,-12343.47091479604,-11914.17537326299,-11320.609634150545
2026-02-21 11:07:31,-25216.827586206895,-11660.689655172413,-10970.068965517241,-10889.034482758621,-11166.379310344828,-10546.206896551725
2026-02-21 11:08:01,-23739.51724137931,-10584.413793103447,-10021.58620689655,-10920.896551724138,-10219.896551724138,-9541
2026-02-21 11:08:31,-30908.617538535807,-13896.37573709438,-13710.88658229594,-14202.662160764163,-14237.697851650055,-13621.331770061035
2026-02-21 11:09:01,-35212.96551724138,-10716.344827586207,-10608.137931034482,-10349.310344827587,-10698.896551724138,-10044.689655172413
2026-02-21 11:09:31,-35873.305976068135,-11658.126142280767,-11261.629711369356,-12512.1211076244,-11607.158867547156,-10974.412910790026
2026-02-21 11:10:01,-38654.41379310345,-12647.172413793103,-12359,-12393.689655172413,-12084.896551724138,-11443.241379310344
2026-02-21 11:10:31,-37097.89655172414,-13171.793103448275,-12157.793103448275,-13729.551724137931,-12697.793103448275,-11666.965517241379
2026-02-21 11:11:01,-36813.974341288456,-12907.607945923577,-12315.595254517864,-12851.289833080426,-12029.210925644917,-11205.200717340324
2026-02-21 11:11:31,-34815.87476725743,-12944.55554789325,-12363.457692572927,-12998.000137921523,-12718.191848838012,-11519.584856216814
2026-02-21 11:12:01,-34857.206896551725,-11082.137931034482,-10066.379310344828,-10774.896551724138,-10226.931034482759,-9943.862068965516
2026-02-21 11:12:31,-32248.939618607532,-11033.24252560433,-10421.911100382771,-10787.337494396357,-11321.011069347218,-10319.459291699712
2026-02-21 11:13:01,-34625.19397220593,-10563.778061312458,-9924.58360633125,-10532.742508362357,-10497.706817476463,-9523.328390634158
2026-02-21 11:13:31,-43091.90605924751,-14384.66048211884,-14325.206055798875,-14168.948511915025,-14192.192295754732,-13918.646756561024
2026-02-21 11:14:01,-54115.547739733105,-12639.046929416225,-12079.238646943208,-15149.305196372537,-12799.07589393469,-12121.030309299678
2026-02-21 11:14:31,-55744.39616525277,-11460.445547968826,-11218.152976067315,-12469.27374301676,-11763.742327057038,-11138.871646320436
2026-02-21 11:15:01,-54015.82704044687,-12057.618702803351,-13634.495362228887,-12640.633081617874,-12660.770318264886,-11954.0015861522
2026-02-21 11:15:31,-57528.17435685219,-18127.21567004621,-15081.453893371956,-16560.107593627145,-15568.41851162149,-14930.650389682047
2026-02-21 11:16:01,-58922.89389289285,-15037.001275906063,-14501.672471464532,-14386.875409496877,-13943.860133108035,-13487.740956584708
2026-02-21 11:16:31,-57599.22071652701,-16670.701010309986,-15308.61004792938,-18022.550946519084,-16184.786731492015,-15135.512568532118
2026-02-21 11:17:01,-59113.89655172414,-12965.620689655172,-13046.344827586207,-13954.103448275862,-13004.48275862069,-12295.620689655172
2026-02-21 11:17:31,-56296.2656460122,-12762.24957760077,-12431.571325126719,-14266.645977724904,-13093.376090479636,-12443.605392917485
2026-02-21 11:18:01,-58080.85928071445,-13756.904934312608,-12949.105203268851,-14054.34295369125,-13435.433260922036,-12791.45546705286
2026-02-21 11:18:31,-66366.85288640598,-13546.623905096905,-13646.354921029038,-13965.273467135667,-13599.937926753571,-12960.8593696117
2026-02-21 11:19:01,-98552.39835856408,-20099.762060760713,-18900.306907134727,-19132.314907410597,-17198.35166729887,-16606.262284906374
2026-02-21 11:19:31,-104711.07892831281,-19846.350125857727,-18917.58904865349,-19836.69528636943,-18568.325230164475,-18094.720871694077
2026-02-21 11:20:01,-94993.55172413793,-17487.44827586207,-16386.44827586207,-18249.068965517243,-16216.413793103447,-15510.068965517241
2026-02-21 11:20:31,-93506.44827586207,-10884.344827586207,-10280.103448275862,-10880.448275862069,-10841.827586206897,-10173.137931034482
2026-02-21 11:21:01,-88424.7439743457,-12680.907554911899,-13511.740974449156,-12885.452225785317,-12476.155994620874,-11822.661287541807
2026-02-21 11:21:31,-114177.03448275862,-13537.172413793103,-13455.758620689656,-13690.965517241379,-13530.896551724138,-12815.310344827585
2026-02-21 11:22:01,-85755.18085583254,-10234.336747008723,-9657.460087583186,-10552.256818730388,-10198.234543636425,-9577.876624943967
2026-02-21 11:22:31,-97237.6896551724,-11698.862068965516,-11181.344827586207,-11721.206896551725,-11731.206896551725,-11074.58620689655
2026-02-21 11:23:01,-96786.97286300473,-15771.766490810664,-14252.370607910074,-15856.487707320439,-14566.635633254027,-13896.865625323266
2026-02-21 11:23:31,-68754.75862068965,-10394,-9800.137931034482,-11774.206896551725,-10368,-9718.48275862069
2026-02-21 11:24:01,-11477.068965517241,-10735.758620689656,-10272.655172413793,-10718.551724137931,-10713.103448275862,-10033.103448275862
2026-02-21 11:24:31,-10582.413793103447,-10314.48275862069,-9716.103448275862,-10258.206896551725,-10294.448275862069,-9648.655172413793
2026-02-21 11:25:01,-11218.58620689655,-11065.931034482759,-10197.724137931034,-11058.379310344828,-10738.724137931034,-10078.931034482759
2026-02-21 11:25:31,-16487.344827586207,-12726.758620689656,-12661.862068965516,-12694.965517241379,-12631.068965517241,-12021.172413793103
2026-02-21 11:26:01,-19053.758620689656,-13303.137931034482,-12695.689655172413,-13611.620689655172,-13027.896551724138,-12437.275862068966
2026-02-21 11:26:31,-17210.490016897133,-11257.560605538121,-10857.719231697643,-11577.468188558225,-11124.762922859407,-10577.468188558225
2026-02-21 11:27:01,-15995.241543395054,-10578.186959070375,-10401.158580738595,-10203.02748181097,-10589.87621116513,-9914.037446984585
2026-02-21 11:27:31,-15987.621116513223,-10412.744388124545,-10081.859246232887,-10890.279645529463,-10393.676080135167,-9835.86772869901
2026-02-21 11:28:01,-15407.896551724138,-10525.689655172413,-9904.413793103447,-10537.068965517241,-10512.827586206897,-9889.275862068966
2026-02-21 11:28:31,-16101.574070884855,-10319.636275961837,-9709.881858574725,-10324.80281059484,-10335.032549168187,-9662.83194985017
2026-02-21 11:29:01,-16154.609684645875,-10605.169739789764,-9981.905910735828,-11101.430294675169,-10617.163536102016,-9949.164225400657
2026-02-21 11:29:31,-17386.201427438544,-10410.716132813848,-9829.810709236977,-10567.35510119643,-10397.269248008828,-9737.785746302108
2026-02-21 11:30:01,-16043.862068965516,-10565.206896551725,-9939.137931034482,-10551.58620689655,-10548.620689655172,-9913.620689655172
2026-02-21 11:30:31,-23201.241379310344,-15294.413793103447,-14847.034482758621,-15385.655172413793,-15352.068965517241,-14723.724137931034
2026-02-21 11:31:01,-18299.541395124303,-10708.423847453534,-10358.849694838107,-10913.55470501017,-10699.217268370056,-10034.722940588254
2026-02-21 11:31:31,-18703.655172413793,-10485.310344827587,-10228.034482758621,-10551.51724137931,-10459.344827586207,-9816.896551724138
2026-02-21 11:32:01,-19106.344827586207,-10985.206896551725,-10156.241379310344,-10680.793103448275,-10635.275862068966,-10084.413793103447
2026-02-21 11:32:31,-18284.19709665184,-10279.955863590909,-9699.07934209165,-10271.369952760248,-10295.955311885797,-9610.530671356159
2026-02-21 11:33:01,-18996.55184303989,-11402.503361953035,-10687.665942553704,-11301.334436743558,-10943.208854867073,-10360.125512913346
2026-02-21 11:33:31,-21725.44827586207,-10928.620689655172,-9948.620689655172,-10501.379310344828,-10536.862068965516,-9831.275862068966
2026-02-21 11:34:01,-19300.013792152266,-10696.745052065375,-10188.504241086823,-10621.819184883801,-10618.991793669402,-10003.723881111648
2026-02-21 11:34:31,-17873.168040277247,-10385.082244215317,-9987.999586192625,-10383.22011103831,-10354.11565916066,-9710.403807027827
2026-02-21 11:35:01,-18498.1724137931,-10711.827586206897,-10011.793103448275,-10729.51724137931,-10587.034482758621,-9923.793103448275
2026-02-21 11:35:31,-27680.424812937486,-15559.428985207407,-14910.313437467676,-15502.741284783284,-15340.919278645566,-14608.875556015311
2026-02-21 11:36:01,-24491.44827586207,-11426.51724137931,-10918.241379310344,-12037.206896551725,-11374.793103448275,-10537.48275862069
2026-02-21 11:36:31,-22258.078979134334,-10316.157958268666,-9705.190550094843,-10279.772374547336,-10275.63372995344,-9640.110363855836
2026-02-21 11:37:01,-26511.87726254094,-10816.824685399068,-10453.576969488018,-11604.378555421477,-10817.203930356834,-10063.506292018617
2026-02-21 11:37:31,-24405,-10956.172413793103,-9852.620689655172,-12023.896551724138,-10615.724137931034,-9866.758620689656
2026-02-21 11:38:01,-26890.103448275862,-10671.758620689656,-10138.620689655172,-11130.034482758621,-10700.931034482759,-10080.413793103447
2026-02-21 11:38:31,-23583.841936484947,-10406.64115030516,-9926.899072445776,-10502.120616530463,-10391.19340712389,-9721.216509775524
2026-02-21 11:39:01,-23859.03448275862,-10605.551724137931,-10139.931034482759,-10714.448275862069,-10611.413793103447,-9957.034482758621
2026-02-21 11:39:31,-23044.48275862069,-10388.931034482759,-10045.655172413793,-10516.896551724138,-10384.58620689655,-9709.448275862069
2026-02-21 11:40:01,-27300.275862068964,-11050.413793103447,-10398.58620689655,-10947.310344827587,-10786.896551724138,-10127.413793103447
2026-02-21 11:40:31,-38435.25638815131,-15366.460912445255,-14772.371461084864,-15425.945722266282,-15349.42584227042,-14662.643539432393
2026-02-21 11:41:01,-34495.29326574945,-11268.887279748973,-10825.6956656667,-11872.831971311332,-11099.651736147029,-10216.613220233783
2026-02-21 11:41:31,-35193.46161804263,-11898.648182633287,-10426.132836747363,-11480.343471963586,-11351.610455893511,-10346.610111042142
2026-02-21 11:42:01,-34291.48708754267,-10606.557942281834,-10018.722201151606,-10625.1077474744,-10600.593042099095,-9922.008068130885
2026-02-21 11:42:31,-34881.54355472791,-11989.275122422236,-10696.841161459412,-10928.374370646252,-10921.92565004483,-10076.453548520587
2026-02-21 11:43:01,-37885.1724137931,-12169.48275862069,-11559.413793103447,-11723.310344827585,-11701.137931034482,-10961.103448275862
2026-02-21 11:43:31,-34996.75862068965,-12064.103448275862,-10077.48275862069,-11106.275862068966,-11041.793103448275,-9951.827586206897
2026-02-21 11:44:01,-34625.75862068965,-12977.724137931034,-11898.620689655172,-12172.172413793103,-11927.620689655172,-11130.827586206897
2026-02-21 11:44:31,-34223.36023174012,-10043.865094144423,-9764.225118973722,-10377.750189668253,-10579.488240568315,-9899.165459686874
2026-02-21 11:45:01,-34789.69690700321,-10677.769732078204,-10048.412123719872,-11137.926278404193,-10639.046929416229,-9940.036550463778
2026-02-21 11:45:31,-53589.68965517241,-15535.724137931034,-14530.793103448275,-15120.758620689656,-15158.413793103447,-14498.068965517241
2026-02-21 11:46:01,-55588.144009931726,-11672.42568452997,-12697.80674529278,-11622.836057659151,-11545.554865852819,-10917.028760604182
2026-02-21 11:46:31,-54731.54246698161,-13539.9151694886,-11782.095934342562,-12366.116072968032,-12323.631849374115,-10394.530845891237
2026-02-21 11:47:01,-55194.41379310345,-14574.241379310344,-11771.862068965516,-15333.758620689656,-13575.034482758621,-11288.068965517241
2026-02-21 11:47:31,-50171.41379310345,-10823.448275862069,-10230.758620689656,-12142.965517241379,-10803.620689655172,-10145.896551724138
2026-02-21 11:48:01,-52662.08990237002,-11582.05402421775,-12706.523614033875,-11692.206851347153,-11657.260151102217,-10485.0795184048
2026-02-21 11:48:31,-55199.8206649193,-10318.423230790455,-9675.19657883846,-10326.631259484067,-10292.41964408884,-9645.537315491792
2026-02-21 11:49:01,-58142.41379310345,-13137.413793103447,-12077.034482758621,-11829.068965517241,-11773.241379310344,-10810.58620689655
2026-02-21 11:49:31,-53438.22626805973,-13217.0614806386,-11047.481121340645,-11437.81248922451,-11278.852453363677,-10612.668528671426
2026-02-21 11:50:01,-59960.067588537524,-13231.145901582811,-13102.417324735334,-12747.336115038448,-12370.185178799267,-10920.652436290906
2026-02-21 11:50:31,-87762.95734335665,-20719.64550501741,-16604.15876409531,-17183.59253767371,-17160.38484085658,-16547.087830614848
2026-02-21 11:51:01,-91606.91010654806,-14875.521533740217,-13996.7242508879,-13354.987759042793,-13239.853798144894,-12307.954898106962
2026-02-21 11:51:31,-92512.58620689655,-14071.275862068966,-12105.931034482759,-15261.448275862069,-12396.655172413793,-12064.862068965516
2026-02-21 11:52:01,-93396.38583301721,-18168.67262130565,-17784.21905714384,-24901.782943063074,-18295.44435631272,-17641.411180466945
2026-02-21 11:52:31,-95398.84831557532,-17430.36447019068,-14199.475880142063,-20845.729457604906,-14715.83738491776,-14270.404468811419
2026-02-21 11:53:01,-96564.88154763955,-14514.569467912685,-14320.252422497326,-20611.53832890789,-14630.8493396324,-14082.313183213213
2026-02-21 11:53:31,-91770.44827586207,-12329.413793103447,-14594.172413793103,-12416.51724137931,-12398.103448275862,-11706.51724137931
2026-02-21 11:54:01,-92471.11969378253,-14494.741197972342,-17093.761853857028,-14538.397875788818,-14556.605400186212,-13903.858753750128
2026-02-21 11:54:31,-92336.72413793103,-10285.689655172413,-9684.172413793103,-10267.103448275862,-10276.965517241379,-9604.689655172413
2026-02-21 11:55:01,-89359.78343334023,-10583.31609076488,-9946.479067521897,-10608.45575556935,-10556.176288019864,-9901.820815228637
2026-02-21 11:55:31,-38532.671287196994,-14173.99400020689,-11767.628702458536,-14661.977173200925,-12830.040343436434,-11726.526671494088
2026-02-21 11:56:01,-16114.931034482759,-12258.379310344828,-11837.206896551725,-13907.931034482759,-11886.344827586207,-11542.896551724138
2026-02-21 11:56:31,-17976.896551724138,-13118.931034482759,-12520.51724137931,-12956.034482758621,-12861.551724137931,-12301.275862068966
2026-02-21 11:57:01,-16275,-11153.448275862069,-10362.58620689655,-10999.827586206897,-10977.206896551725,-10314
2026-02-21 11:57:31,-15650.850029311354,-10666.229869995515,-9891.099693092863,-10828.063036656435,-10479.292389392736,-9808.889961722816
2026-02-21 11:58:01,-16256.413793103447,-10832.413793103447,-10087.206896551725,-10941.206896551725,-10683.275862068966,-10008.034482758621
2026-02-21 11:58:31,-15547.896551724138,-10323.862068965516,-9685.862068965516,-10307.275862068966,-10289.48275862069,-9659.655172413793
2026-02-21 11:59:01,-16353.322528363045,-10801.062105589846,-10363.702196627468,-10656.229525156039,-10969.30928652712,-9995.827442325595
2026-02-21 11:59:31,-18360.6178671172,-13375.443919594527,-12657.483708581873,-13533.56549322484,-13143.743750646487,-12609.419715201877
2026-02-21 12:00:01,-16432.51724137931,-11441.172413793103,-11185.241379310344,-11426.965517241379,-11382.241379310344,-10751.58620689655
2026-02-21 12:00:31,-16100.448275862069,-10532.103448275862,-10115.965517241379,-10497.931034482759,-10500.58620689655,-9843.965517241379
2026-02-21 12:01:01,-22618.737284921208,-14922.933691941655,-14561.56684252267,-14974.897417330436,-14901.210303092996,-14224.957760077237
2026-02-21 12:01:31,-18037.758620689656,-10322.275862068966,-9850.931034482759,-10304.827586206897,-10298.310344827587,-9634.48275862069
2026-02-21 12:02:01,-18314.57535947036,-10787.731457535945,-10040.13654701562,-10776.00772387159,-10585.25568083859,-9950.243095065685
2026-02-21 12:02:31,-17348.1724137931,-10561.827586206897,-9758.793103448275,-10513.965517241379,-10356.758620689656,-9700.241379310344
2026-02-21 12:03:01,-18918.758620689656,-10907.379310344828,-10116.068965517241,-10681.793103448275,-10669.758620689656,-10040.034482758621
2026-02-21 12:03:31,-18686.896551724138,-10993,-9978.448275862069,-10754.241379310344,-10574.241379310344,-9924.862068965516
2026-02-21 12:04:01,-20354.379310344826,-12464.034482758621,-11935.51724137931,-12736.896551724138,-12414.172413793103,-11783.896551724138
2026-02-21 12:04:31,-18444.674321575116,-10926.174959484155,-10301.920623426777,-10848.108685907382,-10884.624668114891,-10260.128961070306
2026-02-21 12:05:01,-18474.63705645022,-10554.36394358426,-9948.825821580052,-10526.845753301837,-10502.98286147798,-9882.75457774406
2026-02-21 12:05:31,-18961.58620689655,-11150.827586206897,-10444.965517241379,-10834.655172413793,-10755.137931034482,-10113.172413793103
2026-02-21 12:06:01,-25381.62885318254,-14728.50148265637,-14189.228329080754,-14671.505413419765,-14600.441348872491,-13835.149300048273
2026-02-21 12:06:31,-23535.278295054835,-10739.809642044282,-10081.557348782677,-10513.035381750467,-10532.89882060832,-9850.127595006554
2026-02-21 12:07:01,-24127.926623219886,-10705.423950898243,-10108.099720699285,-11008.344539843452,-10645.046722526808,-10053.929174856039
2026-02-21 12:07:31,-23259.02555084307,-10555.32567842488,-9959.89793455398,-10764.904658460051,-10528.98175924968,-9902.00337919382
2026-02-21 12:08:01,-23685.721177038115,-10946.902349941425,-10808.352284473849,-11163.77231066088,-10925.677072565642,-10304.010750465166
2026-02-21 12:08:31,-22992.82882261679,-11912.635752456472,-11163.24771591105,-12013.514911222202,-11852.646095500775,-11240.889501810032
2026-02-21 12:09:01,-24678.942105444636,-12387.331471328573,-11856.901486155648,-12486.603910209991,-12104.34122961277,-11443.674356056687
2026-02-21 12:09:31,-24147.241379310344,-11552.965517241379,-10792.931034482759,-11382.51724137931,-11334.344827586207,-10650.275862068966
2026-02-21 12:10:01,-24673.528499017273,-11248.991414089169,-10903.382641977862,-11484.707423881933,-11222.544050205164,-10556.498051791315
2026-02-21 12:10:31,-25767.931034482757,-13058.034482758621,-12958.068965517241,-13758.58620689655,-12915.068965517241,-12336.103448275862
2026-02-21 12:11:01,-34440.26068066618,-14868.4872935416,-14183.338505568772,-14780.352401641321,-14723.526774938793,-13952.622323368158
2026-02-21 12:11:31,-34432.275862068964,-11583.068965517241,-12053.034482758621,-11624.448275862069,-11532.172413793103,-10874.068965517241
2026-02-21 12:12:01,-33176.724137931036,-11541.862068965516,-10969.068965517241,-12275,-11865.58620689655,-11216.620689655172
2026-02-21 12:12:31,-35110.72031998897,-11198.68280404124,-10949.863797800077,-11228.26799075894,-10820.868245922555,-10220.268266611498
2026-02-21 12:13:01,-37149.094671495084,-13825.004311088118,-12849.629246421797,-14131.539920675978,-13388.92912571133,-12715.26125193999
2026-02-21 12:13:31,-34693.24920700593,-12345.435112398289,-11056.233622948559,-11674.562129361468,-11599.67590677148,-10947.627913391256
2026-02-21 12:14:01,-31922.657839384847,-10548.015585669458,-9964.311575462914,-10521.154442950241,-10534.153994689837,-9870.10792731285
2026-02-21 12:14:31,-32172.143867029892,-10724.887065071207,-10467.429911376254,-10748.715472947342,-10721.611090037586,-10050.38104762233
2026-02-21 12:15:01,-34923.71887716394,-10801.607007379818,-10214.635492102903,-10798.917166701152,-10771.984274777571,-10117.66328712325
2026-02-21 12:15:31,-35801.317195958756,-11301.299955173958,-11041.860625495672,-11634.633288507292,-11268.025240508947,-10594.013999517258
2026-02-21 12:16:01,-52603.44114199021,-15789.01455072064,-15027.136059582099,-15565.65064478312,-15524.51555065168,-14833.49424177643
2026-02-21 12:16:31,-52639.39174511224,-10393.124375021553,-9806.834247094928,-10716.182200613774,-10370.33205751526,-9706.423916416676
2026-02-21 12:17:01,-53216.3448275862,-11460.241379310344,-11800.310344827585,-11413.965517241379,-11410.724137931034,-10768.620689655172
2026-02-21 12:17:31,-55881.4441877306,-12031.0355529501,-12581.53729438946,-12021.483499431013,-11973.550812096968,-11326.011241766955
2026-02-21 12:18:01,-54650.206896551725,-15171.103448275862,-14555,-15777.58620689655,-14597.448275862069,-13948.758620689656
2026-02-21 12:18:31,-55506.48275862069,-12737.896551724138,-12261.137931034482,-13939.137931034482,-12677.413793103447,-12058.103448275862
2026-02-21 12:19:01,-53328.09213475397,-11191.407192855417,-10024.309506568738,-10604.461915106374,-10585.91083066101,-9951.794765697734
2026-02-21 12:19:31,-56530.18861418571,-12752.594738112477,-12879.245543257128,-12830.695493258852,-12780.835143615735,-12096.375987034928
2026-02-21 12:20:01,-51865.41379310345,-11370.793103448275,-11368.724137931034,-11389.172413793103,-11308.827586206897,-10648.413793103447
2026-02-21 12:20:31,-57383.07411111494,-13346.897954960858,-12219.298548125667,-13963.54795323654,-12761.251163913508,-12024.968100148291
2026-02-21 12:21:01,-81988.55369763833,-19651.094638855368,-17741.182554731942,-19716.635062920184,-18189.691432511634,-17486.192035855885
2026-02-21 12:21:31,-90978.86206896552,-10916.51724137931,-10354,-10925.241379310344,-10912.58620689655,-10244.689655172413
2026-02-21 12:22:01,-88360.72413793103,-12134.862068965516,-12655.758620689656,-12218.344827586207,-12184.344827586207,-11501.51724137931
2026-02-21 12:22:31,-90068.23902624047,-10337.402158546256,-9777.766283921243,-10368.607979035205,-10350.298265577048,-9696.38977966277
2026-02-21 12:23:01,-95049.9293127823,-11192.614047791454,-10576.497362159924,-12188.096962173717,-11132.236819420019,-10493.396779421399
2026-02-21 12:23:31,-93209.89655172413,-13432.931034482759,-12830.620689655172,-13488.103448275862,-13448.379310344828,-12820.931034482759
2026-02-21 12:24:01,-83791.39369698642,-10513.240466174748,-9987.345700296532,-10533.204606578856,-10533.342528101512,-9868.733190814428
2026-02-21 12:24:31,-97275.58620689655,-15518.551724137931,-12906.068965517241,-13563.206896551725,-13386.103448275862,-12780.275862068966
2026-02-21 12:25:01,-92302.19647598358,-14131.5816695976,-15998.310403089547,-14422.606117030446,-14373.711251336159,-13642.977828350746
2026-02-21 12:25:31,-97801.786268492,-15892.96182626987,-18506.22435256388,-18093.244594641194,-15962.240077244041,-15303.734611538326
2026-02-21 12:26:01,-46238.275862068964,-12238.48275862069,-11613.310344827585,-12231.931034482759,-12174.551724137931,-11549.448275862069
2026-02-21 12:26:31,-14943.312299575879,-12139.029688631428,-13235.612565083964,-13307.541119271751,-12078.790386538396,-11451.156856660116
2026-02-21 12:27:01,-20311.58620689655,-15084.758620689656,-13853.137931034482,-14676.58620689655,-14300.137931034482,-13826.137931034482
2026-02-21 12:27:31,-15606.875624978447,-10314.333988483155,-9703.217130443776,-10279.542084755696,-10298.782800593082,-9650.287921106168
2026-02-21 12:28:01,-16145.221919508915,-10692.347484222506,-10091.216332724074,-11035.486429630651,-10681.89812739249,-10390.074835327792
2026-02-21 12:28:31,-16225.111210731402,-10346.701610400358,-10124.004276009517,-10305.458808924444,-10373.219766198832,-9673.437015069483
2026-02-21 12:29:01,-16037.343539877933,-10776.180131719595,-10231.405813592633,-10622.70266542533,-10614.87534912589,-9960.553084376399
2026-02-21 12:29:31,-15856.47780957964,-10328.252698368908,-9732.473533570123,-10304.286354701884,-10295.699851719024,-9635.746060208972
2026-02-21 12:30:01,-16853.66021861315,-10980.2765421882,-10112.099582773006,-10691.286507361814,-10725.35429812765,-10046.067376986999
2026-02-21 12:30:31,-17977.51724137931,-10841.241379310344,-9906.655172413793,-10494.58620689655,-10507.758620689656,-9822.689655172413
2026-02-21 12:31:01,-18101.141418669606,-10606.951963860822,-9998.620642091106,-10574.15772957688,-10554.708783061484,-9937.85992620435
2026-02-21 12:31:31,-22144.270887210783,-14139.684838453844,-13435.019482086824,-14121.719940691699,-13965.380504120545,-13328.540395158787
2026-02-21 12:32:01,-20226.37150443088,-12275.576704251576,-12030.067928692113,-12445.570842384745,-12593.669183821246,-11557.394572600944
2026-02-21 12:32:31,-18360.1724137931,-10469.448275862069,-9835.275862068966,-10654.206896551725,-10459.620689655172,-9750.827586206897
2026-02-21 12:33:01,-19220.793103448275,-11015.103448275862,-10522.655172413793,-10794.689655172413,-10785.724137931034,-10008.310344827587
2026-02-21 12:33:31,-18762.628874866383,-10661.322023378503,-10964.415020171717,-11328.33350574118,-10595.4277438709,-9952.00165511534
2026-02-21 12:34:01,-18795.007068721767,-10650.287921106168,-10045.722561290988,-10888.107306644597,-10597.04837764215,-9972.483707458363
2026-02-21 12:34:31,-18399.220662781474,-10650.815545363632,-10505.05189834132,-10546.432635608124,-10408.738232352838,-9793.096313665987
2026-02-21 12:35:01,-21927.620689655174,-10829.103448275862,-10985.793103448275,-11021.51724137931,-10847,-10215
2026-02-21 12:35:31,-19210.820316540805,-10324.71294093307,-9718.285576359434,-10314.989138305575,-10314.575359470362,-9684.045377745593
2026-02-21 12:36:01,-19529.432049381012,-10952.688023724955,-10118.969619642055,-10676.057795096382,-10678.057864064276,-9973.309424462912
2026-02-21 12:36:31,-26469.085140866922,-15361.80557950274,-14831.476947480945,-15643.160108969272,-15379.461360736575,-14646.884375323285
2026-02-21 12:37:01,-23762.318540739976,-10989.965863246096,-10602.634391917521,-10966.587359056584,-10970.690665839109,-10308.334195372574
2026-02-21 12:37:31,-24620.827586206895,-11548.931034482759,-10516.379310344828,-10799.620689655172,-10895.241379310344,-10103.931034482759
2026-02-21 12:38:01,-25410.896551724138,-11109.344827586207,-10182.137931034482,-11279.103448275862,-11076.965517241379,-10121.103448275862
2026-02-21 12:38:31,-24281.862068965518,-11218.448275862069,-11289.724137931034,-10908.896551724138,-10895.758620689656,-9886.034482758621
2026-02-21 12:39:01,-25043.829097555084,-10652.953550122416,-10256.595055001895,-10644.88430635539,-10650.470705886408,-9960.412428014757
2026-02-21 12:39:31,-23015.757533963177,-10260.671677815324,-9661.23025998207,-10276.567133301152,-10274.119026274051,-9631.12888766292
2026-02-21 12:40:01,-24318,-10587.689655172413,-10108.689655172413,-10590.379310344828,-10702.448275862069,-9998.448275862069
2026-02-21 12:40:31,-23994.206896551725,-10553.48275862069,-9961,-10726,-10407.655172413793,-9764.275862068966
2026-02-21 12:41:01,-24697.424226750798,-10883.62470259646,-10022.550946519084,-10649.01210303093,-10627.426640460673,-9979.31105823937
2026-02-21 12:41:31,-34712.448275862065,-17344.03448275862,-15878.862068965516,-15935.620689655172,-15862.931034482759,-15088.793103448275
2026-02-21 12:42:01,-35375.57325609462,-10881.969587255613,-11024.757766973553,-11852.694734664323,-10961.897865590843,-10279.5765663253
2026-02-21 12:42:31,-37311.862068965514,-11742.172413793103,-11999.655172413793,-14288.862068965516,-11442.206896551725,-10854.655172413793
2026-02-21 12:43:01,-34388.53854371273,-11104.10420758813,-10048.6577759399,-11574.554602157206,-10626.623936041902,-9964.919535476754
2026-02-21 12:43:31,-38263.68965517241,-11745.862068965516,-9983.034482758621,-11734.758620689656,-10515.965517241379,-9924.620689655172
2026-02-21 12:44:01,-36649.768949582736,-11477.72260155873,-10149.458583350577,-11228.946823918894,-10732.84364438927,-10151.42423615422
2026-02-21 12:44:31,-36486.206896551725,-11151.448275862069,-10234.034482758621,-10938.172413793103,-10639.448275862069,-9964.689655172413
2026-02-21 12:45:01,-34448.448275862065,-10599.379310344828,-10014.448275862069,-10568.241379310344,-10587,-9904.965517241379
2026-02-21 12:45:31,-33514.36256422635,-10471.430049312045,-9730.783820131728,-10318.735128797543,-10327.70095520535,-9655.988137521983
2026-02-21 12:46:01,-33232.88852108548,-10567.980414468466,-9983.6212544395,-10581.014447777661,-10569.1527878349,-9934.002275783592
2026-02-21 12:46:31,-47156.58620689655,-15847.758620689656,-14613,-15313.655172413793,-15110.206896551725,-14482.206896551725
2026-02-21 12:47:01,-57673.59746215647,-12529.6713906417,-12850.522395779455,-13566.394262266816,-12542.843350229301,-11920.554463639184
2026-02-21 12:47:31,-53306.193530588316,-10441.513207807435,-11106.04179598593,-10458.100558659218,-10424.994827229464,-9757.914338919925
2026-02-21 12:48:01,-59867.10585313697,-11663.677439381921,-10552.029800296625,-13269.271893215606,-11783.533956472253,-11033.214913944747
2026-02-21 12:48:31,-53299.51724137931,-12237.724137931034,-9920.275862068966,-10972.448275862069,-10933,-10204.827586206897
2026-02-21 12:49:01,-58444.337183244264,-16350.284433718323,-12503.740734356144,-17056.05930012067,-14514.600930873987,-12114.600930873987
2026-02-21 12:49:31,-53263.2504569123,-11238.490982447669,-9779.09583089072,-10393.358391668677,-10319.56274354288,-9676.712990103106
2026-02-21 12:50:01,-51740.87100444813,-12914.071928554189,-11550.94651908555,-12207.1997517327,-12072.687148719011,-11030.516189096928
2026-02-21 12:50:31,-56162.93665298803,-11332.183868409255,-11093.93427359564,-10470.602434566708,-10435.463291837648,-9804.06220904169
2026-02-21 12:51:01,-57173.206896551725,-11075.241379310344,-10131.758620689656,-10692.275862068966,-10707.344827586207,-10060.931034482759
2026-02-21 12:51:31,-72616.37931034483,-15177.827586206897,-14586.310344827585,-16062.137931034482,-15178.206896551725,-14630.448275862069
2026-02-21 12:52:01,-88086.2384055722,-10511.430640322746,-9947.139753801592,-10520.499293127821,-10504.775697389743,-9854.039515878761
2026-02-21 12:52:31,-89643.79310344828,-12301.51724137931,-13453.413793103447,-12332.241379310344,-12304.241379310344,-11653.620689655172
2026-02-21 12:53:01,-92656.3329769992,-15024.345667091966,-16204.938101313835,-19522.4662919411,-15141.384185661573,-14455.601917307491
2026-02-21 12:53:31,-91061.9957244328,-10278.946279566926,-9699.848286325081,-10275.360319977934,-10269.25729260051,-9609.233845941659
2026-02-21 12:54:01,-94497.98282817833,-17220.5096375987,-15760.284128133511,-20346.263921933725,-15601.186165994273,-13404.848108685906
2026-02-21 12:54:31,-98689.9096489413,-18973.860266225256,-15563.107800537968,-19480.72280846955,-17652.70018621974,-15280.605559004069
2026-02-21 12:55:01,-93781.13793103448,-12428.413793103447,-11830.172413793103,-14104.620689655172,-12433.620689655172,-11756.034482758621
2026-02-21 12:55:31,-94191.75862068965,-17289.137931034482,-15412.551724137931,-17357.44827586207,-15657.344827586207,-13450.241379310344
2026-02-21 12:56:01,-89600.27586206897,-15825.931034482759,-14890.655172413793,-14200.758620689656,-14154.931034482759,-13539.896551724138
2026-02-21 12:56:31,-66400.70347253353,-10343.391151419013,-10588.434083933927,-10334.011517638537,-10344.011862478015,-9671.367978206144
2026-02-21 12:57:01,-17350.55172413793,-12918.793103448275,-12311.448275862069,-14637.896551724138,-12805.931034482759,-12221.724137931034
2026-02-21 12:57:31,-19831.287497413974,-12623.267360871665,-12164.919660713054,-12761.223363905938,-12528.86007861527,-11965.24377629129
2026-02-21 12:58:01,-16048.619013137479,-11103.065411537535,-10385.883245405332,-10983.793662287508,-10764.663287472848,-10090.065859797938
2026-02-21 12:58:31,-15403.48275862069,-10123.724137931034,-10185.275862068966,-10344.655172413793,-10450.965517241379,-9802.896551724138
2026-02-21 12:59:01,-16031.62178006138,-11275.975033621848,-10826.994034277042,-11080.52001793165,-10938.204765681574,-10267.836821959376
2026-02-21 12:59:31,-18227.28683239665,-12872.047719201464,-12423.714788125368,-13035.272213219323,-12804.778815984555,-12200.875771471918
2026-02-21 13:00:01,-16882.180539273155,-11869.836562995655,-11285.77339493828,-11840.28687676712,-11666.574718984899,-11055.927177436039
2026-02-21 13:00:31,-15583.965517241379,-10837.137931034482,-10364.689655172413,-10844,-10652.758620689656,-9999.931034482759
2026-02-21 13:01:01,-16475.793103448275,-11558.655172413793,-10439.241379310344,-10938.034482758621,-11005.896551724138,-10364.655172413793
2026-02-21 13:01:31,-16359.896551724138,-11388.620689655172,-11103.448275862069,-11380.068965517241,-11323.58620689655,-10733.48275862069
2026-02-21 13:02:01,-22151.103448275862,-15078.137931034482,-14608.689655172413,-15305.172413793103,-14916.137931034482,-14391.068965517241
2026-02-21 13:02:31,-18701.562015102925,-11173.442295093271,-10458.673838833143,-11048.653494707078,-11064.308127305954,-10465.742560601357
2026-02-21 13:03:01,-18485.44827586207,-10812.58620689655,-10926.310344827587,-10805.58620689655,-10843.379310344828,-10471.51724137931
2026-02-21 13:03:31,-18868.620689655174,-10843.793103448275,-10407.620689655172,-11021,-10801.413793103447,-10175.896551724138
2026-02-21 13:04:01,-22029.932066622983,-13973.550812096966,-13779.371702472497,-14033.863236663332,-13931.411427980272,-13366.081589020308
2026-02-21 13:04:31,-18304.96551724138,-10723.344827586207,-9932.344827586207,-10535.379310344828,-10536.241379310344,-9865.931034482759
2026-02-21 13:05:01,-18379.7882977623,-10648.622556287282,-10253.008309485227,-10634.555046029722,-10611.281591559495,-9954.659862772818
2026-02-21 13:05:31,-18439.088307299746,-10673.631943726077,-9861.487534912589,-10460.811696148407,-10439.950346539774,-9819.488983138512
2026-02-21 13:06:01,-18675.241379310344,-10727.034482758621,-10320.206896551725,-10711.172413793103,-10698.103448275862,-10072.724137931034
2026-02-21 13:06:31,-18718.955826062964,-10632.02179385496,-9827.890616917823,-10427.08369254112,-10427.842339391013,-9775.095692954928
2026-02-21 13:07:01,-25120.54879520149,-14450.239580819745,-13982.557137440104,-14712.3996001241,-14498.017856527284,-13715.157364955703
2026-02-21 13:07:31,-23956.042061713495,-11126.08171004999,-10265.16117910705,-11505.602482330632,-11163.10980865368,-10192.277193587312
2026-02-21 13:08:01,-25350.987896969073,-11531.981655804973,-11533.602289576222,-11765.180511016863,-11497.224233647117,-10843.143339884833
2026-02-21 13:08:31,-24602.32405779111,-12853.591255473948,-11519.740698596599,-12574.66983897107,-12091.548567290782,-11452.708527292161
2026-02-21 13:09:01,-23635.905924546525,-11015.070004827921,-10641.69942754673,-10980.584867921927,-10970.791089040626,-10280.01931167667
2026-02-21 13:09:31,-25314.862068965518,-11576.965517241379,-10985.275862068966,-11842.827586206897,-11526.48275862069,-10878
2026-02-21 13:10:01,-23080.827586206895,-10551,-9932.413793103447,-10522.206896551725,-10517.551724137931,-9853.827586206897
2026-02-21 13:10:31,-23850.177580083444,-11460.22550946519,-10835.798765559806,-11211.820282059238,-11220.268266611494,-10554.222268197647
2026-02-21 13:11:01,-24445.279635887182,-11607.19950348252,-11243.431487483622,-11831.321977794636,-11584.063168057375,-10905.696158885594
2026-02-21 13:11:31,-23782.55172413793,-11638.413793103447,-11245.965517241379,-11813.724137931034,-11559.620689655172,-10954.931034482759
2026-02-21 13:12:01,-34682.368357529565,-15453.429428600984,-14544.77740611745,-15166.143660126208,-15046.036070209315,-14341.494534294285
2026-02-21 13:12:31,-34115.793103448275,-10783.068965517241,-10181,-11346.689655172413,-10736.827586206897,-10088.137931034482
2026-02-21 13:13:01,-33796.1794420882,-10746.14668459708,-10464.570187234922,-11109.341057204923,-10753.491258922104,-10068.514878797281
2026-02-21 13:13:31,-33935.448275862065,-10439.48275862069,-9845.275862068966,-10634.206896551725,-10596.48275862069,-9779.758620689656
2026-02-21 13:14:01,-32510.275862068964,-10613.48275862069,-9991.793103448275,-10836.344827586207,-10677.931034482759,-9920.827586206897
2026-02-21 13:14:31,-35002.03448275862,-11610.241379310344,-10291.827586206897,-11239,-11027.862068965516,-10190.379310344828
2026-02-21 13:15:01,-37475.89488930271,-13809.504103731291,-13371.784260983515,-14224.705152079454,-13798.813711290433,-13092.592592592593
2026-02-21 13:15:31,-33106.03448275862,-10783.758620689656,-10179.137931034482,-11522.51724137931,-10752.793103448275,-10112.48275862069
2026-02-21 13:16:01,-36349.87242259155,-12037.031928832495,-11181.780566857458,-11964.416247155368,-11588.338735259638,-10996.03475622371
2026-02-21 13:16:31,-36532.42991620979,-11487.948691424435,-11178.752456811835,-11771.180304127445,-11399.434502258544,-10764.697769042448
2026-02-21 13:17:01,-52479.62209502793,-15586.407833942487,-15773.291497138129,-15905.627198124268,-15214.22660506172,-14497.276049927592
2026-02-21 13:17:31,-53444.222214559115,-11106.865753991515,-10356.667471292112,-10737.887513362528,-11025.449153419082,-10373.116314355666
2026-02-21 13:18:01,-52302.98955208441,-12015.240853763662,-10841.902003379193,-12010.689286576324,-11443.122650943069,-10747.388021102719
2026-02-21 13:18:31,-55472.06896551724,-11592.58620689655,-10956.413793103447,-11482.448275862069,-11504.965517241379,-10894.172413793103
2026-02-21 13:19:01,-58675.65517241379,-11504.862068965516,-10910.379310344828,-12078.068965517241,-11432.241379310344,-10795.103448275862
2026-02-21 13:19:31,-53321.759817949875,-10355.06671723615,-9684.136123849257,-10301.8653242768,-10290.349274213013,-9636.934110264456
2026-02-21 13:20:01,-56747.68965517241,-13827,-13855.655172413793,-15173.068965517241,-13670.275862068966,-13103.310344827585
2026-02-21 13:20:31,-51749.03448275862,-10300.896551724138,-9687.413793103447,-10278.551724137931,-10240.689655172413,-9601.137931034482
2026-02-21 13:21:01,-57756.22456721153,-11002.310504172701,-10396.648044692738,-10999.965514863094,-10987.964687219808,-10313.74577557073
2026-02-21 13:21:31,-54012.894773134736,-10280.96124672459,-9677.6306716315,-10283.133360915735,-10261.515653013377,-9610.777823748447
2026-02-21 13:22:01,-80471.8275862069,-16480.96551724138,-15369.034482758621,-16402.44827586207,-15900.58620689655,-15268.344827586207
2026-02-21 13:22:31,-92754.35329816212,-13521.568221785454,-14158.339367608012,-14663.356435984964,-13504.98258680735,-12873.211268576944
2026-02-21 13:23:01,-99435.75862068965,-15187.551724137931,-14705.655172413793,-17920.344827586207,-15085.310344827585,-14413.344827586207
2026-02-21 13:23:31,-99522.68809047653,-13474.312116405765,-12996.44852079167,-15662.64395558927,-13493.069443486656,-12867.181573684575
2026-02-21 13:24:01,-91654.55172413793,-12960.655172413793,-13254.827586206897,-13848.965517241379,-12861.413793103447,-12307.413793103447
2026-02-21 13:24:31,-89736.1724137931,-11703.655172413793,-10554.58620689655,-11133.896551724138,-11080,-10451.48275862069
2026-02-21 13:25:01,-87822.1662815959,-12722.57664057381,-11756.577813028034,-13406.324356012274,-12256.560571054173,-11643.470464498774
2026-02-21 13:25:31,-90630.37931034483,-11864.689655172413,-11390.793103448275,-13165.758620689656,-11916.620689655172,-11184.068965517241
2026-02-21 13:26:01,-89168.89072790592,-12091.686493569186,-11522.878521430293,-12194.476052549911,-12157.132512671975,-11436.915968414882
2026-02-21 13:26:31,-98684.85830517823,-12679.30772943529,-13154.86451079087,-13734.261876853065,-12626.628973315866,-11939.56422809074
2026-02-21 13:27:01,-48500.517205709955,-15960.692366043722,-13376.66367836701,-13889.076615405835,-13835.769946900215,-13163.505965105855
2026-02-21 13:27:31,-16145.275862068966,-13624.551724137931,-12130.827586206897,-13350.103448275862,-12463.655172413793,-11880.931034482759
2026-02-21 13:28:01,-18479.380732363286,-13472.001930901317,-12673.229432452934,-13081.649541410938,-13034.583821805394,-12473.622508792498
2026-02-21 13:28:31,-15926.931034482759,-10629,-9854.068965517241,-10465.551724137931,-10450.551724137931,-9789.172413793103
2026-02-21 13:29:01,-15802.862068965516,-10634.379310344828,-10048.344827586207,-10649.758620689656,-10625.793103448275,-9982.034482758621
2026-02-21 13:29:31,-15587.675437084035,-10312.286630573466,-9696.092968723058,-10317.769578261317,-10274.147384392563,-9644.229111348666
2026-02-21 13:30:01,-15900.313782283367,-11122.133719526912,-10376.780111030654,-10780.28343850212,-10764.904658460051,-10110.961690976172
2026-02-21 13:30:31,-15453.658368388387,-10437.142266050618,-10037.100889593821,-10600.372388111165,-10383.04254878974,-9729.432452934281
2026-02-21 13:31:01,-16930.58620689655,-11738.206896551725,-11057.793103448275,-11486.58620689655,-11388.068965517241,-10761.551724137931
2026-02-21 13:31:31,-18595.565670149306,-13357.677321471674,-12874.00434467777,-13683.872969897591,-13228.164546050137,-12653.25333609186
2026-02-21 13:32:01,-15938.312471983725,-10719.113134029862,-10110.065170166547,-10632.18509706562,-10666.356332540257,-10029.688631426503
2026-02-21 13:32:31,-21802.330793366207,-14367.651622245976,-13833.155190842328,-14400.165500120678,-14270.489259731754,-13564.148536358309
2026-02-21 13:33:01,-18942.58422704231,-10707.127831994205,-9994.482568364425,-10576.916445394667,-10564.329804476014,-9908.927894065311
2026-02-21 13:33:31,-18298.713837453877,-10430.9506568739,-9756.801489603806,-10341.677873176786,-10316.43736422882,-9697.527671459604
2026-02-21 13:34:01,-18382.49594813614,-10743.749784475325,-9994.827407841649,-10570.60588296148,-10560.12276285389,-9901.134521880063
2026-02-21 13:34:31,-17881.1724137931,-10323.379310344828,-9726.448275862069,-10339.172413793103,-10306.034482758621,-9654.862068965516
2026-02-21 13:35:01,-18420.55172413793,-10854.068965517241,-10648.448275862069,-11037.827586206897,-10834.896551724138,-10158.862068965516
2026-02-21 13:35:31,-17744.69845867384,-10563.739181407538,-9786.1453053343,-10393.020930312749,-10362.884038481432,-9701.837867659737
2026-02-21 13:36:01,-18940.06689885858,-10649.229283768404,-10265.836752991481,-10656.746784371873,-10606.400220697264,-9951.653505293285
2026-02-21 13:36:31,-18419.261404779143,-10501.293058860037,-9918.037309058307,-10877.00424123306,-10472.604392951966,-10132.202337850418
2026-02-21 13:37:01,-21071.103448275862,-12746.758620689656,-11855.620689655172,-12397.206896551725,-12299.551724137931,-11397.58620689655
2026-02-21 13:37:31,-25718.02475947446,-14149.7637849581,-13701.782820097244,-14320.597261974548,-14264.009103762197,-13432.290768647194
2026-02-21 13:38:01,-24211.93834270147,-11988.93065278113,-10858.960653815648,-12284.527052656986,-11730.611400393116,-11398.87582330425
2026-02-21 13:38:31,-24619.84069514844,-11184.3039895176,-10712.320264818452,-11442.881279955862,-10437.571118237302,-9925.761180648942
2026-02-21 13:39:01,-23394.813971932,-10836.005654977413,-10892.520947553532,-10923.175062928864,-11399.882762663356,-10543.395055342919
2026-02-21 13:39:31,-24354.91879590359,-10895.141546843213,-9631.702355091205,-10550.463777111136,-10503.879176580118,-9205.130857556636
2026-02-21 13:40:01,-24268.344827586207,-11712.896551724138,-11179.758620689656,-11418.137931034482,-11345.068965517241,-11394.172413793103
2026-02-21 13:40:31,-24807.241379310344,-12757.48275862069,-12168.413793103447,-12298.137931034482,-12204.724137931034,-11648.172413793103
2026-02-21 13:41:01,-24908.416951139614,-11253.3360918589,-10684.976380124823,-11019.275197406985,-10996.275990483085,-10311.437536636666
2026-02-21 13:41:31,-25613.427123202644,-13080.100686183234,-12847.005275680147,-12922.485431536841,-12838.350401710284,-11935.657391124443
2026-02-21 13:42:01,-24198.144763612534,-10539.570330011378,-9273.905996758507,-10541.432463188385,-10531.983861512465,-10194.79982068347
2026-02-21 13:42:31,-33150.99479328299,-14501.775800834452,-14772.352677493878,-14373.676769766558,-14192.096824247437,-13676.907692838176
2026-02-21 13:43:01,-36061.65517241379,-11074.551724137931,-9909.172413793103,-10467.551724137931,-10771.827586206897,-10134.137931034482
2026-02-21 13:43:31,-32509.741715231554,-10888.9961722818,-10310.010690023793,-10963.68840304838,-10557.398530983826,-9882.720093796337
2026-02-21 13:44:01,-34192.04909836914,-12894.114401958419,-11263.765817329244,-11875.116367272352,-11851.91187118574,-11171.327104092681
2026-02-21 13:44:31,-38634.6677700769,-13213.44091583049,-13251.301679252441,-13207.096307023898,-13134.719492431297,-11205.85497051826
2026-02-21 13:45:01,-35870.48275862069,-12253.551724137931,-11905.137931034482,-12228.655172413793,-12138.172413793103,-12338.51724137931
2026-02-21 13:45:31,-32026.757698010417,-10740.215854625703,-10169.925174993967,-11103.755042929555,-10740.974449156927,-10371.745801868901
2026-02-21 13:46:01,-34530.01827649229,-11825.02844925687,-11235.042587675436,-11123.03872547329,-11419.359288251317,-10750.405186385737
2026-02-21 13:46:31,-33470.75862068965,-12264.862068965516,-11398.620689655172,-12021.137931034482,-11590.310344827585,-10906.413793103447
2026-02-21 13:47:01,-36697.25181890279,-11823.10954794662,-10881.762697838005,-11486.121168235577,-11402.468880383434,-10776.249094858797
2026-02-21 13:47:31,-51655.3448275862,-14279.275862068966,-13094.551724137931,-13962.310344827585,-13946.655172413793,-13304.931034482759
2026-02-21 13:48:01,-51328.04634163161,-10936.038893869389,-10294.565892007447,-10572.13295634784,-10559.513137025033,-9876.387835321702
2026-02-21 13:48:31,-54538.740043446785,-11781.421330298956,-11031.481673045759,-11277.404227440435,-11193.682976449089,-10558.360056549775
2026-02-21 13:49:01,-54446.39470326562,-12268.664436704712,-12273.837028863063,-12262.59526190558,-12159.764129797577,-11546.570571399012
2026-02-21 13:49:31,-55260.119991724714,-13426.970553754914,-12836.356113371492,-13454.727260188953,-12765.257568443556,-12113.509413143922
2026-02-21 13:50:01,-55150.28104417393,-10547.984413255628,-9994.551536259869,-10210.041725576742,-10536.50125866409,-9847.236111590053
2026-02-21 13:50:31,-61138.749051789535,-14190.642024687953,-13811.081994345219,-15686.366457485692,-14057.44431418523,-13278.842838424936
2026-02-21 13:51:01,-54107.69708255742,-13301.469066832195,-13528.898544727223,-12649.631009035105,-13191.220084143733,-12545.17552934685
2026-02-21 13:51:31,-53901.07237681458,-11520.223440571013,-11185.338436605633,-11222.40612392676,-11123.788834867762,-10089.341746836315
2026-02-21 13:52:01,-54693.275862068964,-13221.379310344828,-12698.931034482759,-12436.068965517241,-12628.862068965516,-12270.275862068966
2026-02-21 13:52:31,-82813.37931034483,-14522.448275862069,-13416.448275862069,-14299.551724137931,-14064.034482758621,-13348.551724137931
2026-02-21 13:53:01,-87443.8467639047,-12178.717975242234,-12661.528912796111,-12283.955725664633,-12184.648805213614,-11467.121823385402
2026-02-21 13:53:31,-92846.17771800971,-10288.162477155958,-9693.49332781628,-10293.369194165718,-10254.508465225335,-9598.496603565392
2026-02-21 13:54:01,-90304.03448275862,-13570.51724137931,-14926.620689655172,-14707.137931034482,-13601.172413793103,-12943.655172413793
2026-02-21 13:54:31,-93279.4579123418,-12750.33621849029,-12181.316597124038,-13911.100382771818,-12725.887099555155,-12138.659953791508
2026-02-21 13:55:01,-94003.86220214488,-17322.631814890166,-15910.652091451428,-15431.083830476911,-15303.010448636158,-14671.057622676642
2026-02-21 13:55:31,-97639.89932075993,-13417.232700065511,-13864.15198427749,-13539.633830983003,-13339.999310416166,-12652.691100920596
2026-02-21 13:56:01,-90184.06896551725,-11355.758620689656,-10796.413793103447,-11620.758620689656,-11338.724137931034,-10685.034482758621
2026-02-21 13:56:31,-95407.12389227959,-15520.740664115032,-12534.774662942658,-13845.108789352093,-13318.575221544086,-12765.697734560878
2026-02-21 13:57:01,-97365.7804903279,-16181.269611392709,-16299.71380297231,-17452.156822178542,-16242.922657839383,-15524.568118340745
2026-02-21 13:57:31,-40609.3448275862,-11597.103448275862,-10232.965517241379,-10531.275862068966,-10488.206896551725,-9822.448275862069
2026-02-21 13:58:01,-18410.752465687292,-13576.694944478932,-14402.303607145323,-13153.114007862614,-13485.309331678049,-12899.958617835715
2026-02-21 13:58:31,-19126.11183892988,-13042.301592773912,-12666.86202854582,-14400.055161001175,-12749.224298421019,-12277.66668965042
2026-02-21 13:59:01,-16141.945718522606,-11256.716212021933,-10357.830120357277,-10960.064834293202,-10959.650998379142,-10286.270993551057
2026-02-21 13:59:31,-16566.236811254395,-10527.75670643404,-9743.776291290256,-10191.848838011172,-10384.559685538929,-9721.536445762362
2026-02-21 14:00:01,-15220.827586206897,-10911.172413793103,-10118.931034482759,-11829.413793103447,-10721.379310344828,-9970.275862068966
2026-02-21 14:00:31,-16597.620689655174,-10994.344827586207,-10047.137931034482,-10249.827586206897,-10429.275862068966,-9780.413793103447
2026-02-21 14:01:01,-18969.48275862069,-10665.758620689656,-10033.206896551725,-11060.103448275862,-10682.172413793103,-10013.862068965516
2026-02-21 14:01:31,-16019.207558881339,-10367.943722197315,-9721.886961619364,-10364.840166902306,-10356.839891030724,-9676.19573088727
2026-02-21 14:02:01,-16020.827586206897,-10421.758620689656,-10156.379310344828,-10784.172413793103,-10597.965517241379,-9960.931034482759
2026-02-21 14:02:31,-14649.665494172015,-10700.186219739295,-9861.300779364095,-10331.781502172566,-10338.678529553765,-9677.49499965515
2026-02-21 14:03:01,-24207.256924085123,-15826.578829372605,-15474.769772013933,-16398.06160107612,-15798.365122615802,-15190.011382057737
2026-02-21 14:03:31,-19120.06618635596,-10435.31317866869,-9815.367644524114,-10079.458099210591,-10411.389568754526,-9768.899307111587
2026-02-21 14:04:01,-17730.655172413793,-10211.862068965516,-9926.310344827587,-10884.310344827587,-10526.689655172413,-9877
2026-02-21 14:04:31,-18501.206896551725,-11536.48275862069,-11325.793103448275,-11046.172413793103,-10961.448275862069,-10290.724137931034
2026-02-21 14:05:01,-19415.344827586207,-11319.965517241379,-10381.172413793103,-10749.241379310344,-10763.068965517241,-10084.241379310344
2026-02-21 14:05:31,-18953.379310344826,-10294,-9673.862068965516,-10277.379310344828,-10291.241379310344,-9318.275862068966
2026-02-21 14:06:01,-18425.55172413793,-10658,-10375.137931034482,-10318.655172413793,-10629.172413793103,-10282.655172413793
2026-02-21 14:06:31,-21027.896551724138,-10534.931034482759,-10441.58620689655,-10869.034482758621,-10545.689655172413,-9847.103448275862
2026-02-21 14:07:01,-19367.520778011516,-10795.082249887919,-10058.5577818395,-10322.033313791082,-10657.343863158258,-9988.653998689519
2026-02-21 14:07:31,-18331.04613474933,-10627.439486931937,-9893.49010413075,-10703.813530101374,-10664.126611957796,-9702.36535411351
2026-02-21 14:08:01,-27452.605082583355,-15774.869832074754,-15348.574187096994,-15534.429847246645,-15231.64718457984,-15019.861384090202
2026-02-21 14:08:31,-23797.66214958105,-10311.127202510259,-9695.596703561947,-10626.323230233442,-10306.196338057309,-9304.127443881247
2026-02-21 14:09:01,-24909.64270933922,-11493.757759690992,-10570.768381845772,-10875.431093943993,-10960.270382121673,-10321.596082218237
2026-02-21 14:09:31,-23980.104820357217,-10534.170057237432,-10260.257913247362,-10836.769877939452,-10418.971105441004,-9741.879870353769
2026-02-21 14:10:01,-23855.41379310345,-11696.379310344828,-10182.275862068966,-11097.51724137931,-10707.689655172413,-10069.310344827587
2026-02-21 14:10:31,-26604.144398855293,-10528.255697686447,-9962.796952039445,-10444.47126159363,-10080.957142364585,-9716.098334655037
2026-02-21 14:11:01,-24506.96455661288,-10538.201627361743,-9933.354020135153,-10212.901668735347,-10505.275134464211,-9876.017101089505
2026-02-21 14:11:31,-23742.241379310344,-10525.51724137931,-9769.793103448275,-10725.965517241379,-10333.965517241379,-9703.48275862069
2026-02-21 14:12:01,-25112.96551724138,-10823,-10212.48275862069,-10333.206896551725,-11011.931034482759,-10005.068965517241
2026-02-21 14:12:31,-23447.57077342161,-10410.53756767008,-9817.45457053205,-10999.068997620772,-10396.641495120859,-9734.043653667115
2026-02-21 14:13:01,-38995.3448275862,-15425.103448275862,-15129.551724137931,-15147.793103448275,-15456,-14739.413793103447
2026-02-21 14:13:31,-32621.262802165587,-9942.963550467257,-9671.816269526535,-10619.124797406806,-10289.32032139039,-9602.779406186419
2026-02-21 14:14:01,-33630.81485568467,-11995.758474430151,-11105.658815821234,-11198.420635194316,-11135.41846270561,-10488.4996034346
2026-02-21 14:14:31,-36264.33571256163,-12091.548567290782,-10563.049550015516,-12013.585738422811,-11095.307058377295,-10519.637253887795
2026-02-21 14:15:01,-34806.889892754916,-11457.567502327665,-9975.275009483084,-10923.411152108692,-10861.96075726749,-10271.388668574777
2026-02-21 14:15:31,-36351.35694334287,-12485.430532087312,-10877.926825062932,-11387.94441187627,-11199.144798096484,-10274.9749991379
2026-02-21 14:16:01,-39562.877142167505,-11970.794110547911,-11747.974207785937,-12392.296817351124,-11909.347953518843,-10661.356504948104
2026-02-21 14:16:31,-33940.45032929898,-10379.64208130754,-9744.732940243439,-10743.526085307401,-10343.195062239232,-9696.838040067583
2026-02-21 14:17:01,-35306.49332735611,-10952.550087934065,-11488.706507120934,-11140.211731439014,-10929.342391116934,-10027.242318700644
2026-02-21 14:17:31,-34087.86509879651,-10293.906686437462,-9678.713059071,-10284.492568709264,-10279.595848132692,-9595.641229007895
2026-02-21 14:18:01,-53286.03448275862,-16102.655172413793,-14777.206896551725,-16187.206896551725,-15596.758620689656,-14703.689655172413
2026-02-21 14:18:31,-48477.01644884306,-10314.217731645917,-10025.931928687194,-10298.9068588572,-10293.14803958757,-9620.22828373392
2026-02-21 14:19:01,-52720.70393374741,-11752.898550724638,-10178.226363008971,-11014.285714285714,-11015.942028985508,-10403.51966873706
2026-02-21 14:19:31,-52903.49394681476,-12473.666057324182,-10846.652640292485,-10883.109716138379,-11165.281274790468,-10533.990963335978
2026-02-21 14:20:01,-54389.24137931034,-11599.655172413793,-11770.310344827585,-11922.758620689656,-11564.551724137931,-10485.206896551725
2026-02-21 14:20:31,-53905.510724877575,-11420.097937788812,-11703.772673977515,-12308.4005793503,-11398.33781640113,-10302.917442582248
2026-02-21 14:21:01,-55527.016309782426,-12881.935105686012,-11180.23516430468,-11634.633288507293,-11609.15140857212,-11034.309161753044
2026-02-21 14:21:31,-59723.35436709078,-13292.47267335609,-12042.929554153303,-13401.227543877796,-12489.19002793007,-11848.281093755386
2026-02-21 14:22:01,-51869.698641473005,-11106.958140817875,-11024.170746845046,-11076.684366595407,-10999.034549341424,-10404.42038480105
2026-02-21 14:22:31,-53501.862068965514,-12376.48275862069,-10495.965517241379,-12070.448275862069,-11844.655172413793,-9901.172413793103
2026-02-21 14:23:01,-86644.22380804633,-15205.467645740682,-15179.16365015341,-15231.116627021063,-15271.624090736717,-14609.197779846243
2026-02-21 14:23:31,-92348.92061521484,-17728.050210359335,-14311.607697082558,-18910.786950824193,-14965.65280364163,-14500.379336505966
2026-02-21 14:24:01,-94705.75457711272,-11227.217874013035,-10464.813984760198,-11226.769644519534,-10670.378926317968,-9998.655311519498
2026-02-21 14:24:31,-89477.77509569294,-13620.297251629365,-15488.947894754989,-13866.09883099417,-13405.427773371493,-12757.40542777337
2026-02-21 14:25:01,-98065.76315607973,-16214.15270018622,-15688.771639423408,-14683.94372025657,-14645.354852058763,-13938.09917925374
2026-02-21 14:25:31,-88637.02503275637,-17110.85442383284,-13860.319977932557,-15616.81952968761,-13566.822977725675,-12943.486656092684
2026-02-21 14:26:01,-100063.31034482758,-10816.448275862069,-10275.58620689655,-11302.896551724138,-10715.58620689655,-10102.655172413793
2026-02-21 14:26:31,-93590.66928726595,-14015.344298472464,-11892.17613185752,-14150.40860659977,-12286.50736181511,-10818.626943898485
2026-02-21 14:27:01,-92109.99206705068,-12460.766391887699,-14612.320215224367,-11316.662642706862,-12508.467561135447,-11856.551581416204
2026-02-21 14:27:31,-89738.89061261075,-13510.32509394284,-10884.02799324301,-12763.539835212188,-11551.79784190023,-10899.127796738718
2026-02-21 14:28:01,-42850.51208662367,-14614.883271836958,-13263.250456912305,-14667.609227904408,-13760.95727438877,-13347.18438566847
2026-02-21 14:28:31,-27266.068965517243,-14714.620689655172,-15699.206896551725,-14962.51724137931,-14563.275862068966,-13994.862068965516
2026-02-21 14:29:01,-22667.804558463504,-11128.754180890315,-10519.913106444606,-10396.986310816868,-10762.559911727183,-10144.581221337196
2026-02-21 14:29:31,-22918.896551724138,-12791.137931034482,-10925.931034482759,-12153.758620689656,-11474.413793103447,-10803.034482758621
2026-02-21 14:30:01,-23224.371573394023,-12639.012447846628,-11597.63456432537,-12675.631874762941,-12126.443915727044,-11462.846108754871
2026-02-21 14:30:31,-20934.793103448275,-10738.827586206897,-10096.758620689656,-11535,-10672.724137931034,-10045.655172413793
2026-02-21 14:31:01,-22992.172683700563,-11185.579807592843,-10949.31209268646,-11217.268370056207,-11130.995482914383,-10483.121271680287
2026-02-21 14:31:31,-22795.48981069618,-10824.143995034652,-10213.751249956897,-11142.305437743526,-10797.351815454638,-10203.820557911795
2026-02-21 14:32:01,-20892.34853970553,-11003.2412675425,-10400.227578359369,-10936.864246060482,-10931.24375021551,-10296.0587565946
2026-02-21 14:32:31,-20385.689655172413,-10340.172413793103,-9720.137931034482,-10311.379310344828,-10305.655172413793,-9673.310344827587
2026-02-21 14:33:01,-22259.8531085135,-10682.976449087962,-10873.556084272957,-11799.282783352299,-11019.482086824593,-10030.516189096928
2026-02-21 14:33:31,-26108.306610116888,-15141.374435364296,-14345.988069376916,-14721.182028205922,-14666.321850970655,-14442.364056411847
2026-02-21 14:34:01,-20858.275862068964,-10546.793103448275,-9950.689655172413,-10239.275862068966,-10554.758620689656,-9922.137931034482
2026-02-21 14:34:31,-20264.068965517243,-10338.620689655172,-9745.896551724138,-10951.068965517241,-10322.344827586207,-9671.896551724138
2026-02-21 14:35:01,-21864.271181764885,-11724.438773750817,-10237.387496120555,-11104.176006069174,-10852.96044691196,-9727.921652470774
2026-02-21 14:35:31,-21869.58620689655,-10849.793103448275,-9963.965517241379,-10561.58620689655,-10525.379310344828,-9986.275862068966
2026-02-21 14:36:01,-22287.103448275862,-11577.310344827585,-10557.275862068966,-11591.827586206897,-11074.275862068966,-10772.793103448275
2026-02-21 14:36:31,-21596.758620689656,-10296.931034482759,-9718.48275862069,-10294.275862068966,-10283.689655172413,-9664.344827586207
2026-02-21 14:37:01,-22268.714871900967,-10988.000413778835,-10738.836591841658,-11030.033447122512,-10994.069170028619,-10034.860866866658
2026-02-21 14:37:31,-23748.724137931033,-13199.58620689655,-12220.103448275862,-13522.206896551725,-12453.448275862069,-12164.551724137931
2026-02-21 14:38:01,-23669.747551386397,-11772.830735273832,-11484.89446820251,-11741.929921368464,-11378.707407918335,-10712.374120568355
2026-02-21 14:38:31,-29153.915112229774,-15360.135158431889,-14594.628141916355,-14929.696927904011,-14858.80770954729,-13845.878012619385
2026-02-21 14:39:01,-24193.924347436296,-11022.413020240681,-10407.158373849179,-10731.664425364643,-11029.171407882488,-10821.00617220096
2026-02-21 14:39:31,-24282.463278394593,-11817.357423625957,-12772.981173712158,-12549.824150058617,-11823.184607958072,-11179.125577546376
2026-02-21 14:40:01,-25196.124405213435,-11247.810495827875,-10313.047376043032,-10883.35287221571,-10846.148541479899,-9846.665747189849
2026-02-21 14:40:31,-23283.241379310344,-10770.965517241379,-10212.413793103447,-10838.896551724138,-10792.344827586207,-10466.103448275862
2026-02-21 14:41:01,-25644.41379310345,-11490.172413793103,-10639.344827586207,-11209.344827586207,-11126.379310344828,-10488
2026-02-21 14:41:31,-24310.09275542223,-11480.466190821007,-10595.186372883694,-10815.45463949519,-10799.489672769905,-10185.269473466433
2026-02-21 14:42:01,-24479.55172413793,-12580.344827586207,-11889.896551724138,-12502.48275862069,-12091.310344827585,-11440.344827586207
2026-02-21 14:42:31,-22859,-10301.689655172413,-9703.379310344828,-10629.241379310344,-10292.068965517241,-9629.58620689655
2026-02-21 14:43:01,-25382.1724137931,-11394.965517241379,-10474.620689655172,-11985.310344827585,-11305.965517241379,-10643.344827586207
2026-02-21 14:43:31,-37043.275862068964,-14120.137931034482,-14613.068965517241,-14284.551724137931,-14176.172413793103,-13529.931034482759
2026-02-21 14:44:01,-34835.65517241379,-10630.344827586207,-10001.862068965516,-11510.620689655172,-10585.206896551725,-9585.58620689655
2026-02-21 14:44:31,-35352.206896551725,-13251.172413793103,-11731.310344827585,-12837.137931034482,-12755.58620689655,-12538.862068965516
2026-02-21 14:45:01,-36544.73983655735,-12114.547774214681,-10618.668321782006,-12155.477397331126,-11624.288817626977,-10973.34574669839
2026-02-21 14:45:31,-36869.961033139065,-11482.913203903581,-11136.970240353114,-11502.638022000758,-11431.463153901857,-10487.396117107484
2026-02-21 14:46:01,-35922.3448275862,-10988.48275862069,-10889.034482758621,-10643,-10940.724137931034,-10580.413793103447
2026-02-21 14:46:31,-34810.68965517241,-12516.58620689655,-12011.827586206897,-12961,-11869.413793103447,-11260.724137931034
2026-02-21 14:47:01,-36113,-11375.448275862069,-11221.413793103447,-11323.793103448275,-11454.793103448275,-10508.034482758621
2026-02-21 14:47:31,-33572.29559639987,-11164.695334321872,-10425.01465567778,-11029.345839511705,-10988.93065278113,-10680.437256457119
2026-02-21 14:48:01,-35001.96544946726,-12008.137650425846,-11636.081514430536,-11795.662218544187,-11686.631495465672,-11044.895003620564
2026-02-21 14:48:31,-55382,-14562.068965517241,-13477.862068965516,-13753.58620689655,-14082.896551724138,-13474.137931034482
2026-02-21 14:49:01,-54869.52174062963,-14282.473018171786,-14148.960380676526,-14064.17020102755,-13346.953553325746,-12681.63166787352
2026-02-21 14:49:31,-63573.81289009965,-16898.410290009997,-15919.066174695678,-16681.92006620918,-15931.652815614329,-15294.286009862406
2026-02-21 14:50:01,-54622.31034482759,-14143.827586206897,-13968.58620689655,-13417.51724137931,-13335.862068965516,-12666.379310344828
2026-02-21 14:50:31,-56990.1724137931,-14629.103448275862,-15891.241379310344,-15742.310344827585,-14563.206896551725,-13666.758620689656
2026-02-21 14:51:01,-53300.51724137931,-10560.58620689655,-9976.827586206897,-10212.689655172413,-10531.034482758621,-10210
2026-02-21 14:51:31,-59180.37309058309,-14988.793489879661,-15359.642770938934,-14997.379400710322,-14195.579462777147,-13557.015275335334
2026-02-21 14:52:01,-51409.813454708456,-10546.843212303023,-9952.898175924967,-10226.440467570083,-10538.257301472362,-9885.072928519705
2026-02-21 14:52:31,-66020.48134611406,-16229.501413695607,-16741.362664643817,-16706.054754844496,-14903.11013033584,-14316.702296393352
2026-02-21 14:53:01,-60226.29146837713,-12502.620870404855,-13288.537140492448,-14058.004000275881,-13379.646872198082,-12395.647975722462
2026-02-21 14:53:31,-94428.91624426744,-13644.908796248406,-13149.408641081343,-13002.034412606463,-13695.700148270751,-13355.401537878006
2026-02-21 14:54:01,-94126.59449769014,-14598.738192098186,-13459.904847272977,-14192.54636971661,-13394.090877749431,-12768.082465696752
2026-02-21 14:54:31,-95755.85284280937,-11631.727752301487,-11573.975106023516,-10684.998103644451,-11268.523945798712,-10604.93742026687
2026-02-21 14:55:01,-94792.40078612558,-15246.215908699101,-13943.17829190084,-16154.742612833157,-14872.254594352311,-12638.623590663037
2026-02-21 14:55:31,-88927.37931034483,-11327.379310344828,-12838,-11754.241379310344,-11700.896551724138,-12719.551724137931
2026-02-21 14:56:01,-92506.60367598881,-14785.751232801129,-12740.88761681437,-13317.597158522705,-13178.316493672193,-12615.883306320906
2026-02-21 14:56:31,-94624.20689655172,-14736.034482758621,-14086.655172413793,-13177.655172413793,-13179.413793103447,-12483.862068965516
2026-02-21 14:57:01,-94729.26938592561,-13411.991862910734,-13048.16743095542,-15450.091369858292,-13418.404992586975,-12727.717822294248
2026-02-21 14:57:31,-93467.75862068965,-13111.58620689655,-12571.931034482759,-14946.620689655172,-13101.51724137931,-12506.448275862069
2026-02-21 14:58:01,-95020.62068965517,-10544.275862068966,-9656.241379310344,-10539.413793103447,-10544.137931034482,-9893.58620689655
2026-02-21 14:58:31,-20971.82855763594,-10472.363021964758,-10136.788386607357,-10115.927036998723,-10428.088686597013,-9781.317885590151
2026-02-21 14:59:01,-19605.841177890416,-15981.069618289022,-14285.645322575081,-14763.146098410398,-14250.956863556428,-13679.35588427985
2026-02-21 14:59:31,-18191.23478500741,-11990.896865625322,-12069.928623150925,-12326.540464121925,-12279.024861211681,-11691.700286197027
2026-02-21 15:00:01,-15535.533257473879,-11205.95841522706,-10250.681010999619,-11156.718733836762,-10812.075445674285,-10203.924002620599
2026-02-21 15:00:31,-16291.51724137931,-10305.206896551725,-9696.172413793103,-9951.379310344828,-10285.724137931034,-9647.48275862069
2026-02-21 15:01:01,-15788.80766843666,-10598.717329839323,-10030.239293841805,-11113.233570098615,-10587.338804220399,-9947.69326253362
2026-02-21 15:01:31,-16152.246629194107,-10431.221766267801,-10355.839856546776,-10810.786578847545,-10491.430738990999,-9462.429738956514
2026-02-21 15:02:01,-15100.241379310344,-10552.068965517241,-9947.58620689655,-10734.793103448275,-10552.206896551725,-10207.310344827587
2026-02-21 15:02:31,-15841.867521809594,-10284.576393917452,-9671.045826006,-9937.898693148512,-10254.508465225337,-9606.91010654805
2026-02-21 15:03:01,-18435.36429778283,-10883.90055515327,-10280.128271438914,-11327.540429640356,-10759.318644184683,-10194.717423537119
2026-02-21 15:03:31,-17975.27671459605,-10416.537360780663,-9946.139788283164,-10433.53677459398,-10399.882762663357,-9783.145408779008
2026-02-21 15:04:01,-23737.80214475363,-15636.736664252958,-15030.481707527328,-15713.044377780077,-15517.913175407746,-14883.590221026863
2026-02-21 15:04:31,-19122.59466170081,-10678.426098351612,-9760.431753914065,-10125.215532105663,-10474.239602731224,-9694.220291054557
2026-02-21 15:05:01,-18089.275862068964,-10759.137931034482,-10301.344827586207,-11274.827586206897,-10726.310344827587,-9998.793103448275
2026-02-21 15:05:31,-18945.931034482757,-11264.172413793103,-10755.379310344828,-11215.51724137931,-10715.48275862069,-10030.034482758621
2026-02-21 15:06:01,-18971.699413995175,-11125.19820751465,-9860.427438814202,-11282.592209582903,-10888.76249569114,-10123.026542571526
2026-02-21 15:06:31,-18067.687321126858,-11481.22478535223,-10198.855211889246,-10948.415571876832,-10610.703079204166,-9837.626288748665
2026-02-21 15:07:01,-18575.433635642607,-11051.967309217558,-10037.415083278733,-11034.346011931444,-10822.51112107314,-9965.205696748162
2026-02-21 15:07:31,-22334.367780421362,-10938.622806110132,-10017.378711078927,-10243.819178649012,-10667.011482362675,-9816.627012861625
2026-02-21 15:08:01,-19317.896551724138,-10630.689655172413,-10025.551724137931,-11227.51724137931,-10293.965517241379,-9941.896551724138
2026-02-21 15:08:31,-19077.896551724138,-10419.137931034482,-9909,-10306.793103448275,-10694.448275862069,-9702.965517241379
2026-02-21 15:09:01,-27103.900134487394,-15657.264043587707,-15088.727197489567,-16016.27642332494,-15539.053070795542,-14889.099624124969
2026-02-21 15:09:31,-23909.062693978896,-10922.02910545555,-10535.864542382233,-11587.281881509069,-11100.800055176218,-9694.185805917648
2026-02-21 15:10:01,-25245.465829942765,-10697.538100820633,-9638.680091028205,-10579.960002758431,-10693.331494379698,-10345.45893386663
2026-02-21 15:10:31,-23676.44827586207,-10604.206896551725,-10311.206896551725,-11224.034482758621,-10492.896551724138,-9734.758620689656
2026-02-21 15:11:01,-24981.379310344826,-10868.896551724138,-10069.51724137931,-11492.103448275862,-10847.241379310344,-9958.275862068966
2026-02-21 15:11:31,-25719.191779877252,-10589.545548582857,-10388.352527411904,-11225.639611061306,-10909.764843803876,-9983.311495758913
2026-02-21 15:12:01,-23485.052239577944,-10916.382193717456,-9652.425778421433,-10714.251232716111,-10594.220888934862,-9922.244060549636
2026-02-21 15:12:31,-23785.241379310344,-10563.48275862069,-10320.310344827587,-10369.793103448275,-10415.655172413793,-9717.344827586207
2026-02-21 15:13:01,-25074,-10973.758620689656,-10423.172413793103,-10855.206896551725,-10733.724137931034,-10055.862068965516
2026-02-21 15:13:31,-24101.96551724138,-10427.551724137931,-9804.48275862069,-10334.103448275862,-10375.48275862069,-9716.379310344828
2026-02-21 15:14:01,-38677.08010068619,-15667.011482362679,-14762.284059170375,-15879.624840522742,-15533.56780800662,-14704.837764215028
2026-02-21 15:14:31,-33798.8275862069,-11803.137931034482,-12009.344827586207,-11487.172413793103,-11434.413793103447,-10786.931034482759
2026-02-21 15:15:01,-33346.3448275862,-12089.103448275862,-11344.896551724138,-12136,-11628.448275862069,-10961.551724137931
2026-02-21 15:15:31,-32508.58620689655,-10279.344827586207,-9671.689655172413,-10275.551724137931,-10286.827586206897,-9589.310344827587
2026-02-21 15:16:01,-36280.206896551725,-10582.862068965516,-10468,-10567.413793103447,-10582.965517241379,-9918.793103448275
2026-02-21 15:16:31,-34975.75862068965,-12065.448275862069,-11430.172413793103,-12563.068965517241,-12050.620689655172,-11386.103448275862
2026-02-21 15:17:01,-38406.06896551724,-13106.310344827585,-12562.689655172413,-13077.58620689655,-12501.58620689655,-11878.758620689656
2026-02-21 15:17:31,-34806.17909727251,-10988.690045170855,-10335.643598496603,-11178.200751698216,-10976.06979069687,-10311.403055067065
2026-02-21 15:18:01,-33518.137931034486,-11549.896551724138,-9633.48275862069,-10934.793103448275,-10573.379310344828,-9997.344827586207
2026-02-21 15:18:31,-34914.1724137931,-10412.413793103447,-10387.862068965516,-10909.51724137931,-10428.448275862069,-9753.172413793103
2026-02-21 15:19:01,-54568.743749784466,-15408.393392875614,-14783.578744094622,-15290.078968240283,-15260.07793372185,-14634.608089934134
2026-02-21 15:19:31,-57092.2381986828,-13254.749836212543,-11562.18751077549,-13218.026964587427,-12348.850039653804,-11720.147581117892
2026-02-21 15:20:01,-55984.96551724138,-10629,-10313.48275862069,-10612.896551724138,-10614.448275862069,-9959.931034482759
2026-02-21 15:20:31,-54060.8275862069,-12448.310344827585,-12647.965517241379,-13362.172413793103,-12400.206896551725,-11728.551724137931
2026-02-21 15:21:01,-57312.43534036831,-14376.16387337058,-11754.569280640046,-12718.773708531626,-12639.492378784746,-11976.757017725362
2026-02-21 15:21:31,-55184.3729526568,-15307.161822006135,-13378.67659735871,-16191.648563842624,-13476.949070721697,-12828.66108065239
2026-02-21 15:22:01,-55859.487603875736,-14325.161201337885,-12710.975483604014,-12593.220923416435,-12586.910796179443,-11220.544119168306
2026-02-21 15:22:31,-57516.1724137931,-14746.58620689655,-10450.172413793103,-11603.551724137931,-11596.206896551725,-10065.724137931034
2026-02-21 15:23:01,-56978.41304872581,-14608.538225456048,-10133.177006103657,-10423.393910134831,-10717.67991999724,-10039.656539880683
2026-02-21 15:23:31,-56843.793103448275,-11032.931034482759,-9533.551724137931,-10934.034482758621,-10431.344827586207,-9774.034482758621
2026-02-21 15:24:01,-85940.72822563961,-20225.98441486794,-19607.19950348252,-19142.05916833322,-17782.980484104544,-16739.05247913937
2026-02-21 15:24:31,-97582.48275862068,-14363.137931034482,-15590.827586206897,-14506.896551724138,-14343.172413793103,-13690.58620689655
2026-02-21 15:25:01,-90913.89061314575,-14566.142492585697,-14028.86405959032,-18053.348506793576,-14596.351472515349,-13936.478377819163
2026-02-21 15:25:31,-96733.5172413793,-11541.034482758621,-10074.758620689656,-13047.758620689656,-11445.931034482759,-9924
2026-02-21 15:26:01,-92685.86206896552,-15919.137931034482,-11198.379310344828,-15130.896551724138,-14272.551724137931,-10763.827586206897
2026-02-21 15:26:31,-88795.24843970897,-10313.023688838315,-9717.492500258611,-11914.071928554187,-10318.402813696079,-9942.036481500636
2026-02-21 15:27:01,-97310.0451739715,-16862.512500431047,-13119.073071485222,-15322.907686471945,-15213.352184558085,-12909.824476706091
2026-02-21 15:27:31,-97253.43953656769,-10540.429640357228,-10065.239129685182,-10586.841833040238,-10540.464121926829,-9830.523085410847
2026-02-21 15:28:01,-98528.37931034483,-10833.379310344828,-10216.620689655172,-10682.310344827587,-10660.896551724138,-9989.931034482759
2026-02-21 15:28:31,-81794.96551724138,-10340.896551724138,-9564.758620689656,-10350.103448275862,-10336.931034482759,-9666.793103448275
2026-02-21 15:29:01,-32613.310344827587,-10380.896551724138,-10426,-10712.551724137931,-10723.068965517241,-10026.931034482759
2026-02-21 15:29:31,-12208.54453294714,-10680.21792351988,-9424.468121788905,-10319.0234819489,-10346.815627047345,-9664.597772490604
2026-02-21 15:30:01,-26234.811392317773,-15169.264188676643,-14334.183849389698,-14274.532790842011,-14495.896834701056,-13881.249568995243
2026-02-21 15:30:31,-23596.082893693318,-11019.240715837384,-10416.330471363055,-11323.230233440225,-10978.03524016413,-10321.919933795385
2026-02-21 15:31:01,-22971.55074312907,-11899.513776337113,-10688.920307596813,-11581.640746232628,-11222.83527018173,-10232.559743439428
2026-02-21 15:31:31,-22368.943756681263,-10996.448153384597,-10371.219697230938,-11304.113934963272,-10936.894375668126,-10654.539811717645
2026-02-21 15:32:01,-23164.275862068964,-11338.103448275862,-10736.241379310344,-11661.51724137931,-11278.137931034482,-10648.51724137931
2026-02-21 15:32:31,-23109.23761249612,-10570.945829454155,-10280.783421261334,-11149.201751663735,-10471.535464294333,-9910.175511189269
2026-02-21 15:33:01,-22110.1724137931,-10623,-10347.172413793103,-10861.965517241379,-10293.724137931034,-9949.51724137931
2026-02-21 15:33:31,-20111.375469811388,-9947.898348332817,-9671.873383676426,-10276.335298782802,-10616.39253818834,-9619.73725043964
2026-02-21 15:34:01,-22292.389392737678,-11191.730749336182,-10430.325183627021,-10722.335252939754,-10702.3345632608,-10094.96879202731
2026-02-21 15:34:31,-20515.931034482757,-10310.758620689656,-9723.896551724138,-9955.413793103447,-10262.137931034482,-9668.206896551725
2026-02-21 15:35:01,-27930.103448275862,-14851.068965517241,-14290.48275862069,-15384.827586206897,-14936.034482758621,-13731.724137931034
2026-02-21 15:35:31,-22608.689655172413,-12052.448275862069,-11174.448275862069,-11957.413793103447,-11874.068965517241,-11058.862068965516
2026-02-21 15:36:01,-21230.785145339814,-11216.19944139857,-10346.953553325746,-10959.966897693183,-10908.072135443605,-10268.921761318574
2026-02-21 15:36:31,-20428.689655172413,-11036.51724137931,-10151.965517241379,-10722.620689655172,-10709.51724137931,-10111.034482758621
2026-02-21 15:37:01,-22209.95827730078,-11229.33691941657,-10350.470673425054,-10928.00248267301,-10536.326333574703,-10262.715078790385
2026-02-21 15:37:31,-21747.87076307713,-10457.846281162718,-9862.384055722216,-10438.915899451742,-10794.179511051341,-9760.663425399123
2026-02-21 15:38:01,-23766.88851339701,-11834.511534880512,-10747.129211352114,-11380.944170488636,-11063.484947756817,-10392.427325080174
2026-02-21 15:38:31,-22690.103448275862,-10549.689655172413,-9965.931034482759,-10633.965517241379,-10546.310344827587,-9882.275862068966
2026-02-21 15:39:01,-20715.1724137931,-10181.48275862069,-9932,-10875.448275862069,-10504.724137931034,-9851.620689655172
2026-02-21 15:39:31,-20735.655172413793,-10646.034482758621,-9440.241379310344,-10315.379310344828,-10283.862068965516,-9641.862068965516
2026-02-21 15:40:01,-28674.08020413089,-14131.719595876002,-13962.24268128685,-13880.900658597977,-14151.236164270196,-13436.91596841488
2026-02-21 15:40:31,-23752.28440398607,-10849.936209096237,-10586.979759318643,-11202.717147684561,-10826.592186476328,-10176.68356263577
2026-02-21 15:41:01,-24622.793103448275,-11414.689655172413,-10499.931034482759,-11766.310344827585,-11057.379310344828,-10426.172413793103
2026-02-21 15:41:31,-27497.655172413793,-13035.103448275862,-13059.344827586207,-13433.241379310344,-12516.862068965516,-11708.034482758621
2026-02-21 15:42:01,-22874.40946239525,-11381.909721024862,-10439.46342977344,-11020.345529156177,-10982.723542191108,-10303.079416531604
2026-02-21 15:42:31,-25874.03882624737,-12419.916554601567,-11524.154339505536,-13148.787972828524,-12072.238888314198,-11380.745491534775
2026-02-21 15:43:01,-25424.74397434571,-11876.69390710665,-11635.357401468913,-12265.81842005448,-11484.121237198717,-11165.683941933035
2026-02-21 15:43:31,-24940.071032033375,-11286.921140650322,-11409.29623116444,-11294.438122823349,-11587.634909141063,-10623.909520361365
2026-02-21 15:44:01,-26085.03155063618,-12516.327023206095,-11941.657184235026,-12332.643701941312,-12061.308230750663,-11576.393917451122
2026-02-21 15:44:31,-24248.336264266745,-10840.212406468741,-10558.739353815385,-11515.15464983966,-10837.453880900657,-10174.338815902898
2026-02-21 15:45:01,-38072.724137931036,-14440.58620689655,-13829.241379310344,-14877.034482758621,-14362.896551724138,-13661.241379310344
2026-02-21 15:45:31,-32855.487741802004,-10368.642460604806,-10784.386745284644,-10083.307472156132,-10430.9851384435,-9746.14668459708
2026-02-21 15:46:01,-36070.89410709975,-11297.506982517843,-10718.320057929035,-11746.974242267506,-11264.404675700836,-10636.391848556945
2026-02-21 15:46:31,-33614.68965517241,-11081.206896551725,-10159.310344827587,-11859.655172413793,-11041.965517241379,-10404.689655172413
2026-02-21 15:47:01,-34866.3448275862,-10575.413793103447,-10242.931034482759,-10573.448275862069,-10538.344827586207,-9527.413793103447
2026-02-21 15:47:31,-36571.359608289364,-11827.799041412363,-11678.597289748628,-12276.887003896416,-11778.593841591668,-11422.571635460845
2026-02-21 15:48:01,-34793.04161925451,-12761.80131719596,-12689.76931829937,-13644.598462121998,-12689.562428881763,-12052.998172476811
2026-02-21 15:48:31,-33775.90427916279,-10287.024585359126,-9677.045619116583,-10269.197613875385,-10280.507568704528,-9294.231233405746
2026-02-21 15:49:01,-39265.31034482759,-12442.689655172413,-12478.206896551725,-12889.551724137931,-12296.58620689655,-11825.896551724138
2026-02-21 15:49:31,-34084.17531639022,-10804.544984309803,-10138.935825373288,-11929.273423221488,-11010.552088003033,-10397.39301355219
2026-02-21 15:50:01,-58319.48141745894,-15719.273984442521,-15042.558340535867,-15352.843560933446,-14999.101123595503,-14289.43820224719
2026-02-21 15:50:31,-56794.00710320333,-14935.829798972447,-12829.419675183613,-13370.401020654459,-13260.646184614323,-12709.492776111167
2026-02-21 15:51:01,-58228.10344827586,-11795.034482758621,-10856.862068965516,-11827.137931034482,-11777.103448275862,-11098.275862068966
2026-02-21 15:51:31,-56254.10344827586,-14002.758620689656,-12981.793103448275,-15069.551724137931,-13145.48275862069,-12438.551724137931
2026-02-21 15:52:01,-55799.26894030828,-12568.502362150417,-11037.001275906065,-11677.264733266662,-11600.089658264076,-10982.30973481844
2026-02-21 15:52:31,-55885.75862068965,-13142.310344827585,-13866.206896551725,-13182.896551724138,-13118.137931034482,-12428.034482758621
2026-02-21 15:53:01,-55883.03448275862,-14864.137931034482,-13806.344827586207,-14881.931034482759,-13984.931034482759,-13465.827586206897
2026-02-21 15:53:31,-62750.68965517241,-18511.862068965518,-19449.137931034482,-18937.103448275862,-17718.827586206895,-17021.344827586207
2026-02-21 15:54:01,-58869.75412945273,-13391.599710334836,-13216.697127487152,-14686.575399151692,-13097.279216524706,-12742.749749991377
2026-02-21 15:54:31,-55998.58615814338,-13122.728369943788,-11529.949308596846,-13886.444360150348,-13399.393082520084,-12418.773061140038
2026-02-21 15:55:01,-102313.2866650574,-16300.113797027481,-16745.30156212283,-16081.244180833819,-16381.702817338526,-15749.16376426773
2026-02-21 15:55:31,-92597.91716955756,-10484.085658126141,-9877.685437428876,-11402.151798337873,-10489.292734232213,-9803.786337459911
2026-02-21 15:56:01,-89899.78964791888,-13292.25145694679,-12816.545398117174,-14276.699196524016,-13263.905651919029,-12623.400806924376
2026-02-21 15:56:31,-103978.7234042553,-17152.832856305387,-15091.382461464187,-17139.039277216452,-15681.506258836509,-15096.17573019759
2026-02-21 15:57:01,-91134.4873961171,-18941.756612296973,-16352.253525983653,-17467.188523742196,-16901.06555398462,-16295.113624607742
2026-02-21 15:57:31,-93938.273733577,-13732.439049622399,-13654.815683299423,-13128.694092899754,-12957.895099831027,-12355.288113383218
2026-02-21 15:58:01,-95013.27540429641,-11415.123616427021,-11125.616358056619,-11408.330747215614,-11394.951898210407,-10780.938588324541
2026-02-21 15:58:31,-92312.80388978928,-12259.526190558294,-11746.61195213628,-12413.7728887203,-12264.250491396253,-11657.057139901373
2026-02-21 15:59:01,-89830.78726852649,-14365.94365322942,-13906.72092141108,-16414.497051622468,-14361.253836339181,-13801.027621642124
2026-02-21 15:59:31,-93888.8582364909,-11863.547018862717,-11661.781440739334,-12225.766405738128,-12216.041932480428,-11581.08900306907
2026-02-21 16:00:01,-22374.55172413793,-12005.51724137931,-10911.344827586207,-11818.241379310344,-11416.58620689655,-10786.51724137931
2026-02-21 16:00:31,-20074,-15452,-14501.068965517241,-14932.034482758621,-14854.448275862069,-14333.758620689656
2026-02-21 16:01:01,-16007.172413793103,-10940.551724137931,-11089.58620689655,-10886.344827586207,-10901.620689655172,-10318
2026-02-21 16:01:31,-15718.601282847092,-10802.262224981034,-9928.029519277192,-10570.177253603697,-10329.05717635699,-9797.261880129663
2026-02-21 16:02:01,-16858.793103448275,-10677.137931034482,-10062.034482758621,-10878.758620689656,-10655.034482758621,-10101
2026-02-21 16:02:31,-16790.854857064034,-10978.964791889373,-9845.994689472049,-10200.2482844236,-10428.911341770405,-9846.442980792439
2026-02-21 16:03:01,-17891.689655172413,-10760.551724137931,-10052.172413793103,-10980.827586206897,-10628.034482758621,-9983.827586206897
2026-02-21 16:03:31,-16837.344827586207,-10044.413793103447,-9896.58620689655,-10358.689655172413,-10365.379310344828,-9696.172413793103
2026-02-21 16:04:01,-16210.241379310344,-10978,-10079.172413793103,-10906.51724137931,-10611.413793103447,-9986.724137931034
2026-02-21 16:04:31,-15175.040518638572,-10375.426738853062,-9763.75047415428,-10228.456153660469,-10356.460567605778,-9777.509569295491
2026-02-21 16:05:01,-19485.361564191866,-12507.534742577329,-11830.752784578777,-12765.440187592674,-12280.044139453083,-11745.232594227386
2026-02-21 16:05:31,-22592.22731818338,-13780.061381426944,-13371.633504603606,-13758.026138832372,-13783.5442601469,-13173.109417566122
2026-02-21 16:06:01,-18825.523257818695,-12023.206096341504,-10624.495707044583,-11009.344505361883,-10898.41729595531,-10266.749422433708
2026-02-21 16:06:31,-19414.241379310344,-11206.310344827587,-10284.724137931034,-11206.827586206897,-10971.827586206897,-10103.137931034482
2026-02-21 16:07:01,-17682.71319700679,-10715.438463395289,-10424.187040932444,-11043.415290182418,-10701.7138522018,-10011.55212248698
2026-02-21 16:07:31,-19144.896551724138,-10627.206896551725,-10457.620689655172,-10626.172413793103,-10643.068965517241,-9848.344827586207
2026-02-21 16:08:01,-19107.348529259627,-10652.367323011136,-10037.587503017345,-10744.611883168383,-10581.157970964514,-9921.411083140796
2026-02-21 16:08:31,-20022.484309262712,-10534.5196220429,-9908.407476377683,-10068.590937306022,-10370.30140009656,-9711.911166287331
2026-02-21 16:09:01,-18758.03448275862,-10737.413793103447,-10029,-11030.448275862069,-10672.620689655172,-10011.344827586207
2026-02-21 16:09:31,-17805.027759577915,-10308.114072899065,-9683.920135177073,-10297.561984896029,-10269.836890927272,-9619.05582951136
2026-02-21 16:10:01,-24148.619663737634,-13972.012730920918,-13566.318411402479,-13936.93350861413,-12744.551304227498,-12805.818861136098
2026-02-21 16:10:31,-25373.08183040794,-12533.742542846303,-12461.05038104762,-12392.496292975618,-13394.254974309457,-11957.550260353804
2026-02-21 16:11:01,-24236.8539015896,-11428.536947001827,-10693.769180373089,-11731.664425364641,-11337.402158546256,-10629.702424054341
2026-02-21 16:11:31,-24780.950410373127,-11341.333885095524,-10310.607628112284,-12417.890889026829,-11085.55762466377,-9935.305883164356
2026-02-21 16:12:01,-24023.24218076485,-11921.583502879408,-11279.768267871304,-11188.59271009345,-11091.382461464187,-10078.244077381978
2026-02-21 16:12:31,-23479.7061967654,-10518.879961377977,-9413.290113452187,-10567.22645608469,-10507.948549949997,-9671.126590572087
2026-02-21 16:13:01,-24904.09683426443,-11449.720670391062,-10735.395544520312,-11152.07945375543,-11122.422236016277,-10021.553210566246
2026-02-21 16:13:31,-23882.47465342438,-10301.641492516726,-9693.220222084283,-10310.607628112286,-9956.859093730603,-9648.424029243397
2026-02-21 16:14:01,-22982.102831132106,-11196.144694644641,-10112.038346149866,-11307.838201317285,-11179.971723162866,-9964.481533845994
2026-02-21 16:14:31,-27110.452084554636,-10830.304493258387,-10029.483775302595,-10170.695541225557,-10502.155246732644,-9850.650022414564
2026-02-21 16:15:01,-31187.55172413793,-13764.103448275862,-14349.48275862069,-15707.034482758621,-14470.58620689655,-13772.275862068966
2026-02-21 16:15:31,-34224.379310344826,-13093.068965517241,-10812.827586206897,-10995.448275862069,-11788.931034482759,-10893
2026-02-21 16:16:01,-34846.5464326356,-12112.176281940754,-11895.7895099831,-11411.703851856959,-11376.978516500567,-10309.183075278457
2026-02-21 16:16:31,-34160.02896451846,-12451.880969621736,-11067.618357987654,-11972.000965483947,-11415.951174097443,-10345.057066997688
2026-02-21 16:17:01,-35169.356507345336,-12638.04400303469,-11479.481343540934,-13396.958410924892,-12175.460376577696,-10828.5398993034
2026-02-21 16:17:31,-34429.18721335218,-10835.166729887236,-10274.906031242455,-10854.960515879857,-10452.808717541982,-9725.921583502877
2026-02-21 16:18:01,-36396.00648342932,-11311.27358002552,-10901.955374693933,-12867.43456219609,-11642.618201882953,-10089.802393351036
2026-02-21 16:18:31,-34688.875094834126,-10810.849024070625,-9982.96434236844,-10764.15614869991,-10783.70922132561,-9672.977446720462
2026-02-21 16:19:01,-37113.245284320146,-12018.104072554224,-10691.265216041931,-12450.187937515086,-11534.466705748473,-10217.076450912098
2026-02-21 16:19:31,-32031.794199799988,-10622.814579813095,-9969.171350736231,-11405.738128900995,-10577.39922066278,-9680.644160143453
2026-02-21 16:20:01,-44072.93354943273,-15222.42146280906,-14769.336873685297,-15317.079899306871,-15344.701541432461,-14630.332080416563
2026-02-21 16:20:31,-56570.70933480464,-10733.956343322183,-10803.407014034965,-10946.963688403046,-10750.33621849029,-10063.51943170454
2026-02-21 16:21:01,-57346.25331907996,-11646.574019793785,-12712.610779682056,-12300.458636504705,-11651.505224318078,-11001.06900237939
2026-02-21 16:21:31,-56027.55077411123,-12301.02410261715,-9964.966725285334,-13243.508844522601,-11409.91689941726,-9921.278576600806
2026-02-21 16:22:01,-55521.08838845397,-13208.504328033934,-11918.750215539538,-12420.181398075663,-12411.801220815945,-10890.057592164707
2026-02-21 16:22:31,-60226.095651874064,-11196.75183614358,-10622.771628564531,-11283.369538981413,-11263.473673321609,-9896.727699044859
2026-02-21 16:23:01,-53548.91547984412,-10537.708196834372,-9913.962550432772,-10206.90368633401,-10489.430670023103,-9853.650125866408
2026-02-21 16:23:31,-56634.711541777295,-10510.569329976894,-9694.748094761888,-11999.27583709783,-10488.878926859545,-9839.92551467292
2026-02-21 16:24:01,-56368.87478878581,-12682.368357529569,-12451.394875685366,-13951.44660160695,-12195.627435428807,-11990.103107003688
2026-02-21 16:24:31,-53312.77806518365,-11890.739782721159,-11011.174340403517,-13304.466287290912,-11810.346611484738,-10819.865494050699
2026-02-21 16:25:01,-63942.659126956765,-16267.84359699331,-15698.606992621199,-14979.139369698642,-15385.007930487553,-14747.603613543894
2026-02-21 16:25:31,-92453.67081623503,-15896.030897617156,-13582.364909134796,-12931.307976137106,-12141.418669609295,-11889.513431497637
2026-02-21 16:26:01,-97374.53015621226,-16243.180799337906,-17159.281354529463,-18088.79616538501,-16637.297837856477,-15573.674954308766
2026-02-21 16:26:31,-88580.45382440169,-17378.681288364714,-13945.134147182564,-14254.293399544797,-14191.702876060417,-13657.907441892545
2026-02-21 16:27:01,-86485.67191972135,-10548.260284837406,-9967.309217559225,-10587.951308665815,-10535.915031552811,-9873.133556329527
2026-02-21 16:27:31,-104675.5526433769,-21425.975100872503,-21334.17250060351,-19889.12646135807,-18209.642376797598,-17526.364796358244
2026-02-21 16:28:01,-88267.1724137931,-14063.206896551725,-11104.103448275862,-12614.379310344828,-12443.172413793103,-10171.896551724138
2026-02-21 16:28:31,-94701.32422925718,-10350.506931512518,-9752.36223187806,-10350.334505827988,-10332.574660321401,-9663.183667839161
2026-02-21 16:29:01,-87494.56877823372,-12497.775785371907,-11940.618642022137,-14248.594779130313,-12668.988585813302,-10273.319769647227
2026-02-21 16:29:31,-98634.87137043934,-10452.031174563763,-9846.230774536174,-10082.522932616042,-10425.54658941996,-9693.220222084281
2026-02-21 16:30:01,-88643.33252870788,-12608.296837821992,-11187.592675609501,-12954.067381633848,-11742.266974723265,-10281.561433152865
2026-02-21 16:30:31,-11411.255560536569,-11373.081830407944,-9897.09989999655,-10173.661160729678,-10478.7751301769,-9838.511672816303
2026-02-21 16:31:01,-16460.310344827587,-11351.344827586207,-10777.896551724138,-11991.931034482759,-11309.034482758621,-10356.758620689656
2026-02-21 16:31:31,-22916.75575019828,-11261.319355839854,-11503.672540432428,-11567.778199248249,-11254.629469981723,-10944.03255284665
2026-02-21 16:32:01,-24679.344827586207,-11775.448275862069,-11258.172413793103,-11544.310344827585,-11492.413793103447,-10842.793103448275
2026-02-21 16:32:31,-22407.131526312158,-10727.498448168839,-9753.120904889993,-10015.621767018414,-10277.570866956341,-9635.595558314366
2026-02-21 16:33:01,-22621.41379310345,-13299.620689655172,-12806.310344827585,-12695.275862068966,-12511.689655172413,-11919.172413793103
2026-02-21 16:33:31,-23234.03448275862,-13284.310344827585,-11510.310344827585,-13332.758620689656,-12121.827586206897,-11565.034482758621
2026-02-21 16:34:01,-25113.18021932547,-12700.669011655977,-13230.740051038003,-13261.776674253397,-12774.501689771709,-11345.610042071867
2026-02-21 16:34:31,-23708.669563418167,-11395.337609490309,-11071.3497482585,-12247.086005931444,-11912.476722532589,-11015.552796744603
2026-02-21 16:35:01,-23508.48334367888,-12067.177046692877,-11205.703841644254,-12687.081867715016,-11762.087040485552,-10981.929788261261
2026-02-21 16:35:31,-23310.98696461825,-11097.730877991586,-10186.874956893578,-10547.24463756121,-10859.09373060211,-10099.110283467826
2026-02-21 16:36:01,-28421.241379310344,-14924.862068965516,-14610.758620689656,-15210.241379310344,-14745.51724137931,-14208.448275862069
2026-02-21 16:36:31,-22261.068965517243,-11400.137931034482,-10626.310344827587,-11188.896551724138,-11014.827586206897,-10716.896551724138
2026-02-21 16:37:01,-23611.871831131655,-12192.598213361847,-12255.061566585038,-13078.087814300005,-12227.986065602043,-11302.141896319803
2026-02-21 16:37:31,-22410.957487156506,-11793.883391373307,-10865.427714374377,-11993.345515981107,-11381.33986139365,-10757.92159431783
2026-02-21 16:38:01,-23254.198131098925,-11505.25843936416,-11561.049618978655,-11850.108616944242,-11467.156304955,-10832.833350574118
2026-02-21 16:38:31,-21442.670436911616,-10859.926204351872,-10862.133177006102,-11476.326769888616,-11129.211352115588,-10505.913997034379
2026-02-21 16:39:01,-22328.58620689655,-12933.827586206897,-11593.862068965516,-13361.724137931034,-11867.275862068966,-11500.551724137931
2026-02-21 16:39:31,-22877.36662413353,-11025.554367693208,-11042.590612822016,-11350.07069696865,-11328.171879849639,-10687.10556264441
2026-02-21 16:40:01,-25703.531278019174,-13333.126422511898,-11925.305193461618,-13239.637216359748,-12411.787019794469,-11504.689978619215
2026-02-21 16:40:31,-20250.793103448275,-10285.551724137931,-10014.172413793103,-10309.58620689655,-10270.413793103447,-9596.137931034482
2026-02-21 16:41:01,-29124.461151153566,-16075.766458599164,-14830.189329930681,-16307.37662516812,-15029.554781529123,-14971.96261682243
2026-02-21 16:41:31,-26178.73030104486,-11529.432049381012,-10549.9499982758,-11452.981137280594,-11334.183937377149,-10453.877719921375
2026-02-21 16:42:01,-26861.58143384254,-12531.742473878408,-11703.95530880375,-12089.83068381668,-11917.16955757095,-10683.57529569985
2026-02-21 16:42:31,-25616.814372909408,-11320.355874340494,-10717.95579157902,-10982.44767060933,-11396.910238284077,-9892.030759681367
2026-02-21 16:43:01,-24064.273645736357,-11125.478431778216,-10745.04327436985,-11488.224543981243,-10696.113927105962,-10041.13651253405
2026-02-21 16:43:31,-23548.693013311266,-10593.351265604526,-10004.379612387063,-10355.403820953172,-10737.016345954895,-9806.469411683565
2026-02-21 16:44:01,-24750.03448275862,-10388.724137931034,-10303,-11697.896551724138,-10983,-10364.310344827587
2026-02-21 16:44:31,-24170.936928859614,-10705.265698817198,-9471.499017207489,-10372.15076381944,-10368.771336942651,-9382.461464188418
2026-02-21 16:45:01,-24220.145522259383,-10609.676195730886,-10321.769716197108,-10589.399634470152,-10586.158143384253,-10257.97441291079
2026-02-21 16:45:31,-23588.46856788165,-10540.50139659988,-10269.492051450048,-11002.034552915617,-10134.625331907995,-9843.753232870098
2026-02-21 16:46:01,-32080.485533983927,-13981.689023759438,-13576.8129935515,-14272.871478326837,-14330.528638918582,-13073.243904962239
2026-02-21 16:46:31,-34524.55172413793,-10302.344827586207,-10008.310344827587,-10290.862068965516,-10287.48275862069,-9934.206896551725
2026-02-21 16:47:01,-35225.8275862069,-12624.275862068966,-11149.48275862069,-11791.48275862069,-11758.827586206897,-11098.758620689656
2026-02-21 16:47:31,-35298.826919119165,-11325.20408863278,-11210.297043287374,-11509.43266790149,-11275.605405776225,-10641.318515469577
2026-02-21 16:48:01,-36075.89655172414,-10622.827586206897,-9970.137931034482,-10926.413793103447,-10573.034482758621,-9956
2026-02-21 16:48:31,-33442.93103448276,-10311.862068965516,-9102.206896551725,-10317.241379310344,-10295,-9661.827586206897
2026-02-21 16:49:01,-34856.334919649635,-11019.587557762607,-11520.001379405478,-10936.961169735845,-10932.27119111663,-10244.741016621838
2026-02-21 16:49:31,-34307.05837729734,-11544.119168304542,-11405.813592634737,-12005.482569566568,-11503.430916175304,-10800.93789869315
2026-02-21 16:50:01,-34652.08096272542,-12629.185200510326,-11244.922588876245,-12091.893382986793,-11695.700148270747,-11006.723906072202
2026-02-21 16:50:31,-35143.20195855315,-11982.379917933862,-11422.950932726457,-11525.912899555186,-11554.429157615254,-10872.69404503293
2026-02-21 16:51:01,-48236.862068965514,-14505.137931034482,-14610.551724137931,-14551.034482758621,-14610.620689655172,-13562.068965517241
2026-02-21 16:51:31,-53159.24137931034,-10333.379310344828,-9760.172413793103,-10478.58620689655,-10314,-9961.51724137931
2026-02-21 16:52:01,-54310.68965517241,-11673.862068965516,-11346.344827586207,-12886.551724137931,-12000.551724137931,-11361.58620689655
2026-02-21 16:52:31,-52980.484104544514,-12880.00827529136,-11173.608716640232,-11771.188193917662,-11381.732294324529,-11080.339286945728
2026-02-21 16:53:01,-53895.61349058556,-10545.658321263536,-9919.856541830472,-10531.346989447547,-10843.540933857506,-9849.782743637492
2026-02-21 16:53:31,-59984.862068965514,-15970.172413793103,-13405.827586206897,-16778,-14577.413793103447,-13973.103448275862
2026-02-21 16:54:01,-52998.41384779836,-12137.09872073377,-12285.47291472708,-11354.849832764388,-11273.266439088307,-10581.773042308887
2026-02-21 16:54:31,-58170.137931034486,-15457.206896551725,-13726.758620689656,-15789.51724137931,-14239.689655172413,-13558.206896551725
2026-02-21 16:55:01,-61896.68965517241,-14731.896551724138,-15650.655172413793,-16946.896551724138,-14109.620689655172,-13420.275862068966
2026-02-21 16:55:31,-53772.379310344826,-14259.620689655172,-11908.896551724138,-12206.137931034482,-12398.034482758621,-11836.793103448275
2026-02-21 16:56:01,-77138.82279921381,-14574.842246819073,-14968.552808523842,-14610.185855660147,-14633.357470432053,-13917.658011792695
2026-02-21 16:56:31,-87970.13690127245,-10355.288113383218,-10620.780026897477,-10691.09279630332,-10302.631125211212,-9678.230283802888
2026-02-21 16:57:01,-95851.45339815867,-10573.35953932623,-9959.484155718766,-10534.636736664252,-10560.739284852245,-9873.762973690562
2026-02-21 16:57:31,-87967.24250887899,-10721.80269645874,-10129.34036757353,-10756.180821350987,-10730.216199441396,-10065.928761077203
2026-02-21 16:58:01,-93794.13793103448,-10556.896551724138,-10013.758620689656,-10555.862068965516,-10542.068965517241,-9575.758620689656
2026-02-21 16:58:31,-94881.92696299871,-13561.15728128556,-15034.311527983722,-13112.590089313422,-13232.939066864374,-13000.241387634054
2026-02-21 16:59:01,-93041.79166235645,-13044.446743215749,-13794.593289886554,-12841.764077100788,-12714.630529981723,-12143.719182097168
2026-02-21 16:59:31,-86666.80459294506,-12399.917244232956,-13111.961656494603,-12827.936967690768,-12364.366745974276,-11753.3188510741
2026-02-21 17:00:01,-95130.24137931035,-10583.413793103447,-9932.51724137931,-10529.620689655172,-10530.206896551725,-9876.275862068966
2026-02-21 17:00:31,-93578.93103448275,-10291.310344827587,-9721.413793103447,-9982.379310344828,-10281.620689655172,-9640.310344827587
2026-02-21 17:01:01,-55296.71390641701,-13551.256853211957,-10966.690803765387,-12039.240026205991,-11510.051377538704,-10385.607392848522
2026-02-21 17:01:31,-14938.896551724138,-12526.551724137931,-12591.551724137931,-12466.448275862069,-12442.965517241379,-12285.551724137931
2026-02-21 17:02:01,-25078.44827586207,-13581.137931034482,-12202.793103448275,-12455.793103448275,-12669.034482758621,-12056.379310344828
2026-02-21 17:02:31,-20958.44827586207,-10332.034482758621,-9412.965517241379,-10612.103448275862,-10284.51724137931,-9642.965517241379
2026-02-21 17:03:01,-20571.103448275862,-10539.689655172413,-10295.551724137931,-10532.724137931034,-10510.448275862069,-9894.379310344828
2026-02-21 17:03:31,-21778.938657287676,-10314.127099065548,-9422.675080169649,-10313.402986103927,-10269.576911140994,-9633.047136305644
2026-02-21 17:04:01,-22091.241379310344,-11432.379310344828,-11125.137931034482,-11067.551724137931,-11071.103448275862,-10453.448275862069
2026-02-21 17:04:31,-22296.07917514397,-11319.493775647434,-10465.981585571915,-11881.375219835165,-11041.622124900858,-10416.186765060862
2026-02-21 17:05:01,-20681.588597523005,-10912.163564657856,-10271.154777554832,-10935.134574136857,-10891.475818169238,-10218.466754307063
2026-02-21 17:05:31,-21798.096486085724,-10704.576019862752,-10120.142073864614,-10722.300768992032,-10712.093520466222,-10069.692058346838
2026-02-21 17:06:01,-23485.340783664462,-12015.935430463576,-11400.69674392936,-11986.720474613687,-11171.599061810155,-10973.82036423841
2026-02-21 17:06:31,-25187.954631640638,-13151.066983831488,-12663.667390629847,-13217.912917571619,-13562.03674975006,-11840.76257455097
2026-02-21 17:07:01,-24027.103448275862,-12984.448275862069,-12291.793103448275,-13264.413793103447,-12648.620689655172,-12662.241379310344
2026-02-21 17:07:31,-22160.655172413793,-11006.58620689655,-11053.655172413793,-11150.137931034482,-10968.51724137931,-10295.58620689655
2026-02-21 17:08:01,-22654.758620689656,-11093.51724137931,-10779.48275862069,-11387.103448275862,-10710.034482758621,-10383.448275862069
2026-02-21 17:08:31,-21646.275862068964,-11211.896551724138,-10347.310344827587,-10932.241379310344,-11228.137931034482,-10230.344827586207
2026-02-21 17:09:01,-20150.424167183948,-10553.900268984069,-9972.929167528797,-10571.487688806126,-10552.624318918548,-9891.820125525901
2026-02-21 17:09:31,-23209.758620689656,-10783.827586206897,-10201.827586206897,-11108.793103448275,-10775.379310344828,-9839.58620689655
2026-02-21 17:10:01,-21586.281812538797,-11392.440857990206,-11146.354921029037,-11865.507966066625,-11261.949099937927,-11017.311538726808
2026-02-21 17:10:31,-21621.1248663747,-10411.255560536569,-9512.190075519844,-10754.129452739748,-10388.806510569328,-9762.612503879443
2026-02-21 17:11:01,-22250.03448275862,-10626.379310344828,-10056.48275862069,-10636.068965517241,-10620.620689655172,-9980.793103448275
2026-02-21 17:11:31,-25494.258422704228,-13312.700437946134,-13072.761129694125,-13458.602020759334,-13366.736784027033,-11701.265560881408
2026-02-21 17:12:01,-22751.56907372922,-11183.460928339886,-10592.35119663425,-11541.209738602662,-11194.944478929581,-11523.65680391751
2026-02-21 17:12:31,-25287.606041795985,-11431.753914063038,-11118.352989861369,-11431.82288433685,-11370.88764742396,-10786.054210635217
2026-02-21 17:13:01,-24372.991240775224,-10912.476722532589,-11170.08069522036,-10933.960962825022,-11289.088902682943,-10274.294778950272
2026-02-21 17:13:31,-24100.237922830245,-10478.32833350574,-9546.42943346781,-11151.649943105409,-9761.353056791144,-9820.144132960932
2026-02-21 17:14:01,-24204.90361736611,-12774.785337425426,-11601.882823545639,-13121.486947825786,-12477.361288320286,-11211.179695851579
2026-02-21 17:14:31,-27298.068965517243,-11994.275862068966,-11028.724137931034,-11980.724137931034,-10831.48275862069,-10902.689655172413
2026-02-21 17:15:01,-24510.310344827587,-12433.034482758621,-11512.379310344828,-12249.413793103447,-12063.344827586207,-10774.241379310344
2026-02-21 17:15:31,-23802.889754819127,-10808.64857408876,-10509.431359702057,-10800.613814269456,-10752.888030621743,-10382.909755508808
2026-02-21 17:16:01,-25307.230785145337,-11093.720906175648,-11458.708320402744,-11356.056687700422,-11645.357056653218,-10577.497327678355
2026-02-21 17:16:31,-31262.526294010135,-15825.993999793094,-14367.771302458703,-15279.009621021412,-14287.423704265662,-14300.768992034205
2026-02-21 17:17:01,-34538.46684368426,-13900.168971343837,-12420.462774578433,-12646.642987689229,-12533.742542846303,-11832.373530121728
2026-02-21 17:17:31,-35020.10414152212,-12559.777923376667,-12442.842856650228,-13533.777026794025,-13127.176799199971,-11849.925859512396
2026-02-21 17:18:01,-38336.494361874546,-14638.711679713091,-14597.572330080346,-14164.729818269594,-13634.84947756819,-12960.481395910201
2026-02-21 17:18:31,-37840.86755629116,-11060.446191510637,-10466.15633943657,-11526.533567808005,-10718.389021068238,-10373.194027792144
2026-02-21 17:19:01,-36331.73557708886,-12543.329080313113,-11945.584330494154,-11784.509810683125,-12350.943135970205,-11346.59815855719
2026-02-21 17:19:31,-37373.19402779214,-14263.163339195198,-13179.37312506465,-13676.459432433363,-13178.511085824624,-12256.680804110201
2026-02-21 17:20:01,-35653.550367279364,-11365.899920681448,-11511.777080387623,-11077.1803979722,-11331.620512466805,-11024.17491464634
2026-02-21 17:20:31,-37624.323299196585,-10533.257473880212,-10489.81069618289,-11430.19206234268,-10533.947105272233,-9881.176511154788
2026-02-21 17:21:01,-35823.407703713914,-11303.286320217938,-11213.938411669365,-11639.815166040207,-11294.63084933963,-10268.664436704712
2026-02-21 17:21:31,-45981.58620689655,-15700.655172413793,-15364.137931034482,-15287.344827586207,-15100.275862068966,-14601.965517241379
2026-02-21 17:22:01,-52196.48953412186,-10540.915203972549,-9942.58422704231,-10577.537156453669,-10514.879823442187,-10166.660919342045
2026-02-21 17:22:31,-55553.48275862069,-12855.51724137931,-12871.413793103447,-13766.620689655172,-12788,-12175.448275862069
2026-02-21 17:23:01,-60797.46879095111,-12312.849162011174,-12133.285054141666,-13663.183667839163,-12294.709979998623,-11656.803917511554
2026-02-21 17:23:31,-60031.82978136423,-14461.721498034347,-14239.464790675218,-15156.424581005585,-14551.38285398993,-13885.681771156631
2026-02-21 17:24:01,-60203.793103448275,-16999.206896551725,-15508.551724137931,-18296.931034482757,-14698.965517241379,-14973.931034482759
2026-02-21 17:24:31,-52182.58658603629,-13062.877954920286,-14422.691039032436,-14093.011269928533,-14117.200384826829,-12443.031885651457
2026-02-21 17:25:01,-52743.404944998096,-10570.398979275145,-10014.93154936377,-10582.606296768852,-10579.226869892063,-9572.571467981654
2026-02-21 17:25:31,-54753.784091300906,-12445.471158156055,-11075.99213874427,-11690.480295141884,-11713.029686584148,-11006.482088059856
2026-02-21 17:26:01,-54567.773525050856,-12807.730767904553,-12280.369642426122,-12011.999586221164,-11939.89862418537,-11570.669976897347
2026-02-21 17:26:31,-71624.32329919658,-17258.060066894242,-16905.830833419535,-17525.05086031516,-16508.29281748905,-15854.073997448362
2026-02-21 17:27:01,-95357.57387676286,-13512.706458397985,-11778.66280473087,-12425.606013585737,-12353.746422537153,-11723.147477673183
2026-02-21 17:27:31,-88428.93103448275,-14292.48275862069,-14777.103448275862,-15076.448275862069,-14068.206896551725,-13086.103448275862
2026-02-21 17:28:01,-104599.31034482758,-16038.206896551725,-16633.44827586207,-16282.310344827585,-15630.620689655172,-15311.034482758621
2026-02-21 17:28:31,-91770.19104765846,-12177.04669287537,-11656.493551279398,-13212.497413614732,-11990.344161666322,-11202.393268501275
2026-02-21 17:29:01,-92968.796331414,-14980.519256628626,-16134.330931282973,-15174.74054408165,-15249.077681619145,-14682.274247491641
2026-02-21 17:29:31,-86956.79310344828,-10266.896551724138,-9701.655172413793,-10281,-10312.310344827587,-9654.310344827587
2026-02-21 17:30:01,-94800.84833436788,-13200.46210083454,-12438.61645630733,-14820.263466445962,-13240.154493413338,-12569.935857645354
2026-02-21 17:30:31,-96007.2411296162,-11732.043722630253,-10981.897175959448,-11262.128892107168,-11209.785869452777,-10550.739629667942
2026-02-21 17:31:01,-93358.56408841682,-13208.800303458738,-12354.56395048105,-13188.45477430256,-13185.316735059827,-12543.225628469945
2026-02-21 17:31:31,-81275.54222268198,-15197.096651839593,-15049.170718251096,-18087.583186786665,-14611.289265887384,-13995.724285369472
2026-02-21 17:32:01,-15080.408247707055,-12067.719467622923,-11679.47038135301,-12438.762843941797,-12038.652506723674,-11372.560513068065
2026-02-21 17:32:31,-18022.655172413793,-13414.275862068966,-12820.896551724138,-13414.103448275862,-13298.172413793103,-12721.51724137931
2026-02-21 17:33:01,-16207,-10726.965517241379,-10192.103448275862,-11100.896551724138,-10764.413793103447,-10092.172413793103
2026-02-21 17:33:31,-16231.48275862069,-10446.241379310344,-9683.068965517241,-10463.137931034482,-10469.827586206897,-9805.827586206897
2026-02-21 17:34:01,-15529.758620689656,-10858.655172413793,-10638.241379310344,-10766.793103448275,-10688.51724137931,-10031.58620689655
2026-02-21 17:34:31,-16201.827586206897,-10889.931034482759,-10150.827586206897,-10583.827586206897,-10557.896551724138,-9940.655172413793
2026-02-21 17:35:01,-16928.827586206895,-11875.103448275862,-11287.448275862069,-11897.827586206897,-11815.48275862069,-11159.103448275862
2026-02-21 17:35:31,-18256.35366736784,-12598.67581640746,-11729.163074588778,-12736.542639401358,-12574.088761681436,-11989.482395944686
2026-02-21 17:36:01,-16015.99889662782,-10641.335080339288,-10573.719053858355,-10470.036549203503,-10631.439211088891,-10026.377491207504
2026-02-21 17:36:31,-15740.784164971205,-10354.70188627194,-9767.026449187902,-10671.47143004931,-10352.150074140487,-9684.851201765578
2026-02-21 17:37:01,-20161.41379310345,-13682.551724137931,-12764.965517241379,-13627.379310344828,-13182.58620689655,-11993.275862068966
2026-02-21 17:37:31,-19172.689655172413,-11983.689655172413,-11496.51724137931,-12238.275862068966,-12174.48275862069,-12032.827586206897
2026-02-21 17:38:01,-18992.379310344826,-10693.48275862069,-10306.51724137931,-10354.793103448275,-10619.172413793103,-9993.413793103447
2026-02-21 17:38:31,-17571.827586206895,-10299.896551724138,-9777.827586206897,-10648.862068965516,-10320.655172413793,-9728.310344827587
2026-02-21 17:39:01,-19086.310344827587,-11285.655172413793,-10337.241379310344,-10808.241379310344,-10884.689655172413,-10207.51724137931
2026-02-21 17:39:31,-18431,-11088.275862068966,-10458.724137931034,-11929.103448275862,-11033.103448275862,-10334.724137931034
2026-02-21 17:40:01,-20674.907761801314,-12829.488638322815,-12128.133512637494,-12922.72680252405,-12571.221682010964,-11964.070204475705
2026-02-21 17:40:31,-20651.40177247491,-12332.73561157281,-11855.063967723023,-12038.863409083071,-12242.077313010792,-11649.781026931962
2026-02-21 17:41:01,-17724.38881417882,-10459.053136098753,-9939.071066514947,-10887.728009378985,-10494.431226509429,-9778.66280473087
2026-02-21 17:41:31,-19099.037897858543,-10464.671195558467,-9521.88006482982,-10435.63571157626,-10480.292423876685,-9875.754336356425
2026-02-21 17:42:01,-24505.206896551725,-14218.862068965516,-14792.137931034482,-14826.241379310344,-14668.068965517241,-13920.551724137931
2026-02-21 17:42:31,-22949.312092686458,-10402.02061997862,-9838.660735836695,-10376.469776904243,-10395.331195476017,-9742.664046067375
2026-02-21 17:43:01,-23903.41379310345,-11892.206896551725,-10145.827586206897,-11061.068965517241,-10755.275862068966,-9826.137931034482
2026-02-21 17:43:31,-24415.304503758885,-11080.798675770744,-9934.236843920273,-10939.616525277608,-10903.407131526314,-10569.073729222708
2026-02-21 17:44:01,-23932.209234164337,-11421.295817385606,-11777.973173338849,-11342.264059860003,-11421.77855936002,-10762.83576428399
2026-02-21 17:44:31,-27422.1724137931,-13244.310344827585,-12252.344827586207,-13796.758620689656,-13160.310344827585,-12532.137931034482
2026-02-21 17:45:01,-24467.70578295803,-11243.284251181074,-11133.452877685437,-11808.820993827372,-11324.045656746783,-10518.052346632641
2026-02-21 17:45:31,-23853.71909376185,-10791.992827338872,-10091.830752784577,-10999.379288940996,-10600.262078002688,-9996.965412600433
2026-02-21 17:46:01,-23850.241379310344,-10873.58620689655,-10782.896551724138,-11419.103448275862,-11132,-10425
2026-02-21 17:46:31,-23083.896551724138,-11132.103448275862,-10511.58620689655,-10819.655172413793,-10819.103448275862,-10247.655172413793
2026-02-21 17:47:01,-33632.52991276163,-16027.033550567223,-15604.703286093585,-16015.68911416848,-16069.859660011725,-15335.850487914211
2026-02-21 17:47:31,-31063.273680217924,-10400.158615220165,-10136.409089341747,-10633.391952001655,-10443.950208613496,-9815.592565773595
2026-02-21 17:48:01,-34257.724137931036,-10876.827586206897,-10017.379310344828,-11276.51724137931,-10640.206896551725,-9889.413793103447
2026-02-21 17:48:31,-32651.115478776595,-10377.780076549085,-10126.340471018242,-10380.642046825973,-10362.573704355023,-9749.146581152374
2026-02-21 17:49:01,-34023.51724137931,-11078.965517241379,-10484.48275862069,-10474.724137931034,-10800.965517241379,-10078.620689655172
2026-02-21 17:49:31,-32260.80209662402,-10352.35697782682,-9826.131935583984,-10301.11383151143,-10351.012103865649,-9717.67991999724
2026-02-21 17:50:01,-37084.58620689655,-14245.413793103447,-14023.379310344828,-14745.551724137931,-14112,-13477.758620689656
2026-02-21 17:50:31,-34260.74962932312,-11298.334540188269,-10651.563739181407,-11360.470328609357,-11292.645081204095,-10685.700493086444
2026-02-21 17:51:01,-34222.869754129446,-10148.798234421874,-10310.25207765785,-10471.119693782543,-10462.67112659057,-9751.474188765129
2026-02-21 17:51:31,-33259.48275862069,-10970.344827586207,-10765.310344827587,-10236.206896551725,-10697,-9990.931034482759
2026-02-21 17:52:01,-46655.85020173109,-16379.495844684297,-16286.389185833992,-17380.633814959136,-16158.62615952274,-15294.906720921408
2026-02-21 17:52:31,-52807.137931034486,-10320.862068965516,-9841.620689655172,-9971.275862068966,-10352.206896551725,-9709.448275862069
2026-02-21 17:53:01,-51733.15633404593,-10484.311426798153,-9865.492035032066,-10893.28322184677,-10498.413902489483,-9740.466174746569
2026-02-21 17:53:31,-52151.51724137931,-11530,-11046.137931034482,-12120.448275862069,-11550.103448275862,-10883.689655172413
2026-02-21 17:54:01,-55564.10344827586,-10939.103448275862,-11270.58620689655,-11317.448275862069,-11297.620689655172,-10550.379310344828
2026-02-21 17:54:31,-54806.673107446004,-11974.742943896212,-11779.72534676696,-11689.18639155338,-11626.009247118902,-10597.508798564628
2026-02-21 17:55:01,-54817.36103931907,-10926.978875908888,-10282.64240669906,-10925.94507047107,-10927.874840621662,-10616.492642751302
2026-02-21 17:55:31,-52818.1724137931,-11761.827586206897,-10754.827586206897,-10833.103448275862,-11193.965517241379,-10592.862068965516
2026-02-21 17:56:01,-54327.9423428394,-13691.506603675987,-13074.519811027965,-14896.617124728436,-12924.100831063139,-12018.93168729956
2026-02-21 17:56:31,-52354.78086962518,-9935.691872694044,-9828.385228095582,-10049.998275921518,-10385.88324540533,-10046.619082100617
2026-02-21 17:57:01,-73534.50118969618,-16588.089244456703,-14803.062174557741,-15775.061209007205,-15756.922652505256,-15078.485465016032
2026-02-21 17:57:31,-90320.67859728973,-12863.315058101443,-13190.096893210577,-13047.860418606253,-12191.993379538635,-11548.946588048686
2026-02-21 17:58:01,-99880,-12046.344827586207,-12511.379310344828,-12137.58620689655,-12068.896551724138,-10994.827586206897
2026-02-21 17:58:31,-89001.48270749283,-12788.834867763178,-11341.643391607184,-12228.99210372056,-11403.365401193061,-11079.583462639219
2026-02-21 17:59:01,-97937.7952484397,-17894.417433881586,-16606.737698700043,-15898.693148512119,-16461.122030274815,-15793.593324368123
2026-02-21 17:59:31,-101473.12161649599,-14329.609323816421,-14506.396331160995,-15986.000482741976,-14389.296920795836,-13811.558222130272
2026-02-21 18:00:01,-92693.85017541447,-17020.121070372155,-15997.21400564078,-17192.749535667608,-15988.649652610582,-14837.89640228383
2026-02-21 18:00:31,-98517.25802558534,-17620.426881831663,-18349.746560463434,-19934.036757353195,-17493.74159511741,-17291.02444743285
2026-02-21 18:01:01,-92573.37425005173,-12829.184194193504,-13025.067236742294,-12986.897455347907,-12874.905178953177,-12070.581339217986
2026-02-21 18:01:31,-93979.79310344828,-13059.620689655172,-11842.793103448275,-12111.275862068966,-12001.827586206897,-10970.448275862069
2026-02-21 18:02:01,-64559.6013930554,-14540.015861522015,-12865.48739698631,-13576.01462018551,-13524.568118340745,-13268.43901934416
2026-02-21 18:02:31,-11540.15378780042,-10535.119478638666,-10000.586186683217,-10127.857660080686,-10499.844832936795,-9865.901175821522
2026-02-21 18:03:01,-11562.532326471503,-10787.421123409538,-10093.651943036448,-12866.866659770354,-10738.974518120065,-10023.412985759112
2026-02-21 18:03:31,-20487.1724137931,-14353.655172413793,-13127.241379310344,-14850.310344827585,-14182.137931034482,-13685.655172413793
2026-02-21 18:04:01,-15870.763077135269,-10906.072204406742,-11236.991827868003,-11114.961553049894,-10911.175476707698,-9866.14254680873
2026-02-21 18:04:31,-15226.068965517241,-10413.379310344828,-9861,-10378.275862068966,-9966.241379310344,-10115.448275862069
2026-02-21 18:05:01,-15747.922342149726,-10439.46342977344,-9807.131280388978,-10130.487258181316,-10851.4776371599,-9741.129004448429
2026-02-21 18:05:31,-16181.166166683908,-10465.363263335748,-9900.210337574566,-10940.7606634254,-10465.535671183754,-9841.833040239993
2026-02-21 18:06:01,-15808.006620461361,-10534.671218233852,-9888.348677631804,-10536.56770456191,-10516.395986345296,-9468.811420295851
2026-02-21 18:06:31,-16446.210606165092,-11783.152886007862,-11107.992552237778,-12098.234604510035,-11580.097924281084,-11347.838080132406
2026-02-21 18:07:01,-19389.30455470124,-13558.700824052687,-12482.157018239493,-13754.88742543875,-13329.172844188533,-12647.484742957626
2026-02-21 18:07:31,-16443.570911347884,-11383.469535533259,-11668.597634564327,-11149.167270094136,-11178.200751698218,-10592.70369987242
2026-02-21 18:08:01,-17717.96551724138,-11492.448275862069,-10857.689655172413,-11519.51724137931,-10627.379310344828,-10749.655172413793
2026-02-21 18:08:31,-22474.44827586207,-14161.620689655172,-13594.48275862069,-13702.448275862069,-14845.758620689656,-13471.51724137931
2026-02-21 18:09:01,-18385.090169304505,-10766.008068687286,-10489.534843626081,-11193.579531740283,-10772.145788076272,-10044.239853798144
2026-02-21 18:09:31,-18390.124478466256,-10961.690976173235,-10616.80631702355,-11522.188890038273,-10919.175200855141,-10315.575324988793
2026-02-21 18:10:01,-19172.143867029896,-10782.992516983342,-9914.307389909996,-10796.924031863166,-10756.164005655366,-10056.208834787405
2026-02-21 18:10:31,-19072.068965517243,-11862.689655172413,-11335.413793103447,-11728.206896551725,-11503.48275862069,-10849.51724137931
2026-02-21 18:11:01,-18885.70147915733,-11065.26911009206,-10681.274350929216,-11171.63741681895,-11109.850705099474,-9989.17353377237
2026-02-21 18:11:31,-17955.794627771455,-11536.084962587496,-10902.796455294643,-11230.474811213406,-11180.028274887072,-11035.378090410673
2026-02-21 18:12:01,-19215.972964584984,-10632.47008517535,-10000.03448394772,-10641.953170798992,-10638.435808131313,-9897.168867891995
2026-02-21 18:12:31,-18299.437950415504,-10512.878866245992,-9996.207027343886,-10499.672425088791,-10479.983448846593,-9410.606530809284
2026-02-21 18:13:01,-20175.310344827587,-11545.551724137931,-9707.862068965516,-11569.724137931034,-11549.448275862069,-11283.103448275862
2026-02-21 18:13:31,-26004.482449486244,-13353.492862561203,-14392.041928142888,-13525.3430797876,-13318.219433142542,-12711.812978415282
2026-02-21 18:14:01,-24750.870659632423,-11177.235267749387,-10291.231336850453,-10970.552739560704,-10907.761801317194,-9861.487534912589
2026-02-21 18:14:31,-23182.55172413793,-10893.068965517241,-10359.51724137931,-11135.103448275862,-10405.58620689655,-10641.034482758621
2026-02-21 18:15:01,-24843.936415985652,-11241.060653080927,-10806.075652563703,-11258.404882590254,-11661.2530602393,-10155.891176166338
2026-02-21 18:15:31,-24939.27795593255,-12044.13640908934,-11549.877590427915,-11959.484155718766,-11999.41381331678,-11764.973621599254
2026-02-21 18:16:01,-25133.58620689655,-12111.310344827585,-11787.413793103447,-12716.48275862069,-11854.58620689655,-10791.931034482759
2026-02-21 18:16:31,-25024.895693251954,-11859.763456432536,-11385.84876383573,-11913.313334022963,-11817.695941519256,-11614.633978138683
2026-02-21 18:17:01,-23121.379310344826,-11569.034482758621,-10743.344827586207,-11394.103448275862,-11059,-10673.862068965516
2026-02-21 18:17:31,-27783.509776199175,-13109.107210593467,-13046.55332942515,-13312.734921893856,-13042.10490016897,-12663.850477602675
2026-02-21 18:18:01,-27933.57946311504,-12502.691325650405,-9684.976882202747,-12605.686288040853,-12566.800082810021,-11870.505831205577
2026-02-21 18:18:31,-36449.37232721755,-12313.836391226376,-14008.656366395366,-11985.894606152573,-12256.17326527797,-11678.403917781763
2026-02-21 18:19:01,-34231.862068965514,-11439.758620689656,-10437.689655172413,-11776.448275862069,-11096.965517241379,-10357.103448275862
2026-02-21 18:19:31,-33135.645817529825,-11662.988759395905,-10759.12006068547,-11589.511068202193,-11257.671884697607,-10651.575753396319
2026-02-21 18:20:01,-35331.528860078615,-11575.201710226882,-10573.615612716365,-11266.70574443142,-10907.454658299428,-10475.760292393628
2026-02-21 18:20:31,-34630.862068965514,-10982.068965517241,-10119.58620689655,-10647.58620689655,-10920.58620689655,-9989.862068965516
2026-02-21 18:21:01,-34167.9252439571,-12414.15813247819,-12212.647839729663,-13302.196475983585,-12418.261439260714,-11607.841108927278
2026-02-21 18:21:31,-37024.38099179254,-11226.015587281881,-10381.026277674322,-10878.922684323057,-10863.0595213463,-10221.532519484103
2026-02-21 18:22:01,-32010.92990380306,-10905.630452022206,-10649.208702548014,-10930.593386891012,-10910.043788573597,-10190.60097231321
2026-02-21 18:22:31,-36770.00793076101,-12668.701079273127,-11515.913244370882,-11690.941691665803,-11961.139271059617,-11381.6075307748
2026-02-21 18:23:01,-36379.89655172414,-15524.896551724138,-14659.034482758621,-16713.58620689655,-14577.931034482759,-13718.241379310344
2026-02-21 18:23:31,-60477.620689655174,-12463.241379310344,-11044.241379310344,-11689.379310344828,-12335.413793103447,-11853.931034482759
2026-02-21 18:24:01,-51391.77213007344,-11475.430187247835,-12161.798682713195,-11899.306872650779,-11466.222973205971,-10726.611262457325
2026-02-21 18:24:31,-59914.00296541498,-11327.885245336367,-10842.1088927968,-11377.159408296264,-11285.57635943588,-10701.493051963724
2026-02-21 18:25:01,-56216.386771957645,-17230.732094210143,-17247.42232490775,-20134.108072692157,-16940.618642022135,-16275.319838615122
2026-02-21 18:25:31,-58764.07710078963,-12580.56618737285,-11694.38984862591,-12112.685769456226,-12176.890452053378,-11499.741388227993
2026-02-21 18:26:01,-55090.10655539845,-11321.217973033552,-11755.232939066862,-11355.701920755886,-11295.80330356219,-10597.537846132624
2026-02-21 18:26:31,-54584.3448275862,-11752.689655172413,-11302.206896551725,-11805.172413793103,-11745.413793103447,-11136.068965517241
2026-02-21 18:27:01,-57918.07744026481,-13619.48763920974,-11653.759955866635,-11895.390132055307,-12183.4293004172,-11403.406544150606
2026-02-21 18:27:31,-52176.31034482759,-11189.758620689656,-10675.103448275862,-11770.58620689655,-11243.379310344828,-10579.758620689656
2026-02-21 18:28:01,-61576.8275862069,-16572.827586206895,-15893.724137931034,-17657.137931034482,-15727.724137931034,-15028.620689655172
2026-02-21 18:28:31,-101578.0544156695,-10911.927997517154,-10014.690161729714,-10078.554432911478,-11312.700437946134,-10704.713955653642
2026-02-21 18:29:01,-92825.48877624908,-15421.813040929621,-17724.14744319161,-17158.580738595218,-15406.675631874761,-14711.734078135234
2026-02-21 18:29:31,-94289.7486293576,-15386.779766214957,-13859.073825040514,-13870.280335160855,-14411.813385745318,-13770.938933140234
2026-02-21 18:30:01,-89393.31034482758,-10503.379310344828,-9866.51724137931,-10486.172413793103,-10500.58620689655,-9774.862068965516
2026-02-21 18:30:31,-89671.02268809048,-10362.492241914351,-9884.249362112958,-10387.387076753328,-10404.110061375079,-9784.118336666437
2026-02-21 18:31:01,-100279.24137931035,-12874.413793103447,-13385.172413793103,-13034.58620689655,-12893.275862068966,-12177.379310344828
2026-02-21 18:31:31,-92936.17681539204,-11182.4012137094,-10217.536721605407,-11791.497138128405,-11208.054616922971,-10570.960623405283
2026-02-21 18:32:01,-93691.05578925592,-11954.347976001656,-11563.168057375355,-12069.064202468795,-12058.375284463142,-11326.322322598442
2026-02-21 18:32:31,-89194.2346815627,-10394.296748387986,-10205.544636391847,-10374.159511740972,-10396.365642564047,-9754.249853453328
2026-02-21 18:33:01,-92255.09465190854,-12078.34212613358,-12439.295196717354,-12073.72159580704,-12047.550084479844,-11371.228578324884
2026-02-21 18:33:31,-16277.285423635296,-12722.231801096588,-11079.726887134038,-12045.553294941203,-11629.573433566673,-10980.551053484602
2026-02-21 18:34:01,-23811.040998586253,-13280.817902830935,-12614.87534912589,-13661.977173200923,-13217.50974104341,-12590.048619013136
2026-02-21 18:34:31,-21350.60859970346,-11123.512982310956,-10267.783869521742,-11131.202372331989,-10804.799834488467,-9760.973759525534
2026-02-21 18:35:01,-21648.506999517274,-10887.662919798635,-10525.239638645611,-10910.454451417145,-10878.835942348804,-10635.818219433142
2026-02-21 18:35:31,-21508.775559463465,-11852.867142512327,-10717.389055549807,-10838.798662115098,-11210.406537705596,-10618.116616668389
2026-02-21 18:36:01,-20957.724137931033,-10459,-9437.58620689655,-10860.793103448275,-10440.034482758621,-9744.448275862069
2026-02-21 18:36:31,-21230.2679217958,-10384.469501051686,-10641.977862832315,-10824.488810730663,-10757.146305299815,-10200.441364090892
2026-02-21 18:37:01,-20759.990345826296,-11341.792228390168,-10277.695410819571,-11245.664241630178,-10893.838568423958,-10206.840671654658
2026-02-21 18:37:31,-21883.239106453395,-11530.370932156648,-10678.123276337563,-11132.411748483179,-11155.405405405407,-10587.18284611142
2026-02-21 18:38:01,-22358.366362226436,-11355.436843012236,-10999.483026021024,-12051.731862829572,-10976.046872307428,-10580.21712907117
2026-02-21 18:38:31,-26032.20467553962,-12522.688090476518,-12391.283359768293,-12923.005309978622,-12871.698503551479,-11908.144265912697
2026-02-21 18:39:01,-24461.60477224923,-13358.056618737284,-12715.49256922175,-14156.408399710353,-13180.890314127097,-12611.185821178578
2026-02-21 18:39:31,-22272.68025240509,-10843.177821454434,-10752.28440398607,-11569.290714113307,-10866.41839936554,-10317.989034860868
2026-02-21 18:40:01,-20181.316597124034,-11378.392358357183,-10323.735301217283,-11295.699851719024,-11026.966447118864,-10305.803648401668
2026-02-21 18:40:31,-21726.053375629268,-10963.692159161437,-10096.26922281222,-10649.300048272533,-10656.196124405215,-10018.309082132268
2026-02-21 18:41:01,-22903.858753750126,-10446.360219317907,-10120.624849132728,-10482.982171799025,-10455.739853098381,-9731.542466981618
2026-02-21 18:41:31,-20765.93910554808,-10496.500120685492,-9888.590048619011,-10485.362573704353,-10350.781007551463,-9843.108858315229
2026-02-21 18:42:01,-21933.758620689656,-11469.034482758621,-10804.413793103447,-12422.137931034482,-11471.896551724138,-10718.896551724138
2026-02-21 18:42:31,-21647.93297245113,-10813.467572320105,-11199.393166224185,-10934.31713960625,-10874.84053373789,-10233.596524497467
2026-02-21 18:43:01,-21568,-11619.931034482759,-10719.724137931034,-11212.310344827587,-11317.448275862069,-10664.551724137931
2026-02-21 18:43:31,-24670.16067857389,-12537.445693400456,-11930.453072201917,-13539.859320046893,-12474.518998689746,-11852.286049237984
2026-02-21 18:44:01,-26829.419675183617,-13196.234612599566,-12702.561980621358,-13309.81690286542,-13187.579738629704,-12453.949863797801
2026-02-21 18:44:31,-25536.533222992308,-11265.646012206475,-11015.068445915656,-11600.04827419744,-11270.645839798626,-10577.221475121547
2026-02-21 18:45:01,-23187.711192331564,-10569.995172746707,-9994.758982139163,-10575.753396317496,-10569.271084752776,-9864.388662850839
2026-02-21 18:45:31,-22563.58620689655,-11138.034482758621,-9747.448275862069,-10334.896551724138,-10322.620689655172,-9640.51724137931
2026-02-21 18:46:01,-26830.316195993244,-12309.989310713425,-11608.737629736906,-12216.716664942589,-11737.422847488018,-11042.653701596497
2026-02-21 18:46:31,-23655.48275862069,-10634.51724137931,-10073.758620689656,-11052.551724137931,-10621.206896551725,-9926.862068965516
2026-02-21 18:47:01,-24618.57802910144,-11477.415350665471,-10542.169505551341,-11389.766223019102,-11100.234466588512,-10423.763878353217
2026-02-21 18:47:31,-24282.068965517243,-10357,-9761,-10344.275862068966,-10345.344827586207,-9643.413793103447
2026-02-21 18:48:01,-23851.03448275862,-11020.241379310344,-10460.689655172413,-11449.827586206897,-10989.758620689656,-10311.48275862069
2026-02-21 18:48:31,-30735.990896237796,-13983.34425325011,-13153.832890789336,-13785.061553846683,-13483.947722335251,-12738.025449153418
2026-02-21 18:49:01,-34567.68965517241,-12204.689655172413,-11127.551724137931,-11773.862068965516,-11945.793103448275,-11298.275862068966
2026-02-21 18:49:31,-36177.03448275862,-10725.862068965516,-10108.172413793103,-10733.172413793103,-10704.620689655172,-10051.379310344828
2026-02-21 18:50:01,-36587.26984345907,-12069.650368940074,-10644.30039307634,-11581.787462933591,-10933.41838493897,-10542.341907454658
2026-02-21 18:50:31,-34863.97020792386,-10892.934726388745,-10128.926588738319,-10877.280093789868,-10711.803041274437,-10014.48225923244
2026-02-21 18:51:01,-35280.724137931036,-11352.241379310344,-11548.827586206897,-11284.068965517241,-11222.689655172413,-10667.241379310344
2026-02-21 18:51:31,-37361.05651529258,-12875.31464432261,-12377.780076549085,-13006.172200958588,-12430.364470190683,-11742.73300920658
2026-02-21 18:52:01,-36515.43050239646,-13502.913692631288,-11516.878728319713,-13119.616564946034,-11976.449087962483,-11338.057308368676
2026-02-21 18:52:31,-34934.58846246681,-12625.461190993412,-11720.388952105099,-12666.45977724906,-11581.255818764868,-10910.24447432847
2026-02-21 18:53:01,-34366.19426916313,-11714.285714285714,-10867.073549187959,-12809.834143650218,-11345.126030136891,-10801.179269680355
2026-02-21 18:53:31,-39324.17146601372,-14710.970100355209,-13468.220850432803,-14269.062316791391,-14074.973273097217,-13361.58912990999
2026-02-21 18:54:01,-58017.85960557164,-14333.160943318162,-15220.693697421044,-13708.28161632878,-13603.192663080954,-12984.588332643772
2026-02-21 18:54:31,-56495.758913178404,-12932.315012757741,-12711.916419557272,-13480.070339976553,-12551.27232604648,-11567.960830287568
2026-02-21 18:55:01,-58136.1724137931,-13227,-13143.344827586207,-12930.931034482759,-12911.862068965516,-12558.827586206897
2026-02-21 18:55:31,-59601.53771893532,-15103.778789132533,-15447.14522134878,-14497.689973796718,-14541.270169631774,-13649.910357192111
2026-02-21 18:56:01,-55892.900244819146,-11834.798800041379,-11385.77980069653,-12018.482121306162,-11945.105341195132,-11281.093755387747
2026-02-21 18:56:31,-56844.798455225675,-15046.584600531014,-13539.18830385159,-13212.027171476844,-12748.698320747559,-12499.293127823177
2026-02-21 18:57:01,-57534.93103448276,-15428.931034482759,-13908,-13734.551724137931,-13752.51724137931,-12818.103448275862
2026-02-21 18:57:31,-59442.96551724138,-15449.275862068966,-14873.103448275862,-15499.793103448275,-14513.758620689656,-13908.58620689655
2026-02-21 18:58:01,-58516.77297017755,-15012.825374935355,-12762.24788829512,-13373.245992070331,-13331.908291673848,-12727.288398551973
2026-02-21 18:58:31,-64399.579353859954,-17126.71102989346,-18092.128400510293,-19017.30855428749,-17240.90611316071,-16619.901389511433
2026-02-21 18:59:01,-92289.6551724138,-13838.413793103447,-13327.103448275862,-16293.103448275862,-13807.068965517241,-13192.379310344828
2026-02-21 18:59:31,-96791.1595352205,-13989.863117608525,-13422.197703685828,-14676.998931145055,-14003.792711098853,-13311.485018791162
2026-02-21 19:00:01,-93208.57901451673,-13247.819040722732,-14195.958760042755,-13289.714147788005,-13103.65159822075,-12528.843832971275
2026-02-21 19:00:31,-93747.91393696987,-10412.075029308324,-9818.322874284533,-10437.831873663885,-10448.072546720916,-9789.531756430591
2026-02-21 19:01:01,-94999.37928894098,-12755.853650125864,-12277.595779164798,-14454.8432704576,-12730.404496706782,-12080.692437670263
2026-02-21 19:01:31,-97378.04751887995,-13239.939308252007,-12743.50839684127,-13360.081382116623,-13196.282630435531,-12617.297148177522
2026-02-21 19:02:01,-97563.89655172413,-18357.862068965518,-17444.275862068964,-16428.44827586207,-16263.413793103447,-15622.034482758621
2026-02-21 19:02:31,-93450.41379310345,-15675,-13496.965517241379,-14020.758620689656,-13955.206896551725,-13333.551724137931
2026-02-21 19:03:01,-88267.50801696494,-10578.117995931176,-9938.071100996518,-10591.669252784388,-10545.222578531775,-9867.69421744078
2026-02-21 19:03:31,-86028.72413793103,-14424.275862068966,-12417.103448275862,-13034.034482758621,-13028.58620689655,-12425.793103448275
2026-02-21 19:04:01,-11519.758620689656,-10763.344827586207,-10113.931034482759,-12300.827586206897,-10696,-10031.103448275862
2026-02-21 19:04:31,-21614.310344827587,-15376.931034482759,-14956.379310344828,-15193.931034482759,-15019.551724137931,-14576.862068965516
2026-02-21 19:05:01,-17408.862068965518,-11635.310344827585,-10816.58620689655,-11956.310344827585,-11459.068965517241,-10754
2026-02-21 19:05:31,-16349.643115754627,-10668.907968690733,-10218.026964587427,-10173.994000206889,-10482.086824592254,-9871.41822695769
2026-02-21 19:06:01,-16388.862068965518,-11403.172413793103,-9928.48275862069,-10575.068965517241,-10638.034482758621,-9934.413793103447
2026-02-21 19:06:31,-15854.59122099238,-10478.362815075343,-10533.326437019414,-11060.584117789043,-10565.221888900383,-9958.035929795526
2026-02-21 19:07:01,-15795.793103448275,-10518.172413793103,-9830.413793103447,-10503.172413793103,-10459.48275862069,-9762.448275862069
2026-02-21 19:07:31,-16249.853453329193,-10968.345919106236,-9953.69125202579,-10524.08537636633,-10496.362194407087,-9882.866108065238
2026-02-21 19:08:01,-19673.08023861246,-10600.737905589462,-9932.31267887314,-10771.835453949863,-10634.667770076892,-9899.69311403055
2026-02-21 19:08:31,-15844.832936795285,-10406.848039722769,-10119.271749250027,-10403.089548636255,-10393.503672287163,-9802.386124616394
2026-02-21 19:09:01,-15526.29401013828,-10552.225938825475,-10115.003965653987,-10573.70943825649,-10557.122659402046,-9804.544984309803
2026-02-21 19:09:31,-24265.310344827587,-15434.413793103447,-15213.931034482759,-15474.965517241379,-15422.931034482759,-14874.862068965516
2026-02-21 19:10:01,-18630,-10683.551724137931,-10040.931034482759,-10942.206896551725,-10673.931034482759,-9955.827586206897
2026-02-21 19:10:31,-18135.61601324092,-10836.798731078237,-10044.515706354952,-10847.901796489776,-10605.082583359193,-9992.276128409365
2026-02-21 19:11:01,-18418.537291817524,-10541.981310989277,-9901.58960035861,-10767.111478914521,-10501.086169442435,-9808.972104410193
2026-02-21 19:11:31,-18381.676493914,-10520.706182545428,-9972.138891762352,-10524.602599910346,-10508.465225337057,-9905.210165166718
2026-02-21 19:12:01,-19307.827586206895,-10596.448275862069,-10161.655172413793,-10818.48275862069,-10591.068965517241,-9859.172413793103
2026-02-21 19:12:31,-22393.227819730353,-10883.141960622046,-10346.608737629736,-11051.101686148751,-10636.736664252956,-10044.032964380538
2026-02-21 19:13:01,-19091.783608592217,-10567.044788470159,-9917.939523497571,-10708.961141950835,-10559.321449505225,-9846.533117263732
2026-02-21 19:13:31,-18360.51724137931,-10644.689655172413,-10367.620689655172,-10526.310344827587,-10510.758620689656,-9901.655172413793
2026-02-21 19:14:01,-18885.27981793731,-10725.35429812765,-10033.067825247404,-10567.394227785247,-10547.601806834246,-9869.073480224819
2026-02-21 19:14:31,-28805.317058032477,-15839.350367228715,-15652.115444295023,-16824.66121857867,-15917.899382779902,-15320.678597289747
2026-02-21 19:15:01,-24941.96551724138,-12088.068965517241,-10832.379310344828,-11737.51724137931,-11459.655172413793,-10645.068965517241
2026-02-21 19:15:31,-23548.858699400043,-11020.481346114062,-10037.204330735813,-11223.536307840839,-10741.604027308462,-9992.655678918696
2026-02-21 19:16:01,-25246.7156304955,-12039.20554463639,-11205.096375987034,-12192.234750525842,-11431.881659253128,-10210.165166718387
2026-02-21 19:16:31,-27334.919485534978,-10972.44922588876,-10060.377228371433,-11389.124512947828,-11044.515706354952,-9949.139684838452
2026-02-21 19:17:01,-24472.326631952823,-10515.948825821579,-10141.315217766129,-10523.36287458188,-10594.296355046725,-9898.410290009999
2026-02-21 19:17:31,-23480.293782973,-10425.537050446535,-9882.693700217233,-10470.4665356367,-10468.156270473432,-9793.282990241714
2026-02-21 19:18:01,-22970.2768870039,-10523.361263404711,-10259.8186269439,-10471.776835281544,-10495.086376331852,-9796.075997379401
2026-02-21 19:18:31,-24903.695253897473,-11229.907705071035,-10055.169553043657,-10687.130561028725,-10576.445781050157,-9957.793217878254
2026-02-21 19:19:01,-23033.48160408262,-10430.157580773077,-9758.387641805455,-10351.091341677875,-10430.157580773077,-9700.562049584498
2026-02-21 19:19:31,-41551.51724137931,-15970.48275862069,-15884.48275862069,-16364.58620689655,-15679.862068965516,-14811.137931034482
2026-02-21 19:20:01,-35201.213834959824,-11234.456360564156,-10087.00300010345,-11415.152246629192,-10768.923066312629,-10002.793199765507
2026-02-21 19:20:31,-35104.78949001759,-12874.900865487398,-11423.05437743526,-11667.42526119789,-10949.31209268646,-10399.020723423331
2026-02-21 19:21:01,-35481.724137931036,-10533.551724137931,-9905.103448275862,-10906.275862068966,-10955.344827586207,-9859.689655172413
2026-02-21 19:21:31,-33555.260526225036,-11416.807476119864,-10307.148522362839,-11609.503775992274,-10684.471878340632,-10045.07051967309
2026-02-21 19:22:01,-33417.03448275862,-10019.896551724138,-9381.689655172413,-10367.51724137931,-10042.965517241379,-9313.620689655172
2026-02-21 19:22:31,-33803.31034482759,-10299.413793103447,-9704.965517241379,-9952.793103448275,-10281.862068965516,-9638.379310344828
2026-02-21 19:23:01,-35878.620689655174,-10703.379310344828,-10220.931034482759,-10671.172413793103,-10656.758620689656,-10035.551724137931
2026-02-21 19:23:31,-33473.03448275862,-10397.931034482759,-9883.551724137931,-10409.724137931034,-10363.931034482759,-9703.965517241379
2026-02-21 19:24:01,-37564.96551724138,-10815.862068965516,-10182.344827586207,-10848.58620689655,-10690.758620689656,-10085.758620689656
2026-02-21 19:24:31,-62691.48275862069,-16915.862068965518,-15709.275862068966,-16162.655172413793,-16113.344827586207,-15699.241379310344
2026-02-21 19:25:01,-56450.137931034486,-11613.241379310344,-10656.793103448275,-11674.448275862069,-11575.068965517241,-10177.620689655172
2026-02-21 19:25:31,-52778.75862068965,-11328.379310344828,-10566.206896551725,-12195.103448275862,-11139.758620689656,-10359.827586206897
2026-02-21 19:26:01,-54437.137931034486,-11666.379310344828,-12572.689655172413,-11572.827586206897,-11742.48275862069,-11103.655172413793
2026-02-21 19:26:31,-55186.620689655174,-12168.137931034482,-10272.206896551725,-11356.620689655172,-11330.206896551725,-10259.034482758621
2026-02-21 19:27:01,-52556.71276338932,-12422.836845190881,-10158.706073042038,-12409.042314722212,-11104.11421871228,-10047.03934889816
2026-02-21 19:27:31,-54592.109800675906,-12873.060211049038,-10895.027243258155,-12026.588040554521,-11452.99675839713,-9960.549003379543
2026-02-21 19:28:01,-57935.97434836574,-11159.39180802648,-10175.699903461591,-11683.14715211695,-10818.12853399531,-10083.953937387945
2026-02-21 19:28:31,-55688.56246336333,-11274.093996758731,-11926.243922623356,-11134.616047722491,-11132.098893141614,-10466.570118271782
2026-02-21 19:29:01,-54867.24137931034,-10552.965517241379,-9950.103448275862,-10562.724137931034,-10549.103448275862,-9861.620689655172
2026-02-21 19:29:31,-93576.32495431192,-16338.298679355883,-17934.3470914796,-16925.485328092134,-15318.713147822487,-14764.801213751249
2026-02-21 19:30:01,-96361.8180564177,-16147.941237326715,-13805.74522380854,-20285.674874129254,-16190.357955721087,-12865.74936202497
2026-02-21 19:30:31,-94285.22170884768,-16450.45169298669,-20619.16419557272,-18383.628715261017,-16923.798358733882,-14835.942348803532
2026-02-21 19:31:01,-92947.8983483328,-14258.956587703871,-11973.173338850384,-12594.324333643666,-12569.359677252507,-11086.617702837832
2026-02-21 19:31:31,-97949.3448275862,-13229,-12711.620689655172,-14951.344827586207,-13296.655172413793,-10990.310344827587
2026-02-21 19:32:01,-97031.79310344828,-15614.068965517241,-12048.206896551725,-12497.103448275862,-12660.862068965516,-11925.793103448275
2026-02-21 19:32:31,-92122.89231405813,-14868.763146098408,-12080.514465018447,-14873.521602703353,-13383.917795938069,-11890.245163959862
2026-02-21 19:33:01,-93047.41706324574,-10572.90157941927,-9960.204152010483,-10585.867990895924,-10543.830609007517,-9884.785157597076
2026-02-21 19:33:31,-96809.20689655172,-12421.068965517241,-13554.48275862069,-12414.758620689656,-12440,-10983.241379310344
2026-02-21 19:34:01,-96205.04155315699,-12321.35590882444,-10490.775543984273,-12762.302148349941,-12298.630987275421,-10108.520983482187
2026-02-21 19:34:31,-17127.823178511084,-10469.673459535878,-9848.556946312196,-10468.570049308642,-10455.018792455432,-9825.488776249094
2026-02-21 19:35:01,-16455.689655172413,-13490.655172413793,-11720.862068965516,-11956.965517241379,-11810.758620689656,-11152.068965517241
2026-02-21 19:35:31,-17378.827586206895,-12001.896551724138,-11399.58620689655,-11670.034482758621,-11712.551724137931,-11171.620689655172
2026-02-21 19:36:01,-16087.476725743052,-11170.4365216192,-10759.844148679402,-11150.817185021722,-10974.725880973727,-10246.155437556032
2026-02-21 19:36:31,-17154.689655172413,-12080.58620689655,-11817.51724137931,-12249.620689655172,-11998.58620689655,-11453
2026-02-21 19:37:01,-17080.931034482757,-11829.793103448275,-10991.620689655172,-11829.137931034482,-11647.413793103447,-10950.931034482759
2026-02-21 19:37:31,-17615.41379310345,-11941.51724137931,-11543.51724137931,-12100.689655172413,-11885.896551724138,-11312.620689655172
2026-02-21 19:38:01,-15664.310344827585,-10638.965517241379,-10139.965517241379,-10674.758620689656,-10654.689655172413,-9921.344827586207
2026-02-21 19:38:31,-16376.507477086348,-10770.139893873613,-10438.046998828475,-10807.14630280477,-10748.742333402246,-10128.661015781132
2026-02-21 19:39:01,-17238.786416135146,-12106.671263575245,-11426.926392001378,-12560.213756248922,-12059.782796069643,-11378.210653335631
2026-02-21 19:39:31,-16735.733250577563,-11352.436122892314,-11396.607013551256,-11320.195855315333,-11343.367470087236,-10735.043619185544
2026-02-21 19:40:01,-22311.44601165638,-14950.443149291306,-14408.662965134325,-14992.826844156292,-14854.571162534055,-14229.403041693968
2026-02-21 19:40:31,-17901.25499931044,-10422.63136119156,-9890.39442835471,-10673.045097227969,-10393.842228658115,-9778.375396497035
2026-02-21 19:41:01,-17890.137931034482,-10498.58620689655,-9862.655172413793,-10680.896551724138,-10542.241379310344,-9800.103448275862
2026-02-21 19:41:31,-18764.241379310344,-10638.620689655172,-10137.379310344828,-10655.103448275862,-10499.241379310344,-9861.793103448275
2026-02-21 19:42:01,-18076.241379310344,-10650.103448275862,-9826.310344827587,-10517.413793103447,-10515.896551724138,-9784.551724137931
2026-02-21 19:42:31,-17856.896551724138,-10439.241379310344,-10046.103448275862,-10400.896551724138,-10444.689655172413,-9822.862068965516
2026-02-21 19:43:01,-18626.793103448275,-10681,-9850.172413793103,-10523.379310344828,-10521.724137931034,-9784.724137931034
2026-02-21 19:43:31,-18290.748594876037,-10530.016206337712,-9854.798110409985,-10401.67580428261,-10361.746146684596,-9770.938933140236
2026-02-21 19:44:01,-18464.55172413793,-10618.827586206897,-9981.655172413793,-10823.965517241379,-10654.034482758621,-9916.793103448275
2026-02-21 19:44:31,-18992.344827586207,-11125.172413793103,-10595.931034482759,-11317.275862068966,-11106.862068965516,-10532.448275862069
2026-02-21 19:45:01,-29438.48700089649,-15934.763119784842,-15236.397489828289,-16434.349355216884,-15849.975863733536,-15086.373353561823
2026-02-21 19:45:31,-23791.206896551725,-11192.551724137931,-10627.448275862069,-11114.48275862069,-10935.310344827587,-10292.172413793103
2026-02-21 19:46:01,-25817.793103448275,-12611.724137931034,-11643.413793103447,-12492.620689655172,-11866.655172413793,-11138.172413793103
2026-02-21 19:46:31,-25146.51724137931,-12927.103448275862,-12282.310344827585,-12663.51724137931,-12843.551724137931,-12293.310344827585
2026-02-21 19:47:01,-23924.41379310345,-11690.896551724138,-10817.655172413793,-11219.862068965516,-11227.068965517241,-10451.827586206897
2026-02-21 19:47:31,-25080.92824385366,-11113.030585152237,-10565.42877831799,-10892.41750284473,-10848.93624357781,-10270.40446881142
2026-02-21 19:48:01,-24927.00251715458,-12548.498327643872,-11633.874693976068,-12791.48994862246,-12282.576462880588,-11573.704355022239
2026-02-21 19:48:31,-26135.59088244422,-11456.119176523327,-10927.100934514981,-11477.11990068623,-11467.878202696644,-10817.5109486534
2026-02-21 19:49:01,-23321.678562808178,-10934.89879659322,-10067.342505430846,-10741.112375435328,-10719.526912865073,-10025.68876935278
2026-02-21 19:49:31,-23553.256784248817,-11841.695113961587,-11091.617530429983,-11675.735319471742,-11372.538877969724,-10782.24888796938
2026-02-21 19:50:01,-36777.48275862069,-14544.48275862069,-14480.310344827585,-14887.068965517241,-14619.51724137931,-13763.655172413793
2026-02-21 19:50:31,-33692.724137931036,-10402.48275862069,-9868.620689655172,-10513.448275862069,-10413.862068965516,-9763.379310344828
2026-02-21 19:51:01,-33545.808765215,-10604.841212371988,-9917.347677666288,-10508.913485741872,-10569.532085100514,-9864.832247163891
2026-02-21 19:51:31,-34632.31034482759,-10827.48275862069,-10004.448275862069,-10644.448275862069,-10532.344827586207,-9887.206896551725
2026-02-21 19:52:01,-33022.48198337988,-12227.854211923728,-11615.323609530707,-11613.909865177064,-11572.187165959795,-10824.040550325852
2026-02-21 19:52:31,-39636.31034482759,-15632.620689655172,-15880.793103448275,-15464.724137931034,-15186.034482758621,-14604.896551724138
2026-02-21 19:53:01,-34116.35285192083,-11774.15683840265,-11791.399406855648,-12099.765501069041,-11745.189323401615,-10949.58272984344
2026-02-21 19:53:31,-34867.142512327155,-12825.937036653908,-11260.266887348711,-12204.64811558222,-11720.871694079513,-11095.824281921312
2026-02-21 19:54:01,-33667.8275862069,-11335.344827586207,-11387.827586206897,-11295,-11273.137931034482,-10546.48275862069
2026-02-21 19:54:31,-32780.773739742086,-10396.007171919178,-9890.317909109717,-10503.482518447005,-10392.869457278808,-9806.634025239639
2026-02-21 19:55:01,-56035.275862068964,-14985.48275862069,-15016,-15301.48275862069,-15251.689655172413,-14578.137931034482
2026-02-21 19:55:31,-52205.448275862065,-10843.758620689656,-9972.793103448275,-10531.793103448275,-10480.137931034482,-9901.965517241379
2026-02-21 19:56:01,-54903.38264197787,-14862.935760835835,-12719.561394434675,-14512.878866245992,-13313.402986103929,-12609.565187407332
2026-02-21 19:56:31,-55577.862068965514,-12699,-11597.137931034482,-12804.172413793103,-12037.965517241379,-11478
2026-02-21 19:57:01,-55877.78888927204,-12087.554743267008,-11809.648608572708,-12660.471050725886,-12084.761543501498,-11652.056967481636
2026-02-21 19:57:31,-54584.620689655174,-12801.068965517241,-12509.51724137931,-13475.206896551725,-12775.448275862069,-11897.034482758621
2026-02-21 19:58:01,-57619.24137931034,-12763.172413793103,-12392.275862068966,-12111.275862068966,-12109.448275862069,-11754.620689655172
2026-02-21 19:58:31,-53552.55172413793,-10860.793103448275,-10371.620689655172,-10944.758620689656,-10842.344827586207,-10257.931034482759
2026-02-21 19:59:01,-53310.47205268783,-10910.141029619666,-10947.932829902416,-10833.281610978931,-10887.314230543772,-10194.372607841107
2026-02-21 19:59:31,-51347.1724137931,-11896.58620689655,-10825.655172413793,-11438.931034482759,-11296.448275862069,-10706.172413793103
2026-02-21 20:00:01,-92939.03868698711,-14834.735535480313,-14509.447624301773,-15388.21460588925,-15038.342183297704,-13880.180677194678
2026-02-21 20:00:31,-93456.13793103448,-11457.068965517241,-11313.965517241379,-13006.689655172413,-11531.379310344828,-11156
2026-02-21 20:01:01,-96850.03965380503,-14889.486569428638,-14244.543291610633,-13486.9142443364,-12808.765214992585,-12227.130098962103
2026-02-21 20:01:31,-92120.30619633805,-11734.078135236714,-10986.310816868383,-11200.717216647701,-11728.04386055653,-11067.308023861246
2026-02-21 20:02:01,-90410.03448275862,-12496.793103448275,-10915.344827586207,-11457.689655172413,-11460.379310344828,-10812.344827586207
2026-02-21 20:02:31,-94909.55484293644,-12039.722768180407,-11517.671804420535,-12157.61525464639,-12067.79076583566,-11421.261335816005
2026-02-21 20:03:01,-91901.69304506741,-13146.443226095653,-11636.633219544156,-12189.614151236165,-12112.685769456226,-11519.361401330989
2026-02-21 20:03:31,-88688.35557394574,-10319.506223923314,-9721.768214889142,-10341.470983759182,-10305.161890969277,-9672.080273094032
2026-02-21 20:04:01,-96218.13793103448,-13709.58620689655,-13161.275862068966,-13892,-14133.655172413793,-13068.620689655172
2026-02-21 20:04:31,-94265.9908279025,-14118.3752284404,-14012.309920347576,-14614.80638598669,-13624.840522740596,-12924.3129547257
2026-02-21 20:05:01,-30297.1724137931,-12562.793103448275,-10986.655172413793,-11544.51724137931,-11552,-10871.793103448275
2026-02-21 20:05:31,-15888.233671287675,-12501.482860886957,-13248.361955996965,-13670.873853369198,-12459.273053314022,-11808.91785640389
2026-02-21 20:06:01,-17923.867319495206,-13170.815805806496,-12268.153920419281,-13171.470933039102,-12807.0477898076,-12197.227777394663
2026-02-21 20:06:31,-15851.132797682676,-10774.061174523258,-10280.837270250697,-10618.917893720472,-10592.296286078828,-9952.550087934065
2026-02-21 20:07:01,-16174.206896551725,-10912.310344827587,-10320.58620689655,-10761.413793103447,-10735.241379310344,-10088.241379310344
2026-02-21 20:07:31,-16082.61784076411,-10722.664735698767,-9971.035481535118,-10553.29126581842,-10573.290576187026,-9918.175235336712
2026-02-21 20:08:01,-15688.241379310344,-10649.206896551725,-10196.931034482759,-10646.448275862069,-10595.206896551725,-9980.896551724138
2026-02-21 20:08:31,-17708.472705955377,-12384.668436842649,-12063.450463809095,-12335.08052001793,-12367.495430876925,-11751.956964033241
2026-02-21 20:09:01,-17535.156384702917,-12218.490292768714,-11820.02827683713,-12398.186144349804,-12158.729611365907,-11482.120073105967
2026-02-21 20:09:31,-16285.197062170271,-11093.858832454054,-10297.438019378644,-11133.754008482467,-10748.00868935554,-10187.78662804731
2026-02-21 20:10:01,-16334.931034482759,-10932.068965517241,-10054.51724137931,-10727.103448275862,-10742.344827586207,-10000.655172413793
2026-02-21 20:10:31,-22161.368181504724,-14561.961244052134,-14078.201503344597,-14794.703813530103,-14307.56499551755,-13778.704916902283
2026-02-21 20:11:01,-18380.1724137931,-11706.103448275862,-10589.344827586207,-11400.103448275862,-11204.172413793103,-10491.51724137931
2026-02-21 20:11:31,-18920.137931034482,-11005.793103448275,-10220.689655172413,-10983.379310344828,-10792.103448275862,-10199.896551724138
2026-02-21 20:12:01,-18754.577744060138,-10659.677919928272,-10151.625918135107,-11188.523742198005,-10634.228766509188,-9957.722680092416
2026-02-21 20:12:31,-19606.737698700043,-11869.245888072825,-11359.29795524292,-12124.06468742457,-11871.694079514498,-11279.576566325297
2026-02-21 20:13:01,-20815.931034482757,-12369.931034482759,-11386.068965517241,-12273.931034482759,-12238.344827586207,-11519.931034482759
2026-02-21 20:13:31,-18591.269567616026,-10549.306944348666,-9936.65954072133,-10528.480794427971,-10522.205365147232,-9942.693607337425
2026-02-21 20:14:01,-20158.78762801283,-11076.376676666323,-10513.154718802802,-11111.513396089791,-11070.963070238959,-10268.163166787353
2026-02-21 20:14:31,-20899.830338284686,-12497.07420103182,-12180.083792112462,-12523.63145320453,-12328.347356393479,-11712.50995464146
2026-02-21 20:15:01,-18874.689655172413,-11065.137931034482,-10410.034482758621,-11114.655172413793,-11093.965517241379,-10369.068965517241
2026-02-21 20:15:31,-26454.636366771265,-14554.191523845648,-14141.591089347907,-14613.538397875787,-14477.947515431564,-13744.818786854717
2026-02-21 20:16:01,-24367.344827586207,-11405.379310344828,-10740.862068965516,-12132.137931034482,-11533.068965517241,-10827.275862068966
2026-02-21 20:16:31,-23682.137931034482,-11064.275862068966,-10771.379310344828,-11564.172413793103,-10959.344827586207,-10353.310344827587
2026-02-21 20:17:01,-26660.59791041688,-13216.440812385777,-12386.848729354158,-13139.098651770628,-12992.414054687768,-12239.543464018481
2026-02-21 20:17:31,-24217.214386702988,-11263.31942480775,-10964.067726473326,-11318.700644849821,-10978.137177144037,-10356.908858926168
2026-02-21 20:18:01,-23560.984861546945,-10871.443842891133,-10215.110865891926,-11399.944825683642,-10838.994448084415,-10125.590537604743
2026-02-21 20:18:31,-24168.660988309937,-10535.190868650641,-10265.52639746198,-10518.46615400531,-10526.776785406391,-9884.789130659676
2026-02-21 20:19:01,-27466.80920031725,-14336.390910031378,-13442.463533225282,-13999.13790130694,-13625.53881168316,-12992.551467291974
2026-02-21 20:19:31,-24141.275862068964,-11065.103448275862,-10553.310344827587,-11557.068965517241,-11030.379310344828,-10451
2026-02-21 20:20:01,-23719.137931034482,-10764.103448275862,-10116.275862068966,-10982.551724137931,-10719.448275862069,-10050.827586206897
2026-02-21 20:20:31,-33302.90699679299,-14692.989413428048,-13752.715610883131,-14403.979447567155,-14280.492430773473,-13540.225525018102
2026-02-21 20:21:01,-35038.24401682874,-11055.865921787708,-10958.962687081867,-11317.918477136354,-10975.446582522933,-10290.640733843713
2026-02-21 20:21:31,-36648.53960481395,-12220.421393841165,-11117.624745680883,-12015.103969102382,-11431.152798372355,-10806.027794061863
2026-02-21 20:22:01,-32997.6895755026,-11291.561777992343,-10505.327769923098,-11506.638159936549,-11267.181626952652,-10548.91547984413
2026-02-21 20:22:31,-37532.052829407905,-13619.021345563639,-12705.645022242144,-13270.767957515774,-13084.761543501498,-12582.468360977962
2026-02-21 20:23:01,-35088.48275862069,-11867.655172413793,-12234,-11826.034482758621,-11774.206896551725,-11072.931034482759
2026-02-21 20:23:31,-33377.66819545501,-10412.565950550017,-9883.099417221281,-10468.912721128314,-10408.255457084726,-9783.164936721954
2026-02-21 20:24:01,-37151.38453050105,-13044.725680195867,-13089.485844339459,-13057.726128487187,-12657.539915169487,-11931.997655091553
2026-02-21 20:24:31,-33744.292709842055,-10460.82488447479,-9927.822608455755,-10521.484240292433,-10458.307469480653,-9831.505621077315
2026-02-21 20:25:01,-35722.275862068964,-12767.620689655172,-12126.344827586207,-12993.827586206897,-12692.275862068966,-11950.862068965516
2026-02-21 20:25:31,-48614.641884202894,-14838.787544398081,-14414.048760302077,-15005.517431635571,-14617.504051863856,-13889.306527811303
2026-02-21 20:26:01,-57042.93103448276,-11000.137931034482,-11145.51724137931,-11707.931034482759,-11269.48275862069,-10567.758620689656
2026-02-21 20:26:31,-52803.40701403496,-11635.539156522636,-10798.406841615226,-11935.239146177453,-11293.28597537846,-10680.057933032173
2026-02-21 20:27:01,-53490.3448275862,-11299.137931034482,-10658.793103448275,-11266,-11288.206896551725,-10533.51724137931
2026-02-21 20:27:31,-55001.862133177,-13420.462774578431,-11747.95682609745,-12248.83616676437,-12148.522362840096,-11535.639159971031
2026-02-21 20:28:01,-55530.63898755129,-13370.150694851545,-13120.900720714506,-12543.398048208557,-12356.4950515535,-11644.091175557776
2026-02-21 20:28:31,-61338.55172413793,-14820.241379310344,-14333.413793103447,-14992.931034482759,-14959.413793103447,-14461.689655172413
2026-02-21 20:29:01,-52381.137931034486,-10442.655172413793,-9756.275862068966,-10379.241379310344,-10404.137931034482,-9704.48275862069
2026-02-21 20:29:31,-52100.41725576743,-10467.843718748922,-9919.652401806958,-10484.80982102831,-10434.60119314459,-9840.23587020242
2026-02-21 20:30:01,-54278.21649022379,-12979.309631366597,-12981.240732439048,-13587.399565502257,-12948.067174730162,-12202.35180523466
2026-02-21 20:30:31,-82709.61531850527,-16846.196156622776,-15251.572759462339,-16444.39478840799,-15704.114957544089,-15045.65299597786
2026-02-21 20:31:01,-88839.0745146719,-11340.229647253542,-11003.99986207372,-12018.309713458155,-11333.195407054927,-10891.141684769489
2026-02-21 20:31:31,-94561.79310344828,-10813.58620689655,-9950.275862068966,-10858,-10800.758620689656,-9926.379310344828
2026-02-21 20:32:01,-91557.03448275862,-13468.172413793103,-14747.965517241379,-13457.58620689655,-13452.413793103447,-13364.965517241379
2026-02-21 20:32:31,-100658.27586206897,-15241.827586206897,-16918.03448275862,-16224.51724137931,-15255.310344827585,-15103.103448275862
2026-02-21 20:33:01,-96811.6896551724,-13471.379310344828,-13247.206896551725,-12919.620689655172,-12921.655172413793,-12147.379310344828
2026-02-21 20:33:31,-95065.44827586207,-13406.51724137931,-12333.862068965516,-12917.827586206897,-12826.931034482759,-12219.379310344828
2026-02-21 20:34:01,-94443.15713251266,-14464.53570566532,-15529.740353780902,-15493.293334712595,-14414.916727009411,-13784.628116271851
2026-02-21 20:34:31,-92211.96551724138,-15977.551724137931,-16491.55172413793,-17398.344827586207,-15949.58620689655,-15306
2026-02-21 20:35:01,-95872.03448275862,-14648.241379310344,-13063.206896551725,-14680.896551724138,-13624.103448275862,-12962.862068965516
2026-02-21 20:35:31,-48573.674954308764,-10661.746956791612,-10068.933411496946,-10674.5405013966,-10709.334804648435,-10034.277044036
2026-02-21 20:36:01,-16146.965517241379,-11751.379310344828,-11058.758620689656,-12775.689655172413,-11636.241379310344,-10985.034482758621
2026-02-21 20:36:31,-19551.58620689655,-13268,-12716.689655172413,-13901.862068965516,-13545.551724137931,-12617.931034482759
2026-02-21 20:37:01,-16671.666494258818,-10743.077824902588,-10086.065997724216,-10662.804730871349,-10664.011585807384,-10000.862039240024
2026-02-21 20:37:31,-15957.106406454728,-10678.84973450107,-10289.152472243293,-10685.95269291773,-10722.191572994967,-10027.618784911387
2026-02-21 20:38:01,-15916.548846511947,-10716.955757095071,-10097.072312838372,-10544.673954274283,-10504.982930445876,-9853.063898755128
2026-02-21 20:38:31,-15847.724137931034,-10807.896551724138,-10066,-10649.931034482759,-10652.413793103447,-9995.931034482759
2026-02-21 20:39:01,-15733.698837971106,-10740.45722561291,-9969.897589738286,-10739.80207579049,-10549.3258853143,-9926.071514775353
2026-02-21 20:39:31,-17208.48275862069,-12107.275862068966,-11366.724137931034,-12142.51724137931,-11887.206896551725,-11219.034482758621
2026-02-21 20:40:01,-18390.44827586207,-13042.655172413793,-12278.896551724138,-13007.551724137931,-12811.275862068966,-12261.896551724138
2026-02-21 20:40:31,-15605.2549912072,-10793.317471811317,-10030.998931071343,-10629.495534636737,-10626.426674942244,-9960.587565946003
2026-02-21 20:41:01,-20320.295837633297,-13565.634674922601,-13081.699346405228,-13669.281045751633,-13394.083247334022,-12762.469900240798
2026-02-21 20:41:31,-19729.025138797886,-12123.34908100279,-11626.194006689884,-12184.696024000827,-11972.10248629263,-11279.630332080415
2026-02-21 20:42:01,-18565.86661149045,-10807.228084695498,-10014.794123732672,-10620.18070211739,-10609.973101593216,-9963.894061659426
2026-02-21 20:42:31,-18290.32480518585,-10669.953796289912,-10386.59402799807,-10948.486311288878,-10721.260602717055,-10026.722295014137
2026-02-21 20:43:01,-18847.82233870133,-10899.375840546225,-10593.882547674057,-10857.477844063587,-10490.361736611605,-10203.007000241387
2026-02-21 20:43:31,-19946.17612578443,-12485.035514792084,-11954.210054479003,-13167.264326598166,-12820.73650093097,-11790.842010895802
2026-02-21 20:44:01,-17998.310286561602,-10978.723404255317,-10013.655643298043,-10610.124487051276,-10613.986689196177,-9952.89492741129
2026-02-21 20:44:31,-18680.241379310344,-10565,-10224.448275862069,-10862.241379310344,-10812.172413793103,-10147.655172413793
2026-02-21 20:45:01,-18206.51724137931,-11069.965517241379,-10051.862068965516,-10482.931034482759,-10462.689655172413,-9802.068965517241
2026-02-21 20:45:31,-18343.793103448275,-10578.034482758621,-9971.275862068966,-10576.413793103447,-10574.689655172413,-9886.689655172413
2026-02-21 20:46:01,-24714.571408868356,-14632.301220605475,-14289.704158333909,-14709.502792910835,-14229.984139024895,-14001.206813323219
2026-02-21 20:46:31,-24037.035759853785,-10714.334977068173,-10120.866236766784,-10921.583502879408,-11088.03751853512,-10038.449601710403
2026-02-21 20:47:01,-22157,-10776.689655172413,-10170.931034482759,-11198.724137931034,-10744.413793103447,-10078.51724137931
2026-02-21 20:47:31,-23039.068965517243,-10523.379310344828,-9935.724137931034,-10554.206896551725,-10529.034482758621,-9847.172413793103
2026-02-21 20:48:01,-24449.548244706537,-10819.228912338784,-10019.03579557211,-10469.859990344163,-10602.282916063179,-9974.170632457413
2026-02-21 20:48:31,-24306.429359823396,-11179.635761589403,-9751.138245033111,-11296.633554083885,-10954.125275938188,-10283.112582781456
2026-02-21 20:49:01,-22938.515121211072,-10301.458670988653,-10326.666436773681,-10314.597055070863,-10302.320769681712,-9648.229249284457
2026-02-21 20:49:31,-25547.60508983068,-12480.223455981239,-12072.864581537293,-11691.40315183282,-12442.187661643504,-11808.683058036482
2026-02-21 20:50:01,-22875.206896551725,-11551.137931034482,-10988.551724137931,-12666.034482758621,-11594.931034482759,-10906.931034482759
2026-02-21 20:50:31,-25333.137931034482,-12574.620689655172,-12239.310344827585,-13452.275862068966,-12519.379310344828,-11879.551724137931
2026-02-21 20:51:01,-34006.8963139202,-14613.668494189853,-13735.284990172751,-14399.124168132132,-14331.505810144476,-13679.252439571048
2026-02-21 20:51:31,-33253.388047863715,-10726.266422980101,-9634.504638090968,-10951.136246077449,-10697.403358736507,-10034.41497982689
2026-02-21 20:52:01,-33562.778026828506,-10474.085313286663,-10367.357495086037,-10101.624193937721,-10448.601675919857,-9785.47536121935
2026-02-21 20:52:31,-33747.75862068965,-10544.551724137931,-10528.620689655172,-11227.172413793103,-10852.310344827587,-10144.275862068966
2026-02-21 20:53:01,-32240.878681288363,-10864.645837643975,-9711.290433823022,-10283.916132147044,-10302.676046623905,-9627.008759224775
2026-02-21 20:53:31,-34881.693734698805,-11004.655011896142,-10689.14865004655,-11273.473328505914,-10994.551912003035,-10339.12623702631
2026-02-21 20:54:01,-36034.826385297056,-12031.136857349746,-11429.467949381054,-12217.613185752214,-11664.528809351401,-10654.805006723906
2026-02-21 20:54:31,-34722.76818040757,-11606.427364573634,-11698.217302851624,-11626.840453777455,-10233.26781835109,-11102.37578014551
2026-02-21 20:55:01,-34080.44550187924,-11788.455570497568,-11088.927968001102,-11823.178511085824,-13025.240508947965,-11233.474707768697
2026-02-21 20:55:31,-34221.206896551725,-11463.206896551725,-10855.137931034482,-11467.724137931034,-11060.896551724138,-10412.827586206897
2026-02-21 20:56:01,-44897,-13943.827586206897,-13519.034482758621,-14950.48275862069,-14049.413793103447,-13316.58620689655
2026-02-21 20:56:31,-55394.56532983895,-11981.206248491326,-11333.701162109037,-10927.20438635815,-11448.532708024413,-10749.991379013069
2026-02-21 20:57:01,-50967.72302493189,-10751.784544294629,-10650.022414566018,-11354.322562846994,-10759.715852270767,-10083.692541122105
2026-02-21 20:57:31,-53290.87649127647,-11929.625543065997,-11352.872215709262,-11452.244672781188,-10845.907178815254,-10727.8118750431
2026-02-21 20:58:01,-51746.46527346713,-10334.678253672666,-9720.222084281675,-10322.539485481757,-10862.921580798675,-9665.839023380922
2026-02-21 20:58:31,-57460.5676057795,-13205.42087658195,-13693.403220800716,-14262.767681644193,-13215.145349839648,-12541.432463188385
2026-02-21 20:59:01,-52820.44208420979,-12778.888927204385,-11208.903755301906,-11995.689506534707,-11591.985930549328,-10949.343080795888
2026-02-21 20:59:31,-56390.379310344826,-14166.137931034482,-15311.137931034482,-14529.896551724138,-14169.655172413793,-13455.758620689656
2026-02-21 21:00:01,-53837.201282802846,-11168.212696989549,-10524.190489327217,-11143.004931204523,-11115.383289078933,-10472.050760371047
2026-02-21 21:00:31,-58514.87879728284,-12561.325471535463,-11964.242612323711,-12618.80624806041,-11880.624806041169,-11267.576980104133
2026-02-21 21:01:01,-74621.08203165408,-15159.580704113649,-14612.530602393019,-15246.991483052307,-15284.30054136064,-14520.292403710215
2026-02-21 21:01:31,-88558.5172413793,-13825.51724137931,-12385.137931034482,-14019.48275862069,-12991.793103448275,-12366.206896551725
2026-02-21 21:02:01,-96822.94324529343,-14227.50155161713,-11933.383904558306,-12490.621336459555,-12413.488724915524,-11815.04723812151
2026-02-21 21:02:31,-88196.24137931035,-12206.034482758621,-11614.413793103447,-13280.241379310344,-12212.068965517241,-11521.862068965516
2026-02-21 21:03:01,-95774.69742422675,-13137.374573290575,-13588.703837798696,-14338.919347608702,-13122.685424640527,-12206.475638771075
2026-02-21 21:03:31,-88784.89655172413,-12207.137931034482,-12682.965517241379,-13275,-12189.551724137931,-11878.931034482759
2026-02-21 21:04:01,-98811.75862068965,-15978.310344827585,-16335.931034482759,-15615.758620689656,-15326.241379310344,-14707.58620689655
2026-02-21 21:04:31,-95903.04814686527,-14980.845167994461,-16808.105299618986,-14678.35122965016,-14235.33079321095,-14198.441288534814
2026-02-21 21:05:01,-98151.4430536878,-13476.983552291302,-14451.880969621738,-13795.662218544188,-14116.789076238752,-12951.208579014517
2026-02-21 21:05:31,-97426.54665839023,-16005.690047589489,-17291.640802813985,-17096.04110628319,-15996.999793089179,-15350.541416649423
2026-02-21 21:06:01,-63110.348632711466,-14756.853684609812,-15103.313907376114,-14731.542466981618,-13267.388530638986,-12968.378219938617
2026-02-21 21:06:31,-11335,-10918.758620689656,-10157,-10452.51724137931,-11173.620689655172,-10118.551724137931
2026-02-21 21:07:01,-14931.098696461824,-12852.955376232843,-11863.369887578454,-12827.298434374785,-12330.712462928477,-11699.565487274984
2026-02-21 21:07:31,-19032.34705841782,-13148.424029243395,-11920.408304020966,-12866.128698530933,-12922.477412235326,-12328.608869577212
2026-02-21 21:08:01,-16570.241379310344,-10811.931034482759,-10479.689655172413,-10820.655172413793,-10255.689655172413,-9985.206896551725
2026-02-21 21:08:31,-16055.58620689655,-10845.965517241379,-10264.551724137931,-10822.137931034482,-11153.965517241379,-9674.137931034482
2026-02-21 21:09:01,-15021.655172413793,-10988.241379310344,-10183.689655172413,-11163.379310344828,-10637.137931034482,-10463.344827586207
2026-02-21 21:09:31,-19154.527898475757,-13882.888475067246,-13261.604248568867,-13835.712807779846,-13594.282364300985,-13041.554589971722
2026-02-21 21:10:01,-17276.068965517243,-11097.793103448275,-10510.931034482759,-11260.413793103447,-11072.689655172413,-10096.206896551725
2026-02-21 21:10:31,-15992.96527466464,-10867.064381530396,-10080.106210558983,-10716.162626297457,-10707.817510948651,-9889.616883340803
2026-02-21 21:11:01,-15258.103448275862,-10497.448275862069,-10041.551724137931,-10112.931034482759,-10452.58620689655,-10255.034482758621
2026-02-21 21:11:31,-16074.726714714297,-11342.425600882787,-10938.859960688298,-11696.196420566224,-11322.424911203832,-10648.780992448013
2026-02-21 21:12:01,-21855.236387461635,-14348.83961515914,-13752.163867719575,-14401.151763853924,-14364.081520052414,-13717.197144729127
2026-02-21 21:12:31,-19305.103448275862,-11053.413793103447,-10756,-11132.310344827587,-11044.241379310344,-10389.931034482759
2026-02-21 21:13:01,-18028.863064243593,-10332.252836304699,-9720.162764233248,-10305.527776819888,-9998.275802613882,-9736.57712334908
2026-02-21 21:13:31,-19310.96551724138,-11051.758620689656,-10812.896551724138,-10828.827586206897,-11395.965517241379,-10377.689655172413
2026-02-21 21:14:01,-18048.072280846955,-10048.555072763638,-9813.159528243326,-11291.60631767708,-10405.993516794262,-9808.641975308641
2026-02-21 21:14:31,-18555.379310344826,-10958.551724137931,-9951.068965517241,-10550.551724137931,-10546.103448275862,-9445.896551724138
2026-02-21 21:15:01,-17640.630388302645,-10356.403889923446,-9816.642527070835,-10347.472239464792,-10350.300020691084,-10239.913097454999
2026-02-21 21:15:31,-22206.379310344826,-13588.103448275862,-13070.689655172413,-13519.379310344828,-13465.275862068966,-12821.310344827585
2026-02-21 21:16:01,-17819.573763707842,-10999.82757431547,-9982.067728808883,-11179.219256500448,-10766.845989378578,-10135.940409683426
2026-02-21 21:16:31,-18284.916201117318,-10682.081522863646,-10383.336781847023,-10659.976550106903,-10658.907510862819,-9551.969101317332
2026-02-21 21:17:01,-24743.922204213934,-14613.952205248455,-13891.237628883753,-14951.550053450117,-14392.53077692334,-14253.112176281938
2026-02-21 21:17:31,-25380.978654436356,-10768.095451567295,-10480.706231249353,-11287.458188213384,-11027.4837063347,-10375.737094382563
2026-02-21 21:18:01,-23799.931034482757,-11716.58620689655,-10448.931034482759,-11050.241379310344,-11047.793103448275,-10385.793103448275
2026-02-21 21:18:31,-23622.33180454498,-11442.360081382116,-9756.198489603088,-10816.959205489842,-10801.027621642124,-10151.039691023827
2026-02-21 21:19:01,-23613.41379310345,-10563.689655172413,-10652.137931034482,-10549.58620689655,-10549.48275862069,-9885.862068965516
2026-02-21 21:19:31,-23046.10662804331,-10579.177874336161,-9982.136699082695,-10572.384302365681,-10547.692944340988,-9909.890337264638
2026-02-21 21:20:01,-24049.51894892927,-10534.501189696195,-10180.592434221868,-10188.247870616227,-10518.121314528085,-9897.617159212385
2026-02-21 21:20:31,-22941.068965517243,-11435.58620689655,-10851.206896551725,-12633.275862068966,-11167.758620689656,-10519.206896551725
2026-02-21 21:21:01,-28919.907916437605,-14193.890874106653,-13504.810335349093,-14248.76305662452,-13969.042056074768,-13419.083287520616
2026-02-21 21:21:31,-24575.46291507189,-11585.772904382606,-10581.014447777661,-11176.131857522154,-11138.615909796212,-10494.500189648632
2026-02-21 21:22:01,-33176.620689655174,-14359.827586206897,-13811.862068965516,-14874.931034482759,-14290.862068965516,-13613.241379310344
2026-02-21 21:22:31,-33222.16475293955,-10590.565842557153,-9981.759249681045,-10811.178924864658,-10558.429019688974,-9909.27899037964
2026-02-21 21:23:01,-35285.75862068965,-10323.068965517241,-9706.51724137931,-9949.275862068966,-10328.862068965516,-9668.620689655172
2026-02-21 21:23:31,-34579.80759284162,-10698.769007965242,-10564.566739077962,-11302.02406813558,-10668.183855729112,-10008.379021413053
2026-02-21 21:24:01,-32425.896551724138,-10906.620689655172,-10025.137931034482,-10605.034482758621,-10602.862068965516,-9946.103448275862
2026-02-21 21:24:31,-34154.41379310345,-11790.103448275862,-11246.58620689655,-11440.344827586207,-11445.172413793103,-10781.241379310344
2026-02-21 21:25:01,-37261.89655172414,-14035.689655172413,-14536.689655172413,-13954.241379310344,-13920.241379310344,-13247.620689655172
2026-02-21 21:25:31,-33000.68965517241,-10993.51724137931,-10777.724137931034,-11025.827586206897,-10967.275862068966,-10310.724137931034
2026-02-21 21:26:01,-37219.206896551725,-12036.965517241379,-11103.448275862069,-11314.965517241379,-11623,-10967.758620689656
2026-02-21 21:26:31,-33931.24137931035,-11826.137931034482,-11276.172413793103,-12213.724137931034,-11470.551724137931,-10774.931034482759
2026-02-21 21:27:01,-50683.3448275862,-14353.344827586207,-13840.51724137931,-14838.51724137931,-14356.931034482759,-13370.965517241379
2026-02-21 21:27:31,-50695.12741818683,-11324.01117279906,-10079.62343529087,-10691.81695920549,-10679.264802234558,-9800.751750060346
2026-02-21 21:28:01,-51248.64659839316,-11656.460122064756,-10622.97851798214,-11326.299093134721,-11167.339057273888,-10889.727940415849
2026-02-21 21:28:31,-53448.58620689655,-11952.862068965516,-10366.310344827587,-11786.620689655172,-11347.448275862069,-10703.51724137931
2026-02-21 21:29:01,-51611.978897279405,-10330.678252474054,-9856.52218889004,-10305.058446260475,-10316.644253646427,-9634.702251646495
2026-02-21 21:29:31,-53675.333632194204,-13137.694403255282,-14020.138625469841,-13738.473740473808,-13011.827994068759,-12373.116314355666
2026-02-21 21:30:01,-59067.967860960714,-10466.740232421806,-11151.453498396495,-10839.20135177075,-10760.026207800267,-10459.671023138728
2026-02-21 21:30:31,-57424.44306503897,-16705.186564590662,-15558.107455686599,-15860.197254983103,-15155.70039313056,-14776.915649355127
2026-02-21 21:31:01,-56200.9241060653,-10805.006723906072,-11208.303161959931,-10445.501879245541,-10804.179166235646,-10445.950139650357
2026-02-21 21:31:31,-57986.2399558575,-12793.944201124254,-14016.001655343656,-12671.24185260544,-12730.523847294548,-12743.525192261268
2026-02-21 21:32:01,-78415.16394855705,-14362.652139433854,-14478.019515222564,-15004.378857359585,-14410.302382512156,-13753.577216150055
2026-02-21 21:32:31,-90852.48275862068,-13223.103448275862,-12872.51724137931,-13596.793103448275,-12660.689655172413,-11867.48275862069
2026-02-21 21:33:01,-95543.55172413793,-14812.793103448275,-17388.241379310344,-15632.51724137931,-14791.344827586207,-13864.931034482759
2026-02-21 21:33:31,-100235.6551724138,-16291.310344827585,-17385.827586206895,-19694.96551724138,-16893.241379310344,-16444.41379310345
2026-02-21 21:34:01,-91222.8275862069,-12420.241379310344,-11265.103448275862,-12920.896551724138,-11830.379310344828,-11216.758620689656
2026-02-21 21:34:31,-87555.6551724138,-12162.034482758621,-12633.896551724138,-12265.172413793103,-12148,-11468.068965517241
2026-02-21 21:35:01,-92482.60284837407,-10314.217731645917,-9724.059450325873,-10344.97741301424,-10317.976481947651,-9647.953377702677
2026-02-21 21:35:31,-93378.3317816627,-12997.275956001517,-12775.38705561877,-12994.379504155027,-12995.241543395054,-12273.921588910725
2026-02-21 21:36:01,-96340.97727507843,-21389.703093210108,-21117.486809889993,-20187.86854719128,-18787.337494396357,-18145.453291492806
2026-02-21 21:36:31,-96607.53077480086,-14711.872004413639,-14458.225578428328,-13926.933554015377,-13851.246508741076,-13209.510016895967
2026-02-21 21:37:01,-51367.78042136478,-10485.948760387573,-9884.003999862074,-10480.397227681806,-10464.328816247717,-9831.040308954864
2026-02-21 21:37:31,-17646.241379310344,-11764.620689655172,-13086.034482758621,-12488.103448275862,-12400.931034482759,-11735.413793103447
2026-02-21 21:38:01,-20083.307472156135,-14763.973656080827,-12917.244232957486,-14030.826523223339,-13822.144063997794,-13240.0951691321
2026-02-21 21:38:31,-16597.01389607255,-10995.689803799869,-10695.182924726734,-10681.769594151927,-10863.659873797456,-10205.406710113446
2026-02-21 21:39:01,-16030.241379310344,-10713.896551724138,-9938.241379310344,-10584.51724137931,-10374.689655172413,-9713.241379310344
2026-02-21 21:39:31,-16267.031755872424,-11172.452986154163,-10101.432802920714,-11199.731349452366,-10604.188193152855,-9977.164703451126
2026-02-21 21:40:01,-16473.21797876741,-10794.567765062735,-9996.380807941543,-10404.798014614644,-10026.575210257826,-9754.377498965947
2026-02-21 21:40:31,-15235.569960692366,-10196.882973588028,-9972.070891662644,-10607.92359147645,-11040.307564995517,-10002.792910833736
2026-02-21 21:41:01,-18241.888210751353,-11384.193648494878,-10076.68701079273,-10484.431571325125,-10089.47967311472,-9768.697631116167
2026-02-21 21:41:31,-18135.55172413793,-10792.58620689655,-10089.379310344828,-10369.58620689655,-11030.58620689655,-10072.206896551725
2026-02-21 21:42:01,-15168,-10358.620689655172,-9854.827586206897,-10890.137931034482,-10333.310344827587,-9647.827586206897
2026-02-21 21:42:31,-22242.026137029756,-15005.103272300954,-14650.218957966965,-15012.930588600391,-14203.510223785384,-14232.405779111063
2026-02-21 21:43:01,-18473.18873064588,-11228.31821786958,-11187.178868236833,-11150.005172592157,-11973.757715783302,-10642.608365805716
2026-02-21 21:43:31,-18529.156177799232,-10551.363840132417,-9942.756646780923,-10567.157488189247,-9992.34456360564,-9839.994482568363
2026-02-21 21:44:01,-18611.44827586207,-10501.51724137931,-9866.241379310344,-10710.862068965516,-10996,-9797.48275862069
2026-02-21 21:44:31,-19295.20295202952,-11008.104286650343,-10845.777149360278,-11266.855191916406,-10913.61175293996,-10298.479153015829
2026-02-21 21:45:01,-17959.8648369078,-10098.924212123302,-9797.462243983175,-10824.874146610578,-10432.556375422386,-9714.743810771672
2026-02-21 21:45:31,-18604.6070554157,-11496.879202731126,-10389.70309321011,-10343.908410634847,-10870.547260250352,-10107.038173730127
2026-02-21 21:46:01,-17823.937105617046,-10515.878762801281,-9871.280300679286,-11278.473156098064,-10474.535360849624,-9711.872004413639
2026-02-21 21:46:31,-19159.03996689541,-10537.98406841615,-9892.341115210867,-10887.20300700024,-10518.224766371253,-9852.891479016516
2026-02-21 21:47:01,-20641.22900789682,-10935.446049863787,-9901.548329252731,-10643.815303975998,-10510.017586813337,-9805.338115107415
2026-02-21 21:47:31,-29093.993517688436,-16074.339700710296,-15384.490724777603,-17149.47245017585,-15242.328115302393,-15189.952417074684
2026-02-21 21:48:01,-23343.43643322644,-10552.843005413608,-9933.243681252372,-10443.05368780387,-11105.754973966415,-9575.221544084687
2026-02-21 21:48:31,-22451.053411951314,-10603.841246853557,-9988.931416158064,-10568.807972138893,-10559.704837764217,-10163.097824212959
2026-02-21 21:49:01,-23807.71087661218,-10621.18077108766,-10334.126491482171,-10615.111386992206,-10574.867232222912,-9786.330091730464
2026-02-21 21:49:31,-24603.68250465485,-11110.302737742226,-10126.232673608716,-10291.807461554376,-10827.287773257018,-10074.58106337494
2026-02-21 21:50:01,-24466.41379310345,-10715.103448275862,-10172.068965517241,-11339.965517241379,-10761.551724137931,-9925.034482758621
2026-02-21 21:50:31,-25257.39706186634,-12114.559624801712,-10154.631353886476,-11289.813090557971,-11088.76474239603,-10097.248086074904
2026-02-21 21:51:01,-22825.902555084303,-10335.367745939793,-9716.18220061377,-10329.057618702802,-10297.196648391433,-9644.08123857798
2026-02-21 21:51:31,-24040.074493033524,-11560.387639674438,-10134.570285556629,-10744.171609877225,-10907.95282107877,-10009.759966891985
2026-02-21 21:52:01,-25928.460610239614,-10417.893466643682,-9895.500775728322,-11575.004309601793,-10499.017410791243,-9525.185312877089
2026-02-21 21:52:31,-35019.31034482759,-15968.51724137931,-15953.275862068966,-15955.068965517241,-15357.896551724138,-15681.689655172413
2026-02-21 21:53:01,-34129.9220743397,-10340.252396386457,-9731.501275774084,-10350.872353630784,-10878.560099303497,-9667.29880697883
2026-02-21 21:53:31,-34411.84178764784,-10589.05479499293,-9978.723404255317,-10571.502465602262,-10540.32897686127,-9880.340701403495
2026-02-21 21:54:01,-36040.58480742043,-11095.444984655702,-11407.296300127582,-11822.419916554603,-10568.290748594876,-9877.24561222027
2026-02-21 21:54:31,-36086.83058036483,-11096.89989309976,-10821.166247111967,-11607.434739128934,-11102.244904996722,-10449.877581985584
2026-02-21 21:55:01,-33502.05165339126,-10086.065997724216,-10584.53156787697,-10574.807765249472,-10711.285817730422,-10013.413330574807
2026-02-21 21:55:31,-38301.04820357217,-12086.063030135852,-11567.58154610027,-12323.87421557134,-11444.796910557892,-10598.407006413352
2026-02-21 21:56:01,-33583.53160235854,-10539.429674838799,-10045.101893038172,-10407.365263266785,-10021.792351987864,-9742.284748801767
2026-02-21 21:56:31,-33245.379310344826,-10594.206896551725,-10095.793103448275,-10584.931034482759,-10934.793103448275,-9883.896551724138
2026-02-21 21:57:01,-32412.117659229625,-10412.221111072795,-9749.30170005862,-10647.229214800509,-10377.185420186901,-9696.024000827614
2026-02-21 21:57:31,-47704.33463222869,-15164.040139315146,-14683.678747543017,-15289.665160867615,-15267.423014586708,-14554.605331218316
2026-02-21 21:58:01,-57366.73678402703,-14354.73637021966,-15439.18755819166,-13537.259905513982,-13395.77226800924,-11540.50139659988
2026-02-21 21:58:31,-53569.842419226916,-13949.794834660872,-10467.018378676596,-14034.205717044239,-13127.37491810627,-11998.448329367951
2026-02-21 21:59:01,-63642.35716009792,-11955.380848936242,-11530.016206337712,-10839.902072342331,-10879.65932209234,-10121.030309299678
2026-02-21 21:59:31,-53652.17690823918,-11594.103058693854,-11874.24221548636,-11708.252962248553,-11631.5445026178,-10908.135850096445
2026-02-21 22:00:01,-55023.16282917414,-11709.63739142424,-11660.623190403972,-11521.680683854958,-11394.767682338344,-10755.03240038605
2026-02-21 22:00:31,-55973.93283221847,-10716.778153230813,-10407.144334873457,-11131.094407282257,-10692.572926005103,-10019.033170126198
2026-02-21 22:01:01,-54266.11262457325,-12723.16286768509,-10573.605986413324,-11977.757853719093,-11114.107383013206,-10489.84447739577
2026-02-21 22:01:31,-57998.89662781877,-12716.571270946832,-14415.729949658646,-13789.566236811255,-13148.886283704573,-11064.823115647197
2026-02-21 22:02:01,-53586.81333839097,-13446.980930376907,-12806.786440911754,-12183.661505569156,-12454.084623607709,-12365.185006379528
2026-02-21 22:02:31,-73433.69422798428,-15426.556789186954,-14791.945383077029,-16744.879663471485,-15391.697124336253,-14616.474725880975
2026-02-21 22:03:01,-96406.76505068617,-12306.185780291014,-11745.569271084752,-13997.655334114888,-12308.840769602097,-11668.850424108683
2026-02-21 22:03:31,-94992.31060997897,-12680.459294507087,-13648.356953208511,-12725.28533498845,-12671.528567980415,-11962.75990483087
2026-02-21 22:04:01,-96657.03448275862,-16870.827586206895,-17215.58620689655,-15172.793103448275,-15389.137931034482,-13802.310344827585
2026-02-21 22:04:31,-91981.72413793103,-12491.206896551725,-10225.896551724138,-14473.379310344828,-12493.58620689655,-9710.103448275862
2026-02-21 22:05:01,-92410.70997551807,-10395.917382159234,-9826.419778628322,-10407.641115823591,-10396.77942139926,-10127.099065549462
2026-02-21 22:05:31,-95262.23233681596,-11643.667459742766,-10128.68521775111,-12560.532395434639,-10257.508361780627,-10112.996103582635
2026-02-21 22:06:01,-91823.04668643542,-10441.866078201503,-9816.357492586718,-10397.076063719744,-10887.076753327357,-9720.743397007103
2026-02-21 22:06:31,-97149.24137931035,-10581.413793103447,-9967.068965517241,-10572.758620689656,-10529.068965517241,-9862.103448275862
2026-02-21 22:07:01,-86901.9344160546,-11445.294989827935,-9884.348815558084,-12145.374297438018,-11303.092996793213,-9522.637150443086
2026-02-21 22:07:31,-55258.24137931034,-11871.551724137931,-10382,-10748.655172413793,-10693.068965517241,-9885.551724137931
2026-02-21 22:08:01,-16593.896551724138,-12438.931034482759,-11344.931034482759,-12446.137931034482,-12084.344827586207,-11947.655172413793
2026-02-21 22:08:31,-16758.077307679046,-12150.443088169375,-12160.13240922727,-12125.27154236061,-12054.136064273647,-11474.466397710425
2026-02-21 22:09:01,-17586.689655172413,-11740,-11105.896551724138,-11746.827586206897,-11660.344827586207,-11073.51724137931
2026-02-21 22:09:31,-15862.14268473501,-10876.969759663461,-10250.64652943002,-10897.624219854488,-10689.80379986897,-10021.585462570258
2026-02-21 22:10:01,-16075.453479550313,-10578.557141871854,-10100.6965997655,-10189.737223256776,-10554.658941996,-9864.990689013035
2026-02-21 22:10:31,-15663.402523963865,-10752.22398455279,-9862.423281153024,-11281.11854354872,-10746.879525549963,-10051.272326046479
2026-02-21 22:11:01,-15360.366883900553,-10299.575876693905,-10108.996241508912,-10306.334264335712,-10284.093651943036,-9637.460777214577
2026-02-21 22:11:31,-16626.344827586207,-10776.206896551725,-10184.379310344828,-10451.896551724138,-10750.310344827587,-10070.758620689656
2026-02-21 22:12:01,-15868.452811972002,-10944.932933347127,-10675.080169649324,-10901.727526637014,-10888.314196062205,-10163.959863452985
2026-02-21 22:12:31,-17495.258784179856,-12268.232129926555,-11057.722147512155,-12499.844832936797,-12060.17033895383,-11407.779042101998
2026-02-21 22:13:01,-21997.3792199731,-14752.267319562741,-14357.943377357838,-14927.894065312596,-14384.599468947203,-14162.626297458532
2026-02-21 22:13:31,-17219.769607505004,-10869.17983030972,-10528.971511347176,-10830.137269779956,-10999.103262744016,-10009.967579499207
2026-02-21 22:14:01,-18504.429965180818,-10383.59706277795,-9779.535974075223,-10399.14503395732,-10372.634191746818,-9689.419795221842
2026-02-21 22:14:31,-18716.41379310345,-10679.655172413793,-9839.379310344828,-10988.344827586207,-10690.551724137931,-9957.137931034482
2026-02-21 22:15:01,-18261.922002689564,-10415.054653287818,-9859.487603875728,-10387.434916037379,-10371.332023033689,-9717.0787214234
2026-02-21 22:15:31,-20129.862068965518,-11584.241379310344,-11445.275862068966,-11604.896551724138,-10759.48275862069,-10865.103448275862
2026-02-21 22:16:01,-20594.51724137931,-13427.758620689656,-12870.758620689656,-13561.793103448275,-14143.689655172413,-12799.58620689655
2026-02-21 22:16:31,-19686.827586206895,-11399.551724137931,-10020.48275862069,-11029.275862068966,-10964.827586206897,-10336.58620689655
2026-02-21 22:17:01,-18065.76088830649,-9947.067140246214,-10057.346805062241,-10305.872616297112,-10312.252146625744,-9629.67688540984
2026-02-21 22:17:31,-18954.311920278607,-11582.462673700906,-9819.454501568911,-10859.039343470913,-10811.454777421466,-10136.409089341745
2026-02-21 22:18:01,-26494.94845005345,-15038.41246853557,-15260.404813627118,-14517.947656977347,-14801.558566945969,-14098.720733767803
2026-02-21 22:18:31,-23256.060135857388,-11275.576704251578,-10430.536878038689,-11658.460053101619,-11030.757560084136,-10326.333574704322
2026-02-21 22:19:01,-23334.563133576994,-10578.063581821943,-10190.745465829943,-10559.58209778636,-10541.03165298945,-9880.042755672022
2026-02-21 22:19:31,-23749.784534767467,-11728.755128072533,-10916.399489778329,-11992.794842624193,-11490.019650429205,-10827.903609473575
2026-02-21 22:20:01,-25345.398138572906,-12356.049638055843,-11565.735953119614,-12186.246122026887,-12171.42364701827,-11137.400896242674
2026-02-21 22:20:31,-22711.88193917661,-11585.994069374527,-10958.830425487899,-11893.628025653403,-11281.049582787395,-10961.244052134336
2026-02-21 22:21:01,-26470.328609358294,-12354.298127650769,-11993.103686079789,-12762.21509603117,-12278.921416502877,-11616.737353884348
2026-02-21 22:21:31,-25281.11854354872,-13446.003723881113,-13066.857458106339,-13679.229018688367,-12980.173781118545,-12383.180470312393
2026-02-21 22:22:01,-25755,-11401.344827586207,-11432.241379310344,-11474.034482758621,-11420.448275862069,-10332.241379310344
2026-02-21 22:22:31,-24782.137931034482,-11972.137931034482,-11190.068965517241,-11796.48275862069,-11783.551724137931,-11081.896551724138
2026-02-21 22:23:01,-34609.99241431626,-14591.855734087305,-13628.370457209849,-14624.405213433556,-14333.218398731122,-13991.897110544101
2026-02-21 22:23:31,-33144.379310344826,-11050.413793103447,-10975.103448275862,-11030.379310344828,-11004.620689655172,-10358.965517241379
2026-02-21 22:24:01,-35158.82210958243,-10334.712596117373,-9680.9420364815,-9979.862763352987,-10300.644805351538,-9632.529912761627
2026-02-21 22:24:31,-32819.48898313851,-11053.067135616013,-10736.52632667839,-11406.468742457155,-11004.551567187336,-10336.402193027825
2026-02-21 22:25:01,-35117.720078617975,-10372.263025412916,-9747.974207785937,-10636.357366987344,-10362.125443950208,-9654.563635736698
2026-02-21 22:25:31,-36971.62166821834,-12651.59822075101,-12082.962656460122,-12978.449018999347,-12254.749836212546,-11631.495465673599
2026-02-21 22:26:01,-36339.56278877319,-12389.628301496448,-12193.400455141025,-12091.235087235364,-12009.792428108407,-11314.426591269568
2026-02-21 22:26:31,-33520.395848419015,-11412.84783283335,-10511.465121892348,-11465.81152374056,-11043.308851418915,-10364.987414227095
2026-02-21 22:27:01,-36259.49170661057,-11642.539397910272,-11013.172868029931,-12444.394634297732,-11548.260284837406,-10916.30745887789
2026-02-21 22:27:31,-33688.94176062894,-12120.823419882072,-12042.446812178889,-13177.235267749387,-11987.000448260404,-11216.50977552498
2026-02-21 22:28:01,-56366.95286369435,-16564.049515533945,-15668.287300437914,-16007.241129616219,-16142.995069135544,-15605.358435916001
2026-02-21 22:28:31,-54769.70553754914,-12208.84766567823,-10339.804151437833,-11664.816219571065,-11351.389559340736,-10718.260809599338
2026-02-21 22:29:01,-58657.448275862065,-11523.896551724138,-11394.137931034482,-11792.827586206897,-11147.551724137931,-10791.379310344828
2026-02-21 22:29:31,-47972.58715216716,-11699.975862901278,-10780.559291058928,-11971.483741939932,-11731.181683390227,-10702.63094376056
2026-02-21 22:30:01,-56527.43198041311,-11709.093417014377,-11966.06779544122,-12020.862788372011,-11952.17076450912,-11284.802924238766
2026-02-21 22:30:31,-55217.05399627612,-13442.693607337425,-12349.596579546238,-12367.2505344459,-12291.566098889733,-11562.92669471071
2026-02-21 22:31:01,-57350.667264388416,-12716.679885513291,-11779.302734577053,-12755.129487223696,-12633.332183868408,-11955.895030863132
2026-02-21 22:31:31,-51964.00248258741,-10893.38666298876,-10288.221501965381,-10177.056754706573,-10568.271153713538,-9895.21412316392
2026-02-21 22:32:01,-54353.31034482759,-11424,-10538.137931034482,-11597.51724137931,-11120,-10457.689655172413
2026-02-21 22:32:31,-60141.581324781895,-17806.523912968518,-16982.207510085856,-17631.874762939206,-16124.168132133373,-15534.60225509465
2026-02-21 22:33:01,-86177.20689655172,-15335.310344827585,-16318.310344827585,-15696.51724137931,-15621.51724137931,-14973.551724137931
2026-02-21 22:33:31,-94748.60354458314,-11780.911661264741,-13101.579201434384,-13188.331839183506,-12195.710640645473,-11656.95469277981
2026-02-21 22:34:01,-93960.62068965517,-13708.241379310344,-11355.068965517241,-11973.241379310344,-11857.896551724138,-11268.689655172413
2026-02-21 22:34:31,-99046.4811558222,-12605.599806903208,-12096.479431743732,-13346.43632978173,-12643.391607185958,-11953.31195476018
2026-02-21 22:35:01,-94024.89569325196,-14942.69163132306,-14514.602944726044,-14076.445639805524,-13889.693458846248,-13293.05886003931
2026-02-21 22:35:31,-94766.28392124409,-15175.166373573324,-15632.564394331228,-17711.63063342643,-15058.722113030582,-14375.36636667701
2026-02-21 22:36:01,-92448.56719197212,-11191.523845649848,-10579.330321735231,-11217.076450912098,-11198.903410462428,-10469.223076657814
2026-02-21 22:36:31,-87985.48325919795,-17769.904486052204,-14515.051205130856,-16478.70763077135,-15369.74587083204,-14781.31788559015
2026-02-21 22:37:01,-98647.28802455087,-15049.894831212716,-13011.965104651563,-13576.462880590323,-13443.295058791075,-12781.352367159752
2026-02-21 22:37:31,-87907.4169856212,-13809.2134753974,-13550.463777111136,-16078.445570842387,-13876.728388676254,-13103.272300955141
2026-02-21 22:38:01,-36775.00775835316,-12210.406537705598,-12960.001379262785,-12876.900796524258,-12179.821385469468,-11547.394917416641
2026-02-21 22:38:31,-19105.417428187175,-14801.337977171625,-14519.983447705092,-15160.453808752023,-14666.471257629571,-14079.554467395425
2026-02-21 22:39:01,-16005.655562452583,-10887.957790192428,-10581.350437961239,-10990.930408993723,-10836.264569970343,-10173.184357541899
2026-02-21 22:39:31,-16391.386800910284,-10269.326253361838,-10132.95634783808,-10727.777394662438,-10705.399627611889,-10071.615750637888
2026-02-21 22:40:01,-14851.212027171476,-10800.627564566737,-9720.76824937071,-10311.54098134547,-10293.886417709733,-9644.15020171718
2026-02-21 22:40:31,-16509.53415399469,-10819.661390986517,-10360.815144305368,-11104.548119030376,-10783.317816627012,-10130.650667218371
2026-02-21 22:41:01,-15397.36560808248,-10894.727768008,-10127.374918106272,-10716.76838729699,-10674.183648839697,-10049.515533947106
2026-02-21 22:41:31,-20067.133301151647,-14062.030204813462,-13297.048479415213,-13533.583890766155,-13834.804496241639,-13234.466588511137
2026-02-21 22:42:01,-16183.539066271293,-11269.981380594441,-9994.690021377837,-11403.937659471761,-10919.557271912283,-10279.153161850907
2026-02-21 22:42:31,-16039.58757198524,-10952.446636090897,-10473.016310907271,-11104.693265285008,-10731.85282251112,-10108.072692161797
2026-02-21 22:43:01,-16065.926487828427,-11152.265361009586,-10513.964554168679,-11133.025308599408,-11122.50879249707,-10447.865664436937
2026-02-21 22:43:31,-23378.331781662702,-14560.635840143445,-14017.551118926935,-14647.01217199407,-14494.465708079033,-13934.347091479605
2026-02-21 22:44:01,-19105.58620689655,-11600.206896551725,-11175.827586206897,-12106.344827586207,-11320.344827586207,-10699.620689655172
2026-02-21 22:44:31,-18752.28440398607,-11045.998413847798,-10115.202924037101,-10321.299265542566,-10721.319954484326,-10063.790903761937
2026-02-21 22:45:01,-21571.310344827587,-13335.862068965516,-12960.448275862069,-13797.620689655172,-12663.275862068966,-12485.620689655172
2026-02-21 22:45:31,-19731.14720182063,-11516.913209889315,-11279.335195338093,-11332.747146650116,-11744.07779042102,-10617.46146684597
2026-02-21 22:46:01,-17727.344827586207,-10483.344827586207,-9872.965517241379,-10462.448275862069,-10461,-9767.51724137931
2026-02-21 22:46:31,-18904.34812592669,-10829.212785766007,-10027.861108237646,-10630.495500155166,-10635.702217164924,-9938.898658666942
2026-02-21 22:47:01,-20109.862068965518,-12011.448275862069,-11477.48275862069,-12087,-11648.724137931034,-11335.620689655172
2026-02-21 22:47:31,-19049.68794179511,-11449.432778180062,-10317.368366608047,-11493.569187269402,-11540.636529774834,-10553.187821109615
2026-02-21 22:48:01,-20585.82166747121,-11445.969243500449,-11172.78118750431,-11351.83780428936,-11203.46872629474,-10184.883801117165
2026-02-21 22:48:31,-27585.77290438261,-14700.079307610084,-14390.05551532706,-14590.565842557155,-14670.838936588394,-14327.95420847557
2026-02-21 22:49:01,-23061.17452325942,-10587.985792613537,-9810.476223318045,-10270.492085933996,-10392.875616400564,-9746.853339770336
2026-02-21 22:49:31,-24145.339815868414,-10794.731216164959,-10191.614082273023,-11092.376124961207,-10762.456467018377,-10106.61701320644
2026-02-21 22:50:01,-24869.004517085614,-11314.816730457569,-10707.3204372263,-10718.699355194647,-11260.749629323125,-10628.909347953517
2026-02-21 22:50:31,-26285.49260319321,-12005.448463740127,-11162.074554294973,-12930.583813234938,-12016.035035690884,-11334.701196592985
2026-02-21 22:51:01,-22955.725664632257,-10010.309989310714,-10121.926830109307,-10343.40195165684,-10321.747525947381,-9650.563773662978
2026-02-21 22:51:31,-24338.642252547936,-10985.31698048022,-9998.85990671964,-10223.32008982553,-10595.025047503887,-9926.446709276213
2026-02-21 22:52:01,-23576.330218283387,-10370.35759853788,-9981.620055863994,-10402.048346494705,-10353.357012310767,-9674.092210076207
2026-02-21 22:52:31,-23626.48275862069,-10695.655172413793,-10048.068965517241,-11211.034482758621,-10650.241379310344,-9928.689655172413
2026-02-21 22:53:01,-25983.793662287506,-10418.571773387122,-10052.067170097582,-10619.185545326021,-10415.675321540635,-9784.352263715044
2026-02-21 22:53:31,-36228.41379310345,-14865.034482758621,-14241.068965517241,-14882.793103448275,-14293.068965517241,-14115.51724137931
2026-02-21 22:54:01,-32238.456498499945,-11207.696817131624,-10972.274906031242,-11578.537190937617,-11653.229421704194,-10536.915066036758
2026-02-21 22:54:31,-35560.48275862069,-10621.034482758621,-10025.793103448275,-10603.344827586207,-10582.551724137931,-9931.655172413793
2026-02-21 22:55:01,-32254.41379310345,-10578.58620689655,-10284.206896551725,-10560.241379310344,-10547.034482758621,-9852.827586206897
2026-02-21 22:55:31,-34530.53553570812,-11306.114003931169,-11082.106279526879,-11256.974378426841,-11277.18197179213,-10630.090692782509
2026-02-21 22:56:01,-34882.93507120444,-12251.887865935656,-11518.947622495774,-12221.061342712319,-11690.8037653874,-11098.651770628598
2026-02-21 22:56:31,-35621.862068965514,-12263.068965517241,-11978.034482758621,-12613.48275862069,-12254.689655172413,-11828.275862068966
2026-02-21 22:57:01,-32789.55172413793,-10345.58620689655,-10022.310344827587,-10342.379310344828,-10304.241379310344,-9655.034482758621
2026-02-21 22:57:31,-36878.2110961691,-12701.458570394125,-11405.986000482742,-11943.139891727873,-11858.211785800491,-10929.312782317853
2026-02-21 22:58:01,-32974.722394647906,-12299.36547348093,-12086.143871991171,-12757.017725360369,-11970.342782260845,-11552.9346851507
2026-02-21 22:58:31,-61529.137931034486,-14840.172413793103,-13231.724137931034,-14491.206896551725,-14510.48275862069,-13558.48275862069
2026-02-21 22:59:01,-54149.71897520775,-12008.792800248266,-12771.214785697044,-12545.119133822971,-11952.863694355367,-11654.184338471086
2026-02-21 22:59:31,-55888.26815642458,-12982.309124767226,-12682.73674046486,-13997.448099868956,-12844.782398786123,-12183.116076970826
2026-02-21 23:00:01,-54570.34967928823,-13629.491689082006,-13514.483757500517,-14142.182219463411,-13559.831712531899,-12832.816056279744
2026-02-21 23:00:31,-59576.23612164678,-12385.18033239087,-12411.21301979174,-12540.652368802152,-12272.429487621544,-11531.72195021033
2026-02-21 23:01:01,-52240.4744663977,-11225.095686355642,-10278.99037964208,-12158.201441329607,-11127.68525223268,-10179.407606634253
2026-02-21 23:01:31,-53992.51749939656,-11495.569118306264,-11426.881831660976,-11084.479845522566,-11384.400537912485,-11022.792317506292
2026-02-21 23:02:01,-54110.448275862065,-12714.965517241379,-12479.48275862069,-13129.965517241379,-12703.206896551725,-12054.344827586207
2026-02-21 23:02:31,-55843.16700575881,-13396.22055932963,-11705.713990137589,-11895.548122349044,-12183.523569778266,-11553.088037518533
2026-02-21 23:03:01,-58328.94237732335,-11806.200213800474,-10650.78106141591,-12060.14000482775,-11184.833959791715,-10576.123314597053
2026-02-21 23:03:31,-92097.96889547913,-14110.003793234247,-13566.467809234799,-13718.817890272076,-14206.972654229454,-13525.087071967997
2026-02-21 23:04:01,-93059.75862068965,-12953.724137931034,-12477.379310344828,-12069.068965517241,-12044.827586206897,-11423.48275862069
2026-02-21 23:04:31,-92585.72413793103,-15279.551724137931,-14845,-18610.862068965518,-15317.689655172413,-14682.862068965516
2026-02-21 23:05:01,-87653.70159649666,-10329.885176373227,-9710.009999655183,-9985.86255646357,-10303.817109754835,-9650.598255232577
2026-02-21 23:05:31,-98340.27586206897,-16349.068965517241,-14125.793103448275,-14678.862068965516,-13793.758620689656,-13547.48275862069
2026-02-21 23:06:01,-100648.6672873349,-13387.986621150993,-11820.937209061754,-13523.74056067032,-12838.005586014275,-11681.355815316712
2026-02-21 23:06:31,-95021.82608095993,-16555.478932487415,-16197.469140059307,-15277.429142817737,-15188.952486035447,-14117.509137300876
2026-02-21 23:07:01,-93950.62068965517,-14416.51724137931,-15853.724137931034,-15123.655172413793,-14357.689655172413,-13991.034482758621
2026-02-21 23:07:31,-100703.2273636301,-16081.615061030274,-16606.165092062616,-16455.10654437625,-16072.65016205779,-15358.458037376733
2026-02-21 23:08:01,-87994.37911652125,-11424.911203834614,-9737.92199731025,-10387.565088451325,-10305.56226076761,-9677.23024931894
2026-02-21 23:08:31,-12439.172413793103,-10768.689655172413,-10179.827586206897,-10724.275862068966,-10792.931034482759,-10123.172413793103
2026-02-21 23:09:01,-13997.896551724138,-11637.620689655172,-11770.724137931034,-12019.862068965516,-11558.655172413793,-10894.413793103447
2026-02-21 23:09:31,-18776.481180096263,-13747.809827210083,-13132.933965857543,-13718.930710897192,-13649.122199522144,-13094.46310467814
2026-02-21 23:10:01,-16082.55457084727,-10919.721369702402,-10160.040001379357,-10589.330666574708,-10575.675023276663,-9930.687265078104
2026-02-21 23:10:31,-15947.724137931034,-11103.448275862069,-10511.448275862069,-11248.034482758621,-10912.413793103447,-10229.758620689656
2026-02-21 23:11:01,-16523.84564984999,-10820.648987896133,-10373.77150936239,-10663.333218386839,-10623.883582192488,-9984.689127211283
2026-02-21 23:11:31,-17701.817304044966,-12207.80026897479,-11606.77954412221,-12051.794889478946,-11969.378254422565,-11351.90868650643
2026-02-21 23:12:01,-17102.693196317112,-12692.71354184627,-11804.20014483258,-12422.807683023551,-12390.116900582778,-11791.889375495704
2026-02-21 23:12:31,-16633.620689655174,-10306.689655172413,-10325.48275862069,-10738.137931034482,-10738.51724137931,-10065.862068965516
2026-02-21 23:13:01,-15784.034482758621,-10883.103448275862,-9993.655172413793,-10105.862068965516,-10432.620689655172,-9750.310344827587
2026-02-21 23:13:31,-15737.39568246086,-11103.041589075108,-10618.801296641148,-11422.477412235326,-10890.682116008,-10238.568177115663
2026-02-21 23:14:01,-21448.532708024413,-14166.798855132934,-13072.623193903237,-14156.5571226594,-13776.440566916099,-13196.144694644641
2026-02-21 23:14:31,-19753.71564536708,-12066.519535156383,-12059.002034552914,-12165.764336701264,-11819.028242353183,-11625.883651160384
2026-02-21 23:15:01,-18052.862068965518,-11758.034482758621,-10428.241379310344,-11345.137931034482,-11416.241379310344,-10340
2026-02-21 23:15:31,-18729.783785647778,-11176.385392599743,-10790.716921273146,-11216.248836166762,-11006.414014276354,-10346.4602227663
2026-02-21 23:16:01,-18261.491775578466,-10907.996827476809,-9968.929963102175,-10764.33670126556,-10574.537053001826,-9910.583123555984
2026-02-21 23:16:31,-21163.695299837924,-12398.979275147418,-11288.803062174557,-12798.16545398117,-12299.458602020757,-11649.47067140246
2026-02-21 23:17:01,-19795.931034482757,-12264,-12223.344827586207,-12339.344827586207,-12332.103448275862,-11694.965517241379
2026-02-21 23:17:31,-19792.165247077482,-11343.115279837235,-10378.737197834407,-11361.702127659573,-11075.726749198247,-10440.773819786888
2026-02-21 23:18:01,-17912.620689655174,-10478,-10209.275862068966,-10660.172413793103,-10451.379310344828,-9787.862068965516
2026-02-21 23:18:31,-19515.15464983966,-10998.827626633563,-10425.39912416813,-11156.787696975965,-10957.656632529912,-10291.541670976861
2026-02-21 23:19:01,-24201.807021173874,-14449.375819022001,-13611.007655700392,-14892.613283674737,-14314.50444858266,-13631.802193254707
2026-02-21 23:19:31,-23355.391565226382,-10597.744749818958,-10521.155901927652,-10582.640780716574,-10568.985137418531,-9927.06645056726
2026-02-21 23:20:01,-22678.713059071,-11411.42798027518,-10363.633228732024,-10950.446567123003,-10890.927273354251,-10270.11276250905
2026-02-21 23:20:31,-24553.019069623086,-10808.855477775094,-10480.361391772129,-10814.786716783336,-10775.302596641262,-9771.26797475775
2026-02-21 23:21:01,-22802.55172413793,-10304.241379310344,-9724.48275862069,-9970,-10316.068965517241,-10023.448275862069
2026-02-21 23:21:31,-24277.35439153074,-11277.871650746576,-10098.830994172211,-11362.667678195798,-11006.65540191041,-10325.390530707955
2026-02-21 23:22:01,-24694.18580591765,-11096.937719842748,-11110.938685426581,-11248.913718187461,-11064.659631698738,-10420.270363473343
2026-02-21 23:22:31,-27040.96551724138,-13992.448275862069,-13041.034482758621,-14490.793103448275,-13477.172413793103,-12894.448275862069
2026-02-21 23:23:01,-23723.03448275862,-10443.448275862069,-9984.793103448275,-10671.551724137931,-10386.827586206897,-9717.931034482759
2026-02-21 23:23:31,-24922.273181833854,-10618.642022138692,-10287.83751163833,-10610.469326528499,-10615.538466843684,-9986.7236801269
2026-02-21 23:24:01,-31483.84427049208,-14487.085761577984,-14236.939204800163,-14237.801303493223,-14294.975688816854,-13188.351322459393
2026-02-21 23:24:31,-35172.65517241379,-11320.206896551725,-10772.655172413793,-12008.827586206897,-11253.58620689655,-10815.034482758621
2026-02-21 23:25:01,-33989.206524362904,-11087.520259319286,-10176.902651815579,-11107.451981102795,-10423.704265664332,-10080.79588951343
2026-02-21 23:25:31,-35840.20280757424,-11445.728279239815,-10899.52747214845,-11461.352740316626,-11752.905873831613,-10744.593522574414
2026-02-21 23:26:01,-32469.90070335126,-11200.489587643084,-11339.056681836988,-11218.969797269341,-11143.428492621706,-10205.350986070885
2026-02-21 23:26:31,-33998.68965517241,-12436.793103448275,-11928.51724137931,-12134.862068965516,-12098.58620689655,-11729.068965517241
2026-02-21 23:27:01,-39073.342298541436,-14964.518464880523,-14416.502879211062,-15770.66308058343,-14256.439433122998,-13954.656735974622
2026-02-21 23:27:31,-36280.94072209386,-12915.514328080277,-12233.249422393874,-12922.342149729298,-12850.201731094174,-11883.547708541671
2026-02-21 23:28:01,-35795.45532912658,-12512.775421537186,-12434.467776973206,-13212.958173856072,-12344.16054618806,-11120.271714768454
2026-02-21 23:28:31,-33675.94220888935,-11927.519740698595,-12050.101720630322,-12303.196441502016,-12298.886245301885,-11897.175959449673
2026-02-21 23:29:01,-45617.83263800297,-13957.86642761094,-13386.373823397582,-13967.727476467953,-13362.479743474814,-13358.72151156777
2026-02-21 23:29:31,-53108.45949580991,-11706.210987343518,-11995.965099837915,-13641.859502707177,-12779.080594544263,-11428.97541124944
2026-02-21 23:30:01,-52001.58615220165,-11706.630805834282,-11671.769938967624,-11254.646391503742,-10936.622875073273,-10598.600048274198
2026-02-21 23:30:31,-54261.620689655174,-11786.965517241379,-11145.51724137931,-11267.896551724138,-11680.758620689656,-10696.068965517241
2026-02-21 23:31:01,-57324.14910858994,-15009.896892996308,-13784.682230421737,-15061.795234318422,-14324.045656746783,-13574.571536949548
2026-02-21 23:31:31,-56457.774406013996,-14419.048932721817,-12427.39404807062,-13667.712679747576,-12938.170281733852,-12308.148556846787
2026-02-21 23:32:01,-53774.24137931034,-12593.275862068966,-11995.137931034482,-12018.241379310344,-11956.379310344828,-11289.689655172413
2026-02-21 23:32:31,-56114.61673735388,-11406.020482052341,-10796.282886797006,-11418.157994551912,-11366.642529567944,-10707.216992517499
2026-02-21 23:33:01,-57562.57112314217,-12882.237318528223,-13459.498603400116,-12971.619711024516,-12840.925549156866,-12208.97272319735
2026-02-21 23:33:31,-54332.81605627974,-10624.008552313953,-10046.348024001654,-10577.79846885992,-10622.629146837713,-9979.308917856404
2026-02-21 23:34:01,-70737.56982277085,-13881.284049375905,-13419.764154196262,-14372.560513068065,-14056.651265429971,-13281.80815116199
2026-02-21 23:34:31,-86344.36743560566,-10567.221819937242,-9984.483293679526,-10572.04923968139,-10546.843212303023,-9547.42939898624
2026-02-21 23:35:01,-96349.05855576246,-11886.612869853094,-11117.214980343471,-10998.206772880889,-10991.516656321126,-10655.148630940064
2026-02-21 23:35:31,-93549.63964274629,-14069.14031518328,-14528.363047001618,-15155.419152384562,-14092.31352805269,-13440.739335839166
2026-02-21 23:36:01,-89469.23925787985,-9990.137250844886,-9677.253603696807,-10281.536657700532,-10277.639837230154,-9625.181046968757
2026-02-21 23:36:31,-89185.58620689655,-12477,-12579.448275862069,-12219.896551724138,-12152.689655172413,-11492.448275862069
2026-02-21 23:37:01,-94405.53122521465,-13584.089106520913,-11957.722680092415,-12535.983999448255,-12484.878788923754,-11866.133314941893
2026-02-21 23:37:31,-95034.48275862068,-15762.344827586207,-12914.689655172413,-13883.172413793103,-13716.620689655172,-13071.551724137931
2026-02-21 23:38:01,-86802.11709537274,-10998.413902489485,-10771.98124267292,-11012.343976277498,-10979.277291221295,-10348.079442797049
2026-02-21 23:38:31,-95058.55576246638,-13100.00689702738,-14427.132905717635,-13134.595489344092,-13065.176908752328,-12371.57735016208
2026-02-21 23:39:01,-69855.79310344828,-10304.965517241379,-9674.413793103447,-10279.172413793103,-10321.344827586207,-9616.379310344828
2026-02-21 23:39:31,-12987.137487499567,-10762.026276768163,-10235.456395048104,-10798.88961688334,-10764.750508638228,-10102.382840787612
2026-02-21 23:40:01,-21662.160764164277,-13886.47884409807,-14850.787958205454,-14296.044691196246,-14206.731266595398,-13621.366254008757
2026-02-21 23:40:31,-16583.44827586207,-11796.413793103447,-11085,-11480.206896551725,-10984.51724137931,-10657.344827586207
2026-02-21 23:41:01,-16404.600158626155,-10759.371012793543,-10474.637056450221,-10746.680920031724,-11050.898306838166,-10085.96848167178
2026-02-21 23:41:31,-15939.7910272768,-11238.008207179557,-10485.947791303146,-10910.583123555984,-10883.444256698505,-9864.374633608055
2026-02-21 23:42:01,-17216.559191696262,-11863.788406496775,-11576.8129935515,-11564.329804476014,-11787.199558605467,-11528.707886478842
2026-02-21 23:42:31,-17346.667126452634,-12894.13428049243,-12095.141211765922,-13133.2459739991,-12701.88627194041,-12071.416255732955
2026-02-21 23:43:01,-16715.403979447565,-10509.983102865615,-9893.54805338115,-10750.267250594847,-10142.866995413633,-9827.063002172486
2026-02-21 23:43:31,-15875.58620689655,-10721.965517241379,-10304.034482758621,-10522.724137931034,-11091.310344827587,-10052.793103448275
2026-02-21 23:44:01,-15906.445049829303,-10824.89051346598,-9598.193041139348,-10817.95923997379,-10464.705679506189,-9832.649401703506
2026-02-21 23:44:31,-16014.804382921719,-10613.712087383643,-10320.097550922268,-10727.063511146223,-10606.842304125305,-9895.647992305843
2026-02-21 23:45:01,-21969.13899520706,-14491.534774662941,-13937.622840591703,-14732.354056756662,-14422.74404330885,-13811.385814282265
2026-02-21 23:45:31,-19196.33805730837,-10707.699734491915,-10298.782800593084,-10681.424778455916,-10681.21788903831,-10038.619357953175
2026-02-21 23:46:01,-18104.20330333437,-10898.417295955313,-10347.539740008966,-10937.174580186891,-10754.353298162134,-10092.996793214028
2026-02-21 23:46:31,-20364.758620689656,-11108.206896551725,-10656.206896551725,-10918.48275862069,-11061.793103448275,-10419
2026-02-21 23:47:01,-18301.379310344826,-10474.275862068966,-9869.241379310344,-10790.48275862069,-10418.862068965516,-9808.034482758621
2026-02-21 23:47:31,-18636.47022311114,-10705.645022242144,-10304.251870754162,-10661.333149418944,-10710.57622676644,-10030.001034518431
2026-02-21 23:48:01,-17375.909514121173,-10309.769302389735,-9730.611400393116,-10293.113555639848,-10316.907479568259,-9646.711955584675
2026-02-21 23:48:31,-21706.217026999067,-13463.294369159683,-12964.89776214613,-13995.586359091065,-13346.09151408572,-12734.94017447674
2026-02-21 23:49:01,-18385.496051587983,-11456.429532052827,-10774.785337425426,-10984.82706300217,-11460.567605779508,-10809.717576468152
2026-02-21 23:49:31,-20154.610026894698,-10740.98338045652,-10158.506309909662,-11247.05192745328,-10723.053582511551,-9760.844079718641
2026-02-21 23:50:01,-28154.472105372046,-14390.421350251707,-13729.984139024895,-14300.944762430177,-14239.811047513966,-13928.694572788085
2026-02-21 23:50:31,-22906.4450498293,-10535.087416807475,-9955.826062967688,-10506.08641677299,-10530.776923342182,-9858.753750129314
2026-02-21 23:51:01,-24304.62068965517,-10818.034482758621,-10453.379310344828,-10480.758620689656,-10772.172413793103,-10138.379310344828
2026-02-21 23:51:31,-23781.574319897943,-11812.709030100335,-11007.275109471435,-11655.104644347139,-10966.141433644796,-10658.13881322622
2026-02-21 23:52:01,-23632.827586206895,-10296.275862068966,-9705,-10268.379310344828,-10630.758620689656,-9607
2026-02-21 23:52:31,-23705.127763026307,-11395.599848270629,-11290.354839822061,-11138.935825373288,-11111.79695851581,-10442.498017173004
2026-02-21 23:53:01,-26554.34107992552,-13044.47969105579,-12823.046686435418,-13230.397903592857,-13117.474656920213,-12395.662368112544
2026-02-21 23:53:31,-23796.1724137931,-10812.689655172413,-10440.034482758621,-10790.689655172413,-10793.620689655172,-10132.344827586207
2026-02-21 23:54:01,-25536.74011240992,-11203.372297506983,-10038.067652839558,-11175.821523395745,-10942.588186614255,-10238.888314196063
2026-02-21 23:54:31,-23881.03448275862,-11501.827586206897,-11257.206896551725,-11143.034482758621,-11279.724137931034,-10546.620689655172
2026-02-21 23:55:01,-37265.43912278887,-15074.135374642256,-14046.239784835007,-14970.966518395919,-14619.66828730044,-13881.831660977208
2026-02-21 23:55:31,-33185.200510327224,-10766.111513396088,-10210.441019275197,-10555.222233716078,-10812.385779800696,-10121.340643426087
2026-02-21 23:56:01,-33924.4508810041,-10548.36040136547,-10229.267956277368,-11070.376883555738,-10541.326161166855,-9845.901865452914
2026-02-21 23:56:31,-34475.638771076854,-10710.320333781592,-9820.07516982173,-10693.079548981068,-10733.112651287885,-10021.06823902624
2026-02-21 23:57:01,-32575.103448275862,-10311.48275862069,-10043.241379310344,-10307.896551724138,-10314.413793103447,-9624.51724137931
2026-02-21 23:57:31,-33974.587083204024,-12108.203165408087,-10825.419813109891,-12080.445501879243,-11030.27481810972,-10773.180235164304
2026-02-21 23:58:01,-35195.6274354288,-10813.855650194833,-10666.264353943237,-11624.435325356046,-11213.490120348975,-10114.245318804094
2026-02-21 23:58:31,-36086.10344827586,-14523.793103448275,-14808.413793103447,-14526.379310344828,-14523.379310344828,-13890.793103448275
2026-02-21 23:59:01,-34694.80362746112,-12028.89555532568,-11470.018275231889,-12062.584048825904,-11639.598634529844,-11010.965139133134
2026-02-21 23:59:31,-35627.426640460675,-11857.21182028206,-11637.391814075378,-11891.589945174306,-11868.3493672632,-11176.269783800559
2026-02-22 00:00:01,-57665.28740388263,-13526.499086238407,-13364.918451087895,-14289.403813661598,-14016.206337712494,-13261.715113271957
2026-02-22 00:00:31,-54153.55172413793,-11894.344827586207,-12194.827586206897,-12474.965517241379,-11912.724137931034,-11816.344827586207
2026-02-22 00:01:01,-55561.3448275862,-11785.58620689655,-11660.172413793103,-12326.034482758621,-11412.275862068966,-10761.931034482759
2026-02-22 00:01:31,-54986.206896551725,-11351.448275862069,-10307.931034482759,-10852.724137931034,-10893.103448275862,-10204.724137931034
2026-02-22 00:02:01,-53010,-11002.862068965516,-10853.655172413793,-11437.448275862069,-10997.344827586207,-10326.862068965516
2026-02-22 00:02:31,-53530.007579411555,-11053.434851512437,-10799.800179149726,-11931.647488458622,-11022.600427203197,-10678.977468476538
2026-02-22 00:03:01,-59517.01078901107,-14349.040019303024,-12898.555720244045,-13446.796042880287,-13383.061597325153,-12819.62014408328
2026-02-22 00:03:31,-56494.4486587132,-13459.278670436523,-13799.462106061652,-13999.241431625405,-12812.047445003793,-13117.371215778223
2026-02-22 00:04:01,-55311.793103448275,-11282.172413793103,-11332.896551724138,-12842.793103448275,-11255.793103448275,-11209.48275862069
2026-02-22 00:04:31,-56491.155477397326,-12986.483224716387,-13075.893934691905,-13123.340574462947,-12024.654322264749,-12291.783041964069
2026-02-22 00:05:01,-98090.6896551724,-16446.103448275862,-16842.620689655174,-15699.793103448275,-16096.931034482759,-15102.275862068966
2026-02-22 00:05:31,-98090.06585979792,-15217.1649253474,-16479.05244646736,-16333.747112168545,-15143.926071514774,-14412.468535567737
2026-02-22 00:06:01,-91679.88414592098,-19523.30873732846,-16364.8024274188,-16019.205572029516,-15857.458106337495,-15149.541410937178
2026-02-22 00:06:31,-92510.98237991794,-14646.736319437263,-13139.75380159305,-13718.768318333852,-13665.839108996242,-13020.482052343024
2026-02-22 00:07:01,-95473.2595427744,-18690.976173235405,-17191.165821868213,-17977.035274645703,-16602.91024447433,-15971.725112927143
2026-02-22 00:07:31,-91574.13793103448,-12095.310344827585,-12709.931034482759,-12249.620689655172,-12144.206896551725,-11484.793103448275
2026-02-22 00:08:01,-101856.17737319402,-11177.097341470982,-10593.082997138028,-10836.55736009103,-11164.925347401813,-10509.706561842693
2026-02-22 00:08:31,-95579.37931034483,-18924.620689655174,-16424.862068965518,-18329.51724137931,-16906.241379310344,-16227.448275862069
2026-02-22 00:09:01,-100560.63584014343,-16124.961208234197,-15648.73625047412,-15360.470328609357,-14864.142615771869,-14407.192855418776
2026-02-22 00:09:31,-88337.71249267267,-10569.428640391712,-9985.276369780353,-10533.119547601807,-10895.279473121618,-9879.383469535534
2026-02-22 00:10:01,-20307.793103448275,-14303.103448275862,-11754.793103448275,-12799.241379310344,-12273.827586206897,-11539.724137931034
2026-02-22 00:10:31,-10978.793834695354,-10580.807558360055,-10023.240577911105,-10584.841902003378,-10624.288817626977,-9925.623254370537
2026-02-22 00:11:01,-16801.917373611977,-13543.934064418238,-12915.06310780054,-13228.912338781987,-13179.529622732605,-12580.48830953859
2026-02-22 00:11:31,-18211.6060961313,-12323.494931384043,-11304.461761257844,-12214.192124681056,-12147.162264671402,-11543.928004965175
2026-02-22 00:12:01,-15905.134659815854,-10513.569433428738,-10398.082692506636,-10479.878616504016,-10491.085899513775,-9860.650367254042
2026-02-22 00:12:31,-15158.437349148335,-11123.474243155644,-10223.053582511551,-10774.946555409972,-10783.463209433832,-10120.095165850631
2026-02-22 00:13:01,-16124.198331149577,-10448.624232811531,-10032.446038204262,-10458.278739397283,-10457.658092545342,-9819.908971795048
2026-02-22 00:13:31,-15850.522395779453,-10581.255818764868,-9972.104410192751,-10534.153994689837,-10527.878349022447,-9852.418882107513
2026-02-22 00:14:01,-16026.862068965516,-10090.51724137931,-9838.448275862069,-10560.034482758621,-10409.448275862069,-9776.241379310344
2026-02-22 00:14:31,-15917.758620689656,-11151.620689655172,-10285.896551724138,-10634.620689655172,-10669.48275862069,-10028.310344827587
2026-02-22 00:15:01,-17877.689655172413,-12607.724137931034,-12099.48275862069,-12859.51724137931,-12484.137931034482,-11504.206896551725
2026-02-22 00:15:31,-16854.48777628358,-12337.333195407056,-11574.945691527879,-12608.944519154513,-12141.443398503501,-11938.553842970932
2026-02-22 00:16:01,-22084.589123762886,-14265.009138246145,-13812.510776233661,-14385.082244215315,-14298.493051484533,-13688.954791544535
2026-02-22 00:16:31,-19381.745457053206,-11039.79173131961,-10325.230164477089,-10024.447432847144,-10712.11337540085,-10042.239922761284
2026-02-22 00:17:01,-17589.951377633708,-10500.913824614641,-9763.819442049724,-11023.759439980688,-10358.770992103175,-9707.403703575985
2026-02-22 00:17:31,-18314.437433191957,-11020.033791938207,-10287.507327333538,-10630.598944863968,-10852.177511120304,-10175.614633978137
2026-02-22 00:18:01,-20389.875512948718,-10887.996137797854,-11293.837718542018,-12106.693334252903,-11392.944584296009,-10764.164281526948
2026-02-22 00:18:31,-20739.56070480328,-13676.218061446156,-12637.21940622737,-12872.556118754525,-12887.796972518188,-11995.75876693907
2026-02-22 00:19:01,-18590.344827586207,-10722.793103448275,-9963.620689655172,-10578.344827586207,-10534.862068965516,-9887.758620689656
2026-02-22 00:19:31,-17788.283162649564,-10666.977000793077,-10099.444846729424,-10868.866590807214,-10693.907106651495,-10349.091410641013
2026-02-22 00:20:01,-18614.0955796152,-11281.187504310048,-10523.032894283153,-11284.497620853735,-11100.92407420178,-10436.383697676023
2026-02-22 00:20:31,-21179.022136404386,-13026.687814633475,-12410.971657127095,-13383.628715261017,-12745.017584994139,-11629.887593959038
2026-02-22 00:21:01,-28755.758620689656,-15555.344827586207,-15489.344827586207,-15821.58620689655,-15724.137931034482,-15569.310344827585
2026-02-22 00:21:31,-22190.85706405571,-10856.27111632076,-9957.80183410329,-10545.438874715575,-10568.77887333655,-9892.815279597326
2026-02-22 00:22:01,-22841.152745699615,-10601.227205350066,-10327.070909028234,-10533.627494915372,-10550.966941294082,-9903.236926471096
2026-02-22 00:22:31,-23670.64340390318,-11402.248120819255,-10713.157713261155,-10718.053927315357,-11013.964554168679,-10409.10971657127
2026-02-22 00:23:01,-23851.132797682676,-11047.518879961377,-10927.100934514981,-11607.848546501602,-10983.620124831888,-10365.150522431806
2026-02-22 00:23:31,-27369.673148531238,-12891.359812439663,-12550.372362432767,-12201.972141773547,-12857.192111432905,-12216.797683078195
2026-02-22 00:24:01,-24161.44827586207,-11765.172413793103,-11445.206896551725,-12949.896551724138,-11789.965517241379,-11109.241379310344
2026-02-22 00:24:31,-23236.156127163646,-10530.446176125784,-9950.382732225364,-10548.513895593407,-10545.307220191711,-9868.97455347907
2026-02-22 00:25:01,-25092.927830074826,-11506.465294300198,-11631.047205268786,-11758.49108651426,-11502.017171821662,-10488.776249094859
2026-02-22 00:25:31,-24369.18143576305,-11064.133508033929,-10690.538583545962,-11032.72188124957,-10705.882352941177,-10753.94800358596
2026-02-22 00:26:01,-34733.31034482759,-14448.448275862069,-14355.827586206897,-14510.034482758621,-14703.448275862069,-13679.034482758621
2026-02-22 00:26:31,-34296.88631426502,-11064.583979862762,-10204.441226164614,-10793.696769076927,-10779.180028274886,-10105.099824143994
2026-02-22 00:27:01,-35715.812702572235,-10619.543479760017,-10300.3585959589,-10943.934901041308,-10279.877249844838,-9955.037583614923
2026-02-22 00:27:31,-33233.4747077687,-10973.242301989587,-10086.85907382504,-11298.610392745079,-11306.679080031723,-10327.26457708355
2026-02-22 00:28:01,-32455.62068965517,-10762.620689655172,-10487.551724137931,-10779,-10775.310344827587,-10093.931034482759
2026-02-22 00:28:31,-33287.1724137931,-11029.413793103447,-10799.931034482759,-11020.310344827587,-10647.965517241379,-10308.034482758621
2026-02-22 00:29:01,-32571.793103448275,-10501.48275862069,-10244.413793103447,-10484.068965517241,-10823.103448275862,-9827.51724137931
2026-02-22 00:29:31,-37206.71700975828,-12513.327126650804,-12049.756904934311,-12674.01124099169,-12530.361022033721,-11856.453225750834
2026-02-22 00:30:01,-35108.3755732561,-10800.386193579532,-10514.223647460432,-11159.546222544051,-10791.38650391366,-9824.695700148271
2026-02-22 00:30:31,-32993.68965517241,-11485.51724137931,-10442.448275862069,-10992.068965517241,-11030.724137931034,-10732.793103448275
2026-02-22 00:31:01,-54278.19730354125,-13976.72494051929,-13363.608151443052,-14335.057411813385,-13616.84079859315,-13303.403330919622
2026-02-22 00:31:31,-51991.51782635681,-10548.100131025447,-9960.761326805048,-10515.723053582513,-10869.595200331012,-9876.629197986345
2026-02-22 00:32:01,-58693.53837666368,-15532.583959726917,-13526.584373491483,-14984.552789462796,-13700.95165850631,-13064.616233363216
2026-02-22 00:32:31,-50345.03448275862,-11415.379310344828,-11151.413793103447,-12246.206896551725,-11385.448275862069,-10691.862068965516
2026-02-22 00:33:01,-55931.24137931034,-10855.48275862069,-11136,-11156.793103448275,-11149.379310344828,-10500.724137931034
2026-02-22 00:33:31,-49956.96551724138,-10883.827586206897,-9976.034482758621,-10548.448275862069,-10578.275862068966,-9906.620689655172
2026-02-22 00:34:01,-57431.2609910003,-13712.665080514464,-12023.206096341504,-13242.750249991377,-12571.290645150166,-11892.624392262334
2026-02-22 00:34:31,-53299.75862068965,-12116.48275862069,-11569.103448275862,-12494.862068965516,-12188.551724137931,-11405.413793103447
2026-02-22 00:35:01,-49639.58620689655,-10331.655172413793,-9732.448275862069,-10632.827586206897,-10319.034482758621,-9629.931034482759
2026-02-22 00:35:31,-57786.31771318231,-11378.124892245096,-10861.694424330197,-11974.31123064722,-10298.506948036276,-10697.906968725218
2026-02-22 00:36:01,-82157.23053582512,-14188.952486035447,-12769.188331839185,-13435.176884352804,-14364.181780566858,-12657.644300393076
2026-02-22 00:36:31,-90125.8664091865,-13612.676299182729,-11972.378357874408,-14079.451015552258,-12919.824821545568,-12180.420014483256
2026-02-22 00:37:01,-89935.51946484605,-13990.000344815697,-12792.869211406503,-14030.274818109721,-13010.723768145926,-12366.987345263957
2026-02-22 00:37:31,-91793.75862068965,-10575.48275862069,-9995.758620689656,-10590,-10566.689655172413,-9929.379310344828
2026-02-22 00:38:01,-86025.03361953037,-11232.543705389471,-10272.783697113893,-10880.17654563636,-10868.970035516018,-10167.166649425882
2026-02-22 00:38:31,-94908.3479880004,-11634.667770076892,-10638.288334885003,-11215.578773145753,-11292.403710216888,-10633.943657115271
2026-02-22 00:39:01,-96598.84823614606,-13061.071071416254,-11138.004758784784,-12047.622331804543,-11947.44646367116,-11268.354081175212
2026-02-22 00:39:31,-89389.52486035446,-12152.71360595821,-10815.219640024827,-11997.06916764361,-11073.132887387077,-10437.762912902559
2026-02-22 00:40:01,-91201.40684803973,-14018.99934485018,-13412.020275162926,-15064.79086928037,-14030.343781248923,-13320.057929036931
2026-02-22 00:40:31,-88751.24995689804,-12186.993551946485,-11646.598393158858,-12203.130926519776,-12166.545981173063,-11503.292989896901
2026-02-22 00:41:01,-37084.54589338666,-15082.408109785532,-12410.00620646852,-13011.13716295428,-12895.455485828565,-12252.879111785394
2026-02-22 00:41:31,-10820.172413793103,-11203.034482758621,-10030.310344827587,-10263.793103448275,-10647.724137931034,-9940.758620689656
2026-02-22 00:42:01,-20320.747560428954,-14163.994345022587,-13630.633426433573,-14200.92410606531,-14141.477880073102,-13520.740664115032
2026-02-22 00:42:31,-22785.44827586207,-11794.172413793103,-11219.448275862069,-11799.310344827585,-11736.448275862069,-11172.551724137931
2026-02-22 00:43:01,-21408.64108134202,-10741.870969966552,-10168.339022792316,-11140.926174959483,-10726.595634633288,-10067.894210544462
2026-02-22 00:43:31,-21509.430709285883,-10895.865659804833,-10002.172338884864,-10240.922726802522,-10577.118030412743,-9891.210647908692
2026-02-22 00:44:01,-20444.088134891903,-10759.8358677287,-10117.44422606117,-11382.986793558845,-10712.458191096859,-10070.825143960554
2026-02-22 00:44:31,-23646.736319437263,-11772.9733457467,-11186.510809972071,-11810.765146029447,-11441.191683045414,-10767.69766559774
2026-02-22 00:45:01,-20157.931034482757,-10563.827586206897,-9923.758620689656,-10537.689655172413,-10541.655172413793,-9881
2026-02-22 00:45:31,-24083.215505052245,-11429.044383901783,-10489.119564092836,-11755.974756009242,-11069.007138669516,-10112.908231886056
2026-02-22 00:46:01,-22583.698238113302,-11183.463779609006,-10051.477433368964,-10625.038789090784,-10621.970141019896,-10287.521980484778
2026-02-22 00:46:31,-23457.122168201095,-11078.411089272782,-10809.110030688596,-11054.963621944069,-11020.41308920382,-10034.964311575462
2026-02-22 00:47:01,-27960.724137931033,-14915.58620689655,-13880.241379310344,-14823.275862068966,-14413.689655172413,-14126.862068965516
2026-02-22 00:47:31,-22352.436122892315,-11678.56280817903,-12014.344332954037,-11659.735871176857,-11622.32336815972,-10966.483914347782
2026-02-22 00:48:01,-21262.818523499187,-10751.146512189234,-10129.892072687147,-11051.239612427156,-10697.73456087721,-9747.801799937932
2026-02-22 00:48:31,-21222.03448275862,-11249.931034482759,-10407.58620689655,-10962.931034482759,-10949.275862068966,-10624.068965517241
2026-02-22 00:49:01,-20957.62215096031,-10761.835798765558,-10164.994310541015,-11060.791007206646,-10724.04399848281,-9801.73097479397
2026-02-22 00:49:31,-21020.861349608636,-11101.962001310301,-10137.443536429779,-10740.181373056103,-10713.940898589704,-10388.021102720597
2026-02-22 00:50:01,-22073.209421014515,-11631.74592227318,-10712.265940204834,-11626.849201696608,-10811.993517017827,-10515.017759233075
2026-02-22 00:50:31,-22236.068965517243,-11127.51724137931,-10841.551724137931,-11135,-11534.58620689655,-10552.068965517241
2026-02-22 00:51:01,-21301.931034482757,-10303.344827586207,-9696.206896551725,-10288.344827586207,-10280.344827586207,-9340.137931034482
2026-02-22 00:51:31,-23449.62068965517,-11778.51724137931,-10905.48275862069,-11507.034482758621,-11433.724137931034,-11120.758620689656
2026-02-22 00:52:01,-27131.25948406677,-14801.317423092842,-14616.947165126225,-15263.001793350808,-14783.211477445166,-14136.329148848117
2026-02-22 00:52:31,-24310.166511531697,-11202.675216327092,-10980.6598407281,-10907.16034060744,-10884.993277484744,-10249.939669734891
2026-02-22 00:53:01,-24219.827586206895,-11366.551724137931,-10714.896551724138,-10554.48275862069,-10878.172413793103,-10177.103448275862
2026-02-22 00:53:31,-26696.817131625226,-11923.790475533637,-11243.66357460602,-12965.895375702608,-11076.623331839028,-10774.68188558226
2026-02-22 00:54:01,-27262.7782571182,-12397.411561691111,-10922.864538395166,-12399.137187230368,-11961.035375323552,-11018.94736842105
2026-02-22 00:54:31,-24672.541040143467,-12264.001931300869,-12000.344875155195,-12522.89971030487,-11735.377293419782,-10932.301007035454
2026-02-22 00:55:01,-23238.068965517243,-10993.965517241379,-10725.896551724138,-11009.862068965516,-10983.58620689655,-10327.551724137931
2026-02-22 00:55:31,-24793.206896551725,-10619.51724137931,-10030.862068965516,-10609.896551724138,-10603.965517241379,-9940.689655172413
2026-02-22 00:56:01,-23611.67626469878,-10303.493223904272,-9693.679092382494,-10277.457843373908,-10277.113003896684,-9621.159350322423
2026-02-22 00:56:31,-24238.991758904867,-10781.21444088135,-10204.820523430228,-11119.06485983242,-10774.869832074757,-9615.530498948312
2026-02-22 00:57:01,-30988.514865144516,-13823.135821204389,-13364.454714768573,-13843.415879147411,-13805.132096295787,-13663.516589639237
2026-02-22 00:57:31,-33963.52227278996,-11383.567783753964,-9949.903461591504,-10628.18921528065,-10554.268376775617,-9962.867190732311
2026-02-22 00:58:01,-32957.275862068964,-12459.58620689655,-10994.965517241379,-11881.862068965516,-11522.965517241379,-10797.344827586207
2026-02-22 00:58:31,-35867.34940174477,-11281.921313058168,-11203.751594772593,-11304.127443881243,-10906.934243646769,-10624.909485879796
2026-02-22 00:59:01,-35522.06896551724,-13401.448275862069,-12772.137931034482,-13427.896551724138,-13262.241379310344,-12206.827586206897
2026-02-22 00:59:31,-32605.724137931033,-10572.551724137931,-9972,-10555.206896551725,-10543.620689655172,-9887.551724137931
2026-02-22 01:00:01,-39274.881026277675,-13450.375887992275,-11681.667701220773,-13050.072418787502,-12484.24029243396,-11789.399268915096
2026-02-22 01:00:31,-37728.50148265637,-13182.159851044757,-13888.62837045721,-12759.395903730778,-12955.692710847528,-12265.429970346873
2026-02-22 01:01:01,-36731.90579635184,-12640.426192200268,-11387.159063480569,-12771.11134098824,-11772.214751215473,-11200.855142926104
2026-02-22 01:01:31,-36424.8275862069,-11836.344827586207,-11324.689655172413,-12682.344827586207,-11840.724137931034,-11164.862068965516
2026-02-22 01:02:01,-47469.74242267507,-14649.598289714146,-13852.315437398709,-14477.707665252921,-14473.500913761593,-13764.456398055238
2026-02-22 01:02:31,-56919.48553498155,-11323.988827971449,-10711.596151856831,-12001.655115340849,-11325.988759008309,-10636.460811696146
2026-02-22 01:03:01,-61178.1724137931,-12183.827586206897,-12710.241379310344,-12829.827586206897,-12492.551724137931,-11814.103448275862
2026-02-22 01:03:31,-55539.03448275862,-14685.827586206897,-13694,-13541.172413793103,-13438.793103448275,-12793.827586206897
2026-02-22 01:04:01,-52370.15964966726,-10344.436398744872,-9713.49263818489,-10313.265059825524,-9998.793145063964,-9668.287300437916
2026-02-22 01:04:31,-55574.89655172414,-12843.931034482759,-12324.965517241379,-11693.724137931034,-12315.172413793103,-11366.758620689656
2026-02-22 01:05:01,-58976.311161684076,-17536.84355711872,-17181.61442708872,-18263.47367332161,-14232.164408123856,-14879.245543257128
2026-02-22 01:05:31,-54892.06896551724,-13226.137931034482,-12672.551724137931,-14804.103448275862,-14860.827586206897,-12810.655172413793
2026-02-22 01:06:01,-53181.206896551725,-12570.379310344828,-11153.379310344828,-12152.51724137931,-11746.896551724138,-11074.896551724138
2026-02-22 01:06:31,-60302.9550705148,-16544.18813144374,-15256.95665666701,-15001.241336505636,-14814.799489672769,-14309.472087169406
2026-02-22 01:07:01,-73733.58620689655,-15444.931034482759,-16141.965517241379,-14367.965517241379,-14657.172413793103,-13974.413793103447
2026-02-22 01:07:31,-90838.62068965517,-13606.275862068966,-11754.344827586207,-12677.51724137931,-12276.51724137931,-11335.034482758621
2026-02-22 01:08:01,-95114.06896551725,-14266.103448275862,-12428.137931034482,-12792.51724137931,-12732.931034482759,-12437.379310344828
2026-02-22 01:08:31,-96269.13793103448,-11234.551724137931,-10314.724137931034,-11221,-11242.275862068966,-10553.724137931034
2026-02-22 01:09:01,-86505.44790014482,-11297.944969312462,-10984.621750224123,-11196.951934349356,-11176.367147093304,-10531.756430590995
2026-02-22 01:09:31,-99214.36452658438,-12245.879594510723,-12254.878973863872,-12327.425694779671,-12163.023239776569,-11458.382180539274
2026-02-22 01:10:01,-93177.55172413793,-11678.172413793103,-11148.103448275862,-11655.620689655172,-11561.758620689656,-10994.758620689656
2026-02-22 01:10:31,-94286.35956140957,-14434.176953313565,-14314.185228604925,-13706.02027446383,-13662.506034066617,-12856.699537962899
2026-02-22 01:11:01,-93104.79310344828,-15156.448275862069,-16225.448275862069,-15278.58620689655,-15334.310344827585,-14584.172413793103
2026-02-22 01:11:31,-92271.1724137931,-14600.068965517241,-13495.448275862069,-15587.172413793103,-14013.103448275862,-13445.58620689655
2026-02-22 01:12:01,-61626.96551724138,-13071.896551724138,-13515.58620689655,-14969.241379310344,-13244.724137931034,-12429.379310344828
2026-02-22 01:12:31,-20668.068965517243,-15124.137931034482,-13914.620689655172,-14594.758620689656,-14560.172413793103,-13898.862068965516
2026-02-22 01:13:01,-22215.724137931033,-11051.068965517241,-10130.827586206897,-10397.413793103447,-10681.965517241379,-10034.896551724138
2026-02-22 01:13:31,-22722.724137931033,-11618.551724137931,-11019.58620689655,-11610.379310344828,-10920,-10285.068965517241
2026-02-22 01:14:01,-22058.51522361298,-12044.653632633359,-11257.508361780629,-11036.791834764319,-11063.239198648324,-10419.39933105755
2026-02-22 01:14:31,-21750.379310344826,-12066.58620689655,-11133.206896551725,-12451.724137931034,-11305.137931034482,-10670.793103448275
2026-02-22 01:15:01,-19944.896551724138,-10384.827586206897,-10135.58620689655,-10371.379310344828,-10323.758620689656,-9669.103448275862
2026-02-22 01:15:31,-22057.96351849936,-12589.324506051515,-10779.00762042688,-11439.19175200855,-11139.477949036238,-10393.951932691974
2026-02-22 01:16:01,-25160.758620689656,-10685.793103448275,-10151.275862068966,-11001.827586206897,-10555.931034482759,-9940.827586206897
2026-02-22 01:16:31,-21849.310344827587,-11056.58620689655,-10706.758620689656,-11046,-10740,-10068.862068965516
2026-02-22 01:17:01,-20815.8339367608,-10826.00599979311,-9814.696044963966,-10364.987414227095,-10356.64287438364,-9684.424675011205
2026-02-22 01:17:31,-25827.8561329701,-14869.305838132348,-14072.968033380459,-14475.843994620502,-14352.563881513153,-13723.783578744093
2026-02-22 01:18:01,-21062.342677838697,-10325.816351160305,-9712.80300679287,-10312.023723319886,-10320.092410606532,-9363.056446329438
2026-02-22 01:18:31,-22001.96558502017,-12477.706127797508,-10843.51184523604,-11610.883133901167,-11361.35728818235,-10943.549777578535
2026-02-22 01:19:01,-21901.524032825324,-10432.625336183712,-9811.219915867872,-10416.143714226606,-10393.38666298876,-9737.466381628854
2026-02-22 01:19:31,-21507.67214923623,-10804.903279197268,-10543.532981621322,-10817.247681114442,-10801.765456363572,-10118.099375883588
2026-02-22 01:20:01,-20396.84838453846,-10418.537291817522,-10142.339919313126,-11044.963966759766,-10712.009930692044,-10062.066825281885
2026-02-22 01:20:31,-21761.68143729094,-11530.707955446738,-10585.778819959307,-11506.914031518327,-11181.557984758094,-10525.328459602053
2026-02-22 01:21:01,-24239.198648322472,-11413.640908934176,-10854.142960587567,-10765.249474156064,-11083.272990586533,-10417.226992172684
2026-02-22 01:21:31,-21512.036142916266,-11292.316181542283,-10380.535246240861,-10969.685473858464,-10962.374120568355,-10295.730445578702
2026-02-22 01:22:01,-21633.624107850916,-12204.461607419924,-11435.058442230116,-12277.936765162227,-11579.595214288178,-10469.468675654243
2026-02-22 01:22:31,-26443.275862068964,-14498.896551724138,-14002.620689655172,-14575.724137931034,-14521.931034482759,-14164.689655172413
2026-02-22 01:23:01,-25416.9022826012,-10438.107716709193,-9813.32321908834,-10428.591131646093,-10413.385283773534,-9745.017584994139
2026-02-22 01:23:31,-23911.62373711251,-11147.994896727698,-10902.968863142649,-11506.120478604185,-11150.787903865383,-10464.052963690907
2026-02-22 01:24:01,-25554.39842753198,-10649.505155350183,-10751.267285078795,-10656.815752267317,-10641.677299217214,-9982.826994034276
2026-02-22 01:24:31,-24098.165643748707,-10986.862974967244,-10783.049444865872,-11325.598234604511,-10974.6569202124,-10320.253775601683
2026-02-22 01:25:01,-25035.343608841078,-11557.18768318334,-10649.218992448537,-11215.958070411367,-11224.785352229235,-10565.325333609188
2026-02-22 01:25:31,-24313.068965517243,-11243.655172413793,-10566.172413793103,-11912.137931034482,-11228.620689655172,-10454.758620689656
2026-02-22 01:26:01,-28583.103448275862,-11722.620689655172,-11518.827586206897,-11699.896551724138,-11728.379310344828,-11032.862068965516
2026-02-22 01:26:31,-24548.567290783074,-10844.626047377675,-10294.645012240955,-10870.590669287265,-10843.039895176027,-10140.719285541876
2026-02-22 01:27:01,-24011.41379310345,-10769.275862068966,-10499.310344827587,-11097.758620689656,-10752.689655172413,-10092.275862068966
2026-02-22 01:27:31,-33591.60028964518,-15496.08634185028,-15705.286024619838,-15831.97131133409,-15155.408434191922,-14181.407537671113
2026-02-22 01:28:01,-33522.39423507913,-11087.197876081786,-10448.919077336828,-11629.727959176638,-11040.788883908563,-10342.137020308246
2026-02-22 01:28:31,-36572.959889349935,-12204.149377593361,-10858.022130013833,-11353.354080221301,-11388.174273858922,-11036.237897648687
2026-02-22 01:29:01,-33277.43870901003,-11084.066066687354,-10172.890589979655,-11858.108341091685,-10788.834867763178,-10105.582566118408
2026-02-22 01:29:31,-35687.58620689655,-13178.58620689655,-12491.724137931034,-14363.103448275862,-12455.344827586207,-11840.034482758621
2026-02-22 01:30:01,-32786.68229938963,-10309.355495017067,-9708.231318321321,-10656.057105417427,-10309.389978964791,-9649.987930618296
2026-02-22 01:30:31,-36972.55077761302,-12305.045001551776,-10888.272009379632,-11396.80678644091,-11307.458877892339,-10750.543122176625
2026-02-22 01:31:01,-35793.26160424857,-11530.691771846334,-10477.688116421821,-11070.66004552038,-11014.72515345886,-10357.059107524656
2026-02-22 01:31:31,-35242.61232371297,-11659.460018620046,-11537.87800420675,-11483.431605806694,-11609.116927002517,-10872.625081893726
2026-02-22 01:32:01,-36201.75862068965,-11482.206896551725,-11085.48275862069,-12695.758620689656,-11489.068965517241,-10851
2026-02-22 01:32:31,-51185.55172413793,-13869.896551724138,-13717.448275862069,-13932.758620689656,-13986.172413793103,-13272.310344827585
2026-02-22 01:33:01,-55851.339701369005,-10852.167316114348,-10332.183868409255,-11949.722404220833,-10846.75333632194,-10223.455981240731
2026-02-22 01:33:31,-55226.8275862069,-10588.551724137931,-9985.206896551725,-10599,-10570.965517241379,-9896.896551724138
2026-02-22 01:34:01,-56146.384358081305,-16193.62736646091,-17344.873961171073,-16774.268078209592,-15393.461843511843,-14704.196696437806
2026-02-22 01:34:31,-55778.32953996828,-14947.272225670738,-13709.669632388443,-15295.020346230776,-14150.148286088699,-13402.92433960963
2026-02-22 01:35:01,-57349.89655172414,-11854.551724137931,-11285.48275862069,-14373.827586206897,-11766.58620689655,-11153.448275862069
2026-02-22 01:35:31,-58684.80397227681,-13391.676149098304,-13632.012689217612,-13340.712389227956,-13319.644150201715,-12632.081652356814
2026-02-22 01:36:01,-54340.77037139211,-12894.272216283318,-11218.904100141383,-11814.85568467878,-11712.81768336839,-11055.208800303457
2026-02-22 01:36:31,-58243.30195510499,-13327.505948070755,-13191.131340298609,-14302.748181097202,-12851.867176993896,-12166.235647046653
2026-02-22 01:37:01,-60595.807041136504,-13426.088755560151,-13392.745077755937,-14042.033033343676,-13456.501499948276,-12766.352884383296
2026-02-22 01:37:31,-80269.77722601559,-15186.874956893578,-14751.258707497069,-17056.141802882958,-15314.745844541003,-14578.936478377818
2026-02-22 01:38:01,-99516.3448275862,-18054.862068965518,-14639.655172413793,-15336.931034482759,-15192.620689655172,-14532.827586206897
2026-02-22 01:38:31,-91786.31771318229,-10575.911175476707,-9974.483638495223,-10553.774007792834,-10558.980724802592,-9889.107272163028
2026-02-22 01:39:01,-93843.37931034483,-13100.862068965516,-12582.827586206897,-14653.275862068966,-13124.310344827585,-12415.034482758621
2026-02-22 01:39:31,-91169.41379310345,-15664.068965517241,-14276.068965517241,-16984.275862068964,-14325.793103448275,-13683.58620689655
2026-02-22 01:40:01,-98032.20800717265,-14652.71216248836,-15432.325252594916,-14418.497189558258,-14827.71819717921,-14285.90641056588
2026-02-22 01:40:31,-103729.6644943278,-16124.581910968589,-14350.022413020242,-15667.873521602705,-14824.730181717872,-14135.271197544913
2026-02-22 01:41:01,-95773.5172413793,-13993.413793103447,-12954.275862068966,-13442.275862068966,-13271.51724137931,-12582.551724137931
2026-02-22 01:41:31,-98032.58620689655,-19493.068965517243,-20683.758620689656,-19933.51724137931,-18451.137931034482,-18071.1724137931
2026-02-22 01:42:01,-97048.69133418392,-13590.020345529154,-13555.122590434152,-13763.233214938444,-13708.36925411221,-13045.587778888925
2026-02-22 01:42:31,-52719.56139443468,-17228.647288024553,-15260.16344263991,-15186.234957415263,-15098.375918071792,-14489.983104030896
2026-02-22 01:43:01,-18953.170798993066,-12328.838925480188,-11789.682402841476,-12373.012862512498,-12258.664091865236,-11643.332528707884
2026-02-22 01:43:31,-18399.468983828145,-13536.360815144306,-12546.222544050206,-13293.438157304921,-13103.61711665115,-12498.913830557569
2026-02-22 01:44:01,-15832.051591543952,-10423.078249474083,-10020.795254681518,-10436.355485050177,-10428.97541124944,-9748.698141187018
2026-02-22 01:44:31,-16203.483169271012,-11138.844909478901,-10592.379706752943,-11295.725201349213,-10813.141047704275,-10142.734219040407
2026-02-22 01:45:01,-16916.313230578256,-11564.77362849557,-11003.172304403297,-11597.875935312577,-11518.947622495776,-10895.34843626082
2026-02-22 01:45:31,-17551.153408503156,-12014.79259335885,-11520.016551153409,-11949.553463673667,-11980.276542188201,-11312.506465294302
2026-02-22 01:46:01,-16199.03448275862,-11148.896551724138,-10533.034482758621,-11145.344827586207,-11108.206896551725,-10478.034482758621
2026-02-22 01:46:31,-16332.942555685815,-11204.19281428867,-10418.591821253707,-11629.956554720364,-11006.6891938487,-10346.97607061582
2026-02-22 01:47:01,-16428.088686597013,-10737.90558946243,-10359.366918382124,-10784.59363470225,-10761.55994620875,-10094.78983483328
2026-02-22 01:47:31,-16549.63621944071,-11175.959449674148,-10742.733009206579,-11329.230026550807,-11489.50036205648,-10485.155684286747
2026-02-22 01:48:01,-22600.7448532708,-15513.879788958238,-15213.214248767197,-15742.749749991377,-15464.8780992448,-14903.927721645572
2026-02-22 01:48:31,-19270.630021724883,-11286.699541363494,-10684.402910445186,-11072.347322321459,-11092.830787268525,-10408.048553398392
2026-02-22 01:49:01,-18068.657539915166,-10599.779302734576,-9864.305665712609,-10609.331356253662,-10444.704989827234,-9782.785613297008
2026-02-22 01:49:31,-18540.137931034482,-10808.344827586207,-10077.827586206897,-11105.034482758621,-10676.275862068966,-10003.793103448275
2026-02-22 01:50:01,-18601.220647563874,-10360.470328609357,-9772.180269645873,-10364.539153822281,-10365.78049032792,-9658.287645253611
2026-02-22 01:50:31,-21324.344827586207,-13469.068965517241,-13042.034482758621,-14010.689655172413,-13471.51724137931,-12772.310344827585
2026-02-22 01:51:01,-19224.1724137931,-11115.965517241379,-10597.724137931034,-11368.862068965516,-11142.689655172413,-10510.379310344828
2026-02-22 01:51:31,-18508.689655172413,-10681.448275862069,-9998.172413793103,-10564.068965517241,-10658.862068965516,-9941.862068965516
2026-02-22 01:52:01,-18767.96551724138,-10901.965517241379,-10667,-11076.275862068966,-10879.137931034482,-10206.172413793103
2026-02-22 01:52:31,-19475.637090934168,-11338.149591365218,-10985.516741956617,-11583.02010414152,-11327.183695989515,-10678.437187489222
2026-02-22 01:53:01,-27533.84599468947,-16562.709058933066,-16126.831959722747,-16812.752163867717,-16280.32001103486,-15734.81844201524
2026-02-22 01:53:31,-25399.317288462866,-11281.325425832702,-11220.846838149093,-11321.977794634853,-11262.56809875181,-10616.750568926282
2026-02-22 01:54:01,-24637.862068965518,-11618.655172413793,-11639.724137931034,-11795,-11587.793103448275,-10865.827586206897
2026-02-22 01:54:31,-23493.379310344826,-10590,-9998.758620689656,-10560.896551724138,-10572.758620689656,-9854.310344827587
2026-02-22 01:55:01,-26831.752819062724,-13744.26704369116,-12990.241042794578,-13953.032863202177,-13336.597813717712,-12748.99134452912
2026-02-22 01:55:31,-23992.48301782697,-11743.112306472189,-11256.991138236612,-12189.89000379297,-11449.915520154476,-10800.799972414743
2026-02-22 01:56:01,-24037.067687321123,-11435.433260922036,-11304.127443881243,-11368.366608047996,-11157.339402089581,-10463.880555842901
2026-02-22 01:56:31,-26681.1724137931,-13649.896551724138,-13286.655172413793,-13990.310344827585,-13536.793103448275,-13004.51724137931
2026-02-22 01:57:01,-23764.21502706803,-10568.980379986895,-9964.380538602116,-10569.014861556498,-10554.532602324056,-9908.658322126823
2026-02-22 01:57:31,-23587.640953136313,-10806.027794061863,-10207.62784923618,-11021.449015483291,-10777.475085347769,-10118.176488844441
2026-02-22 01:58:01,-34699.158678711814,-14990.862699124198,-14134.197641541963,-14760.706158195988,-14464.83001172333,-13831.942624646577
2026-02-22 01:58:31,-34085.275862068964,-11145.620689655172,-10056.58620689655,-10640.275862068966,-10614.724137931034,-9992.137931034482
2026-02-22 01:59:01,-35034.86086686666,-11359.815178786937,-10750.422399227611,-12143.650218957966,-11288.645219130374,-10663.011620288955
2026-02-22 01:59:31,-39486.75862068965,-13254.931034482759,-12725.758620689656,-13413.344827586207,-13232.103448275862,-12746.48275862069
2026-02-22 02:00:01,-33487.08665218441,-10568.945898417296,-10668.425226716321,-10579.56622185442,-10619.73725043964,-10141.270990655496
2026-02-22 02:00:31,-34609.289334850524,-12169.37346988035,-10934.691907175615,-11495.707044584671,-11451.984414330542,-11132.098893141616
2026-02-22 02:01:01,-35093.27907858891,-11479.982068347183,-11235.008103727712,-11844.23600813821,-11431.739025483635,-10771.543846339528
2026-02-22 02:01:31,-34609.69722049796,-10994.240982136698,-10848.989585488654,-10979.998620594524,-10994.965170011725,-10339.402717428788
2026-02-22 02:02:01,-35797.80704778981,-12926.901592993587,-11748.362181918488,-12633.95627887732,-12136.852630853045,-11437.107785669954
2026-02-22 02:02:31,-34855.926066416076,-12766.854029449289,-11864.443601503499,-12833.097693023896,-12462.567674747403,-11857.305424324975
2026-02-22 02:03:01,-53698.0240697955,-14910.376219869648,-14338.390978999274,-15574.088761681434,-14798.717197144728,-14182.178695817096
2026-02-22 02:03:31,-56256.602992897046,-13077.339493828013,-13128.922143300462,-13714.12316391973,-12969.036618164266,-12275.498241500587
2026-02-22 02:04:01,-51548.84651194868,-11165.143625642262,-11184.420152419047,-11198.593054932928,-11139.522052484566,-10486.051243146314
2026-02-22 02:04:31,-55439.03868698711,-14222.260533756293,-12553.996276118889,-13723.639748982829,-12988.069788290462,-12321.219226260258
2026-02-22 02:05:01,-55414.55172413793,-11983.344827586207,-12632.58620689655,-12016.379310344828,-11966,-11297.51724137931
2026-02-22 02:05:31,-57711.98013656115,-13735.567970204844,-13810.159321332509,-14413.373336092147,-13750.086212842267,-12995.62038761294
2026-02-22 02:06:01,-56946.480913134925,-12032.552846649884,-11997.724059450324,-12061.071071416254,-11971.412807338182,-11307.596813683229
2026-02-22 02:06:31,-51430.77824902589,-10630.909278990379,-10063.308161787523,-11197.786283231611,-10627.771456156683,-9937.622840591703
2026-02-22 02:07:01,-55316.021794606524,-13563.659562728464,-13513.104352024277,-14108.731636664597,-13437.995723843023,-12830.60900751776
2026-02-22 02:07:31,-58961.93234716045,-13599.737940071032,-13649.150029309336,-13623.909520361369,-13493.293334712596,-12858.246267370092
2026-02-22 02:08:01,-84048.23971587187,-16233.957449743113,-15244.474328471433,-16316.540808937623,-15642.598531085136,-15008.068687286646
2026-02-22 02:08:31,-95001.10344827586,-15482.448275862069,-15014,-15389.862068965516,-14524.034482758621,-13806.551724137931
2026-02-22 02:09:01,-92211.82028205923,-13483.535050515498,-14958.897969035548,-13465.949450018963,-13491.327885245335,-12845.76393917451
2026-02-22 02:09:31,-98068.44591565807,-12980.379986897002,-12501.637874556049,-14595.11740974449,-13006.068756249782,-12336.022895762213
2026-02-22 02:10:01,-92593.43425635365,-11929.928618228214,-11308.424428428565,-13006.482982171798,-11954.963964274628,-11223.800820717954
2026-02-22 02:10:31,-94717.03448275862,-11416.551724137931,-10859.103448275862,-11404.655172413793,-11352.965517241379,-10671.137931034482
2026-02-22 02:11:01,-93916.79310344828,-15551.551724137931,-12969.931034482759,-13568.827586206897,-13453.58620689655,-12746.862068965516
2026-02-22 02:11:31,-93399.79310344828,-14727.310344827585,-13252.034482758621,-15061.862068965516,-13677.58620689655,-13005.206896551725
2026-02-22 02:12:01,-91900.10344827586,-10333.896551724138,-9731.51724137931,-10303.413793103447,-10312.241379310344,-9653.896551724138
2026-02-22 02:12:31,-91272.31034482758,-10610.413793103447,-11098.344827586207,-10593.724137931034,-10630.413793103447,-9942
2026-02-22 02:13:01,-44929.51481085554,-12008.724438773748,-11412.531466602295,-13190.834166695402,-12033.345977447496,-11374.633608055448
2026-02-22 02:13:31,-17682.183372987136,-13654.97741457191,-13905.31360987552,-13439.84690183097,-13232.060963415053,-12633.736767697665
2026-02-22 02:14:01,-19128.1724137931,-13840.344827586207,-12789.51724137931,-14365.758620689656,-13377.103448275862,-12695.241379310344
2026-02-22 02:14:31,-16402.73802544915,-11487.534052898374,-10230.559674471531,-11128.521673161142,-10957.274388772024,-10158.350287940963
2026-02-22 02:15:01,-17178.213041829025,-11251.836270216212,-10141.729025138797,-10763.02631125211,-10583.054588089242,-9903.30701058657
2026-02-22 02:15:31,-19162.821971656147,-10728.147305265335,-10139.23657804903,-10845.315678769697,-10703.492983000586,-10028.067997655253
2026-02-22 02:16:01,-15423.103448275862,-10696.413793103447,-9846,-10510.551724137931,-10421.758620689656,-9751.724137931034
2026-02-22 02:16:31,-15122.759856630824,-10227.701957540667,-9834.918665563826,-10222.635787151916,-10205.645161290322,-9560.794044665012
2026-02-22 02:17:01,-15792.090473399305,-10497.845050512018,-9716.132813846845,-10355.928697031342,-10340.585456676898,-9657.931938075373
2026-02-22 02:17:31,-15337.45991241077,-10621.711093485981,-10133.797717162659,-10566.226421600742,-10588.054760508981,-9898.893065278111
2026-02-22 02:18:01,-15684.172413793103,-10369.137931034482,-10176.58620689655,-10355.206896551725,-10330.793103448275,-9982.413793103447
2026-02-22 02:18:31,-23567.18733836764,-15289.85207406641,-15218.371780283436,-15705.66532188545,-15183.855729112787,-14594.531223061273
2026-02-22 02:19:01,-18685.18326954243,-11287.438364194339,-9953.001620633771,-10627.874900865489,-10909.761732354058,-10146.822523361265
2026-02-22 02:19:31,-18540,-10991.51724137931,-10148.931034482759,-10777.034482758621,-10769.58620689655,-9910.51724137931
2026-02-22 02:20:01,-19123.383564950513,-10552.639746198143,-10087.45129142384,-10532.880444153245,-10514.63843580813,-9731.990758302009
2026-02-22 02:20:31,-18014.10296196683,-10590.393434709149,-9966.690803765388,-10555.8429019689,-10561.635805661874,-9869.866556325645
2026-02-22 02:21:01,-18776.862068965518,-10853.48275862069,-9912.655172413793,-10855.206896551725,-10610.689655172413,-9725.275862068966
2026-02-22 02:21:31,-19549.96551724138,-10940.793103448275,-10481.862068965516,-11350.344827586207,-10833.241379310344,-10023.241379310344
2026-02-22 02:22:01,-22415.97131232329,-11308.530446176126,-10289.22143300462,-11228.81180608234,-10852.182608095995,-9951.55506516792
2026-02-22 02:22:31,-18241.336505637733,-10731.285128099029,-10018.826937002172,-10738.802110272058,-10591.565808075582,-9935.347056998033
2026-02-22 02:23:01,-17814.799489672772,-10534.15399468984,-9810.14447777663,-10496.775973242304,-10370.36653908486,-9694.0450329299
2026-02-22 02:23:31,-28100.724137931033,-16249.03448275862,-16088.689655172413,-17120.689655172413,-16508.724137931033,-15548.379310344828
2026-02-22 02:24:01,-25332.988517637325,-10549.98103513672,-10262.232336815972,-10547.256991138238,-10555.8429019689,-9870.556187717666
2026-02-22 02:24:31,-24742.404910514153,-11069.692058346838,-10592.848029242386,-11078.106141591088,-10728.956170902444,-10074.450843132521
2026-02-22 02:25:01,-23762.344827586207,-10331.758620689656,-9714.103448275862,-10319.620689655172,-10298.172413793103,-9625.068965517241
2026-02-22 02:25:31,-24645.62068965517,-10785.58620689655,-10493.068965517241,-11857.172413793103,-10737.413793103447,-10052.896551724138
2026-02-22 02:26:01,-26405.896551724138,-10498.51724137931,-10232.103448275862,-10453.310344827587,-10512.137931034482,-9820.793103448275
2026-02-22 02:26:31,-23452.949898279367,-10533.119547601806,-9926.03703320575,-10517.051136167716,-10515.051205130856,-9813.213337471121
2026-02-22 02:27:01,-22951.58620689655,-10453.137931034482,-9957.862068965516,-10674.206896551725,-10415.758620689656,-9729.965517241379
2026-02-22 02:27:31,-22761.44827586207,-10663.103448275862,-10201.965517241379,-10910.827586206897,-10703.275862068966,-9955.51724137931
2026-02-22 02:28:01,-26025.79221406158,-10519.602772318194,-9813.661597875935,-10400.951691320988,-10398.262128892105,-9713.734009172096
2026-02-22 02:28:31,-37323.09230716182,-15593.772628530052,-15186.234957415263,-15692.803696424262,-15573.842281300645,-14800.696527705943
2026-02-22 02:29:01,-33446.72046348024,-10419.994482378095,-9900.786261121457,-11000.137940547624,-10394.509966204565,-9729.774467204634
2026-02-22 02:29:31,-36353.93103448276,-11213.310344827587,-12111.51724137931,-11532.689655172413,-11251.655172413793,-10464.620689655172
2026-02-22 02:30:01,-35270.83692541122,-11680.437256457117,-11132.176971619709,-10561.846960240007,-10530.673471499016,-9882.720093796337
2026-02-22 02:30:31,-34982.10344827586,-12475.48275862069,-10670.206896551725,-12314.827586206897,-11859,-10103.551724137931
2026-02-22 02:31:01,-34397.65517241379,-10316,-9712.551724137931,-10323.103448275862,-10316.206896551725,-9633.344827586207
2026-02-22 02:31:31,-33448.053515396015,-11689.83828143857,-10069.44588117651,-11089.721044101927,-11058.204889486567,-9972.449225888762
2026-02-22 02:32:01,-33639.529671390635,-10649.908623840556,-9918.140753767111,-11505.603255060169,-10649.425881866142,-9848.453501603391
2026-02-22 02:32:31,-33806.793103448275,-11142.689655172413,-10245.724137931034,-11634.344827586207,-11118.310344827587,-10030.51724137931
2026-02-22 02:33:01,-34582.84768440291,-11391.979033759782,-9948.584433945996,-12363.633228732024,-11353.874271526603,-9837.8909617573
2026-02-22 02:33:31,-47985.65566704596,-15576.152546463913,-14966.414951208577,-15686.94182959208,-15685.25223268163,-14740.112409916897
2026-02-22 02:34:01,-57496.55172413793,-12502,-13613.379310344828,-14056.206896551725,-13012.344827586207,-11468.137931034482
2026-02-22 02:34:31,-52512.75862068965,-13087.931034482759,-13496.965517241379,-13127.862068965516,-12668.58620689655,-11643.724137931034
2026-02-22 02:35:01,-54103.13081856424,-10396.283014964485,-9777.56706434039,-11253.499758637336,-10692.676367147094,-9714.33004620371
2026-02-22 02:35:31,-53550.55172413793,-10719.068965517241,-10052.310344827587,-12013.172413793103,-11012.103448275862,-10037.206896551725
2026-02-22 02:36:01,-56637.33232180419,-11344.839477223351,-10762.164212559052,-12506.08641677299,-11376.978516500567,-10676.644022207662
2026-02-22 02:36:31,-54435.260853074025,-16038.998655218784,-13175.304299851729,-11310.989276231852,-12916.86493569187,-12156.132547153546
2026-02-22 02:37:01,-54094.3858197117,-12526.174218911648,-14366.266639078556,-12513.414718256432,-12406.924615490723,-11805.193461618042
2026-02-22 02:37:31,-53728.448275862065,-10583.793103448275,-9977.724137931034,-10559.206896551725,-10566.068965517241,-9900.58620689655
2026-02-22 02:38:01,-54951.132875814736,-11098.699865503328,-10451.977790805946,-11963.203089974824,-11076.835534710486,-10400.35176052695
2026-02-22 02:38:31,-84920.17791876422,-19904.62726708503,-16238.53527342942,-16689.917936694023,-16467.03675608579,-15869.802082614993
2026-02-22 02:39:01,-93087.17541984205,-17932.204558777885,-12768.854098417185,-15616.53850132763,-14558.36408152005,-12772.543880823476
2026-02-22 02:39:31,-87085.41379310345,-13454.448275862069,-14909.068965517241,-13507.448275862069,-13316.51724137931,-12197.965517241379
2026-02-22 02:40:01,-86112.03448275862,-12544.551724137931,-12691.58620689655,-14360.48275862069,-12702.310344827585,-11004.448275862069
2026-02-22 02:40:31,-96173.8275862069,-13423.793103448275,-12528.551724137931,-11848.793103448275,-11761.965517241379,-11109.413793103447
2026-02-22 02:41:01,-92612.8142349736,-12037.69095486051,-10660.436566778164,-11566.364357391632,-10659.781371771438,-9866.685058105451
2026-02-22 02:41:31,-96749.19824821544,-13148.832718369596,-12209.145142935962,-12426.014690161728,-13284.458084761542,-12762.164212559052
2026-02-22 02:42:01,-94521.8605613406,-12453.348044962417,-11843.700434452798,-14040.445486518172,-12444.590028273913,-11741.810909592443
2026-02-22 02:42:31,-95645.93103448275,-10562.034482758621,-9965.758620689656,-10556.206896551725,-10571.137931034482,-9903.620689655172
2026-02-22 02:43:01,-88878.2455777387,-13920.933760904794,-11755.904968794179,-12484.638460742732,-12337.091824419846,-10845.4191234785
2026-02-22 02:43:31,-54316.51724137931,-11098.379310344828,-10292.51724137931,-12536.413793103447,-10979.620689655172,-10195.551724137931
2026-02-22 02:44:01,-14094.03124030206,-11688.631426502536,-11450.570669976898,-11783.938484879833,-11658.977276645634,-10967.242508879004
2026-02-22 02:44:31,-25321.011069347216,-12700.98968929963,-12451.050036208144,-12737.266802303526,-12602.606986447807,-11967.619573088725
2026-02-22 02:45:01,-22880.07310092755,-11930.588600393088,-11330.850660322056,-12602.806799765523,-11490.327919726904,-10870.41826143926
2026-02-22 02:45:31,-22785.800489638284,-11780.697217337332,-11782.593703665389,-11608.5997034585,-11524.257784214336,-10778.111099617254
2026-02-22 02:46:01,-22467.843718748918,-11418.255801924202,-11148.453394944652,-12398.841339356528,-11448.394772233523,-10852.96044691196
2026-02-22 02:46:31,-21298.393214261087,-10634.956209916558,-10130.853044617614,-10724.398317357423,-10651.679194538308,-9937.762912902559
2026-02-22 02:47:01,-24347.758620689656,-11127.206896551725,-10790.275862068966,-11374,-11080.758620689656,-10457.551724137931
2026-02-22 02:47:31,-21226.888727974896,-10974.104341229611,-10392.089927933519,-10979.104168821763,-10964.51846488052,-10310.713423675044
2026-02-22 02:48:01,-20606.724137931033,-10325.172413793103,-9753.137931034482,-10325.931034482759,-10312.344827586207,-9675.655172413793
2026-02-22 02:48:31,-21449.50174131926,-11304.33433329885,-10750.146546670803,-11951.518913140924,-11255.92220957898,-10638.805558429018
2026-02-22 02:49:01,-24058.898582709746,-12910.514155660538,-12828.028552708713,-13613.538397875787,-12842.546294699816,-12222.973205972618
2026-02-22 02:49:31,-23442.402510085165,-12959.004240940594,-12361.962555597698,-12891.493983381031,-12887.390959555909,-12268.627383374136
2026-02-22 02:50:01,-20886.689655172413,-11285.344827586207,-10692.965517241379,-10945.241379310344,-10921.965517241379,-10268.724137931034
2026-02-22 02:50:31,-21458.432467845934,-10667.8045584635,-10063.584014344331,-10659.770352746456,-10626.219785524636,-9998.000068963138
2026-02-22 02:51:01,-20675.48275862069,-10657.48275862069,-9711,-10336.758620689656,-10290.310344827587,-9650
2026-02-22 02:51:31,-22217.48275862069,-12084.48275862069,-10704.310344827587,-11642.344827586207,-11256.344827586207,-10697.620689655172
2026-02-22 02:52:01,-21515.637391814078,-12469.776904244682,-10895.762215096032,-11526.981828212822,-11445.088100410332,-10823.00610323782
2026-02-22 02:52:31,-24516.275862068964,-11654.896551724138,-10589.551724137931,-11646.172413793103,-11260.655172413793,-10484.931034482759
2026-02-22 02:53:01,-22784.490189993445,-11845.350160339298,-10375.056032550601,-11833.59194510534,-11517.982138546946,-10304.265370159648
2026-02-22 02:53:31,-22174.55172413793,-11850.965517241379,-11302.51724137931,-12610.793103448275,-11747.896551724138,-10807.862068965516
2026-02-22 02:54:01,-25168.373504361916,-13504.051584428122,-13025.99910347919,-13232.681631667872,-13228.095582910932,-12269.059687596979
2026-02-22 02:54:31,-27549.156867478185,-13851.201765578122,-13248.905134659813,-13533.84599468947,-13462.740094486015,-12773.337011621088
2026-02-22 02:55:01,-24523.1724137931,-10619.58620689655,-10210.48275862069,-10445.206896551725,-10447.689655172413,-9744.137931034482
2026-02-22 02:55:31,-23513.53401606841,-10519.740698596599,-9975.276714596048,-10533.705734285024,-10519.361401330987,-9906.003241267541
2026-02-22 02:56:01,-24370.30140009656,-10846.403200220704,-10860.852472584316,-10942.616732188426,-10481.136630112422,-10142.630526243189
2026-02-22 02:56:31,-23630.51724137931,-10829.551724137931,-10725.51724137931,-10599.862068965516,-10611.862068965516,-9977.068965517241
2026-02-22 02:57:01,-25201.53782497759,-11496.103716985035,-11384.628646300256,-11088.545617543617,-11014.99896558858,-10374.905178953177
2026-02-22 02:57:31,-24120.655172413793,-10646.862068965516,-10413.931034482759,-10675.827586206897,-10660.103448275862,-9979.379310344828
2026-02-22 02:58:01,-25733.206896551725,-12273.448275862069,-10735.275862068966,-10962.48275862069,-10802.551724137931,-10177.758620689656
2026-02-22 02:58:31,-24394.565329838955,-10770.750715541913,-10223.628400979343,-10557.674402565604,-10584.50291389358,-9938.170281733852
2026-02-22 02:59:01,-32267.645943243333,-15054.170545843244,-14139.650356884244,-14077.618013171958,-14017.930416192543,-13346.953553325746
2026-02-22 02:59:31,-35017.58620689655,-11632.793103448275,-10785.344827586207,-11828.48275862069,-11286.793103448275,-10653.655172413793
2026-02-22 03:00:01,-35349.032858669794,-10427.921249525913,-9816.432782815573,-10419.129055614938,-10737.716787918493,-9720.373754439197
2026-02-22 03:00:31,-33866.275862068964,-10990.034482758621,-10444.034482758621,-11482,-10628.689655172413,-10307.068965517241
2026-02-22 03:01:01,-34494.25881866143,-12032.550601703391,-10116.444260542741,-11062.273714699493,-10934.347091479605,-10007.620426881833
2026-02-22 03:01:31,-36935.687437497836,-11700.644849822405,-12439.877237146107,-11733.887375426737,-12038.759957239903,-11361.598675816405
2026-02-22 03:02:01,-32097.44827586207,-9976.620689655172,-9406.344827586207,-9950.103448275862,-9968.58620689655,-9331.241379310344
2026-02-22 03:02:31,-35137.891796834585,-10560.808247991446,-9958.311782352332,-10538.877969725181,-10564.118478673148,-9854.867073549187
2026-02-22 03:03:01,-34773.61288320286,-11054.51912134901,-10491.29280320011,-12413.565985033965,-11131.556260560708,-10471.567985102933
2026-02-22 03:03:31,-32826.569665207055,-11816.846533117265,-10807.330276178327,-11849.63624452643,-11340.275143950626,-10642.657656104542
2026-02-22 03:04:01,-46198.09661735802,-16097.720768249368,-15968.414882245437,-17378.090410675493,-16080.445501879243,-15415.84772938864
2026-02-22 03:04:31,-55214.38670298975,-13893.306665747094,-14779.061346942995,-15479.257905445013,-13862.684920169659,-13160.177937170245
2026-02-22 03:05:01,-56360.24137931034,-12378.137931034482,-11135.551724137931,-11734.034482758621,-11643.51724137931,-11085.48275862069
2026-02-22 03:05:31,-60073.16989069343,-15908.899693114032,-14688.493500224131,-17705.251543050243,-15182.545429467951,-14502.361987517674
2026-02-22 03:06:01,-52466.63908141099,-10316.023585393608,-9728.457639391745,-10333.988483155754,-10312.334057446296,-9659.804834316059
2026-02-22 03:06:31,-63388.91762353023,-18585.979793800216,-17384.12468535568,-17942.208889348643,-16879.83172994035,-16108.582462673703
2026-02-22 03:07:01,-55316.31034482759,-13135.310344827585,-12737.655172413793,-14935.310344827585,-13164.862068965516,-12553.068965517241
2026-02-22 03:07:31,-62160.724137931036,-14706.310344827585,-14882.896551724138,-14662.724137931034,-13452.206896551725,-13938.275862068966
2026-02-22 03:08:01,-59425.275862068964,-13928.931034482759,-12588.827586206897,-14039.965517241379,-12059.310344827585,-12422.655172413793
2026-02-22 03:08:31,-56454.169253051936,-12818.021932547072,-11469.135802469136,-12035.450720739362,-11458.824746534243,-11347.575694875508
2026-02-22 03:09:01,-64947.37386626202,-14910.335551953649,-15304.583232748215,-15035.313997999792,-14529.192675104321,-14353.174466324102
2026-02-22 03:09:31,-95637.86206896552,-13034.275862068966,-13400,-13406.51724137931,-12665.413793103447,-11954.379310344828
2026-02-22 03:10:01,-98545.55172413793,-16147.48275862069,-12925.51724137931,-17681.55172413793,-13873.655172413793,-12798.310344827585
2026-02-22 03:10:31,-95497.37931034483,-12848.620689655172,-11576.655172413793,-12844.103448275862,-11930.655172413793,-11187.068965517241
2026-02-22 03:11:01,-98430.44827586207,-14695.206896551725,-11378.172413793103,-13071.620689655172,-11881.103448275862,-11236.48275862069
2026-02-22 03:11:31,-99695.87255611876,-14626.392193372643,-13867.625254301576,-14878.2455777387,-13480.466190821007,-12815.489121064791
2026-02-22 03:12:01,-91994.06896551725,-10319.379310344828,-9711.620689655172,-10297.862068965516,-10297.068965517241,-9640.137931034482
2026-02-22 03:12:31,-94977.20846838149,-14728.191159230399,-11597.544996896766,-13265.912695676161,-12238.293910764776,-11515.792014343839
2026-02-22 03:13:01,-97796.2484052274,-12891.555463604702,-11366.366677011136,-12915.244301920622,-11953.380917899382,-11288.472811282369
2026-02-22 03:13:31,-93161.41935928824,-12041.0703817373,-11097.21024862926,-12138.659953791508,-11418.462705610536,-10826.200903479428
2026-02-22 03:14:01,-73016.03392986448,-13271.369952760248,-12822.109582428191,-13066.273576773214,-12431.916140822728,-11895.831178235232
2026-02-22 03:14:31,-12631.818495276188,-10766.395421005449,-10180.435832011586,-10745.672712226744,-10762.671539893801,-10072.270877870493
2026-02-22 03:15:01,-17606.1724137931,-14047.931034482759,-13952.689655172413,-13504.965517241379,-13468.655172413793,-12892.413793103447
2026-02-22 03:15:31,-18056.103448275862,-12759.793103448275,-12198.931034482759,-12766.448275862069,-12707.206896551725,-12103.896551724138
2026-02-22 03:16:01,-15810.689655172413,-10480.310344827587,-9844.655172413793,-10467.275862068966,-10453.068965517241,-9736.344827586207
2026-02-22 03:16:31,-17353.677459397953,-10644.495017413194,-10100.720664804663,-10688.010758249717,-10634.357435950486,-10039.515878762802
2026-02-22 03:17:01,-15976.759422088895,-10352.505086031517,-9756.146339781388,-10370.676873211269,-10367.608013516776,-9695.838074549154
2026-02-22 03:17:31,-16592.44827586207,-10631,-10003.758620689656,-10604.689655172413,-10603.310344827587,-10017.551724137931
2026-02-22 03:18:01,-15449.137931034482,-10401.103448275862,-10134.48275862069,-10412.862068965516,-10391.58620689655,-9728.241379310344
2026-02-22 03:18:31,-17415.95117409744,-10877.65939105548,-10264.956380814454,-10695.42429571394,-10681.528223164718,-10025.861177200784
2026-02-22 03:19:01,-18957.206896551725,-10973.620689655172,-10146.172413793103,-10800.448275862069,-10614.344827586207,-9898.51724137931
2026-02-22 03:19:31,-16481.464878099243,-10765.54363943584,-10059.174454291526,-10625.193972205936,-10624.849132728714,-9969.102382840787
2026-02-22 03:20:01,-23035.896551724138,-15462.310344827585,-15104.827586206897,-15623.862068965516,-15407.068965517241,-14901.862068965516
2026-02-22 03:20:31,-18364.310344827587,-10545.206896551725,-9956.58620689655,-10552.413793103447,-10557.724137931034,-9884.551724137931
2026-02-22 03:21:01,-18302.206896551725,-10671.275862068966,-10081.206896551725,-11093.689655172413,-10659.137931034482,-9944.206896551725
2026-02-22 03:21:31,-18982.06587342645,-11492.119330919124,-10169.09812036558,-10824.245559579238,-10862.010691498534,-10034.212795309535
2026-02-22 03:22:01,-18864.206896551725,-10574.310344827587,-10437.241379310344,-10591.862068965516,-10576.379310344828,-9918.827586206897
2026-02-22 03:22:31,-18358.862068965518,-10720.931034482759,-10448.448275862069,-11014.862068965516,-10699.275862068966,-10057.51724137931
2026-02-22 03:23:01,-18898.206896551725,-10321.51724137931,-9727.862068965516,-10332.965517241379,-10334.310344827587,-9651.172413793103
2026-02-22 03:23:31,-20092.82438536602,-11066.963208165234,-10658.149718975206,-10809.972069928623,-10843.729526568048,-10159.097962139236
2026-02-22 03:24:01,-20506.08599703458,-10923.312989207267,-9879.073135409122,-10634.012620254472,-10510.430674804316,-9824.006068756249
2026-02-22 03:24:31,-19762.681471774886,-11615.19362736646,-10251.077623366322,-11004.44842925618,-10784.233939101347,-10183.695989516878
2026-02-22 03:25:01,-27574.807765249472,-14888.2107513534,-14667.080445501877,-15440.260680666182,-15314.782248887968,-14570.807903175752
2026-02-22 03:25:31,-23957.96551724138,-11310.448275862069,-10893.068965517241,-11474.344827586207,-11172.448275862069,-10406.655172413793
2026-02-22 03:26:01,-23638.49522430261,-11846.212199579324,-10331.505810144477,-11227.854211923726,-10920.692389917587,-10042.619220026894
2026-02-22 03:26:31,-24245.543257129062,-11130.27136995276,-10960.759973794005,-11658.25316368401,-11118.995896693215,-10338.54005034309
2026-02-22 03:27:01,-25714.379310344826,-11350.655172413793,-10532.551724137931,-11345.51724137931,-11020.724137931034,-9901.931034482759
2026-02-22 03:27:31,-26311.43753663667,-10624.909485879798,-10334.402261990967,-10605.806696320817,-10596.117375262922,-9927.140443432985
2026-02-22 03:28:01,-23582.054553605292,-10776.061243491153,-9868.236835752956,-11095.692954929478,-10423.53184592572,-9781.751094865338
2026-02-22 03:28:31,-24023.516430467917,-10590.324471569947,-9978.380055860143,-10603.220578600738,-10585.634978104204,-9932.726457708355
2026-02-22 03:29:01,-24158.143384254625,-10882.651125900891,-10166.971274871546,-10901.444877409564,-10455.257077830269,-10083.968412703885
2026-02-22 03:29:31,-26206.06185993586,-10760.491017551118,-10164.752939553808,-11030.895486362539,-10774.111237543531,-9805.144650184475
2026-02-22 03:30:01,-36763.80124823281,-15285.369470018273,-14787.800420675147,-15238.54349850005,-15222.888865901174,-14500.844798455224
2026-02-22 03:30:31,-33459.46691493396,-10508.189372780247,-9914.968449363814,-10505.844626047376,-10508.154891210646,-9844.970863073686
2026-02-22 03:31:01,-33728.03448275862,-10380.965517241379,-9780.724137931034,-10362.793103448275,-10388.103448275862,-9691.965517241379
2026-02-22 03:31:31,-34733.25057756629,-11688.355573945724,-11867.418364883968,-12650.04655011896,-11650.805144650183,-11324.368125237059
2026-02-22 03:32:01,-33634.01262025448,-10873.797455260164,-11344.126064618462,-10878.59039343471,-10901.210303092997,-10272.507844557085
2026-02-22 03:32:31,-35545.9466914934,-11150.408606599773,-10343.40195165684,-11613.185752215442,-11131.89200372401,-10266.12875418089
2026-02-22 03:33:01,-33487.793103448275,-10315.689655172413,-9684.275862068966,-10301.620689655172,-10294.965517241379,-9616.965517241379
2026-02-22 03:33:31,-35193.26919761388,-11188.890038274543,-11199.027619737251,-11694.148477638702,-11164.511568566602,-10082.686803903314
2026-02-22 03:34:01,-39286.69954136349,-11384.013241835924,-10345.942963550466,-11116.176419876547,-10855.995034311527,-10040.449670678297
2026-02-22 03:34:31,-33803.91007516723,-10543.134956209917,-9942.348803530791,-10534.23901799876,-10504.379008344253,-9857.285704434178
2026-02-22 03:35:01,-54623.56470466535,-16380.745491534773,-15072.721630288608,-15642.460604806729,-15738.940036550463,-14621.944070894106
2026-02-22 03:35:31,-53455.46705286024,-10636.56425640495,-10049.205199820695,-10652.66714940864,-11002.586117720077,-9952.518878659355
2026-02-22 03:36:01,-51658.53994965343,-10354.56395048105,-10399.703438049586,-10364.253939791026,-10014.379806200212,-9668.95410186558
2026-02-22 03:36:31,-56333.58620689655,-17116.55172413793,-14385.172413793103,-14692.758620689656,-14002.379310344828,-12854.275862068966
2026-02-22 03:37:01,-57398.80008275292,-11361.940555823736,-11653.782497758775,-11404.972070891663,-11312.150886145784,-10674.022481208192
2026-02-22 03:37:31,-55793.279867256635,-11692.996404867255,-10751.002488938053,-12822.905143805308,-11619.296183628318,-10558.282632743363
2026-02-22 03:38:01,-59530.46656781268,-11084.830511396944,-10126.900927618191,-12040.17379909652,-11095.313631504532,-9844.3739439291
2026-02-22 03:38:31,-53153.45885923167,-10987.619835850748,-10050.106903924408,-10595.558314366508,-10585.867990895924,-9935.409338575073
2026-02-22 03:39:01,-56258.008896858504,-10600.193110107244,-9866.133314941893,-10490.844511879719,-10410.5313976344,-9728.404427738886
2026-02-22 03:39:31,-56074.62326287112,-10747.439566881616,-10229.007896824027,-10938.480637263352,-10682.713197006791,-10016.759198593054
2026-02-22 03:40:01,-88383.58620689655,-15420.620689655172,-15196.724137931034,-15392.655172413793,-15202.620689655172,-14573.965517241379
2026-02-22 03:40:31,-91729.31034482758,-14749.965517241379,-17408.689655172413,-18120.758620689656,-14761.551724137931,-12516.413793103447
2026-02-22 03:41:01,-93747.0083112046,-12508.156016139601,-15465.944752905472,-13984.92947546298,-12566.230989412697,-11879.263372072972
2026-02-22 03:41:31,-94367.94014205917,-18033.308047720846,-14129.266947107097,-15717.36431970209,-15553.651472312255,-14916.005792703952
2026-02-22 03:42:01,-90417.39370323114,-12316.424704300147,-11801.613848753404,-15016.793682540776,-12474.01634539122,-11764.750508638228
2026-02-22 03:42:31,-96437.72413793103,-16603.1724137931,-22054.896551724138,-16821.58620689655,-16385,-15061.034482758621
2026-02-22 03:43:01,-92732.68043725645,-17850.512086623676,-17794.682575261213,-15601.572468016137,-15279.147556812302,-14793.096313665987
2026-02-22 03:43:31,-99129.16350596512,-18045.445141714365,-15193.193572857044,-19844.079718640096,-16498.000137921525,-15029.17040204124
2026-02-22 03:44:01,-94857.69456225647,-13941.243405399811,-10136.753905037756,-12376.193924347435,-11498.39660701355,-10030.240336540119
2026-02-22 03:44:31,-89985.13741853167,-12570.847270595536,-12054.9674126694,-14297.010241732472,-12620.22828373392,-11135.72881823511
2026-02-22 03:45:01,-44664.02289734128,-13634.504638090966,-14101.348322355941,-18785.95813648746,-13668.6782302838,-13100.762095244661
2026-02-22 03:45:31,-20781.578675126726,-14634.12531466602,-14190.66174695679,-14979.171695575707,-14504.224283595984,-13977.481982137313
2026-02-22 03:46:01,-16074.172413793103,-11092.48275862069,-10095.655172413793,-10744.137931034482,-10707.310344827587,-10072.689655172413
2026-02-22 03:46:31,-16914.64928615767,-10725.084488585422,-10110.766259742053,-10544.589282019451,-10680.012414649287,-10051.038002620871
2026-02-22 03:47:01,-15705.286024619838,-11687.079755870485,-11269.990689976206,-11201.786145305334,-10719.251060308265,-10149.477604220543
2026-02-22 03:47:31,-15595.379310344828,-11350.758620689656,-10113.862068965516,-10842.137931034482,-10800.48275862069,-10045.413793103447
2026-02-22 03:48:01,-17057.310344827587,-11624.310344827585,-11093.206896551725,-11803.068965517241,-11569.58620689655,-10895.931034482759
2026-02-22 03:48:31,-18857.827586206895,-11048.862068965516,-11340.620689655172,-10662.689655172413,-11001.896551724138,-10396.758620689656
2026-02-22 03:49:01,-16026.724137931034,-10430.137931034482,-9796.793103448275,-10968.448275862069,-10399.137931034482,-9728.758620689656
2026-02-22 03:49:31,-16112.655172413793,-10802.103448275862,-9990.793103448275,-10977.310344827587,-10771.172413793103,-10094.689655172413
2026-02-22 03:50:01,-16427.70440360012,-10938.859960688298,-11040.277250939685,-10841.201420738646,-10707.334735680539,-10082.140763474601
2026-02-22 03:50:31,-26164.936721955924,-17430.566571261075,-16644.60843477361,-17437.946136073657,-16479.36135728818,-15688.16166074692
2026-02-22 03:51:01,-18285.15759707566,-10816.40113111249,-9522.20842816746,-10849.644803089868,-10473.342989171666,-9668.218497827436
2026-02-22 03:51:31,-18548.55172413793,-10538.51724137931,-10288.206896551725,-10532.758620689656,-10521.068965517241,-9907.137931034482
2026-02-22 03:52:01,-18142,-10859.827586206897,-11091.793103448275,-11156.620689655172,-10906.275862068966,-9824.48275862069
2026-02-22 03:52:31,-19732.655172413793,-10533.413793103447,-10932.413793103447,-11010.965517241379,-10768.965517241379,-10087.206896551725
2026-02-22 03:53:01,-20999.103510102752,-11048.13461140611,-9861.285428591133,-10849.596579546238,-10417.660850975795,-9884.594165919592
2026-02-22 03:53:31,-22822.1724137931,-11123.068965517241,-10214.48275862069,-12466.379310344828,-11012.793103448275,-10332.896551724138
2026-02-22 03:54:01,-17828.689655172413,-10818.827586206897,-10459.689655172413,-10840.758620689656,-10485.310344827587,-9824
2026-02-22 03:54:31,-18719.137931034482,-10557.58620689655,-9941.620689655172,-10559.58620689655,-10531.58620689655,-9525.862068965516
2026-02-22 03:55:01,-19851.212027171474,-10498.08627288714,-9530.636874590531,-10530.25757732492,-10397.606979069686,-10141.4433985035
2026-02-22 03:55:31,-28837.798696596667,-15790.145167408018,-15603.70332057515,-15930.347229405881,-15753.525740491705,-14977.414571911311
2026-02-22 03:56:01,-23407.407407407405,-10444.031007751937,-9916.795865633074,-11374.883720930231,-10426.976744186046,-9747.252368647716
2026-02-22 03:56:31,-24865.59806963116,-10277.800758359186,-10114.581178903825,-11655.635987590485,-10785.970355049983,-10058.117890382626
2026-02-22 03:57:01,-22889.352458451143,-12241.914350734432,-10122.095027929108,-10641.886766429901,-10614.164540376527,-9861.009585545824
2026-02-22 03:57:31,-24227.061135822903,-11256.025654287783,-10198.406951484432,-10844.315713251268,-10707.285955656702,-9926.62321988897
2026-02-22 03:58:01,-25325.827586206895,-10899.206896551725,-9941.758620689656,-10139.551724137931,-10461,-9800.344827586207
2026-02-22 03:58:31,-23337.58620689655,-10524.793103448275,-9571.827586206897,-10915.034482758621,-10530.689655172413,-9877.034482758621
2026-02-22 03:59:01,-23259.1724137931,-11029,-11842.275862068966,-11452.413793103447,-11009.793103448275,-10034.51724137931
2026-02-22 03:59:31,-27610.090003103553,-11569.088589261697,-10188.385806407116,-12072.899065485015,-11521.052450084484,-10126.314700506913
2026-02-22 04:00:01,-25345.74798261949,-10992.34429960687,-10654.045106559073,-10322.26360438651,-10671.598041244224,-9818.849575832815
2026-02-22 04:00:31,-39546.03448275862,-15527.724137931034,-14898.551724137931,-15944.551724137931,-15511.827586206897,-14910.655172413793
2026-02-22 04:01:01,-35881.206896551725,-12075.827586206897,-10000.793103448275,-11601.689655172413,-10573.827586206897,-10016
2026-02-22 04:01:31,-35443.50194820868,-11481.29374849143,-10897.69318299369,-10931.174787076307,-10995.655322230266,-10342.574393986413
2026-02-22 04:02:01,-34826.212889210714,-10830.109306575634,-10243.784697079409,-10840.729630012756,-10841.005482569566,-10137.512499568978
2026-02-22 04:02:31,-35196.59298596503,-11248.801682816647,-11290.492775612951,-11452.222490430702,-11265.52639746198,-10653.29838959964
2026-02-22 04:03:01,-34583.46263921933,-10596.634598806937,-10127.512844384675,-10509.672080273092,-10479.67311472018,-9807.28250749974
2026-02-22 04:03:31,-35617.89655172414,-10737.965517241379,-10119.034482758621,-10822.206896551725,-10688.551724137931,-10025.724137931034
2026-02-22 04:04:01,-34906.065726404355,-10388.427187144383,-9749.646539535845,-10515.017759233075,-10351.736266767819,-9697.368874788785
2026-02-22 04:04:31,-34312.148694782576,-11010.586571950755,-10172.902513879788,-10868.960998655124,-10729.128590641056,-10049.208593399771
2026-02-22 04:05:01,-33596.75862068965,-10384.724137931034,-9875.689655172413,-10354.724137931034,-10320.379310344828,-9685.344827586207
2026-02-22 04:05:31,-60246.8275862069,-17220.103448275862,-15769.655172413793,-16379.103448275862,-16345.689655172413,-15618.103448275862
2026-02-22 04:06:01,-53269.724137931036,-10961.58620689655,-10348.793103448275,-10974.103448275862,-10869.896551724138,-9764.344827586207
2026-02-22 04:06:31,-55462.1724137931,-16144.58620689655,-12645.931034482759,-13733.48275862069,-13607.896551724138,-11280.862068965516
2026-02-22 04:07:01,-52392.620689655174,-13298.241379310344,-11403.275862068966,-13329.103448275862,-11889.103448275862,-10892.620689655172
2026-02-22 04:07:31,-61466.793103448275,-14343.896551724138,-11003.551724137931,-12152.896551724138,-12682.655172413793,-10284.275862068966
2026-02-22 04:08:01,-56641.06896551724,-11871.206896551725,-11144.241379310344,-13623.655172413793,-11816.344827586207,-9980.137931034482
2026-02-22 04:08:31,-60764.96551724138,-12727.862068965516,-11618.58620689655,-11766.344827586207,-11741.862068965516,-10232.413793103447
2026-02-22 04:09:01,-52263.2504569123,-12164.07462326287,-9843.718748922376,-11351.736266767817,-11311.114176350908,-9474.706024345665
2026-02-22 04:09:31,-56590.55172413793,-10523.620689655172,-9955.58620689655,-10187.275862068966,-10561.48275862069,-10252.793103448275
2026-02-22 04:10:01,-59162.603868565326,-13019.825535289454,-10939.695893528256,-11926.283487915045,-11126.642071509845,-10773.299313864085
2026-02-22 04:10:31,-94269.2851477637,-17382.082140763472,-16772.957688196144,-19154.03979447567,-17537.70819683437,-16738.197868892028
2026-02-22 04:11:01,-89584.03448275862,-11192.620689655172,-13465.862068965516,-13118.620689655172,-11875.413793103447,-10038.551724137931
2026-02-22 04:11:31,-91072.61818557982,-13717.630426537016,-15373.504361918556,-14491.983035067757,-13463.846074273302,-12141.581324781904
2026-02-22 04:12:01,-92474.89655172413,-12323.689655172413,-12079.551724137931,-15260.413793103447,-11919,-11607.103448275862
2026-02-22 04:12:31,-83968.27476809543,-11508.914100486221,-12581.295906755404,-11888.858236490913,-12217.007483016654,-11137.625435359838
2026-02-22 04:13:01,-92575.1232801131,-12787.992689403081,-12627.46991275561,-14126.176764716023,-12485.878823407702,-11007.586468498912
2026-02-22 04:13:31,-93120.82341988209,-11632.495431192028,-13138.615909796215,-11325.747388021104,-11646.908727285267,-11057.963518499362
2026-02-22 04:14:01,-90707.83766077031,-13959.553118857968,-11862.935760835831,-13227.750767214922,-12429.157615254644,-11756.767008034205
2026-02-22 04:14:31,-90290.75862068965,-10575.241379310344,-9640.758620689656,-10568.275862068966,-10579.413793103447,-9868.724137931034
2026-02-22 04:15:01,-91674.93103448275,-12371.793103448275,-12089.379310344828,-14056.310344827585,-12383.655172413793,-11409.241379310344
2026-02-22 04:15:31,-11316.551724137931,-10735.241379310344,-9774.034482758621,-10722.793103448275,-10725.758620689656,-10397.896551724138
2026-02-22 04:16:01,-18264.026743865452,-12096.739729804245,-11910.325337744693,-13772.366969947614,-11873.380204025365,-10597.049903501516
2026-02-22 04:16:31,-22177.665149634533,-11999.275961936284,-10997.379671769411,-11954.489035995035,-12103.399531099158,-11377.016963177492
2026-02-22 04:17:01,-22955.655172413793,-11393.862068965516,-10352.172413793103,-11712.137931034482,-11390.862068965516,-10293.48275862069
2026-02-22 04:17:31,-22347.115417773024,-10756.991620400702,-10347.425773302526,-11124.38359943446,-10737.02541466947,-9936.308148556845
2026-02-22 04:18:01,-21689.87276300817,-10769.456225647391,-10182.166132202337,-10446.467363194372,-10433.054032619564,-9776.214613289196
2026-02-22 04:18:31,-22219.137931034482,-12611.034482758621,-11038.689655172413,-12834.034482758621,-12170.034482758621,-10949.206896551725
2026-02-22 04:19:01,-20712.162488361664,-11394.220490361735,-10000.655195006722,-10769.405841580743,-10740.88761681437,-9960.240008276147
2026-02-22 04:19:31,-21946.312196131166,-11298.74831902348,-10589.84172959553,-11006.5859797938,-10950.656873900898,-10145.063963311608
2026-02-22 04:20:01,-22735.310344827587,-11465.758620689656,-10626.137931034482,-12659.724137931034,-11378.48275862069,-10572.655172413793
2026-02-22 04:20:31,-25117.40974449157,-10472.466466673564,-10337.264232267853,-10777.524912934037,-10775.180166201166,-10108.685907382505
2026-02-22 04:21:01,-25619.655172413793,-13205.655172413793,-12957.793103448275,-13967.172413793103,-13453.344827586207,-12819.034482758621
2026-02-22 04:21:31,-21898.758620689656,-12195.758620689656,-10950.51724137931,-11083.241379310344,-11577.068965517241,-10868.724137931034
2026-02-22 04:22:01,-22391.634194282557,-12343.080795889511,-10596.606779544121,-11628.711334873615,-11243.318735128796,-10485.84433945998
2026-02-22 04:22:31,-21708.43822200765,-11281.320045518809,-10057.208869271353,-11017.173005965722,-10973.757715783302,-10274.871547294733
2026-02-22 04:23:01,-21359.58620689655,-10854.862068965516,-10918.103448275862,-11823.689655172413,-11153.344827586207,-10498.068965517241
2026-02-22 04:23:31,-21688.44827586207,-10929.206896551725,-9662.931034482759,-10580.827586206897,-10566.034482758621,-9906.896551724138
2026-02-22 04:24:01,-22106.165092062616,-10504.689331770223,-11069.891731604717,-10499.344872767395,-10430.039307633957,-9760.051030963383
2026-02-22 04:24:31,-23161.660746922305,-10817.821304182902,-10643.504948446496,-11141.280733818407,-10786.751267285077,-10104.934652919064
2026-02-22 04:25:01,-20176.821488914175,-10699.286231509257,-9972.656115306367,-10448.191441674424,-10446.881142029584,-9776.593910554808
2026-02-22 04:25:31,-24516.500568985135,-10914.307389909995,-10460.257250250008,-10791.23418048898,-10771.474878444084,-10104.244973964618
2026-02-22 04:26:01,-25623.370802013655,-14246.05199641404,-13342.528101510241,-14491.104061788843,-13944.727949796566,-13363.043928004965
2026-02-22 04:26:31,-23915.103448275862,-11749.724137931034,-11848.51724137931,-12568.379310344828,-11681.137931034482,-10933.103448275862
2026-02-22 04:27:01,-26492.655172413793,-10435.758620689656,-9830.034482758621,-10747.620689655172,-10420.655172413793,-9367.965517241379
2026-02-22 04:27:31,-25946.377461291766,-11252.732852856994,-11064.795337770267,-12810.958998586157,-11228.938928928583,-10637.125418117865
2026-02-22 04:28:01,-25435.896551724138,-11687.896551724138,-10171.551724137931,-10948.51724137931,-10940.034482758621,-10644.172413793103
2026-02-22 04:28:31,-21729.96551724138,-10549.241379310344,-10296.275862068966,-10583.965517241379,-10536.689655172413,-9885.344827586207
2026-02-22 04:29:01,-25067.65283955726,-10375.469811385816,-9561.222026826661,-10744.319161408228,-10379.57311816834,-9673.218164890866
2026-02-22 04:29:31,-22250.577566290816,-10887.21078583497,-10357.401468914864,-10644.357091134787,-10623.323333678149,-9941.036515982207
2026-02-22 04:30:01,-25034.070140349664,-10708.23131832132,-9875.857788199592,-10766.957481292457,-10470.63691851443,-9459.188247870616
2026-02-22 04:30:31,-27028.723147477675,-10720.940657218718,-10174.890521016518,-10592.945070859627,-10728.043860556534,-10335.953932623013
2026-02-22 04:31:01,-31594.98603400117,-13961.722818028205,-13407.945101555224,-14479.464809131347,-13995.310183109761,-13263.215972964583
2026-02-22 04:31:31,-37337.12630598945,-13956.070480328266,-13486.741836488398,-15005.89634840178,-13404.91707182511,-12804.730871349266
2026-02-22 04:32:01,-35422.606117030446,-11810.799627599046,-12117.961449605185,-11802.179235198784,-11745.698424192267,-11074.376745629459
2026-02-22 04:32:31,-35566.03448275862,-10980.068965517241,-10380.103448275862,-10640.620689655172,-10989.206896551725,-10306.551724137931
2026-02-22 04:33:01,-35817.63326667126,-11386.387145714089,-11270.084821736433,-11387.111233708021,-11331.666781601269,-10704.847941521275
2026-02-22 04:33:31,-37935.793103448275,-11914.379310344828,-10936.896551724138,-12005,-11492.413793103447,-10811.862068965516
2026-02-22 04:34:01,-34035.75862068965,-10386.034482758621,-9784.172413793103,-10722.51724137931,-10394.275862068966,-9737.206896551725
2026-02-22 04:34:31,-33521.4721810217,-10962.574592114795,-10121.106550308717,-10847.91831947846,-10707.805870787486,-10050.119002449037
2026-02-22 04:35:01,-33048.7434933986,-10363.266572443035,-9882.3123858113,-10347.995449688027,-10015.236650694611,-9718.501154814023
2026-02-22 04:35:31,-33933.793103448275,-10823.344827586207,-10255.379310344828,-10962.310344827587,-11065.068965517241,-10052.344827586207
2026-02-22 04:36:01,-45218.48275862069,-13660.172413793103,-13184.172413793103,-13677.137931034482,-13717.48275862069,-13022.172413793103
2026-02-22 04:36:31,-52704.85416810315,-10570.640557126111,-10006.102185754671,-10368.441012204372,-10610.8046611046,-9946.528304488727
2026-02-22 04:37:01,-57345.00948112394,-13777.555593863126,-14981.796242027236,-14370.901568695052,-13797.931391139458,-12862.023789001896
2026-02-22 04:37:31,-56406.68965517241,-10532.862068965516,-9961.655172413793,-10554.827586206897,-10538.58620689655,-10227.551724137931
2026-02-22 04:38:01,-54709.48275862069,-12571.724137931034,-11202.275862068966,-11834.551724137931,-11732.172413793103,-11034.310344827587
2026-02-22 04:38:31,-58348.977550950025,-12805.131211421081,-13198.248215455704,-13744.577399220661,-12912.272836994378,-12176.523328390633
2026-02-22 04:39:01,-61889.80070339977,-18085.85614785187,-15065.926487828427,-15781.463347355355,-15101.924005241019,-14488.621474381078
2026-02-22 04:39:31,-60661.402117314385,-13837.8909617573,-13268.354081175212,-13404.496706782991,-12819.407565778129,-12308.217524742231
2026-02-22 04:40:01,-56952.963895306726,-12692.161798682711,-13148.212007310594,-12726.438842718713,-12635.29776888858,-12011.172799062035
2026-02-22 04:40:31,-53133.680435832015,-11867.388455968554,-11341.976415419627,-12806.289221433006,-11977.553272188125,-11253.94800358596
2026-02-22 04:41:01,-72448.1724137931,-16246.51724137931,-16048.068965517241,-15863.793103448275,-15822.758620689656,-15134.620689655172
2026-02-22 04:41:31,-93520.84410882385,-10587.324575014656,-9959.484155718768,-10248.474190545154,-10606.25495672563,-9935.347056998035
2026-02-22 04:42:01,-97836.13793103448,-12551.862068965516,-12006.310344827585,-12917.48275862069,-12592.58620689655,-11914.793103448275
2026-02-22 04:42:31,-93922.1724137931,-13323.896551724138,-12909.896551724138,-15033.551724137931,-13445.793103448275,-12741.58620689655
2026-02-22 04:43:01,-97614.20689655172,-13384,-12049.51724137931,-12991.068965517241,-12545.724137931034,-11878.689655172413
2026-02-22 04:43:31,-85660.4827586207,-11210.448275862069,-10657.58620689655,-11269.172413793103,-11240.620689655172,-10527.206896551725
2026-02-22 04:44:01,-95608.31034482758,-13870.344827586207,-14836.551724137931,-14049.896551724138,-13986.827586206897,-13223.344827586207
2026-02-22 04:44:31,-92187.52370771405,-11348.908583054586,-10787.992689403081,-11406.39332390772,-11354.529466533328,-10692.023862891823
2026-02-22 04:45:01,-91167.0574443142,-11576.580925453418,-10978.139438659404,-11650.610302737743,-11563.0301358527,-10944.900351699884
2026-02-22 04:45:31,-99081.72413793103,-17345.41379310345,-15100.862068965516,-17428.206896551725,-15580.103448275862,-14869.551724137931
2026-02-22 04:46:01,-68480.22345598124,-10875.306045036034,-9650.574157729576,-11948.756853684608,-10537.36335735715,-9895.961929721712
2026-02-22 04:46:31,-16228.957622150961,-12834.281576497364,-12044.791558911762,-13116.37529740354,-12647.219061411677,-12067.376987000449
2026-02-22 04:47:01,-18802.6964587428,-14738.698665563255,-13860.177235267747,-13842.591634771214,-13907.416985621185,-13215.371883728145
2026-02-22 04:47:31,-17110.275862068964,-11291.827586206897,-10349.413793103447,-10925.241379310344,-11003.448275862069,-10155.241379310344
2026-02-22 04:48:01,-15257.413793103447,-10345.758620689656,-9932.206896551725,-10367.448275862069,-10355.965517241379,-9333.103448275862
2026-02-22 04:48:31,-16532.843695044998,-11027.757663528842,-10908.62384055722,-10739.388296955276,-10660.528947277679,-10339.608979000723
2026-02-22 04:49:01,-16248.017378111856,-10872.836356113372,-10033.721812288808,-10341.217847045033,-10518.929728984209,-9825.80511688849
2026-02-22 04:49:31,-20779.275862068964,-10725.206896551725,-9793.551724137931,-11045.206896551725,-10729,-10058.241379310344
2026-02-22 04:50:01,-16466.44827586207,-10437.068965517241,-10062.413793103447,-10428.310344827587,-10442.862068965516,-9863.344827586207
2026-02-22 04:50:31,-15777.199213765989,-10652.091451429358,-10509.638263388391,-10596.29642401462,-10237.732335597777,-9976.619883444255
2026-02-22 04:51:01,-15881.935105686009,-10385.19361401331,-9990.896865625322,-10366.50460328954,-10758.353160235853,-9712.078893831245
2026-02-22 04:51:31,-20006.89631392021,-14020.930312747838,-13902.382676459434,-14453.294713975381,-14072.307851453399,-13451.018930381711
2026-02-22 04:52:01,-20756,-12107.862068965516,-11845.689655172413,-11616.827586206897,-12082.172413793103,-11445.862068965516
2026-02-22 04:52:31,-20398.2483966623,-11173.332873594925,-10424.729329011792,-11162.54051444728,-10720.50203434246,-10030.9978622164
2026-02-22 04:53:01,-18611.952136280557,-11659.402048346494,-10685.161557295078,-10482.706300217247,-10764.578088899616,-10046.932652850097
2026-02-22 04:53:31,-18815.689655172413,-10643.655172413793,-10020.965517241379,-10854.862068965516,-10623.862068965516,-9947.068965517241
2026-02-22 04:54:01,-21848.487983172996,-10733.974690527913,-10054.032619564843,-10957.656632529914,-10627.185269473468,-9866.935622909556
2026-02-22 04:54:31,-18684.51724137931,-10571.310344827587,-9993.344827586207,-10932.448275862069,-10596.48275862069,-9930.551724137931
2026-02-22 04:55:01,-18305.11396944722,-10078.72685265009,-9921.273147349908,-10686.851270733472,-10415.979861374528,-9757.129556191592
2026-02-22 04:55:31,-18478.55172413793,-11198.620689655172,-9975.275862068966,-10244.58620689655,-10624.206896551725,-9922.620689655172
2026-02-22 04:56:01,-18378.44827586207,-10358.310344827587,-9850.241379310344,-10361.172413793103,-10360.862068965516,-9682.241379310344
2026-02-22 04:56:31,-26309.46141645404,-16268.878008413214,-15148.506999517274,-16030.480656506448,-15556.23750086201,-14845.941659195918
2026-02-22 04:57:01,-23623.323333678145,-11249.267266645977,-10582.807489396917,-11776.524947415604,-10787.765939105548,-10562.359918623495
2026-02-22 04:57:31,-24955.51724137931,-13626.689655172413,-11740.655172413793,-13097.275862068966,-12474.034482758621,-11532
2026-02-22 04:58:01,-24287.64052693289,-10108.45575556935,-9743.740947651562,-10455.479688254361,-10468.9288916477,-9666.45975584523
2026-02-22 04:58:31,-23395.710492741633,-10867.314920175168,-9958.794524326748,-10200.820661356505,-10587.048722457846,-9896.865625323266
2026-02-22 04:59:01,-24593.04851556843,-10588.703837798697,-9760.559980690321,-11724.59570359643,-10541.602013723666,-9442.05372228544
2026-02-22 04:59:31,-28275.1724137931,-10616.655172413793,-10504.413793103447,-10939.413793103447,-10878.448275862069,-10506.448275862069
2026-02-22 05:00:01,-23096.651839591734,-10631.702355091202,-9710.596186338402,-10329.919657942828,-10310.816868383848,-9655.839453811936
2026-02-22 05:00:31,-24062.480604117096,-10534.94707079066,-9950.001724078478,-10551.01548222475,-10170.235509120374,-9548.36040136547
2026-02-22 05:01:01,-24260.206896551725,-10376.965517241379,-10173.827586206897,-11168.51724137931,-10492.48275862069,-10036.344827586207
2026-02-22 05:01:31,-33515.862068965514,-15378.034482758621,-14877.206896551725,-15881.896551724138,-15843,-14802.379310344828
2026-02-22 05:02:01,-34752.31034482759,-11619.344827586207,-10768.206896551725,-11613.793103448275,-11178.862068965516,-10514.758620689656
2026-02-22 05:02:31,-32763.81944204972,-10580.709679644124,-10322.873202524224,-11100.72761129694,-10634.573605986412,-9919.066174695678
2026-02-22 05:03:01,-35203.3448275862,-10659.206896551725,-10054.206896551725,-10632.068965517241,-10619.172413793103,-9989.931034482759
2026-02-22 05:03:31,-36069.793103448275,-10991.448275862069,-11167,-12358.758620689656,-11004.655172413793,-10638.655172413793
2026-02-22 05:04:01,-35716.448275862065,-10698.965517241379,-9808.862068965516,-10369.931034482759,-10724.379310344828,-9694.724137931034
2026-02-22 05:04:31,-35834.47705093279,-10714.507396806785,-10634.573605986412,-10762.12972861133,-10725.990551398323,-10099.10686575399
2026-02-22 05:05:01,-35092.65197751802,-10333.436778042138,-9729.733457466984,-10358.229026585292,-10374.711216854592,-9673.562980586878
2026-02-22 05:05:31,-31810.137931034482,-10844.034482758621,-10363.413793103447,-10835.758620689656,-10674.689655172413,-10038.620689655172
2026-02-22 05:06:01,-37635.9529638953,-10479.913100451739,-10007.034725335356,-10127.245767095415,-10629.918273043897,-9874.719817924755
2026-02-22 05:06:31,-50072.10344827586,-15544.275862068966,-15056.241379310344,-15946.379310344828,-15465.827586206897,-14778.51724137931
2026-02-22 05:07:01,-51200.717216647696,-13190.16585634978,-10935.002241302023,-13477.98351780973,-11988.103858487637,-9984.345367401123
2026-02-22 05:07:31,-29265.4989311082,-8051.47920833046,-5697.365698917316,-6926.143024618992,-6318.80559961382,-5745.879594510724
2026-02-22 05:08:01,-49542.137931034486,-9975.034482758621,-9689.103448275862,-10324.827586206897,-10330,-9639.137931034482
2026-02-22 05:08:31,-54624.50865457555,-10549.134542445348,-9946.210606165092,-10207.778773877664,-10551.341286807807,-9870.422729466934
2026-02-22 05:09:01,-58932.894237732326,-11713.334942584226,-10414.94534294286,-13532.501120728299,-11421.531776957825,-10298.630987275423
2026-02-22 05:09:31,-54001.1724137931,-10838.413793103447,-11824.068965517241,-11140.379310344828,-11189.551724137931,-10067.310344827587
2026-02-22 05:10:01,-54713.206896551725,-12815.310344827585,-9924.620689655172,-12395.241379310344,-11029.448275862069,-9911.448275862069
2026-02-22 05:10:31,-54614.3448275862,-11565.620689655172,-11182.793103448275,-12580.896551724138,-11986,-10895.896551724138
2026-02-22 05:11:01,-54292.162339229675,-11332.2988862453,-10776.69735526361,-12264.404675700836,-11286.852177511118,-10616.909761732353
2026-02-22 05:11:31,-69697.74819821373,-15382.151108658916,-14776.199179282043,-15807.096796441254,-15456.257112314215,-14689.954826028481
2026-02-22 05:12:01,-92354.50501706837,-10308.64452949898,-9352.505086031515,-10305.33429881728,-10326.850798248335,-9649.356918726939
2026-02-22 05:12:31,-94422.6551724138,-13615.379310344828,-11733,-15141.379310344828,-11909.068965517241,-11252.620689655172
2026-02-22 05:13:01,-86106.6551724138,-12232.862068965516,-11740.034482758621,-15364.172413793103,-12364.413793103447,-11694.448275862069
2026-02-22 05:13:31,-50083.379310344826,-7190.724137931034,-8432.310344827587,-6876.482758620689,-6836,-6008
2026-02-22 05:14:01,-98617.3448275862,-13930.724137931034,-13670.51724137931,-16007.931034482759,-14760.931034482759,-13768.48275862069
2026-02-22 05:14:31,-86278.73374943962,-14942.066967826475,-17063.760819338597,-16083.520121383493,-14661.091761784886,-14040.794510155521
2026-02-22 05:15:01,-87304.06896551725,-11168.275862068966,-10687.137931034482,-13117.275862068966,-10519.034482758621,-9839.793103448275
2026-02-22 05:15:31,-51721.862068965514,-5214.793103448275,-4907.517241379311,-4894.620689655172,-4944.275862068966,-4858.310344827586
2026-02-22 05:16:01,-90875.86634943621,-11352.815420157924,-11767.628702458534,-11577.255956691148,-11647.115616702871,-11320.851005137753
2026-02-22 05:16:31,-63378.75862068965,-11052.758620689656,-9993.413793103447,-10580.068965517241,-10601.551724137931,-9571.931034482759
2026-02-22 05:17:01,-22261.96551724138,-12850.620689655172,-12077.793103448275,-12359.206896551725,-12837.48275862069,-11855.068965517241
2026-02-22 05:17:31,-23144.103448275862,-12986.931034482759,-12912.655172413793,-13963.551724137931,-12593.793103448275,-12592.58620689655
2026-02-22 05:18:01,-24447.62430177229,-10892.938418040136,-10316.77125715468,-10870.664092131577,-10887.249155230675,-10241.39714502448
2026-02-22 05:18:31,-20457.464050484497,-10244.42222145591,-9963.412531466602,-10534.225318114417,-10571.571433497706,-9908.514086692643
2026-02-22 05:19:01,-22571.44827586207,-11414.448275862069,-10143.931034482759,-10757.793103448275,-10708.655172413793,-10052.758620689656
2026-02-22 05:19:31,-21494.154970861062,-11370.150694851545,-11117.004034621881,-12075.588813407358,-11360.90899686196,-10685.471912824578
2026-02-22 05:20:01,-21238.01806771947,-10805.047927729123,-10267.878077373975,-11310.28894558996,-10895.455485828565,-10135.335494103856
2026-02-22 05:20:31,-20887.51724137931,-10561.103448275862,-9637.758620689656,-10932.655172413793,-10554.241379310344,-9886.862068965516
2026-02-22 05:21:01,-20751.146512189236,-9646.115651184442,-10080.342057170443,-10321.092376124961,-10338.333160925486,-9668.08041102031
2026-02-22 05:21:31,-21885.068965517243,-11669.931034482759,-10413.931034482759,-11330.379310344828,-10985.344827586207,-10301.48275862069
2026-02-22 05:22:01,-26070.03448275862,-13255.620689655172,-12749.172413793103,-13333.724137931034,-13219.172413793103,-12590
2026-02-22 05:22:31,-24210.1724137931,-12103.344827586207,-11838.068965517241,-12258.862068965516,-11774.310344827585,-11129.034482758621
2026-02-22 05:23:01,-22563.778061312456,-10986.58574433601,-10476.154350150004,-11410.531397634399,-10955.27431980413,-10293.354943273904
2026-02-22 05:23:31,-20586.46253577463,-10547.119064859833,-10336.85045343264,-10587.876280128272,-10558.118685562567,-9887.48663839178
2026-02-22 05:24:01,-9691.700286197027,-4816.627012861625,-4840.764111582359,-4828.005930829971,-5126.064618461432,-4806.420468259715
2026-02-22 05:24:31,-21847.310344827587,-10998,-10422,-11304.724137931034,-10592.413793103447,-10343.689655172413
2026-02-22 05:25:01,-21823.068965517243,-11371.068965517241,-10731.620689655172,-11741.379310344828,-11236.793103448275,-10315.689655172413
2026-02-22 05:25:31,-11271.206896551725,-5151.206896551724,-5096.517241379311,-5535.137931034483,-5502.275862068966,-5184.793103448275
2026-02-22 05:26:01,-22147.103448275862,-10397.620689655172,-10124.137931034482,-10011.896551724138,-10405.379310344828,-9739.379310344828
2026-02-22 05:26:31,-12410.985828074892,-5895.762215096031,-6212.6133581600625,-6627.5300851694765,-6188.717630426536,-5880.417916623564
2026-02-22 05:27:01,-26027.48275862069,-14609.965517241379,-13826.58620689655,-14489.896551724138,-14360.689655172413,-14243.758620689656
2026-02-22 05:27:31,-24013.96599882754,-10613.641849718955,-10021.069692058345,-10627.6078485465,-10591.744542915272,-9915.928135452945
2026-02-22 05:28:01,-12423.206896551725,-5801.482758620689,-5159.0344827586205,-5137.482758620689,-5456.3448275862065,-5111.896551724138
2026-02-22 05:28:31,-23704.35502224061,-10551.01548222475,-9959.89793455398,-10533.498844867418,-10545.912209923794,-9884.27985241888
2026-02-22 05:29:01,-10908.689655172413,-5203.827586206897,-4879.689655172414,-5199.275862068966,-5182.448275862069,-4857.275862068966
2026-02-22 05:29:31,-25581.25581876487,-10290.78307644564,-10001.448225923243,-10612.703010241024,-10576.738733147131,-9926.243922623356
2026-02-22 05:30:01,-12641.78075106038,-5686.402979413082,-5752.508707196799,-5723.955998482706,-5671.16107451981,-5367.391979033759
2026-02-22 05:30:31,-12457.398020757904,-5579.600703424019,-5640.253784352263,-5609.2548532809205,-5585.87634909141,-5271.74925002586
2026-02-22 05:31:01,-13536.551724137931,-5393.275862068966,-5422.137931034483,-5738.517241379311,-5698.620689655172,-5377.0344827586205
2026-02-22 05:31:31,-10929.31278231785,-4892.176131857522,-5244.129512775421,-5229.095548429364,-5220.613082307506,-4909.3479535188435
2026-02-22 05:32:01,-12034.794303251834,-4872.71974895686,-4892.651470740369,-5204.38635815028,-5199.731025207765,-4864.4436015035
2026-02-22 05:32:31,-20461.275862068964,-7503.931034482758,-7625.9655172413795,-8264.758620689656,-7395.655172413793,-7035.931034482758
2026-02-22 05:33:01,-18276.871616262626,-6454.5329149281,-6235.318459257215,-6752.23283561502,-6521.259353770819,-6171.040380702782
2026-02-22 05:33:31,-15756.922652505256,-4810.890030690713,-5185.937446118831,-5153.246663678057,-5138.453050105175,-4812.131452808717
2026-02-22 05:34:01,-19393.158856591148,-5832.660942726112,-6826.626668045928,-6666.218406261853,-6266.266680459294,-5904.003310230681
2026-02-22 05:34:31,-17434.428773405976,-4887.34094279113,-4924.790510017586,-5248.698230973481,-5233.180454498431,-4864.616021242111
2026-02-22 05:35:01,-16583.704010206544,-4963.897796627702,-4993.448501775801,-5652.046481155821,-5290.541705458432,-4955.449812075445
2026-02-22 05:35:31,-16390.88307299748,-4955.587738353849,-5010.068618323506,-5294.507085962552,-5301.299955173959,-4999.172442329575
2026-02-22 05:36:01,-17790.972725078445,-5593.289886555636,-5598.35867728699,-6417.192510603083,-5888.865901175822,-5531.050653425745
2026-02-22 05:36:31,-18690.045170856178,-4912.106479086929,-4944.243301955105,-5223.647460432399,-5234.785007413538,-4902.244750181028
2026-02-22 05:37:01,-22137.374573290577,-5616.08220406193,-5477.086997000104,-6216.544257094583,-5562.15302920589,-5216.923554360195
2026-02-22 05:37:31,-25405.95151891314,-4982.138546946658,-4890.245163959864,-5533.947105272233,-5182.304058480742,-4861.349608634186
2026-02-22 05:38:01,-28698,-6287.689655172414,-7101.172413793103,-6680.448275862069,-6606.3448275862065,-6209.827586206897
2026-02-22 05:38:31,-30219.808262638802,-4824.849989654459,-4869.715152769157,-5172.598110214498,-5167.701220773846,-4846.472170494517
2026-02-22 05:39:01,-30063.61630232398,-6182.159851044756,-6216.226467140197,-6495.345148610441,-6488.759395903731,-6229.570374456935
2026-02-22 05:39:31,-31399.793103448275,-8441.379310344828,-7669.379310344828,-8970.172413793103,-7977.3448275862065,-7654.172413793103
2026-02-22 05:40:01,-26705.182579911034,-4821.247543188166,-4863.694355367055,-5164.408123857797,-5170.787214233991,-4808.799696562187
2026-02-22 05:40:31,-27266.068965517243,-8482.206896551725,-9897.931034482759,-8041.689655172414,-7990.103448275862,-7364.724137931034
2026-02-22 05:41:01,-27897.068965517243,-6197.413793103448,-7067.413793103448,-6878.862068965517,-6548.241379310345,-6211.137931034483
2026-02-22 05:41:31,-27611.793103448275,-4816.724137931034,-4854.9655172413795,-5170.517241379311,-5153.931034482758,-4822.0344827586205
2026-02-22 05:42:01,-31393.689655172413,-8507.241379310344,-8309.172413793103,-8126.137931034483,-8005.413793103448,-7702.206896551724
2026-02-22 05:42:31,-46107.61697872487,-4818.557980759285,-4879.038653839523,-5175.338781421331,-5181.579945519121,-4838.522809558292
2026-02-22 05:43:01,-42795.55172413793,-6142.413793103448,-7283.620689655172,-6643.0344827586205,-6082.655172413793,-5789.0344827586205
2026-02-22 05:43:31,-49758.25805116889,-8536.135438935245,-10889.317978070478,-8963.968002206744,-8518.102199848287,-8233.98386318185
2026-02-22 05:44:01,-47842.86748732802,-7497.638012482327,-7880.211027205957,-8450.432743698491,-7844.177786972862,-7492.15544291576
2026-02-22 05:44:31,-51124.79740680713,-8023.862891823855,-6673.747370598985,-7374.668092003171,-7231.318321321424,-6635.504672574915
2026-02-22 05:45:01,-50233.620689655174,-4864.862068965517,-4871.275862068966,-5172.137931034483,-5150.551724137931,-4545.241379310345
2026-02-22 05:45:31,-47764.53548520587,-7960.514518242637,-9312.400855231395,-7875.336230084833,-7965.376922546382,-8268.88061245603
2026-02-22 05:46:01,-53380.793103448275,-10133.241379310344,-11099.241379310344,-10179.344827586207,-10103.965517241379,-9747.896551724138
2026-02-22 05:46:31,-45493.20736500931,-5161.712985311358,-4866.009240742018,-5178.504930694435,-5148.334597613958,-4851.699882766706
2026-02-22 05:47:01,-46572.73887107341,-5509.361746146684,-4858.5566014965,-5143.064032274749,-5170.201027550774,-4516.085652218889
2026-02-22 05:47:31,-6393.2549398255105,-5317.735094313596,-4713.438394427393,-5700.472430083795,-5308.010621055898,-4673.747370598985
2026-02-22 05:48:01,-15036.998724181924,-9002.861970276886,-8698.148339712423,-9041.033067825247,-8921.899244853625,-8358.5738422813
2026-02-22 05:48:31,-11339.66622991518,-6671.746776084408,-6222.157092614303,-6023.860423419075,-5845.872698434591,-5547.238121508862
2026-02-22 05:49:01,-10722.103448275862,-6285.206896551724,-6005.413793103448,-5954.206896551724,-5510.724137931034,-5496.862068965517
2026-02-22 05:49:31,-10854.418813144373,-5207.854901555118,-4934.002275783593,-5570.73894003655,-5223.612978862797,-4568.049377607668
2026-02-22 05:50:01,-11439.206896551725,-5589.413793103448,-4797.241379310345,-5218.586206896552,-5066.827586206897,-4763.896551724138
2026-02-22 05:50:31,-10177.689655172413,-5161.689655172414,-4216.275862068966,-5158.896551724138,-5531.103448275862,-4514.310344827586
2026-02-22 05:51:01,-10515.569502396633,-5368.702369047208,-5304.562226283664,-5355.081209696886,-4878.099244801544,-4583.192523880133
2026-02-22 05:51:31,-10268.163166787353,-4822.247508706597,-4525.32671287197,-4791.317540774457,-4796.558739353815,-4486.086686665977
2026-02-22 05:52:01,-9971.585227076794,-4819.062726300906,-4551.950067243697,-4820.89037553019,-5176.0750370702435,-4523.5008103727705
2026-02-22 05:52:31,-10094.031240302058,-5421.468225233612,-4636.943553670562,-5364.3667459742765,-4895.762215096031,-4598.427640426192
2026-02-22 05:53:01,-14332.367849384502,-8623.323333678149,-8352.815420157925,-9078.514533981586,-8554.153305058446,-8220.4751560291
2026-02-22 05:53:31,-10612.034482758621,-4818.724137931034,-4513.172413793103,-4795.586206896552,-4800.482758620689,-4479.724137931034
2026-02-22 05:54:01,-11110.068965517241,-6100.9655172413795,-5542.862068965517,-5418.6551724137935,-5300.379310344828,-5103.068965517241
2026-02-22 05:54:31,-11224.923278507636,-5628.357642839901,-5663.804696389779,-5629.32312678873,-5579.462777145615,-5305.058446260473
2026-02-22 05:55:01,-11482.637332321803,-5253.043208386495,-4974.550846580916,-5587.468533397702,-5558.4330494154965,-4932.4114624642225
2026-02-22 05:55:31,-10648.620689655172,-5625.896551724138,-5658.689655172414,-5613.551724137931,-5559.275862068966,-5290.0344827586205
2026-02-22 05:56:01,-10803.254947934625,-5144.127991173023,-4955.934073512171,-6033.13564581753,-5546.065788566306,-4843.0797876008555
2026-02-22 05:56:31,-10754.353298162134,-5578.221440639978,-5283.886762525431,-6540.464121926831,-5854.5222578531775,-5227.130098962105
2026-02-22 05:57:01,-9931.58620689655,-4926.172413793103,-4946.620689655172,-4926.689655172414,-5208.413793103448,-4593.620689655172
2026-02-22 05:57:31,-10426.137931034482,-5415.793103448275,-4829.862068965517,-5768.137931034483,-5413.586206896552,-4786.689655172414
2026-02-22 05:58:01,-17598.08282473018,-8719.354505017067,-8407.29630012758,-9153.96020826868,-9044.860522050963,-8465.50118961415
2026-02-22 05:58:31,-12583.827586206897,-5193.241379310345,-4904.379310344828,-5220.724137931034,-5320.137931034483,-4875.379310344828
2026-02-22 05:59:01,-13182.344827586207,-5287.0344827586205,-5025.931034482758,-5172.6551724137935,-5269.862068965517,-4985.620689655172
2026-02-22 05:59:31,-11283.793103448275,-4860.6551724137935,-4916.862068965517,-4815.137931034483,-5167.862068965517,-4541.827586206897
2026-02-22 06:00:01,-11188.096962173717,-4825.316368401089,-4536.326333574704,-4820.282059239336,-5114.16847694907,-4486.948725906002
2026-02-22 06:00:31,-11136.724137931034,-4849.310344827586,-4554.241379310345,-4857.482758620689,-5488.172413793103,-4528.068965517241
2026-02-22 06:01:01,-10738.37028863064,-4822.545605020862,-4520.017931652815,-4818.68340287596,-5122.624918100623,-4822.200765543639
2026-02-22 06:01:31,-11695.103448275862,-4918.896551724138,-4772.551724137931,-4920.275862068966,-5224.379310344828,-4590.6551724137935
2026-02-22 06:02:01,-10704.427891578729,-5160.735223118836,-4587.178426098351,-4879.267535692116,-5183.495413476791,-4890.682116008001
2026-02-22 06:02:31,-11641.93359307658,-4915.732855221874,-4631.451918767025,-6138.675309450748,-5220.528910802332,-4590.904389201118
2026-02-22 06:03:01,-19905.727388710733,-8635.978069721732,-8065.963242646804,-8409.710009999655,-8649.805179131754,-8068.756249784489
2026-02-22 06:03:31,-18090.931034482757,-7798.724137931034,-6511.103448275862,-6446.586206896552,-6971.517241379311,-6074.137931034483
2026-02-22 06:04:01,-15784.731560980654,-4828.109375538774,-4546.808730733423,-4832.488534878107,-5140.995138098686,-4874.556049791386
2026-02-22 06:04:31,-17919.275862068964,-5215,-4911.275862068966,-5243.172413793103,-5538.241379310345,-4924.827586206897
2026-02-22 06:05:01,-15757.620689655172,-4816.793103448275,-4533.275862068966,-5157.620689655172,-5137.620689655172,-4497
2026-02-22 06:05:31,-15291.058929002447,-5036.584945346712,-5381.952346470811,-5155.201544774318,-5250.405158442812,-4920.623426778387
2026-02-22 06:06:01,-15669.103448275862,-5175.241379310345,-4529.517241379311,-4854.3448275862065,-5144.379310344828,-4535.241379310345
2026-02-22 06:06:31,-20687.1724137931,-6052,-5825.655172413793,-6790.931034482758,-5927.482758620689,-5289.172413793103
2026-02-22 06:07:01,-19276.61115133961,-4937.7607668701085,-4678.9076238750395,-5730.112754732596,-5336.884935002242,-4690.493431260991
2026-02-22 06:07:31,-16092.890145507206,-4818.667678091167,-4539.273153575616,-5148.610440659265,-5132.128818702158,-4830.356527136059
2026-02-22 06:08:01,-28154.419117900612,-8907.617504051863,-7795.303286320217,-8463.912548708575,-8857.51232801131,-7784.4753267354035
2026-02-22 06:08:31,-25061.446157029066,-4855.901520637219,-4557.049756904934,-5524.257784214336,-5153.270576876659,-4525.6370469983785
2026-02-22 06:09:01,-26174.764647056792,-4817.890272078347,-4894.858443394599,-5146.763681506258,-5158.039932411461,-4509.327907858891
2026-02-22 06:09:31,-25502.241379310344,-4817.068965517241,-4547.9655172413795,-5513.551724137931,-5143.620689655172,-4512.758620689655
2026-02-22 06:10:01,-26848.556946312194,-7169.959656563566,-6012.240957208372,-7807.558360056549,-6596.910451363745,-5991.103755042929
2026-02-22 06:10:31,-29756.39699289606,-9874.646527346713,-9762.08704048555,-10788.675081040072,-9417.063245741085,-8788.675081040072
2026-02-22 06:11:01,-29379.96551724138,-7609.379310344828,-9002.241379310344,-7920.689655172414,-7936.310344827586,-7308.275862068966
2026-02-22 06:11:31,-30827.02851822476,-7482.29249284458,-8024.414634987412,-7825.683644263594,-7719.748956860581,-7107.314045311907
2026-02-22 06:12:01,-28594.51724137931,-6997.689655172414,-5925.689655172414,-6563.482758620689,-6507.724137931034,-5879.896551724138
2026-02-22 06:12:31,-25095.241379310344,-4822.862068965517,-4557.620689655172,-5143.931034482758,-5172.517241379311,-4513.379310344828
2026-02-22 06:13:01,-50308.59940693746,-9821.253706640922,-11175.263774912075,-12481.966760913041,-10261.188883525274,-9491.897110544101
2026-02-22 06:13:31,-43730.561015137406,-7766.4908106617,-8807.041136512533,-9035.688424537084,-8156.546325988758,-7476.431847177682
2026-02-22 06:14:01,-47978.862068965514,-4834.586206896552,-4535.310344827586,-5180.241379310345,-5151.827586206897,-4538.068965517241
2026-02-22 06:14:31,-44717.65517241379,-8406.758620689656,-8140.241379310345,-10205.758620689656,-8759.965517241379,-8450.172413793103
2026-02-22 06:15:01,-45182.75862068965,-9027.51724137931,-7275.275862068966,-7935.586206896552,-7881.517241379311,-7225.724137931034
2026-02-22 06:15:31,-47700.31034482759,-7610.137931034483,-8685.793103448275,-8023.862068965517,-7917.620689655172,-7373.9655172413795
2026-02-22 06:16:01,-43370.952725768075,-4818.247646632874,-4538.636598737974,-5474.293989862418,-5157.270438950381,-4510.499637943519
2026-02-22 06:16:31,-48176.02841281336,-4819.902761973725,-4551.843039895177,-5169.476914589152,-5178.442122685425,-4514.8443157132515
2026-02-22 06:17:01,-45442.06896551724,-5617.793103448275,-5374.896551724138,-6436.862068965517,-5914.068965517241,-5288.689655172414
2026-02-22 06:17:31,-40693.63125409469,-4818.489017620082,-4544.808799696562,-5157.684217785594,-5146.960449639668,-4503.155063618497
2026-02-22 06:18:01,-12977.620689655172,-4893.620689655172,-4628.310344827586,-5233.379310344828,-4903.689655172414,-4602.379310344828
2026-02-22 06:18:31,-10970.48275862069,-7596,-7123.379310344828,-7727.827586206897,-8347.620689655172,-7074.827586206897
2026-02-22 06:19:01,-8452.946653332872,-4951.550053450118,-4644.298079244111,-5281.561433152867,-4951.481085554674,-4634.642573881857
2026-02-22 06:19:31,-7974.655172413793,-4964.137931034483,-4705.6551724137935,-5787.206896551724,-5643.172413793103,-4669.827586206897
2026-02-22 06:20:01,-7537.931034482758,-5145.137931034483,-4525.275862068966,-5155.137931034483,-4824.172413793103,-4508.6551724137935
2026-02-22 06:20:31,-7759.689655172414,-5188.241379310345,-5069.724137931034,-5216.241379310345,-4883.310344827586,-4575.413793103448
2026-02-22 06:21:01,-9603.034482758621,-4906.103448275862,-4624.241379310345,-5211.0344827586205,-4879.379310344828,-4575.620689655172
2026-02-22 06:21:31,-8514.602944726044,-5180.683424709493,-4567.221819937244,-5315.713251267198,-5179.338643495053,-4531.498913830558
2026-02-22 06:22:01,-7933.51953380918,-5152.61542705424,-4882.004068825213,-5159.6841488224545,-5154.92569221751,-4532.981621323403
2026-02-22 06:22:31,-7528.983758060622,-5208.869271354184,-4561.950412083174,-5188.247870616227,-4855.374323252525,-4867.788544432566
2026-02-22 06:23:01,-8066.721837178029,-5182.855763594359,-4577.29043826075,-5541.291679597256,-4847.143201958554,-4529.8093169201065
2026-02-22 06:23:31,-12796.510224490497,-9625.952619055828,-8770.854167385081,-8889.306527811303,-8654.746715403979,-8433.980482085588
2026-02-22 06:24:01,-9637.655172413793,-5156.517241379311,-4536.689655172414,-5146.6551724137935,-4806.517241379311,-4490.310344827586
2026-02-22 06:24:31,-9078.480052411986,-5241.267542498534,-5151.580979966207,-5491.776145650149,-4933.381607530774,-4920.8992793351945
2026-02-22 06:25:01,-10332.103448275862,-5236.862068965517,-4921.172413793103,-5230.068965517241,-4939.137931034483,-4952.3448275862065
2026-02-22 06:25:31,-11297.827586206897,-5243.137931034483,-5161.137931034483,-5607.931034482758,-4893.413793103448,-4879.793103448275
2026-02-22 06:26:01,-8977.276645632908,-5150.615496017378,-4862.315092583014,-5166.442536464259,-4833.867797662149,-4811.661666839074
2026-02-22 06:26:31,-8773.827586206897,-5484.379310344828,-4832.379310344828,-5154.310344827586,-4814.724137931034,-4795.482758620689
2026-02-22 06:27:01,-9309.52791475568,-5157.143349770681,-4830.649332735611,-5494.913617710955,-4846.994723955998,-4831.270043794613
2026-02-22 06:27:31,-8870.004482604047,-5168.994172614737,-4824.592255439467,-5483.328161097893,-4817.213199544843,-4801.834419502775
2026-02-22 06:28:01,-9626.26715398938,-4861.181987449142,-4921.695055513413,-5234.432108130474,-4840.28687676712,-5221.812288807669
2026-02-22 06:28:31,-14682.390262404746,-8191.476155994622,-7842.695079480019,-8975.552567152858,-7817.385607392849,-7813.971932002345
2026-02-22 06:29:01,-12106.068965517241,-5177.206896551724,-4832.3448275862065,-5146.517241379311,-5141.620689655172,-4807.310344827586
2026-02-22 06:29:31,-12391.986483224715,-5513.878831764421,-5193.2002344746725,-5186.131512706458,-5185.993586428053,-4849.005206717009
2026-02-22 06:30:01,-11574.502569054104,-6570.398979275146,-5095.382599399979,-5460.326218145453,-5496.499879306182,-5293.941170385185
2026-02-22 06:30:31,-10761.904761904761,-4809.2134753974,-4513.154718802799,-5159.166925278438,-4790.696872521637,-4493.224371573394
2026-02-22 06:31:01,-13616.48275862069,-4860.586206896552,-4577.103448275862,-4861.413793103448,-4862.758620689655,-4525.586206896552
2026-02-22 06:31:31,-11659.091692816992,-4887.927169902409,-5341.0807269216175,-4955.550191385909,-4833.683920135177,-4631.021759371012
2026-02-22 06:32:01,-11352.855960264898,-5259.968267108167,-5285.182119205298,-5274.110099337748,-4912.286147902869,-4625.655353200882
2026-02-22 06:32:31,-11249.620794263654,-4832.287644787645,-4536.438223938225,-4845.7666850524,-4810.569498069499,-4520.028957528958
2026-02-22 06:33:01,-11458.843408393392,-4938.032345942963,-5510.017586813337,-4949.6879202731125,-4925.859512396978,-4617.779923445635
2026-02-22 06:33:31,-15454.862068965516,-5411.379310344828,-6865.103448275862,-5008.793103448275,-5728.620689655172,-5433.862068965517
2026-02-22 06:34:01,-16108.942304376314,-4840.604200434527,-4550.2983067213845,-4843.156188571232,-4826.84415629203,-4526.951063903162
2026-02-22 06:34:31,-16697.110743345744,-5151.186043304371,-4520.61784581437,-5134.29182181768,-4791.373603640877,-4491.380499241483
2026-02-22 06:35:01,-17339.52894927411,-5416.393668747198,-5613.710817614399,-5893.548053381151,-5388.8409945170515,-5085.002931135556
2026-02-22 06:35:31,-16903.454934142475,-4817.943590097235,-4518.550444796911,-4828.563547341563,-4803.772153644576,-4502.448107027102
2026-02-22 06:36:01,-17074.52238085385,-6581.7642596041105,-6871.301469066832,-5971.549762052555,-5978.550244844472,-5183.322987792261
2026-02-22 06:36:31,-14972.796855606122,-4823.817404495931,-4857.502413460212,-4813.611915597849,-4810.888153358157,-4504.309750379258
2026-02-22 06:37:01,-15793.441153143209,-4815.303975999172,-4526.362978033725,-4825.718128211317,-4807.88992723887,-4499.12065933308
2026-02-22 06:37:31,-16893.28322184677,-4858.73388042204,-4589.752430866837,-5720.329632439142,-4867.491897110544,-4530.549617267775
2026-02-22 06:38:01,-17475.087065963242,-5047.619047619047,-6010.413434019516,-5672.287162511637,-4916.382193717457,-4713.009896210475
2026-02-22 06:38:31,-29972.345781179964,-7824.902589565878,-7571.842350263784,-7579.221406158409,-6966.277024930176,-5844.281231681666
2026-02-22 06:39:01,-25946.58620689655,-7684.379310344828,-5294.103448275862,-6675,-5884.689655172414,-5661.517241379311
2026-02-22 06:39:31,-26139.379310344826,-4860.586206896552,-4555.862068965517,-5184.482758620689,-4839.137931034483,-4533
2026-02-22 06:40:01,-28929.588634874657,-7234.198820730318,-5180.304127443881,-7097.41043412296,-5915.79600703424,-5560.049653460225
2026-02-22 06:40:31,-27591.089347908546,-4829.545846408496,-4531.673505982964,-5151.556950239663,-4815.0625883651155,-4495.706748508569
2026-02-22 06:41:01,-25154.7877659391,-4888.727974897417,-6063.204717078721,-5556.0842729561045,-4976.069790696872,-4657.56353229199
2026-02-22 06:41:31,-28511.14254174141,-5016.524078929212,-4655.202152614876,-5285.807920518835,-5373.947840485718,-4686.663446943563
2026-02-22 06:42:01,-28293.87417218543,-4818.605132450331,-4530.146247240618,-5145.902317880795,-4814.638520971303,-4504.380518763797
2026-02-22 06:42:31,-26132.452843201485,-4917.135073623228,-4879.340666919548,-5256.284699472395,-4925.480188972033,-4969.688609952067
2026-02-22 06:43:01,-27220.51724137931,-4937.482758620689,-4630.551724137931,-5398.310344827586,-4934.620689655172,-4965.586206896552
2026-02-22 06:43:31,-45519.244033659816,-4857.290660780797,-4560.111739550283,-5427.162367223065,-4851.807145813216,-4541.350531107739
2026-02-22 06:44:01,-47029.75964688437,-10359.977930273457,-8574.192213524602,-9275.526742301457,-8927.79061346943,-8561.467636815061
2026-02-22 06:44:31,-49554.869850025854,-9818.16928115842,-6867.367695224961,-8697.397000517152,-8497.81072228926,-7444.854335459403
2026-02-22 06:45:01,-47459.91241077278,-16293.423911169348,-15729.749301700056,-13446.705058795129,-12815.44191179006,-11038.690989344459
2026-02-22 06:45:31,-49104.99637943519,-7948.00179304162,-9217.958001448227,-9928.657632495431,-7951.93269197614,-6773.66297713872
2026-02-22 06:46:01,-47345.32225249146,-4882.513190110003,-4593.1928687196105,-6940.687609917582,-4880.720024828442,-4893.892892858374
2026-02-22 06:46:31,-47014.000482775264,-8396.806786440911,-6547.984413255628,-7246.939549639642,-6864.236697817165,-5696.368840304837
2026-02-22 06:47:01,-40651.230949589684,-4868.3883870077925,-5025.4120405489275,-5190.262740500655,-4853.423901799876,-4553.134266602304
2026-02-22 06:47:31,-43603.8275862069,-6750.206896551724,-8505.379310344828,-7167.551724137931,-6743.862068965517,-6467.931034482758
2026-02-22 06:48:01,-43814.51724137931,-4855.379310344828,-4858.6551724137935,-5169.0344827586205,-4852.551724137931,-4537.896551724138
2026-02-22 06:48:31,-8692.344827586207,-5146.6551724137935,-4846.137931034483,-5390.724137931034,-5050.172413793103,-5127.413793103448
2026-02-22 06:49:01,-8436.931034482759,-6298.655172413793,-5846.206896551724,-6324.827586206897,-5931.586206896552,-5646.551724137931
2026-02-22 06:49:31,-8773.620689655172,-6238.586206896552,-5740.482758620689,-6939.3448275862065,-6029.413793103448,-5740.275862068966
2026-02-22 06:50:01,-8105.030861004792,-4986.759077273196,-4832.143719182097,-5631.667873521602,-4950.34653977449,-4649.529326574945
2026-02-22 06:50:31,-8713.40391047967,-5652.332839063415,-5058.5192592848025,-5844.236008138211,-5141.797993034242,-4844.098072347321
2026-02-22 06:51:01,-8234.827586206897,-4821,-4531.758620689655,-5146.482758620689,-4813.068965517241,-4503.379310344828
2026-02-22 06:51:31,-7744.448275862069,-5020.413793103448,-4564.724137931034,-5177.896551724138,-4822.862068965517,-4503
2026-02-22 06:52:01,-7610.448275862069,-5204.793103448275,-4894.517241379311,-5422.448275862069,-5061.379310344828,-4753.275862068966
2026-02-22 06:52:31,-9183.54539498638,-6106.134271232027,-6358.573842281301,-6619.944139857247,-6052.067170097584,-5784.283300575843
2026-02-22 06:53:01,-8405.724137931034,-5212.068965517241,-4908.137931034483,-5525.517241379311,-5175.9655172413795,-4888.103448275862
2026-02-22 06:53:31,-8266.793103448275,-4870.689655172414,-4571.931034482758,-5230.172413793103,-4883.448275862069,-4575.931034482758
2026-02-22 06:54:01,-11203.606647817393,-7438.831804703124,-6763.7749120750295,-7648.093234949314,-7268.878008413213,-6674.229363492173
2026-02-22 06:54:31,-8539.015896003586,-5480.535153960209,-4550.187924554326,-5136.098755215337,-4813.109892762319,-4515.016723561257
2026-02-22 06:55:01,-9548.448275862069,-5227.310344827586,-4983.931034482758,-5225.206896551724,-4962.379310344828,-4661.827586206897
2026-02-22 06:55:31,-11375.780145512223,-7495.844970863072,-6866.659770352746,-7501.810282404054,-6982.173028516258,-6688.769352780938
2026-02-22 06:56:01,-9657.54180313739,-5596.414411308395,-4972.590932597827,-5959.834511291157,-5263.506292018617,-4959.59317359076
2026-02-22 06:56:31,-10443.896551724138,-5453.482758620689,-4810.206896551724,-5434.379310344828,-5549.137931034483,-4798.896551724138
2026-02-22 06:57:01,-9571.724137931034,-5817.551724137931,-5230.586206896552,-5855.689655172414,-5537,-5258.482758620689
2026-02-22 06:57:31,-10236.406293127244,-6003.864200938449,-5563.793817278499,-5975.434722605576,-5639.352746342811,-5348.054098813139
2026-02-22 06:58:01,-9207.044051191831,-5150.194901514367,-4836.420711304288,-5148.677084411328,-4816.206147159267,-4800.131084204353
2026-02-22 06:58:31,-8924.405973031693,-5152.808911266683,-4531.813635893368,-5490.223126530331,-4812.739248887816,-4817.0155533331035
2026-02-22 06:59:01,-15817.068965517241,-9185.724137931034,-9039.034482758621,-9514.137931034482,-8836.862068965516,-8874.206896551725
2026-02-22 06:59:31,-11555.777785440876,-5295.561915928135,-5223.8697886134,-5626.297458533052,-4950.136211593503,-4951.13624607745
2026-02-22 07:00:01,-11490.362401296508,-5523.775042239923,-4886.555636012552,-5191.200303437813,-4856.4187441812355,-4834.557429054171
2026-02-22 07:00:31,-12643.194592916996,-5287.044380840718,-4993.517017828201,-5505.431221766267,-4957.653712196971,-4978.44753267354
2026-02-22 07:01:01,-11865.620689655172,-5682.275862068966,-5167.275862068966,-5437.689655172414,-5097.862068965517,-5088.310344827586
2026-02-22 07:01:31,-11774.965517241379,-5172.620689655172,-4865.413793103448,-5179.758620689655,-4838.103448275862,-4804.482758620689
2026-02-22 07:02:01,-5466.7402324218065,-5171.074864650504,-4916.755750198282,-5211.627987171971,-4882.892513534949,-4891.9273078382
2026-02-22 07:02:31,-5174.131926485294,-5147.236302196477,-4841.039964139168,-5149.33967794214,-4823.040584807421,-5111.272025102583
2026-02-22 07:03:01,-5360.539291748561,-5247.922485431537,-4929.24381917865,-5349.850005172236,-5246.129443812283,-4914.347781110997
2026-02-22 07:03:31,-5766.3448275862065,-5377.862068965517,-5100.931034482758,-5261.068965517241,-5246.206896551724,-4928.896551724138
2026-02-22 07:04:01,-5257.6551724137935,-5512.827586206897,-4961.275862068966,-5418.448275862069,-5258.241379310345,-4915.586206896552
2026-02-22 07:04:31,-5156.310344827586,-5177.517241379311,-5151.9655172413795,-5152.448275862069,-5167.379310344828,-4826.482758620689
2026-02-22 07:05:01,-5506.724137931034,-5146.620689655172,-4839.6551724137935,-5481.413793103448,-5145.482758620689,-4806.689655172414
2026-02-22 07:05:31,-5192.909855852127,-5182.012552589834,-5000.310366232154,-5205.290020001379,-5186.426650113801,-5145.527277743293
2026-02-22 07:06:01,-5150.541341976415,-5164.954141093718,-4826.080959933798,-5154.954830701331,-5166.850562030205,-4832.3908695952005
2026-02-22 07:06:31,-5540.708300286216,-5191.247974068071,-5004.862236628848,-5181.799372392151,-5172.799062036621,-4842.235939170316
2026-02-22 07:07:01,-5692.103448275862,-5426.689655172414,-4913.103448275862,-5384.068965517241,-5214.6551724137935,-4884.172413793103
2026-02-22 07:07:31,-5246.206896551724,-5373.137931034483,-4903.241379310345,-5347.931034482758,-5559,-4906.896551724138
2026-02-22 07:08:01,-5644.288127995587,-5184.097100099997,-4904.3826074962935,-5210.958242819213,-5179.166235647047,-4839.867590772732
2026-02-22 07:08:31,-5369.18514431532,-5582.502844925686,-4931.239008241663,-5348.563743577364,-5242.318700644849,-4882.409738266836
2026-02-22 07:09:01,-5175.131892003725,-5138.926243922624,-5175.821523395745,-5157.718699355195,-5144.5812213371955,-4810.696182890246
2026-02-22 07:09:31,-5471.328574876728,-5150.374125030172,-4847.35009137616,-4851.487879728285,-5149.99482776456,-4793.834695355333
2026-02-22 07:10:01,-5347.689655172414,-4882.103448275862,-4879.0344827586205,-4868.0344827586205,-5549.103448275862,-4874.137931034483
2026-02-22 07:10:31,-5150.620689655172,-5150.517241379311,-5154.9655172413795,-4816.517241379311,-4807.241379310345,-4812.0344827586205
2026-02-22 07:11:01,-4856.758620689655,-5189,-4879.0344827586205,-5338.9655172413795,-5185.586206896552,-4846.172413793103
2026-02-22 07:11:31,-5182.413793103448,-5147.9655172413795,-4854.448275862069,-5466,-5145.068965517241,-5132.413793103448
2026-02-22 07:12:01,-5223.827586206897,-5246.827586206897,-5051.758620689655,-5385.172413793103,-5255.448275862069,-4908.793103448275
2026-02-22 07:12:31,-5023.828407876133,-5245.3188040966925,-4917.514397048173,-5354.219111003827,-5248.112003862201,-4889.375495706748
2026-02-22 07:13:01,-4825.517241379311,-5160.172413793103,-4863.724137931034,-5151.724137931034,-5124.206896551724,-4809.448275862069
2026-02-22 07:13:31,-5810.586206896552,-5219.3448275862065,-4886.724137931034,-5211.379310344828,-5215.413793103448,-4859.586206896552
2026-02-22 07:14:01,-5495.517241379311,-5155.275862068966,-4863.551724137931,-5153.206896551724,-5169.896551724138,-4826.068965517241
2026-02-22 07:14:31,-4905.623944001932,-5352.401641322714,-4921.864763284025,-5358.918657977311,-5214.440881348919,-5180.545498431089
2026-02-22 07:15:01,-5366.883900555153,-5747.5604289507255,-5282.9212785766,-5346.919071756146,-5321.126857694561,-4994.75880142064
2026-02-22 07:15:31,-5247.956967001137,-5022.102686114271,-4943.691596841488,-6070.342401986138,-5242.060618599358,-4913.17540774456
2026-02-22 07:16:01,-5179.717940760664,-5187.028033516086,-4839.143477811111,-5859.487603875729,-5172.580255853247,-4837.833178166271
2026-02-22 07:16:31,-4937.618538570295,-5425.221559364115,-5206.59333080451,-5276.354357046794,-5239.38756508845,-4924.031863167695
2026-02-22 07:17:01,-5538.501327631987,-5316.493672195592,-4897.2723197351625,-5188.558226145728,-5193.661850408634,-4871.064519466187
2026-02-22 07:17:31,-4857.620689655172,-5181.413793103448,-4867.517241379311,-5336.9655172413795,-5181,-4848.172413793103
2026-02-22 07:18:01,-4976.137931034483,-5211.172413793103,-4909.448275862069,-5365.827586206897,-5236.758620689655,-4885
2026-02-22 07:18:31,-4827.758620689655,-5468.758620689655,-4840.379310344828,-5170.0344827586205,-5136.482758620689,-4805.413793103448
