"Time","OUT on /nbd0","OUT on /nbd1","OUT on /nbd10","OUT on /nbd11","OUT on /nbd12","OUT on /nbd13","OUT on /nbd14","OUT on /nbd15","OUT on /nbd2","OUT on /nbd3","OUT on /nbd4","OUT on /nbd5","OUT on /nbd6","OUT on /nbd7","OUT on /nbd8","OUT on /nbd9","OUT on /vda","OUT on /vdb","IN on /nbd0","IN on /nbd1","IN on /nbd10","IN on /nbd11","IN on /nbd12","IN on /nbd13","IN on /nbd14","IN on /nbd15","IN on /nbd2","IN on /nbd3","IN on /nbd4","IN on /nbd5","IN on /nbd6","IN on /nbd7","IN on /nbd8","IN on /nbd9","IN on /vda","IN on /vdb"
2026-02-10 12:45:30,0 B/s,0 B/s,0 B/s,0 B/s,0 B/s,0 B/s,0 B/s,0 B/s,0 B/s,0 B/s,0 B/s,0 B/s,0 B/s,0 B/s,0 B/s,0 B/s,-493 B/s,0 B/s,0 B/s,0 B/s,0 B/s,0 B/s,0 B/s,0 B/s,0 B/s,0 B/s,0 B/s,0 B/s,0 B/s,0 B/s,0 B/s,0 B/s,0 B/s,0 B/s,1.21 MB/s,0 B/s
2026-02-10 12:46:00,0 B/s,0 B/s,0 B/s,0 B/s,0 B/s,0 B/s,0 B/s,0 B/s,0 B/s,0 B/s,0 B/s,0 B/s,0 B/s,0 B/s,0 B/s,0 B/s,-507 B/s,-137 B/s,0 B/s,0 B/s,0 B/s,0 B/s,0 B/s,0 B/s,0 B/s,0 B/s,0 B/s,0 B/s,0 B/s,0 B/s,0 B/s,0 B/s,0 B/s,0 B/s,1.43 MB/s,0 B/s
2026-02-10 12:46:30,0 B/s,0 B/s,0 B/s,0 B/s,0 B/s,0 B/s,0 B/s,0 B/s,0 B/s,0 B/s,0 B/s,0 B/s,0 B/s,0 B/s,0 B/s,0 B/s,-507 B/s,-137 B/s,0 B/s,0 B/s,0 B/s,0 B/s,0 B/s,0 B/s,0 B/s,0 B/s,0 B/s,0 B/s,0 B/s,0 B/s,0 B/s,0 B/s,0 B/s,0 B/s,1.43 MB/s,0 B/s
2026-02-10 12:47:00,0 B/s,0 B/s,0 B/s,0 B/s,0 B/s,0 B/s,0 B/s,0 B/s,0 B/s,0 B/s,0 B/s,0 B/s,0 B/s,0 B/s,0 B/s,0 B/s,-384 B/s,-137 B/s,0 B/s,0 B/s,0 B/s,0 B/s,0 B/s,0 B/s,0 B/s,0 B/s,0 B/s,0 B/s,0 B/s,0 B/s,0 B/s,0 B/s,0 B/s,0 B/s,1.46 MB/s,0 B/s
2026-02-10 12:47:30,0 B/s,0 B/s,0 B/s,0 B/s,0 B/s,0 B/s,0 B/s,0 B/s,0 B/s,0 B/s,0 B/s,0 B/s,0 B/s,0 B/s,0 B/s,0 B/s,-740 B/s,-137 B/s,0 B/s,0 B/s,0 B/s,0 B/s,0 B/s,0 B/s,0 B/s,0 B/s,0 B/s,0 B/s,0 B/s,0 B/s,0 B/s,0 B/s,0 B/s,0 B/s,1.48 MB/s,0 B/s
2026-02-10 12:48:00,0 B/s,0 B/s,0 B/s,0 B/s,0 B/s,0 B/s,0 B/s,0 B/s,0 B/s,0 B/s,0 B/s,0 B/s,0 B/s,0 B/s,0 B/s,0 B/s,-740 B/s,-137 B/s,0 B/s,0 B/s,0 B/s,0 B/s,0 B/s,0 B/s,0 B/s,0 B/s,0 B/s,0 B/s,0 B/s,0 B/s,0 B/s,0 B/s,0 B/s,0 B/s,1.42 MB/s,0 B/s
2026-02-10 12:48:30,0 B/s,0 B/s,0 B/s,0 B/s,0 B/s,0 B/s,0 B/s,0 B/s,0 B/s,0 B/s,0 B/s,0 B/s,0 B/s,0 B/s,0 B/s,0 B/s,-726 B/s,-137 B/s,0 B/s,0 B/s,0 B/s,0 B/s,0 B/s,0 B/s,0 B/s,0 B/s,0 B/s,0 B/s,0 B/s,0 B/s,0 B/s,0 B/s,0 B/s,0 B/s,1.35 MB/s,0 B/s
2026-02-10 12:49:00,0 B/s,0 B/s,0 B/s,0 B/s,0 B/s,0 B/s,0 B/s,0 B/s,0 B/s,0 B/s,0 B/s,0 B/s,0 B/s,0 B/s,0 B/s,0 B/s,-685 B/s,-137 B/s,0 B/s,0 B/s,0 B/s,0 B/s,0 B/s,0 B/s,0 B/s,0 B/s,0 B/s,0 B/s,0 B/s,0 B/s,0 B/s,0 B/s,0 B/s,0 B/s,1.21 MB/s,0 B/s
2026-02-10 12:49:30,0 B/s,0 B/s,0 B/s,0 B/s,0 B/s,0 B/s,0 B/s,0 B/s,0 B/s,0 B/s,0 B/s,0 B/s,0 B/s,0 B/s,0 B/s,0 B/s,-685 B/s,-137 B/s,0 B/s,0 B/s,0 B/s,0 B/s,0 B/s,0 B/s,0 B/s,0 B/s,0 B/s,0 B/s,0 B/s,0 B/s,0 B/s,0 B/s,0 B/s,0 B/s,1.10 MB/s,0 B/s
2026-02-10 12:50:00,0 B/s,0 B/s,0 B/s,0 B/s,0 B/s,0 B/s,0 B/s,0 B/s,0 B/s,0 B/s,0 B/s,0 B/s,0 B/s,0 B/s,0 B/s,0 B/s,-685 B/s,-137 B/s,0 B/s,0 B/s,0 B/s,0 B/s,0 B/s,0 B/s,0 B/s,0 B/s,0 B/s,0 B/s,0 B/s,0 B/s,0 B/s,0 B/s,0 B/s,0 B/s,1.06 MB/s,0 B/s
2026-02-10 12:50:30,0 B/s,0 B/s,0 B/s,0 B/s,0 B/s,0 B/s,0 B/s,0 B/s,0 B/s,0 B/s,0 B/s,0 B/s,0 B/s,0 B/s,0 B/s,0 B/s,-562 B/s,-137 B/s,0 B/s,0 B/s,0 B/s,0 B/s,0 B/s,0 B/s,0 B/s,0 B/s,0 B/s,0 B/s,0 B/s,0 B/s,0 B/s,0 B/s,0 B/s,0 B/s,656 kB/s,0 B/s
2026-02-10 12:51:00,0 B/s,0 B/s,0 B/s,0 B/s,0 B/s,0 B/s,0 B/s,0 B/s,0 B/s,0 B/s,0 B/s,0 B/s,0 B/s,0 B/s,0 B/s,0 B/s,-589 B/s,-151 B/s,0 B/s,0 B/s,0 B/s,0 B/s,0 B/s,0 B/s,0 B/s,0 B/s,0 B/s,0 B/s,0 B/s,0 B/s,0 B/s,0 B/s,0 B/s,0 B/s,410 kB/s,0 B/s
2026-02-10 12:51:30,0 B/s,0 B/s,0 B/s,0 B/s,0 B/s,0 B/s,0 B/s,0 B/s,0 B/s,0 B/s,0 B/s,0 B/s,0 B/s,0 B/s,0 B/s,0 B/s,-1.22 kB/s,-151 B/s,0 B/s,0 B/s,0 B/s,0 B/s,0 B/s,0 B/s,0 B/s,0 B/s,0 B/s,0 B/s,0 B/s,0 B/s,0 B/s,0 B/s,0 B/s,0 B/s,394 kB/s,0 B/s
2026-02-10 12:52:00,0 B/s,0 B/s,0 B/s,0 B/s,0 B/s,0 B/s,0 B/s,0 B/s,0 B/s,0 B/s,0 B/s,0 B/s,0 B/s,0 B/s,0 B/s,0 B/s,-1.26 kB/s,-151 B/s,0 B/s,0 B/s,0 B/s,0 B/s,0 B/s,0 B/s,0 B/s,0 B/s,0 B/s,0 B/s,0 B/s,0 B/s,0 B/s,0 B/s,0 B/s,0 B/s,408 kB/s,0 B/s
2026-02-10 12:52:30,0 B/s,0 B/s,0 B/s,0 B/s,0 B/s,0 B/s,0 B/s,0 B/s,0 B/s,0 B/s,0 B/s,0 B/s,0 B/s,0 B/s,0 B/s,0 B/s,-211 kB/s,-151 B/s,0 B/s,0 B/s,0 B/s,0 B/s,0 B/s,0 B/s,0 B/s,0 B/s,0 B/s,0 B/s,0 B/s,0 B/s,0 B/s,0 B/s,0 B/s,0 B/s,520 kB/s,0 B/s
2026-02-10 12:53:00,0 B/s,0 B/s,0 B/s,0 B/s,0 B/s,0 B/s,0 B/s,0 B/s,0 B/s,0 B/s,0 B/s,0 B/s,0 B/s,0 B/s,0 B/s,0 B/s,-211 kB/s,-151 B/s,0 B/s,0 B/s,0 B/s,0 B/s,0 B/s,0 B/s,0 B/s,0 B/s,0 B/s,0 B/s,0 B/s,0 B/s,0 B/s,0 B/s,0 B/s,0 B/s,577 kB/s,0 B/s
2026-02-10 12:53:30,0 B/s,0 B/s,0 B/s,0 B/s,0 B/s,0 B/s,0 B/s,0 B/s,0 B/s,0 B/s,0 B/s,0 B/s,0 B/s,0 B/s,0 B/s,0 B/s,-211 kB/s,-151 B/s,0 B/s,0 B/s,0 B/s,0 B/s,0 B/s,0 B/s,0 B/s,0 B/s,0 B/s,0 B/s,0 B/s,0 B/s,0 B/s,0 B/s,0 B/s,0 B/s,681 kB/s,0 B/s
2026-02-10 12:54:00,0 B/s,0 B/s,0 B/s,0 B/s,0 B/s,0 B/s,0 B/s,0 B/s,0 B/s,0 B/s,0 B/s,0 B/s,0 B/s,0 B/s,0 B/s,0 B/s,-212 kB/s,-151 B/s,0 B/s,0 B/s,0 B/s,0 B/s,0 B/s,0 B/s,0 B/s,0 B/s,0 B/s,0 B/s,0 B/s,0 B/s,0 B/s,0 B/s,0 B/s,0 B/s,748 kB/s,0 B/s
2026-02-10 12:54:30,0 B/s,0 B/s,0 B/s,0 B/s,0 B/s,0 B/s,0 B/s,0 B/s,0 B/s,0 B/s,0 B/s,0 B/s,0 B/s,0 B/s,0 B/s,0 B/s,-600 kB/s,-315 B/s,0 B/s,0 B/s,0 B/s,0 B/s,0 B/s,0 B/s,0 B/s,0 B/s,0 B/s,0 B/s,0 B/s,0 B/s,0 B/s,0 B/s,0 B/s,0 B/s,869 kB/s,0 B/s
2026-02-10 12:55:00,0 B/s,0 B/s,0 B/s,0 B/s,0 B/s,0 B/s,0 B/s,0 B/s,0 B/s,0 B/s,0 B/s,0 B/s,0 B/s,0 B/s,0 B/s,0 B/s,-600 kB/s,-315 B/s,0 B/s,0 B/s,0 B/s,0 B/s,0 B/s,0 B/s,0 B/s,0 B/s,0 B/s,0 B/s,0 B/s,0 B/s,0 B/s,0 B/s,0 B/s,0 B/s,934 kB/s,0 B/s
2026-02-10 12:55:30,0 B/s,0 B/s,0 B/s,0 B/s,0 B/s,0 B/s,0 B/s,0 B/s,0 B/s,0 B/s,0 B/s,0 B/s,0 B/s,0 B/s,0 B/s,0 B/s,-600 kB/s,-315 B/s,0 B/s,0 B/s,0 B/s,0 B/s,0 B/s,0 B/s,0 B/s,0 B/s,0 B/s,0 B/s,0 B/s,0 B/s,0 B/s,0 B/s,0 B/s,0 B/s,978 kB/s,0 B/s
2026-02-10 12:56:00,0 B/s,0 B/s,0 B/s,0 B/s,0 B/s,0 B/s,0 B/s,0 B/s,0 B/s,0 B/s,0 B/s,0 B/s,0 B/s,0 B/s,0 B/s,0 B/s,-600 kB/s,-164 B/s,0 B/s,0 B/s,0 B/s,0 B/s,0 B/s,0 B/s,0 B/s,0 B/s,0 B/s,0 B/s,0 B/s,0 B/s,0 B/s,0 B/s,0 B/s,0 B/s,986 kB/s,0 B/s
2026-02-10 12:56:30,0 B/s,0 B/s,0 B/s,0 B/s,0 B/s,0 B/s,0 B/s,0 B/s,0 B/s,0 B/s,0 B/s,0 B/s,0 B/s,0 B/s,0 B/s,0 B/s,-599 kB/s,-164 B/s,0 B/s,0 B/s,0 B/s,0 B/s,0 B/s,0 B/s,0 B/s,0 B/s,0 B/s,0 B/s,0 B/s,0 B/s,0 B/s,0 B/s,0 B/s,0 B/s,969 kB/s,0 B/s
2026-02-10 12:57:00,0 B/s,0 B/s,0 B/s,0 B/s,0 B/s,0 B/s,0 B/s,0 B/s,0 B/s,0 B/s,0 B/s,0 B/s,0 B/s,0 B/s,0 B/s,0 B/s,-599 kB/s,-164 B/s,0 B/s,0 B/s,0 B/s,0 B/s,0 B/s,0 B/s,0 B/s,0 B/s,0 B/s,0 B/s,0 B/s,0 B/s,0 B/s,0 B/s,0 B/s,0 B/s,894 kB/s,0 B/s
2026-02-10 12:57:30,0 B/s,0 B/s,0 B/s,0 B/s,0 B/s,0 B/s,0 B/s,0 B/s,0 B/s,0 B/s,0 B/s,0 B/s,0 B/s,0 B/s,0 B/s,0 B/s,-389 kB/s,-164 B/s,0 B/s,0 B/s,0 B/s,0 B/s,0 B/s,0 B/s,0 B/s,0 B/s,0 B/s,0 B/s,0 B/s,0 B/s,0 B/s,0 B/s,0 B/s,0 B/s,743 kB/s,0 B/s
2026-02-10 12:58:00,0 B/s,0 B/s,0 B/s,0 B/s,0 B/s,0 B/s,0 B/s,0 B/s,0 B/s,0 B/s,0 B/s,0 B/s,0 B/s,0 B/s,0 B/s,0 B/s,-389 kB/s,-164 B/s,0 B/s,0 B/s,0 B/s,0 B/s,0 B/s,0 B/s,0 B/s,0 B/s,0 B/s,0 B/s,0 B/s,0 B/s,0 B/s,0 B/s,0 B/s,0 B/s,701 kB/s,0 B/s
2026-02-10 12:58:30,0 B/s,0 B/s,0 B/s,0 B/s,0 B/s,0 B/s,0 B/s,0 B/s,0 B/s,0 B/s,0 B/s,0 B/s,0 B/s,0 B/s,0 B/s,0 B/s,-389 kB/s,-164 B/s,0 B/s,0 B/s,0 B/s,0 B/s,0 B/s,0 B/s,0 B/s,0 B/s,0 B/s,0 B/s,0 B/s,0 B/s,0 B/s,0 B/s,0 B/s,0 B/s,589 kB/s,0 B/s
2026-02-10 12:59:00,0 B/s,0 B/s,0 B/s,0 B/s,0 B/s,0 B/s,0 B/s,0 B/s,0 B/s,0 B/s,0 B/s,0 B/s,0 B/s,0 B/s,0 B/s,0 B/s,-388 kB/s,-164 B/s,0 B/s,0 B/s,0 B/s,0 B/s,0 B/s,0 B/s,0 B/s,0 B/s,0 B/s,0 B/s,0 B/s,0 B/s,0 B/s,0 B/s,0 B/s,0 B/s,523 kB/s,0 B/s
2026-02-10 12:59:30,0 B/s,0 B/s,0 B/s,0 B/s,0 B/s,0 B/s,0 B/s,0 B/s,0 B/s,0 B/s,0 B/s,0 B/s,0 B/s,0 B/s,0 B/s,0 B/s,-1.03 kB/s,0 B/s,0 B/s,0 B/s,0 B/s,0 B/s,0 B/s,0 B/s,0 B/s,0 B/s,0 B/s,0 B/s,0 B/s,0 B/s,0 B/s,0 B/s,0 B/s,0 B/s,429 kB/s,0 B/s
2026-02-10 13:00:00,0 B/s,0 B/s,0 B/s,0 B/s,0 B/s,0 B/s,0 B/s,0 B/s,0 B/s,0 B/s,0 B/s,0 B/s,0 B/s,0 B/s,0 B/s,0 B/s,-932 B/s,0 B/s,0 B/s,0 B/s,0 B/s,0 B/s,0 B/s,0 B/s,0 B/s,0 B/s,0 B/s,0 B/s,0 B/s,0 B/s,0 B/s,0 B/s,0 B/s,0 B/s,397 kB/s,0 B/s
2026-02-10 13:00:30,0 B/s,0 B/s,0 B/s,0 B/s,0 B/s,0 B/s,0 B/s,0 B/s,0 B/s,0 B/s,0 B/s,0 B/s,0 B/s,0 B/s,0 B/s,0 B/s,-658 B/s,0 B/s,0 B/s,0 B/s,0 B/s,0 B/s,0 B/s,0 B/s,0 B/s,0 B/s,0 B/s,0 B/s,0 B/s,0 B/s,0 B/s,0 B/s,0 B/s,0 B/s,421 kB/s,0 B/s
2026-02-10 13:01:00,0 B/s,0 B/s,0 B/s,0 B/s,0 B/s,0 B/s,0 B/s,0 B/s,0 B/s,0 B/s,0 B/s,0 B/s,0 B/s,0 B/s,0 B/s,0 B/s,-671 B/s,-82.2 B/s,0 B/s,0 B/s,0 B/s,0 B/s,0 B/s,0 B/s,0 B/s,0 B/s,0 B/s,0 B/s,0 B/s,0 B/s,0 B/s,0 B/s,0 B/s,0 B/s,465 kB/s,0 B/s
2026-02-10 13:01:30,0 B/s,0 B/s,0 B/s,0 B/s,0 B/s,0 B/s,0 B/s,0 B/s,0 B/s,0 B/s,0 B/s,0 B/s,0 B/s,0 B/s,0 B/s,0 B/s,-630 B/s,-82.2 B/s,0 B/s,0 B/s,0 B/s,0 B/s,0 B/s,0 B/s,0 B/s,0 B/s,0 B/s,0 B/s,0 B/s,0 B/s,0 B/s,0 B/s,0 B/s,0 B/s,509 kB/s,0 B/s
2026-02-10 13:02:00,0 B/s,0 B/s,0 B/s,0 B/s,0 B/s,0 B/s,0 B/s,0 B/s,0 B/s,0 B/s,0 B/s,0 B/s,0 B/s,0 B/s,0 B/s,0 B/s,-630 B/s,-82.2 B/s,0 B/s,0 B/s,0 B/s,0 B/s,0 B/s,0 B/s,0 B/s,0 B/s,0 B/s,0 B/s,0 B/s,0 B/s,0 B/s,0 B/s,0 B/s,0 B/s,571 kB/s,0 B/s
2026-02-10 13:02:30,0 B/s,0 B/s,0 B/s,0 B/s,0 B/s,0 B/s,0 B/s,0 B/s,0 B/s,0 B/s,0 B/s,0 B/s,0 B/s,0 B/s,0 B/s,0 B/s,-425 B/s,-82.2 B/s,0 B/s,0 B/s,0 B/s,0 B/s,0 B/s,0 B/s,0 B/s,0 B/s,0 B/s,0 B/s,0 B/s,0 B/s,0 B/s,0 B/s,0 B/s,0 B/s,652 kB/s,0 B/s
2026-02-10 13:03:00,0 B/s,0 B/s,0 B/s,0 B/s,0 B/s,0 B/s,0 B/s,0 B/s,0 B/s,0 B/s,0 B/s,0 B/s,0 B/s,0 B/s,0 B/s,0 B/s,-425 B/s,-82.2 B/s,0 B/s,0 B/s,0 B/s,0 B/s,0 B/s,0 B/s,0 B/s,0 B/s,0 B/s,0 B/s,0 B/s,0 B/s,0 B/s,0 B/s,0 B/s,0 B/s,692 kB/s,0 B/s
2026-02-10 13:03:30,0 B/s,0 B/s,0 B/s,0 B/s,0 B/s,0 B/s,0 B/s,0 B/s,0 B/s,0 B/s,0 B/s,0 B/s,0 B/s,0 B/s,0 B/s,0 B/s,-438 B/s,-82.2 B/s,0 B/s,0 B/s,0 B/s,0 B/s,0 B/s,0 B/s,0 B/s,0 B/s,0 B/s,0 B/s,0 B/s,0 B/s,0 B/s,0 B/s,0 B/s,0 B/s,759 kB/s,0 B/s
2026-02-10 13:04:00,0 B/s,0 B/s,0 B/s,0 B/s,0 B/s,0 B/s,0 B/s,0 B/s,0 B/s,0 B/s,0 B/s,0 B/s,0 B/s,0 B/s,0 B/s,0 B/s,-95.9 B/s,-82.2 B/s,0 B/s,0 B/s,0 B/s,0 B/s,0 B/s,0 B/s,0 B/s,0 B/s,0 B/s,0 B/s,0 B/s,0 B/s,0 B/s,0 B/s,0 B/s,0 B/s,815 kB/s,0 B/s
2026-02-10 13:04:30,0 B/s,0 B/s,0 B/s,0 B/s,0 B/s,0 B/s,0 B/s,0 B/s,0 B/s,0 B/s,0 B/s,0 B/s,0 B/s,0 B/s,0 B/s,0 B/s,-534 B/s,-82.2 B/s,0 B/s,0 B/s,0 B/s,0 B/s,0 B/s,0 B/s,0 B/s,0 B/s,0 B/s,0 B/s,0 B/s,0 B/s,0 B/s,0 B/s,0 B/s,0 B/s,840 kB/s,0 B/s
2026-02-10 13:05:00,0 B/s,0 B/s,0 B/s,0 B/s,0 B/s,0 B/s,0 B/s,0 B/s,0 B/s,0 B/s,0 B/s,0 B/s,0 B/s,0 B/s,0 B/s,0 B/s,-562 B/s,-82.2 B/s,0 B/s,0 B/s,0 B/s,0 B/s,0 B/s,0 B/s,0 B/s,0 B/s,0 B/s,0 B/s,0 B/s,0 B/s,0 B/s,0 B/s,0 B/s,0 B/s,839 kB/s,0 B/s
2026-02-10 13:05:30,0 B/s,0 B/s,0 B/s,0 B/s,0 B/s,0 B/s,0 B/s,0 B/s,0 B/s,0 B/s,0 B/s,0 B/s,0 B/s,0 B/s,0 B/s,0 B/s,-562 B/s,-82.2 B/s,0 B/s,0 B/s,0 B/s,0 B/s,0 B/s,0 B/s,0 B/s,0 B/s,0 B/s,0 B/s,0 B/s,0 B/s,0 B/s,0 B/s,0 B/s,0 B/s,837 kB/s,0 B/s
2026-02-10 13:06:00,0 B/s,0 B/s,0 B/s,0 B/s,0 B/s,0 B/s,0 B/s,0 B/s,0 B/s,0 B/s,0 B/s,0 B/s,0 B/s,0 B/s,0 B/s,0 B/s,-603 B/s,-27.4 B/s,0 B/s,0 B/s,0 B/s,0 B/s,0 B/s,0 B/s,0 B/s,0 B/s,0 B/s,0 B/s,0 B/s,0 B/s,0 B/s,0 B/s,0 B/s,0 B/s,788 kB/s,0 B/s
2026-02-10 13:06:30,0 B/s,0 B/s,0 B/s,0 B/s,0 B/s,0 B/s,0 B/s,0 B/s,0 B/s,0 B/s,0 B/s,0 B/s,0 B/s,0 B/s,0 B/s,0 B/s,-685 B/s,-27.4 B/s,0 B/s,0 B/s,0 B/s,0 B/s,0 B/s,0 B/s,0 B/s,0 B/s,0 B/s,0 B/s,0 B/s,0 B/s,0 B/s,0 B/s,0 B/s,0 B/s,790 kB/s,0 B/s
2026-02-10 13:07:00,0 B/s,0 B/s,0 B/s,0 B/s,0 B/s,0 B/s,0 B/s,0 B/s,0 B/s,0 B/s,0 B/s,0 B/s,0 B/s,0 B/s,0 B/s,0 B/s,-822 B/s,-27.4 B/s,0 B/s,0 B/s,0 B/s,0 B/s,0 B/s,0 B/s,0 B/s,0 B/s,0 B/s,0 B/s,0 B/s,0 B/s,0 B/s,0 B/s,0 B/s,0 B/s,791 kB/s,0 B/s
2026-02-10 13:07:30,0 B/s,0 B/s,0 B/s,0 B/s,0 B/s,0 B/s,0 B/s,0 B/s,0 B/s,0 B/s,0 B/s,0 B/s,0 B/s,0 B/s,0 B/s,0 B/s,-822 B/s,-27.4 B/s,0 B/s,0 B/s,0 B/s,0 B/s,0 B/s,0 B/s,0 B/s,0 B/s,0 B/s,0 B/s,0 B/s,0 B/s,0 B/s,0 B/s,0 B/s,0 B/s,755 kB/s,0 B/s
2026-02-10 13:08:00,0 B/s,0 B/s,0 B/s,0 B/s,0 B/s,0 B/s,0 B/s,0 B/s,0 B/s,0 B/s,0 B/s,0 B/s,0 B/s,0 B/s,0 B/s,0 B/s,-795 B/s,-27.4 B/s,0 B/s,0 B/s,0 B/s,0 B/s,0 B/s,0 B/s,0 B/s,0 B/s,0 B/s,0 B/s,0 B/s,0 B/s,0 B/s,0 B/s,0 B/s,0 B/s,726 kB/s,0 B/s
2026-02-10 13:08:30,0 B/s,0 B/s,0 B/s,0 B/s,0 B/s,0 B/s,0 B/s,0 B/s,0 B/s,0 B/s,0 B/s,0 B/s,0 B/s,0 B/s,0 B/s,0 B/s,-1.19 kB/s,-27.4 B/s,0 B/s,0 B/s,0 B/s,0 B/s,0 B/s,0 B/s,0 B/s,0 B/s,0 B/s,0 B/s,0 B/s,0 B/s,0 B/s,0 B/s,0 B/s,0 B/s,730 kB/s,0 B/s
2026-02-10 13:09:00,0 B/s,0 B/s,0 B/s,0 B/s,0 B/s,0 B/s,0 B/s,0 B/s,0 B/s,0 B/s,0 B/s,0 B/s,0 B/s,0 B/s,0 B/s,0 B/s,-1.15 kB/s,-27.4 B/s,0 B/s,0 B/s,0 B/s,0 B/s,0 B/s,0 B/s,0 B/s,0 B/s,0 B/s,0 B/s,0 B/s,0 B/s,0 B/s,0 B/s,0 B/s,0 B/s,717 kB/s,0 B/s
2026-02-10 13:09:30,0 B/s,0 B/s,0 B/s,0 B/s,0 B/s,0 B/s,0 B/s,0 B/s,0 B/s,0 B/s,0 B/s,0 B/s,0 B/s,0 B/s,0 B/s,0 B/s,-877 B/s,-27.4 B/s,0 B/s,0 B/s,0 B/s,0 B/s,0 B/s,0 B/s,0 B/s,0 B/s,0 B/s,0 B/s,0 B/s,0 B/s,0 B/s,0 B/s,0 B/s,0 B/s,733 kB/s,0 B/s
2026-02-10 13:10:00,0 B/s,0 B/s,0 B/s,0 B/s,0 B/s,0 B/s,0 B/s,0 B/s,0 B/s,0 B/s,0 B/s,0 B/s,0 B/s,0 B/s,0 B/s,0 B/s,-1.11 kB/s,-233 B/s,0 B/s,0 B/s,0 B/s,0 B/s,0 B/s,0 B/s,0 B/s,0 B/s,0 B/s,0 B/s,0 B/s,0 B/s,0 B/s,0 B/s,0 B/s,0 B/s,719 kB/s,0 B/s
2026-02-10 13:10:30,0 B/s,0 B/s,0 B/s,0 B/s,0 B/s,0 B/s,0 B/s,0 B/s,0 B/s,0 B/s,0 B/s,0 B/s,0 B/s,0 B/s,0 B/s,0 B/s,-564 kB/s,-233 B/s,0 B/s,0 B/s,0 B/s,0 B/s,0 B/s,0 B/s,0 B/s,0 B/s,0 B/s,0 B/s,0 B/s,0 B/s,0 B/s,0 B/s,0 B/s,0 B/s,1.64 MB/s,0 B/s
2026-02-10 13:11:00,0 B/s,0 B/s,0 B/s,0 B/s,0 B/s,0 B/s,0 B/s,0 B/s,0 B/s,0 B/s,0 B/s,0 B/s,0 B/s,0 B/s,0 B/s,0 B/s,-564 kB/s,-205 B/s,0 B/s,0 B/s,0 B/s,0 B/s,0 B/s,0 B/s,0 B/s,0 B/s,0 B/s,0 B/s,0 B/s,0 B/s,0 B/s,0 B/s,0 B/s,0 B/s,1.63 MB/s,0 B/s
2026-02-10 13:11:30,0 B/s,0 B/s,0 B/s,0 B/s,0 B/s,0 B/s,0 B/s,0 B/s,0 B/s,0 B/s,0 B/s,0 B/s,0 B/s,0 B/s,0 B/s,0 B/s,-910 kB/s,-205 B/s,0 B/s,0 B/s,0 B/s,0 B/s,0 B/s,0 B/s,0 B/s,0 B/s,0 B/s,0 B/s,0 B/s,0 B/s,0 B/s,0 B/s,0 B/s,0 B/s,5.46 MB/s,0 B/s
2026-02-10 13:12:00,0 B/s,0 B/s,0 B/s,0 B/s,0 B/s,0 B/s,0 B/s,0 B/s,0 B/s,0 B/s,0 B/s,0 B/s,0 B/s,0 B/s,0 B/s,0 B/s,-910 kB/s,-205 B/s,0 B/s,0 B/s,0 B/s,0 B/s,0 B/s,0 B/s,0 B/s,0 B/s,0 B/s,0 B/s,0 B/s,0 B/s,0 B/s,0 B/s,0 B/s,0 B/s,5.47 MB/s,0 B/s
2026-02-10 13:12:30,0 B/s,0 B/s,0 B/s,0 B/s,0 B/s,0 B/s,0 B/s,0 B/s,0 B/s,0 B/s,0 B/s,0 B/s,0 B/s,0 B/s,0 B/s,0 B/s,-910 kB/s,-205 B/s,0 B/s,0 B/s,0 B/s,0 B/s,0 B/s,0 B/s,0 B/s,0 B/s,0 B/s,0 B/s,0 B/s,0 B/s,0 B/s,0 B/s,0 B/s,0 B/s,5.49 MB/s,0 B/s
2026-02-10 13:13:00,0 B/s,0 B/s,0 B/s,0 B/s,0 B/s,0 B/s,0 B/s,0 B/s,0 B/s,0 B/s,0 B/s,0 B/s,0 B/s,0 B/s,0 B/s,0 B/s,-914 kB/s,-205 B/s,0 B/s,0 B/s,0 B/s,0 B/s,0 B/s,0 B/s,0 B/s,0 B/s,0 B/s,0 B/s,0 B/s,0 B/s,0 B/s,0 B/s,0 B/s,0 B/s,5.49 MB/s,0 B/s
2026-02-10 13:13:30,0 B/s,0 B/s,0 B/s,0 B/s,0 B/s,0 B/s,0 B/s,0 B/s,0 B/s,0 B/s,0 B/s,0 B/s,0 B/s,0 B/s,0 B/s,0 B/s,-914 kB/s,-205 B/s,0 B/s,0 B/s,0 B/s,0 B/s,0 B/s,0 B/s,0 B/s,0 B/s,0 B/s,0 B/s,0 B/s,0 B/s,0 B/s,0 B/s,0 B/s,0 B/s,5.50 MB/s,0 B/s
2026-02-10 13:14:00,0 B/s,0 B/s,0 B/s,0 B/s,0 B/s,0 B/s,0 B/s,0 B/s,0 B/s,0 B/s,0 B/s,0 B/s,0 B/s,0 B/s,0 B/s,0 B/s,-914 kB/s,-205 B/s,0 B/s,0 B/s,0 B/s,0 B/s,0 B/s,0 B/s,0 B/s,0 B/s,0 B/s,0 B/s,0 B/s,0 B/s,0 B/s,0 B/s,0 B/s,0 B/s,5.53 MB/s,0 B/s
2026-02-10 13:14:30,0 B/s,0 B/s,0 B/s,0 B/s,0 B/s,0 B/s,0 B/s,0 B/s,0 B/s,0 B/s,0 B/s,0 B/s,0 B/s,0 B/s,0 B/s,0 B/s,-914 kB/s,-205 B/s,0 B/s,0 B/s,0 B/s,0 B/s,0 B/s,0 B/s,0 B/s,0 B/s,0 B/s,0 B/s,0 B/s,0 B/s,0 B/s,0 B/s,0 B/s,0 B/s,5.52 MB/s,0 B/s
2026-02-10 13:15:00,0 B/s,0 B/s,0 B/s,0 B/s,0 B/s,0 B/s,0 B/s,0 B/s,0 B/s,0 B/s,0 B/s,0 B/s,0 B/s,0 B/s,0 B/s,0 B/s,-914 kB/s,0 B/s,0 B/s,0 B/s,0 B/s,0 B/s,0 B/s,0 B/s,0 B/s,0 B/s,0 B/s,0 B/s,0 B/s,0 B/s,0 B/s,0 B/s,0 B/s,0 B/s,5.53 MB/s,0 B/s
2026-02-10 13:15:30,0 B/s,0 B/s,0 B/s,0 B/s,0 B/s,0 B/s,0 B/s,0 B/s,0 B/s,0 B/s,0 B/s,0 B/s,0 B/s,0 B/s,0 B/s,0 B/s,-351 kB/s,0 B/s,0 B/s,0 B/s,0 B/s,0 B/s,0 B/s,0 B/s,0 B/s,0 B/s,0 B/s,0 B/s,0 B/s,0 B/s,0 B/s,0 B/s,0 B/s,0 B/s,4.56 MB/s,0 B/s
2026-02-10 13:16:00,0 B/s,0 B/s,0 B/s,0 B/s,0 B/s,0 B/s,0 B/s,0 B/s,0 B/s,0 B/s,0 B/s,0 B/s,0 B/s,0 B/s,0 B/s,0 B/s,-351 kB/s,0 B/s,0 B/s,0 B/s,0 B/s,0 B/s,0 B/s,0 B/s,0 B/s,0 B/s,0 B/s,0 B/s,0 B/s,0 B/s,0 B/s,0 B/s,0 B/s,0 B/s,4.56 MB/s,0 B/s
2026-02-10 13:16:30,0 B/s,0 B/s,0 B/s,0 B/s,0 B/s,0 B/s,0 B/s,0 B/s,0 B/s,0 B/s,0 B/s,0 B/s,0 B/s,0 B/s,0 B/s,0 B/s,-5.59 kB/s,0 B/s,0 B/s,0 B/s,0 B/s,0 B/s,0 B/s,0 B/s,0 B/s,0 B/s,0 B/s,0 B/s,0 B/s,0 B/s,0 B/s,0 B/s,0 B/s,0 B/s,728 kB/s,0 B/s
2026-02-10 13:17:00,0 B/s,0 B/s,0 B/s,0 B/s,0 B/s,0 B/s,0 B/s,0 B/s,0 B/s,0 B/s,0 B/s,0 B/s,0 B/s,0 B/s,0 B/s,0 B/s,-5.37 kB/s,0 B/s,0 B/s,0 B/s,0 B/s,0 B/s,0 B/s,0 B/s,0 B/s,0 B/s,0 B/s,0 B/s,0 B/s,0 B/s,0 B/s,0 B/s,0 B/s,0 B/s,722 kB/s,0 B/s
2026-02-10 13:17:30,0 B/s,0 B/s,0 B/s,0 B/s,0 B/s,0 B/s,0 B/s,0 B/s,0 B/s,0 B/s,0 B/s,0 B/s,0 B/s,0 B/s,0 B/s,0 B/s,-5.73 kB/s,0 B/s,0 B/s,0 B/s,0 B/s,0 B/s,0 B/s,0 B/s,0 B/s,0 B/s,0 B/s,0 B/s,0 B/s,0 B/s,0 B/s,0 B/s,0 B/s,0 B/s,719 kB/s,0 B/s
2026-02-10 13:18:00,0 B/s,0 B/s,0 B/s,0 B/s,0 B/s,0 B/s,0 B/s,0 B/s,0 B/s,0 B/s,0 B/s,0 B/s,0 B/s,0 B/s,0 B/s,0 B/s,-1.81 kB/s,0 B/s,0 B/s,0 B/s,0 B/s,0 B/s,0 B/s,0 B/s,0 B/s,0 B/s,0 B/s,0 B/s,0 B/s,0 B/s,0 B/s,0 B/s,0 B/s,0 B/s,725 kB/s,0 B/s
2026-02-10 13:18:30,0 B/s,0 B/s,0 B/s,0 B/s,0 B/s,0 B/s,0 B/s,0 B/s,0 B/s,0 B/s,0 B/s,0 B/s,0 B/s,0 B/s,0 B/s,0 B/s,-1.52 kB/s,0 B/s,0 B/s,0 B/s,0 B/s,0 B/s,0 B/s,0 B/s,0 B/s,0 B/s,0 B/s,0 B/s,0 B/s,0 B/s,0 B/s,0 B/s,0 B/s,0 B/s,720 kB/s,0 B/s
2026-02-10 13:19:00,0 B/s,0 B/s,0 B/s,0 B/s,0 B/s,0 B/s,0 B/s,0 B/s,0 B/s,0 B/s,0 B/s,0 B/s,0 B/s,0 B/s,0 B/s,0 B/s,-1.36 kB/s,0 B/s,0 B/s,0 B/s,0 B/s,0 B/s,0 B/s,0 B/s,0 B/s,0 B/s,0 B/s,0 B/s,0 B/s,0 B/s,0 B/s,0 B/s,0 B/s,0 B/s,716 kB/s,0 B/s
2026-02-10 13:19:30,0 B/s,0 B/s,0 B/s,0 B/s,0 B/s,0 B/s,0 B/s,0 B/s,0 B/s,0 B/s,0 B/s,0 B/s,0 B/s,0 B/s,0 B/s,0 B/s,-1.33 kB/s,0 B/s,0 B/s,0 B/s,0 B/s,0 B/s,0 B/s,0 B/s,0 B/s,0 B/s,0 B/s,0 B/s,0 B/s,0 B/s,0 B/s,0 B/s,0 B/s,0 B/s,724 kB/s,0 B/s
2026-02-10 13:20:00,0 B/s,0 B/s,0 B/s,0 B/s,0 B/s,0 B/s,0 B/s,0 B/s,0 B/s,0 B/s,0 B/s,0 B/s,0 B/s,0 B/s,0 B/s,0 B/s,-1.42 kB/s,0 B/s,0 B/s,0 B/s,0 B/s,0 B/s,0 B/s,0 B/s,0 B/s,0 B/s,0 B/s,0 B/s,0 B/s,0 B/s,0 B/s,0 B/s,0 B/s,0 B/s,706 kB/s,0 B/s
2026-02-10 13:20:30,0 B/s,0 B/s,0 B/s,0 B/s,0 B/s,0 B/s,0 B/s,0 B/s,0 B/s,0 B/s,0 B/s,0 B/s,0 B/s,0 B/s,0 B/s,0 B/s,-1.30 kB/s,0 B/s,0 B/s,0 B/s,0 B/s,0 B/s,0 B/s,0 B/s,0 B/s,0 B/s,0 B/s,0 B/s,0 B/s,0 B/s,0 B/s,0 B/s,0 B/s,0 B/s,749 kB/s,0 B/s
2026-02-10 13:21:00,0 B/s,0 B/s,0 B/s,0 B/s,0 B/s,0 B/s,0 B/s,0 B/s,0 B/s,0 B/s,0 B/s,0 B/s,0 B/s,0 B/s,0 B/s,0 B/s,-1.42 kB/s,0 B/s,0 B/s,0 B/s,0 B/s,0 B/s,0 B/s,0 B/s,0 B/s,0 B/s,0 B/s,0 B/s,0 B/s,0 B/s,0 B/s,0 B/s,0 B/s,0 B/s,738 kB/s,0 B/s
2026-02-10 13:21:30,0 B/s,0 B/s,0 B/s,0 B/s,0 B/s,0 B/s,0 B/s,0 B/s,0 B/s,0 B/s,0 B/s,0 B/s,0 B/s,0 B/s,0 B/s,0 B/s,-1.29 kB/s,0 B/s,0 B/s,0 B/s,0 B/s,0 B/s,0 B/s,0 B/s,0 B/s,0 B/s,0 B/s,0 B/s,0 B/s,0 B/s,0 B/s,0 B/s,0 B/s,0 B/s,685 kB/s,0 B/s
2026-02-10 13:22:00,0 B/s,0 B/s,0 B/s,0 B/s,0 B/s,0 B/s,0 B/s,0 B/s,0 B/s,0 B/s,0 B/s,0 B/s,0 B/s,0 B/s,0 B/s,0 B/s,-1.38 kB/s,0 B/s,0 B/s,0 B/s,0 B/s,0 B/s,0 B/s,0 B/s,0 B/s,0 B/s,0 B/s,0 B/s,0 B/s,0 B/s,0 B/s,0 B/s,0 B/s,0 B/s,662 kB/s,0 B/s
2026-02-10 13:22:30,0 B/s,0 B/s,0 B/s,0 B/s,0 B/s,0 B/s,0 B/s,0 B/s,0 B/s,0 B/s,0 B/s,0 B/s,0 B/s,0 B/s,0 B/s,0 B/s,-932 B/s,0 B/s,0 B/s,0 B/s,0 B/s,0 B/s,0 B/s,0 B/s,0 B/s,0 B/s,0 B/s,0 B/s,0 B/s,0 B/s,0 B/s,0 B/s,0 B/s,0 B/s,693 kB/s,0 B/s
2026-02-10 13:23:00,0 B/s,0 B/s,0 B/s,0 B/s,0 B/s,0 B/s,0 B/s,0 B/s,0 B/s,0 B/s,0 B/s,0 B/s,0 B/s,0 B/s,0 B/s,0 B/s,-863 B/s,0 B/s,0 B/s,0 B/s,0 B/s,0 B/s,0 B/s,0 B/s,0 B/s,0 B/s,0 B/s,0 B/s,0 B/s,0 B/s,0 B/s,0 B/s,0 B/s,0 B/s,696 kB/s,0 B/s
2026-02-10 13:23:30,0 B/s,0 B/s,0 B/s,0 B/s,0 B/s,0 B/s,0 B/s,0 B/s,0 B/s,0 B/s,0 B/s,0 B/s,0 B/s,0 B/s,0 B/s,0 B/s,-1.07 kB/s,0 B/s,0 B/s,0 B/s,0 B/s,0 B/s,0 B/s,0 B/s,0 B/s,0 B/s,0 B/s,0 B/s,0 B/s,0 B/s,0 B/s,0 B/s,0 B/s,0 B/s,681 kB/s,0 B/s
2026-02-10 13:24:00,0 B/s,0 B/s,0 B/s,0 B/s,0 B/s,0 B/s,0 B/s,0 B/s,0 B/s,0 B/s,0 B/s,0 B/s,0 B/s,0 B/s,0 B/s,0 B/s,-918 B/s,0 B/s,0 B/s,0 B/s,0 B/s,0 B/s,0 B/s,0 B/s,0 B/s,0 B/s,0 B/s,0 B/s,0 B/s,0 B/s,0 B/s,0 B/s,0 B/s,0 B/s,673 kB/s,0 B/s
2026-02-10 13:24:30,0 B/s,0 B/s,0 B/s,0 B/s,0 B/s,0 B/s,0 B/s,0 B/s,0 B/s,0 B/s,0 B/s,0 B/s,0 B/s,0 B/s,0 B/s,0 B/s,-918 B/s,0 B/s,0 B/s,0 B/s,0 B/s,0 B/s,0 B/s,0 B/s,0 B/s,0 B/s,0 B/s,0 B/s,0 B/s,0 B/s,0 B/s,0 B/s,0 B/s,0 B/s,664 kB/s,0 B/s
2026-02-10 13:25:00,0 B/s,0 B/s,0 B/s,0 B/s,0 B/s,0 B/s,0 B/s,0 B/s,0 B/s,0 B/s,0 B/s,0 B/s,0 B/s,0 B/s,0 B/s,0 B/s,-877 B/s,0 B/s,0 B/s,0 B/s,0 B/s,0 B/s,0 B/s,0 B/s,0 B/s,0 B/s,0 B/s,0 B/s,0 B/s,0 B/s,0 B/s,0 B/s,0 B/s,0 B/s,671 kB/s,0 B/s
2026-02-10 13:25:30,0 B/s,0 B/s,0 B/s,0 B/s,0 B/s,0 B/s,0 B/s,0 B/s,0 B/s,0 B/s,0 B/s,0 B/s,0 B/s,0 B/s,0 B/s,0 B/s,-959 B/s,0 B/s,0 B/s,0 B/s,0 B/s,0 B/s,0 B/s,0 B/s,0 B/s,0 B/s,0 B/s,0 B/s,0 B/s,0 B/s,0 B/s,0 B/s,0 B/s,0 B/s,675 kB/s,0 B/s
2026-02-10 13:26:00,0 B/s,0 B/s,0 B/s,0 B/s,0 B/s,0 B/s,0 B/s,0 B/s,0 B/s,0 B/s,0 B/s,0 B/s,0 B/s,0 B/s,0 B/s,0 B/s,-781 B/s,-54.8 B/s,0 B/s,0 B/s,0 B/s,0 B/s,0 B/s,0 B/s,0 B/s,0 B/s,0 B/s,0 B/s,0 B/s,0 B/s,0 B/s,0 B/s,0 B/s,0 B/s,695 kB/s,0 B/s
2026-02-10 13:26:30,0 B/s,0 B/s,0 B/s,0 B/s,0 B/s,0 B/s,0 B/s,0 B/s,0 B/s,0 B/s,0 B/s,0 B/s,0 B/s,0 B/s,0 B/s,0 B/s,-616 B/s,-54.8 B/s,0 B/s,0 B/s,0 B/s,0 B/s,0 B/s,0 B/s,0 B/s,0 B/s,0 B/s,0 B/s,0 B/s,0 B/s,0 B/s,0 B/s,0 B/s,0 B/s,750 kB/s,0 B/s
2026-02-10 13:27:00,0 B/s,0 B/s,0 B/s,0 B/s,0 B/s,0 B/s,0 B/s,0 B/s,0 B/s,0 B/s,0 B/s,0 B/s,0 B/s,0 B/s,0 B/s,0 B/s,-795 B/s,-54.8 B/s,0 B/s,0 B/s,0 B/s,0 B/s,0 B/s,0 B/s,0 B/s,0 B/s,0 B/s,0 B/s,0 B/s,0 B/s,0 B/s,0 B/s,0 B/s,0 B/s,742 kB/s,0 B/s
2026-02-10 13:27:30,0 B/s,0 B/s,0 B/s,0 B/s,0 B/s,0 B/s,0 B/s,0 B/s,0 B/s,0 B/s,0 B/s,0 B/s,0 B/s,0 B/s,0 B/s,0 B/s,-808 B/s,-54.8 B/s,0 B/s,0 B/s,0 B/s,0 B/s,0 B/s,0 B/s,0 B/s,0 B/s,0 B/s,0 B/s,0 B/s,0 B/s,0 B/s,0 B/s,0 B/s,0 B/s,733 kB/s,0 B/s
2026-02-10 13:28:00,0 B/s,0 B/s,0 B/s,0 B/s,0 B/s,0 B/s,0 B/s,0 B/s,0 B/s,0 B/s,0 B/s,0 B/s,0 B/s,0 B/s,0 B/s,0 B/s,-712 B/s,-54.8 B/s,0 B/s,0 B/s,0 B/s,0 B/s,0 B/s,0 B/s,0 B/s,0 B/s,0 B/s,0 B/s,0 B/s,0 B/s,0 B/s,0 B/s,0 B/s,0 B/s,721 kB/s,0 B/s
2026-02-10 13:28:30,0 B/s,0 B/s,0 B/s,0 B/s,0 B/s,0 B/s,0 B/s,0 B/s,0 B/s,0 B/s,0 B/s,0 B/s,0 B/s,0 B/s,0 B/s,0 B/s,-548 B/s,-54.8 B/s,0 B/s,0 B/s,0 B/s,0 B/s,0 B/s,0 B/s,0 B/s,0 B/s,0 B/s,0 B/s,0 B/s,0 B/s,0 B/s,0 B/s,0 B/s,0 B/s,719 kB/s,0 B/s
2026-02-10 13:29:00,0 B/s,0 B/s,0 B/s,0 B/s,0 B/s,0 B/s,0 B/s,0 B/s,0 B/s,0 B/s,0 B/s,0 B/s,0 B/s,0 B/s,0 B/s,0 B/s,-548 B/s,-54.8 B/s,0 B/s,0 B/s,0 B/s,0 B/s,0 B/s,0 B/s,0 B/s,0 B/s,0 B/s,0 B/s,0 B/s,0 B/s,0 B/s,0 B/s,0 B/s,0 B/s,722 kB/s,0 B/s
2026-02-10 13:29:30,0 B/s,0 B/s,0 B/s,0 B/s,0 B/s,0 B/s,0 B/s,0 B/s,0 B/s,0 B/s,0 B/s,0 B/s,0 B/s,0 B/s,0 B/s,0 B/s,-548 B/s,-54.8 B/s,0 B/s,0 B/s,0 B/s,0 B/s,0 B/s,0 B/s,0 B/s,0 B/s,0 B/s,0 B/s,0 B/s,0 B/s,0 B/s,0 B/s,0 B/s,0 B/s,731 kB/s,0 B/s
2026-02-10 13:30:00,0 B/s,0 B/s,0 B/s,0 B/s,0 B/s,0 B/s,0 B/s,0 B/s,0 B/s,0 B/s,0 B/s,0 B/s,0 B/s,0 B/s,0 B/s,0 B/s,-466 B/s,-54.8 B/s,0 B/s,0 B/s,0 B/s,0 B/s,0 B/s,0 B/s,0 B/s,0 B/s,0 B/s,0 B/s,0 B/s,0 B/s,0 B/s,0 B/s,0 B/s,0 B/s,728 kB/s,0 B/s
2026-02-10 13:30:30,0 B/s,0 B/s,0 B/s,0 B/s,0 B/s,0 B/s,0 B/s,0 B/s,0 B/s,0 B/s,0 B/s,0 B/s,0 B/s,0 B/s,0 B/s,0 B/s,-411 B/s,-54.8 B/s,0 B/s,0 B/s,0 B/s,0 B/s,0 B/s,0 B/s,0 B/s,0 B/s,0 B/s,0 B/s,0 B/s,0 B/s,0 B/s,0 B/s,0 B/s,0 B/s,721 kB/s,0 B/s
2026-02-10 13:31:00,0 B/s,0 B/s,0 B/s,0 B/s,0 B/s,0 B/s,0 B/s,0 B/s,0 B/s,0 B/s,0 B/s,0 B/s,0 B/s,0 B/s,0 B/s,0 B/s,-411 B/s,0 B/s,0 B/s,0 B/s,0 B/s,0 B/s,0 B/s,0 B/s,0 B/s,0 B/s,0 B/s,0 B/s,0 B/s,0 B/s,0 B/s,0 B/s,0 B/s,0 B/s,720 kB/s,0 B/s
2026-02-10 13:31:30,0 B/s,0 B/s,0 B/s,0 B/s,0 B/s,0 B/s,0 B/s,0 B/s,0 B/s,0 B/s,0 B/s,0 B/s,0 B/s,0 B/s,0 B/s,0 B/s,-425 B/s,0 B/s,0 B/s,0 B/s,0 B/s,0 B/s,0 B/s,0 B/s,0 B/s,0 B/s,0 B/s,0 B/s,0 B/s,0 B/s,0 B/s,0 B/s,0 B/s,0 B/s,720 kB/s,0 B/s
2026-02-10 13:32:00,0 B/s,0 B/s,0 B/s,0 B/s,0 B/s,0 B/s,0 B/s,0 B/s,0 B/s,0 B/s,0 B/s,0 B/s,0 B/s,0 B/s,0 B/s,0 B/s,-452 B/s,0 B/s,0 B/s,0 B/s,0 B/s,0 B/s,0 B/s,0 B/s,0 B/s,0 B/s,0 B/s,0 B/s,0 B/s,0 B/s,0 B/s,0 B/s,0 B/s,0 B/s,754 kB/s,0 B/s
2026-02-10 13:32:30,0 B/s,0 B/s,0 B/s,0 B/s,0 B/s,0 B/s,0 B/s,0 B/s,0 B/s,0 B/s,0 B/s,0 B/s,0 B/s,0 B/s,0 B/s,0 B/s,-466 B/s,0 B/s,0 B/s,0 B/s,0 B/s,0 B/s,0 B/s,0 B/s,0 B/s,0 B/s,0 B/s,0 B/s,0 B/s,0 B/s,0 B/s,0 B/s,0 B/s,0 B/s,743 kB/s,0 B/s
2026-02-10 13:33:00,0 B/s,0 B/s,0 B/s,0 B/s,0 B/s,0 B/s,0 B/s,0 B/s,0 B/s,0 B/s,0 B/s,0 B/s,0 B/s,0 B/s,0 B/s,0 B/s,-479 B/s,0 B/s,0 B/s,0 B/s,0 B/s,0 B/s,0 B/s,0 B/s,0 B/s,0 B/s,0 B/s,0 B/s,0 B/s,0 B/s,0 B/s,0 B/s,0 B/s,0 B/s,757 kB/s,0 B/s
2026-02-10 13:33:30,0 B/s,0 B/s,0 B/s,0 B/s,0 B/s,0 B/s,0 B/s,0 B/s,0 B/s,0 B/s,0 B/s,0 B/s,0 B/s,0 B/s,0 B/s,0 B/s,-438 B/s,0 B/s,0 B/s,0 B/s,0 B/s,0 B/s,0 B/s,0 B/s,0 B/s,0 B/s,0 B/s,0 B/s,0 B/s,0 B/s,0 B/s,0 B/s,0 B/s,0 B/s,763 kB/s,0 B/s
2026-02-10 13:34:00,0 B/s,0 B/s,0 B/s,0 B/s,0 B/s,0 B/s,0 B/s,0 B/s,0 B/s,0 B/s,0 B/s,0 B/s,0 B/s,0 B/s,0 B/s,0 B/s,-548 B/s,0 B/s,0 B/s,0 B/s,0 B/s,0 B/s,0 B/s,0 B/s,0 B/s,0 B/s,0 B/s,0 B/s,0 B/s,0 B/s,0 B/s,0 B/s,0 B/s,0 B/s,745 kB/s,0 B/s
2026-02-10 13:34:30,0 B/s,0 B/s,0 B/s,0 B/s,0 B/s,0 B/s,0 B/s,0 B/s,0 B/s,0 B/s,0 B/s,0 B/s,0 B/s,0 B/s,0 B/s,0 B/s,-616 B/s,0 B/s,0 B/s,0 B/s,0 B/s,0 B/s,0 B/s,0 B/s,0 B/s,0 B/s,0 B/s,0 B/s,0 B/s,0 B/s,0 B/s,0 B/s,0 B/s,0 B/s,813 kB/s,0 B/s
2026-02-10 13:35:00,0 B/s,0 B/s,0 B/s,0 B/s,0 B/s,0 B/s,0 B/s,0 B/s,0 B/s,0 B/s,0 B/s,0 B/s,0 B/s,0 B/s,0 B/s,0 B/s,-1.15 kB/s,0 B/s,0 B/s,0 B/s,0 B/s,0 B/s,0 B/s,0 B/s,0 B/s,0 B/s,0 B/s,0 B/s,0 B/s,0 B/s,0 B/s,0 B/s,0 B/s,0 B/s,1.83 MB/s,0 B/s
2026-02-10 13:35:30,0 B/s,0 B/s,0 B/s,0 B/s,0 B/s,0 B/s,0 B/s,0 B/s,0 B/s,0 B/s,0 B/s,0 B/s,0 B/s,0 B/s,0 B/s,0 B/s,-1.12 kB/s,0 B/s,0 B/s,0 B/s,0 B/s,0 B/s,0 B/s,0 B/s,0 B/s,0 B/s,0 B/s,0 B/s,0 B/s,0 B/s,0 B/s,0 B/s,0 B/s,0 B/s,1.95 MB/s,0 B/s
2026-02-10 13:36:00,0 B/s,0 B/s,0 B/s,0 B/s,0 B/s,0 B/s,0 B/s,0 B/s,0 B/s,0 B/s,0 B/s,0 B/s,0 B/s,0 B/s,0 B/s,0 B/s,-1.40 kB/s,0 B/s,0 B/s,0 B/s,0 B/s,0 B/s,0 B/s,0 B/s,0 B/s,0 B/s,0 B/s,0 B/s,0 B/s,0 B/s,0 B/s,0 B/s,0 B/s,0 B/s,1.95 MB/s,0 B/s
2026-02-10 13:36:30,0 B/s,0 B/s,0 B/s,0 B/s,0 B/s,0 B/s,0 B/s,0 B/s,0 B/s,0 B/s,0 B/s,0 B/s,0 B/s,0 B/s,0 B/s,0 B/s,-1.37 kB/s,0 B/s,0 B/s,0 B/s,0 B/s,0 B/s,0 B/s,0 B/s,0 B/s,0 B/s,0 B/s,0 B/s,0 B/s,0 B/s,0 B/s,0 B/s,0 B/s,0 B/s,1.98 MB/s,0 B/s
2026-02-10 13:37:00,0 B/s,0 B/s,0 B/s,0 B/s,0 B/s,0 B/s,0 B/s,0 B/s,0 B/s,0 B/s,0 B/s,0 B/s,0 B/s,0 B/s,0 B/s,0 B/s,-1.33 kB/s,0 B/s,0 B/s,0 B/s,0 B/s,0 B/s,0 B/s,0 B/s,0 B/s,0 B/s,0 B/s,0 B/s,0 B/s,0 B/s,0 B/s,0 B/s,0 B/s,0 B/s,1.98 MB/s,0 B/s
2026-02-10 13:37:30,0 B/s,0 B/s,0 B/s,0 B/s,0 B/s,0 B/s,0 B/s,0 B/s,0 B/s,0 B/s,0 B/s,0 B/s,0 B/s,0 B/s,0 B/s,0 B/s,-1.33 kB/s,0 B/s,0 B/s,0 B/s,0 B/s,0 B/s,0 B/s,0 B/s,0 B/s,0 B/s,0 B/s,0 B/s,0 B/s,0 B/s,0 B/s,0 B/s,0 B/s,0 B/s,1.94 MB/s,0 B/s
2026-02-10 13:38:00,0 B/s,0 B/s,0 B/s,0 B/s,0 B/s,0 B/s,0 B/s,0 B/s,0 B/s,0 B/s,0 B/s,0 B/s,0 B/s,0 B/s,0 B/s,0 B/s,-1.36 kB/s,0 B/s,0 B/s,0 B/s,0 B/s,0 B/s,0 B/s,0 B/s,0 B/s,0 B/s,0 B/s,0 B/s,0 B/s,0 B/s,0 B/s,0 B/s,0 B/s,0 B/s,1.88 MB/s,0 B/s
2026-02-10 13:38:30,0 B/s,0 B/s,0 B/s,0 B/s,0 B/s,0 B/s,0 B/s,0 B/s,0 B/s,0 B/s,0 B/s,0 B/s,0 B/s,0 B/s,0 B/s,0 B/s,-1.36 kB/s,0 B/s,0 B/s,0 B/s,0 B/s,0 B/s,0 B/s,0 B/s,0 B/s,0 B/s,0 B/s,0 B/s,0 B/s,0 B/s,0 B/s,0 B/s,0 B/s,0 B/s,1.84 MB/s,0 B/s
2026-02-10 13:39:00,0 B/s,0 B/s,0 B/s,0 B/s,0 B/s,0 B/s,0 B/s,0 B/s,0 B/s,0 B/s,0 B/s,0 B/s,0 B/s,0 B/s,0 B/s,0 B/s,-1.23 kB/s,0 B/s,0 B/s,0 B/s,0 B/s,0 B/s,0 B/s,0 B/s,0 B/s,0 B/s,0 B/s,0 B/s,0 B/s,0 B/s,0 B/s,0 B/s,0 B/s,0 B/s,1.79 MB/s,0 B/s
2026-02-10 13:39:30,0 B/s,0 B/s,0 B/s,0 B/s,0 B/s,0 B/s,0 B/s,0 B/s,0 B/s,0 B/s,0 B/s,0 B/s,0 B/s,0 B/s,0 B/s,0 B/s,-1.44 kB/s,0 B/s,0 B/s,0 B/s,0 B/s,0 B/s,0 B/s,0 B/s,0 B/s,0 B/s,0 B/s,0 B/s,0 B/s,0 B/s,0 B/s,0 B/s,0 B/s,0 B/s,1.67 MB/s,0 B/s
2026-02-10 13:40:00,0 B/s,0 B/s,0 B/s,0 B/s,0 B/s,0 B/s,0 B/s,0 B/s,0 B/s,0 B/s,0 B/s,0 B/s,0 B/s,0 B/s,0 B/s,0 B/s,-904 B/s,0 B/s,0 B/s,0 B/s,0 B/s,0 B/s,0 B/s,0 B/s,0 B/s,0 B/s,0 B/s,0 B/s,0 B/s,0 B/s,0 B/s,0 B/s,0 B/s,0 B/s,648 kB/s,0 B/s
2026-02-10 13:40:30,0 B/s,0 B/s,0 B/s,0 B/s,0 B/s,0 B/s,0 B/s,0 B/s,0 B/s,0 B/s,0 B/s,0 B/s,0 B/s,0 B/s,0 B/s,0 B/s,-959 B/s,0 B/s,0 B/s,0 B/s,0 B/s,0 B/s,0 B/s,0 B/s,0 B/s,0 B/s,0 B/s,0 B/s,0 B/s,0 B/s,0 B/s,0 B/s,0 B/s,0 B/s,553 kB/s,0 B/s
2026-02-10 13:41:00,0 B/s,0 B/s,0 B/s,0 B/s,0 B/s,0 B/s,0 B/s,0 B/s,0 B/s,0 B/s,0 B/s,0 B/s,0 B/s,0 B/s,0 B/s,0 B/s,-699 B/s,0 B/s,0 B/s,0 B/s,0 B/s,0 B/s,0 B/s,0 B/s,0 B/s,0 B/s,0 B/s,0 B/s,0 B/s,0 B/s,0 B/s,0 B/s,0 B/s,0 B/s,563 kB/s,0 B/s
2026-02-10 13:41:30,0 B/s,0 B/s,0 B/s,0 B/s,0 B/s,0 B/s,0 B/s,0 B/s,0 B/s,0 B/s,0 B/s,0 B/s,0 B/s,0 B/s,0 B/s,0 B/s,-699 B/s,0 B/s,0 B/s,0 B/s,0 B/s,0 B/s,0 B/s,0 B/s,0 B/s,0 B/s,0 B/s,0 B/s,0 B/s,0 B/s,0 B/s,0 B/s,0 B/s,0 B/s,540 kB/s,0 B/s
2026-02-10 13:42:00,0 B/s,0 B/s,0 B/s,0 B/s,0 B/s,0 B/s,0 B/s,0 B/s,0 B/s,0 B/s,0 B/s,0 B/s,0 B/s,0 B/s,0 B/s,0 B/s,-493 B/s,0 B/s,0 B/s,0 B/s,0 B/s,0 B/s,0 B/s,0 B/s,0 B/s,0 B/s,0 B/s,0 B/s,0 B/s,0 B/s,0 B/s,0 B/s,0 B/s,0 B/s,536 kB/s,0 B/s
2026-02-10 13:42:30,0 B/s,0 B/s,0 B/s,0 B/s,0 B/s,0 B/s,0 B/s,0 B/s,0 B/s,0 B/s,0 B/s,0 B/s,0 B/s,0 B/s,0 B/s,0 B/s,-466 B/s,0 B/s,0 B/s,0 B/s,0 B/s,0 B/s,0 B/s,0 B/s,0 B/s,0 B/s,0 B/s,0 B/s,0 B/s,0 B/s,0 B/s,0 B/s,0 B/s,0 B/s,584 kB/s,0 B/s
2026-02-10 13:43:00,0 B/s,0 B/s,0 B/s,0 B/s,0 B/s,0 B/s,0 B/s,0 B/s,0 B/s,0 B/s,0 B/s,0 B/s,0 B/s,0 B/s,0 B/s,0 B/s,-493 B/s,0 B/s,0 B/s,0 B/s,0 B/s,0 B/s,0 B/s,0 B/s,0 B/s,0 B/s,0 B/s,0 B/s,0 B/s,0 B/s,0 B/s,0 B/s,0 B/s,0 B/s,629 kB/s,0 B/s
2026-02-10 13:43:30,0 B/s,0 B/s,0 B/s,0 B/s,0 B/s,0 B/s,0 B/s,0 B/s,0 B/s,0 B/s,0 B/s,0 B/s,0 B/s,0 B/s,0 B/s,0 B/s,-493 B/s,0 B/s,0 B/s,0 B/s,0 B/s,0 B/s,0 B/s,0 B/s,0 B/s,0 B/s,0 B/s,0 B/s,0 B/s,0 B/s,0 B/s,0 B/s,0 B/s,0 B/s,678 kB/s,0 B/s
2026-02-10 13:44:00,0 B/s,0 B/s,0 B/s,0 B/s,0 B/s,0 B/s,0 B/s,0 B/s,0 B/s,0 B/s,0 B/s,0 B/s,0 B/s,0 B/s,0 B/s,0 B/s,-507 B/s,0 B/s,0 B/s,0 B/s,0 B/s,0 B/s,0 B/s,0 B/s,0 B/s,0 B/s,0 B/s,0 B/s,0 B/s,0 B/s,0 B/s,0 B/s,0 B/s,0 B/s,735 kB/s,0 B/s
2026-02-10 13:44:30,0 B/s,0 B/s,0 B/s,0 B/s,0 B/s,0 B/s,0 B/s,0 B/s,0 B/s,0 B/s,0 B/s,0 B/s,0 B/s,0 B/s,0 B/s,0 B/s,-301 B/s,0 B/s,0 B/s,0 B/s,0 B/s,0 B/s,0 B/s,0 B/s,0 B/s,0 B/s,0 B/s,0 B/s,0 B/s,0 B/s,0 B/s,0 B/s,0 B/s,0 B/s,779 kB/s,0 B/s
2026-02-10 13:45:00,0 B/s,0 B/s,0 B/s,0 B/s,0 B/s,0 B/s,0 B/s,0 B/s,0 B/s,0 B/s,0 B/s,0 B/s,0 B/s,0 B/s,0 B/s,0 B/s,-342 B/s,0 B/s,0 B/s,0 B/s,0 B/s,0 B/s,0 B/s,0 B/s,0 B/s,0 B/s,0 B/s,0 B/s,0 B/s,0 B/s,0 B/s,0 B/s,0 B/s,0 B/s,723 kB/s,0 B/s
2026-02-10 13:45:30,0 B/s,0 B/s,0 B/s,0 B/s,0 B/s,0 B/s,0 B/s,0 B/s,0 B/s,0 B/s,0 B/s,0 B/s,0 B/s,0 B/s,0 B/s,0 B/s,-329 B/s,0 B/s,0 B/s,0 B/s,0 B/s,0 B/s,0 B/s,0 B/s,0 B/s,0 B/s,0 B/s,0 B/s,0 B/s,0 B/s,0 B/s,0 B/s,0 B/s,0 B/s,659 kB/s,0 B/s
2026-02-10 13:46:00,0 B/s,0 B/s,0 B/s,0 B/s,0 B/s,0 B/s,0 B/s,0 B/s,0 B/s,0 B/s,0 B/s,0 B/s,0 B/s,0 B/s,0 B/s,0 B/s,-1.32 kB/s,0 B/s,0 B/s,0 B/s,0 B/s,0 B/s,0 B/s,0 B/s,0 B/s,0 B/s,0 B/s,0 B/s,0 B/s,0 B/s,0 B/s,0 B/s,0 B/s,0 B/s,653 kB/s,0 B/s
2026-02-10 13:46:30,0 B/s,0 B/s,0 B/s,0 B/s,0 B/s,0 B/s,0 B/s,0 B/s,0 B/s,0 B/s,0 B/s,0 B/s,0 B/s,0 B/s,0 B/s,0 B/s,-1.63 kB/s,0 B/s,0 B/s,0 B/s,0 B/s,0 B/s,0 B/s,0 B/s,0 B/s,0 B/s,0 B/s,0 B/s,0 B/s,0 B/s,0 B/s,0 B/s,0 B/s,0 B/s,653 kB/s,0 B/s
2026-02-10 13:47:00,0 B/s,0 B/s,0 B/s,0 B/s,0 B/s,0 B/s,0 B/s,0 B/s,0 B/s,0 B/s,0 B/s,0 B/s,0 B/s,0 B/s,0 B/s,0 B/s,-3.33 kB/s,0 B/s,0 B/s,0 B/s,0 B/s,0 B/s,0 B/s,0 B/s,0 B/s,0 B/s,0 B/s,0 B/s,0 B/s,0 B/s,0 B/s,0 B/s,0 B/s,0 B/s,673 kB/s,0 B/s
2026-02-10 13:47:30,0 B/s,0 B/s,0 B/s,0 B/s,0 B/s,0 B/s,0 B/s,0 B/s,0 B/s,0 B/s,0 B/s,0 B/s,0 B/s,0 B/s,0 B/s,0 B/s,-4.16 kB/s,0 B/s,0 B/s,0 B/s,0 B/s,0 B/s,0 B/s,0 B/s,0 B/s,0 B/s,0 B/s,0 B/s,0 B/s,0 B/s,0 B/s,0 B/s,0 B/s,0 B/s,681 kB/s,0 B/s
2026-02-10 13:48:00,0 B/s,0 B/s,0 B/s,0 B/s,0 B/s,0 B/s,0 B/s,0 B/s,0 B/s,0 B/s,0 B/s,0 B/s,0 B/s,0 B/s,0 B/s,0 B/s,-4.97 kB/s,0 B/s,0 B/s,0 B/s,0 B/s,0 B/s,0 B/s,0 B/s,0 B/s,0 B/s,0 B/s,0 B/s,0 B/s,0 B/s,0 B/s,0 B/s,0 B/s,0 B/s,681 kB/s,0 B/s
2026-02-10 13:48:30,0 B/s,0 B/s,0 B/s,0 B/s,0 B/s,0 B/s,0 B/s,0 B/s,0 B/s,0 B/s,0 B/s,0 B/s,0 B/s,0 B/s,0 B/s,0 B/s,-5.23 kB/s,0 B/s,0 B/s,0 B/s,0 B/s,0 B/s,0 B/s,0 B/s,0 B/s,0 B/s,0 B/s,0 B/s,0 B/s,0 B/s,0 B/s,0 B/s,0 B/s,0 B/s,704 kB/s,0 B/s
2026-02-10 13:49:00,0 B/s,0 B/s,0 B/s,0 B/s,0 B/s,0 B/s,0 B/s,0 B/s,0 B/s,0 B/s,0 B/s,0 B/s,0 B/s,0 B/s,0 B/s,0 B/s,-5.23 kB/s,0 B/s,0 B/s,0 B/s,0 B/s,0 B/s,0 B/s,0 B/s,0 B/s,0 B/s,0 B/s,0 B/s,0 B/s,0 B/s,0 B/s,0 B/s,0 B/s,0 B/s,686 kB/s,0 B/s
2026-02-10 13:49:30,0 B/s,0 B/s,0 B/s,0 B/s,0 B/s,0 B/s,0 B/s,0 B/s,0 B/s,0 B/s,0 B/s,0 B/s,0 B/s,0 B/s,0 B/s,0 B/s,-5.16 kB/s,0 B/s,0 B/s,0 B/s,0 B/s,0 B/s,0 B/s,0 B/s,0 B/s,0 B/s,0 B/s,0 B/s,0 B/s,0 B/s,0 B/s,0 B/s,0 B/s,0 B/s,699 kB/s,0 B/s
2026-02-10 13:50:00,0 B/s,0 B/s,0 B/s,0 B/s,0 B/s,0 B/s,0 B/s,0 B/s,0 B/s,0 B/s,0 B/s,0 B/s,0 B/s,0 B/s,0 B/s,0 B/s,-5.16 kB/s,0 B/s,0 B/s,0 B/s,0 B/s,0 B/s,0 B/s,0 B/s,0 B/s,0 B/s,0 B/s,0 B/s,0 B/s,0 B/s,0 B/s,0 B/s,0 B/s,0 B/s,765 kB/s,0 B/s
2026-02-10 13:50:30,0 B/s,0 B/s,0 B/s,0 B/s,0 B/s,0 B/s,0 B/s,0 B/s,0 B/s,0 B/s,0 B/s,0 B/s,0 B/s,0 B/s,0 B/s,0 B/s,-5.30 kB/s,0 B/s,0 B/s,0 B/s,0 B/s,0 B/s,0 B/s,0 B/s,0 B/s,0 B/s,0 B/s,0 B/s,0 B/s,0 B/s,0 B/s,0 B/s,0 B/s,0 B/s,754 kB/s,0 B/s
2026-02-10 13:51:00,0 B/s,0 B/s,0 B/s,0 B/s,0 B/s,0 B/s,0 B/s,0 B/s,0 B/s,0 B/s,0 B/s,0 B/s,0 B/s,0 B/s,0 B/s,0 B/s,-4.44 kB/s,0 B/s,0 B/s,0 B/s,0 B/s,0 B/s,0 B/s,0 B/s,0 B/s,0 B/s,0 B/s,0 B/s,0 B/s,0 B/s,0 B/s,0 B/s,0 B/s,0 B/s,700 kB/s,0 B/s
2026-02-10 13:51:30,0 B/s,0 B/s,0 B/s,0 B/s,0 B/s,0 B/s,0 B/s,0 B/s,0 B/s,0 B/s,0 B/s,0 B/s,0 B/s,0 B/s,0 B/s,0 B/s,-4.42 kB/s,0 B/s,0 B/s,0 B/s,0 B/s,0 B/s,0 B/s,0 B/s,0 B/s,0 B/s,0 B/s,0 B/s,0 B/s,0 B/s,0 B/s,0 B/s,0 B/s,0 B/s,668 kB/s,0 B/s
2026-02-10 13:52:00,0 B/s,0 B/s,0 B/s,0 B/s,0 B/s,0 B/s,0 B/s,0 B/s,0 B/s,0 B/s,0 B/s,0 B/s,0 B/s,0 B/s,0 B/s,0 B/s,-2.18 kB/s,0 B/s,0 B/s,0 B/s,0 B/s,0 B/s,0 B/s,0 B/s,0 B/s,0 B/s,0 B/s,0 B/s,0 B/s,0 B/s,0 B/s,0 B/s,0 B/s,0 B/s,681 kB/s,0 B/s
2026-02-10 13:52:30,0 B/s,0 B/s,0 B/s,0 B/s,0 B/s,0 B/s,0 B/s,0 B/s,0 B/s,0 B/s,0 B/s,0 B/s,0 B/s,0 B/s,0 B/s,0 B/s,-2.00 kB/s,0 B/s,0 B/s,0 B/s,0 B/s,0 B/s,0 B/s,0 B/s,0 B/s,0 B/s,0 B/s,0 B/s,0 B/s,0 B/s,0 B/s,0 B/s,0 B/s,0 B/s,689 kB/s,0 B/s
2026-02-10 13:53:00,0 B/s,0 B/s,0 B/s,0 B/s,0 B/s,0 B/s,0 B/s,0 B/s,0 B/s,0 B/s,0 B/s,0 B/s,0 B/s,0 B/s,0 B/s,0 B/s,-1.12 kB/s,0 B/s,0 B/s,0 B/s,0 B/s,0 B/s,0 B/s,0 B/s,0 B/s,0 B/s,0 B/s,0 B/s,0 B/s,0 B/s,0 B/s,0 B/s,0 B/s,0 B/s,680 kB/s,0 B/s
2026-02-10 13:53:30,0 B/s,0 B/s,0 B/s,0 B/s,0 B/s,0 B/s,0 B/s,0 B/s,0 B/s,0 B/s,0 B/s,0 B/s,0 B/s,0 B/s,0 B/s,0 B/s,-904 B/s,0 B/s,0 B/s,0 B/s,0 B/s,0 B/s,0 B/s,0 B/s,0 B/s,0 B/s,0 B/s,0 B/s,0 B/s,0 B/s,0 B/s,0 B/s,0 B/s,0 B/s,678 kB/s,0 B/s
2026-02-10 13:54:00,0 B/s,0 B/s,0 B/s,0 B/s,0 B/s,0 B/s,0 B/s,0 B/s,0 B/s,0 B/s,0 B/s,0 B/s,0 B/s,0 B/s,0 B/s,0 B/s,-877 B/s,0 B/s,0 B/s,0 B/s,0 B/s,0 B/s,0 B/s,0 B/s,0 B/s,0 B/s,0 B/s,0 B/s,0 B/s,0 B/s,0 B/s,0 B/s,0 B/s,0 B/s,704 kB/s,0 B/s
2026-02-10 13:54:30,0 B/s,0 B/s,0 B/s,0 B/s,0 B/s,0 B/s,0 B/s,0 B/s,0 B/s,0 B/s,0 B/s,0 B/s,0 B/s,0 B/s,0 B/s,0 B/s,-863 B/s,0 B/s,0 B/s,0 B/s,0 B/s,0 B/s,0 B/s,0 B/s,0 B/s,0 B/s,0 B/s,0 B/s,0 B/s,0 B/s,0 B/s,0 B/s,0 B/s,0 B/s,692 kB/s,0 B/s
2026-02-10 13:55:00,0 B/s,0 B/s,0 B/s,0 B/s,0 B/s,0 B/s,0 B/s,0 B/s,0 B/s,0 B/s,0 B/s,0 B/s,0 B/s,0 B/s,0 B/s,0 B/s,-1.08 kB/s,0 B/s,0 B/s,0 B/s,0 B/s,0 B/s,0 B/s,0 B/s,0 B/s,0 B/s,0 B/s,0 B/s,0 B/s,0 B/s,0 B/s,0 B/s,0 B/s,0 B/s,686 kB/s,0 B/s
2026-02-10 13:55:30,0 B/s,0 B/s,0 B/s,0 B/s,0 B/s,0 B/s,0 B/s,0 B/s,0 B/s,0 B/s,0 B/s,0 B/s,0 B/s,0 B/s,0 B/s,0 B/s,-904 B/s,0 B/s,0 B/s,0 B/s,0 B/s,0 B/s,0 B/s,0 B/s,0 B/s,0 B/s,0 B/s,0 B/s,0 B/s,0 B/s,0 B/s,0 B/s,0 B/s,0 B/s,743 kB/s,0 B/s
2026-02-10 13:56:00,0 B/s,0 B/s,0 B/s,0 B/s,0 B/s,0 B/s,0 B/s,0 B/s,0 B/s,0 B/s,0 B/s,0 B/s,0 B/s,0 B/s,0 B/s,0 B/s,-767 B/s,0 B/s,0 B/s,0 B/s,0 B/s,0 B/s,0 B/s,0 B/s,0 B/s,0 B/s,0 B/s,0 B/s,0 B/s,0 B/s,0 B/s,0 B/s,0 B/s,0 B/s,780 kB/s,0 B/s
2026-02-10 13:56:30,0 B/s,0 B/s,0 B/s,0 B/s,0 B/s,0 B/s,0 B/s,0 B/s,0 B/s,0 B/s,0 B/s,0 B/s,0 B/s,0 B/s,0 B/s,0 B/s,-534 B/s,0 B/s,0 B/s,0 B/s,0 B/s,0 B/s,0 B/s,0 B/s,0 B/s,0 B/s,0 B/s,0 B/s,0 B/s,0 B/s,0 B/s,0 B/s,0 B/s,0 B/s,754 kB/s,0 B/s
2026-02-10 13:57:00,0 B/s,0 B/s,0 B/s,0 B/s,0 B/s,0 B/s,0 B/s,0 B/s,0 B/s,0 B/s,0 B/s,0 B/s,0 B/s,0 B/s,0 B/s,0 B/s,-397 B/s,0 B/s,0 B/s,0 B/s,0 B/s,0 B/s,0 B/s,0 B/s,0 B/s,0 B/s,0 B/s,0 B/s,0 B/s,0 B/s,0 B/s,0 B/s,0 B/s,0 B/s,684 kB/s,0 B/s
2026-02-10 13:57:30,0 B/s,0 B/s,0 B/s,0 B/s,0 B/s,0 B/s,0 B/s,0 B/s,0 B/s,0 B/s,0 B/s,0 B/s,0 B/s,0 B/s,0 B/s,0 B/s,-493 B/s,0 B/s,0 B/s,0 B/s,0 B/s,0 B/s,0 B/s,0 B/s,0 B/s,0 B/s,0 B/s,0 B/s,0 B/s,0 B/s,0 B/s,0 B/s,0 B/s,0 B/s,664 kB/s,0 B/s
2026-02-10 13:58:00,0 B/s,0 B/s,0 B/s,0 B/s,0 B/s,0 B/s,0 B/s,0 B/s,0 B/s,0 B/s,0 B/s,0 B/s,0 B/s,0 B/s,0 B/s,0 B/s,-507 B/s,0 B/s,0 B/s,0 B/s,0 B/s,0 B/s,0 B/s,0 B/s,0 B/s,0 B/s,0 B/s,0 B/s,0 B/s,0 B/s,0 B/s,0 B/s,0 B/s,0 B/s,687 kB/s,0 B/s
2026-02-10 13:58:30,0 B/s,0 B/s,0 B/s,0 B/s,0 B/s,0 B/s,0 B/s,0 B/s,0 B/s,0 B/s,0 B/s,0 B/s,0 B/s,0 B/s,0 B/s,0 B/s,-466 B/s,0 B/s,0 B/s,0 B/s,0 B/s,0 B/s,0 B/s,0 B/s,0 B/s,0 B/s,0 B/s,0 B/s,0 B/s,0 B/s,0 B/s,0 B/s,0 B/s,0 B/s,688 kB/s,0 B/s
2026-02-10 13:59:00,0 B/s,0 B/s,0 B/s,0 B/s,0 B/s,0 B/s,0 B/s,0 B/s,0 B/s,0 B/s,0 B/s,0 B/s,0 B/s,0 B/s,0 B/s,0 B/s,-466 B/s,0 B/s,0 B/s,0 B/s,0 B/s,0 B/s,0 B/s,0 B/s,0 B/s,0 B/s,0 B/s,0 B/s,0 B/s,0 B/s,0 B/s,0 B/s,0 B/s,0 B/s,710 kB/s,0 B/s
2026-02-10 13:59:30,0 B/s,0 B/s,0 B/s,0 B/s,0 B/s,0 B/s,0 B/s,0 B/s,0 B/s,0 B/s,0 B/s,0 B/s,0 B/s,0 B/s,0 B/s,0 B/s,-466 B/s,0 B/s,0 B/s,0 B/s,0 B/s,0 B/s,0 B/s,0 B/s,0 B/s,0 B/s,0 B/s,0 B/s,0 B/s,0 B/s,0 B/s,0 B/s,0 B/s,0 B/s,706 kB/s,0 B/s
2026-02-10 14:00:00,0 B/s,0 B/s,0 B/s,0 B/s,0 B/s,0 B/s,0 B/s,0 B/s,0 B/s,0 B/s,0 B/s,0 B/s,0 B/s,0 B/s,0 B/s,0 B/s,-205 B/s,0 B/s,0 B/s,0 B/s,0 B/s,0 B/s,0 B/s,0 B/s,0 B/s,0 B/s,0 B/s,0 B/s,0 B/s,0 B/s,0 B/s,0 B/s,0 B/s,0 B/s,749 kB/s,0 B/s
2026-02-10 14:00:30,0 B/s,0 B/s,0 B/s,0 B/s,0 B/s,0 B/s,0 B/s,0 B/s,0 B/s,0 B/s,0 B/s,0 B/s,0 B/s,0 B/s,0 B/s,0 B/s,-3.82 MB/s,0 B/s,0 B/s,0 B/s,0 B/s,0 B/s,0 B/s,0 B/s,0 B/s,0 B/s,0 B/s,0 B/s,0 B/s,0 B/s,0 B/s,0 B/s,0 B/s,0 B/s,4.34 MB/s,0 B/s
2026-02-10 14:01:00,0 B/s,0 B/s,0 B/s,0 B/s,0 B/s,0 B/s,0 B/s,0 B/s,0 B/s,0 B/s,0 B/s,0 B/s,0 B/s,0 B/s,0 B/s,0 B/s,-4.41 MB/s,0 B/s,0 B/s,0 B/s,0 B/s,0 B/s,0 B/s,0 B/s,0 B/s,0 B/s,0 B/s,0 B/s,0 B/s,0 B/s,0 B/s,0 B/s,0 B/s,0 B/s,6.11 MB/s,0 B/s
2026-02-10 14:01:30,0 B/s,0 B/s,0 B/s,0 B/s,0 B/s,0 B/s,0 B/s,0 B/s,0 B/s,0 B/s,0 B/s,0 B/s,0 B/s,0 B/s,0 B/s,0 B/s,-4.41 MB/s,0 B/s,0 B/s,0 B/s,0 B/s,0 B/s,0 B/s,0 B/s,0 B/s,0 B/s,0 B/s,0 B/s,0 B/s,0 B/s,0 B/s,0 B/s,0 B/s,0 B/s,6.17 MB/s,0 B/s
2026-02-10 14:02:00,0 B/s,0 B/s,0 B/s,0 B/s,0 B/s,0 B/s,0 B/s,0 B/s,0 B/s,0 B/s,0 B/s,0 B/s,0 B/s,0 B/s,0 B/s,0 B/s,-4.41 MB/s,0 B/s,0 B/s,0 B/s,0 B/s,0 B/s,0 B/s,0 B/s,0 B/s,0 B/s,0 B/s,0 B/s,0 B/s,0 B/s,0 B/s,0 B/s,0 B/s,0 B/s,6.23 MB/s,0 B/s
2026-02-10 14:02:30,0 B/s,0 B/s,0 B/s,0 B/s,0 B/s,0 B/s,0 B/s,0 B/s,0 B/s,0 B/s,0 B/s,0 B/s,0 B/s,0 B/s,0 B/s,0 B/s,-4.41 MB/s,0 B/s,0 B/s,0 B/s,0 B/s,0 B/s,0 B/s,0 B/s,0 B/s,0 B/s,0 B/s,0 B/s,0 B/s,0 B/s,0 B/s,0 B/s,0 B/s,0 B/s,6.19 MB/s,0 B/s
2026-02-10 14:03:00,0 B/s,0 B/s,0 B/s,0 B/s,0 B/s,0 B/s,0 B/s,0 B/s,0 B/s,0 B/s,0 B/s,0 B/s,0 B/s,0 B/s,0 B/s,0 B/s,-4.41 MB/s,0 B/s,0 B/s,0 B/s,0 B/s,0 B/s,0 B/s,0 B/s,0 B/s,0 B/s,0 B/s,0 B/s,0 B/s,0 B/s,0 B/s,0 B/s,0 B/s,0 B/s,6.12 MB/s,0 B/s
2026-02-10 14:03:30,0 B/s,0 B/s,0 B/s,0 B/s,0 B/s,0 B/s,0 B/s,0 B/s,0 B/s,0 B/s,0 B/s,0 B/s,0 B/s,0 B/s,0 B/s,0 B/s,-4.41 MB/s,0 B/s,0 B/s,0 B/s,0 B/s,0 B/s,0 B/s,0 B/s,0 B/s,0 B/s,0 B/s,0 B/s,0 B/s,0 B/s,0 B/s,0 B/s,0 B/s,0 B/s,6.05 MB/s,0 B/s
2026-02-10 14:04:00,0 B/s,0 B/s,0 B/s,0 B/s,0 B/s,0 B/s,0 B/s,0 B/s,0 B/s,0 B/s,0 B/s,0 B/s,0 B/s,0 B/s,0 B/s,0 B/s,-4.41 MB/s,0 B/s,0 B/s,0 B/s,0 B/s,0 B/s,0 B/s,0 B/s,0 B/s,0 B/s,0 B/s,0 B/s,0 B/s,0 B/s,0 B/s,0 B/s,0 B/s,0 B/s,5.94 MB/s,0 B/s
2026-02-10 14:04:30,0 B/s,0 B/s,0 B/s,0 B/s,0 B/s,0 B/s,0 B/s,0 B/s,0 B/s,0 B/s,0 B/s,0 B/s,0 B/s,0 B/s,0 B/s,0 B/s,-4.41 MB/s,0 B/s,0 B/s,0 B/s,0 B/s,0 B/s,0 B/s,0 B/s,0 B/s,0 B/s,0 B/s,0 B/s,0 B/s,0 B/s,0 B/s,0 B/s,0 B/s,0 B/s,5.98 MB/s,0 B/s
2026-02-10 14:05:00,0 B/s,0 B/s,0 B/s,0 B/s,0 B/s,0 B/s,0 B/s,0 B/s,0 B/s,0 B/s,0 B/s,0 B/s,0 B/s,0 B/s,0 B/s,0 B/s,-4.41 MB/s,0 B/s,0 B/s,0 B/s,0 B/s,0 B/s,0 B/s,0 B/s,0 B/s,0 B/s,0 B/s,0 B/s,0 B/s,0 B/s,0 B/s,0 B/s,0 B/s,0 B/s,5.95 MB/s,0 B/s
2026-02-10 14:05:30,0 B/s,0 B/s,0 B/s,0 B/s,0 B/s,0 B/s,0 B/s,0 B/s,0 B/s,0 B/s,0 B/s,0 B/s,0 B/s,0 B/s,0 B/s,0 B/s,-475 kB/s,0 B/s,0 B/s,0 B/s,0 B/s,0 B/s,0 B/s,0 B/s,0 B/s,0 B/s,0 B/s,0 B/s,0 B/s,0 B/s,0 B/s,0 B/s,0 B/s,0 B/s,2.32 MB/s,0 B/s
2026-02-10 14:06:00,0 B/s,0 B/s,0 B/s,0 B/s,0 B/s,0 B/s,0 B/s,0 B/s,0 B/s,0 B/s,0 B/s,0 B/s,0 B/s,0 B/s,0 B/s,0 B/s,-795 B/s,0 B/s,0 B/s,0 B/s,0 B/s,0 B/s,0 B/s,0 B/s,0 B/s,0 B/s,0 B/s,0 B/s,0 B/s,0 B/s,0 B/s,0 B/s,0 B/s,0 B/s,586 kB/s,0 B/s
2026-02-10 14:06:30,0 B/s,0 B/s,0 B/s,0 B/s,0 B/s,0 B/s,0 B/s,0 B/s,0 B/s,0 B/s,0 B/s,0 B/s,0 B/s,0 B/s,0 B/s,0 B/s,-836 B/s,0 B/s,0 B/s,0 B/s,0 B/s,0 B/s,0 B/s,0 B/s,0 B/s,0 B/s,0 B/s,0 B/s,0 B/s,0 B/s,0 B/s,0 B/s,0 B/s,0 B/s,580 kB/s,0 B/s
2026-02-10 14:07:00,0 B/s,0 B/s,0 B/s,0 B/s,0 B/s,0 B/s,0 B/s,0 B/s,0 B/s,0 B/s,0 B/s,0 B/s,0 B/s,0 B/s,0 B/s,0 B/s,-1.10 kB/s,0 B/s,0 B/s,0 B/s,0 B/s,0 B/s,0 B/s,0 B/s,0 B/s,0 B/s,0 B/s,0 B/s,0 B/s,0 B/s,0 B/s,0 B/s,0 B/s,0 B/s,573 kB/s,0 B/s
2026-02-10 14:07:30,0 B/s,0 B/s,0 B/s,0 B/s,0 B/s,0 B/s,0 B/s,0 B/s,0 B/s,0 B/s,0 B/s,0 B/s,0 B/s,0 B/s,0 B/s,0 B/s,-1.14 kB/s,0 B/s,0 B/s,0 B/s,0 B/s,0 B/s,0 B/s,0 B/s,0 B/s,0 B/s,0 B/s,0 B/s,0 B/s,0 B/s,0 B/s,0 B/s,0 B/s,0 B/s,630 kB/s,0 B/s
2026-02-10 14:08:00,0 B/s,0 B/s,0 B/s,0 B/s,0 B/s,0 B/s,0 B/s,0 B/s,0 B/s,0 B/s,0 B/s,0 B/s,0 B/s,0 B/s,0 B/s,0 B/s,-1.11 kB/s,0 B/s,0 B/s,0 B/s,0 B/s,0 B/s,0 B/s,0 B/s,0 B/s,0 B/s,0 B/s,0 B/s,0 B/s,0 B/s,0 B/s,0 B/s,0 B/s,0 B/s,691 kB/s,0 B/s
2026-02-10 14:08:30,0 B/s,0 B/s,0 B/s,0 B/s,0 B/s,0 B/s,0 B/s,0 B/s,0 B/s,0 B/s,0 B/s,0 B/s,0 B/s,0 B/s,0 B/s,0 B/s,-1.05 kB/s,-95.9 B/s,0 B/s,0 B/s,0 B/s,0 B/s,0 B/s,0 B/s,0 B/s,0 B/s,0 B/s,0 B/s,0 B/s,0 B/s,0 B/s,0 B/s,0 B/s,0 B/s,762 kB/s,0 B/s
2026-02-10 14:09:00,0 B/s,0 B/s,0 B/s,0 B/s,0 B/s,0 B/s,0 B/s,0 B/s,0 B/s,0 B/s,0 B/s,0 B/s,0 B/s,0 B/s,0 B/s,0 B/s,-534 B/s,-247 B/s,0 B/s,0 B/s,0 B/s,0 B/s,0 B/s,0 B/s,0 B/s,0 B/s,0 B/s,0 B/s,0 B/s,0 B/s,0 B/s,0 B/s,0 B/s,0 B/s,793 kB/s,0 B/s
2026-02-10 14:09:30,0 B/s,0 B/s,0 B/s,0 B/s,0 B/s,0 B/s,0 B/s,0 B/s,0 B/s,0 B/s,0 B/s,0 B/s,0 B/s,0 B/s,0 B/s,0 B/s,-630 B/s,-247 B/s,0 B/s,0 B/s,0 B/s,0 B/s,0 B/s,0 B/s,0 B/s,0 B/s,0 B/s,0 B/s,0 B/s,0 B/s,0 B/s,0 B/s,0 B/s,0 B/s,741 kB/s,0 B/s
2026-02-10 14:10:00,0 B/s,0 B/s,0 B/s,0 B/s,0 B/s,0 B/s,0 B/s,0 B/s,0 B/s,0 B/s,0 B/s,0 B/s,0 B/s,0 B/s,0 B/s,0 B/s,-671 B/s,-247 B/s,0 B/s,0 B/s,0 B/s,0 B/s,0 B/s,0 B/s,0 B/s,0 B/s,0 B/s,0 B/s,0 B/s,0 B/s,0 B/s,0 B/s,0 B/s,0 B/s,716 kB/s,0 B/s
2026-02-10 14:10:30,0 B/s,0 B/s,0 B/s,0 B/s,0 B/s,0 B/s,0 B/s,0 B/s,0 B/s,0 B/s,0 B/s,0 B/s,0 B/s,0 B/s,0 B/s,0 B/s,-630 B/s,-247 B/s,0 B/s,0 B/s,0 B/s,0 B/s,0 B/s,0 B/s,0 B/s,0 B/s,0 B/s,0 B/s,0 B/s,0 B/s,0 B/s,0 B/s,0 B/s,0 B/s,715 kB/s,0 B/s
2026-02-10 14:11:00,0 B/s,0 B/s,0 B/s,0 B/s,0 B/s,0 B/s,0 B/s,0 B/s,0 B/s,0 B/s,0 B/s,0 B/s,0 B/s,0 B/s,0 B/s,0 B/s,-616 B/s,-247 B/s,0 B/s,0 B/s,0 B/s,0 B/s,0 B/s,0 B/s,0 B/s,0 B/s,0 B/s,0 B/s,0 B/s,0 B/s,0 B/s,0 B/s,0 B/s,0 B/s,717 kB/s,0 B/s
2026-02-10 14:11:30,0 B/s,0 B/s,0 B/s,0 B/s,0 B/s,0 B/s,0 B/s,0 B/s,0 B/s,0 B/s,0 B/s,0 B/s,0 B/s,0 B/s,0 B/s,0 B/s,-589 B/s,-247 B/s,0 B/s,0 B/s,0 B/s,0 B/s,0 B/s,0 B/s,0 B/s,0 B/s,0 B/s,0 B/s,0 B/s,0 B/s,0 B/s,0 B/s,0 B/s,0 B/s,710 kB/s,0 B/s
2026-02-10 14:12:00,0 B/s,0 B/s,0 B/s,0 B/s,0 B/s,0 B/s,0 B/s,0 B/s,0 B/s,0 B/s,0 B/s,0 B/s,0 B/s,0 B/s,0 B/s,0 B/s,-329 B/s,-247 B/s,0 B/s,0 B/s,0 B/s,0 B/s,0 B/s,0 B/s,0 B/s,0 B/s,0 B/s,0 B/s,0 B/s,0 B/s,0 B/s,0 B/s,0 B/s,0 B/s,711 kB/s,0 B/s
2026-02-10 14:12:30,0 B/s,0 B/s,0 B/s,0 B/s,0 B/s,0 B/s,0 B/s,0 B/s,0 B/s,0 B/s,0 B/s,0 B/s,0 B/s,0 B/s,0 B/s,0 B/s,-315 B/s,-247 B/s,0 B/s,0 B/s,0 B/s,0 B/s,0 B/s,0 B/s,0 B/s,0 B/s,0 B/s,0 B/s,0 B/s,0 B/s,0 B/s,0 B/s,0 B/s,0 B/s,695 kB/s,0 B/s
2026-02-10 14:13:00,0 B/s,0 B/s,0 B/s,0 B/s,0 B/s,0 B/s,0 B/s,0 B/s,0 B/s,0 B/s,0 B/s,0 B/s,0 B/s,0 B/s,0 B/s,0 B/s,-315 B/s,-247 B/s,0 B/s,0 B/s,0 B/s,0 B/s,0 B/s,0 B/s,0 B/s,0 B/s,0 B/s,0 B/s,0 B/s,0 B/s,0 B/s,0 B/s,0 B/s,0 B/s,690 kB/s,0 B/s
2026-02-10 14:13:30,0 B/s,0 B/s,0 B/s,0 B/s,0 B/s,0 B/s,0 B/s,0 B/s,0 B/s,0 B/s,0 B/s,0 B/s,0 B/s,0 B/s,0 B/s,0 B/s,-397 B/s,-151 B/s,0 B/s,0 B/s,0 B/s,0 B/s,0 B/s,0 B/s,0 B/s,0 B/s,0 B/s,0 B/s,0 B/s,0 B/s,0 B/s,0 B/s,0 B/s,0 B/s,680 kB/s,0 B/s
2026-02-10 14:14:00,0 B/s,0 B/s,0 B/s,0 B/s,0 B/s,0 B/s,0 B/s,0 B/s,0 B/s,0 B/s,0 B/s,0 B/s,0 B/s,0 B/s,0 B/s,0 B/s,-370 B/s,0 B/s,0 B/s,0 B/s,0 B/s,0 B/s,0 B/s,0 B/s,0 B/s,0 B/s,0 B/s,0 B/s,0 B/s,0 B/s,0 B/s,0 B/s,0 B/s,0 B/s,714 kB/s,0 B/s
2026-02-10 14:14:30,0 B/s,0 B/s,0 B/s,0 B/s,0 B/s,0 B/s,0 B/s,0 B/s,0 B/s,0 B/s,0 B/s,0 B/s,0 B/s,0 B/s,0 B/s,0 B/s,-466 B/s,0 B/s,0 B/s,0 B/s,0 B/s,0 B/s,0 B/s,0 B/s,0 B/s,0 B/s,0 B/s,0 B/s,0 B/s,0 B/s,0 B/s,0 B/s,0 B/s,0 B/s,739 kB/s,0 B/s
2026-02-10 14:15:00,0 B/s,0 B/s,0 B/s,0 B/s,0 B/s,0 B/s,0 B/s,0 B/s,0 B/s,0 B/s,0 B/s,0 B/s,0 B/s,0 B/s,0 B/s,0 B/s,-397 B/s,0 B/s,0 B/s,0 B/s,0 B/s,0 B/s,0 B/s,0 B/s,0 B/s,0 B/s,0 B/s,0 B/s,0 B/s,0 B/s,0 B/s,0 B/s,0 B/s,0 B/s,706 kB/s,0 B/s
2026-02-10 14:15:30,0 B/s,0 B/s,0 B/s,0 B/s,0 B/s,0 B/s,0 B/s,0 B/s,0 B/s,0 B/s,0 B/s,0 B/s,0 B/s,0 B/s,0 B/s,0 B/s,-384 B/s,0 B/s,0 B/s,0 B/s,0 B/s,0 B/s,0 B/s,0 B/s,0 B/s,0 B/s,0 B/s,0 B/s,0 B/s,0 B/s,0 B/s,0 B/s,0 B/s,0 B/s,734 kB/s,0 B/s
2026-02-10 14:16:00,0 B/s,0 B/s,0 B/s,0 B/s,0 B/s,0 B/s,0 B/s,0 B/s,0 B/s,0 B/s,0 B/s,0 B/s,0 B/s,0 B/s,0 B/s,0 B/s,-370 B/s,0 B/s,0 B/s,0 B/s,0 B/s,0 B/s,0 B/s,0 B/s,0 B/s,0 B/s,0 B/s,0 B/s,0 B/s,0 B/s,0 B/s,0 B/s,0 B/s,0 B/s,741 kB/s,0 B/s
2026-02-10 14:16:30,0 B/s,0 B/s,0 B/s,0 B/s,0 B/s,0 B/s,0 B/s,0 B/s,0 B/s,0 B/s,0 B/s,0 B/s,0 B/s,0 B/s,0 B/s,0 B/s,-397 B/s,0 B/s,0 B/s,0 B/s,0 B/s,0 B/s,0 B/s,0 B/s,0 B/s,0 B/s,0 B/s,0 B/s,0 B/s,0 B/s,0 B/s,0 B/s,0 B/s,0 B/s,748 kB/s,0 B/s
2026-02-10 14:17:00,0 B/s,0 B/s,0 B/s,0 B/s,0 B/s,0 B/s,0 B/s,0 B/s,0 B/s,0 B/s,0 B/s,0 B/s,0 B/s,0 B/s,0 B/s,0 B/s,-342 B/s,0 B/s,0 B/s,0 B/s,0 B/s,0 B/s,0 B/s,0 B/s,0 B/s,0 B/s,0 B/s,0 B/s,0 B/s,0 B/s,0 B/s,0 B/s,0 B/s,0 B/s,753 kB/s,0 B/s
2026-02-10 14:17:30,0 B/s,0 B/s,0 B/s,0 B/s,0 B/s,0 B/s,0 B/s,0 B/s,0 B/s,0 B/s,0 B/s,0 B/s,0 B/s,0 B/s,0 B/s,0 B/s,-342 B/s,0 B/s,0 B/s,0 B/s,0 B/s,0 B/s,0 B/s,0 B/s,0 B/s,0 B/s,0 B/s,0 B/s,0 B/s,0 B/s,0 B/s,0 B/s,0 B/s,0 B/s,757 kB/s,0 B/s
2026-02-10 14:18:00,0 B/s,0 B/s,0 B/s,0 B/s,0 B/s,0 B/s,0 B/s,0 B/s,0 B/s,0 B/s,0 B/s,0 B/s,0 B/s,0 B/s,0 B/s,0 B/s,-342 B/s,0 B/s,0 B/s,0 B/s,0 B/s,0 B/s,0 B/s,0 B/s,0 B/s,0 B/s,0 B/s,0 B/s,0 B/s,0 B/s,0 B/s,0 B/s,0 B/s,0 B/s,756 kB/s,0 B/s
2026-02-10 14:18:30,0 B/s,0 B/s,0 B/s,0 B/s,0 B/s,0 B/s,0 B/s,0 B/s,0 B/s,0 B/s,0 B/s,0 B/s,0 B/s,0 B/s,0 B/s,0 B/s,-260 B/s,0 B/s,0 B/s,0 B/s,0 B/s,0 B/s,0 B/s,0 B/s,0 B/s,0 B/s,0 B/s,0 B/s,0 B/s,0 B/s,0 B/s,0 B/s,0 B/s,0 B/s,736 kB/s,0 B/s
2026-02-10 14:19:00,0 B/s,0 B/s,0 B/s,0 B/s,0 B/s,0 B/s,0 B/s,0 B/s,0 B/s,0 B/s,0 B/s,0 B/s,0 B/s,0 B/s,0 B/s,0 B/s,-233 B/s,0 B/s,0 B/s,0 B/s,0 B/s,0 B/s,0 B/s,0 B/s,0 B/s,0 B/s,0 B/s,0 B/s,0 B/s,0 B/s,0 B/s,0 B/s,0 B/s,0 B/s,739 kB/s,0 B/s
2026-02-10 14:19:30,0 B/s,0 B/s,0 B/s,0 B/s,0 B/s,0 B/s,0 B/s,0 B/s,0 B/s,0 B/s,0 B/s,0 B/s,0 B/s,0 B/s,0 B/s,0 B/s,-54.8 B/s,0 B/s,0 B/s,0 B/s,0 B/s,0 B/s,0 B/s,0 B/s,0 B/s,0 B/s,0 B/s,0 B/s,0 B/s,0 B/s,0 B/s,0 B/s,0 B/s,0 B/s,742 kB/s,0 B/s
2026-02-10 14:20:00,0 B/s,0 B/s,0 B/s,0 B/s,0 B/s,0 B/s,0 B/s,0 B/s,0 B/s,0 B/s,0 B/s,0 B/s,0 B/s,0 B/s,0 B/s,0 B/s,-54.8 B/s,0 B/s,0 B/s,0 B/s,0 B/s,0 B/s,0 B/s,0 B/s,0 B/s,0 B/s,0 B/s,0 B/s,0 B/s,0 B/s,0 B/s,0 B/s,0 B/s,0 B/s,752 kB/s,0 B/s
2026-02-10 14:20:30,0 B/s,0 B/s,0 B/s,0 B/s,0 B/s,0 B/s,0 B/s,0 B/s,0 B/s,0 B/s,0 B/s,0 B/s,0 B/s,0 B/s,0 B/s,0 B/s,-82.2 B/s,0 B/s,0 B/s,0 B/s,0 B/s,0 B/s,0 B/s,0 B/s,0 B/s,0 B/s,0 B/s,0 B/s,0 B/s,0 B/s,0 B/s,0 B/s,0 B/s,0 B/s,736 kB/s,0 B/s
2026-02-10 14:21:00,0 B/s,0 B/s,0 B/s,0 B/s,0 B/s,0 B/s,0 B/s,0 B/s,0 B/s,0 B/s,0 B/s,0 B/s,0 B/s,0 B/s,0 B/s,0 B/s,-82.2 B/s,0 B/s,0 B/s,0 B/s,0 B/s,0 B/s,0 B/s,0 B/s,0 B/s,0 B/s,0 B/s,0 B/s,0 B/s,0 B/s,0 B/s,0 B/s,0 B/s,0 B/s,735 kB/s,0 B/s
2026-02-10 14:21:30,0 B/s,0 B/s,0 B/s,0 B/s,0 B/s,0 B/s,0 B/s,0 B/s,0 B/s,0 B/s,0 B/s,0 B/s,0 B/s,0 B/s,0 B/s,0 B/s,-68.5 B/s,0 B/s,0 B/s,0 B/s,0 B/s,0 B/s,0 B/s,0 B/s,0 B/s,0 B/s,0 B/s,0 B/s,0 B/s,0 B/s,0 B/s,0 B/s,0 B/s,0 B/s,730 kB/s,0 B/s
2026-02-10 14:22:00,0 B/s,0 B/s,0 B/s,0 B/s,0 B/s,0 B/s,0 B/s,0 B/s,0 B/s,0 B/s,0 B/s,0 B/s,0 B/s,0 B/s,0 B/s,0 B/s,-68.5 B/s,0 B/s,0 B/s,0 B/s,0 B/s,0 B/s,0 B/s,0 B/s,0 B/s,0 B/s,0 B/s,0 B/s,0 B/s,0 B/s,0 B/s,0 B/s,0 B/s,0 B/s,742 kB/s,0 B/s
2026-02-10 14:22:30,0 B/s,0 B/s,0 B/s,0 B/s,0 B/s,0 B/s,0 B/s,0 B/s,0 B/s,0 B/s,0 B/s,0 B/s,0 B/s,0 B/s,0 B/s,0 B/s,-82.2 B/s,0 B/s,0 B/s,0 B/s,0 B/s,0 B/s,0 B/s,0 B/s,0 B/s,0 B/s,0 B/s,0 B/s,0 B/s,0 B/s,0 B/s,0 B/s,0 B/s,0 B/s,743 kB/s,0 B/s
2026-02-10 14:23:00,0 B/s,0 B/s,0 B/s,0 B/s,0 B/s,0 B/s,0 B/s,0 B/s,0 B/s,0 B/s,0 B/s,0 B/s,0 B/s,0 B/s,0 B/s,0 B/s,-95.9 B/s,0 B/s,0 B/s,0 B/s,0 B/s,0 B/s,0 B/s,0 B/s,0 B/s,0 B/s,0 B/s,0 B/s,0 B/s,0 B/s,0 B/s,0 B/s,0 B/s,0 B/s,737 kB/s,0 B/s
2026-02-10 14:23:30,0 B/s,0 B/s,0 B/s,0 B/s,0 B/s,0 B/s,0 B/s,0 B/s,0 B/s,0 B/s,0 B/s,0 B/s,0 B/s,0 B/s,0 B/s,0 B/s,-301 B/s,0 B/s,0 B/s,0 B/s,0 B/s,0 B/s,0 B/s,0 B/s,0 B/s,0 B/s,0 B/s,0 B/s,0 B/s,0 B/s,0 B/s,0 B/s,0 B/s,0 B/s,746 kB/s,0 B/s
2026-02-10 14:24:00,0 B/s,0 B/s,0 B/s,0 B/s,0 B/s,0 B/s,0 B/s,0 B/s,0 B/s,0 B/s,0 B/s,0 B/s,0 B/s,0 B/s,0 B/s,0 B/s,-521 B/s,0 B/s,0 B/s,0 B/s,0 B/s,0 B/s,0 B/s,0 B/s,0 B/s,0 B/s,0 B/s,0 B/s,0 B/s,0 B/s,0 B/s,0 B/s,0 B/s,0 B/s,1.07 MB/s,0 B/s
2026-02-10 14:24:30,0 B/s,0 B/s,0 B/s,0 B/s,0 B/s,0 B/s,0 B/s,0 B/s,0 B/s,0 B/s,0 B/s,0 B/s,0 B/s,0 B/s,0 B/s,0 B/s,-507 B/s,0 B/s,0 B/s,0 B/s,0 B/s,0 B/s,0 B/s,0 B/s,0 B/s,0 B/s,0 B/s,0 B/s,0 B/s,0 B/s,0 B/s,0 B/s,0 B/s,0 B/s,1.33 MB/s,0 B/s
2026-02-10 14:25:00,0 B/s,0 B/s,0 B/s,0 B/s,0 B/s,0 B/s,0 B/s,0 B/s,0 B/s,0 B/s,0 B/s,0 B/s,0 B/s,0 B/s,0 B/s,0 B/s,-521 B/s,0 B/s,0 B/s,0 B/s,0 B/s,0 B/s,0 B/s,0 B/s,0 B/s,0 B/s,0 B/s,0 B/s,0 B/s,0 B/s,0 B/s,0 B/s,0 B/s,0 B/s,1.38 MB/s,0 B/s
2026-02-10 14:25:30,0 B/s,0 B/s,0 B/s,0 B/s,0 B/s,0 B/s,0 B/s,0 B/s,0 B/s,0 B/s,0 B/s,0 B/s,0 B/s,0 B/s,0 B/s,0 B/s,-808 B/s,0 B/s,0 B/s,0 B/s,0 B/s,0 B/s,0 B/s,0 B/s,0 B/s,0 B/s,0 B/s,0 B/s,0 B/s,0 B/s,0 B/s,0 B/s,0 B/s,0 B/s,1.38 MB/s,0 B/s
2026-02-10 14:26:00,0 B/s,0 B/s,0 B/s,0 B/s,0 B/s,0 B/s,0 B/s,0 B/s,0 B/s,0 B/s,0 B/s,0 B/s,0 B/s,0 B/s,0 B/s,0 B/s,-863 B/s,0 B/s,0 B/s,0 B/s,0 B/s,0 B/s,0 B/s,0 B/s,0 B/s,0 B/s,0 B/s,0 B/s,0 B/s,0 B/s,0 B/s,0 B/s,0 B/s,0 B/s,1.33 MB/s,0 B/s
2026-02-10 14:26:30,0 B/s,0 B/s,0 B/s,0 B/s,0 B/s,0 B/s,0 B/s,0 B/s,0 B/s,0 B/s,0 B/s,0 B/s,0 B/s,0 B/s,0 B/s,0 B/s,-863 B/s,0 B/s,0 B/s,0 B/s,0 B/s,0 B/s,0 B/s,0 B/s,0 B/s,0 B/s,0 B/s,0 B/s,0 B/s,0 B/s,0 B/s,0 B/s,0 B/s,0 B/s,1.28 MB/s,0 B/s
2026-02-10 14:27:00,0 B/s,0 B/s,0 B/s,0 B/s,0 B/s,0 B/s,0 B/s,0 B/s,0 B/s,0 B/s,0 B/s,0 B/s,0 B/s,0 B/s,0 B/s,0 B/s,-1.03 kB/s,0 B/s,0 B/s,0 B/s,0 B/s,0 B/s,0 B/s,0 B/s,0 B/s,0 B/s,0 B/s,0 B/s,0 B/s,0 B/s,0 B/s,0 B/s,0 B/s,0 B/s,1.21 MB/s,0 B/s
2026-02-10 14:27:30,0 B/s,0 B/s,0 B/s,0 B/s,0 B/s,0 B/s,0 B/s,0 B/s,0 B/s,0 B/s,0 B/s,0 B/s,0 B/s,0 B/s,0 B/s,0 B/s,-1.03 kB/s,0 B/s,0 B/s,0 B/s,0 B/s,0 B/s,0 B/s,0 B/s,0 B/s,0 B/s,0 B/s,0 B/s,0 B/s,0 B/s,0 B/s,0 B/s,0 B/s,0 B/s,1.19 MB/s,0 B/s
2026-02-10 14:28:00,0 B/s,0 B/s,0 B/s,0 B/s,0 B/s,0 B/s,0 B/s,0 B/s,0 B/s,0 B/s,0 B/s,0 B/s,0 B/s,0 B/s,0 B/s,0 B/s,-1.03 kB/s,0 B/s,0 B/s,0 B/s,0 B/s,0 B/s,0 B/s,0 B/s,0 B/s,0 B/s,0 B/s,0 B/s,0 B/s,0 B/s,0 B/s,0 B/s,0 B/s,0 B/s,1.21 MB/s,0 B/s
2026-02-10 14:28:30,0 B/s,0 B/s,0 B/s,0 B/s,0 B/s,0 B/s,0 B/s,0 B/s,0 B/s,0 B/s,0 B/s,0 B/s,0 B/s,0 B/s,0 B/s,0 B/s,-890 B/s,0 B/s,0 B/s,0 B/s,0 B/s,0 B/s,0 B/s,0 B/s,0 B/s,0 B/s,0 B/s,0 B/s,0 B/s,0 B/s,0 B/s,0 B/s,0 B/s,0 B/s,1.24 MB/s,0 B/s
2026-02-10 14:29:00,0 B/s,0 B/s,0 B/s,0 B/s,0 B/s,0 B/s,0 B/s,0 B/s,0 B/s,0 B/s,0 B/s,0 B/s,0 B/s,0 B/s,0 B/s,0 B/s,-671 B/s,0 B/s,0 B/s,0 B/s,0 B/s,0 B/s,0 B/s,0 B/s,0 B/s,0 B/s,0 B/s,0 B/s,0 B/s,0 B/s,0 B/s,0 B/s,0 B/s,0 B/s,879 kB/s,0 B/s
2026-02-10 14:29:30,0 B/s,0 B/s,0 B/s,0 B/s,0 B/s,0 B/s,0 B/s,0 B/s,0 B/s,0 B/s,0 B/s,0 B/s,0 B/s,0 B/s,0 B/s,0 B/s,-712 B/s,0 B/s,0 B/s,0 B/s,0 B/s,0 B/s,0 B/s,0 B/s,0 B/s,0 B/s,0 B/s,0 B/s,0 B/s,0 B/s,0 B/s,0 B/s,0 B/s,0 B/s,622 kB/s,0 B/s
2026-02-10 14:30:00,0 B/s,0 B/s,0 B/s,0 B/s,0 B/s,0 B/s,0 B/s,0 B/s,0 B/s,0 B/s,0 B/s,0 B/s,0 B/s,0 B/s,0 B/s,0 B/s,-712 B/s,0 B/s,0 B/s,0 B/s,0 B/s,0 B/s,0 B/s,0 B/s,0 B/s,0 B/s,0 B/s,0 B/s,0 B/s,0 B/s,0 B/s,0 B/s,0 B/s,0 B/s,614 kB/s,0 B/s
2026-02-10 14:30:30,0 B/s,0 B/s,0 B/s,0 B/s,0 B/s,0 B/s,0 B/s,0 B/s,0 B/s,0 B/s,0 B/s,0 B/s,0 B/s,0 B/s,0 B/s,0 B/s,-425 B/s,0 B/s,0 B/s,0 B/s,0 B/s,0 B/s,0 B/s,0 B/s,0 B/s,0 B/s,0 B/s,0 B/s,0 B/s,0 B/s,0 B/s,0 B/s,0 B/s,0 B/s,620 kB/s,0 B/s
2026-02-10 14:31:00,0 B/s,0 B/s,0 B/s,0 B/s,0 B/s,0 B/s,0 B/s,0 B/s,0 B/s,0 B/s,0 B/s,0 B/s,0 B/s,0 B/s,0 B/s,0 B/s,-425 B/s,0 B/s,0 B/s,0 B/s,0 B/s,0 B/s,0 B/s,0 B/s,0 B/s,0 B/s,0 B/s,0 B/s,0 B/s,0 B/s,0 B/s,0 B/s,0 B/s,0 B/s,666 kB/s,0 B/s
2026-02-10 14:31:30,0 B/s,0 B/s,0 B/s,0 B/s,0 B/s,0 B/s,0 B/s,0 B/s,0 B/s,0 B/s,0 B/s,0 B/s,0 B/s,0 B/s,0 B/s,0 B/s,-425 B/s,0 B/s,0 B/s,0 B/s,0 B/s,0 B/s,0 B/s,0 B/s,0 B/s,0 B/s,0 B/s,0 B/s,0 B/s,0 B/s,0 B/s,0 B/s,0 B/s,0 B/s,726 kB/s,0 B/s
2026-02-10 14:32:00,0 B/s,0 B/s,0 B/s,0 B/s,0 B/s,0 B/s,0 B/s,0 B/s,0 B/s,0 B/s,0 B/s,0 B/s,0 B/s,0 B/s,0 B/s,0 B/s,-767 B/s,0 B/s,0 B/s,0 B/s,0 B/s,0 B/s,0 B/s,0 B/s,0 B/s,0 B/s,0 B/s,0 B/s,0 B/s,0 B/s,0 B/s,0 B/s,0 B/s,0 B/s,770 kB/s,0 B/s
2026-02-10 14:32:30,0 B/s,0 B/s,0 B/s,0 B/s,0 B/s,0 B/s,0 B/s,0 B/s,0 B/s,0 B/s,0 B/s,0 B/s,0 B/s,0 B/s,0 B/s,0 B/s,-753 B/s,0 B/s,0 B/s,0 B/s,0 B/s,0 B/s,0 B/s,0 B/s,0 B/s,0 B/s,0 B/s,0 B/s,0 B/s,0 B/s,0 B/s,0 B/s,0 B/s,0 B/s,764 kB/s,0 B/s
2026-02-10 14:33:00,0 B/s,0 B/s,0 B/s,0 B/s,0 B/s,0 B/s,0 B/s,0 B/s,0 B/s,0 B/s,0 B/s,0 B/s,0 B/s,0 B/s,0 B/s,0 B/s,-740 B/s,0 B/s,0 B/s,0 B/s,0 B/s,0 B/s,0 B/s,0 B/s,0 B/s,0 B/s,0 B/s,0 B/s,0 B/s,0 B/s,0 B/s,0 B/s,0 B/s,0 B/s,747 kB/s,0 B/s
2026-02-10 14:33:30,0 B/s,0 B/s,0 B/s,0 B/s,0 B/s,0 B/s,0 B/s,0 B/s,0 B/s,0 B/s,0 B/s,0 B/s,0 B/s,0 B/s,0 B/s,0 B/s,-699 B/s,0 B/s,0 B/s,0 B/s,0 B/s,0 B/s,0 B/s,0 B/s,0 B/s,0 B/s,0 B/s,0 B/s,0 B/s,0 B/s,0 B/s,0 B/s,0 B/s,0 B/s,707 kB/s,0 B/s
2026-02-10 14:34:00,0 B/s,0 B/s,0 B/s,0 B/s,0 B/s,0 B/s,0 B/s,0 B/s,0 B/s,0 B/s,0 B/s,0 B/s,0 B/s,0 B/s,0 B/s,0 B/s,-712 B/s,0 B/s,0 B/s,0 B/s,0 B/s,0 B/s,0 B/s,0 B/s,0 B/s,0 B/s,0 B/s,0 B/s,0 B/s,0 B/s,0 B/s,0 B/s,0 B/s,0 B/s,727 kB/s,0 B/s
2026-02-10 14:34:30,0 B/s,0 B/s,0 B/s,0 B/s,0 B/s,0 B/s,0 B/s,0 B/s,0 B/s,0 B/s,0 B/s,0 B/s,0 B/s,0 B/s,0 B/s,0 B/s,-685 B/s,0 B/s,0 B/s,0 B/s,0 B/s,0 B/s,0 B/s,0 B/s,0 B/s,0 B/s,0 B/s,0 B/s,0 B/s,0 B/s,0 B/s,0 B/s,0 B/s,0 B/s,723 kB/s,0 B/s
2026-02-10 14:35:00,0 B/s,0 B/s,0 B/s,0 B/s,0 B/s,0 B/s,0 B/s,0 B/s,0 B/s,0 B/s,0 B/s,0 B/s,0 B/s,0 B/s,0 B/s,0 B/s,-671 B/s,0 B/s,0 B/s,0 B/s,0 B/s,0 B/s,0 B/s,0 B/s,0 B/s,0 B/s,0 B/s,0 B/s,0 B/s,0 B/s,0 B/s,0 B/s,0 B/s,0 B/s,727 kB/s,0 B/s
2026-02-10 14:35:30,0 B/s,0 B/s,0 B/s,0 B/s,0 B/s,0 B/s,0 B/s,0 B/s,0 B/s,0 B/s,0 B/s,0 B/s,0 B/s,0 B/s,0 B/s,0 B/s,-795 B/s,0 B/s,0 B/s,0 B/s,0 B/s,0 B/s,0 B/s,0 B/s,0 B/s,0 B/s,0 B/s,0 B/s,0 B/s,0 B/s,0 B/s,0 B/s,0 B/s,0 B/s,707 kB/s,0 B/s
2026-02-10 14:36:00,0 B/s,0 B/s,0 B/s,0 B/s,0 B/s,0 B/s,0 B/s,0 B/s,0 B/s,0 B/s,0 B/s,0 B/s,0 B/s,0 B/s,0 B/s,0 B/s,-740 B/s,0 B/s,0 B/s,0 B/s,0 B/s,0 B/s,0 B/s,0 B/s,0 B/s,0 B/s,0 B/s,0 B/s,0 B/s,0 B/s,0 B/s,0 B/s,0 B/s,0 B/s,716 kB/s,0 B/s
2026-02-10 14:36:30,0 B/s,0 B/s,0 B/s,0 B/s,0 B/s,0 B/s,0 B/s,0 B/s,0 B/s,0 B/s,0 B/s,0 B/s,0 B/s,0 B/s,0 B/s,0 B/s,-712 B/s,0 B/s,0 B/s,0 B/s,0 B/s,0 B/s,0 B/s,0 B/s,0 B/s,0 B/s,0 B/s,0 B/s,0 B/s,0 B/s,0 B/s,0 B/s,0 B/s,0 B/s,742 kB/s,0 B/s
2026-02-10 14:37:00,0 B/s,0 B/s,0 B/s,0 B/s,0 B/s,0 B/s,0 B/s,0 B/s,0 B/s,0 B/s,0 B/s,0 B/s,0 B/s,0 B/s,0 B/s,0 B/s,-274 B/s,0 B/s,0 B/s,0 B/s,0 B/s,0 B/s,0 B/s,0 B/s,0 B/s,0 B/s,0 B/s,0 B/s,0 B/s,0 B/s,0 B/s,0 B/s,0 B/s,0 B/s,760 kB/s,0 B/s
2026-02-10 14:37:30,0 B/s,0 B/s,0 B/s,0 B/s,0 B/s,0 B/s,0 B/s,0 B/s,0 B/s,0 B/s,0 B/s,0 B/s,0 B/s,0 B/s,0 B/s,0 B/s,-301 B/s,0 B/s,0 B/s,0 B/s,0 B/s,0 B/s,0 B/s,0 B/s,0 B/s,0 B/s,0 B/s,0 B/s,0 B/s,0 B/s,0 B/s,0 B/s,0 B/s,0 B/s,768 kB/s,0 B/s
2026-02-10 14:38:00,0 B/s,0 B/s,0 B/s,0 B/s,0 B/s,0 B/s,0 B/s,0 B/s,0 B/s,0 B/s,0 B/s,0 B/s,0 B/s,0 B/s,0 B/s,0 B/s,-342 B/s,0 B/s,0 B/s,0 B/s,0 B/s,0 B/s,0 B/s,0 B/s,0 B/s,0 B/s,0 B/s,0 B/s,0 B/s,0 B/s,0 B/s,0 B/s,0 B/s,0 B/s,738 kB/s,0 B/s
2026-02-10 14:38:30,0 B/s,0 B/s,0 B/s,0 B/s,0 B/s,0 B/s,0 B/s,0 B/s,0 B/s,0 B/s,0 B/s,0 B/s,0 B/s,0 B/s,0 B/s,0 B/s,-315 B/s,0 B/s,0 B/s,0 B/s,0 B/s,0 B/s,0 B/s,0 B/s,0 B/s,0 B/s,0 B/s,0 B/s,0 B/s,0 B/s,0 B/s,0 B/s,0 B/s,0 B/s,742 kB/s,0 B/s
2026-02-10 14:39:00,0 B/s,0 B/s,0 B/s,0 B/s,0 B/s,0 B/s,0 B/s,0 B/s,0 B/s,0 B/s,0 B/s,0 B/s,0 B/s,0 B/s,0 B/s,0 B/s,-315 B/s,0 B/s,0 B/s,0 B/s,0 B/s,0 B/s,0 B/s,0 B/s,0 B/s,0 B/s,0 B/s,0 B/s,0 B/s,0 B/s,0 B/s,0 B/s,0 B/s,0 B/s,767 kB/s,0 B/s
2026-02-10 14:39:30,0 B/s,0 B/s,0 B/s,0 B/s,0 B/s,0 B/s,0 B/s,0 B/s,0 B/s,0 B/s,0 B/s,0 B/s,0 B/s,0 B/s,0 B/s,0 B/s,-315 B/s,0 B/s,0 B/s,0 B/s,0 B/s,0 B/s,0 B/s,0 B/s,0 B/s,0 B/s,0 B/s,0 B/s,0 B/s,0 B/s,0 B/s,0 B/s,0 B/s,0 B/s,779 kB/s,0 B/s
2026-02-10 14:40:00,0 B/s,0 B/s,0 B/s,0 B/s,0 B/s,0 B/s,0 B/s,0 B/s,0 B/s,0 B/s,0 B/s,0 B/s,0 B/s,0 B/s,0 B/s,0 B/s,-370 B/s,0 B/s,0 B/s,0 B/s,0 B/s,0 B/s,0 B/s,0 B/s,0 B/s,0 B/s,0 B/s,0 B/s,0 B/s,0 B/s,0 B/s,0 B/s,0 B/s,0 B/s,755 kB/s,0 B/s
2026-02-10 14:40:30,0 B/s,0 B/s,0 B/s,0 B/s,0 B/s,0 B/s,0 B/s,0 B/s,0 B/s,0 B/s,0 B/s,0 B/s,0 B/s,0 B/s,0 B/s,0 B/s,-219 B/s,0 B/s,0 B/s,0 B/s,0 B/s,0 B/s,0 B/s,0 B/s,0 B/s,0 B/s,0 B/s,0 B/s,0 B/s,0 B/s,0 B/s,0 B/s,0 B/s,0 B/s,785 kB/s,0 B/s
2026-02-10 14:41:00,0 B/s,0 B/s,0 B/s,0 B/s,0 B/s,0 B/s,0 B/s,0 B/s,0 B/s,0 B/s,0 B/s,0 B/s,0 B/s,0 B/s,0 B/s,0 B/s,-219 B/s,0 B/s,0 B/s,0 B/s,0 B/s,0 B/s,0 B/s,0 B/s,0 B/s,0 B/s,0 B/s,0 B/s,0 B/s,0 B/s,0 B/s,0 B/s,0 B/s,0 B/s,779 kB/s,0 B/s
2026-02-10 14:41:30,0 B/s,0 B/s,0 B/s,0 B/s,0 B/s,0 B/s,0 B/s,0 B/s,0 B/s,0 B/s,0 B/s,0 B/s,0 B/s,0 B/s,0 B/s,0 B/s,-219 B/s,0 B/s,0 B/s,0 B/s,0 B/s,0 B/s,0 B/s,0 B/s,0 B/s,0 B/s,0 B/s,0 B/s,0 B/s,0 B/s,0 B/s,0 B/s,0 B/s,0 B/s,785 kB/s,0 B/s
2026-02-10 14:42:00,0 B/s,0 B/s,0 B/s,0 B/s,0 B/s,0 B/s,0 B/s,0 B/s,0 B/s,0 B/s,0 B/s,0 B/s,0 B/s,0 B/s,0 B/s,0 B/s,-164 B/s,0 B/s,0 B/s,0 B/s,0 B/s,0 B/s,0 B/s,0 B/s,0 B/s,0 B/s,0 B/s,0 B/s,0 B/s,0 B/s,0 B/s,0 B/s,0 B/s,0 B/s,777 kB/s,0 B/s
2026-02-10 14:42:30,0 B/s,0 B/s,0 B/s,0 B/s,0 B/s,0 B/s,0 B/s,0 B/s,0 B/s,0 B/s,0 B/s,0 B/s,0 B/s,0 B/s,0 B/s,0 B/s,-151 B/s,0 B/s,0 B/s,0 B/s,0 B/s,0 B/s,0 B/s,0 B/s,0 B/s,0 B/s,0 B/s,0 B/s,0 B/s,0 B/s,0 B/s,0 B/s,0 B/s,0 B/s,783 kB/s,0 B/s
2026-02-10 14:43:00,0 B/s,0 B/s,0 B/s,0 B/s,0 B/s,0 B/s,0 B/s,0 B/s,0 B/s,0 B/s,0 B/s,0 B/s,0 B/s,0 B/s,0 B/s,0 B/s,-260 B/s,0 B/s,0 B/s,0 B/s,0 B/s,0 B/s,0 B/s,0 B/s,0 B/s,0 B/s,0 B/s,0 B/s,0 B/s,0 B/s,0 B/s,0 B/s,0 B/s,0 B/s,811 kB/s,0 B/s
2026-02-10 14:43:30,0 B/s,0 B/s,0 B/s,0 B/s,0 B/s,0 B/s,0 B/s,0 B/s,0 B/s,0 B/s,0 B/s,0 B/s,0 B/s,0 B/s,0 B/s,0 B/s,-339 kB/s,0 B/s,0 B/s,0 B/s,0 B/s,0 B/s,0 B/s,0 B/s,0 B/s,0 B/s,0 B/s,0 B/s,0 B/s,0 B/s,0 B/s,0 B/s,0 B/s,0 B/s,2.79 MB/s,0 B/s
2026-02-10 14:44:00,0 B/s,0 B/s,0 B/s,0 B/s,0 B/s,0 B/s,0 B/s,0 B/s,0 B/s,0 B/s,0 B/s,0 B/s,0 B/s,0 B/s,0 B/s,0 B/s,-1.62 MB/s,0 B/s,0 B/s,0 B/s,0 B/s,0 B/s,0 B/s,0 B/s,0 B/s,0 B/s,0 B/s,0 B/s,0 B/s,0 B/s,0 B/s,0 B/s,0 B/s,0 B/s,10.6 MB/s,0 B/s
2026-02-10 14:44:30,0 B/s,0 B/s,0 B/s,0 B/s,0 B/s,0 B/s,0 B/s,0 B/s,0 B/s,0 B/s,0 B/s,0 B/s,0 B/s,0 B/s,0 B/s,0 B/s,-1.62 MB/s,0 B/s,0 B/s,0 B/s,0 B/s,0 B/s,0 B/s,0 B/s,0 B/s,0 B/s,0 B/s,0 B/s,0 B/s,0 B/s,0 B/s,0 B/s,0 B/s,0 B/s,10.6 MB/s,0 B/s
2026-02-10 14:45:00,0 B/s,0 B/s,0 B/s,0 B/s,0 B/s,0 B/s,0 B/s,0 B/s,0 B/s,0 B/s,0 B/s,0 B/s,0 B/s,0 B/s,0 B/s,0 B/s,-1.62 MB/s,0 B/s,0 B/s,0 B/s,0 B/s,0 B/s,0 B/s,0 B/s,0 B/s,0 B/s,0 B/s,0 B/s,0 B/s,0 B/s,0 B/s,0 B/s,0 B/s,0 B/s,10.6 MB/s,0 B/s
2026-02-10 14:45:30,0 B/s,0 B/s,0 B/s,0 B/s,0 B/s,0 B/s,0 B/s,0 B/s,0 B/s,0 B/s,0 B/s,0 B/s,0 B/s,0 B/s,0 B/s,0 B/s,-1.62 MB/s,0 B/s,0 B/s,0 B/s,0 B/s,0 B/s,0 B/s,0 B/s,0 B/s,0 B/s,0 B/s,0 B/s,0 B/s,0 B/s,0 B/s,0 B/s,0 B/s,0 B/s,10.6 MB/s,0 B/s
2026-02-10 14:46:00,0 B/s,0 B/s,0 B/s,0 B/s,0 B/s,0 B/s,0 B/s,0 B/s,0 B/s,0 B/s,0 B/s,0 B/s,0 B/s,0 B/s,0 B/s,0 B/s,-1.62 MB/s,0 B/s,0 B/s,0 B/s,0 B/s,0 B/s,0 B/s,0 B/s,0 B/s,0 B/s,0 B/s,0 B/s,0 B/s,0 B/s,0 B/s,0 B/s,0 B/s,0 B/s,10.6 MB/s,0 B/s
2026-02-10 14:46:30,0 B/s,0 B/s,0 B/s,0 B/s,0 B/s,0 B/s,0 B/s,0 B/s,0 B/s,0 B/s,0 B/s,0 B/s,0 B/s,0 B/s,0 B/s,0 B/s,-1.62 MB/s,0 B/s,0 B/s,0 B/s,0 B/s,0 B/s,0 B/s,0 B/s,0 B/s,0 B/s,0 B/s,0 B/s,0 B/s,0 B/s,0 B/s,0 B/s,0 B/s,0 B/s,10.6 MB/s,0 B/s
2026-02-10 14:47:00,0 B/s,0 B/s,0 B/s,0 B/s,0 B/s,0 B/s,0 B/s,0 B/s,0 B/s,0 B/s,0 B/s,0 B/s,0 B/s,0 B/s,0 B/s,0 B/s,-1.62 MB/s,0 B/s,0 B/s,0 B/s,0 B/s,0 B/s,0 B/s,0 B/s,0 B/s,0 B/s,0 B/s,0 B/s,0 B/s,0 B/s,0 B/s,0 B/s,0 B/s,0 B/s,10.6 MB/s,0 B/s
2026-02-10 14:47:30,0 B/s,0 B/s,0 B/s,0 B/s,0 B/s,0 B/s,0 B/s,0 B/s,0 B/s,0 B/s,0 B/s,0 B/s,0 B/s,0 B/s,0 B/s,0 B/s,-1.63 MB/s,0 B/s,0 B/s,0 B/s,0 B/s,0 B/s,0 B/s,0 B/s,0 B/s,0 B/s,0 B/s,0 B/s,0 B/s,0 B/s,0 B/s,0 B/s,0 B/s,0 B/s,10.7 MB/s,0 B/s
2026-02-10 14:48:00,0 B/s,0 B/s,0 B/s,0 B/s,0 B/s,0 B/s,0 B/s,0 B/s,0 B/s,0 B/s,0 B/s,0 B/s,0 B/s,0 B/s,0 B/s,0 B/s,-1.63 MB/s,0 B/s,0 B/s,0 B/s,0 B/s,0 B/s,0 B/s,0 B/s,0 B/s,0 B/s,0 B/s,0 B/s,0 B/s,0 B/s,0 B/s,0 B/s,0 B/s,0 B/s,10.7 MB/s,0 B/s
2026-02-10 14:48:30,0 B/s,0 B/s,0 B/s,0 B/s,0 B/s,0 B/s,0 B/s,0 B/s,0 B/s,0 B/s,0 B/s,0 B/s,0 B/s,0 B/s,0 B/s,0 B/s,-1.29 MB/s,0 B/s,0 B/s,0 B/s,0 B/s,0 B/s,0 B/s,0 B/s,0 B/s,0 B/s,0 B/s,0 B/s,0 B/s,0 B/s,0 B/s,0 B/s,0 B/s,0 B/s,8.61 MB/s,0 B/s
2026-02-10 14:49:00,0 B/s,0 B/s,0 B/s,0 B/s,0 B/s,0 B/s,0 B/s,0 B/s,0 B/s,0 B/s,0 B/s,0 B/s,0 B/s,0 B/s,0 B/s,0 B/s,-3.53 kB/s,0 B/s,0 B/s,0 B/s,0 B/s,0 B/s,0 B/s,0 B/s,0 B/s,0 B/s,0 B/s,0 B/s,0 B/s,0 B/s,0 B/s,0 B/s,0 B/s,0 B/s,661 kB/s,0 B/s
2026-02-10 14:49:30,0 B/s,0 B/s,0 B/s,0 B/s,0 B/s,0 B/s,0 B/s,0 B/s,0 B/s,0 B/s,0 B/s,0 B/s,0 B/s,0 B/s,0 B/s,0 B/s,-3.08 kB/s,0 B/s,0 B/s,0 B/s,0 B/s,0 B/s,0 B/s,0 B/s,0 B/s,0 B/s,0 B/s,0 B/s,0 B/s,0 B/s,0 B/s,0 B/s,0 B/s,0 B/s,632 kB/s,0 B/s
2026-02-10 14:50:00,0 B/s,0 B/s,0 B/s,0 B/s,0 B/s,0 B/s,0 B/s,0 B/s,0 B/s,0 B/s,0 B/s,0 B/s,0 B/s,0 B/s,0 B/s,0 B/s,-2.52 kB/s,0 B/s,0 B/s,0 B/s,0 B/s,0 B/s,0 B/s,0 B/s,0 B/s,0 B/s,0 B/s,0 B/s,0 B/s,0 B/s,0 B/s,0 B/s,0 B/s,0 B/s,553 kB/s,0 B/s
2026-02-10 14:50:30,0 B/s,0 B/s,0 B/s,0 B/s,0 B/s,0 B/s,0 B/s,0 B/s,0 B/s,0 B/s,0 B/s,0 B/s,0 B/s,0 B/s,0 B/s,0 B/s,-2.23 kB/s,0 B/s,0 B/s,0 B/s,0 B/s,0 B/s,0 B/s,0 B/s,0 B/s,0 B/s,0 B/s,0 B/s,0 B/s,0 B/s,0 B/s,0 B/s,0 B/s,0 B/s,496 kB/s,0 B/s
2026-02-10 14:51:00,0 B/s,0 B/s,0 B/s,0 B/s,0 B/s,0 B/s,0 B/s,0 B/s,0 B/s,0 B/s,0 B/s,0 B/s,0 B/s,0 B/s,0 B/s,0 B/s,-2.10 kB/s,0 B/s,0 B/s,0 B/s,0 B/s,0 B/s,0 B/s,0 B/s,0 B/s,0 B/s,0 B/s,0 B/s,0 B/s,0 B/s,0 B/s,0 B/s,0 B/s,0 B/s,427 kB/s,0 B/s
2026-02-10 14:51:30,0 B/s,0 B/s,0 B/s,0 B/s,0 B/s,0 B/s,0 B/s,0 B/s,0 B/s,0 B/s,0 B/s,0 B/s,0 B/s,0 B/s,0 B/s,0 B/s,-2.16 kB/s,0 B/s,0 B/s,0 B/s,0 B/s,0 B/s,0 B/s,0 B/s,0 B/s,0 B/s,0 B/s,0 B/s,0 B/s,0 B/s,0 B/s,0 B/s,0 B/s,0 B/s,363 kB/s,0 B/s
2026-02-10 14:52:00,0 B/s,0 B/s,0 B/s,0 B/s,0 B/s,0 B/s,0 B/s,0 B/s,0 B/s,0 B/s,0 B/s,0 B/s,0 B/s,0 B/s,0 B/s,0 B/s,-1.56 kB/s,0 B/s,0 B/s,0 B/s,0 B/s,0 B/s,0 B/s,0 B/s,0 B/s,0 B/s,0 B/s,0 B/s,0 B/s,0 B/s,0 B/s,0 B/s,0 B/s,0 B/s,309 kB/s,0 B/s
2026-02-10 14:52:30,0 B/s,0 B/s,0 B/s,0 B/s,0 B/s,0 B/s,0 B/s,0 B/s,0 B/s,0 B/s,0 B/s,0 B/s,0 B/s,0 B/s,0 B/s,0 B/s,-1.44 kB/s,0 B/s,0 B/s,0 B/s,0 B/s,0 B/s,0 B/s,0 B/s,0 B/s,0 B/s,0 B/s,0 B/s,0 B/s,0 B/s,0 B/s,0 B/s,0 B/s,0 B/s,258 kB/s,0 B/s
2026-02-10 14:53:00,0 B/s,0 B/s,0 B/s,0 B/s,0 B/s,0 B/s,0 B/s,0 B/s,0 B/s,0 B/s,0 B/s,0 B/s,0 B/s,0 B/s,0 B/s,0 B/s,-1.58 kB/s,0 B/s,0 B/s,0 B/s,0 B/s,0 B/s,0 B/s,0 B/s,0 B/s,0 B/s,0 B/s,0 B/s,0 B/s,0 B/s,0 B/s,0 B/s,0 B/s,0 B/s,216 kB/s,0 B/s
2026-02-10 14:53:30,0 B/s,0 B/s,0 B/s,0 B/s,0 B/s,0 B/s,0 B/s,0 B/s,0 B/s,0 B/s,0 B/s,0 B/s,0 B/s,0 B/s,0 B/s,0 B/s,-1.68 kB/s,0 B/s,0 B/s,0 B/s,0 B/s,0 B/s,0 B/s,0 B/s,0 B/s,0 B/s,0 B/s,0 B/s,0 B/s,0 B/s,0 B/s,0 B/s,0 B/s,0 B/s,256 kB/s,0 B/s
2026-02-10 14:54:00,0 B/s,0 B/s,0 B/s,0 B/s,0 B/s,0 B/s,0 B/s,0 B/s,0 B/s,0 B/s,0 B/s,0 B/s,0 B/s,0 B/s,0 B/s,0 B/s,-2.00 kB/s,0 B/s,0 B/s,0 B/s,0 B/s,0 B/s,0 B/s,0 B/s,0 B/s,0 B/s,0 B/s,0 B/s,0 B/s,0 B/s,0 B/s,0 B/s,0 B/s,0 B/s,323 kB/s,0 B/s
2026-02-10 14:54:30,0 B/s,0 B/s,0 B/s,0 B/s,0 B/s,0 B/s,0 B/s,0 B/s,0 B/s,0 B/s,0 B/s,0 B/s,0 B/s,0 B/s,0 B/s,0 B/s,-1.82 kB/s,0 B/s,0 B/s,0 B/s,0 B/s,0 B/s,0 B/s,0 B/s,0 B/s,0 B/s,0 B/s,0 B/s,0 B/s,0 B/s,0 B/s,0 B/s,0 B/s,0 B/s,406 kB/s,0 B/s
2026-02-10 14:55:00,0 B/s,0 B/s,0 B/s,0 B/s,0 B/s,0 B/s,0 B/s,0 B/s,0 B/s,0 B/s,0 B/s,0 B/s,0 B/s,0 B/s,0 B/s,0 B/s,-2.60 kB/s,-164 B/s,0 B/s,0 B/s,0 B/s,0 B/s,0 B/s,0 B/s,0 B/s,0 B/s,0 B/s,0 B/s,0 B/s,0 B/s,0 B/s,0 B/s,0 B/s,0 B/s,478 kB/s,0 B/s
2026-02-10 14:55:30,0 B/s,0 B/s,0 B/s,0 B/s,0 B/s,0 B/s,0 B/s,0 B/s,0 B/s,0 B/s,0 B/s,0 B/s,0 B/s,0 B/s,0 B/s,0 B/s,-2.49 kB/s,-164 B/s,0 B/s,0 B/s,0 B/s,0 B/s,0 B/s,0 B/s,0 B/s,0 B/s,0 B/s,0 B/s,0 B/s,0 B/s,0 B/s,0 B/s,0 B/s,0 B/s,533 kB/s,0 B/s
2026-02-10 14:56:00,0 B/s,0 B/s,0 B/s,0 B/s,0 B/s,0 B/s,0 B/s,0 B/s,0 B/s,0 B/s,0 B/s,0 B/s,0 B/s,0 B/s,0 B/s,0 B/s,-2.79 kB/s,-164 B/s,0 B/s,0 B/s,0 B/s,0 B/s,0 B/s,0 B/s,0 B/s,0 B/s,0 B/s,0 B/s,0 B/s,0 B/s,0 B/s,0 B/s,0 B/s,0 B/s,609 kB/s,0 B/s
2026-02-10 14:56:30,0 B/s,0 B/s,0 B/s,0 B/s,0 B/s,0 B/s,0 B/s,0 B/s,0 B/s,0 B/s,0 B/s,0 B/s,0 B/s,0 B/s,0 B/s,0 B/s,-2.95 kB/s,-164 B/s,0 B/s,0 B/s,0 B/s,0 B/s,0 B/s,0 B/s,0 B/s,0 B/s,0 B/s,0 B/s,0 B/s,0 B/s,0 B/s,0 B/s,0 B/s,0 B/s,671 kB/s,0 B/s
2026-02-10 14:57:00,0 B/s,0 B/s,0 B/s,0 B/s,0 B/s,0 B/s,0 B/s,0 B/s,0 B/s,0 B/s,0 B/s,0 B/s,0 B/s,0 B/s,0 B/s,0 B/s,-2.89 kB/s,-164 B/s,0 B/s,0 B/s,0 B/s,0 B/s,0 B/s,0 B/s,0 B/s,0 B/s,0 B/s,0 B/s,0 B/s,0 B/s,0 B/s,0 B/s,0 B/s,0 B/s,713 kB/s,0 B/s
2026-02-10 14:57:30,0 B/s,0 B/s,0 B/s,0 B/s,0 B/s,0 B/s,0 B/s,0 B/s,0 B/s,0 B/s,0 B/s,0 B/s,0 B/s,0 B/s,0 B/s,0 B/s,-2.62 kB/s,-164 B/s,0 B/s,0 B/s,0 B/s,0 B/s,0 B/s,0 B/s,0 B/s,0 B/s,0 B/s,0 B/s,0 B/s,0 B/s,0 B/s,0 B/s,0 B/s,0 B/s,765 kB/s,0 B/s
2026-02-10 14:58:00,0 B/s,0 B/s,0 B/s,0 B/s,0 B/s,0 B/s,0 B/s,0 B/s,0 B/s,0 B/s,0 B/s,0 B/s,0 B/s,0 B/s,0 B/s,0 B/s,-2.53 kB/s,-164 B/s,0 B/s,0 B/s,0 B/s,0 B/s,0 B/s,0 B/s,0 B/s,0 B/s,0 B/s,0 B/s,0 B/s,0 B/s,0 B/s,0 B/s,0 B/s,0 B/s,796 kB/s,0 B/s
2026-02-10 14:58:30,0 B/s,0 B/s,0 B/s,0 B/s,0 B/s,0 B/s,0 B/s,0 B/s,0 B/s,0 B/s,0 B/s,0 B/s,0 B/s,0 B/s,0 B/s,0 B/s,-2.70 kB/s,-164 B/s,0 B/s,0 B/s,0 B/s,0 B/s,0 B/s,0 B/s,0 B/s,0 B/s,0 B/s,0 B/s,0 B/s,0 B/s,0 B/s,0 B/s,0 B/s,0 B/s,776 kB/s,0 B/s
2026-02-10 14:59:00,0 B/s,0 B/s,0 B/s,0 B/s,0 B/s,0 B/s,0 B/s,0 B/s,0 B/s,0 B/s,0 B/s,0 B/s,0 B/s,0 B/s,0 B/s,0 B/s,-2.48 kB/s,-164 B/s,0 B/s,0 B/s,0 B/s,0 B/s,0 B/s,0 B/s,0 B/s,0 B/s,0 B/s,0 B/s,0 B/s,0 B/s,0 B/s,0 B/s,0 B/s,0 B/s,761 kB/s,0 B/s
2026-02-10 14:59:30,0 B/s,0 B/s,0 B/s,0 B/s,0 B/s,0 B/s,0 B/s,0 B/s,0 B/s,0 B/s,0 B/s,0 B/s,0 B/s,0 B/s,0 B/s,0 B/s,-2.49 kB/s,-164 B/s,0 B/s,0 B/s,0 B/s,0 B/s,0 B/s,0 B/s,0 B/s,0 B/s,0 B/s,0 B/s,0 B/s,0 B/s,0 B/s,0 B/s,0 B/s,0 B/s,748 kB/s,0 B/s
2026-02-10 15:00:00,0 B/s,0 B/s,0 B/s,0 B/s,0 B/s,0 B/s,0 B/s,0 B/s,0 B/s,0 B/s,0 B/s,0 B/s,0 B/s,0 B/s,0 B/s,0 B/s,-1.92 kB/s,0 B/s,0 B/s,0 B/s,0 B/s,0 B/s,0 B/s,0 B/s,0 B/s,0 B/s,0 B/s,0 B/s,0 B/s,0 B/s,0 B/s,0 B/s,0 B/s,0 B/s,727 kB/s,0 B/s
2026-02-10 15:00:30,0 B/s,0 B/s,0 B/s,0 B/s,0 B/s,0 B/s,0 B/s,0 B/s,0 B/s,0 B/s,0 B/s,0 B/s,0 B/s,0 B/s,0 B/s,0 B/s,-1.85 kB/s,0 B/s,0 B/s,0 B/s,0 B/s,0 B/s,0 B/s,0 B/s,0 B/s,0 B/s,0 B/s,0 B/s,0 B/s,0 B/s,0 B/s,0 B/s,0 B/s,0 B/s,730 kB/s,0 B/s
2026-02-10 15:01:00,0 B/s,0 B/s,0 B/s,0 B/s,0 B/s,0 B/s,0 B/s,0 B/s,0 B/s,0 B/s,0 B/s,0 B/s,0 B/s,0 B/s,0 B/s,0 B/s,-1.58 kB/s,0 B/s,0 B/s,0 B/s,0 B/s,0 B/s,0 B/s,0 B/s,0 B/s,0 B/s,0 B/s,0 B/s,0 B/s,0 B/s,0 B/s,0 B/s,0 B/s,0 B/s,741 kB/s,0 B/s
2026-02-10 15:01:30,0 B/s,0 B/s,0 B/s,0 B/s,0 B/s,0 B/s,0 B/s,0 B/s,0 B/s,0 B/s,0 B/s,0 B/s,0 B/s,0 B/s,0 B/s,0 B/s,-1.62 kB/s,0 B/s,0 B/s,0 B/s,0 B/s,0 B/s,0 B/s,0 B/s,0 B/s,0 B/s,0 B/s,0 B/s,0 B/s,0 B/s,0 B/s,0 B/s,0 B/s,0 B/s,707 kB/s,0 B/s
2026-02-10 15:02:00,0 B/s,0 B/s,0 B/s,0 B/s,0 B/s,0 B/s,0 B/s,0 B/s,0 B/s,0 B/s,0 B/s,0 B/s,0 B/s,0 B/s,0 B/s,0 B/s,-1.75 kB/s,0 B/s,0 B/s,0 B/s,0 B/s,0 B/s,0 B/s,0 B/s,0 B/s,0 B/s,0 B/s,0 B/s,0 B/s,0 B/s,0 B/s,0 B/s,0 B/s,0 B/s,702 kB/s,0 B/s
2026-02-10 15:02:30,0 B/s,0 B/s,0 B/s,0 B/s,0 B/s,0 B/s,0 B/s,0 B/s,0 B/s,0 B/s,0 B/s,0 B/s,0 B/s,0 B/s,0 B/s,0 B/s,-1.89 kB/s,0 B/s,0 B/s,0 B/s,0 B/s,0 B/s,0 B/s,0 B/s,0 B/s,0 B/s,0 B/s,0 B/s,0 B/s,0 B/s,0 B/s,0 B/s,0 B/s,0 B/s,710 kB/s,0 B/s
2026-02-10 15:03:00,0 B/s,0 B/s,0 B/s,0 B/s,0 B/s,0 B/s,0 B/s,0 B/s,0 B/s,0 B/s,0 B/s,0 B/s,0 B/s,0 B/s,0 B/s,0 B/s,-1.97 kB/s,0 B/s,0 B/s,0 B/s,0 B/s,0 B/s,0 B/s,0 B/s,0 B/s,0 B/s,0 B/s,0 B/s,0 B/s,0 B/s,0 B/s,0 B/s,0 B/s,0 B/s,725 kB/s,0 B/s
2026-02-10 15:03:30,0 B/s,0 B/s,0 B/s,0 B/s,0 B/s,0 B/s,0 B/s,0 B/s,0 B/s,0 B/s,0 B/s,0 B/s,0 B/s,0 B/s,0 B/s,0 B/s,-2.01 kB/s,0 B/s,0 B/s,0 B/s,0 B/s,0 B/s,0 B/s,0 B/s,0 B/s,0 B/s,0 B/s,0 B/s,0 B/s,0 B/s,0 B/s,0 B/s,0 B/s,0 B/s,776 kB/s,0 B/s
2026-02-10 15:04:00,0 B/s,0 B/s,0 B/s,0 B/s,0 B/s,0 B/s,0 B/s,0 B/s,0 B/s,0 B/s,0 B/s,0 B/s,0 B/s,0 B/s,0 B/s,0 B/s,-2.63 kB/s,0 B/s,0 B/s,0 B/s,0 B/s,0 B/s,0 B/s,0 B/s,0 B/s,0 B/s,0 B/s,0 B/s,0 B/s,0 B/s,0 B/s,0 B/s,0 B/s,0 B/s,772 kB/s,0 B/s
2026-02-10 15:04:30,0 B/s,0 B/s,0 B/s,0 B/s,0 B/s,0 B/s,0 B/s,0 B/s,0 B/s,0 B/s,0 B/s,0 B/s,0 B/s,0 B/s,0 B/s,0 B/s,-2.52 kB/s,0 B/s,0 B/s,0 B/s,0 B/s,0 B/s,0 B/s,0 B/s,0 B/s,0 B/s,0 B/s,0 B/s,0 B/s,0 B/s,0 B/s,0 B/s,0 B/s,0 B/s,763 kB/s,0 B/s
2026-02-10 15:05:00,0 B/s,0 B/s,0 B/s,0 B/s,0 B/s,0 B/s,0 B/s,0 B/s,0 B/s,0 B/s,0 B/s,0 B/s,0 B/s,0 B/s,0 B/s,0 B/s,-2.68 kB/s,0 B/s,0 B/s,0 B/s,0 B/s,0 B/s,0 B/s,0 B/s,0 B/s,0 B/s,0 B/s,0 B/s,0 B/s,0 B/s,0 B/s,0 B/s,0 B/s,0 B/s,773 kB/s,0 B/s
2026-02-10 15:05:30,0 B/s,0 B/s,0 B/s,0 B/s,0 B/s,0 B/s,0 B/s,0 B/s,0 B/s,0 B/s,0 B/s,0 B/s,0 B/s,0 B/s,0 B/s,0 B/s,-2.92 kB/s,0 B/s,0 B/s,0 B/s,0 B/s,0 B/s,0 B/s,0 B/s,0 B/s,0 B/s,0 B/s,0 B/s,0 B/s,0 B/s,0 B/s,0 B/s,0 B/s,0 B/s,854 kB/s,0 B/s
2026-02-10 15:06:00,0 B/s,0 B/s,0 B/s,0 B/s,0 B/s,0 B/s,0 B/s,0 B/s,0 B/s,0 B/s,0 B/s,0 B/s,0 B/s,0 B/s,0 B/s,0 B/s,-3.55 kB/s,0 B/s,0 B/s,0 B/s,0 B/s,0 B/s,0 B/s,0 B/s,0 B/s,0 B/s,0 B/s,0 B/s,0 B/s,0 B/s,0 B/s,0 B/s,0 B/s,0 B/s,1.10 MB/s,0 B/s
2026-02-10 15:06:30,0 B/s,0 B/s,0 B/s,0 B/s,0 B/s,0 B/s,0 B/s,0 B/s,0 B/s,0 B/s,0 B/s,0 B/s,0 B/s,0 B/s,0 B/s,0 B/s,-3.74 kB/s,0 B/s,0 B/s,0 B/s,0 B/s,0 B/s,0 B/s,0 B/s,0 B/s,0 B/s,0 B/s,0 B/s,0 B/s,0 B/s,0 B/s,0 B/s,0 B/s,0 B/s,1.41 MB/s,0 B/s
2026-02-10 15:07:00,0 B/s,0 B/s,0 B/s,0 B/s,0 B/s,0 B/s,0 B/s,0 B/s,0 B/s,0 B/s,0 B/s,0 B/s,0 B/s,0 B/s,0 B/s,0 B/s,-3.44 kB/s,0 B/s,0 B/s,0 B/s,0 B/s,0 B/s,0 B/s,0 B/s,0 B/s,0 B/s,0 B/s,0 B/s,0 B/s,0 B/s,0 B/s,0 B/s,0 B/s,0 B/s,1.44 MB/s,0 B/s
2026-02-10 15:07:30,0 B/s,0 B/s,0 B/s,0 B/s,0 B/s,0 B/s,0 B/s,0 B/s,0 B/s,0 B/s,0 B/s,0 B/s,0 B/s,0 B/s,0 B/s,0 B/s,-3.19 kB/s,0 B/s,0 B/s,0 B/s,0 B/s,0 B/s,0 B/s,0 B/s,0 B/s,0 B/s,0 B/s,0 B/s,0 B/s,0 B/s,0 B/s,0 B/s,0 B/s,0 B/s,1.43 MB/s,0 B/s
2026-02-10 15:08:00,0 B/s,0 B/s,0 B/s,0 B/s,0 B/s,0 B/s,0 B/s,0 B/s,0 B/s,0 B/s,0 B/s,0 B/s,0 B/s,0 B/s,0 B/s,0 B/s,-2.99 kB/s,0 B/s,0 B/s,0 B/s,0 B/s,0 B/s,0 B/s,0 B/s,0 B/s,0 B/s,0 B/s,0 B/s,0 B/s,0 B/s,0 B/s,0 B/s,0 B/s,0 B/s,1.42 MB/s,0 B/s
2026-02-10 15:08:30,0 B/s,0 B/s,0 B/s,0 B/s,0 B/s,0 B/s,0 B/s,0 B/s,0 B/s,0 B/s,0 B/s,0 B/s,0 B/s,0 B/s,0 B/s,0 B/s,-2.85 kB/s,0 B/s,0 B/s,0 B/s,0 B/s,0 B/s,0 B/s,0 B/s,0 B/s,0 B/s,0 B/s,0 B/s,0 B/s,0 B/s,0 B/s,0 B/s,0 B/s,0 B/s,1.42 MB/s,0 B/s
2026-02-10 15:09:00,0 B/s,0 B/s,0 B/s,0 B/s,0 B/s,0 B/s,0 B/s,0 B/s,0 B/s,0 B/s,0 B/s,0 B/s,0 B/s,0 B/s,0 B/s,0 B/s,-2.26 kB/s,0 B/s,0 B/s,0 B/s,0 B/s,0 B/s,0 B/s,0 B/s,0 B/s,0 B/s,0 B/s,0 B/s,0 B/s,0 B/s,0 B/s,0 B/s,0 B/s,0 B/s,1.44 MB/s,0 B/s
2026-02-10 15:09:30,0 B/s,0 B/s,0 B/s,0 B/s,0 B/s,0 B/s,0 B/s,0 B/s,0 B/s,0 B/s,0 B/s,0 B/s,0 B/s,0 B/s,0 B/s,0 B/s,-2.62 kB/s,0 B/s,0 B/s,0 B/s,0 B/s,0 B/s,0 B/s,0 B/s,0 B/s,0 B/s,0 B/s,0 B/s,0 B/s,0 B/s,0 B/s,0 B/s,0 B/s,0 B/s,1.38 MB/s,0 B/s
2026-02-10 15:10:00,0 B/s,0 B/s,0 B/s,0 B/s,0 B/s,0 B/s,0 B/s,0 B/s,0 B/s,0 B/s,0 B/s,0 B/s,0 B/s,0 B/s,0 B/s,0 B/s,-2.32 kB/s,0 B/s,0 B/s,0 B/s,0 B/s,0 B/s,0 B/s,0 B/s,0 B/s,0 B/s,0 B/s,0 B/s,0 B/s,0 B/s,0 B/s,0 B/s,0 B/s,0 B/s,1.36 MB/s,0 B/s
2026-02-10 15:10:30,0 B/s,0 B/s,0 B/s,0 B/s,0 B/s,0 B/s,0 B/s,0 B/s,0 B/s,0 B/s,0 B/s,0 B/s,0 B/s,0 B/s,0 B/s,0 B/s,-2.05 kB/s,0 B/s,0 B/s,0 B/s,0 B/s,0 B/s,0 B/s,0 B/s,0 B/s,0 B/s,0 B/s,0 B/s,0 B/s,0 B/s,0 B/s,0 B/s,0 B/s,0 B/s,1.28 MB/s,0 B/s
2026-02-10 15:11:00,0 B/s,0 B/s,0 B/s,0 B/s,0 B/s,0 B/s,0 B/s,0 B/s,0 B/s,0 B/s,0 B/s,0 B/s,0 B/s,0 B/s,0 B/s,0 B/s,-1.67 kB/s,0 B/s,0 B/s,0 B/s,0 B/s,0 B/s,0 B/s,0 B/s,0 B/s,0 B/s,0 B/s,0 B/s,0 B/s,0 B/s,0 B/s,0 B/s,0 B/s,0 B/s,1.02 MB/s,0 B/s
2026-02-10 15:11:30,0 B/s,0 B/s,0 B/s,0 B/s,0 B/s,0 B/s,0 B/s,0 B/s,0 B/s,0 B/s,0 B/s,0 B/s,0 B/s,0 B/s,0 B/s,0 B/s,-1.48 kB/s,0 B/s,0 B/s,0 B/s,0 B/s,0 B/s,0 B/s,0 B/s,0 B/s,0 B/s,0 B/s,0 B/s,0 B/s,0 B/s,0 B/s,0 B/s,0 B/s,0 B/s,681 kB/s,0 B/s
2026-02-10 15:12:00,0 B/s,0 B/s,0 B/s,0 B/s,0 B/s,0 B/s,0 B/s,0 B/s,0 B/s,0 B/s,0 B/s,0 B/s,0 B/s,0 B/s,0 B/s,0 B/s,-1.92 kB/s,0 B/s,0 B/s,0 B/s,0 B/s,0 B/s,0 B/s,0 B/s,0 B/s,0 B/s,0 B/s,0 B/s,0 B/s,0 B/s,0 B/s,0 B/s,0 B/s,0 B/s,687 kB/s,0 B/s
2026-02-10 15:12:30,0 B/s,0 B/s,0 B/s,0 B/s,0 B/s,0 B/s,0 B/s,0 B/s,0 B/s,0 B/s,0 B/s,0 B/s,0 B/s,0 B/s,0 B/s,0 B/s,-2.01 kB/s,0 B/s,0 B/s,0 B/s,0 B/s,0 B/s,0 B/s,0 B/s,0 B/s,0 B/s,0 B/s,0 B/s,0 B/s,0 B/s,0 B/s,0 B/s,0 B/s,0 B/s,695 kB/s,0 B/s
2026-02-10 15:13:00,0 B/s,0 B/s,0 B/s,0 B/s,0 B/s,0 B/s,0 B/s,0 B/s,0 B/s,0 B/s,0 B/s,0 B/s,0 B/s,0 B/s,0 B/s,0 B/s,-2.05 kB/s,0 B/s,0 B/s,0 B/s,0 B/s,0 B/s,0 B/s,0 B/s,0 B/s,0 B/s,0 B/s,0 B/s,0 B/s,0 B/s,0 B/s,0 B/s,0 B/s,0 B/s,701 kB/s,0 B/s
2026-02-10 15:13:30,0 B/s,0 B/s,0 B/s,0 B/s,0 B/s,0 B/s,0 B/s,0 B/s,0 B/s,0 B/s,0 B/s,0 B/s,0 B/s,0 B/s,0 B/s,0 B/s,-2.05 kB/s,0 B/s,0 B/s,0 B/s,0 B/s,0 B/s,0 B/s,0 B/s,0 B/s,0 B/s,0 B/s,0 B/s,0 B/s,0 B/s,0 B/s,0 B/s,0 B/s,0 B/s,705 kB/s,0 B/s
2026-02-10 15:14:00,0 B/s,0 B/s,0 B/s,0 B/s,0 B/s,0 B/s,0 B/s,0 B/s,0 B/s,0 B/s,0 B/s,0 B/s,0 B/s,0 B/s,0 B/s,0 B/s,-2.30 kB/s,0 B/s,0 B/s,0 B/s,0 B/s,0 B/s,0 B/s,0 B/s,0 B/s,0 B/s,0 B/s,0 B/s,0 B/s,0 B/s,0 B/s,0 B/s,0 B/s,0 B/s,713 kB/s,0 B/s
2026-02-10 15:14:30,0 B/s,0 B/s,0 B/s,0 B/s,0 B/s,0 B/s,0 B/s,0 B/s,0 B/s,0 B/s,0 B/s,0 B/s,0 B/s,0 B/s,0 B/s,0 B/s,-1.74 kB/s,0 B/s,0 B/s,0 B/s,0 B/s,0 B/s,0 B/s,0 B/s,0 B/s,0 B/s,0 B/s,0 B/s,0 B/s,0 B/s,0 B/s,0 B/s,0 B/s,0 B/s,751 kB/s,0 B/s
2026-02-10 15:15:00,0 B/s,0 B/s,0 B/s,0 B/s,0 B/s,0 B/s,0 B/s,0 B/s,0 B/s,0 B/s,0 B/s,0 B/s,0 B/s,0 B/s,0 B/s,0 B/s,-2.56 kB/s,0 B/s,0 B/s,0 B/s,0 B/s,0 B/s,0 B/s,0 B/s,0 B/s,0 B/s,0 B/s,0 B/s,0 B/s,0 B/s,0 B/s,0 B/s,0 B/s,0 B/s,742 kB/s,0 B/s
2026-02-10 15:15:30,0 B/s,0 B/s,0 B/s,0 B/s,0 B/s,0 B/s,0 B/s,0 B/s,0 B/s,0 B/s,0 B/s,0 B/s,0 B/s,0 B/s,0 B/s,0 B/s,-82.6 kB/s,0 B/s,0 B/s,0 B/s,0 B/s,0 B/s,0 B/s,0 B/s,0 B/s,0 B/s,0 B/s,0 B/s,0 B/s,0 B/s,0 B/s,0 B/s,0 B/s,0 B/s,725 kB/s,0 B/s
2026-02-10 15:16:00,0 B/s,0 B/s,0 B/s,0 B/s,0 B/s,0 B/s,0 B/s,0 B/s,0 B/s,0 B/s,0 B/s,0 B/s,0 B/s,0 B/s,0 B/s,0 B/s,-115 kB/s,0 B/s,0 B/s,0 B/s,0 B/s,0 B/s,0 B/s,0 B/s,0 B/s,0 B/s,0 B/s,0 B/s,0 B/s,0 B/s,0 B/s,0 B/s,0 B/s,0 B/s,728 kB/s,0 B/s
2026-02-10 15:16:30,0 B/s,0 B/s,0 B/s,0 B/s,0 B/s,0 B/s,0 B/s,0 B/s,0 B/s,0 B/s,0 B/s,0 B/s,0 B/s,0 B/s,0 B/s,0 B/s,-115 kB/s,0 B/s,0 B/s,0 B/s,0 B/s,0 B/s,0 B/s,0 B/s,0 B/s,0 B/s,0 B/s,0 B/s,0 B/s,0 B/s,0 B/s,0 B/s,0 B/s,0 B/s,751 kB/s,0 B/s
2026-02-10 15:17:00,0 B/s,0 B/s,0 B/s,0 B/s,0 B/s,0 B/s,0 B/s,0 B/s,0 B/s,0 B/s,0 B/s,0 B/s,0 B/s,0 B/s,0 B/s,0 B/s,-115 kB/s,0 B/s,0 B/s,0 B/s,0 B/s,0 B/s,0 B/s,0 B/s,0 B/s,0 B/s,0 B/s,0 B/s,0 B/s,0 B/s,0 B/s,0 B/s,0 B/s,0 B/s,765 kB/s,0 B/s
2026-02-10 15:17:30,0 B/s,0 B/s,0 B/s,0 B/s,0 B/s,0 B/s,0 B/s,0 B/s,0 B/s,0 B/s,0 B/s,0 B/s,0 B/s,0 B/s,0 B/s,0 B/s,-115 kB/s,0 B/s,0 B/s,0 B/s,0 B/s,0 B/s,0 B/s,0 B/s,0 B/s,0 B/s,0 B/s,0 B/s,0 B/s,0 B/s,0 B/s,0 B/s,0 B/s,0 B/s,804 kB/s,0 B/s
2026-02-10 15:18:00,0 B/s,0 B/s,0 B/s,0 B/s,0 B/s,0 B/s,0 B/s,0 B/s,0 B/s,0 B/s,0 B/s,0 B/s,0 B/s,0 B/s,0 B/s,0 B/s,-115 kB/s,0 B/s,0 B/s,0 B/s,0 B/s,0 B/s,0 B/s,0 B/s,0 B/s,0 B/s,0 B/s,0 B/s,0 B/s,0 B/s,0 B/s,0 B/s,0 B/s,0 B/s,813 kB/s,0 B/s
2026-02-10 15:18:30,0 B/s,0 B/s,0 B/s,0 B/s,0 B/s,0 B/s,0 B/s,0 B/s,0 B/s,0 B/s,0 B/s,0 B/s,0 B/s,0 B/s,0 B/s,0 B/s,-115 kB/s,0 B/s,0 B/s,0 B/s,0 B/s,0 B/s,0 B/s,0 B/s,0 B/s,0 B/s,0 B/s,0 B/s,0 B/s,0 B/s,0 B/s,0 B/s,0 B/s,0 B/s,811 kB/s,0 B/s
2026-02-10 15:19:00,0 B/s,0 B/s,0 B/s,0 B/s,0 B/s,0 B/s,0 B/s,0 B/s,0 B/s,0 B/s,0 B/s,0 B/s,0 B/s,0 B/s,0 B/s,0 B/s,-115 kB/s,-13.7 B/s,0 B/s,0 B/s,0 B/s,0 B/s,0 B/s,0 B/s,0 B/s,0 B/s,0 B/s,0 B/s,0 B/s,0 B/s,0 B/s,0 B/s,0 B/s,0 B/s,808 kB/s,0 B/s
2026-02-10 15:19:30,0 B/s,0 B/s,0 B/s,0 B/s,0 B/s,0 B/s,0 B/s,0 B/s,0 B/s,0 B/s,0 B/s,0 B/s,0 B/s,0 B/s,0 B/s,0 B/s,-116 kB/s,-13.7 B/s,0 B/s,0 B/s,0 B/s,0 B/s,0 B/s,0 B/s,0 B/s,0 B/s,0 B/s,0 B/s,0 B/s,0 B/s,0 B/s,0 B/s,0 B/s,0 B/s,809 kB/s,0 B/s
2026-02-10 15:20:00,0 B/s,0 B/s,0 B/s,0 B/s,0 B/s,0 B/s,0 B/s,0 B/s,0 B/s,0 B/s,0 B/s,0 B/s,0 B/s,0 B/s,0 B/s,0 B/s,-115 kB/s,-13.7 B/s,0 B/s,0 B/s,0 B/s,0 B/s,0 B/s,0 B/s,0 B/s,0 B/s,0 B/s,0 B/s,0 B/s,0 B/s,0 B/s,0 B/s,0 B/s,0 B/s,841 kB/s,0 B/s
2026-02-10 15:20:30,0 B/s,0 B/s,0 B/s,0 B/s,0 B/s,0 B/s,0 B/s,0 B/s,0 B/s,0 B/s,0 B/s,0 B/s,0 B/s,0 B/s,0 B/s,0 B/s,-34.4 kB/s,-13.7 B/s,0 B/s,0 B/s,0 B/s,0 B/s,0 B/s,0 B/s,0 B/s,0 B/s,0 B/s,0 B/s,0 B/s,0 B/s,0 B/s,0 B/s,0 B/s,0 B/s,796 kB/s,0 B/s
2026-02-10 15:21:00,0 B/s,0 B/s,0 B/s,0 B/s,0 B/s,0 B/s,0 B/s,0 B/s,0 B/s,0 B/s,0 B/s,0 B/s,0 B/s,0 B/s,0 B/s,0 B/s,-2.16 kB/s,-13.7 B/s,0 B/s,0 B/s,0 B/s,0 B/s,0 B/s,0 B/s,0 B/s,0 B/s,0 B/s,0 B/s,0 B/s,0 B/s,0 B/s,0 B/s,0 B/s,0 B/s,763 kB/s,0 B/s
2026-02-10 15:21:30,0 B/s,0 B/s,0 B/s,0 B/s,0 B/s,0 B/s,0 B/s,0 B/s,0 B/s,0 B/s,0 B/s,0 B/s,0 B/s,0 B/s,0 B/s,0 B/s,-1.96 kB/s,-13.7 B/s,0 B/s,0 B/s,0 B/s,0 B/s,0 B/s,0 B/s,0 B/s,0 B/s,0 B/s,0 B/s,0 B/s,0 B/s,0 B/s,0 B/s,0 B/s,0 B/s,740 kB/s,0 B/s
2026-02-10 15:22:00,0 B/s,0 B/s,0 B/s,0 B/s,0 B/s,0 B/s,0 B/s,0 B/s,0 B/s,0 B/s,0 B/s,0 B/s,0 B/s,0 B/s,0 B/s,0 B/s,-1.75 kB/s,-13.7 B/s,0 B/s,0 B/s,0 B/s,0 B/s,0 B/s,0 B/s,0 B/s,0 B/s,0 B/s,0 B/s,0 B/s,0 B/s,0 B/s,0 B/s,0 B/s,0 B/s,741 kB/s,0 B/s
2026-02-10 15:22:30,0 B/s,0 B/s,0 B/s,0 B/s,0 B/s,0 B/s,0 B/s,0 B/s,0 B/s,0 B/s,0 B/s,0 B/s,0 B/s,0 B/s,0 B/s,0 B/s,-1.38 kB/s,-13.7 B/s,0 B/s,0 B/s,0 B/s,0 B/s,0 B/s,0 B/s,0 B/s,0 B/s,0 B/s,0 B/s,0 B/s,0 B/s,0 B/s,0 B/s,0 B/s,0 B/s,736 kB/s,0 B/s
2026-02-10 15:23:00,0 B/s,0 B/s,0 B/s,0 B/s,0 B/s,0 B/s,0 B/s,0 B/s,0 B/s,0 B/s,0 B/s,0 B/s,0 B/s,0 B/s,0 B/s,0 B/s,-1.26 kB/s,-13.7 B/s,0 B/s,0 B/s,0 B/s,0 B/s,0 B/s,0 B/s,0 B/s,0 B/s,0 B/s,0 B/s,0 B/s,0 B/s,0 B/s,0 B/s,0 B/s,0 B/s,722 kB/s,0 B/s
2026-02-10 15:23:30,0 B/s,0 B/s,0 B/s,0 B/s,0 B/s,0 B/s,0 B/s,0 B/s,0 B/s,0 B/s,0 B/s,0 B/s,0 B/s,0 B/s,0 B/s,0 B/s,-1.66 kB/s,-13.7 B/s,0 B/s,0 B/s,0 B/s,0 B/s,0 B/s,0 B/s,0 B/s,0 B/s,0 B/s,0 B/s,0 B/s,0 B/s,0 B/s,0 B/s,0 B/s,0 B/s,727 kB/s,0 B/s
2026-02-10 15:24:00,0 B/s,0 B/s,0 B/s,0 B/s,0 B/s,0 B/s,0 B/s,0 B/s,0 B/s,0 B/s,0 B/s,0 B/s,0 B/s,0 B/s,0 B/s,0 B/s,-1.81 kB/s,0 B/s,0 B/s,0 B/s,0 B/s,0 B/s,0 B/s,0 B/s,0 B/s,0 B/s,0 B/s,0 B/s,0 B/s,0 B/s,0 B/s,0 B/s,0 B/s,0 B/s,720 kB/s,0 B/s
2026-02-10 15:24:30,0 B/s,0 B/s,0 B/s,0 B/s,0 B/s,0 B/s,0 B/s,0 B/s,0 B/s,0 B/s,0 B/s,0 B/s,0 B/s,0 B/s,0 B/s,0 B/s,-1.41 kB/s,0 B/s,0 B/s,0 B/s,0 B/s,0 B/s,0 B/s,0 B/s,0 B/s,0 B/s,0 B/s,0 B/s,0 B/s,0 B/s,0 B/s,0 B/s,0 B/s,0 B/s,744 kB/s,0 B/s
2026-02-10 15:25:00,0 B/s,0 B/s,0 B/s,0 B/s,0 B/s,0 B/s,0 B/s,0 B/s,0 B/s,0 B/s,0 B/s,0 B/s,0 B/s,0 B/s,0 B/s,0 B/s,-49.8 kB/s,0 B/s,0 B/s,0 B/s,0 B/s,0 B/s,0 B/s,0 B/s,0 B/s,0 B/s,0 B/s,0 B/s,0 B/s,0 B/s,0 B/s,0 B/s,0 B/s,0 B/s,765 kB/s,0 B/s
2026-02-10 15:25:30,0 B/s,0 B/s,0 B/s,0 B/s,0 B/s,0 B/s,0 B/s,0 B/s,0 B/s,0 B/s,0 B/s,0 B/s,0 B/s,0 B/s,0 B/s,0 B/s,-49.8 kB/s,0 B/s,0 B/s,0 B/s,0 B/s,0 B/s,0 B/s,0 B/s,0 B/s,0 B/s,0 B/s,0 B/s,0 B/s,0 B/s,0 B/s,0 B/s,0 B/s,0 B/s,834 kB/s,0 B/s
2026-02-10 15:26:00,0 B/s,0 B/s,0 B/s,0 B/s,0 B/s,0 B/s,0 B/s,0 B/s,0 B/s,0 B/s,0 B/s,0 B/s,0 B/s,0 B/s,0 B/s,0 B/s,-50.0 kB/s,0 B/s,0 B/s,0 B/s,0 B/s,0 B/s,0 B/s,0 B/s,0 B/s,0 B/s,0 B/s,0 B/s,0 B/s,0 B/s,0 B/s,0 B/s,0 B/s,0 B/s,827 kB/s,0 B/s
2026-02-10 15:26:30,0 B/s,0 B/s,0 B/s,0 B/s,0 B/s,0 B/s,0 B/s,0 B/s,0 B/s,0 B/s,0 B/s,0 B/s,0 B/s,0 B/s,0 B/s,0 B/s,-50.0 kB/s,0 B/s,0 B/s,0 B/s,0 B/s,0 B/s,0 B/s,0 B/s,0 B/s,0 B/s,0 B/s,0 B/s,0 B/s,0 B/s,0 B/s,0 B/s,0 B/s,0 B/s,767 kB/s,0 B/s
2026-02-10 15:27:00,0 B/s,0 B/s,0 B/s,0 B/s,0 B/s,0 B/s,0 B/s,0 B/s,0 B/s,0 B/s,0 B/s,0 B/s,0 B/s,0 B/s,0 B/s,0 B/s,-50.1 kB/s,0 B/s,0 B/s,0 B/s,0 B/s,0 B/s,0 B/s,0 B/s,0 B/s,0 B/s,0 B/s,0 B/s,0 B/s,0 B/s,0 B/s,0 B/s,0 B/s,0 B/s,728 kB/s,0 B/s
2026-02-10 15:27:30,0 B/s,0 B/s,0 B/s,0 B/s,0 B/s,0 B/s,0 B/s,0 B/s,0 B/s,0 B/s,0 B/s,0 B/s,0 B/s,0 B/s,0 B/s,0 B/s,-50.2 kB/s,0 B/s,0 B/s,0 B/s,0 B/s,0 B/s,0 B/s,0 B/s,0 B/s,0 B/s,0 B/s,0 B/s,0 B/s,0 B/s,0 B/s,0 B/s,0 B/s,0 B/s,721 kB/s,0 B/s
2026-02-10 15:28:00,0 B/s,0 B/s,0 B/s,0 B/s,0 B/s,0 B/s,0 B/s,0 B/s,0 B/s,0 B/s,0 B/s,0 B/s,0 B/s,0 B/s,0 B/s,0 B/s,-50.4 kB/s,0 B/s,0 B/s,0 B/s,0 B/s,0 B/s,0 B/s,0 B/s,0 B/s,0 B/s,0 B/s,0 B/s,0 B/s,0 B/s,0 B/s,0 B/s,0 B/s,0 B/s,723 kB/s,0 B/s
2026-02-10 15:28:30,0 B/s,0 B/s,0 B/s,0 B/s,0 B/s,0 B/s,0 B/s,0 B/s,0 B/s,0 B/s,0 B/s,0 B/s,0 B/s,0 B/s,0 B/s,0 B/s,-50.1 kB/s,0 B/s,0 B/s,0 B/s,0 B/s,0 B/s,0 B/s,0 B/s,0 B/s,0 B/s,0 B/s,0 B/s,0 B/s,0 B/s,0 B/s,0 B/s,0 B/s,0 B/s,730 kB/s,0 B/s
2026-02-10 15:29:00,0 B/s,0 B/s,0 B/s,0 B/s,0 B/s,0 B/s,0 B/s,0 B/s,0 B/s,0 B/s,0 B/s,0 B/s,0 B/s,0 B/s,0 B/s,0 B/s,-50.0 kB/s,0 B/s,0 B/s,0 B/s,0 B/s,0 B/s,0 B/s,0 B/s,0 B/s,0 B/s,0 B/s,0 B/s,0 B/s,0 B/s,0 B/s,0 B/s,0 B/s,0 B/s,740 kB/s,0 B/s
2026-02-10 15:29:30,0 B/s,0 B/s,0 B/s,0 B/s,0 B/s,0 B/s,0 B/s,0 B/s,0 B/s,0 B/s,0 B/s,0 B/s,0 B/s,0 B/s,0 B/s,0 B/s,-50.0 kB/s,0 B/s,0 B/s,0 B/s,0 B/s,0 B/s,0 B/s,0 B/s,0 B/s,0 B/s,0 B/s,0 B/s,0 B/s,0 B/s,0 B/s,0 B/s,0 B/s,0 B/s,703 kB/s,0 B/s
2026-02-10 15:30:00,0 B/s,0 B/s,0 B/s,0 B/s,0 B/s,0 B/s,0 B/s,0 B/s,0 B/s,0 B/s,0 B/s,0 B/s,0 B/s,0 B/s,0 B/s,0 B/s,-1.81 kB/s,-438 B/s,0 B/s,0 B/s,0 B/s,0 B/s,0 B/s,0 B/s,0 B/s,0 B/s,0 B/s,0 B/s,0 B/s,0 B/s,0 B/s,0 B/s,0 B/s,0 B/s,767 kB/s,0 B/s
2026-02-10 15:30:30,0 B/s,0 B/s,0 B/s,0 B/s,0 B/s,0 B/s,0 B/s,0 B/s,0 B/s,0 B/s,0 B/s,0 B/s,0 B/s,0 B/s,0 B/s,0 B/s,-1.56 kB/s,-438 B/s,0 B/s,0 B/s,0 B/s,0 B/s,0 B/s,0 B/s,0 B/s,0 B/s,0 B/s,0 B/s,0 B/s,0 B/s,0 B/s,0 B/s,0 B/s,0 B/s,819 kB/s,0 B/s
2026-02-10 15:31:00,0 B/s,0 B/s,0 B/s,0 B/s,0 B/s,0 B/s,0 B/s,0 B/s,0 B/s,0 B/s,0 B/s,0 B/s,0 B/s,0 B/s,0 B/s,0 B/s,-35.2 kB/s,-438 B/s,0 B/s,0 B/s,0 B/s,0 B/s,0 B/s,0 B/s,0 B/s,0 B/s,0 B/s,0 B/s,0 B/s,0 B/s,0 B/s,0 B/s,0 B/s,0 B/s,1.14 MB/s,0 B/s
2026-02-10 15:31:30,0 B/s,0 B/s,0 B/s,0 B/s,0 B/s,0 B/s,0 B/s,0 B/s,0 B/s,0 B/s,0 B/s,0 B/s,0 B/s,0 B/s,0 B/s,0 B/s,-35.7 kB/s,-438 B/s,0 B/s,0 B/s,0 B/s,0 B/s,0 B/s,0 B/s,0 B/s,0 B/s,0 B/s,0 B/s,0 B/s,0 B/s,0 B/s,0 B/s,0 B/s,0 B/s,1.43 MB/s,0 B/s
2026-02-10 15:32:00,0 B/s,0 B/s,0 B/s,0 B/s,0 B/s,0 B/s,0 B/s,0 B/s,0 B/s,0 B/s,0 B/s,0 B/s,0 B/s,0 B/s,0 B/s,0 B/s,-35.5 kB/s,-438 B/s,0 B/s,0 B/s,0 B/s,0 B/s,0 B/s,0 B/s,0 B/s,0 B/s,0 B/s,0 B/s,0 B/s,0 B/s,0 B/s,0 B/s,0 B/s,0 B/s,1.42 MB/s,0 B/s
2026-02-10 15:32:30,0 B/s,0 B/s,0 B/s,0 B/s,0 B/s,0 B/s,0 B/s,0 B/s,0 B/s,0 B/s,0 B/s,0 B/s,0 B/s,0 B/s,0 B/s,0 B/s,-35.5 kB/s,-438 B/s,0 B/s,0 B/s,0 B/s,0 B/s,0 B/s,0 B/s,0 B/s,0 B/s,0 B/s,0 B/s,0 B/s,0 B/s,0 B/s,0 B/s,0 B/s,0 B/s,1.36 MB/s,0 B/s
2026-02-10 15:33:00,0 B/s,0 B/s,0 B/s,0 B/s,0 B/s,0 B/s,0 B/s,0 B/s,0 B/s,0 B/s,0 B/s,0 B/s,0 B/s,0 B/s,0 B/s,0 B/s,-35.2 kB/s,-438 B/s,0 B/s,0 B/s,0 B/s,0 B/s,0 B/s,0 B/s,0 B/s,0 B/s,0 B/s,0 B/s,0 B/s,0 B/s,0 B/s,0 B/s,0 B/s,0 B/s,1.30 MB/s,0 B/s
2026-02-10 15:33:30,0 B/s,0 B/s,0 B/s,0 B/s,0 B/s,0 B/s,0 B/s,0 B/s,0 B/s,0 B/s,0 B/s,0 B/s,0 B/s,0 B/s,0 B/s,0 B/s,-35.2 kB/s,-438 B/s,0 B/s,0 B/s,0 B/s,0 B/s,0 B/s,0 B/s,0 B/s,0 B/s,0 B/s,0 B/s,0 B/s,0 B/s,0 B/s,0 B/s,0 B/s,0 B/s,1.24 MB/s,0 B/s
2026-02-10 15:34:00,0 B/s,0 B/s,0 B/s,0 B/s,0 B/s,0 B/s,0 B/s,0 B/s,0 B/s,0 B/s,0 B/s,0 B/s,0 B/s,0 B/s,0 B/s,0 B/s,-34.9 kB/s,-438 B/s,0 B/s,0 B/s,0 B/s,0 B/s,0 B/s,0 B/s,0 B/s,0 B/s,0 B/s,0 B/s,0 B/s,0 B/s,0 B/s,0 B/s,0 B/s,0 B/s,1.19 MB/s,0 B/s
2026-02-10 15:34:30,0 B/s,0 B/s,0 B/s,0 B/s,0 B/s,0 B/s,0 B/s,0 B/s,0 B/s,0 B/s,0 B/s,0 B/s,0 B/s,0 B/s,0 B/s,0 B/s,-35.0 kB/s,-438 B/s,0 B/s,0 B/s,0 B/s,0 B/s,0 B/s,0 B/s,0 B/s,0 B/s,0 B/s,0 B/s,0 B/s,0 B/s,0 B/s,0 B/s,0 B/s,0 B/s,1.13 MB/s,0 B/s
2026-02-10 15:35:00,0 B/s,0 B/s,0 B/s,0 B/s,0 B/s,0 B/s,0 B/s,0 B/s,0 B/s,0 B/s,0 B/s,0 B/s,0 B/s,0 B/s,0 B/s,0 B/s,-35.0 kB/s,0 B/s,0 B/s,0 B/s,0 B/s,0 B/s,0 B/s,0 B/s,0 B/s,0 B/s,0 B/s,0 B/s,0 B/s,0 B/s,0 B/s,0 B/s,0 B/s,0 B/s,1.02 MB/s,0 B/s
2026-02-10 15:35:30,0 B/s,0 B/s,0 B/s,0 B/s,0 B/s,0 B/s,0 B/s,0 B/s,0 B/s,0 B/s,0 B/s,0 B/s,0 B/s,0 B/s,0 B/s,0 B/s,-35.5 kB/s,0 B/s,0 B/s,0 B/s,0 B/s,0 B/s,0 B/s,0 B/s,0 B/s,0 B/s,0 B/s,0 B/s,0 B/s,0 B/s,0 B/s,0 B/s,0 B/s,0 B/s,905 kB/s,0 B/s
2026-02-10 15:36:00,0 B/s,0 B/s,0 B/s,0 B/s,0 B/s,0 B/s,0 B/s,0 B/s,0 B/s,0 B/s,0 B/s,0 B/s,0 B/s,0 B/s,0 B/s,0 B/s,-1.86 kB/s,0 B/s,0 B/s,0 B/s,0 B/s,0 B/s,0 B/s,0 B/s,0 B/s,0 B/s,0 B/s,0 B/s,0 B/s,0 B/s,0 B/s,0 B/s,0 B/s,0 B/s,572 kB/s,0 B/s
2026-02-10 15:36:30,0 B/s,0 B/s,0 B/s,0 B/s,0 B/s,0 B/s,0 B/s,0 B/s,0 B/s,0 B/s,0 B/s,0 B/s,0 B/s,0 B/s,0 B/s,0 B/s,-1.45 kB/s,0 B/s,0 B/s,0 B/s,0 B/s,0 B/s,0 B/s,0 B/s,0 B/s,0 B/s,0 B/s,0 B/s,0 B/s,0 B/s,0 B/s,0 B/s,0 B/s,0 B/s,324 kB/s,0 B/s
2026-02-10 15:37:00,0 B/s,0 B/s,0 B/s,0 B/s,0 B/s,0 B/s,0 B/s,0 B/s,0 B/s,0 B/s,0 B/s,0 B/s,0 B/s,0 B/s,0 B/s,0 B/s,-2.05 kB/s,0 B/s,0 B/s,0 B/s,0 B/s,0 B/s,0 B/s,0 B/s,0 B/s,0 B/s,0 B/s,0 B/s,0 B/s,0 B/s,0 B/s,0 B/s,0 B/s,0 B/s,364 kB/s,0 B/s
2026-02-10 15:37:30,0 B/s,0 B/s,0 B/s,0 B/s,0 B/s,0 B/s,0 B/s,0 B/s,0 B/s,0 B/s,0 B/s,0 B/s,0 B/s,0 B/s,0 B/s,0 B/s,-2.10 kB/s,0 B/s,0 B/s,0 B/s,0 B/s,0 B/s,0 B/s,0 B/s,0 B/s,0 B/s,0 B/s,0 B/s,0 B/s,0 B/s,0 B/s,0 B/s,0 B/s,0 B/s,413 kB/s,0 B/s
2026-02-10 15:38:00,0 B/s,0 B/s,0 B/s,0 B/s,0 B/s,0 B/s,0 B/s,0 B/s,0 B/s,0 B/s,0 B/s,0 B/s,0 B/s,0 B/s,0 B/s,0 B/s,-2.21 kB/s,0 B/s,0 B/s,0 B/s,0 B/s,0 B/s,0 B/s,0 B/s,0 B/s,0 B/s,0 B/s,0 B/s,0 B/s,0 B/s,0 B/s,0 B/s,0 B/s,0 B/s,498 kB/s,0 B/s
2026-02-10 15:38:30,0 B/s,0 B/s,0 B/s,0 B/s,0 B/s,0 B/s,0 B/s,0 B/s,0 B/s,0 B/s,0 B/s,0 B/s,0 B/s,0 B/s,0 B/s,0 B/s,-2.14 kB/s,0 B/s,0 B/s,0 B/s,0 B/s,0 B/s,0 B/s,0 B/s,0 B/s,0 B/s,0 B/s,0 B/s,0 B/s,0 B/s,0 B/s,0 B/s,0 B/s,0 B/s,563 kB/s,0 B/s
2026-02-10 15:39:00,0 B/s,0 B/s,0 B/s,0 B/s,0 B/s,0 B/s,0 B/s,0 B/s,0 B/s,0 B/s,0 B/s,0 B/s,0 B/s,0 B/s,0 B/s,0 B/s,-2.27 kB/s,0 B/s,0 B/s,0 B/s,0 B/s,0 B/s,0 B/s,0 B/s,0 B/s,0 B/s,0 B/s,0 B/s,0 B/s,0 B/s,0 B/s,0 B/s,0 B/s,0 B/s,608 kB/s,0 B/s
2026-02-10 15:39:30,0 B/s,0 B/s,0 B/s,0 B/s,0 B/s,0 B/s,0 B/s,0 B/s,0 B/s,0 B/s,0 B/s,0 B/s,0 B/s,0 B/s,0 B/s,0 B/s,-2.30 kB/s,0 B/s,0 B/s,0 B/s,0 B/s,0 B/s,0 B/s,0 B/s,0 B/s,0 B/s,0 B/s,0 B/s,0 B/s,0 B/s,0 B/s,0 B/s,0 B/s,0 B/s,676 kB/s,0 B/s
2026-02-10 15:40:00,0 B/s,0 B/s,0 B/s,0 B/s,0 B/s,0 B/s,0 B/s,0 B/s,0 B/s,0 B/s,0 B/s,0 B/s,0 B/s,0 B/s,0 B/s,0 B/s,-2.29 kB/s,0 B/s,0 B/s,0 B/s,0 B/s,0 B/s,0 B/s,0 B/s,0 B/s,0 B/s,0 B/s,0 B/s,0 B/s,0 B/s,0 B/s,0 B/s,0 B/s,0 B/s,720 kB/s,0 B/s
2026-02-10 15:40:30,0 B/s,0 B/s,0 B/s,0 B/s,0 B/s,0 B/s,0 B/s,0 B/s,0 B/s,0 B/s,0 B/s,0 B/s,0 B/s,0 B/s,0 B/s,0 B/s,-1.97 kB/s,0 B/s,0 B/s,0 B/s,0 B/s,0 B/s,0 B/s,0 B/s,0 B/s,0 B/s,0 B/s,0 B/s,0 B/s,0 B/s,0 B/s,0 B/s,0 B/s,0 B/s,787 kB/s,0 B/s
2026-02-10 15:41:00,0 B/s,0 B/s,0 B/s,0 B/s,0 B/s,0 B/s,0 B/s,0 B/s,0 B/s,0 B/s,0 B/s,0 B/s,0 B/s,0 B/s,0 B/s,0 B/s,-1.66 kB/s,0 B/s,0 B/s,0 B/s,0 B/s,0 B/s,0 B/s,0 B/s,0 B/s,0 B/s,0 B/s,0 B/s,0 B/s,0 B/s,0 B/s,0 B/s,0 B/s,0 B/s,801 kB/s,0 B/s
2026-02-10 15:41:30,0 B/s,0 B/s,0 B/s,0 B/s,0 B/s,0 B/s,0 B/s,0 B/s,0 B/s,0 B/s,0 B/s,0 B/s,0 B/s,0 B/s,0 B/s,0 B/s,-1.64 kB/s,0 B/s,0 B/s,0 B/s,0 B/s,0 B/s,0 B/s,0 B/s,0 B/s,0 B/s,0 B/s,0 B/s,0 B/s,0 B/s,0 B/s,0 B/s,0 B/s,0 B/s,772 kB/s,0 B/s
2026-02-10 15:42:00,0 B/s,0 B/s,0 B/s,0 B/s,0 B/s,0 B/s,0 B/s,0 B/s,0 B/s,0 B/s,0 B/s,0 B/s,0 B/s,0 B/s,0 B/s,0 B/s,-1.16 kB/s,0 B/s,0 B/s,0 B/s,0 B/s,0 B/s,0 B/s,0 B/s,0 B/s,0 B/s,0 B/s,0 B/s,0 B/s,0 B/s,0 B/s,0 B/s,0 B/s,0 B/s,769 kB/s,0 B/s
2026-02-10 15:42:30,0 B/s,0 B/s,0 B/s,0 B/s,0 B/s,0 B/s,0 B/s,0 B/s,0 B/s,0 B/s,0 B/s,0 B/s,0 B/s,0 B/s,0 B/s,0 B/s,-1.32 kB/s,0 B/s,0 B/s,0 B/s,0 B/s,0 B/s,0 B/s,0 B/s,0 B/s,0 B/s,0 B/s,0 B/s,0 B/s,0 B/s,0 B/s,0 B/s,0 B/s,0 B/s,774 kB/s,0 B/s
2026-02-10 15:43:00,0 B/s,0 B/s,0 B/s,0 B/s,0 B/s,0 B/s,0 B/s,0 B/s,0 B/s,0 B/s,0 B/s,0 B/s,0 B/s,0 B/s,0 B/s,0 B/s,-1.49 kB/s,0 B/s,0 B/s,0 B/s,0 B/s,0 B/s,0 B/s,0 B/s,0 B/s,0 B/s,0 B/s,0 B/s,0 B/s,0 B/s,0 B/s,0 B/s,0 B/s,0 B/s,716 kB/s,0 B/s
2026-02-10 15:43:30,0 B/s,0 B/s,0 B/s,0 B/s,0 B/s,0 B/s,0 B/s,0 B/s,0 B/s,0 B/s,0 B/s,0 B/s,0 B/s,0 B/s,0 B/s,0 B/s,-1.66 kB/s,0 B/s,0 B/s,0 B/s,0 B/s,0 B/s,0 B/s,0 B/s,0 B/s,0 B/s,0 B/s,0 B/s,0 B/s,0 B/s,0 B/s,0 B/s,0 B/s,0 B/s,714 kB/s,0 B/s
2026-02-10 15:44:00,0 B/s,0 B/s,0 B/s,0 B/s,0 B/s,0 B/s,0 B/s,0 B/s,0 B/s,0 B/s,0 B/s,0 B/s,0 B/s,0 B/s,0 B/s,0 B/s,-1.63 kB/s,0 B/s,0 B/s,0 B/s,0 B/s,0 B/s,0 B/s,0 B/s,0 B/s,0 B/s,0 B/s,0 B/s,0 B/s,0 B/s,0 B/s,0 B/s,0 B/s,0 B/s,710 kB/s,0 B/s
2026-02-10 15:44:30,0 B/s,0 B/s,0 B/s,0 B/s,0 B/s,0 B/s,0 B/s,0 B/s,0 B/s,0 B/s,0 B/s,0 B/s,0 B/s,0 B/s,0 B/s,0 B/s,-1.71 kB/s,0 B/s,0 B/s,0 B/s,0 B/s,0 B/s,0 B/s,0 B/s,0 B/s,0 B/s,0 B/s,0 B/s,0 B/s,0 B/s,0 B/s,0 B/s,0 B/s,0 B/s,699 kB/s,0 B/s
2026-02-10 15:45:00,0 B/s,0 B/s,0 B/s,0 B/s,0 B/s,0 B/s,0 B/s,0 B/s,0 B/s,0 B/s,0 B/s,0 B/s,0 B/s,0 B/s,0 B/s,0 B/s,-1.60 kB/s,0 B/s,0 B/s,0 B/s,0 B/s,0 B/s,0 B/s,0 B/s,0 B/s,0 B/s,0 B/s,0 B/s,0 B/s,0 B/s,0 B/s,0 B/s,0 B/s,0 B/s,700 kB/s,0 B/s
2026-02-10 15:45:30,0 B/s,0 B/s,0 B/s,0 B/s,0 B/s,0 B/s,0 B/s,0 B/s,0 B/s,0 B/s,0 B/s,0 B/s,0 B/s,0 B/s,0 B/s,0 B/s,-1.58 kB/s,0 B/s,0 B/s,0 B/s,0 B/s,0 B/s,0 B/s,0 B/s,0 B/s,0 B/s,0 B/s,0 B/s,0 B/s,0 B/s,0 B/s,0 B/s,0 B/s,0 B/s,699 kB/s,0 B/s
2026-02-10 15:46:00,0 B/s,0 B/s,0 B/s,0 B/s,0 B/s,0 B/s,0 B/s,0 B/s,0 B/s,0 B/s,0 B/s,0 B/s,0 B/s,0 B/s,0 B/s,0 B/s,-1.70 kB/s,0 B/s,0 B/s,0 B/s,0 B/s,0 B/s,0 B/s,0 B/s,0 B/s,0 B/s,0 B/s,0 B/s,0 B/s,0 B/s,0 B/s,0 B/s,0 B/s,0 B/s,727 kB/s,0 B/s
2026-02-10 15:46:30,0 B/s,0 B/s,0 B/s,0 B/s,0 B/s,0 B/s,0 B/s,0 B/s,0 B/s,0 B/s,0 B/s,0 B/s,0 B/s,0 B/s,0 B/s,0 B/s,-2.07 kB/s,0 B/s,0 B/s,0 B/s,0 B/s,0 B/s,0 B/s,0 B/s,0 B/s,0 B/s,0 B/s,0 B/s,0 B/s,0 B/s,0 B/s,0 B/s,0 B/s,0 B/s,771 kB/s,0 B/s
2026-02-10 15:47:00,0 B/s,0 B/s,0 B/s,0 B/s,0 B/s,0 B/s,0 B/s,0 B/s,0 B/s,0 B/s,0 B/s,0 B/s,0 B/s,0 B/s,0 B/s,0 B/s,-2.19 kB/s,0 B/s,0 B/s,0 B/s,0 B/s,0 B/s,0 B/s,0 B/s,0 B/s,0 B/s,0 B/s,0 B/s,0 B/s,0 B/s,0 B/s,0 B/s,0 B/s,0 B/s,732 kB/s,0 B/s
2026-02-10 15:47:30,0 B/s,0 B/s,0 B/s,0 B/s,0 B/s,0 B/s,0 B/s,0 B/s,0 B/s,0 B/s,0 B/s,0 B/s,0 B/s,0 B/s,0 B/s,0 B/s,-2.40 kB/s,0 B/s,0 B/s,0 B/s,0 B/s,0 B/s,0 B/s,0 B/s,0 B/s,0 B/s,0 B/s,0 B/s,0 B/s,0 B/s,0 B/s,0 B/s,0 B/s,0 B/s,720 kB/s,0 B/s
2026-02-10 15:48:00,0 B/s,0 B/s,0 B/s,0 B/s,0 B/s,0 B/s,0 B/s,0 B/s,0 B/s,0 B/s,0 B/s,0 B/s,0 B/s,0 B/s,0 B/s,0 B/s,-1.93 kB/s,0 B/s,0 B/s,0 B/s,0 B/s,0 B/s,0 B/s,0 B/s,0 B/s,0 B/s,0 B/s,0 B/s,0 B/s,0 B/s,0 B/s,0 B/s,0 B/s,0 B/s,730 kB/s,0 B/s
2026-02-10 15:48:30,0 B/s,0 B/s,0 B/s,0 B/s,0 B/s,0 B/s,0 B/s,0 B/s,0 B/s,0 B/s,0 B/s,0 B/s,0 B/s,0 B/s,0 B/s,0 B/s,-1.96 kB/s,0 B/s,0 B/s,0 B/s,0 B/s,0 B/s,0 B/s,0 B/s,0 B/s,0 B/s,0 B/s,0 B/s,0 B/s,0 B/s,0 B/s,0 B/s,0 B/s,0 B/s,745 kB/s,0 B/s
2026-02-10 15:49:00,0 B/s,0 B/s,0 B/s,0 B/s,0 B/s,0 B/s,0 B/s,0 B/s,0 B/s,0 B/s,0 B/s,0 B/s,0 B/s,0 B/s,0 B/s,0 B/s,-2.67 kB/s,0 B/s,0 B/s,0 B/s,0 B/s,0 B/s,0 B/s,0 B/s,0 B/s,0 B/s,0 B/s,0 B/s,0 B/s,0 B/s,0 B/s,0 B/s,0 B/s,0 B/s,1.24 MB/s,0 B/s
2026-02-10 15:49:30,0 B/s,0 B/s,0 B/s,0 B/s,0 B/s,0 B/s,0 B/s,0 B/s,0 B/s,0 B/s,0 B/s,0 B/s,0 B/s,0 B/s,0 B/s,0 B/s,-7.48 kB/s,0 B/s,0 B/s,0 B/s,0 B/s,0 B/s,0 B/s,0 B/s,0 B/s,0 B/s,0 B/s,0 B/s,0 B/s,0 B/s,0 B/s,0 B/s,0 B/s,0 B/s,1.35 MB/s,0 B/s
2026-02-10 15:50:00,0 B/s,0 B/s,0 B/s,0 B/s,0 B/s,0 B/s,0 B/s,0 B/s,0 B/s,0 B/s,0 B/s,0 B/s,0 B/s,0 B/s,0 B/s,0 B/s,-7.45 kB/s,0 B/s,0 B/s,0 B/s,0 B/s,0 B/s,0 B/s,0 B/s,0 B/s,0 B/s,0 B/s,0 B/s,0 B/s,0 B/s,0 B/s,0 B/s,0 B/s,0 B/s,1.35 MB/s,0 B/s
2026-02-10 15:50:30,0 B/s,0 B/s,0 B/s,0 B/s,0 B/s,0 B/s,0 B/s,0 B/s,0 B/s,0 B/s,0 B/s,0 B/s,0 B/s,0 B/s,0 B/s,0 B/s,-7.64 kB/s,0 B/s,0 B/s,0 B/s,0 B/s,0 B/s,0 B/s,0 B/s,0 B/s,0 B/s,0 B/s,0 B/s,0 B/s,0 B/s,0 B/s,0 B/s,0 B/s,0 B/s,1.34 MB/s,0 B/s
2026-02-10 15:51:00,0 B/s,0 B/s,0 B/s,0 B/s,0 B/s,0 B/s,0 B/s,0 B/s,0 B/s,0 B/s,0 B/s,0 B/s,0 B/s,0 B/s,0 B/s,0 B/s,-7.67 kB/s,0 B/s,0 B/s,0 B/s,0 B/s,0 B/s,0 B/s,0 B/s,0 B/s,0 B/s,0 B/s,0 B/s,0 B/s,0 B/s,0 B/s,0 B/s,0 B/s,0 B/s,1.35 MB/s,0 B/s
2026-02-10 15:51:30,0 B/s,0 B/s,0 B/s,0 B/s,0 B/s,0 B/s,0 B/s,0 B/s,0 B/s,0 B/s,0 B/s,0 B/s,0 B/s,0 B/s,0 B/s,0 B/s,-7.00 kB/s,0 B/s,0 B/s,0 B/s,0 B/s,0 B/s,0 B/s,0 B/s,0 B/s,0 B/s,0 B/s,0 B/s,0 B/s,0 B/s,0 B/s,0 B/s,0 B/s,0 B/s,1.34 MB/s,0 B/s
2026-02-10 15:52:00,0 B/s,0 B/s,0 B/s,0 B/s,0 B/s,0 B/s,0 B/s,0 B/s,0 B/s,0 B/s,0 B/s,0 B/s,0 B/s,0 B/s,0 B/s,0 B/s,-7.23 kB/s,0 B/s,0 B/s,0 B/s,0 B/s,0 B/s,0 B/s,0 B/s,0 B/s,0 B/s,0 B/s,0 B/s,0 B/s,0 B/s,0 B/s,0 B/s,0 B/s,0 B/s,1.36 MB/s,0 B/s
2026-02-10 15:52:30,0 B/s,0 B/s,0 B/s,0 B/s,0 B/s,0 B/s,0 B/s,0 B/s,0 B/s,0 B/s,0 B/s,0 B/s,0 B/s,0 B/s,0 B/s,0 B/s,-7.07 kB/s,0 B/s,0 B/s,0 B/s,0 B/s,0 B/s,0 B/s,0 B/s,0 B/s,0 B/s,0 B/s,0 B/s,0 B/s,0 B/s,0 B/s,0 B/s,0 B/s,0 B/s,1.36 MB/s,0 B/s
2026-02-10 15:53:00,0 B/s,0 B/s,0 B/s,0 B/s,0 B/s,0 B/s,0 B/s,0 B/s,0 B/s,0 B/s,0 B/s,0 B/s,0 B/s,0 B/s,0 B/s,0 B/s,-7.21 kB/s,0 B/s,0 B/s,0 B/s,0 B/s,0 B/s,0 B/s,0 B/s,0 B/s,0 B/s,0 B/s,0 B/s,0 B/s,0 B/s,0 B/s,0 B/s,0 B/s,0 B/s,1.34 MB/s,0 B/s
2026-02-10 15:53:30,0 B/s,0 B/s,0 B/s,0 B/s,0 B/s,0 B/s,0 B/s,0 B/s,0 B/s,0 B/s,0 B/s,0 B/s,0 B/s,0 B/s,0 B/s,0 B/s,-7.79 kB/s,0 B/s,0 B/s,0 B/s,0 B/s,0 B/s,0 B/s,0 B/s,0 B/s,0 B/s,0 B/s,0 B/s,0 B/s,0 B/s,0 B/s,0 B/s,0 B/s,0 B/s,1.34 MB/s,0 B/s
2026-02-10 15:54:00,0 B/s,0 B/s,0 B/s,0 B/s,0 B/s,0 B/s,0 B/s,0 B/s,0 B/s,0 B/s,0 B/s,0 B/s,0 B/s,0 B/s,0 B/s,0 B/s,-7.26 kB/s,0 B/s,0 B/s,0 B/s,0 B/s,0 B/s,0 B/s,0 B/s,0 B/s,0 B/s,0 B/s,0 B/s,0 B/s,0 B/s,0 B/s,0 B/s,0 B/s,0 B/s,733 kB/s,0 B/s
2026-02-10 15:54:30,0 B/s,0 B/s,0 B/s,0 B/s,0 B/s,0 B/s,0 B/s,0 B/s,0 B/s,0 B/s,0 B/s,0 B/s,0 B/s,0 B/s,0 B/s,0 B/s,-2.45 kB/s,0 B/s,0 B/s,0 B/s,0 B/s,0 B/s,0 B/s,0 B/s,0 B/s,0 B/s,0 B/s,0 B/s,0 B/s,0 B/s,0 B/s,0 B/s,0 B/s,0 B/s,731 kB/s,0 B/s
2026-02-10 15:55:00,0 B/s,0 B/s,0 B/s,0 B/s,0 B/s,0 B/s,0 B/s,0 B/s,0 B/s,0 B/s,0 B/s,0 B/s,0 B/s,0 B/s,0 B/s,0 B/s,-2.53 kB/s,0 B/s,0 B/s,0 B/s,0 B/s,0 B/s,0 B/s,0 B/s,0 B/s,0 B/s,0 B/s,0 B/s,0 B/s,0 B/s,0 B/s,0 B/s,0 B/s,0 B/s,797 kB/s,0 B/s
2026-02-10 15:55:30,0 B/s,0 B/s,0 B/s,0 B/s,0 B/s,0 B/s,0 B/s,0 B/s,0 B/s,0 B/s,0 B/s,0 B/s,0 B/s,0 B/s,0 B/s,0 B/s,-2.47 kB/s,0 B/s,0 B/s,0 B/s,0 B/s,0 B/s,0 B/s,0 B/s,0 B/s,0 B/s,0 B/s,0 B/s,0 B/s,0 B/s,0 B/s,0 B/s,0 B/s,0 B/s,843 kB/s,0 B/s
2026-02-10 15:56:00,0 B/s,0 B/s,0 B/s,0 B/s,0 B/s,0 B/s,0 B/s,0 B/s,0 B/s,0 B/s,0 B/s,0 B/s,0 B/s,0 B/s,0 B/s,0 B/s,-2.48 kB/s,0 B/s,0 B/s,0 B/s,0 B/s,0 B/s,0 B/s,0 B/s,0 B/s,0 B/s,0 B/s,0 B/s,0 B/s,0 B/s,0 B/s,0 B/s,0 B/s,0 B/s,1.13 MB/s,0 B/s
2026-02-10 15:56:30,0 B/s,0 B/s,0 B/s,0 B/s,0 B/s,0 B/s,0 B/s,0 B/s,0 B/s,0 B/s,0 B/s,0 B/s,0 B/s,0 B/s,0 B/s,0 B/s,-2.96 kB/s,0 B/s,0 B/s,0 B/s,0 B/s,0 B/s,0 B/s,0 B/s,0 B/s,0 B/s,0 B/s,0 B/s,0 B/s,0 B/s,0 B/s,0 B/s,0 B/s,0 B/s,1.22 MB/s,0 B/s
2026-02-10 15:57:00,0 B/s,0 B/s,0 B/s,0 B/s,0 B/s,0 B/s,0 B/s,0 B/s,0 B/s,0 B/s,0 B/s,0 B/s,0 B/s,0 B/s,0 B/s,0 B/s,-3.44 kB/s,0 B/s,0 B/s,0 B/s,0 B/s,0 B/s,0 B/s,0 B/s,0 B/s,0 B/s,0 B/s,0 B/s,0 B/s,0 B/s,0 B/s,0 B/s,0 B/s,0 B/s,1.40 MB/s,0 B/s
2026-02-10 15:57:30,0 B/s,0 B/s,0 B/s,0 B/s,0 B/s,0 B/s,0 B/s,0 B/s,0 B/s,0 B/s,0 B/s,0 B/s,0 B/s,0 B/s,0 B/s,0 B/s,-3.22 kB/s,0 B/s,0 B/s,0 B/s,0 B/s,0 B/s,0 B/s,0 B/s,0 B/s,0 B/s,0 B/s,0 B/s,0 B/s,0 B/s,0 B/s,0 B/s,0 B/s,0 B/s,1.38 MB/s,0 B/s
2026-02-10 15:58:00,0 B/s,0 B/s,0 B/s,0 B/s,0 B/s,0 B/s,0 B/s,0 B/s,0 B/s,0 B/s,0 B/s,0 B/s,0 B/s,0 B/s,0 B/s,0 B/s,-3.82 kB/s,0 B/s,0 B/s,0 B/s,0 B/s,0 B/s,0 B/s,0 B/s,0 B/s,0 B/s,0 B/s,0 B/s,0 B/s,0 B/s,0 B/s,0 B/s,0 B/s,0 B/s,1.37 MB/s,0 B/s
2026-02-10 15:58:30,0 B/s,0 B/s,0 B/s,0 B/s,0 B/s,0 B/s,0 B/s,0 B/s,0 B/s,0 B/s,0 B/s,0 B/s,0 B/s,0 B/s,0 B/s,0 B/s,-3.23 kB/s,0 B/s,0 B/s,0 B/s,0 B/s,0 B/s,0 B/s,0 B/s,0 B/s,0 B/s,0 B/s,0 B/s,0 B/s,0 B/s,0 B/s,0 B/s,0 B/s,0 B/s,1.37 MB/s,0 B/s
2026-02-10 15:59:00,0 B/s,0 B/s,0 B/s,0 B/s,0 B/s,0 B/s,0 B/s,0 B/s,0 B/s,0 B/s,0 B/s,0 B/s,0 B/s,0 B/s,0 B/s,0 B/s,-2.93 kB/s,0 B/s,0 B/s,0 B/s,0 B/s,0 B/s,0 B/s,0 B/s,0 B/s,0 B/s,0 B/s,0 B/s,0 B/s,0 B/s,0 B/s,0 B/s,0 B/s,0 B/s,1.34 MB/s,0 B/s
2026-02-10 15:59:30,0 B/s,0 B/s,0 B/s,0 B/s,0 B/s,0 B/s,0 B/s,0 B/s,0 B/s,0 B/s,0 B/s,0 B/s,0 B/s,0 B/s,0 B/s,0 B/s,-2.93 kB/s,0 B/s,0 B/s,0 B/s,0 B/s,0 B/s,0 B/s,0 B/s,0 B/s,0 B/s,0 B/s,0 B/s,0 B/s,0 B/s,0 B/s,0 B/s,0 B/s,0 B/s,1.36 MB/s,0 B/s
2026-02-10 16:00:00,0 B/s,0 B/s,0 B/s,0 B/s,0 B/s,0 B/s,0 B/s,0 B/s,0 B/s,0 B/s,0 B/s,0 B/s,0 B/s,0 B/s,0 B/s,0 B/s,-3.05 kB/s,0 B/s,0 B/s,0 B/s,0 B/s,0 B/s,0 B/s,0 B/s,0 B/s,0 B/s,0 B/s,0 B/s,0 B/s,0 B/s,0 B/s,0 B/s,0 B/s,0 B/s,1.31 MB/s,0 B/s
2026-02-10 16:00:30,0 B/s,0 B/s,0 B/s,0 B/s,0 B/s,0 B/s,0 B/s,0 B/s,0 B/s,0 B/s,0 B/s,0 B/s,0 B/s,0 B/s,0 B/s,0 B/s,-1.11 MB/s,0 B/s,0 B/s,0 B/s,0 B/s,0 B/s,0 B/s,0 B/s,0 B/s,0 B/s,0 B/s,0 B/s,0 B/s,0 B/s,0 B/s,0 B/s,0 B/s,0 B/s,1.65 MB/s,0 B/s
2026-02-10 16:01:00,0 B/s,0 B/s,0 B/s,0 B/s,0 B/s,0 B/s,0 B/s,0 B/s,0 B/s,0 B/s,0 B/s,0 B/s,0 B/s,0 B/s,0 B/s,0 B/s,-1.11 MB/s,0 B/s,0 B/s,0 B/s,0 B/s,0 B/s,0 B/s,0 B/s,0 B/s,0 B/s,0 B/s,0 B/s,0 B/s,0 B/s,0 B/s,0 B/s,0 B/s,0 B/s,1.36 MB/s,0 B/s
2026-02-10 16:01:30,0 B/s,0 B/s,0 B/s,0 B/s,0 B/s,0 B/s,0 B/s,0 B/s,0 B/s,0 B/s,0 B/s,0 B/s,0 B/s,0 B/s,0 B/s,0 B/s,-1.43 MB/s,0 B/s,0 B/s,0 B/s,0 B/s,0 B/s,0 B/s,0 B/s,0 B/s,0 B/s,0 B/s,0 B/s,0 B/s,0 B/s,0 B/s,0 B/s,0 B/s,0 B/s,1.31 MB/s,0 B/s
2026-02-10 16:02:00,0 B/s,0 B/s,0 B/s,0 B/s,0 B/s,0 B/s,0 B/s,0 B/s,0 B/s,0 B/s,0 B/s,0 B/s,0 B/s,0 B/s,0 B/s,0 B/s,-1.43 MB/s,0 B/s,0 B/s,0 B/s,0 B/s,0 B/s,0 B/s,0 B/s,0 B/s,0 B/s,0 B/s,0 B/s,0 B/s,0 B/s,0 B/s,0 B/s,0 B/s,0 B/s,1.15 MB/s,0 B/s
2026-02-10 16:02:30,0 B/s,0 B/s,0 B/s,0 B/s,0 B/s,0 B/s,0 B/s,0 B/s,0 B/s,0 B/s,0 B/s,0 B/s,0 B/s,0 B/s,0 B/s,0 B/s,-1.43 MB/s,0 B/s,0 B/s,0 B/s,0 B/s,0 B/s,0 B/s,0 B/s,0 B/s,0 B/s,0 B/s,0 B/s,0 B/s,0 B/s,0 B/s,0 B/s,0 B/s,0 B/s,1.16 MB/s,0 B/s
2026-02-10 16:03:00,0 B/s,0 B/s,0 B/s,0 B/s,0 B/s,0 B/s,0 B/s,0 B/s,0 B/s,0 B/s,0 B/s,0 B/s,0 B/s,0 B/s,0 B/s,0 B/s,-1.43 MB/s,0 B/s,0 B/s,0 B/s,0 B/s,0 B/s,0 B/s,0 B/s,0 B/s,0 B/s,0 B/s,0 B/s,0 B/s,0 B/s,0 B/s,0 B/s,0 B/s,0 B/s,1.15 MB/s,0 B/s
2026-02-10 16:03:30,0 B/s,0 B/s,0 B/s,0 B/s,0 B/s,0 B/s,0 B/s,0 B/s,0 B/s,0 B/s,0 B/s,0 B/s,0 B/s,0 B/s,0 B/s,0 B/s,-1.43 MB/s,0 B/s,0 B/s,0 B/s,0 B/s,0 B/s,0 B/s,0 B/s,0 B/s,0 B/s,0 B/s,0 B/s,0 B/s,0 B/s,0 B/s,0 B/s,0 B/s,0 B/s,1.13 MB/s,0 B/s
2026-02-10 16:04:00,0 B/s,0 B/s,0 B/s,0 B/s,0 B/s,0 B/s,0 B/s,0 B/s,0 B/s,0 B/s,0 B/s,0 B/s,0 B/s,0 B/s,0 B/s,0 B/s,-1.43 MB/s,0 B/s,0 B/s,0 B/s,0 B/s,0 B/s,0 B/s,0 B/s,0 B/s,0 B/s,0 B/s,0 B/s,0 B/s,0 B/s,0 B/s,0 B/s,0 B/s,0 B/s,1.09 MB/s,0 B/s
2026-02-10 16:04:30,0 B/s,0 B/s,0 B/s,0 B/s,0 B/s,0 B/s,0 B/s,0 B/s,0 B/s,0 B/s,0 B/s,0 B/s,0 B/s,0 B/s,0 B/s,0 B/s,-1.57 MB/s,0 B/s,0 B/s,0 B/s,0 B/s,0 B/s,0 B/s,0 B/s,0 B/s,0 B/s,0 B/s,0 B/s,0 B/s,0 B/s,0 B/s,0 B/s,0 B/s,0 B/s,1.16 MB/s,0 B/s
2026-02-10 16:05:00,0 B/s,0 B/s,0 B/s,0 B/s,0 B/s,0 B/s,0 B/s,0 B/s,0 B/s,0 B/s,0 B/s,0 B/s,0 B/s,0 B/s,0 B/s,0 B/s,-1.57 MB/s,0 B/s,0 B/s,0 B/s,0 B/s,0 B/s,0 B/s,0 B/s,0 B/s,0 B/s,0 B/s,0 B/s,0 B/s,0 B/s,0 B/s,0 B/s,0 B/s,0 B/s,1.15 MB/s,0 B/s
2026-02-10 16:05:30,0 B/s,0 B/s,0 B/s,0 B/s,0 B/s,0 B/s,0 B/s,0 B/s,0 B/s,0 B/s,0 B/s,0 B/s,0 B/s,0 B/s,0 B/s,0 B/s,-461 kB/s,0 B/s,0 B/s,0 B/s,0 B/s,0 B/s,0 B/s,0 B/s,0 B/s,0 B/s,0 B/s,0 B/s,0 B/s,0 B/s,0 B/s,0 B/s,0 B/s,0 B/s,771 kB/s,0 B/s
2026-02-10 16:06:00,0 B/s,0 B/s,0 B/s,0 B/s,0 B/s,0 B/s,0 B/s,0 B/s,0 B/s,0 B/s,0 B/s,0 B/s,0 B/s,0 B/s,0 B/s,0 B/s,-461 kB/s,0 B/s,0 B/s,0 B/s,0 B/s,0 B/s,0 B/s,0 B/s,0 B/s,0 B/s,0 B/s,0 B/s,0 B/s,0 B/s,0 B/s,0 B/s,0 B/s,0 B/s,759 kB/s,0 B/s
2026-02-10 16:06:30,0 B/s,0 B/s,0 B/s,0 B/s,0 B/s,0 B/s,0 B/s,0 B/s,0 B/s,0 B/s,0 B/s,0 B/s,0 B/s,0 B/s,0 B/s,0 B/s,-135 kB/s,0 B/s,0 B/s,0 B/s,0 B/s,0 B/s,0 B/s,0 B/s,0 B/s,0 B/s,0 B/s,0 B/s,0 B/s,0 B/s,0 B/s,0 B/s,0 B/s,0 B/s,729 kB/s,0 B/s
2026-02-10 16:07:00,0 B/s,0 B/s,0 B/s,0 B/s,0 B/s,0 B/s,0 B/s,0 B/s,0 B/s,0 B/s,0 B/s,0 B/s,0 B/s,0 B/s,0 B/s,0 B/s,-135 kB/s,0 B/s,0 B/s,0 B/s,0 B/s,0 B/s,0 B/s,0 B/s,0 B/s,0 B/s,0 B/s,0 B/s,0 B/s,0 B/s,0 B/s,0 B/s,0 B/s,0 B/s,745 kB/s,0 B/s
2026-02-10 16:07:30,0 B/s,0 B/s,0 B/s,0 B/s,0 B/s,0 B/s,0 B/s,0 B/s,0 B/s,0 B/s,0 B/s,0 B/s,0 B/s,0 B/s,0 B/s,0 B/s,-135 kB/s,0 B/s,0 B/s,0 B/s,0 B/s,0 B/s,0 B/s,0 B/s,0 B/s,0 B/s,0 B/s,0 B/s,0 B/s,0 B/s,0 B/s,0 B/s,0 B/s,0 B/s,770 kB/s,0 B/s
2026-02-10 16:08:00,0 B/s,0 B/s,0 B/s,0 B/s,0 B/s,0 B/s,0 B/s,0 B/s,0 B/s,0 B/s,0 B/s,0 B/s,0 B/s,0 B/s,0 B/s,0 B/s,-135 kB/s,0 B/s,0 B/s,0 B/s,0 B/s,0 B/s,0 B/s,0 B/s,0 B/s,0 B/s,0 B/s,0 B/s,0 B/s,0 B/s,0 B/s,0 B/s,0 B/s,0 B/s,795 kB/s,0 B/s
2026-02-10 16:08:30,0 B/s,0 B/s,0 B/s,0 B/s,0 B/s,0 B/s,0 B/s,0 B/s,0 B/s,0 B/s,0 B/s,0 B/s,0 B/s,0 B/s,0 B/s,0 B/s,-135 kB/s,0 B/s,0 B/s,0 B/s,0 B/s,0 B/s,0 B/s,0 B/s,0 B/s,0 B/s,0 B/s,0 B/s,0 B/s,0 B/s,0 B/s,0 B/s,0 B/s,0 B/s,819 kB/s,0 B/s
2026-02-10 16:09:00,0 B/s,0 B/s,0 B/s,0 B/s,0 B/s,0 B/s,0 B/s,0 B/s,0 B/s,0 B/s,0 B/s,0 B/s,0 B/s,0 B/s,0 B/s,0 B/s,-135 kB/s,0 B/s,0 B/s,0 B/s,0 B/s,0 B/s,0 B/s,0 B/s,0 B/s,0 B/s,0 B/s,0 B/s,0 B/s,0 B/s,0 B/s,0 B/s,0 B/s,0 B/s,810 kB/s,0 B/s
2026-02-10 16:09:30,0 B/s,0 B/s,0 B/s,0 B/s,0 B/s,0 B/s,0 B/s,0 B/s,0 B/s,0 B/s,0 B/s,0 B/s,0 B/s,0 B/s,0 B/s,0 B/s,-1.73 kB/s,0 B/s,0 B/s,0 B/s,0 B/s,0 B/s,0 B/s,0 B/s,0 B/s,0 B/s,0 B/s,0 B/s,0 B/s,0 B/s,0 B/s,0 B/s,0 B/s,0 B/s,712 kB/s,0 B/s
2026-02-10 16:10:00,0 B/s,0 B/s,0 B/s,0 B/s,0 B/s,0 B/s,0 B/s,0 B/s,0 B/s,0 B/s,0 B/s,0 B/s,0 B/s,0 B/s,0 B/s,0 B/s,-1.93 kB/s,0 B/s,0 B/s,0 B/s,0 B/s,0 B/s,0 B/s,0 B/s,0 B/s,0 B/s,0 B/s,0 B/s,0 B/s,0 B/s,0 B/s,0 B/s,0 B/s,0 B/s,751 kB/s,0 B/s
2026-02-10 16:10:30,0 B/s,0 B/s,0 B/s,0 B/s,0 B/s,0 B/s,0 B/s,0 B/s,0 B/s,0 B/s,0 B/s,0 B/s,0 B/s,0 B/s,0 B/s,0 B/s,-1.89 kB/s,0 B/s,0 B/s,0 B/s,0 B/s,0 B/s,0 B/s,0 B/s,0 B/s,0 B/s,0 B/s,0 B/s,0 B/s,0 B/s,0 B/s,0 B/s,0 B/s,0 B/s,731 kB/s,0 B/s
2026-02-10 16:11:00,0 B/s,0 B/s,0 B/s,0 B/s,0 B/s,0 B/s,0 B/s,0 B/s,0 B/s,0 B/s,0 B/s,0 B/s,0 B/s,0 B/s,0 B/s,0 B/s,-1.64 kB/s,0 B/s,0 B/s,0 B/s,0 B/s,0 B/s,0 B/s,0 B/s,0 B/s,0 B/s,0 B/s,0 B/s,0 B/s,0 B/s,0 B/s,0 B/s,0 B/s,0 B/s,728 kB/s,0 B/s
2026-02-10 16:11:30,0 B/s,0 B/s,0 B/s,0 B/s,0 B/s,0 B/s,0 B/s,0 B/s,0 B/s,0 B/s,0 B/s,0 B/s,0 B/s,0 B/s,0 B/s,0 B/s,-1.71 kB/s,0 B/s,0 B/s,0 B/s,0 B/s,0 B/s,0 B/s,0 B/s,0 B/s,0 B/s,0 B/s,0 B/s,0 B/s,0 B/s,0 B/s,0 B/s,0 B/s,0 B/s,725 kB/s,0 B/s
2026-02-10 16:12:00,0 B/s,0 B/s,0 B/s,0 B/s,0 B/s,0 B/s,0 B/s,0 B/s,0 B/s,0 B/s,0 B/s,0 B/s,0 B/s,0 B/s,0 B/s,0 B/s,-1.16 kB/s,0 B/s,0 B/s,0 B/s,0 B/s,0 B/s,0 B/s,0 B/s,0 B/s,0 B/s,0 B/s,0 B/s,0 B/s,0 B/s,0 B/s,0 B/s,0 B/s,0 B/s,698 kB/s,0 B/s
2026-02-10 16:12:30,0 B/s,0 B/s,0 B/s,0 B/s,0 B/s,0 B/s,0 B/s,0 B/s,0 B/s,0 B/s,0 B/s,0 B/s,0 B/s,0 B/s,0 B/s,0 B/s,-1.19 kB/s,0 B/s,0 B/s,0 B/s,0 B/s,0 B/s,0 B/s,0 B/s,0 B/s,0 B/s,0 B/s,0 B/s,0 B/s,0 B/s,0 B/s,0 B/s,0 B/s,0 B/s,664 kB/s,0 B/s
2026-02-10 16:13:00,0 B/s,0 B/s,0 B/s,0 B/s,0 B/s,0 B/s,0 B/s,0 B/s,0 B/s,0 B/s,0 B/s,0 B/s,0 B/s,0 B/s,0 B/s,0 B/s,-1.15 kB/s,0 B/s,0 B/s,0 B/s,0 B/s,0 B/s,0 B/s,0 B/s,0 B/s,0 B/s,0 B/s,0 B/s,0 B/s,0 B/s,0 B/s,0 B/s,0 B/s,0 B/s,670 kB/s,0 B/s
2026-02-10 16:13:30,0 B/s,0 B/s,0 B/s,0 B/s,0 B/s,0 B/s,0 B/s,0 B/s,0 B/s,0 B/s,0 B/s,0 B/s,0 B/s,0 B/s,0 B/s,0 B/s,-1.07 kB/s,0 B/s,0 B/s,0 B/s,0 B/s,0 B/s,0 B/s,0 B/s,0 B/s,0 B/s,0 B/s,0 B/s,0 B/s,0 B/s,0 B/s,0 B/s,0 B/s,0 B/s,683 kB/s,0 B/s
2026-02-10 16:14:00,0 B/s,0 B/s,0 B/s,0 B/s,0 B/s,0 B/s,0 B/s,0 B/s,0 B/s,0 B/s,0 B/s,0 B/s,0 B/s,0 B/s,0 B/s,0 B/s,-1.11 kB/s,0 B/s,0 B/s,0 B/s,0 B/s,0 B/s,0 B/s,0 B/s,0 B/s,0 B/s,0 B/s,0 B/s,0 B/s,0 B/s,0 B/s,0 B/s,0 B/s,0 B/s,679 kB/s,0 B/s
2026-02-10 16:14:30,0 B/s,0 B/s,0 B/s,0 B/s,0 B/s,0 B/s,0 B/s,0 B/s,0 B/s,0 B/s,0 B/s,0 B/s,0 B/s,0 B/s,0 B/s,0 B/s,-904 B/s,0 B/s,0 B/s,0 B/s,0 B/s,0 B/s,0 B/s,0 B/s,0 B/s,0 B/s,0 B/s,0 B/s,0 B/s,0 B/s,0 B/s,0 B/s,0 B/s,0 B/s,704 kB/s,0 B/s
2026-02-10 16:15:00,0 B/s,0 B/s,0 B/s,0 B/s,0 B/s,0 B/s,0 B/s,0 B/s,0 B/s,0 B/s,0 B/s,0 B/s,0 B/s,0 B/s,0 B/s,0 B/s,-1.14 kB/s,0 B/s,0 B/s,0 B/s,0 B/s,0 B/s,0 B/s,0 B/s,0 B/s,0 B/s,0 B/s,0 B/s,0 B/s,0 B/s,0 B/s,0 B/s,0 B/s,0 B/s,648 kB/s,0 B/s
2026-02-10 16:15:30,0 B/s,0 B/s,0 B/s,0 B/s,0 B/s,0 B/s,0 B/s,0 B/s,0 B/s,0 B/s,0 B/s,0 B/s,0 B/s,0 B/s,0 B/s,0 B/s,-1.15 kB/s,0 B/s,0 B/s,0 B/s,0 B/s,0 B/s,0 B/s,0 B/s,0 B/s,0 B/s,0 B/s,0 B/s,0 B/s,0 B/s,0 B/s,0 B/s,0 B/s,0 B/s,635 kB/s,0 B/s
2026-02-10 16:16:00,0 B/s,0 B/s,0 B/s,0 B/s,0 B/s,0 B/s,0 B/s,0 B/s,0 B/s,0 B/s,0 B/s,0 B/s,0 B/s,0 B/s,0 B/s,0 B/s,-1.27 kB/s,0 B/s,0 B/s,0 B/s,0 B/s,0 B/s,0 B/s,0 B/s,0 B/s,0 B/s,0 B/s,0 B/s,0 B/s,0 B/s,0 B/s,0 B/s,0 B/s,0 B/s,645 kB/s,0 B/s
2026-02-10 16:16:30,0 B/s,0 B/s,0 B/s,0 B/s,0 B/s,0 B/s,0 B/s,0 B/s,0 B/s,0 B/s,0 B/s,0 B/s,0 B/s,0 B/s,0 B/s,0 B/s,-1.19 kB/s,-192 B/s,0 B/s,0 B/s,0 B/s,0 B/s,0 B/s,0 B/s,0 B/s,0 B/s,0 B/s,0 B/s,0 B/s,0 B/s,0 B/s,0 B/s,0 B/s,0 B/s,638 kB/s,0 B/s
2026-02-10 16:17:00,0 B/s,0 B/s,0 B/s,0 B/s,0 B/s,0 B/s,0 B/s,0 B/s,0 B/s,0 B/s,0 B/s,0 B/s,0 B/s,0 B/s,0 B/s,0 B/s,-1.23 kB/s,-192 B/s,0 B/s,0 B/s,0 B/s,0 B/s,0 B/s,0 B/s,0 B/s,0 B/s,0 B/s,0 B/s,0 B/s,0 B/s,0 B/s,0 B/s,0 B/s,0 B/s,639 kB/s,0 B/s
2026-02-10 16:17:30,0 B/s,0 B/s,0 B/s,0 B/s,0 B/s,0 B/s,0 B/s,0 B/s,0 B/s,0 B/s,0 B/s,0 B/s,0 B/s,0 B/s,0 B/s,0 B/s,-1.32 kB/s,-192 B/s,0 B/s,0 B/s,0 B/s,0 B/s,0 B/s,0 B/s,0 B/s,0 B/s,0 B/s,0 B/s,0 B/s,0 B/s,0 B/s,0 B/s,0 B/s,0 B/s,699 kB/s,0 B/s
2026-02-10 16:18:00,0 B/s,0 B/s,0 B/s,0 B/s,0 B/s,0 B/s,0 B/s,0 B/s,0 B/s,0 B/s,0 B/s,0 B/s,0 B/s,0 B/s,0 B/s,0 B/s,-1.27 kB/s,-192 B/s,0 B/s,0 B/s,0 B/s,0 B/s,0 B/s,0 B/s,0 B/s,0 B/s,0 B/s,0 B/s,0 B/s,0 B/s,0 B/s,0 B/s,0 B/s,0 B/s,683 kB/s,0 B/s
2026-02-10 16:18:30,0 B/s,0 B/s,0 B/s,0 B/s,0 B/s,0 B/s,0 B/s,0 B/s,0 B/s,0 B/s,0 B/s,0 B/s,0 B/s,0 B/s,0 B/s,0 B/s,-1.36 kB/s,-192 B/s,0 B/s,0 B/s,0 B/s,0 B/s,0 B/s,0 B/s,0 B/s,0 B/s,0 B/s,0 B/s,0 B/s,0 B/s,0 B/s,0 B/s,0 B/s,0 B/s,662 kB/s,0 B/s
2026-02-10 16:19:00,0 B/s,0 B/s,0 B/s,0 B/s,0 B/s,0 B/s,0 B/s,0 B/s,0 B/s,0 B/s,0 B/s,0 B/s,0 B/s,0 B/s,0 B/s,0 B/s,-1.03 kB/s,-192 B/s,0 B/s,0 B/s,0 B/s,0 B/s,0 B/s,0 B/s,0 B/s,0 B/s,0 B/s,0 B/s,0 B/s,0 B/s,0 B/s,0 B/s,0 B/s,0 B/s,674 kB/s,0 B/s
2026-02-10 16:19:30,0 B/s,0 B/s,0 B/s,0 B/s,0 B/s,0 B/s,0 B/s,0 B/s,0 B/s,0 B/s,0 B/s,0 B/s,0 B/s,0 B/s,0 B/s,0 B/s,-1.01 kB/s,-192 B/s,0 B/s,0 B/s,0 B/s,0 B/s,0 B/s,0 B/s,0 B/s,0 B/s,0 B/s,0 B/s,0 B/s,0 B/s,0 B/s,0 B/s,0 B/s,0 B/s,694 kB/s,0 B/s
2026-02-10 16:20:00,0 B/s,0 B/s,0 B/s,0 B/s,0 B/s,0 B/s,0 B/s,0 B/s,0 B/s,0 B/s,0 B/s,0 B/s,0 B/s,0 B/s,0 B/s,0 B/s,-767 B/s,-192 B/s,0 B/s,0 B/s,0 B/s,0 B/s,0 B/s,0 B/s,0 B/s,0 B/s,0 B/s,0 B/s,0 B/s,0 B/s,0 B/s,0 B/s,0 B/s,0 B/s,747 kB/s,0 B/s
2026-02-10 16:20:30,0 B/s,0 B/s,0 B/s,0 B/s,0 B/s,0 B/s,0 B/s,0 B/s,0 B/s,0 B/s,0 B/s,0 B/s,0 B/s,0 B/s,0 B/s,0 B/s,-1.15 kB/s,-192 B/s,0 B/s,0 B/s,0 B/s,0 B/s,0 B/s,0 B/s,0 B/s,0 B/s,0 B/s,0 B/s,0 B/s,0 B/s,0 B/s,0 B/s,0 B/s,0 B/s,753 kB/s,0 B/s
2026-02-10 16:21:00,0 B/s,0 B/s,0 B/s,0 B/s,0 B/s,0 B/s,0 B/s,0 B/s,0 B/s,0 B/s,0 B/s,0 B/s,0 B/s,0 B/s,0 B/s,0 B/s,-1.23 kB/s,-192 B/s,0 B/s,0 B/s,0 B/s,0 B/s,0 B/s,0 B/s,0 B/s,0 B/s,0 B/s,0 B/s,0 B/s,0 B/s,0 B/s,0 B/s,0 B/s,0 B/s,727 kB/s,0 B/s
2026-02-10 16:21:30,0 B/s,0 B/s,0 B/s,0 B/s,0 B/s,0 B/s,0 B/s,0 B/s,0 B/s,0 B/s,0 B/s,0 B/s,0 B/s,0 B/s,0 B/s,0 B/s,-1.23 kB/s,0 B/s,0 B/s,0 B/s,0 B/s,0 B/s,0 B/s,0 B/s,0 B/s,0 B/s,0 B/s,0 B/s,0 B/s,0 B/s,0 B/s,0 B/s,0 B/s,0 B/s,738 kB/s,0 B/s
2026-02-10 16:22:00,0 B/s,0 B/s,0 B/s,0 B/s,0 B/s,0 B/s,0 B/s,0 B/s,0 B/s,0 B/s,0 B/s,0 B/s,0 B/s,0 B/s,0 B/s,0 B/s,-1.34 kB/s,0 B/s,0 B/s,0 B/s,0 B/s,0 B/s,0 B/s,0 B/s,0 B/s,0 B/s,0 B/s,0 B/s,0 B/s,0 B/s,0 B/s,0 B/s,0 B/s,0 B/s,746 kB/s,0 B/s
2026-02-10 16:22:30,0 B/s,0 B/s,0 B/s,0 B/s,0 B/s,0 B/s,0 B/s,0 B/s,0 B/s,0 B/s,0 B/s,0 B/s,0 B/s,0 B/s,0 B/s,0 B/s,-1.40 kB/s,0 B/s,0 B/s,0 B/s,0 B/s,0 B/s,0 B/s,0 B/s,0 B/s,0 B/s,0 B/s,0 B/s,0 B/s,0 B/s,0 B/s,0 B/s,0 B/s,0 B/s,1.64 MB/s,0 B/s
2026-02-10 16:23:00,0 B/s,0 B/s,0 B/s,0 B/s,0 B/s,0 B/s,0 B/s,0 B/s,0 B/s,0 B/s,0 B/s,0 B/s,0 B/s,0 B/s,0 B/s,0 B/s,-1.96 kB/s,0 B/s,0 B/s,0 B/s,0 B/s,0 B/s,0 B/s,0 B/s,0 B/s,0 B/s,0 B/s,0 B/s,0 B/s,0 B/s,0 B/s,0 B/s,0 B/s,0 B/s,2.61 MB/s,0 B/s
2026-02-10 16:23:30,0 B/s,0 B/s,0 B/s,0 B/s,0 B/s,0 B/s,0 B/s,0 B/s,0 B/s,0 B/s,0 B/s,0 B/s,0 B/s,0 B/s,0 B/s,0 B/s,-600 kB/s,0 B/s,0 B/s,0 B/s,0 B/s,0 B/s,0 B/s,0 B/s,0 B/s,0 B/s,0 B/s,0 B/s,0 B/s,0 B/s,0 B/s,0 B/s,0 B/s,0 B/s,5.40 MB/s,0 B/s
2026-02-10 16:24:00,0 B/s,0 B/s,0 B/s,0 B/s,0 B/s,0 B/s,0 B/s,0 B/s,0 B/s,0 B/s,0 B/s,0 B/s,0 B/s,0 B/s,0 B/s,0 B/s,-600 kB/s,0 B/s,0 B/s,0 B/s,0 B/s,0 B/s,0 B/s,0 B/s,0 B/s,0 B/s,0 B/s,0 B/s,0 B/s,0 B/s,0 B/s,0 B/s,0 B/s,0 B/s,5.56 MB/s,0 B/s
2026-02-10 16:24:30,0 B/s,0 B/s,0 B/s,0 B/s,0 B/s,0 B/s,0 B/s,0 B/s,0 B/s,0 B/s,0 B/s,0 B/s,0 B/s,0 B/s,0 B/s,0 B/s,-600 kB/s,0 B/s,0 B/s,0 B/s,0 B/s,0 B/s,0 B/s,0 B/s,0 B/s,0 B/s,0 B/s,0 B/s,0 B/s,0 B/s,0 B/s,0 B/s,0 B/s,0 B/s,5.57 MB/s,0 B/s
2026-02-10 16:25:00,0 B/s,0 B/s,0 B/s,0 B/s,0 B/s,0 B/s,0 B/s,0 B/s,0 B/s,0 B/s,0 B/s,0 B/s,0 B/s,0 B/s,0 B/s,0 B/s,-605 kB/s,0 B/s,0 B/s,0 B/s,0 B/s,0 B/s,0 B/s,0 B/s,0 B/s,0 B/s,0 B/s,0 B/s,0 B/s,0 B/s,0 B/s,0 B/s,0 B/s,0 B/s,5.57 MB/s,0 B/s
2026-02-10 16:25:30,0 B/s,0 B/s,0 B/s,0 B/s,0 B/s,0 B/s,0 B/s,0 B/s,0 B/s,0 B/s,0 B/s,0 B/s,0 B/s,0 B/s,0 B/s,0 B/s,-605 kB/s,0 B/s,0 B/s,0 B/s,0 B/s,0 B/s,0 B/s,0 B/s,0 B/s,0 B/s,0 B/s,0 B/s,0 B/s,0 B/s,0 B/s,0 B/s,0 B/s,0 B/s,5.60 MB/s,0 B/s
2026-02-10 16:26:00,0 B/s,0 B/s,0 B/s,0 B/s,0 B/s,0 B/s,0 B/s,0 B/s,0 B/s,0 B/s,0 B/s,0 B/s,0 B/s,0 B/s,0 B/s,0 B/s,-605 kB/s,0 B/s,0 B/s,0 B/s,0 B/s,0 B/s,0 B/s,0 B/s,0 B/s,0 B/s,0 B/s,0 B/s,0 B/s,0 B/s,0 B/s,0 B/s,0 B/s,0 B/s,5.55 MB/s,0 B/s
2026-02-10 16:26:30,0 B/s,0 B/s,0 B/s,0 B/s,0 B/s,0 B/s,0 B/s,0 B/s,0 B/s,0 B/s,0 B/s,0 B/s,0 B/s,0 B/s,0 B/s,0 B/s,-605 kB/s,0 B/s,0 B/s,0 B/s,0 B/s,0 B/s,0 B/s,0 B/s,0 B/s,0 B/s,0 B/s,0 B/s,0 B/s,0 B/s,0 B/s,0 B/s,0 B/s,0 B/s,5.53 MB/s,0 B/s
2026-02-10 16:27:00,0 B/s,0 B/s,0 B/s,0 B/s,0 B/s,0 B/s,0 B/s,0 B/s,0 B/s,0 B/s,0 B/s,0 B/s,0 B/s,0 B/s,0 B/s,0 B/s,-605 kB/s,0 B/s,0 B/s,0 B/s,0 B/s,0 B/s,0 B/s,0 B/s,0 B/s,0 B/s,0 B/s,0 B/s,0 B/s,0 B/s,0 B/s,0 B/s,0 B/s,0 B/s,5.53 MB/s,0 B/s
2026-02-10 16:27:30,0 B/s,0 B/s,0 B/s,0 B/s,0 B/s,0 B/s,0 B/s,0 B/s,0 B/s,0 B/s,0 B/s,0 B/s,0 B/s,0 B/s,0 B/s,0 B/s,-605 kB/s,0 B/s,0 B/s,0 B/s,0 B/s,0 B/s,0 B/s,0 B/s,0 B/s,0 B/s,0 B/s,0 B/s,0 B/s,0 B/s,0 B/s,0 B/s,0 B/s,0 B/s,4.64 MB/s,0 B/s
2026-02-10 16:28:00,0 B/s,0 B/s,0 B/s,0 B/s,0 B/s,0 B/s,0 B/s,0 B/s,0 B/s,0 B/s,0 B/s,0 B/s,0 B/s,0 B/s,0 B/s,0 B/s,-472 kB/s,0 B/s,0 B/s,0 B/s,0 B/s,0 B/s,0 B/s,0 B/s,0 B/s,0 B/s,0 B/s,0 B/s,0 B/s,0 B/s,0 B/s,0 B/s,0 B/s,0 B/s,3.48 MB/s,0 B/s
2026-02-10 16:28:30,0 B/s,0 B/s,0 B/s,0 B/s,0 B/s,0 B/s,0 B/s,0 B/s,0 B/s,0 B/s,0 B/s,0 B/s,0 B/s,0 B/s,0 B/s,0 B/s,-6.95 kB/s,0 B/s,0 B/s,0 B/s,0 B/s,0 B/s,0 B/s,0 B/s,0 B/s,0 B/s,0 B/s,0 B/s,0 B/s,0 B/s,0 B/s,0 B/s,0 B/s,0 B/s,891 kB/s,0 B/s
2026-02-10 16:29:00,0 B/s,0 B/s,0 B/s,0 B/s,0 B/s,0 B/s,0 B/s,0 B/s,0 B/s,0 B/s,0 B/s,0 B/s,0 B/s,0 B/s,0 B/s,0 B/s,-6.79 kB/s,0 B/s,0 B/s,0 B/s,0 B/s,0 B/s,0 B/s,0 B/s,0 B/s,0 B/s,0 B/s,0 B/s,0 B/s,0 B/s,0 B/s,0 B/s,0 B/s,0 B/s,723 kB/s,0 B/s
2026-02-10 16:29:30,0 B/s,0 B/s,0 B/s,0 B/s,0 B/s,0 B/s,0 B/s,0 B/s,0 B/s,0 B/s,0 B/s,0 B/s,0 B/s,0 B/s,0 B/s,0 B/s,-6.44 kB/s,0 B/s,0 B/s,0 B/s,0 B/s,0 B/s,0 B/s,0 B/s,0 B/s,0 B/s,0 B/s,0 B/s,0 B/s,0 B/s,0 B/s,0 B/s,0 B/s,0 B/s,704 kB/s,0 B/s
2026-02-10 16:30:00,0 B/s,0 B/s,0 B/s,0 B/s,0 B/s,0 B/s,0 B/s,0 B/s,0 B/s,0 B/s,0 B/s,0 B/s,0 B/s,0 B/s,0 B/s,0 B/s,-1.56 kB/s,0 B/s,0 B/s,0 B/s,0 B/s,0 B/s,0 B/s,0 B/s,0 B/s,0 B/s,0 B/s,0 B/s,0 B/s,0 B/s,0 B/s,0 B/s,0 B/s,0 B/s,704 kB/s,0 B/s
2026-02-10 16:30:30,0 B/s,0 B/s,0 B/s,0 B/s,0 B/s,0 B/s,0 B/s,0 B/s,0 B/s,0 B/s,0 B/s,0 B/s,0 B/s,0 B/s,0 B/s,0 B/s,-2.11 kB/s,-438 B/s,0 B/s,0 B/s,0 B/s,0 B/s,0 B/s,0 B/s,0 B/s,0 B/s,0 B/s,0 B/s,0 B/s,0 B/s,0 B/s,0 B/s,0 B/s,0 B/s,697 kB/s,0 B/s
2026-02-10 16:31:00,0 B/s,0 B/s,0 B/s,0 B/s,0 B/s,0 B/s,0 B/s,0 B/s,0 B/s,0 B/s,0 B/s,0 B/s,0 B/s,0 B/s,0 B/s,0 B/s,-2.64 kB/s,-438 B/s,0 B/s,0 B/s,0 B/s,0 B/s,0 B/s,0 B/s,0 B/s,0 B/s,0 B/s,0 B/s,0 B/s,0 B/s,0 B/s,0 B/s,0 B/s,0 B/s,750 kB/s,0 B/s
2026-02-10 16:31:30,0 B/s,0 B/s,0 B/s,0 B/s,0 B/s,0 B/s,0 B/s,0 B/s,0 B/s,0 B/s,0 B/s,0 B/s,0 B/s,0 B/s,0 B/s,0 B/s,-2.58 kB/s,-438 B/s,0 B/s,0 B/s,0 B/s,0 B/s,0 B/s,0 B/s,0 B/s,0 B/s,0 B/s,0 B/s,0 B/s,0 B/s,0 B/s,0 B/s,0 B/s,0 B/s,742 kB/s,0 B/s
2026-02-10 16:32:00,0 B/s,0 B/s,0 B/s,0 B/s,0 B/s,0 B/s,0 B/s,0 B/s,0 B/s,0 B/s,0 B/s,0 B/s,0 B/s,0 B/s,0 B/s,0 B/s,-3.23 kB/s,-438 B/s,0 B/s,0 B/s,0 B/s,0 B/s,0 B/s,0 B/s,0 B/s,0 B/s,0 B/s,0 B/s,0 B/s,0 B/s,0 B/s,0 B/s,0 B/s,0 B/s,726 kB/s,0 B/s
2026-02-10 16:32:30,0 B/s,0 B/s,0 B/s,0 B/s,0 B/s,0 B/s,0 B/s,0 B/s,0 B/s,0 B/s,0 B/s,0 B/s,0 B/s,0 B/s,0 B/s,0 B/s,-3.66 kB/s,-438 B/s,0 B/s,0 B/s,0 B/s,0 B/s,0 B/s,0 B/s,0 B/s,0 B/s,0 B/s,0 B/s,0 B/s,0 B/s,0 B/s,0 B/s,0 B/s,0 B/s,717 kB/s,0 B/s
2026-02-10 16:33:00,0 B/s,0 B/s,0 B/s,0 B/s,0 B/s,0 B/s,0 B/s,0 B/s,0 B/s,0 B/s,0 B/s,0 B/s,0 B/s,0 B/s,0 B/s,0 B/s,-3.29 kB/s,-438 B/s,0 B/s,0 B/s,0 B/s,0 B/s,0 B/s,0 B/s,0 B/s,0 B/s,0 B/s,0 B/s,0 B/s,0 B/s,0 B/s,0 B/s,0 B/s,0 B/s,715 kB/s,0 B/s
2026-02-10 16:33:30,0 B/s,0 B/s,0 B/s,0 B/s,0 B/s,0 B/s,0 B/s,0 B/s,0 B/s,0 B/s,0 B/s,0 B/s,0 B/s,0 B/s,0 B/s,0 B/s,-3.22 kB/s,-438 B/s,0 B/s,0 B/s,0 B/s,0 B/s,0 B/s,0 B/s,0 B/s,0 B/s,0 B/s,0 B/s,0 B/s,0 B/s,0 B/s,0 B/s,0 B/s,0 B/s,688 kB/s,0 B/s
2026-02-10 16:34:00,0 B/s,0 B/s,0 B/s,0 B/s,0 B/s,0 B/s,0 B/s,0 B/s,0 B/s,0 B/s,0 B/s,0 B/s,0 B/s,0 B/s,0 B/s,0 B/s,-3.52 kB/s,-438 B/s,0 B/s,0 B/s,0 B/s,0 B/s,0 B/s,0 B/s,0 B/s,0 B/s,0 B/s,0 B/s,0 B/s,0 B/s,0 B/s,0 B/s,0 B/s,0 B/s,689 kB/s,0 B/s
2026-02-10 16:34:30,0 B/s,0 B/s,0 B/s,0 B/s,0 B/s,0 B/s,0 B/s,0 B/s,0 B/s,0 B/s,0 B/s,0 B/s,0 B/s,0 B/s,0 B/s,0 B/s,-3.56 kB/s,-438 B/s,0 B/s,0 B/s,0 B/s,0 B/s,0 B/s,0 B/s,0 B/s,0 B/s,0 B/s,0 B/s,0 B/s,0 B/s,0 B/s,0 B/s,0 B/s,0 B/s,697 kB/s,0 B/s
2026-02-10 16:35:00,0 B/s,0 B/s,0 B/s,0 B/s,0 B/s,0 B/s,0 B/s,0 B/s,0 B/s,0 B/s,0 B/s,0 B/s,0 B/s,0 B/s,0 B/s,0 B/s,-3.92 kB/s,-438 B/s,0 B/s,0 B/s,0 B/s,0 B/s,0 B/s,0 B/s,0 B/s,0 B/s,0 B/s,0 B/s,0 B/s,0 B/s,0 B/s,0 B/s,0 B/s,0 B/s,674 kB/s,0 B/s
2026-02-10 16:35:30,0 B/s,0 B/s,0 B/s,0 B/s,0 B/s,0 B/s,0 B/s,0 B/s,0 B/s,0 B/s,0 B/s,0 B/s,0 B/s,0 B/s,0 B/s,0 B/s,-3.56 kB/s,0 B/s,0 B/s,0 B/s,0 B/s,0 B/s,0 B/s,0 B/s,0 B/s,0 B/s,0 B/s,0 B/s,0 B/s,0 B/s,0 B/s,0 B/s,0 B/s,0 B/s,710 kB/s,0 B/s
2026-02-10 16:36:00,0 B/s,0 B/s,0 B/s,0 B/s,0 B/s,0 B/s,0 B/s,0 B/s,0 B/s,0 B/s,0 B/s,0 B/s,0 B/s,0 B/s,0 B/s,0 B/s,-3.12 kB/s,0 B/s,0 B/s,0 B/s,0 B/s,0 B/s,0 B/s,0 B/s,0 B/s,0 B/s,0 B/s,0 B/s,0 B/s,0 B/s,0 B/s,0 B/s,0 B/s,0 B/s,724 kB/s,0 B/s
2026-02-10 16:36:30,0 B/s,0 B/s,0 B/s,0 B/s,0 B/s,0 B/s,0 B/s,0 B/s,0 B/s,0 B/s,0 B/s,0 B/s,0 B/s,0 B/s,0 B/s,0 B/s,-3.03 kB/s,0 B/s,0 B/s,0 B/s,0 B/s,0 B/s,0 B/s,0 B/s,0 B/s,0 B/s,0 B/s,0 B/s,0 B/s,0 B/s,0 B/s,0 B/s,0 B/s,0 B/s,760 kB/s,0 B/s
2026-02-10 16:37:00,0 B/s,0 B/s,0 B/s,0 B/s,0 B/s,0 B/s,0 B/s,0 B/s,0 B/s,0 B/s,0 B/s,0 B/s,0 B/s,0 B/s,0 B/s,0 B/s,-2.26 kB/s,0 B/s,0 B/s,0 B/s,0 B/s,0 B/s,0 B/s,0 B/s,0 B/s,0 B/s,0 B/s,0 B/s,0 B/s,0 B/s,0 B/s,0 B/s,0 B/s,0 B/s,777 kB/s,0 B/s
2026-02-10 16:37:30,0 B/s,0 B/s,0 B/s,0 B/s,0 B/s,0 B/s,0 B/s,0 B/s,0 B/s,0 B/s,0 B/s,0 B/s,0 B/s,0 B/s,0 B/s,0 B/s,-2.23 kB/s,0 B/s,0 B/s,0 B/s,0 B/s,0 B/s,0 B/s,0 B/s,0 B/s,0 B/s,0 B/s,0 B/s,0 B/s,0 B/s,0 B/s,0 B/s,0 B/s,0 B/s,728 kB/s,0 B/s
2026-02-10 16:38:00,0 B/s,0 B/s,0 B/s,0 B/s,0 B/s,0 B/s,0 B/s,0 B/s,0 B/s,0 B/s,0 B/s,0 B/s,0 B/s,0 B/s,0 B/s,0 B/s,-2.71 kB/s,0 B/s,0 B/s,0 B/s,0 B/s,0 B/s,0 B/s,0 B/s,0 B/s,0 B/s,0 B/s,0 B/s,0 B/s,0 B/s,0 B/s,0 B/s,0 B/s,0 B/s,690 kB/s,0 B/s
2026-02-10 16:38:30,0 B/s,0 B/s,0 B/s,0 B/s,0 B/s,0 B/s,0 B/s,0 B/s,0 B/s,0 B/s,0 B/s,0 B/s,0 B/s,0 B/s,0 B/s,0 B/s,-2.85 kB/s,0 B/s,0 B/s,0 B/s,0 B/s,0 B/s,0 B/s,0 B/s,0 B/s,0 B/s,0 B/s,0 B/s,0 B/s,0 B/s,0 B/s,0 B/s,0 B/s,0 B/s,683 kB/s,0 B/s
2026-02-10 16:39:00,0 B/s,0 B/s,0 B/s,0 B/s,0 B/s,0 B/s,0 B/s,0 B/s,0 B/s,0 B/s,0 B/s,0 B/s,0 B/s,0 B/s,0 B/s,0 B/s,-2.89 kB/s,0 B/s,0 B/s,0 B/s,0 B/s,0 B/s,0 B/s,0 B/s,0 B/s,0 B/s,0 B/s,0 B/s,0 B/s,0 B/s,0 B/s,0 B/s,0 B/s,0 B/s,715 kB/s,0 B/s
2026-02-10 16:39:30,0 B/s,0 B/s,0 B/s,0 B/s,0 B/s,0 B/s,0 B/s,0 B/s,0 B/s,0 B/s,0 B/s,0 B/s,0 B/s,0 B/s,0 B/s,0 B/s,-3.05 kB/s,0 B/s,0 B/s,0 B/s,0 B/s,0 B/s,0 B/s,0 B/s,0 B/s,0 B/s,0 B/s,0 B/s,0 B/s,0 B/s,0 B/s,0 B/s,0 B/s,0 B/s,732 kB/s,0 B/s
2026-02-10 16:40:00,0 B/s,0 B/s,0 B/s,0 B/s,0 B/s,0 B/s,0 B/s,0 B/s,0 B/s,0 B/s,0 B/s,0 B/s,0 B/s,0 B/s,0 B/s,0 B/s,-3.37 kB/s,0 B/s,0 B/s,0 B/s,0 B/s,0 B/s,0 B/s,0 B/s,0 B/s,0 B/s,0 B/s,0 B/s,0 B/s,0 B/s,0 B/s,0 B/s,0 B/s,0 B/s,741 kB/s,0 B/s
2026-02-10 16:40:30,0 B/s,0 B/s,0 B/s,0 B/s,0 B/s,0 B/s,0 B/s,0 B/s,0 B/s,0 B/s,0 B/s,0 B/s,0 B/s,0 B/s,0 B/s,0 B/s,-2.90 kB/s,0 B/s,0 B/s,0 B/s,0 B/s,0 B/s,0 B/s,0 B/s,0 B/s,0 B/s,0 B/s,0 B/s,0 B/s,0 B/s,0 B/s,0 B/s,0 B/s,0 B/s,740 kB/s,0 B/s
2026-02-10 16:41:00,0 B/s,0 B/s,0 B/s,0 B/s,0 B/s,0 B/s,0 B/s,0 B/s,0 B/s,0 B/s,0 B/s,0 B/s,0 B/s,0 B/s,0 B/s,0 B/s,-3.29 kB/s,0 B/s,0 B/s,0 B/s,0 B/s,0 B/s,0 B/s,0 B/s,0 B/s,0 B/s,0 B/s,0 B/s,0 B/s,0 B/s,0 B/s,0 B/s,0 B/s,0 B/s,728 kB/s,0 B/s
2026-02-10 16:41:30,0 B/s,0 B/s,0 B/s,0 B/s,0 B/s,0 B/s,0 B/s,0 B/s,0 B/s,0 B/s,0 B/s,0 B/s,0 B/s,0 B/s,0 B/s,0 B/s,-3.40 kB/s,0 B/s,0 B/s,0 B/s,0 B/s,0 B/s,0 B/s,0 B/s,0 B/s,0 B/s,0 B/s,0 B/s,0 B/s,0 B/s,0 B/s,0 B/s,0 B/s,0 B/s,736 kB/s,0 B/s
2026-02-10 16:42:00,0 B/s,0 B/s,0 B/s,0 B/s,0 B/s,0 B/s,0 B/s,0 B/s,0 B/s,0 B/s,0 B/s,0 B/s,0 B/s,0 B/s,0 B/s,0 B/s,-3.32 kB/s,0 B/s,0 B/s,0 B/s,0 B/s,0 B/s,0 B/s,0 B/s,0 B/s,0 B/s,0 B/s,0 B/s,0 B/s,0 B/s,0 B/s,0 B/s,0 B/s,0 B/s,744 kB/s,0 B/s
2026-02-10 16:42:30,0 B/s,0 B/s,0 B/s,0 B/s,0 B/s,0 B/s,0 B/s,0 B/s,0 B/s,0 B/s,0 B/s,0 B/s,0 B/s,0 B/s,0 B/s,0 B/s,-3.18 kB/s,0 B/s,0 B/s,0 B/s,0 B/s,0 B/s,0 B/s,0 B/s,0 B/s,0 B/s,0 B/s,0 B/s,0 B/s,0 B/s,0 B/s,0 B/s,0 B/s,0 B/s,792 kB/s,0 B/s
2026-02-10 16:43:00,0 B/s,0 B/s,0 B/s,0 B/s,0 B/s,0 B/s,0 B/s,0 B/s,0 B/s,0 B/s,0 B/s,0 B/s,0 B/s,0 B/s,0 B/s,0 B/s,-3.40 kB/s,0 B/s,0 B/s,0 B/s,0 B/s,0 B/s,0 B/s,0 B/s,0 B/s,0 B/s,0 B/s,0 B/s,0 B/s,0 B/s,0 B/s,0 B/s,0 B/s,0 B/s,839 kB/s,0 B/s
2026-02-10 16:43:30,0 B/s,0 B/s,0 B/s,0 B/s,0 B/s,0 B/s,0 B/s,0 B/s,0 B/s,0 B/s,0 B/s,0 B/s,0 B/s,0 B/s,0 B/s,0 B/s,-2.85 kB/s,-68.5 B/s,0 B/s,0 B/s,0 B/s,0 B/s,0 B/s,0 B/s,0 B/s,0 B/s,0 B/s,0 B/s,0 B/s,0 B/s,0 B/s,0 B/s,0 B/s,0 B/s,847 kB/s,0 B/s
2026-02-10 16:44:00,0 B/s,0 B/s,0 B/s,0 B/s,0 B/s,0 B/s,0 B/s,0 B/s,0 B/s,0 B/s,0 B/s,0 B/s,0 B/s,0 B/s,0 B/s,0 B/s,-2.66 kB/s,-68.5 B/s,0 B/s,0 B/s,0 B/s,0 B/s,0 B/s,0 B/s,0 B/s,0 B/s,0 B/s,0 B/s,0 B/s,0 B/s,0 B/s,0 B/s,0 B/s,0 B/s,807 kB/s,0 B/s