Time,"name=""rskj-miner1""","name=""rskj-node1""","name=""rskj-node2"""
2026-03-08 12:44:01,272.9561049618979,277.2318195924279,276.12840936519433
2026-03-08 12:44:31,144.27586206896552,66.06896551724138,64.27586206896552
2026-03-08 12:45:01,68.81334896228367,29.92484313590292,27.30469558022478
2026-03-08 12:45:31,70.75862068965517,7.862068965517241,5.379310344827586
2026-03-08 12:46:01,196.84116145941098,5.241740809711015,4.000275881095248
2026-03-08 12:46:31,256.13793103448273,24.413793103448274,24.551724137931036
2026-03-08 12:47:01,139.3055411882349,15.447743181269612,15.171890624461227
2026-03-08 12:47:31,116.81952968760775,4.275567202261914,3.7238811116474726
2026-03-08 12:48:01,177.22915660988897,24.5500310323426,23.170815805806498
2026-03-08 12:48:31,173.08554287487505,32.54835706651036,30.065855256352794
2026-03-08 12:49:01,73.23885383262645,26.481845453605047,24.412951277542152
2026-03-08 12:49:31,133.51724137931035,7.172413793103448,4.9655172413793105
2026-03-08 12:50:01,154.3395055342919,26.068066618392468,24.688803834350537
2026-03-08 12:50:31,197.6551724137931,24.96551724137931,49.37931034482759
2026-03-08 12:51:01,92.9591062685332,27.722226053375632,1.7929797944969312
2026-03-08 12:51:31,127.99117302255017,19.998620784773465,16.412661195779602
2026-03-08 12:52:01,590.6206896551724,8.689655172413794,5.793103448275862
2026-03-08 12:52:31,304,18.20689655172414,286.0689655172414
2026-03-08 12:53:01,106.475415488587,268.25736156127164,37.23881111647473
2026-03-08 12:53:31,134.48739611710747,41.65660884858098,5.6553674264629805
2026-03-08 12:54:01,155.58084203992965,21.65442570945829,19.861384090203785
2026-03-08 12:54:31,152.27586206896552,5.793103448275862,4.413793103448276
2026-03-08 12:55:01,0,3.8623353334712736,3.3105731429753775
2026-03-08 12:55:31,180.68342470949275,22.206130823075064,21.792351987862485
2026-03-08 12:56:01,162.63190564866542,25.381060762811227,23.863714738947515
2026-03-08 12:56:31,117.09537273291498,26.20508930418592,24.13626646438177
2026-03-08 12:57:01,107.03079204165373,25.3784352263715,23.723319885521185
2026-03-08 12:57:31,144.55670885202937,33.24252560433118,31.86316769543777
2026-03-08 12:58:01,84.68673494017446,4.413640908934174,3.4481569601048236
2026-03-08 12:58:31,139.85724630185163,23.999172442329574,22.757835936691837
2026-03-08 12:59:01,80,25.103448275862068,24
2026-03-08 12:59:31,76.41115823592291,4.965346022550947,4.137788352125789
2026-03-08 13:00:01,175.3163902203524,43.58770992103175,24.96637815097072
2026-03-08 13:00:31,117.11152493275401,22.346368715083802,38.20953169184082
2026-03-08 13:01:01,69.52683128707409,20.00275900124155,17.795558008001105
2026-03-08 13:01:31,45.52038071591144,12.000827643285744,12.966411476653562
2026-03-08 13:02:01,100.58640910658846,6.760952052431872,2.2076578130389786
2026-03-08 13:02:31,89.01155770225981,26.772468518199073,4.2780748663101615
2026-03-08 13:03:01,442.0842098003379,286.3547018862719,430.2217317838546
2026-03-08 13:03:31,121.78470450313772,52.961864698986275,51.720570995103785
2026-03-08 13:04:01,110.36004966202235,6.483652917643814,4.828252172713478
2026-03-08 13:04:31,138.24980166258496,38.90862681521852,141.14725259563315
2026-03-08 13:05:01,114.87674538872608,6.067919324254438,4.2751249784519905
2026-03-08 13:05:31,80.4165660884858,5.793303217352322,24.69050656919204
2026-03-08 13:06:01,244.27586206896552,4.413793103448276,149.51724137931035
2026-03-08 13:06:31,212.27586206896552,23.448275862068964,68.41379310344827
2026-03-08 13:07:01,104.82758620689656,20.689655172413794,248.13793103448276
2026-03-08 13:07:31,120.14621698048141,4.138216428719222,3.8623353334712736
2026-03-08 13:08:01,75.14909166120859,2.0683236237029887,1.9304353821227895
2026-03-08 13:08:31,21.37857315264991,20.137236647012173,126.20254473983657
2026-03-08 13:09:01,38.89521050998242,587.9797248370746,256.8187303886073
2026-03-08 13:09:31,459.17241379310343,721.7931034482758,158.89655172413794
2026-03-08 13:10:01,271.42955658230466,51.58264947245018,66.06440935107923
2026-03-08 13:10:31,194.3381262715079,8.689355539464158,6.206682528188684
2026-03-08 13:11:01,409.9168994172615,18.757973862970243,128.82314402951624
2026-03-08 13:11:31,122.34904651884546,46.622297320597255,253.3880478637194
2026-03-08 13:12:01,117.93103448275862,13.241379310344827,11.172413793103448
2026-03-08 13:12:31,9067.65983860956,9006.96599765501,9012.345679012345
2026-03-08 13:13:01,90.21000724162901,9.379633780475187,29.518259250318973
2026-03-08 13:13:31,146.21698048141252,30.760742120146215,21.794606524587902
2026-03-08 13:14:01,277.37931034482756,21.517241379310345,1.9310344827586206
2026-03-08 13:14:31,128.55172413793105,24.137931034482758,23.448275862068964
2026-03-08 13:15:01,108.96927480257938,19.724818097175763,18.345460188282352
2026-03-08 13:15:31,124.00855231395268,35.58866128698531,20.96696323884406
2026-03-08 13:16:01,112,5.379310344827586,17.103448275862068
2026-03-08 13:16:31,65.92876107720424,5.930829971380298,4.551567187338368
2026-03-08 13:17:01,92.82758620689656,43.44827586206897,42.206896551724135
2026-03-08 13:17:31,89.09730363423212,5.7927039514516245,4.275567202261914
2026-03-08 13:18:01,133.25975996689198,28.83156297420334,27.45206235342806
2026-03-08 13:18:31,146.6156339436571,40.27447329402434,24.550877555946343
2026-03-08 13:19:01,57.93103448275862,18.896551724137932,31.17241379310345
2026-03-08 13:19:31,49.10344827586207,14.206896551724137,11.03448275862069
2026-03-08 13:20:01,127.44827586206897,8,5.1034482758620685
2026-03-08 13:20:31,133.6551724137931,47.44827586206897,46.06896551724138
2026-03-08 13:21:01,100.97596303065833,5.517812187467669,4.00041383591406
2026-03-08 13:21:31,93.10344827586206,25.655172413793103,24
2026-03-08 13:22:01,350.67090883939693,278.0467561211786,281.50504910776044
2026-03-08 13:22:31,111.41753998896858,36.95532266960839,32.95642581356868
2026-03-08 13:23:01,113.79702748370632,26.75954343253215,51.174178419945505
2026-03-08 13:23:31,71.86454705334666,35.587434049449975,9.241697989585846
2026-03-08 13:24:01,104.26867112612923,23.170815805806498,26.20508930418592
2026-03-08 13:24:31,84.01448525607863,12.553888601483013,2.7590963959303325
2026-03-08 13:25:01,78.48275862068965,23.17241379310345,20.413793103448274
2026-03-08 13:25:31,90.75862068965517,28.137931034482758,5.517241379310345
2026-03-08 13:26:01,454.49843098037854,11.03486327114728,28.138901341425562
2026-03-08 13:26:31,118.3570714211815,26.071662585784736,24.554264234231127
2026-03-08 13:27:01,111.72413793103448,5.517241379310345,3.862068965517241
2026-03-08 13:27:31,166.87353468487103,5.102744449041511,3.9994483519514548
2026-03-08 13:28:01,218.5430463576159,47.04746136865342,45.667770419426056
2026-03-08 13:28:31,97.53069388881225,32.83211477445165,31.866464339908955
2026-03-08 13:29:01,54.76050898306838,17.655781233835647,15.724680161384873
2026-03-08 13:29:31,128.82758620689654,48,28.551724137931036
2026-03-08 13:30:01,125.93103448275862,7.310344827586206,22.620689655172413
2026-03-08 13:30:31,325.2189504172126,7.033997655334115,5.654782428798014
2026-03-08 13:31:01,446.88114202958525,280.2661977173201,277.78352470604466
2026-03-08 13:31:31,141.51724137931035,66.89655172413794,66.06896551724138
2026-03-08 13:32:01,76.13793103448276,21.241379310344826,18.620689655172413
2026-03-08 13:32:31,82.89941032449394,4.413945308458912,5.103624262905616
2026-03-08 13:33:01,127.17241379310344,24.275862068965516,21.655172413793103
2026-03-08 13:33:31,124.28014759129623,6.345046380909686,5.379495844684299
2026-03-08 13:34:01,118.86785948219395,30.475402489054364,29.64801599613886
2026-03-08 13:34:31,57.66113735903714,19.036452046763458,12.277132117115563
2026-03-08 13:35:01,87.1754198420635,30.070002413876335,32.55284664988447
2026-03-08 13:35:31,497.10344827586204,9.379310344827585,3.7241379310344827
2026-03-08 13:36:01,1.2413793103448276,1.9310344827586206,2.206896551724138
2026-03-08 13:36:31,96.5550536225387,19.035139142729058,18.759267560950374
2026-03-08 13:37:01,98.61728905899795,26.20599289679666,25.65428778317989
2026-03-08 13:37:31,91.58620689655173,4.413793103448276,3.7241379310344827
2026-03-08 13:38:01,164.13793103448276,50.206896551724135,48.41379310344828
2026-03-08 13:38:31,86.34482758620689,7.448275862068965,5.1034482758620685
2026-03-08 13:39:01,93.51401675804283,27.309403124030208,25.930140339988277
2026-03-08 13:39:31,23.036865882677517,6.483429320274511,4.00041383591406
2026-03-08 13:40:01,368.3375853271737,290.6984761773426,288.76784113631663
2026-03-08 13:40:31,119.72826649194798,50.898306838166825,48.41546260215869
2026-03-08 13:41:01,104.27586206896551,22.620689655172413,20.689655172413794
2026-03-08 13:41:31,85.34399558803256,17.509995863780507,15.304012132910522
2026-03-08 13:42:01,471.58562222145633,43.14712065341006,40.94151704173415
2026-03-08 13:42:31,90.47963863315059,10.068618323506087,7.172166477018035
2026-03-08 13:43:01,368.5898541228403,42.62509914818774,40.69386488257406
2026-03-08 13:43:31,293.53748534381685,29.65721773915443,32.278088144009935
2026-03-08 13:44:01,119.29800365479434,28.824604351274008,32.27252353204841
2026-03-08 13:44:31,112.27586206896551,18.620689655172413,7.0344827586206895
2026-03-08 13:45:01,436.01503500120685,5.931239008241663,2.75871581778682
2026-03-08 13:45:31,95.72743887720264,20.276561260733125,19.58688230628642
2026-03-08 13:46:01,112.70908777375409,18.48594585273323,18.34799103293671
2026-03-08 13:46:31,92.2726802524051,40.13654701562015,36.82631633391952
2026-03-08 13:47:01,3186.7586206896553,1565.7931034482758,12902.48275862069
2026-03-08 13:47:31,25501.72437577597,26880.949096427095,16101.117395502828
2026-03-08 13:48:01,474.8146871229098,49.09498362351319,44.681951387691775
2026-03-08 13:48:31,219.86965067760954,649.4017035070174,5.793303217352322
2026-03-08 13:49:01,186.33840212406466,6.482535084997068,40.412399572428534
2026-03-08 13:49:31,117.68763796909491,685.844370860927,5.242825607064017
2026-03-08 13:50:01,221.18798910607782,26.062674526838347,25.097390285103593
2026-03-08 13:50:31,132.69423083554602,21.793854960515876,21.517983378737195
2026-03-08 13:51:01,119.72826649194798,3.8622021449015476,3.310458981344184
2026-03-08 13:51:31,151.58620689655172,4.275862068965517,3.862068965517241
2026-03-08 13:52:01,146.33473553548032,47.858768360802706,47.169160747534654
2026-03-08 13:52:31,453.8087520259319,4.965688472016276,4.13807372668023
2026-03-08 13:53:01,153.79310344827587,4.413793103448276,3.586206896551724
2026-03-08 13:53:31,291.5962619400669,29.10445187765095,27.72509396875754
2026-03-08 13:54:01,155.73487826746674,23.725774191323545,22.484309262707775
2026-03-08 13:54:31,93.51724137931035,40.13793103448276,38.06896551724138
2026-03-08 13:55:01,87.3103448275862,32,28.82758620689655
2026-03-08 13:55:31,356.5271360595821,270.7399489690366,303.2894283152886
2026-03-08 13:56:01,500.9482431640288,44.9639667597669,24.964656391158922
2026-03-08 13:56:31,269.53583005724533,23.725774191323538,5.103800262087041
2026-03-08 13:57:01,237.10344827586206,20.551724137931036,38.89655172413793
2026-03-08 13:57:31,107.59362714669977,44.96861852541554,2.207048761983585
2026-03-08 13:58:01,49.806843267108164,8.278145695364238,28.559602649006617
2026-03-08 13:58:31,90.34482758620689,28.689655172413794,27.310344827586206
2026-03-08 13:59:01,99.16899417261473,34.20571704423985,31.44719147615599
2026-03-08 13:59:31,121.92683010930658,26.619771732009244,5.517051136167719
2026-03-08 14:00:01,148.8173229432453,39.99724156954693,54.47900144817599
2026-03-08 14:00:31,110.49037864680325,9.379957238430238,6.2073246430788345
2026-03-08 14:01:01,294.6105306713562,6.620461363401263,4.965346022550947
2026-03-08 14:01:31,247.17553044915954,44.77817580600716,44.227059796087076
2026-03-08 14:02:01,89.50181003275297,19.03120151697983,17.927943458024476
2026-03-08 14:02:31,44.55018792455432,15.171890624461223,14.344332954036066
2026-03-08 14:03:01,101.51374090548603,15.033964346057033,14.206406675631875
2026-03-08 14:03:31,325.37931034482756,273.6551724137931,276
2026-03-08 14:04:01,79.3103448275862,35.44827586206897,31.310344827586206
2026-03-08 14:04:31,77.92834729836902,33.79193820902727,30.205854970518253
2026-03-08 14:05:01,93.24137931034483,31.03448275862069,24.137931034482758
2026-03-08 14:05:31,440.24550031032345,37.100889593821115,34.066616095441695
2026-03-08 14:06:01,175.16637357332505,71.44581221337194,69.65277059411744
2026-03-08 14:06:31,170.06896551724137,11.03448275862069,31.586206896551722
2026-03-08 14:07:01,370.92213256086626,27.588109524794813,6.759086833574729
2026-03-08 14:07:31,206.06185993586425,26.343919175200853,24.27502499913796
2026-03-08 14:08:01,159.86206896551724,4,1.6551724137931034
2026-03-08 14:08:31,130.8965517241379,25.6551724137931,25.241379310344822
2026-03-08 14:09:01,183.4419502775766,3.8619357953174025,3.310230681700631
2026-03-08 14:09:31,0,3.1724137931034475,3.1724137931034475
2026-03-08 14:10:01,370.0944892751224,347.19635836954274,336.7128767501207
2026-03-08 14:10:31,930.206896551724,42.482758620689644,39.586206896551715
2026-03-08 14:11:01,243.43148748362182,40.54892766016137,347.8380801324047
2026-03-08 14:11:31,291.81175659369075,6.619548353732115,18.75538700224099
2026-03-08 14:12:01,298.0689655172414,62.06896551724138,160.55172413793105
2026-03-08 14:12:31,102.2209959994482,27.45206235342806,39.31576769209546
2026-03-08 14:13:01,135.58620689655172,24.551724137931036,123.44827586206897
2026-03-08 14:13:31,117.6551724137931,5.931034482758621,104.9655172413793
2026-03-08 14:14:01,100.97248086074902,35.72660183460928,139.18201255258984
2026-03-08 14:14:31,98.48275862068965,5.655172413793103,4.551724137931035
2026-03-08 14:15:01,566.8965517241379,5.241379310344827,3.862068965517241
2026-03-08 14:15:31,249.3793103448276,24.413793103448274,238.06896551724137
2026-03-08 14:16:01,144,48.55172413793103,121.93103448275862
2026-03-08 14:16:31,8794.455363608153,8722.733698837972,18533.705734285028
2026-03-08 14:17:01,200.1931567328918,14.624724061810152,5.7947019867549665
2026-03-08 14:17:31,231.98400110337218,21.791600579270398,5.930625474105234
2026-03-08 14:18:01,202.6206896551724,48,40.96551724137931
2026-03-08 14:18:31,90.06896551724138,2.896551724137931,25.655172413793103
2026-03-08 14:19:01,74.89655172413794,24,27.310344827586206
2026-03-08 14:19:31,289.50725837040096,46.34322954380883,44.9639667597669
2026-03-08 14:20:01,742.6561853537443,48.131292235553715,31.995586815611638
2026-03-08 14:20:31,123.43125086195008,5.516480485450282,21.790097917528616
2026-03-08 14:21:01,0,42.21563082016969,24.142926122646067
2026-03-08 14:21:31,217.33434461835483,25.511963042129214,24.684548024546647
2026-03-08 14:22:01,224.59671859920036,3.7225975458431,3.308975596304978
2026-03-08 14:22:31,162.74739673125993,45.23825943038411,44.27280877180884
2026-03-08 14:23:01,135.30567911451328,4.68949346574256,3.5860832385090164
2026-03-08 14:23:31,137.09399351768843,5.516860906144404,4.827253292876353
2026-03-08 14:24:01,200.64814176377303,38.75060332345032,37.923188305867754
2026-03-08 14:24:31,368.9527947312161,273.783662632323,271.16306334264334
2026-03-08 14:25:01,69.79069687252164,13.930554118823487,14.896038067652837
2026-03-08 14:25:31,499.3275630194144,27.035415014310836,26.34573605986413
2026-03-08 14:26:01,96.97220497965377,6.069384095454859,4.138216428719222
2026-03-08 14:26:31,98.34143650218957,27.999034516051168,23.585393607116995
2026-03-08 14:27:01,67.72413793103448,26.068965517241377,23.03448275862069
2026-03-08 14:27:31,60.14415284339759,918.3018932993068,23.864537710797666
2026-03-08 14:28:01,77.93103448275862,714.3448275862069,22.75862068965517
2026-03-08 14:28:31,99.85862556463569,33.10230681700631,27.999034516051168
2026-03-08 14:29:01,100.68271153713538,31.721950210330323,33.51493000482726
2026-03-08 14:29:31,84.9655172413793,27.310344827586206,25.103448275862068
2026-03-08 14:30:01,127.02572236397491,21.377836011309565,27.17053996276119
2026-03-08 14:30:31,73.65263266783904,15.171890624461227,5.241198579359333
2026-03-08 14:31:01,196.12440521343356,7.033997655334115,4.827253292876353
2026-03-08 14:31:31,241.11176247456805,19.724818097175763,17.655781233835647
2026-03-08 14:32:01,143.71918209716907,55.032585083273,52.9636909072101
2026-03-08 14:32:31,322.3337126305989,288.1279955863591,287.71421675114647
2026-03-08 14:33:01,99.5896410221042,35.03569088589261,31.173488740991065
2026-03-08 14:33:31,308.54108479017964,14.344332954036066,9.654839488293506
2026-03-08 14:34:01,292.2758620689655,22.75862068965517,21.241379310344826
2026-03-08 14:34:31,197.3725043964001,19.585531533395397,19.171752698182818
2026-03-08 14:35:01,106.72917815774959,5.239933811362382,3.7231108659680086
2026-03-08 14:35:31,114.48275862068965,41.793103448275865,40.13793103448276
2026-03-08 14:36:01,48.69133418393737,16.138487534052896,14.069450670712781
2026-03-08 14:36:31,52.41560053794958,6.896789544467049,5.241560053794958
2026-03-08 14:37:01,107.16871832005792,26.619771732009237,74.75604289507257
2026-03-08 14:37:31,83.30747215613255,6.0687562497844905,19.17175269818282
2026-03-08 14:38:01,308.13793103448273,24.96551724137931,94.75862068965517
2026-03-08 14:38:31,205.80020000689677,39.863443567019544,179.04065657436462
2026-03-08 14:39:01,89.12496119753042,23.591901493463936,172.04152726520192
2026-03-08 14:39:31,121.78470450313772,12.550858561478519,15.58513205985794
2026-03-08 14:40:01,501.22409572083717,0.8275576704251577,3.7240095169132093
2026-03-08 14:40:31,47.03610469326528,1.9311010724507738,44.69119624814648
2026-03-08 14:41:01,131.0344827586207,25.379310344827587,94.20689655172414
2026-03-08 14:41:31,191.55978485726106,43.44228382292098,237.62239691077093
2026-03-08 14:42:01,375.8231907044099,8.13708926662759,5.792504223700997
2026-03-08 14:42:31,0,18.838522007133705,100.56446306749315
2026-03-08 14:43:01,168.08576648626288,22.613671619152676,81.76772725705816
2026-03-08 14:43:31,399.3103448275862,281.1034482758621,763.7241379310344
2026-03-08 14:44:01,157.24137931034483,22.482758620689655,3.1724137931034484
2026-03-08 14:44:31,173.92503706768733,38.06765283955726,37.240095169132104
2026-03-08 14:45:01,129.6820031730703,16.00331102986825,77.80920190384218
2026-03-08 14:45:31,65.51724137931035,5.1034482758620685,25.379310344827587
2026-03-08 14:46:01,111.86592641125554,4.551881099348253,83.58908927894065
2026-03-08 14:46:31,211.3176316424704,44.00151729369978,116.4178075106038
2026-03-08 14:47:01,93.23494931384043,33.65285152748086,197.36569891731605
2026-03-08 14:47:31,97.52060415876409,25.380185523638744,99.86551260388288
2026-03-08 14:48:01,55.584290196889754,27.033550567221816,101.513740905486
2026-03-08 14:48:31,94.34482758620689,21.103448275862068,80.13793103448276
2026-03-08 14:49:01,88.16225165562913,6.208609271523178,27.869757174392934
2026-03-08 14:49:31,105.10707265767783,25.931928687196105,74.76119866202282
2026-03-08 14:50:01,163.58056618737282,4.551567187338367,3.9998620737215953
2026-03-08 14:50:31,227.86206896551724,22.06896551724138,160.55172413793105
2026-03-08 14:51:01,136.97496379060624,42.76156976343196,132.4229257190151
2026-03-08 14:51:31,16507.084985347352,22899.637993449403,12083.02016893639
2026-03-08 14:52:01,6514.017724749128,7.0347253353563906,19622.0559329632
2026-03-08 14:52:31,134.08824138645306,25.685286197610992,25.685286197610992
2026-03-08 14:53:01,376.9244015842948,48.07990356466333,36.23213363182366
2026-03-08 14:53:31,92.82118474587959,19.998620784773465,25.37756016826426
2026-03-08 14:54:01,71.58620689655173,8.827586206896552,5.655172413793103
2026-03-08 14:54:31,443.8773750818993,25.656057105417425,23.173212869409287
2026-03-08 14:55:01,109.37553877452503,23.033688493500225,21.930278266266683
2026-03-08 14:55:31,100.2793199765509,5.379495844684299,4.2760095175695705
2026-03-08 14:56:01,188.68965517241378,23.586206896551722,49.10344827586207
2026-03-08 14:56:31,44.27738887547846,47.03610469326528,34.75981930411393
2026-03-08 14:57:01,93.38253043208385,41.65660884858098,26.34573605986413
2026-03-08 14:57:31,572.4335321907652,68.55408807200247,72.96803338046138
2026-03-08 14:58:01,487.29354160201365,282.6109444501913,284.54191234785003
2026-03-08 14:58:31,250.224153389889,20.691082143596113,35.450720739361344
2026-03-08 14:59:01,460.82758620689657,50.62068965517241,25.103448275862068
2026-03-08 14:59:31,163.04010483120106,23.58702024207731,22.34559812407324
2026-03-08 15:00:01,143.88687704776686,4.276599413692016,3.862734954302466
2026-03-08 15:00:31,243.86206896551724,19.03448275862069,18.344827586206897
2026-03-08 15:01:01,177.51112030619632,27.58525568083859,26.75769801041343
2026-03-08 15:01:31,102.7657079798607,4.827919166839093,4.000275881095249
2026-03-08 15:02:01,163.72978378564775,58.2089037553019,56.69161005551915
2026-03-08 15:02:31,75.17241379310344,21.103448275862068,19.724137931034484
2026-03-08 15:03:01,170.06638918509856,26102.438856592482,35.636888995906574
2026-03-08 15:03:31,257.09458294541565,15.723595738077995,34.757422157856624
2026-03-08 15:04:01,0,51.58798579261353,24.276699196524014
2026-03-08 15:04:31,507.58620689655174,47.58620689655172,46.3448275862069
2026-03-08 15:05:01,407.738197868892,279.45791234180484,278.7682333873581
2026-03-08 15:05:31,113.52115590192764,30.34587399565502,28.000965550536222
2026-03-08 15:06:01,167.3103448275862,5.517241379310345,4.137931034482759
2026-03-08 15:06:31,222.20689655172413,4.551724137931035,3.7241379310344827
2026-03-08 15:07:01,122.89655172413794,39.58620689655172,39.172413793103445
2026-03-08 15:07:31,141.23650908589357,21.10272059584152,20.13723664701217
2026-03-08 15:08:01,71.58620689655173,19.448275862068964,18.20689655172414
2026-03-08 15:08:31,132.8550734634752,21.935572877147,17.244947230461477
2026-03-08 15:09:01,417.3937032311458,12.000413807372666,6.620917962688368
2026-03-08 15:09:31,118.90065174661194,22.2076623331839,21.793854960515876
2026-03-08 15:10:01,87.4422453623888,3.1721950210330325,1.1033721812288808
2026-03-08 15:10:31,100.14138418566156,39.0358288216835,39.44963619435153
2026-03-08 15:11:01,21.37857315264991,10.344470880314473,9.378986931485121
2026-03-08 15:11:31,5.241740809711016,2.0691082143596113,1.9311676667356372
2026-03-08 15:12:01,14.484256992102631,14.34631168741594,14.34631168741594
2026-03-08 15:12:31,3.0344827586206895,2.3448275862068964,2.3448275862068964
2026-03-08 15:13:01,131.72868029932064,16.138487534052896,14.207386461602121
2026-03-08 15:13:31,376.97851650056896,24.552570778302698,21.380047587847855
2026-03-08 15:14:01,0,25.513722245207557,24.686250172390015
2026-03-08 15:14:31,184.1633328734998,21.520209684094358,20.416609187474137
2026-03-08 15:15:01,180.2882957445341,4.552038071591144,3.5864542382233258
2026-03-08 15:15:31,159.32133250569004,22.898130905579695,21.518725429339955
2026-03-08 15:16:01,172.14386702989756,4.2760095175695705,3.0345873995655017
2026-03-08 15:16:31,144.43371499517175,22.62381018071458,21.382259622016832
2026-03-08 15:17:01,153.09816902865415,4.827419744146753,3.5860832385090164
2026-03-08 15:17:31,138.90613145734187,22.898130905579695,21.65666597696393
2026-03-08 15:18:01,177.68580789791343,4.414554233488532,3.3109156751163993
2026-03-08 15:18:31,381.8062691816959,280.5613986689196,280.42346287803025
2026-03-08 15:19:01,659.907579833092,40.55452100144837,40.00275881095248
2026-03-08 15:19:31,135.0251706778843,50.89304185918213,49.927591200606855
2026-03-08 15:20:01,42.48568866818401,10.069659976550106,8.000551762190495
2026-03-08 15:20:31,86.62068965517241,22.620689655172413,16.96551724137931
2026-03-08 15:21:01,183.86206896551724,4,5.379310344827586
2026-03-08 15:21:31,348.6896551724138,7.0344827586206895,5.379310344827586
2026-03-08 15:22:01,92.9655172413793,21.79310344827586,21.241379310344826
2026-03-08 15:22:31,43.310344827586206,47.86206896551724,46.758620689655174
2026-03-08 15:23:01,93.10344827586206,5.931034482758621,4.137931034482759
2026-03-08 15:23:31,62.57322031562264,43.690993039762944,42.03707532216939
2026-03-08 15:24:01,87.2652076512149,21.781836980871965,19.7139410649664
2026-03-08 15:24:31,73.92083850503379,15.170321334988277,13.653289201489448
2026-03-08 15:25:01,49.23968139029689,13.792627840419296,12.55129133478156
2026-03-08 15:25:31,61.37719388986587,21.79235198786249,20.275162925416367
2026-03-08 15:26:01,44.412261646150135,13.792627840419296,11.723733664356402
2026-03-08 15:26:31,82.20122750155161,19.309013171505413,17.240190331701264
2026-03-08 15:27:01,88.27890616917824,30.070002413876335,28.138901341425562
2026-03-08 15:27:31,8404.689655172413,8341.103448275862,6906.482758620689
2026-03-08 15:28:01,48.96720576571605,42.20835201213834,1474.5336046070552
2026-03-08 15:28:31,89.66754035039317,19.450958752931438,17.93350807007863
2026-03-08 15:29:01,49.52578030694947,26.34937058113468,24.14209346439041
2026-03-08 15:29:31,84.27586206896552,8.137931034482758,5.655172413793103
2026-03-08 15:30:01,87.86206896551724,32.13793103448276,29.93103448275862
2026-03-08 15:30:31,131.28770901568694,5.7921048095156005,2.482330632649543
2026-03-08 15:31:01,112.96162201303405,5.1032723009551395,6.206682528188684
2026-03-08 15:31:31,249.52584571881786,19.035139142729058,18.345460188282352
2026-03-08 15:32:01,145.78807627323195,37.2400951691321,35.72290610668597
2026-03-08 15:32:31,90.8840159977934,20.68680182043856,18.893945662667218
2026-03-08 15:33:01,91.30404799668989,19.722777739466245,16.96434728639404
2026-03-08 15:33:31,102.61715113271956,7.310092755422226,5.5170511361677175
2026-03-08 15:34:01,42.21271899572355,29.797213408746035,27.45206235342806
2026-03-08 15:34:31,54.758620689655174,12.413793103448276,11.448275862068966
2026-03-08 15:35:01,146.90668321953237,4.689978619215118,3.7243947858473
2026-03-08 15:35:31,255.01689538652508,27.99806909868285,27.17053996276119
2026-03-08 15:36:01,0,43.17390254836373,41.10486568502362
2026-03-08 15:36:31,389.4500948112394,272.0910187898638,271.53938976038614
2026-03-08 15:37:01,47.449912065933304,13.241835925376735,10.069312734921892
2026-03-08 15:37:31,126.76299182730438,23.724956032966652,21.931790751405217
2026-03-08 15:38:01,54.758620689655174,21.241379310344826,19.724137931034484
2026-03-08 15:38:31,67.5908683357473,23.449893096075595,21.51872542933996
2026-03-08 15:39:01,81.10904200289674,6.345265190702807,4.552038071591144
2026-03-08 15:39:31,410.12553455649055,6.483652917643814,4.552352048558422
2026-03-08 15:40:01,259.7151822350953,23.03368849350022,21.792351987862485
2026-03-08 15:40:31,275.3103448275862,64.27586206896552,62.89655172413793
2026-03-08 15:41:01,75.99737940071033,4.965346022550947,3.72400951691321
2026-03-08 15:41:31,74.6181166166684,32.27474914658116,30.61963380573084
2026-03-08 15:42:01,109.65139133133341,3.0343781248922452,2.3447467328712803
2026-03-08 15:42:31,163.58620689655172,42.758620689655174,41.241379310344826
2026-03-08 15:43:01,11.861250948210468,3.5859595889938625,2.758430453072202
2026-03-08 15:43:31,3.7243947858473003,2.3449893096075596,2.620870404855508
2026-03-08 15:44:01,737.4486732686933,32.435043649287465,25.119906145405608
2026-03-08 15:44:31,144.10435142689533,17.391904482556335,16.70174954277235
2026-03-08 15:45:01,232.43783839707555,23.036865882677517,21.933303445183984
2026-03-08 15:45:31,292.66947107096064,6.344390042066065,4.965174815529964
2026-03-08 15:46:01,126.76299182730438,18.345460188282352,17.655781233835647
2026-03-08 15:46:31,0,35.724137931034484,34.89655172413793
2026-03-08 15:47:01,406.59264878284256,280.1186125094821,279.5669264188677
2026-03-08 15:47:31,73.49950012066053,43.575688626883164,42.33460888750991
2026-03-08 15:48:01,77.52526123392074,4.8280856640342105,3.862468531227368
2026-03-08 15:48:31,104.55532949412047,25.656057105417425,24.552570778302698
2026-03-08 15:49:01,92.6896551724138,20.551724137931036,19.586206896551722
2026-03-08 15:49:31,91.8652367323011,634.9184454636365,38.070278285458116
2026-03-08 15:50:01,88.41074445708769,690.8727285266026,20.137236647012173
2026-03-08 15:50:31,95.3103448275862,19.03448275862069,28.137931034482758
2026-03-08 15:51:01,93.93427359564122,36.55298458567536,19.31101072450774
2026-03-08 15:51:31,183.48623853211012,9.93308960474581,7.035938470028283
2026-03-08 15:52:01,3067.829925169833,44.96706782992516,44.69119624814648
2026-03-08 15:52:31,3521.224869823097,22.2076623331839,21.24211179695851
2026-03-08 15:53:01,176.6713788228804,2.620418577388546,2.0687515084646417
2026-03-08 15:53:31,284.0097934411531,5.6553674264629805,2466.4298768923063
2026-03-08 15:54:01,117.51318920037241,20.551015482224752,3547.7397331126517
2026-03-08 15:54:31,106.06896551724138,3.1724137931034484,20
2026-03-08 15:55:01,159.88963614416278,21.934816347646144,44.28349715468184
2026-03-08 15:55:31,347.2983690217579,292.2657839384849,269.50794800179307
2026-03-08 15:56:01,114.63650158642572,47.040971168437025,45.66147054766175
2026-03-08 15:56:31,59.02837637485778,15.99834499879323,15.032927628176397
2026-03-08 15:57:01,114.47881107548014,14.620185510844452,13.10299644839833
2026-03-08 15:57:31,0,6.758853753577709,20.96624021517983
2026-03-08 15:58:01,235.70788221501965,39.44555547893249,20.274463830080684
2026-03-08 15:58:31,115.32625189681336,28.417712787970757,24.96896123603256
2026-03-08 15:59:01,84.54006343952558,20.410977796166044,17.652737553440904
2026-03-08 15:59:31,88.94711439012619,18.754740398538235,16.68620285458181
2026-03-08 16:00:01,92.41379310344827,4.413793103448276,3.586206896551724
2026-03-08 16:00:31,83.16667816012689,28.13599062133646,27.3084614854148
2026-03-08 16:01:01,212.54439502086132,28.13696079445536,27.17147684562601
2026-03-08 16:01:31,188.53222080474436,18.4808468089508,2.344585042926594
2026-03-08 16:02:01,135.0298265577049,13.6547015620151,27.033550567221816
2026-03-08 16:02:31,126.62505603641503,5.241560053794958,4.13807372668023
2026-03-08 16:03:01,82.62923750732834,50.074145601269095,45.24605993723488
2026-03-08 16:03:31,98.89655172413794,6.068965517241379,8.96551724137931
2026-03-08 16:04:01,11549.96207158127,11467.76084407972,11499.069029722088
2026-03-08 16:04:31,100.02767017155506,44.96402877697841,53.956834532374096
2026-03-08 16:05:01,229.38722024897407,78.20959343425635,51.45005000172419
2026-03-08 16:05:31,541.5732661999517,28.416732765458494,23.864537710797666
2026-03-08 16:06:01,480.1710462790538,22.20842816745983,21.380784881715986
2026-03-08 16:06:31,181.79937239215144,24.552570778302698,23.58702024207731
2026-03-08 16:07:01,111.1800813849231,42.209807572936064,41.24422373956825
2026-03-08 16:07:31,72.4187875025864,24.69135802469136,24.00165528657149
2026-03-08 16:08:01,0,4.689655172413793,1.793103448275862
2026-03-08 16:08:31,79.85931519602771,24.27502499913796,23.4474673287128
2026-03-08 16:09:01,117.35502999379439,35.165138247259186,33.23450320623319
2026-03-08 16:09:31,110.48656850236213,7.172661126245732,4.965688472016276
2026-03-08 16:10:01,76.41379310344827,6.758620689655173,4.413793103448276
2026-03-08 16:10:31,502.7759577916479,271.1817648884444,269.66447118866165
2026-03-08 16:11:01,158.35028794096345,38.3461498672368,35.311562467671294
2026-03-08 16:11:31,104,27.17241379310345,4.551724137931035
2026-03-08 16:12:01,68.14028069933445,20.276561260733125,38.89789303079416
2026-03-08 16:12:31,68.6896551724138,5.379310344827586,4.413793103448276
2026-03-08 16:13:01,72.2908187900945,4.828585224529213,3.724908601779679
2026-03-08 16:13:31,242.19019377973933,5.378939383490794,4.965174815529964
2026-03-08 16:14:01,161.9310344827586,1.9310344827586206,2.206896551724138
2026-03-08 16:14:31,43.310344827586206,22.344827586206897,23.03448275862069
2026-03-08 16:15:01,132.69423083554602,42.346287803027685,52.96734370150694
2026-03-08 16:15:31,420.5662264216007,44.55326045725714,46.898168902375936
2026-03-08 16:16:01,119.86620228283732,47.17404048415462,34.34601193144591
2026-03-08 16:16:31,270.6206896551724,16.275862068965516,24.82758620689655
2026-03-08 16:17:01,352.2880099313769,26.897479223421495,24.414634987413354
2026-03-08 16:17:31,237.3793103448276,26.344827586206897,5.241379310344827
2026-03-08 16:18:01,221.91572994965864,24.5500310323426,22.481208192538446
2026-03-08 16:18:31,166.75862068965517,3.7241379310344827,3.4482758620689653
2026-03-08 16:19:01,271.7241379310345,273.51724137931035,295.8620689655172
2026-03-08 16:19:31,545.673988758233,50.898306838166825,46.07055415703989
2026-03-08 16:20:01,79.72688713403909,6.207110590020345,4.413945308458912
2026-03-08 16:20:31,133.66439064763088,19.449617214980343,17.794330643492653
2026-03-08 16:21:01,130.34932239042723,37.51853512190075,36.13917721300734
2026-03-08 16:21:31,55.72605951929376,23.035277078519947,21.655919169626536
2026-03-08 16:22:01,73.80073800738008,5.241921578094286,3.862468531227368
2026-03-08 16:22:31,71.03448275862068,5.931034482758621,4.413793103448276
2026-03-08 16:23:01,220.83520121383492,48.55339839304803,47.03610469326528
2026-03-08 16:23:31,202.20689655172413,23.724137931034484,22.896551724137932
2026-03-08 16:24:01,66.48505120866236,7.4485327080244135,6.345046380909686
2026-03-08 16:24:31,90.34171235474638,35.99875866349436,17.654563635736697
2026-03-08 16:25:01,86.35078281260778,31.864266501138015,40.14069935857646
2026-03-08 16:25:31,86.07490171735982,4.9658597144630665,8.13849230981447
2026-03-08 16:26:01,93.13523180630072,7.566377768606411,988.5816480946485
2026-03-08 16:26:31,173.10344827586206,42.62068965517241,315.17241379310343
2026-03-08 16:27:01,101.51724137931035,6.206896551724138,38.62068965517241
2026-03-08 16:27:31,243.7409476515622,6.345265190702809,3.8623353334712744
2026-03-08 16:28:01,233.24137931034483,24.275862068965516,13.241379310344827
2026-03-08 16:28:31,382.3448275862069,270.48275862068965,446.8965517241379
2026-03-08 16:29:01,30.484861024898276,36.69218566797711,33.65749362024968
2026-03-08 16:29:31,163.5918479947584,25.656057105417425,22.897341287630606
2026-03-08 16:30:01,54.89276601613682,23.584580373767327,21.377836011309565
2026-03-08 16:30:31,88.41074445708769,11729.388641770975,35.171200993069206
2026-03-08 16:31:01,141.7833252879112,19.584856216812636,9.378663540445487
2026-03-08 16:31:31,432.44361680115867,26.622525691426993,25.932822953307124
2026-03-08 16:32:01,184.54536050481016,1.9309678976587012,2.34474673287128
2026-03-08 16:32:31,120.27586206896551,26.344827586206897,48.82758620689655
2026-03-08 16:33:01,185.93744611883164,61.933170109314105,37.65647091279009
2026-03-08 16:33:31,108,20.551724137931036,18.75862068965517
2026-03-08 16:34:01,150.89655172413794,29.241379310344826,26.20689655172414
2026-03-08 16:34:31,5605.959237162464,6.621374624961201,5.379866882780976
2026-03-08 16:35:01,5952.830839252466,26.480932349493138,25.65340321357148
2026-03-08 16:35:31,404.4277388875478,12515.603986344355,28826.37332321804
2026-03-08 16:36:01,17692.217509741044,5390.296886314265,4.827419744146754
2026-03-08 16:36:31,105.789455536016,39.86069445881177,38.48143167476984
2026-03-08 16:37:01,88.13489190027929,35.86083238509016,31.86097031136857
2026-03-08 16:37:31,134.7725626788978,33.52070903886608,30.07207642169879
2026-03-08 16:38:01,242.49112038346146,43.86358150281043,40.00137935790889
2026-03-08 16:38:31,353.51724137931035,58.206896551724135,54.48275862068965
2026-03-08 16:39:01,472.12165097755246,7.03424019861384,5.103272300955139
2026-03-08 16:39:31,187.17241379310346,77.24137931034483,74.06896551724138
2026-03-08 16:40:01,77.3819786889203,25.656057105417425,22.621469705851922
2026-03-08 16:40:31,354.65737834948436,275.47677345932334,272.9937579749629
2026-03-08 16:41:01,144.82259232440262,65.65290852039585,63.58401434433296
2026-03-08 16:41:31,93.81251293371044,17.106987652617786,14.899634407118716
2026-03-08 16:42:01,98.21705693692451,31.17563885919233,28.416732765458494
2026-03-08 16:42:31,178.91506017863912,43.03893506224781,40.280028968513975
2026-03-08 16:43:01,183.44827586206895,26.344827586206897,24.82758620689655
2026-03-08 16:43:31,141.512361642702,38.757284231578225,35.998758663494364
2026-03-08 16:44:01,128.70740791833356,10.346254655814596,6.3457028555662855
2026-03-08 16:44:31,255.163615047757,30.343781248922454,27.309403124030208
2026-03-08 16:45:01,81.51161988828358,2.482587407764982,2.2067443624577616
2026-03-08 16:45:31,26.898406786674947,27.588109524794817,27.31222842954687
2026-03-08 16:46:01,72.38698135278331,25.04644601940411,23.257414160875246
2026-03-08 16:46:31,473.39563433221826,349.5292941135901,5.51743163557364
2026-03-08 16:47:01,351.9878624875005,207.02734388469364,2.4826730112754736
2026-03-08 16:47:31,146.62574571536948,2.069036863340115,2.482844236008138
2026-03-08 16:48:01,376.2027935851009,302.534919813761,302.12105535437144
2026-03-08 16:48:31,133.38390978999274,33.24252560433118,31.449360322769746
2026-03-08 16:49:01,72.13793103448276,33.37931034482759,31.862068965517242
2026-03-08 16:49:31,107.72413793103448,32.689655172413794,30.344827586206897
2026-03-08 16:50:01,213.2340264128823,8.689355539464156,5.654977414571911
2026-03-08 16:50:31,372.163597489482,8.966135595558313,6.069384095454859
2026-03-08 16:51:01,0,79.71864009378663,78.61526791255775
2026-03-08 16:51:31,152.5359445574596,6.895838361548806,4.965003620315141
2026-03-08 16:52:01,140.27586206896552,19.310344827586206,17.517241379310345
2026-03-08 16:52:31,132.9471796993518,5.792304509722797,4.413184388360226
2026-03-08 16:53:01,174.75862068965517,17.79310344827586,16.82758620689655
2026-03-08 16:53:31,128.00441394530844,22.06972654229456,21.793854960515876
2026-03-08 16:54:01,143.596110076557,4.9658597144630665,4.138216428719222
2026-03-08 16:54:31,148.4291478428803,4.8280856640342105,3.7245232265406765
2026-03-08 16:55:01,189.24790510017584,42.89803096658505,41.794544639470324
2026-03-08 16:55:31,85.65812614228075,4.551881099348253,3.8622021449015476
2026-03-08 16:56:01,152.17991169977924,26.628035320088298,26.35209713024282
2026-03-08 16:56:31,132.81842631542654,23.170815805806498,22.619129715192056
2026-03-08 16:57:01,355.3103448275862,318.48275862068965,316.9655172413793
2026-03-08 16:57:31,88.9655172413793,14.89655172413793,9.793103448275861
2026-03-08 16:58:01,72.9655172413793,14.758620689655173,15.724137931034482
2026-03-08 16:58:31,81.65235681528223,21.102720595841525,18.206268749353473
2026-03-08 16:59:01,218.48275862068965,7.724137931034482,5.379310344827586
2026-03-08 16:59:31,479.32687334045994,5.241560053794958,3.8622021449015476
2026-03-08 17:00:01,125.92669218302818,18.482121306161858,17.792489914140894
2026-03-08 17:00:31,110.06896551724138,3.586206896551724,2.6206896551724137
2026-03-08 17:01:01,117.93103448275862,2.896551724137931,2.206896551724138
2026-03-08 17:01:31,68.6872866452881,3.3102306817006313,2.3447467328712803
2026-03-08 17:02:01,0,23.86124616392538,23.999172442329574
2026-03-08 17:02:31,116.6896551724138,24.413793103448274,23.310344827586206
2026-03-08 17:03:01,132.68965517241378,4.413793103448276,3.4482758620689653
2026-03-08 17:03:31,195.44153649874139,22.48198337988345,21.93027826626668
2026-03-08 17:04:01,160.39720028962523,3.9995862496983077,3.447919180774403
2026-03-08 17:04:31,117.78904175718077,3.1723044032964376,3.1723044032964376
2026-03-08 17:05:01,155.58620689655172,47.310344827586206,47.03448275862069
2026-03-08 17:05:31,118.7504310047583,26.06716778153231,24.41210950968899
2026-03-08 17:06:01,83.03448275862068,40.96551724137931,39.172413793103445
2026-03-08 17:06:31,112.74982770503102,32.94279807029635,28.669882839421092
2026-03-08 17:07:01,191.6910877434925,8.963971729012238,5.516290294776763
2026-03-08 17:07:31,505.4998103513672,2780.0420675149135,10401.710285852212
2026-03-08 17:08:01,23126.021446057308,21653.484122332175,13244.285073957868
2026-03-08 17:08:31,104.55172413793103,9.517241379310345,15.586206896551724
2026-03-08 17:09:01,127.43767411957997,24.144581755839702,22.715908279162797
2026-03-08 17:09:31,99.21984396879375,26.805361072214442,25.60512102420484
2026-03-08 17:10:01,97.23802627495604,27.309403124030208,3.5860832385090173
2026-03-08 17:10:31,135.0251706778843,25.79132473622509,47.58292531549549
2026-03-08 17:11:01,140.82758620689654,622.4827586206897,24.137931034482758
2026-03-08 17:11:31,283.2958319939998,728.311725418765,10.428943890853246
2026-03-08 17:12:01,183.89118549139886,5.734097879717296,1.4668622482997733
2026-03-08 17:12:31,1.2856683689868218,2.1427806149780366,1.9999285739795007
2026-03-08 17:13:01,56.27198124267292,24.27418798703538,23.860423419074547
2026-03-08 17:13:31,82.89655172413794,1.6551724137931034,24
2026-03-08 17:14:01,74.34739128935479,54.07083002862167,30.89761715921238
2026-03-08 17:14:31,64.69188592710093,3.586330563122866,4.689816890237593
2026-03-08 17:15:01,64.6896551724138,5.931034482758621,24.82758620689655
2026-03-08 17:15:31,177.23526774938796,48.13627116306335,25.378435226371508
2026-03-08 17:16:01,61.101341333057476,2.482673011275473,1.5171890624461224
2026-03-08 17:16:31,2.620599289679666,2.0688941760628943,2.0688941760628943
2026-03-08 17:17:01,13.241379310344827,12.551724137931034,17.379310344827587
2026-03-08 17:17:31,962.6206896551724,50.06896551724138,38.206896551724135
2026-03-08 17:18:01,912.6581842005448,278.33522981966144,270.887210785835
2026-03-08 17:18:31,358.6083238509016,38.343505396365636,40.55032585083273
2026-03-08 17:19:01,207.2295805739514,2.345474613686534,2.7593818984547456
2026-03-08 17:19:31,6.758387641805454,1.9309678976587012,2.0688941760628943
2026-03-08 17:20:01,96.84762364627163,55.321790715320404,31.454783748361727
2026-03-08 17:20:31,68.2829258199124,5.9316481015277445,27.727006242025038
2026-03-08 17:21:01,72.27586206896552,33.10344827586207,31.586206896551722
2026-03-08 17:21:31,61.50875741277065,23.58295407529996,21.514273893256103
2026-03-08 17:22:01,118.0771087661218,28.13987171529071,26.070763500931097
2026-03-08 17:22:31,88,40.689655172413794,25.93103448275862
2026-03-08 17:23:01,40.689655172413794,20.82758620689655,30.20689655172414
2026-03-08 17:23:31,79.9972414744319,9.792765766697698,6.896313920209647
2026-03-08 17:24:01,105.37931034482759,7.310344827586206,5.1034482758620685
2026-03-08 17:24:31,346.74666390814104,45.10189303817109,44.9639667597669
2026-03-08 17:25:01,177.3548476072266,25.651634257343815,17.652737553440904
2026-03-08 17:25:31,121.92262602579133,3.0342734983794224,11.447486380249638
2026-03-08 17:26:01,120.6896551724138,4.413793103448276,3.586206896551724
2026-03-08 17:26:31,88.6835390662713,5.103096338183573,769.1883318391835
2026-03-08 17:27:01,253.32689788319658,3.8612700820519894,0
2026-03-08 17:27:31,377.07744293497,268.3952830839253,283.704572098476
2026-03-08 17:28:01,93.93427359564122,63.036656436428835,59.72619745508465
2026-03-08 17:28:31,507.22488533296547,6.483429320274511,4.690140359347518
2026-03-08 17:29:01,99.56217464749888,22.615230806357083,20.408866825249078
2026-03-08 17:29:31,259.7241379310345,7.0344827586206895,4.9655172413793105
2026-03-08 17:30:01,188.27586206896552,48.96551724137931,47.310344827586206
2026-03-08 17:30:31,51.724137931034484,41.93103448275862,40
2026-03-08 17:31:01,58.618668321782,10.75824971552705,8.551429261059962
2026-03-08 17:31:31,156.8167712571547,6.758154610026895,4.6893317702227435
2026-03-08 17:32:01,126.48712024552569,21.655919169626536,20.138625469843785
2026-03-08 17:32:31,190.13477646409982,5.515149426079763,4.274240805211816
2026-03-08 17:33:01,99.3103448275862,20.551724137931036,19.586206896551722
2026-03-08 17:33:31,163.44827586206895,5.241379310344827,4.689655172413793
2026-03-08 17:34:01,0,20.13723664701217,19.585531533395397
2026-03-08 17:34:31,194.20689655172413,27.17241379310345,26.068965517241377
2026-03-08 17:35:01,131.46187536641722,40.0041383591406,38.072904093526915
2026-03-08 17:35:31,76.54908451432709,31.033412640943418,16.551153408503158
2026-03-08 17:36:01,85.10051377538704,3.8619357953174025,16.964932243715733
2026-03-08 17:36:31,81.37931034482759,7.586206896551724,5.1034482758620685
2026-03-08 17:37:01,329.51724137931035,4.9655172413793105,2.7586206896551726
2026-03-08 17:37:31,379.71104444674324,276.6801144788111,275.85255680838594
2026-03-08 17:38:01,48.275862068965516,3.1724137931034484,0.5517241379310345
2026-03-08 17:38:31,187.0344827586207,69.24137931034483,69.37931034482759
2026-03-08 17:39:01,120.94883464349745,24.824162184526273,23.03130602675493
2026-03-08 17:39:31,82.33347124534546,28.96152254861398,27.030754378706384
2026-03-08 17:40:01,93.10344827586206,31.586206896551722,30.20689655172414
2026-03-08 17:40:31,91.16927002517156,30.895486362539224,29.79207613530568
2026-03-08 17:41:01,94.34808096830923,31.587296113659086,25.931928687196105
2026-03-08 17:41:31,278.7615201408305,50.80943011977495,46.39121880501191
2026-03-08 17:42:01,199.81992196618532,7.870077033381131,5.869209990996097
2026-03-08 17:42:31,373.6551724137931,44.82758620689655,43.724137931034484
2026-03-08 17:43:01,439.8620689655172,12.137931034482758,9.379310344827585
2026-03-08 17:43:31,9189.006517466118,9087.485775371564,16708.98996517121
2026-03-08 17:44:01,423.3103448275862,71.58620689655173,12.689655172413794
2026-03-08 17:44:31,531.3286665057415,56.41573847374047,100.2793199765509
2026-03-08 17:45:01,461.91510637564215,5.241198579359332,6.06875624978449
2026-03-08 17:45:31,1.3793103448275863,20.551724137931036,1.9310344827586206
2026-03-08 17:46:01,74.06641150305163,47.446639771042385,45.1018930381711
2026-03-08 17:46:31,136.55172413793105,10.068965517241379,27.448275862068964
2026-03-08 17:47:01,126.47403627336047,3.1721950210330325,25.37756016826426
2026-03-08 17:47:31,9.515928837401738,24.686250172390015,2.206592194180113
2026-03-08 17:48:01,95.9966897693183,7.861797869038997,6.896313920209647
2026-03-08 17:48:31,367.0344827586207,7.586206896551724,5.379310344827586
2026-03-08 17:49:01,228.28571428571428,24,23.142857142857142
2026-03-08 17:49:31,121.40212787246108,3.068405429743522,3.068405429743522
2026-03-08 17:50:01,156.82758620689654,43.724137931034484,61.93103448275862
2026-03-08 17:50:31,90.34482758620689,37.793103448275865,17.655172413793103
2026-03-08 17:51:01,124.1422118004069,6.069174799131003,4.2760095175695705
2026-03-08 17:51:31,435.6012276285389,272.69905858822716,270.0782785613297
2026-03-08 17:52:01,107.61218225088815,66.22288138516194,64.98120235919015
2026-03-08 17:52:31,77.10078962794387,15.171890624461227,13.93055411882349
2026-03-08 17:53:01,139.5765809254534,21218.6745741673,23.03289428315289
2026-03-08 17:53:31,135.99028640811372,49.139347189486465,36.71166345261053
2026-03-08 17:54:01,114.95632459825298,23.338000933520036,22.537840901513636
2026-03-08 17:54:31,47.44663977104237,21.5164994310541,13.930554118823487
2026-03-08 17:55:01,532.2758620689655,7.310344827586206,11.172413793103448
2026-03-08 17:55:31,0,24.275862068965516,5.793103448275862
2026-03-08 17:56:01,332.7024034855898,3.857005106960466,20.999250026784757
2026-03-08 17:56:31,138.6759117274485,3.06687112474165,3.06687112474165
2026-03-08 17:57:01,116.00400013793578,19.724818097175763,19.1730749336184
2026-03-08 17:57:31,172.13793103448276,3.7241379310344827,3.7241379310344827
2026-03-08 17:58:01,113,3.571428571428571,2.8571428571428568
2026-03-08 17:58:31,118.55704474228179,16.936720677468827,3.3340001333600053
2026-03-08 17:59:01,128.3552255853798,24.985722444317535,73.38663620788122
2026-03-08 17:59:31,134.02737081595367,46.05467268778655,12.547829983798131
2026-03-08 18:00:01,471.13992138473213,14.619681401282671,6.620233087373284
2026-03-08 18:00:31,522.4349025694085,297.15468184169686,297.98241076047594
2026-03-08 18:01:01,172.54577428364536,72.4112961622013,86.89355539464155
2026-03-08 18:01:31,260.3868565320829,51.029203875461164,399.95862496983074
2026-03-08 18:02:01,212.82758620689654,50.206896551724135,162.3448275862069
2026-03-08 18:02:31,295.0243095065688,48.82590255508431,99.03106789421055
2026-03-08 18:03:01,356.56401944894645,7.4485327080244135,26.069864478085446
2026-03-08 18:03:31,283.99020723423325,52.136133236784936,30.61963380573083
2026-03-08 18:04:01,221.10344827586206,54.06896551724138,49.6551724137931
2026-03-08 18:04:31,93.67455335586673,7.173898047871974,4.966544802372905
2026-03-08 18:05:01,629.9310344827586,6.206896551724138,4.413793103448276
2026-03-08 18:05:31,217.92351987862486,20.13723664701217,3.7240095169132093
2026-03-08 18:06:01,277.9406186420221,317.2523190454843,277.9406186420221
2026-03-08 18:06:31,114.89655172413794,4.9655172413793105,42.3448275862069
2026-03-08 18:07:01,112.82369573462982,4.551567187338367,3.5860832385090164
2026-03-08 18:07:31,204.69671367978202,51.725921583502874,49.93275630194144
2026-03-08 18:08:01,138.20689655172413,24.551724137931036,11.448275862068966
2026-03-08 18:08:31,89.64589870013448,19.997931248491536,28.824604351274008
2026-03-08 18:09:01,116.69770328988206,24.415476929443408,49.24477550175874
2026-03-08 18:09:31,227.3103448275862,38.48275862068965,27.586206896551722
2026-03-08 18:10:01,193.1101072450774,73.24390496224007,51.58798579261353
2026-03-08 18:10:31,337.37931034482756,7.724137931034482,5.931034482758621
2026-03-08 18:11:01,264.6622763162432,26.204185773885463,44.685032582836264
2026-03-08 18:11:31,8028.275862068966,25316,10888.551724137931
2026-03-08 18:12:01,17325.471535464294,6.482535084997068,27429.95069135547
2026-03-08 18:12:31,222.20689655172413,22.20689655172414,23.310344827586206
2026-03-08 18:13:01,395.8620689655172,25.655172413793103,23.03448275862069
2026-03-08 18:13:31,188.82107513534015,31.03341264094341,28.964518464880516
2026-03-08 18:14:01,195.85531533395397,7.723871590634805,4.68949346574256
2026-03-08 18:14:31,204.13793103448276,27.448275862068964,25.517241379310345
2026-03-08 18:15:01,145.76797103947595,27.443544216514393,1.6548870884330287
2026-03-08 18:15:31,124.42237395682463,2.3449893096075596,51.58976481136631
2026-03-08 18:16:01,118.05268238863604,27.996138463660184,3.3098882912701697
2026-03-08 18:16:31,0,27.728918779099843,26.487325400931194
2026-03-08 18:17:01,498.77615747922914,37.37028993001689,36.40500568828214
2026-03-08 18:17:31,103.3103448275862,5.1034482758620685,4.137931034482759
2026-03-08 18:18:01,73.79819297882614,20.139319953100216,19.725498310228296
2026-03-08 18:18:31,1.9309678976587012,1.9309678976587012,1.9309678976587012
2026-03-08 18:19:01,1.6551724137931034,1.5172413793103448,1.5172413793103448
2026-03-08 18:19:31,3.1732891832229577,1.9315673289183222,1.9315673289183222
2026-03-08 18:20:01,31.447191476155997,5.930829971380298,4.551567187338368
2026-03-08 18:20:31,102.47922485431536,23.585393607116995,20.55101548222475
2026-03-08 18:21:01,84.13793103448276,20.96551724137931,18.482758620689655
2026-03-08 18:21:31,99.16899417261473,37.2400951691321,34.89534843626082
2026-03-08 18:22:01,408.55172413793105,304.41379310344826,278.3448275862069
2026-03-08 18:22:31,121.52143177350942,37.65647091279009,37.10472774923273
2026-03-08 18:23:01,196.13116789076236,7.4480190338264185,5.792903692976104
2026-03-08 18:23:31,404.1100613750776,39.72139852423971,38.342183297703606
2026-03-08 18:24:01,126.76299182730438,24.414634987413354,22.34559812407324
2026-03-08 18:24:31,235.72413793103448,28.689655172413794,26.620689655172413
2026-03-08 18:25:01,220.9578980035171,44.13640908934174,42.20544119168304
2026-03-08 18:25:31,122.21532519484101,25.10517966756328,2.896751500103455
2026-03-08 18:26:01,93.10023792283023,27.72318195924278,22.206130823075064
2026-03-08 18:26:31,84.40797186400938,3.4480380663402523,26.06716778153231
2026-03-08 18:27:01,0,19.587557762604316,17.380509000620734
2026-03-08 18:27:31,77.51189573132888,6.482311564719675,4.6893317702227435
2026-03-08 18:28:01,149.9310344827586,23.448275862068964,21.655172413793103
2026-03-08 18:28:31,115.29046716083432,5.378383037407343,4.2751249784519905
2026-03-08 18:29:01,180.1255085856148,23.308737328460108,23.03289428315289
2026-03-08 18:29:31,193.9310344827586,44,43.03448275862069
2026-03-08 18:30:01,124.27586206896551,4.551724137931035,3.586206896551724
2026-03-08 18:30:31,385.91772697493184,27.861108237646974,26.895624288817622
2026-03-08 18:31:01,96.96886099520671,288.83754612228006,314.49360322769746
2026-03-08 18:31:31,86.74964658828398,33.65169120435817,4.965003620315141
2026-03-08 18:32:01,178.2007516982173,5.792903692976104,4.1377883521257885
2026-03-08 18:32:31,16293.231267887315,21.516499431054104,20.413089203820558
2026-03-08 18:33:01,32760.026207800263,1449.8430980378632,1500.0517259215833
2026-03-08 18:33:31,579.2903692976104,132.27130098962104,47341.40202061997
2026-03-08 18:34:01,97.37931034482759,35.58620689655172,36.82758620689655
2026-03-08 18:34:31,77.09015686950525,8.412342699534562,5.378383037407343
2026-03-08 18:35:01,201.3793103448276,7.448275862068965,4.689655172413793
2026-03-08 18:35:31,330.8965517241379,25.103448275862068,24.137931034482758
2026-03-08 18:36:01,109.65139133133341,42.20544119168305,41.2399572428537
2026-03-08 18:36:31,53.92917485603944,17.79248991414089,16.41322713009896
2026-03-08 18:37:01,82.34482758620689,33.51724137931034,15.586206896551724
2026-03-08 18:37:31,118.34074687079755,3.9998620737215953,18.482121306161854
2026-03-08 18:38:01,59.995862354320394,41.79022136404386,38.20426177505
2026-03-08 18:38:31,72.6921617986827,23.035277078519947,18.06958860650367
2026-03-08 18:39:01,359.8248457056167,28.824604351274008,26.34210254111644
2026-03-08 18:39:31,236.82758620689654,23.862068965517242,23.586206896551722
2026-03-08 18:40:01,138.07848817159802,4.138216428719222,3.4485136905993516
2026-03-08 18:40:31,455.53908216391414,286.31520877150643,286.03937523704445
2026-03-08 18:41:01,154.6206896551724,26.75862068965517,26.068965517241377
2026-03-08 18:41:31,165.66088485809854,3.8622021449015476,3.586330563122866
2026-03-08 18:42:01,160.68411434088478,50.20516533912623,48.825902555084305
2026-03-08 18:42:31,85.53198827384031,22.762545266425246,21.245042248663562
2026-03-08 18:43:01,48.40878529807262,10.619591076785161,8.964589870013448
2026-03-08 18:43:31,101.93103448275862,6.482758620689655,5.379310344827586
2026-03-08 18:44:01,74.06641150305161,23.4474673287128,22.48198337988345
2026-03-08 18:44:31,86.89655172413794,26.896551724137932,25.517241379310345
2026-03-08 18:45:01,88.6896551724138,27.862068965517242,26.068965517241377
2026-03-08 18:45:31,125.09913451260303,26.48184545360505,23.309541050308614
2026-03-08 18:46:01,90.62068965517241,33.93103448275862,31.448275862068964
2026-03-08 18:46:31,56.275862068965516,21.379310344827587,18.482758620689655
2026-03-08 18:47:01,99.0413131940134,38.623353334712746,36.55424512035314
2026-03-08 18:47:31,136.41379310344828,10.206896551724137,7.172413793103448
2026-03-08 18:48:01,561.6551724137931,24.137931034482758,21.655172413793103
2026-03-08 18:48:31,2460.636573674954,3345.9084796027446,9130.10793475637
2026-03-08 18:49:01,6854.068965517241,5876.827586206897,3.586206896551724
2026-03-08 18:49:31,124.68535567739045,3.5860832385090173,2.2068204544670875
2026-03-08 18:50:01,101.80714581321563,30.21106359497862,29.383363222513452
2026-03-08 18:50:31,7.999724147443191,7.310092755422226,7.310092755422226
2026-03-08 18:51:01,1.5172413793103448,1.3793103448275863,1.3793103448275863
2026-03-08 18:51:31,136.6990826953583,19.863438857852266,17.65639009586868
2026-03-08 18:52:01,108.27212854729146,34.06779076583566,29.930002413709868
2026-03-08 18:52:31,151.86730576916443,11.724542225593984,7.310596917135072
2026-03-08 18:53:01,151.1672011309955,45.653598151787875,42.895072583704014
2026-03-08 18:53:31,155.3049894831213,6.482535084997069,5.654977414571912
2026-03-08 18:54:01,271.0344827586207,5.517241379310345,4.275862068965517
2026-03-08 18:54:31,163.8564187441812,24.412951277542152,23.723319885521185
2026-03-08 18:55:01,126.61632357504912,19.999310368607976,19.72345781179959
2026-03-08 18:55:31,120.6896551724138,20.551724137931036,19.862068965517242
2026-03-08 18:56:01,158.7640953136315,46.48436152970791,45.65674678437187
2026-03-08 18:56:31,55.32369882385403,5.1046804401062325,4.414858759010795
2026-03-08 18:57:01,137.49827609984828,31.581850779202867,30.616466694249066
2026-03-08 18:57:31,419.2814288669747,51.58264947245018,41.23853527342942
2026-03-08 18:58:01,624.9655172413793,277.2413793103448,275.44827586206895
2026-03-08 18:58:31,238.88831419606217,60.96341505465328,58.894520878590384
2026-03-08 18:59:01,0,48.41212371987173,46.48115582221303
2026-03-08 18:59:31,172.8395061728395,4.9658597144630665,6.621146285950755
2026-03-08 19:00:01,235.58620689655172,8.689655172413794,3.1724137931034484
2026-03-08 19:00:31,602.4827586206897,21.379310344827587,21.103448275862068
2026-03-08 19:01:01,130.34932239042723,50.76037104727749,49.93275630194144
2026-03-08 19:01:31,108.13793103448276,36.96551724137931,34.06896551724138
2026-03-08 19:02:01,172.83354598434425,10.345184316700575,6.207110590020345
2026-03-08 19:02:31,307.04507051967306,24.82844236008138,22.06972654229456
2026-03-08 19:03:01,161.91428472916596,21.65293245526325,21.101265386339346
2026-03-08 19:03:31,76.68701079273127,32.27474914658115,30.48170752732664
2026-03-08 19:04:01,168.82758620689654,8.551724137931034,5.931034482758621
2026-03-08 19:04:31,210.86746655633704,6.206040546131568,4.137360364087712
2026-03-08 19:05:01,195.46175598317126,20.553141595972136,19.725498310228293
2026-03-08 19:05:31,343.7834109329195,280.60010346611483,279.77237454733574
2026-03-08 19:06:01,96.26258447110743,47.717556199144944,46.06261205350986
2026-03-08 19:06:31,120.02069322296947,12.27797896188998,7.449560269011898
2026-03-08 19:07:01,289.66516086761607,43.31183833925307,41.10486568502362
2026-03-08 19:07:31,66.61839246922518,18.482121306161854,17.240784800524118
2026-03-08 19:08:01,73.24390496224007,23.311148660298628,21.24211179695851
2026-03-08 19:08:31,138.7538360746181,7.172166477018033,4.965346022550946
2026-03-08 19:09:01,83.86206896551724,53.241379310344826,51.03448275862069
2026-03-08 19:09:31,113.2335700986139,21.791600579270398,19.722777739466245
2026-03-08 19:10:01,0,8.964898972484656,6.620233087373284
2026-03-08 19:10:31,479.0675218980619,1.3794054762397407,2.069108214359611
2026-03-08 19:11:01,92.27586206896551,16.82758620689655,15.448275862068964
2026-03-08 19:11:31,102.89300368952793,5.5170511361677175,3.7240095169132093
2026-03-08 19:12:01,140.94121703154627,638.7864161351491,37.09705223237373
2026-03-08 19:12:31,34.208076140556564,651.0569329976895,15.724680161384873
2026-03-08 19:13:01,70.06654942933002,33.79193820902728,23.861246163925383
2026-03-08 19:13:31,68.55172413793103,13.517241379310345,12.413793103448276
2026-03-08 19:14:01,80.96272542326126,6.482535084997068,5.103272300955139
2026-03-08 19:14:31,843.7241379310344,294.7586206896552,293.7931034482759
2026-03-08 19:15:01,142.20199303472293,25.24050894796731,24.688803834350537
2026-03-08 19:15:31,136.6943687713369,41.3807372668023,24.276699196524014
2026-03-08 19:16:01,75.86730119318575,17.51844954824471,31.03662321539417
2026-03-08 19:16:31,75.72152684390193,10.896175993931243,8.96520809627254
2026-03-08 19:17:01,98.2035102237854,29.930002413709875,27.99903451605117
2026-03-08 19:17:31,92.6896551724138,12.689655172413794,9.655172413793103
2026-03-08 19:18:01,103.86206896551724,25.79310344827586,22.896551724137932
2026-03-08 19:18:31,178.7462933590787,35.03206675401697,32.825322391559205
2026-03-08 19:19:01,92.41379310344827,39.58620689655172,38.48275862068965
2026-03-08 19:19:31,94.75862068965517,5.1034482758620685,4.137931034482759
2026-03-08 19:20:01,65.10120340677906,4.551567187338367,3.5860832385090164
2026-03-08 19:20:31,166.3046850760161,43.575688626883164,42.61040438514841
2026-03-08 19:21:01,85.24137931034483,27.310344827586206,26.344827586206897
2026-03-08 19:21:31,18.62004758456605,1.2413365056377366,1.3792627840419294
2026-03-08 19:22:01,1.5171890624461224,1.5171890624461224,1.3792627840419294
2026-03-08 19:22:31,45.64887601710109,6.481864570404082,4.68900841263274
2026-03-08 19:23:01,118.47867314920174,45.92945070859625,43.17092514051239
2026-03-08 19:23:31,14843.58620689655,23832.137931034482,23815.1724137931
2026-03-08 19:24:01,9176.511154787766,7.999724147443192,5.1032723009551395
2026-03-08 19:24:31,78.62068965517241,25.79310344827586,22.482758620689655
2026-03-08 19:25:01,293.2413793103448,7.448275862068965,5.1034482758620685
2026-03-08 19:25:31,192.00662091796266,2.069036863340115,1.9311010724507738
2026-03-08 19:26:01,100.82063305978899,21.791600579270398,21.929522101924007
2026-03-08 19:26:31,93.37609047963862,36.826316333919515,36.13668494189855
2026-03-08 19:27:01,54.76050898306838,9.931376944032552,8.27614745336046
2026-03-08 19:27:31,227.64115476149414,21.660400786396714,16.69368468250957
2026-03-08 19:28:01,408.1238577980069,42.06751491327885,38.619357953174024
2026-03-08 19:28:31,149.51208579014514,22.344057101479258,21.5164994310541
2026-03-08 19:29:01,106.9039244085799,48.141251120766945,45.52038071591144
2026-03-08 19:29:31,298.6206896551724,29.241379310344826,24.137931034482758
2026-03-08 19:30:01,608.8275862068965,4.689655172413793,3.4482758620689653
2026-03-08 19:30:31,104,19.862068965517242,20
2026-03-08 19:31:01,140.14759638595766,2.896751500103455,2.896751500103455
2026-03-08 19:31:31,146.74850010344116,38.75594786566444,37.79049720708917
2026-03-08 19:32:01,0,24.138763405634673,23.449084451187968
2026-03-08 19:32:31,354.7463880555843,269.9217268370056,269.09416916658046
2026-03-08 19:33:01,84.95965795462382,39.30763395627888,34.89414523136335
2026-03-08 19:33:31,183.61786514916363,46.628729091222624,44.69736161407139
2026-03-08 19:34:01,89.23830212751284,22.206130823075064,19.861384090203785
2026-03-08 19:34:31,113.78525618922833,9.102820495138266,6.068546996758845
2026-03-08 19:35:01,343.16058066963205,24.27502499913796,21.93027826626668
2026-03-08 19:35:31,185.01017486979615,19.86686441554858,19.72890007932949
2026-03-08 19:36:01,101.79310344827586,32.82758620689655,32.13793103448276
2026-03-08 19:36:31,93.65194303644701,21.5164994310541,20.55101548222475
2026-03-08 19:37:01,63.308161787524575,31.447191476155997,29.240371021688908
2026-03-08 19:37:31,81.79310344827586,18.20689655172414,11.586206896551724
2026-03-08 19:38:01,474.7422502672321,38.619357953174024,43.86055653253336
2026-03-08 19:38:31,139.1676149098307,34.06779076583566,23.723319885521185
2026-03-08 19:39:01,113.92710596186338,9.241060653080927,26.343919175200853
2026-03-08 19:39:31,94.61742698527635,27.033550567221816,5.792903692976104
2026-03-08 19:40:01,484.25916347712143,303.57573876762865,302.8861073756077
2026-03-08 19:40:31,81.24137931034483,31.724137931034484,29.655172413793103
2026-03-08 19:41:01,114.9044761707704,5.241740809711015,4.138216428719222
2026-03-08 19:41:31,213.6551724137931,56.41379310344828,54.06896551724138
2026-03-08 19:42:01,84.1350298265577,13.792627840419295,2.34474673287128
2026-03-08 19:42:31,65.79537225421565,3.8622021449015476,11.17279906203662
2026-03-08 19:43:01,153.92041928142888,7.171919177987725,4.827253292876353
2026-03-08 19:43:31,461.91510637564215,5.5170511361677175,4.551567187338367
2026-03-08 19:44:01,66.75862068965517,2.896551724137931,2.6206896551724137
2026-03-08 19:44:31,108.82383366090824,53.92917485603944,0.5517051136167718
2026-03-08 19:45:01,294.47260439295195,27.17147684562601,75.58360056549773
2026-03-08 19:45:31,238.1986828040412,52.8257646288059,51.30857556635978
2026-03-08 19:46:01,145.09844488121098,5.103272300955139,3.8619357953174025
2026-03-08 19:46:31,110.48656850236213,48.96720576571605,48.001655229490666
2026-03-08 19:47:01,67.17009758284198,6.758387641805456,5.654977414571912
2026-03-08 19:47:31,76.9655172413793,17.517241379310345,16.413793103448274
2026-03-08 19:48:01,122.21532519484101,23.17401200082764,21.932547072211875
2026-03-08 19:48:31,66.06213150363756,18.067096507257872,15.722511464331278
2026-03-08 19:49:01,313.5064308127306,276.9559670356195,275.7146305299818
2026-03-08 19:49:31,86.07490171735982,30.760742120146215,26.622525691426993
2026-03-08 19:50:01,74.61811661666839,25.930140339988274,23.999172442329574
2026-03-08 19:50:31,74.06641150305163,23.999172442329577,22.068204544670877
2026-03-08 19:51:01,92.82118474587959,19.309013171505413,17.791876422315703
2026-03-08 19:51:31,55.30843764008137,1279.9558635909104,24.550877555946343
2026-03-08 19:52:01,106.89286576324953,43.17092514051239,27.033550567221816
2026-03-08 19:52:31,37.93234249456877,14.897065416048827,14.207386461602121
2026-03-08 19:53:01,330.05758422123375,29.378297300093102,18.06834247094928
2026-03-08 19:53:31,287.192220153114,1.3794054762397407,5.103800262087041
2026-03-08 19:54:01,67.58387641805456,20.137236647012173,19.723457811799594
2026-03-08 19:54:31,139.60546282245826,48.42047178921231,47.178921230514554
2026-03-08 19:55:01,86.74366488536458,14.61816928115842,12.411653163247715
2026-03-08 19:55:31,160.27586206896552,47.03448275862069,44.13793103448276
2026-03-08 19:56:01,127.1680286886659,35.86083238509016,32.964380538602114
2026-03-08 19:56:31,9146.758620689656,9507.172413793103,9852.827586206897
2026-03-08 19:57:01,134.75862068965517,45.6551724137931,40.96551724137931
2026-03-08 19:57:31,227.58620689655172,9.241379310344827,6.620689655172414
2026-03-08 19:58:01,286.7783985102421,3.4485136905993516,2.7588109524794815
2026-03-08 19:58:31,75.7163052098059,21.790849222494227,23.032100127573013
2026-03-08 19:59:01,128.80093773701992,2.4822450527477073,35.85465076191133
2026-03-08 19:59:31,170.0631012723699,38.343505396365636,2.482673011275473
2026-03-08 20:00:01,354.6974659541458,45.09567315980003,43.57869332873642
2026-03-08 20:00:31,88.13489190027929,9.792765766697698,7.585945312230612
2026-03-08 20:01:01,106.06896551724138,28.96551724137931,26.20689655172414
2026-03-08 20:01:31,76.41379310344827,43.310344827586206,39.310344827586206
2026-03-08 20:02:01,107.0381737301286,35.72536984033932,31.449360322769746
2026-03-08 20:02:31,313.2629836540451,12.828470929029589,10.48348161942203
2026-03-08 20:03:01,265.78393848487985,27.585255680838593,26.205992896796666
2026-03-08 20:03:31,274.9060312424566,314.49360322769746,299.32066622986997
2026-03-08 20:04:01,182.33225294807255,25.37756016826426,23.860423419074547
2026-03-08 20:04:31,158.07441635918477,28.414772923204243,26.75954343253215
2026-03-08 20:05:01,130.47825937036652,5.103272300955139,3.8619357953174025
2026-03-08 20:05:31,183.02817144236408,18.06834247094928,3.861935795317403
2026-03-08 20:06:01,178.18231968004412,3.7236243276789405,16.96317749275962
2026-03-08 20:06:31,183.59886888750952,52.00358645423823,51.45182426374234
2026-03-08 20:07:01,99.02423887184085,16.825845602179086,13.102092886942732
2026-03-08 20:07:31,113.09564857596028,56.27198124267292,50.06551272326047
2026-03-08 20:08:01,177.22915660988897,24.687952554996208,22.757051237845666
2026-03-08 20:08:31,116.14193592882512,15.035001206938167,13.517707507155418
2026-03-08 20:09:01,197.11024518086828,24.96637815097072,23.862891823855993
2026-03-08 20:09:31,91.4419695193435,25.37756016826426,26.61885387214675
2026-03-08 20:10:01,86.08380755302638,4.552509053285049,20.003448870494914
2026-03-08 20:10:31,72.82507499741388,21.378573152649906,2.206820454467087
2026-03-08 20:11:01,124.69395496396426,4.551881099348253,3.586330563122866
2026-03-08 20:11:31,425.53191489361694,294.7687851305217,293.8032345942963
2026-03-08 20:12:01,58.48275862068965,9.931034482758621,8.689655172413794
2026-03-08 20:12:31,65.79083479880003,16.964932243715733,15.44774318126961
2026-03-08 20:13:01,98.9033726463894,32.00220704876198,28.001931167666736
2026-03-08 20:13:31,118.34482758620689,53.51724137931034,49.51724137931034
2026-03-08 20:14:01,87.58016688504242,9.930349631059928,6.344390042066065
2026-03-08 20:14:31,220.13034033309194,6.344608806592875,5.103272300955139
2026-03-08 20:15:01,530.7586206896551,23.586206896551722,23.310344827586206
2026-03-08 20:15:31,138.6206896551724,50.62068965517241,49.6551724137931
2026-03-08 20:16:01,66.89655172413794,20.413793103448274,19.17241379310345
2026-03-08 20:16:31,177.9310344827586,8.137931034482758,6.344827586206897
2026-03-08 20:17:01,345.4150429354761,21.519467531123908,20.69179570300376
2026-03-08 20:17:31,171.72413793103448,51.03448275862069,50.206896551724135
2026-03-08 20:18:01,59.0385543830609,17.65639009586868,15.449341333885094
2026-03-08 20:18:31,131.1769371357633,32.00110348632711,26.48367185075347
2026-03-08 20:19:01,102.47922485431538,25.5163615047757,20.826868039033137
2026-03-08 20:19:31,411.6550438445073,289.85707381067454,306.70441206932264
2026-03-08 20:20:01,94.08843208939781,24.97068358970822,37.1111264399531
2026-03-08 20:20:31,68.00468997861921,24.553417477067384,15.173460238637148
2026-03-08 20:21:01,237.2822900500086,7.035695809622348,27.03914468011726
2026-03-08 20:21:31,142.06896551724137,28.275862068965516,2.6206896551724137
2026-03-08 20:22:01,188.95248603544584,25.51548169091787,24.5500310323426
2026-03-08 20:22:31,118.07303700127589,4.13807372668023,3.8622021449015476
2026-03-08 20:23:01,39.44963619435153,26.069864478085446,25.931928687196105
2026-03-08 20:23:31,4.275714630529982,2.4826730112754736,2.8964518464880524
2026-03-08 20:24:01,6.895838361548806,2.344585042926594,2.0687515084646417
2026-03-08 20:24:31,23.586206896551722,2.0689655172413794,2.0689655172413794
2026-03-08 20:25:01,820.1944961721498,41.38216428719222,29.933098834402372
2026-03-08 20:25:31,60.69174799131004,17.655781233835647,16.96610227938894
2026-03-08 20:26:01,69.51724137931035,3.4482758620689653,2.206896551724138
2026-03-08 20:26:31,169.3793103448276,17.79310344827586,16.413793103448274
2026-03-08 20:27:01,157.3901648389544,3.0346920477274293,2.207048761983585
2026-03-08 20:27:31,119.44827586206897,3.586206896551724,2.4827586206896552
2026-03-08 20:28:01,505.2413793103448,2.3448275862068964,1.9310344827586206
2026-03-08 20:28:31,6.06875624978449,1.9309678976587012,1.9309678976587012
2026-03-08 20:29:01,33.37931034482759,15.862068965517242,15.724137931034482
2026-03-08 20:29:31,72.8476821192053,25.24834437086093,24.006622516556295
2026-03-08 20:30:01,100.83106314010827,18.621331770061033,18.207524397393012
2026-03-08 20:30:31,59.724137931034484,15.034482758620689,14.344827586206897
2026-03-08 20:31:01,18.896551724137932,0,11.172413793103448
2026-03-08 20:31:31,33.10458981344184,15.44880857960619,0
2026-03-08 20:32:01,295.7343356667471,282.0786923687023,267.8713059071002
2026-03-08 20:32:31,7436.5322942170405,7.4485327080244135,5.241560053794958
2026-03-08 20:33:01,116.27586206896551,12.827586206896552,32.41379310344828
2026-03-08 20:33:31,120.83175281906271,3.7242663540122067,16.414359115831576
2026-03-08 20:34:01,72.4112961622013,3.8619357953174025,2.482673011275473
2026-03-08 20:34:31,151.31556260560706,20.276561260733125,40.55312252146625
2026-03-08 20:35:01,53.94777689627816,2.8974509330481877,2.069607809320134
2026-03-08 20:35:31,91.58620689655173,3.1724137931034484,2.6206896551724137
2026-03-08 20:36:01,0,25.5163615047757,24.68880383435054
2026-03-08 20:36:31,0,17.516637357332502,17.102858522119924
2026-03-08 20:37:01,0,2.0689655172413794,1.793103448275862
2026-03-08 20:37:31,52.68783835040171,2.7585255680838596,0
2026-03-08 20:38:01,0,2.207048761983585,1.7932271191116629
2026-03-08 20:38:31,0,2.482673011275473,20.413089203820554
2026-03-08 20:39:01,0,21.24211179695851,1.793165281561433
2026-03-08 20:39:31,0,3.447919180774403,16.825845602179086
2026-03-08 20:40:01,37.2400951691321,3.4481569601048236,19.72345781179959
2026-03-08 20:40:31,25.79221406158408,5.241198579359332,4.551567187338367
2026-03-08 20:41:01,98.34482758620689,23.724137931034484,2.206896551724138
2026-03-08 20:41:31,392.9790682437325,274.4922238697886,274.4922238697886
2026-03-08 20:42:01,72.12798234726245,38.47745138601572,34.064266997655494
2026-03-08 20:42:31,70.07138177178523,10.896927480257938,10.483120107589915
2026-03-08 20:43:01,100.2793199765509,20.000689678954444,2.482844236008138
2026-03-08 20:43:31,140.5468776938726,18.75797386297024,2.7585255680838587
2026-03-08 20:44:01,87.86509879651021,24.414634987413354,4.13807372668023
2026-03-08 20:44:31,73.37931034482759,19.586206896551722,19.03448275862069
2026-03-08 20:45:01,150.3448275862069,4.551724137931035,20
2026-03-08 20:45:31,152.97079209627915,4.000137935790889,3.0345873995655017
2026-03-08 20:46:01,357.7931034482759,3.4482758620689653,2.3448275862068964
2026-03-08 20:46:31,467.43215751180986,20.413089203820554,20.964794317437327
2026-03-08 20:47:01,68,17.103448275862068,1.9310344827586206
2026-03-08 20:47:31,0,12.275438777973175,11.309954829143823
2026-03-08 20:48:01,26.48367185075347,3.0345873995655017,2.069036863340115
2026-03-08 20:48:31,67.72180269645875,3.448156960104824,2.2068204544670875
2026-03-08 20:49:01,148.3882089294949,9.653508015859334,34.752628857093605
2026-03-08 20:49:31,48.55004999827592,2.7585255680838587,1.7930416192545082
2026-03-08 20:50:01,290.0589634840178,273.2319575187063,291.30029998965557
2026-03-08 20:50:31,77.79578606158832,5.103624262905616,4.965688472016276
2026-03-08 20:51:01,114.61278532515,19.446934694159026,2.2067443624577616
2026-03-08 20:51:31,60.05176876617773,0,4.555651423641069
2026-03-08 20:52:01,43.31631949234377,3.8626017381707825,2.483101117395503
2026-03-08 20:52:31,0,3.448870494912916,23.452319365407828
2026-03-08 20:53:01,0,14.34383835597545,12.96462312943935
2026-03-08 20:53:31,0,17.516637357332502,15.585669459673802
2026-03-08 20:54:01,45.92945070859625,17.516637357332502,15.585669459673802
2026-03-08 20:54:31,0,4.68949346574256,3.4481569601048236
2026-03-08 20:55:01,0,47.725783647711985,46.346425738818574
2026-03-08 20:55:31,0,0.9654839488293506,1.1034102272335435
2026-03-08 20:56:01,24.551724137931036,0.8275862068965517,9.10344827586207
2026-03-08 20:56:31,0,26.61885387214675,22.481208192538446
2026-03-08 20:57:01,0,41.10486568502362,40.55312252146625
2026-03-08 20:57:31,0,4.275862068965517,3.4482758620689653
2026-03-08 20:58:01,634.3448275862069,286.2068965517241,284.41379310344826
2026-03-08 20:58:31,157.23595738077995,66.61839246922518,67.85972897486293
2026-03-08 20:59:01,100.9655172413793,22.06896551724138,0
2026-03-08 20:59:31,102.47922485431536,16.275300851694766,11.585807385952208
2026-03-08 21:00:01,98.50653606042839,6.0704307936398445,8.691753181802506
2026-03-08 21:00:31,480.55172413793105,5.379310344827586,3.4482758620689653
2026-03-08 21:01:01,331.0344827586207,19.862068965517242,39.724137931034484
2026-03-08 21:01:31,56.54587456470021,3.310002413543427,2.206668275695618
2026-03-08 21:02:01,0,3.862068965517241,19.17241379310345
2026-03-08 21:02:31,0,4.689493465742561,3.3102306817006313
2026-03-08 21:03:01,0,0,0.8275862068965517
2026-03-08 21:03:31,52.96917028760604,0.6897027381198704,21.794606524587902
2026-03-08 21:04:01,75.17241379310344,38.3448275862069,51.44827586206897
2026-03-08 21:04:31,135.44360539291748,11.999586221164787,4.827419744146753
2026-03-08 21:05:01,515.5506516791945,20.550306875387903,17.102268809047654
2026-03-08 21:05:31,9268.1816614366,9099.762060760715,9096.45160177937
2026-03-08 21:06:01,166.61494431226507,6.620461363401262,5.103272300955139
2026-03-08 21:06:31,201.79310344827587,24,23.448275862068964
2026-03-08 21:07:01,109.09592441900558,3.310116543686642,2.482587407764982
2026-03-08 21:07:31,310.11173955028283,1123.8791557456202,3.0349013657056148
2026-03-08 21:08:01,0,139.04407200496587,10.069659976550106
2026-03-08 21:08:31,0,8.139053662574149,3.1728514277831428
2026-03-08 21:09:01,0,3.03385506446942,2.4822450527477073
2026-03-08 21:09:31,0,17.79248991414089,16.551153408503154
2026-03-08 21:10:01,0,2.7586206896551726,1.9310344827586206
2026-03-08 21:10:31,0,3.4483947722335246,2.620780026897479
2026-03-08 21:11:01,0,1.103486327114728,1.103486327114728
2026-03-08 21:11:31,0,25.51548169091787,24.5500310323426
2026-03-08 21:12:01,0,21.93103448275862,1.9310344827586206
2026-03-08 21:12:31,50.622435256388144,2.75871581778682,18.345460188282352
2026-03-08 21:13:01,37.791800282748866,22.895762215096028,10.344470880314471
2026-03-08 21:13:31,52.55534864473412,3.1726325953514034,0
2026-03-08 21:14:01,0,0,0
2026-03-08 21:14:31,0,3.1726325953514034,2.4829298572315333
2026-03-08 21:15:01,0,2.4829298572315333,1.9311676667356368
2026-03-08 21:15:31,0,24.688803834350537,24.137098720733764
2026-03-08 21:16:01,0,2.482844236008138,22.2076623331839
2026-03-08 21:16:31,19.587557762604316,6.345265190702807,11.449065452789847
2026-03-08 21:17:01,53.51724137931034,4.551724137931035,3.310344827586207
2026-03-08 21:17:31,48.82926997482671,3.8622021449015476,2.896651608676161
2026-03-08 21:18:01,32.275862068965516,13.241379310344827,19.310344827586206
2026-03-08 21:18:31,88.54867073549187,4.827419744146753,3.1723044032964376
2026-03-08 21:19:01,238.20689655172413,23.448275862068964,22.620689655172413
2026-03-08 21:19:31,0,20.413793103448274,19.586206896551722
2026-03-08 21:20:01,0,6.896313920209647,4.1377883521257885
2026-03-08 21:20:31,0,3.7243947858473,3.0346920477274293
2026-03-08 21:21:01,0,6.2064685194124545,0
2026-03-08 21:21:31,0,2.896651608676161,2.482844236008138
2026-03-08 21:22:01,0,1.793103448275862,1.5172413793103448
2026-03-08 21:22:31,0,0,23.448275862068964
2026-03-08 21:23:01,0,26.20508930418592,7.447762223294945
2026-03-08 21:23:31,31.72523190454843,10.896927480257938,13.241835925376735
2026-03-08 21:24:01,91.86206896551724,5.1034482758620685,20.689655172413794
2026-03-08 21:24:31,100.96203579186924,11.034102272335435,10.344470880314471
2026-03-08 21:25:01,93.55474623275084,34.481606468642454,31.67496408165993
2026-03-08 21:25:31,77.93103448275862,25.241379310344826,22.20689655172414
2026-03-08 21:26:01,107.03448275862068,22.75862068965517,21.103448275862068
2026-03-08 21:26:31,86.34780509672746,32.690782440773816,30.75968136832304
2026-03-08 21:27:01,76.14055657091623,46.898168902375936,25.793992896306765
2026-03-08 21:27:31,139.58139374504327,20.688941760628943,34.481569601048236
2026-03-08 21:28:01,756.439877237146,272.4231870064485,270.630021724887
2026-03-08 21:28:31,220.17589239524054,25.659596482152093,24.69391274357648
2026-03-08 21:29:01,267.0252749905175,3.4481569601048236,3.310230681700631
2026-03-08 21:29:31,145.24638780647606,38.070278285458116,37.65647091279009
2026-03-08 21:30:01,122.750155161713,21.929522101924007,21.101992966002346
2026-03-08 21:30:31,148.40867556291164,40.96410468604531,38.757284231578225
2026-03-08 21:31:01,66.34482758620689,13.655172413793103,11.03448275862069
2026-03-08 21:31:31,50.624180977998485,8.276432857438444,5.379681357334989
2026-03-08 21:32:01,160.55172413793105,5.793103448275862,4.275862068965517
2026-03-08 21:32:31,303.3103448275862,4.551724137931035,4
2026-03-08 21:33:01,36.001241422118,0.689678954446705,1.37935790889341
2026-03-08 21:33:31,79.03720817959238,17.517845442946307,39.0358288216835
2026-03-08 21:34:01,209.6551724137931,27.586206896551722,5.379310344827586
2026-03-08 21:34:31,302.1964759835868,8.413502982655771,4.413640908934175
2026-03-08 21:35:01,0.827614745336046,1.5172936997827509,0.689678954446705
2026-03-08 21:35:31,67.30338240871635,18.756680343412754,18.342930041719825
2026-03-08 21:36:01,109.51724137931035,20.413793103448274,20.275862068965516
2026-03-08 21:36:31,60.96972204979654,19.449617214980343,18.759914476860473
2026-03-08 21:37:01,71.85959104858453,21.240646874245716,20.275162925416367
2026-03-08 21:37:31,274.1312741312741,38.0584666298952,36.40375068946497
2026-03-08 21:38:01,294.0892475343127,6.345265190702807,4.827919166839092
2026-03-08 21:38:31,293.2984004412576,26.751241036955328,24.682846111417543
2026-03-08 21:39:01,201.68994654250733,26.073460941541644,23.590274185204343
2026-03-08 21:39:31,18678.205702858326,18794.60745440127,18622.901079198706
2026-03-08 21:40:01,99.44827586206897,32.82758620689655,24.96551724137931
2026-03-08 21:40:31,267.58620689655174,68.27586206896552,64
2026-03-08 21:41:01,503.27563616302325,7.171919177987725,5.930625474105234
2026-03-08 21:41:31,69.51963860822787,67.86440911755577,67.58853753577709
2026-03-08 21:42:01,0,11.969648391578499,11.257169320651206
2026-03-08 21:42:31,0,8,6.068965517241379
2026-03-08 21:43:01,0,25.380185523638744,23.58702024207731
2026-03-08 21:43:31,0,3.999862073721596,3.1723044032964385
2026-03-08 21:44:01,0,2.896651608676161,2.3449084451187967
2026-03-08 21:44:31,0,36.4100265489777,35.444609178360864
2026-03-08 21:45:01,0,3.0344827586206895,2.0689655172413794
2026-03-08 21:45:31,0,0,2.3449084451187967
2026-03-08 21:46:01,0,105.789455536016,3.3102306817006313
2026-03-08 21:46:31,0,21.378573152649906,20.964794317437327
2026-03-08 21:47:01,0,2.206516117910705,1.7927943458024478
2026-03-08 21:47:31,0,0,6.3457028555662855
2026-03-08 21:48:01,56.835425575941514,2.345151055317975,22.209959994482
2026-03-08 21:48:31,45.38087520259319,2.206972654229456,0
2026-03-08 21:49:01,59.45032587330597,21.10417600606917,20.69036863340115
2026-03-08 21:49:31,47.58784785682264,23.724956032966652,23.035277078519947
2026-03-08 21:50:01,60.135857384228125,2.620599289679666,1.9309678976587012
2026-03-08 21:50:31,0,2.8963519757258123,1.9309013171505414
2026-03-08 21:51:01,225.5327953651976,2.207048761983585,1.7932271191116629
2026-03-08 21:51:31,0,18.483395979171693,0.827614745336046
2026-03-08 21:52:01,180.54549843108856,2.206820454467087,1.6551153408503154
2026-03-08 21:52:31,110.18409984141212,2.6201475556781357,1.9306350410259947
2026-03-08 21:53:01,142.89655172413794,2.7586206896551726,1.9310344827586206
2026-03-08 21:53:31,154.74261283315522,3.0341688790814745,2.620418577388546
2026-03-08 21:54:01,91.31349356874374,16.8281664884996,15.724680161384873
2026-03-08 21:54:31,40.82899410324493,4.13807372668023,3.0345873995655017
2026-03-08 21:55:01,77.65785027069897,3.8622021449015476,2.482844236008138
2026-03-08 21:55:31,156.68965517241378,3.4482758620689653,2.6206896551724137
2026-03-08 21:56:01,396.13793103448273,266.48275862068965,266.48275862068965
2026-03-08 21:56:31,56.54782428798014,36.54920350320668,32.825322391559205
2026-03-08 21:57:01,4.551881099348253,0.689678954446705,4.2760095175695705
2026-03-08 21:57:31,1.2413365056377366,1.2413365056377366,1.2413365056377366
2026-03-08 21:58:01,0.6897027381198704,0,0.8276432857438444
2026-03-08 21:58:31,1.2413793103448276,0.6896551724137931,1.2413793103448276
2026-03-08 21:59:01,1.3792627840419294,0.6896313920209647,0
2026-03-08 21:59:31,4.1375030169292835,1.103334137847809,1.103334137847809
2026-03-08 22:00:01,0,28.689655172413794,7.724137931034482
2026-03-08 22:00:31,0,4.966030968720902,3.448632617167293
2026-03-08 22:01:01,137.47450770619506,26.211092908963256,24.47260205275651
2026-03-08 22:01:31,156.83840264845855,40.9683426443203,39.86481826332851
2026-03-08 22:02:01,0,22.48353391496258,21.380047587847855
2026-03-08 22:02:31,124.28443340920066,30.3469204772743,28.96751500103456
2026-03-08 22:03:01,102.76216421255904,37.24266354012207,28.552708714093587
2026-03-08 22:03:31,211.73143901513842,13.517707507155418,15.724680161384873
2026-03-08 22:04:01,495.8620689655172,19.448275862068964,4.551724137931035
2026-03-08 22:04:31,174.49479274432719,44.140975239671704,55.314159597213596
2026-03-08 22:05:01,106.20323437122856,23.03368849350022,20.826868039033133
2026-03-08 22:05:31,331.58620689655174,285.51724137931035,283.7241379310345
2026-03-08 22:06:01,93.39541300224177,25.935506121745128,23.728229005000863
2026-03-08 22:06:31,92.83398855093455,1.9311676667356368,3.5864542382233258
2026-03-08 22:07:01,76.42169879642721,45.79784115598165,44.83222402317481
2026-03-08 22:07:31,64.9677575088796,19.862753888065104,18.483395979171693
2026-03-08 22:08:01,57.523192054350446,5.241921578094286,3.862468531227368
2026-03-08 22:08:31,78.21498775735421,29.244404593578643,27.589060937338346
2026-03-08 22:09:01,141.635636463936,3.3098882912701697,25.099986208798786
2026-03-08 22:09:31,117.3712157782222,27.44638300806841,31.308185642369494
2026-03-08 22:10:01,53.52462408608084,41.24706856118085,9.794454407504483
2026-03-08 22:10:31,110.21449755155528,25.243120215187254,21.518725429339955
2026-03-08 22:11:01,96.00331045898133,48.96720576571605,46.346425738818574
2026-03-08 22:11:31,214.1847395097059,8.688756335551496,6.068337758162949
2026-03-08 22:12:01,131.3148729266526,44.69119624814648,43.31183833925307
2026-03-08 22:12:31,171.7359817918477,5.79350300020691,4.552038071591144
2026-03-08 22:13:01,0,4.413945308458912,3.7242663540122067
2026-03-08 22:13:31,248.85332965479188,26.6234438045315,26.48549849984481
2026-03-08 22:14:01,16376.301813918204,26617.559831712537,25739.15442444307
2026-03-08 22:14:31,9059.2738181442,22694.665701182716,3.7240095169132093
2026-03-08 22:15:01,89.65826407807164,29.932066622986994,28.138901341425562
2026-03-08 22:15:31,87.45129142384219,31.311424531880405,28.414772923204243
2026-03-08 22:16:01,93.63902775383553,48.12963282192725,38.20031029132908
2026-03-08 22:16:31,518.4648805213614,4.827419744146754,4.413640908934175
2026-03-08 22:17:01,50.34309161753043,19.86138409020379,19.86138409020379
2026-03-08 22:17:31,71.72166477018033,26.068066618392468,25.24050894796731
2026-03-08 22:18:01,127.5818075238785,35.03327471466501,34.06779076583566
2026-03-08 22:18:31,72.96300127581807,13.516775283610908,12.413365056377366
2026-03-08 22:19:01,156.13793103448276,16.96551724137931,15.034482758620689
2026-03-08 22:19:31,264.8367185075347,54.20876581951101,50.76037104727749
2026-03-08 22:20:01,108.55546742991136,34.89775509500327,28.414772923204243
2026-03-08 22:20:31,510.6911298110084,20.416609187474137,15.726307076838186
2026-03-08 22:21:01,307.1212537805884,4.949133901567226,4.261754193016222
2026-03-08 22:21:31,354.5962347424316,329.90828218743536,329.3565960968209
2026-03-08 22:22:01,115.99200055168609,39.5834770015861,37.79049720708917
2026-03-08 22:22:31,80.00275871581778,24.138763405634673,4.13807372668023
2026-03-08 22:23:01,0,4.965688472016276,30.89761715921238
2026-03-08 22:23:31,109.51346505292919,12.13751249956898,6.344608806592875
2026-03-08 22:24:01,97.79984826539761,6.345265190702807,2.207048761983585
2026-03-08 22:24:31,235.58620689655172,23.862068965517242,22.896551724137932
2026-03-08 22:25:01,145.92097096751948,48.410454451417145,26.06716778153231
2026-03-08 22:25:31,112.42154631353887,19.587557762604316,37.519828953720946
2026-03-08 22:26:01,87.86509879651021,924.7215421221421,12.55215697093003
2026-03-08 22:26:31,71.86454705334666,660.8503741508327,5.51743163557364
2026-03-08 22:27:01,167.3161143487706,10.483120107589915,4.551881099348253
2026-03-08 22:27:31,271.43891589945173,24.964656391158922,23.86124616392538
2026-03-08 22:28:01,175.58620689655172,26.344827586206897,3.1724137931034484
2026-03-08 22:28:31,110.09933774834435,39.18322295805739,61.25827814569536
2026-03-08 22:29:01,75.44827586206897,18.896551724137932,3.4482758620689653
2026-03-08 22:29:31,19.446934694159026,8.689055927177437,22.343286669884836
2026-03-08 22:30:01,7.033997655334115,6.896076132680505,6.896076132680505
2026-03-08 22:30:31,2.6205992896796664,2.4826730112754736,2.3447467328712803
2026-03-08 22:31:01,74.89396917347676,5.930829971380296,4.551567187338367
2026-03-08 22:31:31,136.9655172413793,40.82758620689655,36
2026-03-08 22:32:01,422.3448275862069,308.2758620689655,272.41379310344826
2026-03-08 22:32:31,100.27586206896551,36.13793103448276,64.41379310344827
2026-03-08 22:33:01,234.47467328712804,21.240646874245716,18.895900141374437
2026-03-08 22:33:31,366.2321539416511,22.070487619835852,20.553141595972136
2026-03-08 22:34:01,152.68965517241378,2.206896551724138,3.310344827586207
2026-03-08 22:34:31,0,20.688228398041517,38.89386938831805
2026-03-08 22:35:01,177.94330643492654,23.44989309607559,1.7932271191116629
2026-03-08 22:35:31,116.68563152994726,22.481983379883456,21.240646874245716
2026-03-08 22:36:01,494.3277818006275,3.8619357953174025,3.4481569601048236
2026-03-08 22:36:31,2443.0881693734696,4.1377883521257885,3.7240095169132093
2026-03-08 22:37:01,135.1584318863566,20.825431851877394,20.687515084646417
2026-03-08 22:37:31,168.1321333747112,548.1190303782628,7943.036447019067
2026-03-08 22:38:01,163.85641874418124,45.37774559497949,87.72111306506673
2026-03-08 22:38:31,148.68452811972003,28.68866590807214,4.551567187338368
2026-03-08 22:39:01,96.27586206896551,32.55172413793103,29.655172413793103
2026-03-08 22:39:31,111.03448275862068,8,20.96551724137931
2026-03-08 22:40:01,303.04493258388214,279.5958481326942,277.9406186420221
2026-03-08 22:40:31,127.59500655217603,33.519553072625705,31.03662321539417
2026-03-08 22:41:01,401.91717526981824,27.17147684562601,23.999172442329574
2026-03-08 22:41:31,0,19.55396966993755,18.55486173059768
2026-03-08 22:42:01,208.18971460085484,24.817316972287333,23.576451123672967
2026-03-08 22:42:31,0,20.687515084646417,19.860014481260563
2026-03-08 22:43:01,0,23.724137931034484,0
2026-03-08 22:43:31,122.20689655172414,26.344827586206897,24.82758620689655
2026-03-08 22:44:01,81.79310344827586,27.03448275862069,44.96551724137931
2026-03-08 22:44:31,53.79495844684299,14.345322252491464,23.449084451187968
2026-03-08 22:45:01,89.63971729012239,28.270987760730907,16.962592656438545
2026-03-08 22:45:31,121.79310344827586,26.482758620689655,23.862068965517242
2026-03-08 22:46:01,143.0246189917937,38.48010482035722,35.859595889938625
2026-03-08 22:46:31,122.34482758620689,25.517241379310345,30.20689655172414
2026-03-08 22:47:01,122.34060894451916,13.102996448398333,4.965346022550947
2026-03-08 22:47:31,8438.896551724138,18142.344827586207,8377.51724137931
2026-03-08 22:48:01,97.78973138857279,24.688803834350537,31.03341264094341
2026-03-08 22:48:31,262.61163408158336,57.65318437295265,36.550463777111126
2026-03-08 22:49:01,383.3045877888927,31.735081062435324,28.28561572956192
2026-03-08 22:49:31,190.21345563640122,23.58702024207731,22.34559812407324
2026-03-08 22:50:01,308.9548636253922,20.413089203820554,19.309678976587012
2026-03-08 22:50:31,234.33674700872382,27.17147684562601,25.65428778317989
2026-03-08 22:51:01,70.76106072623193,26.069864478085446,24.414634987413354
2026-03-08 22:51:31,129.6551724137931,5.793103448275862,4.275862068965517
2026-03-08 22:52:01,196,19.862068965517242,18.896551724137932
2026-03-08 22:52:31,153.38988895785917,4.41409752396717,3.7243947858473
2026-03-08 22:53:01,201.25525898337816,28.277812262914683,28.001931167666736
2026-03-08 22:53:31,119.54086381027886,41.22574195994623,40.81210575299025
2026-03-08 22:54:01,78.33942486725054,24.5500310323426,23.584580373767327
2026-03-08 22:54:31,59.44827586206897,5.241379310344827,4.137931034482759
2026-03-08 22:55:01,150.37075357820314,2.207277116744266,1.6554578375581996
2026-03-08 22:55:31,269.14985342300395,295.9130884635282,294.94740472495255
2026-03-08 22:56:01,149.3432619712483,27.993243010307854,25.511083531561344
2026-03-08 22:56:31,135.87143940961448,7.448789571694601,4.689978619215119
2026-03-08 22:57:01,168.84505293651065,31.037693554505637,28.002896851398418
2026-03-08 22:57:31,154.05302899700033,5.516670689239045,3.8616694824673314
2026-03-08 22:58:01,159.00706774694018,3.9993104637131527,2.8960524047578002
2026-03-08 22:58:31,148.8224543981242,2.34474673287128,1.5171890624461224
2026-03-08 22:59:01,67.17009758284198,42.48129374849143,0.5517051136167719
2026-03-08 22:59:31,92.13793103448276,40.55172413793103,78.20689655172414
2026-03-08 23:00:01,77.23871590634805,26.20599289679666,22.895762215096028
2026-03-08 23:00:31,148.44423004031563,23.844802039902138,22.604321008924572
2026-03-08 23:01:01,154.1962623267361,38.618026343010825,23.446658851113718
2026-03-08 23:01:31,39.44555547893249,2.2067443624577616,13.93007378801462
2026-03-08 23:02:01,345.9429635504672,34.75981930411393,28.828580295872268
2026-03-08 23:02:31,534.4643288162476,32.412675424985345,6.620461363401262
2026-03-08 23:03:01,468.39764146063925,21.792351987862485,41.65373607806627
2026-03-08 23:03:31,195.40111007687798,4.4127279622160165,20.408866825249078
2026-03-08 23:04:01,152.41379310344828,36.275862068965516,19.310344827586206
2026-03-08 23:04:31,377.2283714354677,268.12868521775107,267.7149063825385
2026-03-08 23:05:01,101.24836195599697,59.5903165735568,58.34885164494103
2026-03-08 23:05:31,115.5822213027137,5.517051136167719,4.413640908934175
2026-03-08 23:06:01,127.71973380228266,39.30898934519499,38.619357953174024
2026-03-08 23:06:31,0,2.4821594787465093,3.8611369669390143
2026-03-08 23:07:01,141.23650908589357,5.103272300955139,4.551567187338367
2026-03-08 23:07:31,256.55172413793105,4.137931034482759,12.137931034482758
2026-03-08 23:08:01,205.37222854384333,18873.142305437745,38.48143167476984
2026-03-08 23:08:31,101.92751974069859,2829.28174890521,4.68949346574256
2026-03-08 23:09:01,139.85724630185163,7.999724147443191,5.103272300955139
2026-03-08 23:09:31,158.89655172413794,25.517241379310345,23.03448275862069
2026-03-08 23:10:01,113.3754008482466,37.51594772594048,36.41253749870694
2026-03-08 23:10:31,70.19963452056685,4.827086853084165,4.1375030169292835
2026-03-08 23:11:01,116.9655172413793,20.96551724137931,19.724137931034484
2026-03-08 23:11:31,96.69298941342804,28.552708714093587,27.173350805200176
2026-03-08 23:12:01,68.55172413793103,22.896551724137932,21.517241379310345
2026-03-08 23:12:31,63.590592454652054,29.243396096282506,27.726050072418793
2026-03-08 23:13:01,342.0689655172414,283.3103448275862,502.48275862068965
2026-03-08 23:13:31,400.6896551724138,48.689655172413794,39.03448275862069
2026-03-08 23:14:01,272.9372823501017,25.652518704961558,24.411267799882772
2026-03-08 23:14:31,169.49970692686966,53.09795538392581,124.95259111126437
2026-03-08 23:15:01,125.80611787426285,36.693451046659995,100.56212711659826
2026-03-08 23:15:31,193.3726423226785,49.929312782317844,267.4390538257301
2026-03-08 23:16:01,170.39183222958056,18.625827814569533,364.1004415011037
2026-03-08 23:16:31,502.8445333241389,31.031272626969628,317.0706478640141
2026-03-08 23:17:01,191.86206896551724,1.9310344827586206,1.6551724137931034
2026-03-08 23:17:31,0,25.79310344827586,24.96551724137931
2026-03-08 23:18:01,254.91413200910407,28.001931167666736,25.656941858059177
2026-03-08 23:18:31,130.07793640940756,6.759086833574729,4.41409752396717
2026-03-08 23:19:01,177.52948479205463,27.588109524794813,24.82929857231533
2026-03-08 23:19:31,126.61632357504912,5.103272300955139,3.5860832385090164
2026-03-08 23:20:01,148.55172413793105,18.20689655172414,17.103448275862068
2026-03-08 23:20:31,5257.8286660229,9675.81735411781,23235.894606152575
2026-03-08 23:21:01,17316.13970968521,22089.714857083753,3.1720856463124507
2026-03-08 23:21:31,330.6092893348505,0.5517051136167718,41.377883521257885
2026-03-08 23:22:01,866.3747025759508,40.55312252146625,1087.2099037897858
2026-03-08 23:22:31,59.444176263705955,33.92869457278808,32.68740086890559
2026-03-08 23:23:01,157.92014343838358,39.72139852423971,31.997793255637543
2026-03-08 23:23:31,108.53301154973279,31.580761937596964,26.891915187036716
2026-03-08 23:24:01,161.10344827586206,8.413793103448276,7.448275862068965
2026-03-08 23:24:31,388.15131556260553,4.13807372668023,3.8622021449015476
2026-03-08 23:25:01,84.27876823338735,45.518810993482525,44.96706782992516
2026-03-08 23:25:31,106.475415488587,4.413488724915523,3.4480380663402523
2026-03-08 23:26:01,180.40135163092202,3.7238811116474726,3.7238811116474726
2026-03-08 23:26:31,225.37153891245126,49.23968139029688,48.41212371987172
2026-03-08 23:27:01,92.83078726852649,1.9311010724507738,3.310458981344184
2026-03-08 23:27:31,181.9184883801117,26.75677539480036,26.61885387214675
2026-03-08 23:28:01,354.7953236541711,290.37486636548607,289.40924923267926
2026-03-08 23:28:31,76.1274306992139,18.75603365053096,17.790649565577162
2026-03-08 23:29:01,146.47265705813393,28.41183366664368,26.480932349493138
2026-03-08 23:29:31,68.28528072837634,30.76286384328873,29.383363222513452
2026-03-08 23:30:01,58.3387925387029,13.377926421404684,10.343757542323209
2026-03-08 23:30:31,54.48275862068965,18.20689655172414,28.82758620689655
2026-03-08 23:31:01,86.20689655172414,22.344827586206897,5.379310344827586
2026-03-08 23:31:31,90.62068965517241,27.17241379310345,24.689655172413794
2026-03-08 23:32:01,505.7931034482759,45.37931034482759,44.13793103448276
2026-03-08 23:32:31,15.448275862068964,2.0689655172413794,2.7586206896551726
2026-03-08 23:33:01,209.51724137931035,48.55172413793103,46.206896551724135
2026-03-08 23:33:31,227.01882628784222,43.7211226811944,40.54892766016137
2026-03-08 23:34:01,135.3103448275862,43.86206896551724,35.172413793103445
2026-03-08 23:34:31,667.8160126887801,305.9099372457072,278.739397282946
2026-03-08 23:35:01,149.9310344827586,54.62068965517241,5.655172413793103
2026-03-08 23:35:31,97.52396717014966,29.381336643906476,72.8326091454583
2026-03-08 23:36:01,124.9612082341988,20.964794317437327,21.240646874245712
2026-03-08 23:36:31,234.06089445191543,23.03368849350022,21.10272059584152
2026-03-08 23:37:01,176.68356263577118,4.413640908934175,4.275714630529982
2026-03-08 23:37:31,212.54439502086137,4.275714630529982,3.999862073721596
2026-03-08 23:38:01,166.06896551724137,22.344827586206897,23.724137931034484
2026-03-08 23:38:31,0,43.30885141891658,46.34322954380883
2026-03-08 23:39:01,111.46365015864258,19.726858877086496,14.07090633190785
2026-03-08 23:39:31,68.68018204385602,27.996138463660184,22.06592194180113
2026-03-08 23:40:01,249.9310344827586,9.379310344827585,5.241379310344827
2026-03-08 23:40:31,334.6206896551724,38.3448275862069,39.86206896551724
2026-03-08 23:41:01,81.11463650158643,9.656504345426956,5.380052421023589
2026-03-08 23:41:31,236.2514222666621,30.065855256352794,28.13502051511913
2026-03-08 23:42:01,253.78435226371508,29.79207613530568,28.82659218647633
2026-03-08 23:42:31,472.9655172413793,301.9310344827586,299.3103448275862
2026-03-08 23:43:01,89.92793351953382,23.309541050308614,24.275024999137962
2026-03-08 23:43:31,84.54880866177028,613.4960863418502,32.13682286817696
2026-03-08 23:44:01,433.08851418916583,666.8735560842729,7.723871590634805
2026-03-08 23:44:31,241.07850911974626,34.47919180774403,24.411267799882772
2026-03-08 23:45:01,184.83395979171692,23.173212869409287,18.621331770061033
2026-03-08 23:45:31,149.36900903385973,24.687952554996208,3.4480380663402523
2026-03-08 23:46:01,121.38349598262008,4.2760095175695705,23.862891823855993
2026-03-08 23:46:31,161.6551724137931,26.620689655172413,25.241379310344826
2026-03-08 23:47:01,117.50103434009101,4.275272376223969,3.9994483519514548
2026-03-08 23:47:31,167.44827586206895,47.724137931034484,27.448275862068964
2026-03-08 23:48:01,104.68243569409006,26.20508930418592,40.27308461485415
2026-03-08 23:48:31,145.79813097003344,9.65550536225387,10.621055898479256
2026-03-08 23:49:01,288.40384814316747,26.20599289679666,50.894796731147196
2026-03-08 23:49:31,0,31.721950210330323,6.2064685194124545
2026-03-08 23:50:01,277.38887547846474,9.103762198696506,518.3627021621435
2026-03-08 23:50:31,226.36043865094143,22.208428167459825,176.28801986343885
2026-03-08 23:51:01,136.6943687713369,27.173350805200176,112.55560536570225
2026-03-08 23:51:31,8039.586206896552,7888.137931034483,9208
2026-03-08 23:52:01,71.98262488364877,39.438756162305644,36.680801185920636
2026-03-08 23:52:31,136.41379310344828,50.48275862068965,30.482758620689655
2026-03-08 23:53:01,93.09381788090889,40.961279867599906,38.89252835913527
2026-03-08 23:53:31,92.69285147763715,23.035277078519947,20.000689678954444
2026-03-08 23:54:01,151.5966618387475,28.415752810538656,24.967239119939304
2026-03-08 23:54:31,117.68253861877159,27.477130315316828,25.332573802901855
2026-03-08 23:55:01,0,15.030854621298307,7.446478436239528
2026-03-08 23:55:31,81.37931034482759,28,27.17241379310345
2026-03-08 23:56:01,143.0443478860611,6.069384095454859,18.6219739292365
2026-03-08 23:56:31,187.58620689655172,5.517241379310345,3.7241379310344827
2026-03-08 23:57:01,750.6724601696668,324.16028691633903,322.2291192496034
2026-03-08 23:57:31,85.37931034482759,36,32.55172413793103
2026-03-08 23:58:01,84.01448525607863,22.07277116744266,20.693222969477496
2026-03-08 23:58:31,78.75862068965517,3.7241379310344827,3.0344827586206895
2026-03-08 23:59:01,129.10344827586206,2.896551724137931,0
2026-03-08 23:59:31,140.0048277526811,22.621469705851922,6.620917962688368
2026-03-09 00:00:01,157.24137931034483,4.137931034482759,2.6206896551724137
2026-03-09 00:00:31,0,127.03448275862068,561.1034482758621
2026-03-09 00:01:01,0,42.76009517569571,210.76588847891304
2026-03-09 00:01:31,0,25.380185523638744,26.48367185075347
2026-03-09 00:02:01,0,4.9655172413793105,2.896551724137931
2026-03-09 00:02:31,0,20.82830442429049,19.44894651539708
2026-03-09 00:03:01,0,3.7240095169132093,2.7585255680838587
2026-03-09 00:03:31,0,3.0346920477274293,2.6208704048555074
2026-03-09 00:04:01,0,19.03448275862069,17.93103448275862
2026-03-09 00:04:31,0,0,0
2026-03-09 00:05:01,0,3.0344827586206895,2.0689655172413794
2026-03-09 00:05:31,0,3.1727420077939095,2.620960789047143
2026-03-09 00:06:01,0,2.75871581778682,41.518673057691636
2026-03-09 00:06:31,0,2.7585255680838587,227.0266542533016
2026-03-09 00:07:01,0,11.586206896551724,225.51724137931035
2026-03-09 00:07:31,38.48275862068965,13.517241379310345,64.41379310344827
2026-03-09 00:08:01,0,4.827419744146753,2.896451846488052
2026-03-09 00:08:31,0,4.413945308458912,45.38087520259319
2026-03-09 00:09:01,0,40.82758620689655,363.44827586206895
2026-03-09 00:09:31,0,3.0341688790814745,2.344585042926594
2026-03-09 00:10:01,0,2.3449084451187967,31.72523190454843
2026-03-09 00:10:31,0,0,33.93220455877788
2026-03-09 00:11:01,0,2.6208704048555074,186.90944203048485
2026-03-09 00:11:31,127.85766008068688,35.447053549877594,45.79152443019207
2026-03-09 00:12:01,54.34482758620688,3.034482758620689,89.24137931034481
2026-03-09 00:12:31,0,0,0
2026-03-09 00:13:01,0,21.10927152317881,20.14348785871965
2026-03-09 00:13:31,0,23.72986582968303,101.6797157934674
2026-03-09 00:14:01,0,7.724937062454736,12.553022726488948
2026-03-09 00:14:31,0,4.827586206896552,32.82758620689655
2026-03-09 00:15:01,0,50.89655172413793,57.10344827586207
2026-03-09 00:15:31,0,4.827586206896552,4.137931034482759
2026-03-09 00:16:01,0,55.72605951929376,172.6956101934549
2026-03-09 00:16:31,0,15.724137931034482,59.44827586206897
2026-03-09 00:17:01,0,6.482535084997068,33.79193820902727
2026-03-09 00:17:31,0,4.689816890237593,20.55243284251181
2026-03-09 00:18:01,0,23.03448275862069,79.86206896551724
2026-03-09 00:18:31,2536.77713024587,278.07855443291146,9168.729956205385
2026-03-09 00:19:01,0,3965.2401806958856,1.103486327114728
2026-03-09 00:19:31,0,4.276451924403366,0
2026-03-09 00:20:01,0,1.7932271191116629,1.6552865714876888
2026-03-09 00:20:31,0,42.48422359391702,22.759405496741262
2026-03-09 00:21:01,0,23.167620492311936,1.7927325380955665
2026-03-09 00:21:31,102.48982688461273,3.0346920477274293,6.483205738326781
2026-03-09 00:22:01,86.62068965517241,5.1034482758620685,3.310344827586207
2026-03-09 00:22:31,205.2343022654391,3.034378124892245,22.757835936691837
2026-03-09 00:23:01,109.38308217524741,3.8622021449015476,2.620780026897479
2026-03-09 00:23:31,238.35304665678123,4.13807372668023,2.896651608676161
2026-03-09 00:24:01,222.20689655172413,1.5172413793103448,0.8275862068965517
2026-03-09 00:24:31,1.1037527593818983,0.9657836644591611,1.3796909492273728
2026-03-09 00:25:01,86.74366488536458,42.475435269781066,59.85174969832787
2026-03-09 00:25:31,168.41379310344828,6.482758620689655,4.551724137931035
2026-03-09 00:26:01,500.0172419738611,21.655919169626536,20.69036863340115
2026-03-09 00:26:31,170.50039659275097,3.862468531227368,2.620960789047143
2026-03-09 00:27:01,219.05714384246644,2.896851398420526,2.345070179673759
2026-03-09 00:27:31,0.5517051136167718,0,0
2026-03-09 00:28:01,0,18.34609283398855,15.863162976757017
2026-03-09 00:28:31,0,25.381060762811227,23.311952548451618
2026-03-09 00:29:01,0,27.309403124030208,26.343919175200856
2026-03-09 00:29:31,0,3.862068965517241,24.82758620689655
2026-03-09 00:30:01,0,11.03486327114728,10.207248525811233
2026-03-09 00:30:31,40.27725093968757,15.586744370495532,10.758991689368598
2026-03-09 00:31:01,72.27835442601469,22.06972654229456,2.206972654229456
2026-03-09 00:31:31,122.5443055364748,3.434537711224069,2.335485643632367
2026-03-09 00:32:01,325.3905307079554,0,2.206972654229456
2026-03-09 00:32:31,0,21.379310344827587,21.517241379310345
2026-03-09 00:33:01,0,2.7585255680838587,1.5171890624461224
2026-03-09 00:33:31,52.27225708571823,6.068546996758845,4.275567202261914
2026-03-09 00:34:01,0,0,0
2026-03-09 00:34:31,97.2447325769854,31.72523190454843,31.173488740991065
2026-03-09 00:35:01,211.8474587959451,3.7238811116474726,18.481484035583755
2026-03-09 00:35:31,254.48275862068965,28,27.448275862068964
2026-03-09 00:36:01,210.33757456639424,23.171614771904416,22.619909658287643
2026-03-09 00:36:31,175.74231817084527,2.620960789047143,2.2071248749870676
2026-03-09 00:37:01,160,1.9310344827586206,18.896551724137932
2026-03-09 00:37:31,148.9655172413793,18.620689655172413,18.20689655172414
2026-03-09 00:38:01,93.37931034482759,33.6551724137931,32.96551724137931
2026-03-09 00:38:31,76.55172413793103,5.655172413793103,3.586206896551724
2026-03-09 00:39:01,216.9655172413793,4.827586206896552,2.7586206896551726
2026-03-09 00:39:31,582.7787165074657,63.312528018207516,61.38142694575674
2026-03-09 00:40:01,56.96551724137931,13.931034482758621,13.241379310344827
2026-03-09 00:40:31,43.595226598606615,13.933917362212872,12.830240739463338
2026-03-09 00:41:01,40.00137935790889,20.138625469843785,19.58688230628642
2026-03-09 00:41:31,62.34697748198213,2.75871581778682,1.9311010724507738
2026-03-09 00:42:01,0,16.824685399069125,1.7927943458024478
2026-03-09 00:42:31,0,2.7586206896551726,1.793103448275862
2026-03-09 00:43:01,0,1.793165281561433,1.5172936997827509
2026-03-09 00:43:31,152.37701244527182,1.5168752370117558,1.7926707346502566
2026-03-09 00:44:01,88.95938211157852,1.379215226536101,0.9654506585752707
2026-03-09 00:44:31,63.17459222731817,1.37935790889341,1.655229490672092
2026-03-09 00:45:01,67.17473016310906,33.24252560433118,17.104038070278282
2026-03-09 00:45:31,45.93103448275862,13.241379310344827,12.689655172413794
2026-03-09 00:46:01,0,39.99862073721595,22.206130823075064
2026-03-09 00:46:31,0,6.896551724137931,4.275862068965517
2026-03-09 00:47:01,0,22.06972654229456,21.380047587847855
2026-03-09 00:47:31,0,3.1723044032964376,2.620599289679666
2026-03-09 00:48:01,0,1.9310344827586206,1.6551724137931034
2026-03-09 00:48:31,0,2.6206896551724137,2.206896551724138
2026-03-09 00:49:01,0,1.9307016031718667,1.6548870884330287
2026-03-09 00:49:31,0,1.2413793103448276,1.2413793103448276
2026-03-09 00:50:01,43.998482810937546,22.344057101479258,22.344057101479258
2026-03-09 00:50:31,52.277664747060236,1.9311010724507738,1.793165281561433
2026-03-09 00:51:01,85.24137931034483,25.79310344827586,25.517241379310345
2026-03-09 00:51:31,148.31204053957606,20.840767968025123,1.7129398329883663
2026-03-09 00:52:01,116.73500327326603,20.811080866898667,19.708507046135825
2026-03-09 00:52:31,98.61728905899795,4.965346022550946,20.275162925416364
2026-03-09 00:53:01,9152.23612978863,9043.688148684529,24435.15740836523
2026-03-09 00:53:31,15051.480983414367,15028.171442364057,0.8275576704251578
2026-03-09 00:54:01,105.50996483001173,17.653954899662093,20.136542307427074
2026-03-09 00:54:31,212.26854246405298,30.067928692114066,28.964518464880523
2026-03-09 00:55:01,142.48767198868924,31.311424531880405,27.86302975964688
2026-03-09 00:55:31,103.58263508154891,29.516223578497296,26.89562428881763
2026-03-09 00:56:01,470.48275862068965,26.896551724137932,23.448275862068964
2026-03-09 00:56:31,91.9968276955967,22.895762215096035,21.516499431054104
2026-03-09 00:57:01,81.79310344827586,4.827586206896552,3.7241379310344827
2026-03-09 00:57:31,189.1099693092865,38.89789303079416,37.93234249456877
2026-03-09 00:58:01,39.86206896551724,8.137931034482758,7.172413793103448
2026-03-09 00:58:31,75.44827586206897,18.06896551724138,16.96551724137931
2026-03-09 00:59:01,67.44362457761534,4.551410247569133,3.7238811116474726
2026-03-09 00:59:31,76.6922997344736,20.82830442429049,20.000689678954444
2026-03-09 01:00:01,68.83233326436306,22.76019035795572,21.65666597696393
2026-03-09 01:00:31,80.41379310344827,5.793103448275862,4.689655172413793
2026-03-09 01:01:01,101.79310344827586,36.96551724137931,32.82758620689655
2026-03-09 01:01:31,100.40686849182815,32.96324391421282,26.89469691745397
2026-03-09 01:02:01,6464.657609820013,881.1806082339149,9141.16267843597
2026-03-09 01:02:31,835.8620689655172,701.1034482758621,6.344827586206897
2026-03-09 01:03:01,422.5410401434681,53.8005242102359,25.106911298110084
2026-03-09 01:03:31,120.42209807572935,2.7588109524794815,27.17428788192289
2026-03-09 01:04:01,11.1731843575419,5.79350300020691,6.069384095454859
2026-03-09 01:04:31,0.689678954446705,0.689678954446705,2.620780026897479
2026-03-09 01:05:01,10.482397158718666,2.6205992896796664,1.3792627840419298
2026-03-09 01:05:31,411.5578235983725,31.997793255637543,48.82421901937798
2026-03-09 01:06:01,182.89655172413794,22.75862068965517,3.7241379310344827
2026-03-09 01:06:31,255.0432773543915,18.621331770061033,18.345460188282352
2026-03-09 01:07:01,176,41.241379310344826,22.75862068965517
2026-03-09 01:07:31,89.9279335195338,36.13668494189855,47.99834488465915
2026-03-09 01:08:01,124.40950312058203,37.1021688907279,31.44719147615599
2026-03-09 01:08:31,451.8620689655172,11.310344827586206,7.586206896551724
2026-03-09 01:09:01,120.6896551724138,22.344827586206897,22.896551724137932
2026-03-09 01:09:31,148.69478257870958,4.827752681126935,44.00151729369978
2026-03-09 01:10:01,103.03092996793212,61.23926761146166,21.240646874245712
2026-03-09 01:10:31,128.9655172413793,5.241379310344827,4.137931034482759
2026-03-09 01:11:01,580.1179269680355,4.413640908934174,3.5860832385090164
2026-03-09 01:11:31,438.59044203848015,274.87759464864496,274.7396731259913
2026-03-09 01:12:01,118.07303700127589,17.655781233835647,17.379909652056966
2026-03-09 01:12:31,124.46100244920487,44.292662734140535,43.74072924212632
2026-03-09 01:13:01,113.93103448275862,4.413793103448276,3.586206896551724
2026-03-09 01:13:31,185.10344827586206,5.379310344827586,4.413793103448276
2026-03-09 01:14:01,221.51724137931035,23.17241379310345,23.17241379310345
2026-03-09 01:14:31,149.91552598007104,24.135434265420823,48.40878529807262
2026-03-09 01:15:01,136.83230456222626,27.449222386978857,3.586330563122866
2026-03-09 01:15:31,0,38.48275862068965,37.37931034482759
2026-03-09 01:16:01,74.19154657657036,33.51030821209405,30.062745638833345
2026-03-09 01:16:31,81.79028309368641,25.930140339988274,28.412813351263747
2026-03-09 01:17:01,88.41684196006757,7.862340080692436,42.622159384806366
2026-03-09 01:17:31,103.16885624633632,19.999310368607976,12.413365056377366
2026-03-09 01:18:01,84.69257560605537,30.6217455774337,130.34932239042723
2026-03-09 01:18:31,88.41379310344827,12.96551724137931,149.3793103448276
2026-03-09 01:19:01,105.93103448275862,31.17241379310345,29.103448275862068
2026-03-09 01:19:31,320.6785972897486,31.03341264094341,30.89548636253922
2026-03-09 01:20:01,460.0158626159522,285.3891513500465,639.7461981447635
2026-03-09 01:20:31,118.89245198441434,63.58401434433296,203.8550394813972
2026-03-09 01:21:01,109.04960242332449,20.791022684244947,138.10195862448796
2026-03-09 01:21:31,102.06544601910278,25.516361504775695,75.72152684390193
2026-03-09 01:22:01,82.34198820730319,28.13696079445536,217.78559360022066
2026-03-09 01:22:31,157.49008791587656,6.343733838993277,51.85312877090156
2026-03-09 01:23:01,352.42594572226625,5.51743163557364,4.2760095175695705
2026-03-09 01:23:31,88.94711439012619,22.616010480590223,616.1483830931531
2026-03-09 01:24:01,130.34033309196232,21.240646874245712,140.96065652908518
2026-03-09 01:24:31,99.5896410221042,43.725645711921096,384.97879237215074
2026-03-09 01:25:01,64.69188592710093,13.793579088934099,341.39108245111896
2026-03-09 01:25:31,160.94886735854914,42.61628107437162,153.22552839361447
2026-03-09 01:26:01,0,26.343919175200853,144.40881348919
2026-03-09 01:26:31,547.329218248905,12.000413807372666,6.345046380909686
2026-03-09 01:27:01,304.2758620689655,23.448275862068964,38.89655172413793
2026-03-09 01:27:31,7778.766249439675,5424.916382193718,9071.411330643772
2026-03-09 01:28:01,1610.1513740905484,3671.8733836764245,41.1020309644495
2026-03-09 01:28:31,105.51724137931035,60,23.03448275862069
2026-03-09 01:29:01,81.63828173481349,15.582982831138386,14.203957801834104
2026-03-09 01:29:31,128.82314402951621,7.03424019861384,5.103272300955139
2026-03-09 01:30:01,120.6896551724138,36.96551724137931,35.58620689655172
2026-03-09 01:30:31,52.27405951518912,26.619771732009237,23.86124616392538
2026-03-09 01:31:01,111.3103448275862,8.137931034482758,5.241379310344827
2026-03-09 01:31:31,206.3448275862069,46.206896551724135,49.10344827586207
2026-03-09 01:32:01,56.4176839782054,20.691082143596113,12.82847092902959
2026-03-09 01:32:31,193.50389628301497,7.585683745948556,5.241017860837184
2026-03-09 01:33:01,345.63133576994693,25.65340321357148,24.41210950968899
2026-03-09 01:33:31,121.09927243888143,36.55046377711114,35.86083238509017
2026-03-09 01:34:01,95.45156729542397,5.241560053794958,4.13807372668023
2026-03-09 01:34:31,152.72125267296684,28.281713457956823,24.97068358970822
2026-03-09 01:35:01,85.64926556789187,28.82559823460451,23.860423419074547
2026-03-09 01:35:31,6.204970871108966,4.412423730566376,8.411182736392155
2026-03-09 01:36:01,261.77504999655196,22.067443624577617,11.309564857596028
2026-03-09 01:36:31,291.7241379310345,5.1034482758620685,8.689655172413794
2026-03-09 01:37:01,0,21.240646874245712,20.688941760628943
2026-03-09 01:37:31,417.42249198192917,285.54678070145184,285.9606166155119
2026-03-09 01:38:01,114.74279409736587,3.9994483519514548,3.0340642669976554
2026-03-09 01:38:31,135.61426502034905,39.042560529764785,38.352762640546324
2026-03-09 01:39:01,161.2302599820702,48.962140542031584,49.651748155299636
2026-03-09 01:39:31,109.81203655802724,21.382997068460078,16.968442834971547
2026-03-09 01:40:01,129.3793103448276,6.620689655172414,4.551724137931035
2026-03-09 01:40:31,619.5434797600166,39.30763395627888,38.618026343010825
2026-03-09 01:41:01,200.40688252129235,7.999724147443191,822.1785455673942
2026-03-09 01:41:31,154.75328436950448,8.551429261059962,210.47550084479843
2026-03-09 01:42:01,220.26826661149616,55.860142753698156,156.40839971035481
2026-03-09 01:42:31,111.59390302779502,5.241740809711015,42.209807572936064
2026-03-09 01:43:01,76.9655172413793,4.413793103448276,15.862068965517242
2026-03-09 01:43:31,228.55172413793102,38.48275862068965,296.55172413793105
2026-03-09 01:44:01,111.88135885497499,15814.726677013277,222.2452146921883
2026-03-09 01:44:31,62.913907284768214,670.5298013245034,158.25055187637972
2026-03-09 01:45:01,82.48275862068965,4.413793103448276,22.20689655172414
2026-03-09 01:45:31,180.15035519691014,4.9658597144630665,85.52313952686391
2026-03-09 01:46:01,273.3416080540615,22.61756999034616,144.11805268238862
2026-03-09 01:46:31,98.87609460111702,3.9991725849824173,48.54168103151072
2026-03-09 01:47:01,114.34088479707597,1.5171890624461226,3.3102306817006313
2026-03-09 01:47:31,0,3.4481569601048236,153.92572669907932
2026-03-09 01:48:01,433.22644046757006,302.33440226199093,571.8423502637839
2026-03-09 01:48:31,110.48656850236213,22.621469705851922,22.2076623331839
2026-03-09 01:49:01,149.92069512447418,3.999724156954693,3.310116543686642
2026-03-09 01:49:31,200.9655172413793,43.310344827586206,104.41379310344827
2026-03-09 01:50:01,152.93914842268575,24.271677297017753,136.52818479572485
2026-03-09 01:50:31,108.68590738250404,26.20599289679666,242.88817626978377
2026-03-09 01:51:01,94.33832149506931,28.54975518929729,25.101717122957037
2026-03-09 01:51:31,84.68673494017449,26.619771732009244,209.64794317437332
2026-03-09 01:52:01,144.27088721078584,26.89562428881763,25.240508947967314
2026-03-09 01:52:31,140.27586206896552,7.310344827586206,5.655172413793103
2026-03-09 01:53:01,377.7931034482759,20.689655172413794,20.137931034482758
2026-03-09 01:53:31,478.6371943860132,38.75995723990482,38.62202144901548
2026-03-09 01:54:01,72.8326091454583,6.621146285950755,4.689978619215118
2026-03-09 01:54:31,134.6021238449869,5.9302165218590535,4.413184388360226
2026-03-09 01:55:01,137.9310344827586,21.79310344827586,20.689655172413794
2026-03-09 01:55:31,148.27074928450742,45.10189303817109,44.13640908934174
2026-03-09 01:56:01,37.10216889072791,4.965346022550947,2.3447467328712803
2026-03-09 01:56:31,110.49037864680322,4.9658597144630665,3.5864542382233258
2026-03-09 01:57:01,77.92834729836902,25.79221406158408,23.171614771904416
2026-03-09 01:57:31,392.6896551724138,275.0344827586207,276.55172413793105
2026-03-09 01:58:01,117.10344827586206,25.241379310344826,36
2026-03-09 01:58:31,64.69411683564384,22.070487619835852,5.103800262087041
2026-03-09 01:59:01,98.2035102237854,37.79180028274887,36.412537498706946
2026-03-09 01:59:31,58.758620689655174,19.03448275862069,17.655172413793103
2026-03-09 02:00:01,104.41019275197405,19.585531533395397,17.378711078928312
2026-03-09 02:00:31,115.16844246750114,6.620461363401263,4.965346022550947
2026-03-09 02:01:01,273.6551724137931,4.689655172413793,3.1724137931034484
2026-03-09 02:01:31,144.82259232440262,43.03299886210821,43.03299886210821
2026-03-09 02:02:01,124.12509050787851,27.7212702134262,26.893769610040344
2026-03-09 02:02:31,71.17241379310344,35.44827586206897,34.758620689655174
2026-03-09 02:03:01,84.82758620689656,26.482758620689655,23.586206896551722
2026-03-09 02:03:31,79.17241379310344,8.96551724137931,6.206896551724138
2026-03-09 02:04:01,114.06503224026757,29.930002413709868,26.481845453605047
2026-03-09 02:04:31,119.03037826281852,27.033550567221816,24.550877555946343
2026-03-09 02:05:01,70.6182545429468,4.551567187338368,3.5860832385090173
2026-03-09 02:05:31,163.02886107375605,5.103272300955139,26.619771732009237
2026-03-09 02:06:01,50.06896551724138,24.413793103448274,1.6551724137931034
2026-03-09 02:06:31,3.999724156954693,2.482587407764982,0.6896076132680505
2026-03-09 02:07:01,92.27586206896551,28.137931034482758,25.517241379310345
2026-03-09 02:07:31,14904.827586206897,24327.1724137931,31778.896551724138
2026-03-09 02:08:01,9589.793103448275,44.55172413793103,11990.620689655172
2026-03-09 02:08:31,137.65991930756232,8.000275871581778,52.41560053794958
2026-03-09 02:09:01,167.58620689655172,60.55172413793103,40.13793103448276
2026-03-09 02:09:31,235.30223095755315,10.896175993931243,7.172166477018033
2026-03-09 02:10:01,282.2068965517241,24.82758620689655,43.310344827586206
2026-03-09 02:10:31,237.66336770233454,27.035415014310836,27.587158177868197
2026-03-09 02:11:01,613.7719388986587,27.86110823764698,3.448156960104824
2026-03-09 02:11:31,151.72413793103448,3.862068965517241,20.551724137931036
2026-03-09 02:12:01,203.71711320299298,21.792351987862485,3.310230681700631
2026-03-09 02:12:31,104.41379310344827,4.137931034482759,2.896551724137931
2026-03-09 02:13:01,154.3395055342919,45.37774559497948,44.688114202958516
2026-03-09 02:13:31,157.50094817777475,23.307933662034966,22.894183360342037
2026-03-09 02:14:01,131.72413793103448,5.517241379310345,4
2026-03-09 02:14:31,187.23227856846762,30.122979135000694,29.155727511399757
2026-03-09 02:15:01,136.41379310344828,4.275862068965517,23.310344827586206
2026-03-09 02:15:31,431.58620689655174,24.275862068965516,276.9655172413793
2026-03-09 02:16:01,85.23844005379124,310.05827385262575,35.1712009930692
2026-03-09 02:16:31,62.62068965517241,19.586206896551722,2.4827586206896552
2026-03-09 02:17:01,160.9599668976932,7.034240198613841,16.551153408503158
2026-03-09 02:17:31,254.0602048205234,26.20599289679666,25.24050894796731
2026-03-09 02:18:01,124.97413614732051,45.93420235878337,26.070763500931097
2026-03-09 02:18:31,29.379310344827587,13.655172413793103,31.448275862068964
2026-03-09 02:19:01,69.24376702644918,34.75981930411393,19.862753888065104
2026-03-09 02:19:31,38.75995723990482,14.069450670712781,28.690644504982927
2026-03-09 02:20:01,105.10344827586206,34.206896551724135,29.79310344827586
2026-03-09 02:20:31,78.06896551724138,9.241379310344827,7.0344827586206895
2026-03-09 02:21:01,281.80282078692363,22.2076623331839,20.96624021517983
2026-03-09 02:21:31,83.43964417474055,3.310002413543427,3.5858359480053794
2026-03-09 02:22:01,115.44827586206897,41.37931034482759,40.55172413793103
2026-03-09 02:22:31,90.62381461429703,4.13807372668023,3.7242663540122067
2026-03-09 02:23:01,77.4060020696792,24.146257330113833,23.318385650224215
2026-03-09 02:23:31,61.512999103510104,4.965174815529964,4.551410247569133
2026-03-09 02:24:01,74.48275862068965,26.344827586206897,24.82758620689655
2026-03-09 02:24:31,69.65277059411744,26.75769801041343,24.964656391158922
2026-03-09 02:25:01,360.6896551724138,287.17241379310343,284.6896551724138
2026-03-09 02:25:31,49.38271604938272,27.863990620042767,28.553693358162636
2026-03-09 02:26:01,51.04504380216597,4.138787335310754,3.3110298682486032
2026-03-09 02:26:31,102.34129857591118,4.275714630529982,19.03382641977863
2026-03-09 02:27:01,86.47679470381354,44.96241638507689,31.859871732983933
2026-03-09 02:27:31,43.724137931034484,12.96551724137931,4.413793103448276
2026-03-09 02:28:01,114.20295851867175,25.3784352263715,5.103272300955139
2026-03-09 02:28:31,53.241379310344826,25.93103448275862,40.41379310344828
2026-03-09 02:29:01,531.3103448275862,6.482758620689655,5.517241379310345
2026-03-09 02:29:31,100.82410951346506,41.102030964449504,21.516499431054104
2026-03-09 02:30:01,51.724137931034484,891.7241379310344,22.896551724137932
2026-03-09 02:30:31,18.757973862970243,4.413640908934175,25.792214061584087
2026-03-09 02:31:01,43.70755920168212,660.4391437730516,3.584847126951846
2026-03-09 02:31:31,82.87369001654717,4.550468836183122,25.64809707666851
2026-03-09 02:32:01,78.34482758620689,25.655172413793103,3.1724137931034484
2026-03-09 02:32:31,97.92090473399304,3.9995862496983077,3.8616694824673314
2026-03-09 02:33:01,145.39936542971444,36.41881638846738,35.86701614015726
2026-03-09 02:33:31,39.724137931034484,4.413793103448276,4.137931034482759
2026-03-09 02:34:01,69.6551724137931,24.96551724137931,23.586206896551722
2026-03-09 02:34:31,106.75862068965517,46.06896551724138,41.241379310344826
2026-03-09 02:35:01,423.6008138211662,291.45832614917754,287.3202524224973
2026-03-09 02:35:31,187.16595979448982,46.8949346574256,43.0329988621082
2026-03-09 02:36:01,384.5649849994827,61.10555536397806,59.45032587330597
2026-03-09 02:36:31,171.16651149960347,29.516223578497296,29.240371021688908
2026-03-09 02:37:01,72.97054969308229,32.69190978688186,32.829850334505835
2026-03-09 02:37:31,127.03886340908305,11.448670643815303,7.172661126245732
2026-03-09 02:38:01,279.5765663252991,31.03341264094341,3.310230681700631
2026-03-09 02:38:31,137.51249956898036,42.20544119168304,42.61922002689562
2026-03-09 02:39:01,35.310344827586206,8.551724137931034,26.482758620689655
2026-03-09 02:39:31,57.927039514516245,25.65340321357148,24.41210950968899
2026-03-09 02:40:01,63.44390042066065,15.860975105165162,3.7238811116474726
2026-03-09 02:40:31,32.27474914658116,15.447743181269612,26.343919175200856
2026-03-09 02:41:01,20.82758620689655,1.9310344827586206,3.310344827586207
2026-03-09 02:41:31,91.99365560995794,3.7238811116474726,3.8618026343010827
2026-03-09 02:42:01,73.79055894624322,4.275714630529981,3.310230681700631
2026-03-09 02:42:31,4147.310344827586,46.48275862068965,326.2068965517241
2026-03-09 02:43:01,5194.248077519914,0.689678954446705,8806.234697748198
2026-03-09 02:43:31,52.27405951518912,9123.823316437363,45.65359815178786
2026-03-09 02:44:01,60.41379310344828,38.89655172413793,20.96551724137931
2026-03-09 02:44:31,45.37931034482759,23.448275862068964,19.586206896551722
2026-03-09 02:45:01,69.79551019000654,29.380323459429633,6.758853753577709
2026-03-09 02:45:31,88.68659701389606,11.861659942760593,27.999034516051168
2026-03-09 02:46:01,142.89655172413794,2.3448275862068964,4.137931034482759
2026-03-09 02:46:31,167.2469063458688,4.136362069559822,3.0333321843438696
2026-03-09 02:47:01,88.96244957070445,39.44691562359918,39.17106306679079
2026-03-09 02:47:31,86.75862068965517,4.137931034482759,23.586206896551722
2026-03-09 02:48:01,30.894421074408662,23.722501896420937,3.1721950210330325
2026-03-09 02:48:31,80.68409075236191,3.999724156954693,3.8618026343010827
2026-03-09 02:49:01,159.58070411365122,3.8619357953174025,1.5171890624461224
2026-03-09 02:49:31,56.6877004241233,45.515671873383674,44.41226164615013
2026-03-09 02:50:01,391.4669621831278,18.700651059703556,18.977697742069537
2026-03-09 02:50:31,77.79578606158832,16.69023069761026,3.4483947722335246
2026-03-09 02:51:01,56.825626702527494,16.689079686907345,28.550739629667937
2026-03-09 02:51:31,59.44827586206897,30.482758620689655,24.96551724137931
2026-03-09 02:52:01,41.10486568502362,17.241973861167622,12.828028552708712
2026-03-09 02:52:31,82.76432857438445,10.069659976550108,7.3108490240706265
2026-03-09 02:53:01,216.40633081617872,17.516637357332502,1.6551153408503154
2026-03-09 02:53:31,341.26491482171184,267.32878129526176,285.1231119387544
2026-03-09 02:54:01,63.58620689655172,39.44827586206897,37.10344827586207
2026-03-09 02:54:31,60.40962692228123,16.412661195779602,15.998896627818771
2026-03-09 02:55:01,50.758620689655174,14.482758620689655,14.068965517241379
2026-03-09 02:55:31,40.409612798676,11.722925214632971,11.03334137847809
2026-03-09 02:56:01,52.69147211972826,14.069450670712781,13.655643298044758
2026-03-09 02:56:31,42.20544119168304,14.758111789248645,14.344332954036066
2026-03-09 02:57:01,52.275862068965516,2.0689655172413794,3.4482758620689653
2026-03-09 02:57:31,69.24137931034483,25.93103448275862,24.96551724137931
2026-03-09 02:58:01,38.48275862068965,14.620689655172413,19.862068965517242
2026-03-09 02:58:31,43.31183833925307,18.06958860650367,5.793303217352322
2026-03-09 02:59:01,60.41587640953136,22.621469705851922,18.207524397393012
2026-03-09 02:59:31,79.03448275862068,4,1.6551724137931034
2026-03-09 03:00:01,30.3385506446942,21.37488795421637,21.236985451285943
2026-03-09 03:00:31,80.28693612912126,21.106359497861774,3.4487515519381984
2026-03-09 03:01:01,41.6551724137931,5.931034482758621,22.482758620689655
2026-03-09 03:01:31,39.44827586206897,10.89655172413793,10.206896551724137
2026-03-09 03:02:01,97.10679678609606,3.586330563122866,3.4483947722335246
2026-03-09 03:02:31,54.48463740128969,26.20780026897479,25.656057105417425
2026-03-09 03:03:01,92.27904410496912,3.7242663540122067,3.172523190454843
2026-03-09 03:03:31,72,26.896551724137932,25.93103448275862
2026-03-09 03:04:01,121.93103448275862,25.93103448275862,25.93103448275862
2026-03-09 03:04:31,87.44827586206897,24.551724137931036,23.724137931034484
2026-03-09 03:05:01,346.6804621486463,271.77099499913777,287.9117089153302
2026-03-09 03:05:31,49.1000620646852,17.516033377008483,9.240742017791877
2026-03-09 03:06:01,64.55172413793103,9.379310344827585,5.379310344827586
2026-03-09 03:06:31,192.69629987240936,5.931239008241663,4.689816890237593
2026-03-09 03:07:01,99.86551260388288,20.138625469843785,41.3807372668023
2026-03-09 03:07:31,69.23899175890486,33.37815937381469,12.965070169994137
2026-03-09 03:08:01,32.41714660137256,10.070007242128495,17.932889609269925
2026-03-09 03:08:31,147.1927162367223,14.07090633190785,6.0698027314112295
2026-03-09 03:09:01,240,42.62068965517241,40.689655172413794
2026-03-09 03:09:31,75.99737940071033,13.792627840419296,13.378849005206717
2026-03-09 03:10:01,105.12519831689316,4.5526660688418294,1.9314340898116853
2026-03-09 03:10:31,91.86840471756673,4.827919166839092,3.7243947858473
2026-03-09 03:11:01,133.10344827586206,2.3448275862068964,2.7586206896551726
2026-03-09 03:11:31,70.06896551724138,36.96551724137931,34.62068965517241
2026-03-09 03:12:01,112.4176695748129,21.517983378737195,4.13807372668023
2026-03-09 03:12:31,97.53405759613726,612.3814450767374,37.523710984652524
2026-03-09 03:13:01,113.24137931034483,564.9655172413793,14.89655172413793
2026-03-09 03:13:31,54.62257319217903,23.035277078519947,20.82830442429049
2026-03-09 03:14:01,132.27586206896552,24.275862068965516,22.20689655172414
2026-03-09 03:14:31,81.6551724137931,35.172413793103445,33.51724137931034
2026-03-09 03:15:01,61.79736533554038,16.69080626250086,15.58728188150907
2026-03-09 03:15:31,176.2819407565778,5.931239008241663,5.51743163557364
2026-03-09 03:16:01,480.397227681804,37.2400951691321,17.654563635736697
2026-03-09 03:16:31,69.79551019000654,4.689816890237593,23.58702024207731
2026-03-09 03:17:01,78.75318943521137,4.275567202261914,3.5859595889938625
2026-03-09 03:17:31,427.8620689655172,331.8620689655172,330.8965517241379
2026-03-09 03:18:01,80.8331609076488,2.896751500103455,9.931719428926133
2026-03-09 03:18:31,57.93103448275862,15.862068965517242,19.310344827586206
2026-03-09 03:19:01,102.34835683989101,20.000689678954444,5.51743163557364
2026-03-09 03:19:31,105.6515292576118,6.620461363401262,4.413640908934174
2026-03-09 03:20:01,171.0462790537279,23.17401200082765,22.622249810331752
2026-03-09 03:20:31,116.00400013793578,18.345460188282352,18.345460188282352
2026-03-09 03:21:01,106.48275862068965,5.517241379310345,1.793103448275862
2026-03-09 03:21:31,81.93385978826855,41.10486568502362,39.0358288216835
2026-03-09 03:22:01,76.55436394358425,4.689816890237593,4.13807372668023
2026-03-09 03:22:31,74.62068965517241,25.379310344827587,24.275862068965516
2026-03-09 03:23:01,54.206896551724135,3.586206896551724,3.4482758620689653
2026-03-09 03:23:31,40.83040209669633,24.00165528657149,23.03607145320367
2026-03-09 03:24:01,64.14014276354357,20.96624021517983,4.2760095175695705
2026-03-09 03:24:31,51.174178419945505,8.138211662471118,23.862891823855993
2026-03-09 03:25:01,42.480065988452026,14.572449821281277,12.647786637338466
2026-03-09 03:25:31,45.78678802923734,17.101089504895874,14.618673286443249
2026-03-09 03:26:01,59.72207854901554,23.03368849350022,20.55101548222475
2026-03-09 03:26:31,33.51724137931034,10.344827586206897,8.689655172413794
2026-03-09 03:27:01,55.05156772791556,13.79738539546756,12.83156841778483
2026-03-09 03:27:31,56.41768397820539,18.484033381612523,17.242568452996757
2026-03-09 03:28:01,51.58264947245018,21.791600579270398,18.067719467622922
2026-03-09 03:28:31,23.173212869409287,5.931239008241663,7.0347253353563906
2026-03-09 03:29:01,61.65942478791641,2.207048761983585,14.621698048141251
2026-03-09 03:29:31,13860.137931034482,13872.413793103447,14319.724137931034
2026-03-09 03:30:01,43.172413793103445,3.7241379310344827,3.310344827586207
2026-03-09 03:30:31,92.82758620689656,25.379310344827587,25.655172413793103
2026-03-09 03:31:01,71.87446111398516,3.862734954302466,3.448870494912916
2026-03-09 03:31:31,67.85972897486293,24.688803834350537,23.999172442329574
2026-03-09 03:32:01,70.62799599958616,3.7245232265406765,3.448632617167293
2026-03-09 03:32:31,110.034816780999,26.336654141818055,24.544107001275467
2026-03-09 03:33:01,34.48275862068965,25.103448275862068,22.75862068965517
2026-03-09 03:33:31,66.20689655172414,24.137931034482758,21.379310344827587
2026-03-09 03:34:01,38.48143167476983,12.68921761318575,10.620323437122856
2026-03-09 03:34:31,47.44827586206897,17.103448275862068,16.551724137931036
2026-03-09 03:35:01,25.510204081632658,16.547159404302263,15.306122448979595
2026-03-09 03:35:31,37.38059933101141,17.655781233835647,16.000551743163555
2026-03-09 03:36:01,63.03448275862069,21.241379310344826,18.75862068965517
2026-03-09 03:36:31,151.17241379310346,6.206896551724138,5.379310344827586
2026-03-09 03:37:01,226.48275862068965,23.03448275862069,23.03448275862069
2026-03-09 03:37:31,77.6551724137931,37.6551724137931,37.241379310344826
2026-03-09 03:38:01,15.725764734282857,0.965617132806842,1.931234265613684
2026-03-09 03:38:31,1.7929179740026897,1.5170844395407372,12.964176119711755
2026-03-09 03:39:01,20.413793103448274,13.655172413793103,0.6896551724137931
2026-03-09 03:39:31,128.83202869064448,10.896927480257938,6.620917962688368
2026-03-09 03:40:01,94.49253371038382,49.66030968720902,36.00372452322654
2026-03-09 03:40:31,343.44827586206895,279.17241379310343,289.37931034482756
2026-03-09 03:41:01,402.66234438045313,47.039348898161876,43.038935062247816
2026-03-09 03:41:31,91.45458307469481,49.52065659700669,38.209531691840816
2026-03-09 03:42:01,158.2014413296093,14.06848039722768,19.585531533395397
2026-03-09 03:42:31,198.6206896551724,28,24.137931034482758
2026-03-09 03:43:01,105.09982414399502,21.378573152649906,20.413089203820554
2026-03-09 03:43:31,125.25433665551608,4.966030968720902,3.862468531227368
2026-03-09 03:44:01,160.95996689769316,4.827419744146753,4.68949346574256
2026-03-09 03:44:31,75.73197227299376,21.243576921750524,21.243576921750524
2026-03-09 03:45:01,81.51724137931035,2.6206896551724137,2.4827586206896552
2026-03-09 03:45:31,0,43.30735811323357,20.964071443348736
2026-03-09 03:46:01,124.82758620689656,15.172413793103448,36.13793103448276
2026-03-09 03:46:31,53.791248577635244,14.06848039722768,13.10299644839833
2026-03-09 03:47:01,79.58895134314976,21.10417600606917,20.138625469843785
2026-03-09 03:47:31,71.29067843353559,6.480970766685053,5.239933811362383
2026-03-09 03:48:01,78.75590496879418,46.34322954380884,44.96396675976691
2026-03-09 03:48:31,164.97120590365182,14.483258043380804,12.690092761819372
2026-03-09 03:49:01,73.51470638943485,3.3102306817006313,4.413640908934175
2026-03-09 03:49:31,84.13793103448276,6.620689655172414,4.827586206896552
2026-03-09 03:50:01,147.86206896551724,6.482758620689655,3.7241379310344827
2026-03-09 03:50:31,104.27586206896551,3.4482758620689653,0.9655172413793103
2026-03-09 03:51:01,89.93103448275862,17.93103448275862,17.79310344827586
2026-03-09 03:51:31,326.3448275862069,282.8965517241379,283.0344827586207
2026-03-09 03:52:01,66.61839246922518,14.620185510844452,13.930554118823487
2026-03-09 03:52:31,55.86206896551724,27.724137931034484,26.896551724137932
2026-03-09 03:53:01,58.06896551724138,4.551724137931035,3.586206896551724
2026-03-09 03:53:31,75.85945312230612,26.619771732009237,25.65428778317989
2026-03-09 03:54:01,94.20689655172414,5.379310344827586,4.9655172413793105
2026-03-09 03:54:31,50.756870452743016,31.99889658977277,31.309265197751806
2026-03-09 03:55:01,99.85518240121371,23.584580373767327,18.757327080890974
2026-03-09 03:55:31,103.86206896551724,46.62068965517241,42.62068965517241
2026-03-09 03:56:01,155.0291369263129,6.620461363401263,4.965346022550947
2026-03-09 03:56:31,0,36.412537498706946,35.171200993069206
2026-03-09 03:57:01,96.41379310344827,507.44827586206895,12.689655172413794
2026-03-09 03:57:31,35.30912727147339,596.9449329333471,4.1377883521257885
2026-03-09 03:58:01,52.13972895617089,18.483395979171693,18.207524397393012
2026-03-09 03:58:31,44.554796882543634,29.93309883440238,29.243396096282506
2026-03-09 03:59:01,84.40215142738933,25.3758102330713,19.30768169907599
2026-03-09 03:59:31,108.96175993931243,7.4480190338264185,27.447329402434395
2026-03-09 04:00:01,281.80282078692363,25.2422497327494,31.72523190454843
2026-03-09 04:00:31,103.72413793103448,33.793103448275865,5.1034482758620685
2026-03-09 04:01:01,122.89655172413794,6.206896551724138,2.206896551724138
2026-03-09 04:01:31,513.1211421083485,314.3556674368081,28.000965550536222
2026-03-09 04:02:01,544.0187592675609,0.551743163557364,290.0789682402841
2026-03-09 04:02:31,338.2068965517241,62.206896551724135,54.3448275862069
2026-03-09 04:03:01,218.33729871383744,65.92876107720423,30.89548636253922
2026-03-09 04:03:31,146.75862068965517,10.482758620689655,36.82758620689655
2026-03-09 04:04:01,104.82035721674367,44.96241638507689,42.75567202261913
2026-03-09 04:04:31,81.10065170166546,25.102582669563116,23.999172442329574
2026-03-09 04:05:01,153.92572669907932,25.24050894796731,3.7240095169132093
2026-03-09 04:05:31,57.927039514516245,25.65340321357148,46.06578856630578
2026-03-09 04:06:01,63.312528018207516,11.03486327114728,10.483120107589915
2026-03-09 04:06:31,18.20940819423369,19.726858877086496,19.313008690853913
2026-03-09 04:07:01,36.55298458567536,3.8622021449015476,3.172523190454843
2026-03-09 04:07:31,97.37595255336022,28.13696079445536,26.619771732009237
2026-03-09 04:08:01,43.44228382292098,23.858778099572472,21.514273893256103
2026-03-09 04:08:31,49.65346022550947,7.310092755422227,4.827419744146754
2026-03-09 04:09:01,74.48275862068965,20.82758620689655,19.310344827586206
2026-03-09 04:09:31,17268.464243845254,19819.046962278466,19812.42672919109
2026-03-09 04:10:01,2545.4043800655286,1.7934126573547162,0.9656837385756165
2026-03-09 04:10:31,100.13793103448276,10.482758620689655,18.344827586206897
2026-03-09 04:11:01,46.7457253171539,28.81963596249311,17.236624379481526
2026-03-09 04:11:31,33.657493620249674,12.138768190909717,11.1731843575419
2026-03-09 04:12:01,83.58332471294092,4.965346022550946,3.9998620737215953
2026-03-09 04:12:31,79.85656161644025,5.103096338183573,4.551410247569133
2026-03-09 04:13:01,165.47159404302263,2.6199669056811916,1.7926089354660786
2026-03-09 04:13:31,2.896551724137931,2.206896551724138,2.3448275862068964
2026-03-09 04:14:01,5.518002483101117,2.483101117395503,2.207200993240447
2026-03-09 04:14:31,75.57838844257492,57.649208702548016,57.649208702548016
2026-03-09 04:15:01,106.7991307047501,26.21684087067509,24.837007140639557
2026-03-09 04:15:31,170.08069522036,29.51927719153045,44.96861852541554
2026-03-09 04:16:01,132.14248767198868,52.13972895617089,29.794130832097654
2026-03-09 04:16:31,82.48275862068965,20.689655172413794,16.275862068965516
2026-03-09 04:17:01,162.48275862068965,24.137931034482758,21.379310344827587
2026-03-09 04:17:31,180.82758620689654,6.206896551724138,5.1034482758620685
2026-03-09 04:18:01,183.17873030104485,37.65647091279009,37.51853512190075
2026-03-09 04:18:31,62.07110590020345,17.517845442946307,16.414359115831576
2026-03-09 04:19:01,40.41100613750776,3.8618026343010827,1.655058271843321
2026-03-09 04:19:31,85.51429261059963,28.13696079445536,20.413089203820554
2026-03-09 04:20:01,311.0452084554639,282.21662815959166,290.7686471947308
2026-03-09 04:20:31,44.401544401544406,7.308328736900167,5.239933811362383
2026-03-09 04:21:01,88.73249154764369,56.8550334644311,52.02511557303526
2026-03-09 04:21:31,102.18223187506463,28.406936256765608,26.7521632709346
2026-03-09 04:22:01,101.08950489587643,18.480209626258446,17.239001517032133
2026-03-09 04:22:31,49.6551724137931,14.620689655172413,13.241379310344827
2026-03-09 04:23:01,61.93103448275862,16.137931034482758,14.344827586206897
2026-03-09 04:23:31,58.75659460018619,5.654977414571911,4.413640908934174
2026-03-09 04:24:01,81.51443053687802,23.585393607116995,22.757835936691837
2026-03-09 04:24:31,49.658597144630676,14.345816952893305,13.794054762397408
2026-03-09 04:25:01,37.38059933101141,16.138487534052896,15.17293699782751
2026-03-09 04:25:31,86.20392400262061,6.620461363401263,23.585393607117
2026-03-09 04:26:01,379.3365059659288,36.69218566797711,14.759638595765228
2026-03-09 04:26:31,66.47817391904007,32.549479346251985,29.92897041583339
2026-03-09 04:27:01,117.93916821849785,11.173184357541901,26.760466239050974
2026-03-09 04:27:31,90.75549118995897,47.446639771042385,26.48184545360505
2026-03-09 04:28:01,58.07297054969309,4.138216428719223,3.7243947858473003
2026-03-09 04:28:31,61.935305883164354,4.689978619215118,4.138216428719222
2026-03-09 04:29:01,97.78973138857282,3.448156960104824,1.7930416192545087
2026-03-09 04:29:31,126.07331287285767,22.621469705851922,1.655229490672092
2026-03-09 04:30:01,75.7267491982482,2.896651608676161,23.449084451187968
2026-03-09 04:30:31,384.8143167476983,294.3346781145477,295.98979345539806
2026-03-09 04:31:01,63.7894809354872,24.386043467778045,23.559397926497432
2026-03-09 04:31:31,71.28330633208094,21.784840233015064,21.64696149736307
2026-03-09 04:32:01,42.89211460883357,21.101265386339346,19.860014481260563
2026-03-09 04:32:31,82.34482758620689,5.241379310344827,4.413793103448276
2026-03-09 04:33:01,134.48275862068965,5.517241379310345,3.7241379310344827
2026-03-09 04:33:31,171.98813874905179,5.930625474105234,4.275567202261914
2026-03-09 04:34:01,69.6551724137931,21.379310344827587,21.103448275862068
2026-03-09 04:34:31,70.62312493534259,3.7242663540122067,3.4483947722335246
2026-03-09 04:35:01,90.75862068965517,3.310344827586207,2.896551724137931
2026-03-09 04:35:31,109.65895375702608,21.793854960515876,20.55243284251181
2026-03-09 04:36:01,79.58346263921935,38.61935795317403,37.3780214475363
2026-03-09 04:36:31,81.93103448275862,6.344827586206897,4.551724137931035
2026-03-09 04:37:01,65.63706563706565,25.64809707666851,30.750137892995042
2026-03-09 04:37:31,36.13668494189855,27402.641288231436,13.10299644839833
2026-03-09 04:38:01,99.30349631059927,4.6893317702227435,3.8618026343010827
2026-03-09 04:38:31,76.00524174080971,25.932822953307124,25.243120215187254
2026-03-09 04:39:01,41.23995724285369,12.68921761318575,12.275438777973172
2026-03-09 04:39:31,34.89053611446302,4.137217721082572,1.6548870884330287
2026-03-09 04:40:01,104.82035721674367,20.136542307427074,21.653679056616784
2026-03-09 04:40:31,3.8626017381707825,3.7246516760932544,0.6897503103876397
2026-03-09 04:41:01,66.6229869995517,20.000689678954444,17.655781233835647
2026-03-09 04:41:31,79.16968380400675,39.30898934519499,28.826592186476326
2026-03-09 04:42:01,88.82758620689656,10.068965517241379,14.89655172413793
2026-03-09 04:42:31,103.5826350815489,37.1021688907279,34.757422157856624
2026-03-09 04:43:01,71.45073968067864,6.207110590020345,5.103624262905616
2026-03-09 04:43:31,464.9655172413793,274.2068965517241,273.7931034482759
2026-03-09 04:44:01,106.34482758620689,38.206896551724135,37.793103448275865
2026-03-09 04:44:31,106.89655172413794,4.275862068965517,3.7241379310344827
2026-03-09 04:45:01,115.17241379310344,2.7586206896551726,2.7586206896551726
2026-03-09 04:45:31,88.27281817868348,1.2413365056377366,14.206406675631873
2026-03-09 04:46:01,107.3103448275862,14.89655172413793,2.896551724137931
2026-03-09 04:46:31,73.93103448275862,2.7586206896551726,3.0344827586206895
2026-03-09 04:47:01,88.9655172413793,2.896551724137931,19.448275862068964
2026-03-09 04:47:31,90.20378607634218,19.585531533395397,35.1712009930692
2026-03-09 04:48:01,72.14290640733843,36.00248292985723,3.1726325953514034
2026-03-09 04:48:31,73.79310344827586,22.482758620689655,21.93103448275862
2026-03-09 04:49:01,56.54782428798014,24.27418798703538,23.446658851113718
2026-03-09 04:49:31,107.03448275862068,5.241379310344827,21.379310344827587
2026-03-09 04:50:01,28.13987171529071,22.622249810331745,3.7243947858473
2026-03-09 04:50:31,462.60857528463157,5.2600615980897665,4.152680209018237
2026-03-09 04:51:01,140.02897151134718,22.07353245499069,18.90046216458578
2026-03-09 04:51:31,79.99724147443192,28.68866590807214,20.137236647012173
2026-03-09 04:52:01,39.587571985240864,6.758853753577709,9.79344115314321
2026-03-09 04:52:31,85.24137931034483,7.448275862068965,4.827586206896552
2026-03-09 04:53:01,78.35023105041726,46.89978619215118,45.65832126353541
2026-03-09 04:53:31,77.93372185247766,16.96610227938894,15.862615952274215
2026-03-09 04:54:01,59.86619766880476,28.139871715290713,4.138216428719223
2026-03-09 04:54:31,92.519820751465,23.02654257152706,44.67425025853154
2026-03-09 04:55:01,8635.767983998898,8600.179322711912,8598.524036140425
2026-03-09 04:55:31,99.4448467294231,25.79221406158408,23.171614771904416
2026-03-09 04:56:01,85.93399772405944,21.655919169626536,18.345460188282352
2026-03-09 04:56:31,76,27.310344827586206,24.137931034482758
2026-03-09 04:57:01,99.31376944032552,14.759129625159487,12.41422118004069
2026-03-09 04:57:31,120.97386026622526,5.655562452582936,4.552038071591144
2026-03-09 04:58:01,67.86206896551724,30.89655172413793,29.655172413793103
2026-03-09 04:58:31,35.172413793103445,12.689655172413794,12
2026-03-09 04:59:01,96.41046860453086,4.413640908934174,3.5860832385090164
2026-03-09 04:59:31,82.48844747913651,35.03689909648942,34.34719635836955
2026-03-09 05:00:01,71.03448275862068,18.482758620689655,17.517241379310345
2026-03-09 05:00:31,51.44827586206897,5.793103448275862,4.413793103448276
2026-03-09 05:01:01,131.45280871754196,38.89789303079416,36.82885616745404
2026-03-09 05:01:31,48.001655229490666,20.82830442429049,17.655781233835647
2026-03-09 05:02:01,75.3103448275862,18.06896551724138,15.724137931034482
2026-03-09 05:02:31,32.27697506810579,12.828028552708712,7.172661126245732
2026-03-09 05:03:01,36,11.724137931034482,15.448275862068964
2026-03-09 05:03:31,74.20689655172414,18.06896551724138,16.96551724137931
2026-03-09 05:04:01,102.62068965517241,8.96551724137931,7.0344827586206895
2026-03-09 05:04:31,177.79310344827587,13.379310344827585,13.241379310344827
2026-03-09 05:05:01,94.75862068965517,23.448275862068964,22.75862068965517
2026-03-09 05:05:31,347.44827586206895,292.41379310344826,292
2026-03-09 05:06:01,71.3128038897893,8.27614745336046,6.069174799131003
2026-03-09 05:06:31,61.10766259742051,23.44989309607559,20.829022691220082
2026-03-09 05:07:01,67.3126659539984,22.34559812407324,19.31101072450774
2026-03-09 05:07:31,37.09321566464424,19.99448428019857,18.20187534473249
2026-03-09 05:08:01,37.794406703679435,4.551881099348253,3.586330563122866
2026-03-09 05:08:31,54.62068965517241,20.96551724137931,20.689655172413794
2026-03-09 05:09:01,53.37562926694711,24.41210950968899,23.584580373767327
2026-03-09 05:09:31,40.28002896851398,15.725764734282857,17.932889609269925
2026-03-09 05:10:01,145.51222371642356,10.75824971552705,5.654977414571911
2026-03-09 05:10:31,196.22278028139942,37.42818810416595,36.18975540954281
2026-03-09 05:11:01,0,8.827586206896552,5.793103448275862
2026-03-09 05:11:31,147.71904417089064,12.413365056377366,7.585945312230612
2026-03-09 05:12:01,382.33164373642285,63.03230923071617,60.82548877624909
2026-03-09 05:12:31,163.7354300296572,31.31250431064211,1.9311676667356368
2026-03-09 05:13:01,91.30404799668989,19.584856216812636,32.549479346251985
2026-03-09 05:13:31,66.20689655172414,9.379310344827585,23.03448275862069
2026-03-09 05:14:01,90.20689655172414,33.37931034482759,30.620689655172413
2026-03-09 05:14:31,461.2465937704805,25.111241419750957,22.90365975647615
2026-03-09 05:15:01,406.3308161787525,295.7139408985897,294.6105306713562
2026-03-09 05:15:31,86.89954826028483,27.72509396875754,25.2422497327494
2026-03-09 05:16:01,157.50637887042274,25.65340321357148,23.308737328460108
2026-03-09 05:16:31,93.22852020410977,20.68680182043856,19.5835057233485
2026-03-09 05:17:01,108.41753163902202,26.48367185075347,25.380185523638744
2026-03-09 05:17:31,52.55172413793103,527.3103448275862,13.655172413793103
2026-03-09 05:18:01,236.7541107932021,566.5827846530387,16.54658898962391
2026-03-09 05:18:31,102.46155967730814,3.8612700820519894,3.3096600703302768
2026-03-09 05:19:01,4.276451924403366,1.3795006207752794,1.5174506828528074
2026-03-09 05:19:31,67.58387641805454,41.1020309644495,40.412399572428534
2026-03-09 05:20:01,88.8306493327356,23.58702024207731,22.621469705851922
2026-03-09 05:20:31,33.93454495292617,16.00165534365624,14.070421078042555
2026-03-09 05:21:01,66.06668735560842,10.75824971552705,8.551429261059962
2026-03-09 05:21:31,50.3448275862069,26.896551724137932,25.241379310344826
2026-03-09 05:22:01,44.27738887547846,16.69023069761026,16.000551743163555
2026-03-09 05:22:31,34.89775509500327,13.103900134487395,11.17279906203662
2026-03-09 05:23:01,116.95745121026137,31.997793255637543,29.37728432521895
2026-03-09 05:23:31,197.25498310228292,6.621146285950755,2.207048761983585
2026-03-09 05:24:01,102.75507741112374,17.102858522119924,19.72345781179959
2026-03-09 05:24:31,59.86000482741975,25.240508947967314,24.55087755594635
2026-03-09 05:25:01,35.45072073936134,16.552865714876887,15.173460238637148
2026-03-09 05:25:31,54.06896551724138,19.17241379310345,17.517241379310345
2026-03-09 05:26:01,304.40329643805387,278.1973035412572,276.6801144788111
2026-03-09 05:26:31,123.58194545015688,36.41253749870694,32.55060170338953
2026-03-09 05:27:01,105.93103448275862,7.172413793103448,5.241379310344827
2026-03-09 05:27:31,141.3793103448276,21.103448275862068,20.82758620689655
2026-03-09 05:28:01,78.46922944319944,43.16497155662817,41.64799172556455
2026-03-09 05:28:31,81.6551724137931,5.793103448275862,4.413793103448276
2026-03-09 05:29:01,105.26678853516367,5.104680440106233,3.7250370779153594
2026-03-09 05:29:31,78.89383124719836,5.103272300955139,4.1377883521257885
2026-03-09 05:30:01,143.0344827586207,51.724137931034484,51.03448275862069
2026-03-09 05:30:31,67.83166166890705,4.136076931030917,3.8603384689621896
2026-03-09 05:31:01,54.160206718346245,20.94745908699397,20.39621016365202
2026-03-09 05:31:31,52.13074058750517,23.58295407529996,22.4796579782099
2026-03-09 05:32:01,83.71836425074133,6.620233087373284,4.275567202261914
2026-03-09 05:32:31,72.54421956349344,7.033755128779783,4.827086853084165
2026-03-09 05:33:01,208.26149920695124,46.341631611612996,44.824494862423286
2026-03-09 05:33:31,72.13793103448276,5.241379310344827,4.827586206896552
2026-03-09 05:34:01,76.00262078002689,4.000137935790889,3.586330563122866
2026-03-09 05:34:31,145.50720639955867,36.825046548513896,1.5171367491897112
2026-03-09 05:35:01,41.929588634874655,2.620599289679666,36.13668494189855
2026-03-09 05:35:31,47.18380298692789,15.038112647880524,13.65846928568965
2026-03-09 05:36:01,38.20557911796144,13.10299644839833,10.896175993931243
2026-03-09 05:36:31,82.35050693151251,5.379681357334989,4.138216428719222
2026-03-09 05:37:01,144.40881348919,4.413640908934174,3.5860832385090164
2026-03-09 05:37:31,427.1576842177855,3.034378124892245,2.7585255680838587
2026-03-09 05:38:01,13321.011069347216,13365.426394013584,13365.840201386252
2026-03-09 05:38:31,69.37691803730905,35.033274714665005,33.2402330954105
2026-03-09 05:39:01,87.17842609835161,22.208428167459825,18.6219739292365
2026-03-09 05:39:31,103.73486912439218,29.106459288891955,27.451115632651653
2026-03-09 05:40:01,64.28029519277192,4.689978619215118,4.276156976343196
2026-03-09 05:40:31,192.95221019240054,5.654782428798014,4.827253292876353
2026-03-09 05:41:01,119.17241379310344,4.137931034482759,3.4482758620689653
2026-03-09 05:41:31,35.86206896551724,29.103448275862068,28.96551724137931
2026-03-09 05:42:01,118.34074687079755,18.895900141374433,15.309816902865416
2026-03-09 05:42:31,60.41587640953136,23.311148660298628,20.82830442429049
2026-03-09 05:43:01,75.86206896551724,19.310344827586206,17.79310344827586
2026-03-09 05:43:31,21.380047587847855,26.48367185075347,24.96637815097072
2026-03-09 05:44:01,116.2999241222322,7.725736359246741,5.38042353590398
2026-03-09 05:44:31,99.99310392386732,38.48010482035722,37.100889593821115
2026-03-09 05:45:01,142.06406675631874,15.033964346057031,14.06848039722768
2026-03-09 05:45:31,90.89028342872906,11.723329425556859,10.344114199020758
2026-03-09 05:46:01,116.4218221946341,21.932547072211875,19.587557762604316
2026-03-09 05:46:31,182.33854005034306,6.620461363401262,4.965346022550946
2026-03-09 05:47:01,148.3014312812554,43.45576823590274,41.80031039834454
2026-03-09 05:47:31,115.99600013792629,4.965346022550947,4.137788352125789
2026-03-09 05:48:01,108.12674550908528,4.1375030169292835,3.1720856463124507
2026-03-09 05:48:31,119.17241379310344,44.55172413793103,43.44827586206897
2026-03-09 05:49:01,93.22852020410977,4.413184388360226,3.5857123155426835
2026-03-09 05:49:31,358.696776417859,314.8422685743837,313.4631960006895
2026-03-09 05:50:01,86.0600627521291,2.7583353446195225,1.9308347412336657
2026-03-09 05:50:31,46.61908210061723,17.930416192545085,16.27530085169477
2026-03-09 05:51:01,84.82758620689656,5.1034482758620685,4.137931034482759
2026-03-09 05:51:31,181.10344827586206,4.137931034482759,3.586206896551724
2026-03-09 05:52:01,87.72716300562087,28.138901341425562,27.587158177868197
2026-03-09 05:52:31,103.86565053967377,2.896651608676161,3.0345873995655017
2026-03-09 05:53:01,36,36.41379310344828,35.86206896551724
2026-03-09 05:53:31,18.068342470949275,9.37898693148512,8.41350298265577
2026-03-09 05:54:01,49.1017551118927,17.378711078928315,15.999448294886385
2026-03-09 05:54:31,54.3448275862069,12.827586206896552,9.517241379310345
2026-03-09 05:55:01,111.85821178580049,34.34364332264405,31.860970311368575
2026-03-09 05:55:31,51.878169086958025,6.760718843779104,5.105032596322997
2026-03-09 05:56:01,119.36797074449734,27.04754019181674,26.21955426757745
2026-03-09 05:56:31,76.96817131625227,34.62188351322459,33.10458981344184
2026-03-09 05:57:01,2270.5610538294422,12.965964343598053,1498.67236801269
2026-03-09 05:57:31,3385.655172413793,11.862068965517242,6762.068965517241
2026-03-09 05:58:01,43.725645711921096,15.724680161384873,23.862891823855993
2026-03-09 05:58:31,67.72180269645874,16.82700596531154,15.585669459673802
2026-03-09 05:59:01,81.51724137931035,980.551724137931,18.620689655172413
2026-03-09 05:59:31,201.6551724137931,99.44827586206897,6.896551724137931
2026-03-09 06:00:01,374.3577364736715,8.965826407807164,3.310458981344184
2026-03-09 06:00:31,38.757284231578225,16.27530085169477,15.585669459673806
2026-03-09 06:01:01,70.61338482225977,1.5170844395407372,2.0687515084646417
2026-03-09 06:01:31,81.10065170166546,3.1723044032964376,2.620599289679666
2026-03-09 06:02:01,111.04214083729914,22.346368715083802,29.795158286778403
2026-03-09 06:02:31,83.72413793103448,3.7241379310344827,164.41379310344828
2026-03-09 06:03:01,89.24137931034483,2.7586206896551726,1.3793103448275863
2026-03-09 06:03:31,352.13793103448273,310.0689655172414,897.5172413793103
2026-03-09 06:04:01,85.65221888900383,30.20585497051826,29.240371021688908
2026-03-09 06:04:31,41.51580979966207,18.34419502775766,16.964932243715733
2026-03-09 06:05:01,36.412537498706946,15.447743181269612,28.68866590807214
2026-03-09 06:05:31,42.764519244033664,20.83045937370672,36.694716512622435
2026-03-09 06:06:01,84.96844718783404,4.13807372668023,54.62257319217903
2026-03-09 06:06:31,92.38193726301276,28.403998621165115,229.16235780765254
2026-03-09 06:07:01,55.58620689655172,21.79310344827586,925.9310344827586
2026-03-09 06:07:31,47.72084683814909,22.343286669884836,64.82311564719674
2026-03-09 06:08:01,45.927867043652164,19.998620784773465,169.2297082959796
2026-03-09 06:08:31,43.30885141891658,6.344608806592875,14.620185510844452
2026-03-09 06:09:01,115.18830183473582,23.865360739412335,192.85418678438407
2026-03-09 06:09:31,45.376180953037725,24.687952554996208,152.8170471002
2026-03-09 06:10:01,38.62335333471274,3.8623353334712736,40.55452100144837
2026-03-09 06:10:31,82.7614745336046,4.413945308458912,39.31170040346218
2026-03-09 06:11:01,144.9655172413793,23.448275862068964,190.6206896551724
2026-03-09 06:11:31,95.58950308631331,21.517983378737195,139.3151487982344
2026-03-09 06:12:01,3.310344827586207,0.8275862068965517,3.310344827586207
2026-03-09 06:12:31,351.0344827586207,7.172413793103448,156.41379310344828
2026-03-09 06:13:01,49.791386503913664,9.516913209889315,116.40977897313887
2026-03-09 06:13:31,121.11597751491533,44.41838810911474,48.556747249715485
2026-03-09 06:14:01,331.8391835045859,293.7728432521895,266.87814633473556
2026-03-09 06:14:31,61.653046446674246,26.343919175200853,23.171614771904416
2026-03-09 06:15:01,184.13158166959758,5.930829971380296,4.551567187338367
2026-03-09 06:15:31,167.50534224856966,39.01564761839112,38.32632522230647
2026-03-09 06:16:01,87.13635736936442,23.714325106852343,3.7225975458431
2026-03-09 06:16:31,97.92765766697698,5.103272300955139,23.309541050308606
2026-03-09 06:17:01,68.82283980415144,32.96324391421282,31.721950210330323
2026-03-09 06:17:31,41.10486568502362,11.862478016483326,9.931376944032552
2026-03-09 06:18:01,87.72413793103448,8.689655172413794,5.379310344827586
2026-03-09 06:18:31,88.41074445708767,30.757560084135026,28.412813351263747
2026-03-09 06:19:01,157.23595738077995,27.999034516051168,26.75769801041343
2026-03-09 06:19:31,108.6896551724138,4.551724137931035,1235.4482758620688
2026-03-09 06:20:01,117.24542225593984,3.586330563122866,19.724818097175763
2026-03-09 06:20:31,122.19846907109854,2.758430453072202,2.3446658851113718
2026-03-09 06:21:01,12.550425818018827,1.5170844395407372,18.89459711064373
2026-03-09 06:21:31,94.75535326368055,43.30885141891658,299.0241715802903
2026-03-09 06:22:01,114.63254819464082,19.036452046763458,243.4734627720109
2026-03-09 06:22:31,36.54542320289605,9.101878986381658,178.86571280813652
2026-03-09 06:23:01,65.23688021515758,23.722501896420937,235.56996069236607
2026-03-09 06:23:31,71.30788593496777,4.689493465742561,120.82341988207304
2026-03-09 06:24:01,42.622159384806366,28.966516086761608,303.32080416566083
2026-03-09 06:24:31,4639.266257499483,25829.52899800014,21198.400110337217
2026-03-09 06:25:01,20956.380814454675,13.654701562015104,22640.184821213064
2026-03-09 06:25:31,674.9862107004965,3.8610038610038617,8.82515168229454
2026-03-09 06:26:01,89.23214839844155,23.997517498189847,23.032100127573013
2026-03-09 06:26:31,115.03448275862068,51.172413793103445,47.724137931034484
2026-03-09 06:27:01,39.45371775417299,21.520209684094358,18.07145813215616
2026-03-09 06:27:31,91.86840471756673,30.760742120146215,19.863438857852266
2026-03-09 06:28:01,95.16585063099097,5.516860906144404,17.929797944969312
2026-03-09 06:28:31,104.55532949412047,25.931928687196105,4.965688472016276
2026-03-09 06:29:01,261.9310344827586,49.37931034482759,66.48275862068965
2026-03-09 06:29:31,168.9655172413793,9.10344827586207,5.793103448275862
2026-03-09 06:30:01,163.16678735216024,558.1876487017688,24.688803834350537
2026-03-09 06:30:31,194.6206896551724,49.10344827586207,24.96551724137931
2026-03-09 06:31:01,92.93987865416439,4.688361831218975,3.8610038610038617
2026-03-09 06:31:31,154.61535809110032,15.585669459673806,17.102858522119927
2026-03-09 06:32:01,99.03789785854683,33.794268767888546,32.55284664988447
2026-03-09 06:32:31,81.63546730099631,5.515909952770021,4.274830213396766
2026-03-09 06:33:01,416.8132133374711,290.6106685976345,287.0245853591255
2026-03-09 06:33:31,74.89655172413794,23.448275862068964,24.551724137931036
2026-03-09 06:34:01,86.62068965517241,25.241379310344826,23.724137931034484
2026-03-09 06:34:31,79.44279704847942,26.20508930418592,25.239638645610647
2026-03-09 06:35:01,89.24137931034483,23.17241379310345,20.551724137931036
2026-03-09 06:35:31,79.99448313909386,24.27418798703538,21.515757533963175
2026-03-09 06:36:01,106.06896551724138,7.448275862068965,5.1034482758620685
2026-03-09 06:36:31,0,25.24050894796731,22.206130823075064
2026-03-09 06:37:01,137.07981382520254,32.684019996552315,29.787967591794516
2026-03-09 06:37:31,64.69634789805842,23.588647101424286,8.138772976514812
2026-03-09 06:38:01,78.48275862068965,18.896551724137932,18.20689655172414
2026-03-09 06:38:31,85.24431876961273,6.758853753577709,18.897203351839718
2026-03-09 06:39:01,215.04931374577558,33.5195530726257,4.41409752396717
2026-03-09 06:39:31,217.64016274739674,37.376732639128335,63.44390042066065
2026-03-09 06:40:01,50.21035933512656,13.24229257190151,11.311124905165872
2026-03-09 06:40:31,181.04102033781456,28.955532574974146,26.473629782833505
2026-03-09 06:41:01,224.54398124202612,5.930829971380296,4.551567187338367
2026-03-09 06:41:31,791.1724137931035,294.48275862068965,296.13793103448273
2026-03-09 06:42:01,167.30457570428607,7.44801903382642,50.20516533912624
2026-03-09 06:42:31,35.72536984033932,68.00234490844511,19.1730749336184
2026-03-09 06:43:01,3.723752715236355,3.5858359480053794,3.310002413543427
2026-03-09 06:43:31,2.7585255680838587,1.6551153408503154,2.7585255680838587
2026-03-09 06:44:01,55.44636391848556,7.03424019861384,5.930829971380296
2026-03-09 06:44:31,106.06896551724138,36.275862068965516,31.862068965517242
2026-03-09 06:45:01,191.58620689655172,784.551724137931,22.20689655172414
2026-03-09 06:45:31,175.71807868694185,627.2887141822696,51.58442812316817
2026-03-09 06:46:01,85.93103448275862,37.793103448275865,2.3448275862068964
2026-03-09 06:46:31,236.14607400255179,39.0358288216835,37.51853512190075
2026-03-09 06:47:01,139.17241379310346,27.724137931034484,19.17241379310345
2026-03-09 06:47:31,97.24137931034483,22.20689655172414,22.06896551724138
2026-03-09 06:48:01,516.2758620689655,11.310344827586206,8.827586206896552
2026-03-09 06:48:31,76.13005551149882,22.894183360342037,21.928765989725203
2026-03-09 06:49:01,159.44827586206895,26.068965517241377,24.551724137931036
2026-03-09 06:49:31,124.00427600951755,4.551881099348253,3.7242663540122067
2026-03-09 06:50:01,157.78766249439673,41.65373607806627,40.27447329402434
2026-03-09 06:50:31,3033.2413793103447,289.6551724137931,3760.689655172414
2026-03-09 06:51:01,880.1075824971551,64.5494982931623,44.8260404813627
2026-03-09 06:51:31,366.21952481120036,60.553812200420694,55.58812372840442
2026-03-09 06:52:01,445.2413793103448,13.655172413793103,9.10344827586207
2026-03-09 06:52:31,160.1434532225249,0.827614745336046,21.380047587847855
2026-03-09 06:53:01,140.6945067071278,62.89872064553949,49.65688472016276
2026-03-09 06:53:31,130.19342826604145,14.757094093714445,6.482088059855878
2026-03-09 06:54:01,489.20764085235504,26.89469691745397,40.82477070546859
2026-03-09 06:54:31,113.79310344827586,24.689655172413794,2.3448275862068964
2026-03-09 06:55:01,82.72724139119644,19.99241666953914,19.165144255627176
2026-03-09 06:55:31,62.61853039550361,20.275162925416367,19.17175269818282
2026-03-09 06:56:01,70.20689655172414,30.89655172413793,28.137931034482758
2026-03-09 06:56:31,119.97931391139458,6.619548353732115,6.619548353732115
2026-03-09 06:57:01,2736.595289817593,9099.686217716631,9074.583635047067
2026-03-09 06:57:31,6414.896551724138,6.896551724137931,4.275862068965517
2026-03-09 06:58:01,0,5.931239008241663,2.206972654229456
2026-03-09 06:58:31,137.24137931034483,19.862068965517242,21.379310344827587
2026-03-09 06:59:01,96.69298941342804,5.103624262905616,3.7242663540122067
2026-03-09 06:59:31,166.06896551724137,24.137931034482758,23.586206896551722
2026-03-09 07:00:01,132.54715354642943,39.584841902003376,38.48143167476983
2026-03-09 07:00:31,85.37636633219543,18.62004758456605,16.137374573290575
2026-03-09 07:01:01,114.20689655172414,39.44827586206897,35.03448275862069
2026-03-09 07:01:31,81.37650425847386,57.51525809454847,51.72235440157236
2026-03-09 07:02:01,310.2068965517241,10.89655172413793,7.172413793103448
2026-03-09 07:02:31,388.12454742939894,3.5860832385090164,3.4481569601048236
2026-03-09 07:03:01,6.619776582540339,1.3791201213625706,1.5170321334988277
2026-03-09 07:03:31,2.3447467328712803,2.3447467328712803,2.2068204544670875
2026-03-09 07:04:01,111.72413793103448,93.24137931034483,66.62068965517241
2026-03-09 07:04:31,704.8275862068965,296.9655172413793,318.8965517241379
2026-03-09 07:05:01,309.36864246060486,48.82590255508431,46.61908210061723
2026-03-09 07:05:31,319.2993345057067,7.310092755422227,5.1032723009551395
2026-03-09 07:06:01,245.64670183786762,53.37746974242267,51.72235440157235
2026-03-09 07:06:31,120.14207386461601,28.276837132314903,26.75954343253215
2026-03-09 07:07:01,74.61554375560307,25.37756016826426,22.894972760499275
2026-03-09 07:07:31,89.37931034482759,21.79310344827586,18.20689655172414
2026-03-09 07:08:01,101.6551724137931,7.448275862068965,4.827586206896552
2026-03-09 07:08:31,540.3765257568443,39.5834770015861,38.75594786566444
2026-03-09 07:09:01,77.64981725398249,2.758430453072202,1.9309013171505414
2026-03-09 07:09:31,174.8844907247776,5.241017860837184,4.275567202261914
2026-03-09 07:10:01,286.19702768870036,4.965346022550946,3.7240095169132093
2026-03-09 07:10:31,57.797089454445135,41.93392647768812,41.93392647768812
2026-03-09 07:11:01,82.75862068965517,20.82758620689655,19.862068965517242
2026-03-09 07:11:31,61.933170109314105,12.965964343598053,11.862478016483326
2026-03-09 07:12:01,50.206896551724135,19.862068965517242,18.20689655172414
2026-03-09 07:12:31,57.51724137931034,20.275862068965516,18.344827586206897
2026-03-09 07:13:01,54.48275862068965,12.275862068965518,10.068965517241379
2026-03-09 07:13:31,151.44827586206895,6.482758620689655,4.827586206896552
2026-03-09 07:14:01,84.28748792936958,4.00055180024831,22.89971030486964
2026-03-09 07:14:31,281.9213130581704,284.4039860694459,281.9213130581704
2026-03-09 07:15:01,39.44147560765385,20.272366833304602,20.823995862782276
2026-03-09 07:15:31,78.75590496879418,39.44691562359919,35.998758663494364
2026-03-09 07:16:01,99.44141783325288,26.61885387214675,24.27418798703538
2026-03-09 07:16:31,87.58922721473154,35.44949825856064,34.07014034966723
2026-03-09 07:17:01,114.61278532515,22.067443624577617,19.860699262119855
2026-03-09 07:17:31,101.24836195599698,33.93337471549763,30.760742120146222
2026-03-09 07:18:01,171.14880706109503,23.858778099572472,21.100537856847332
2026-03-09 07:18:31,146.25733011383235,36.840289755087966,34.90858916867886
2026-03-09 07:19:01,98.38893296995204,11.03943146927933,6.899644668299581
2026-03-09 07:19:31,264.5790943890747,25.381936062351276,19.450287960823534
2026-03-09 07:20:01,259.00768885977317,18.756680343412754,21.3770989208013
2026-03-09 07:20:31,102.6242284216697,35.311562467671294,33.93220455877788
2026-03-09 07:21:01,69.24137931034483,5.1034482758620685,4
2026-03-09 07:21:31,150.6154960173787,24.412951277542152,23.723319885521185
2026-03-09 07:22:01,140.9655172413793,20.413793103448274,19.03448275862069
2026-03-09 07:22:31,367.0344827586207,18157.379310344826,271.7241379310345
2026-03-09 07:23:01,97.65180511016861,2679.6317368366604,46.34322954380883
2026-03-09 07:23:31,66.34253991241681,41.929588634874655,16.551153408503154
2026-03-09 07:24:01,95.03120582048894,37.378021447536284,32.688527981793726
2026-03-09 07:24:31,87.3103448275862,28,24.551724137931036
2026-03-09 07:25:01,138.9013414255664,7.862340080692436,22.2076623331839
2026-03-09 07:25:31,230.88859004861902,23.861246163925383,4.689493465742561
2026-03-09 07:26:01,536.5147231225433,3.8618026343010827,3.310116543686642
2026-03-09 07:26:31,170.59127736597137,26.61610067229788,26.34028615755904
2026-03-09 07:27:01,123.85779800696527,2.7585255680838587,2.482673011275473
2026-03-09 07:27:31,141.2365090858936,25.930140339988277,25.792214061584087
2026-03-09 07:28:01,145.36928487690506,52.686021653679056,52.686021653679056
2026-03-09 07:28:31,75.17241379310344,5.1034482758620685,18.482758620689655
2026-03-09 07:29:01,73.65263266783903,23.585393607116995,7.999724147443191
2026-03-09 07:29:31,188.27586206896552,6.758620689655173,5.241379310344827
2026-03-09 07:30:01,264.6987827166454,62.34697748198213,59.86413324597399
2026-03-09 07:30:31,19024.96551724138,25883.862068965518,25890.62068965517
2026-03-09 07:31:01,6964.418700868845,26.479106330161358,5.240656461177768
2026-03-09 07:31:31,91.71781256465071,30.342734983794223,18.895248603544584
2026-03-09 07:32:01,159.0344827586207,4.827586206896552,26.620689655172413
2026-03-09 07:32:31,159.61923156515144,4.828585224529213,4.138787335310754
2026-03-09 07:33:01,198.89655172413794,1.793103448275862,3.4482758620689653
2026-03-09 07:33:31,181.9310344827586,44.55172413793103,44.275862068965516
2026-03-09 07:34:01,99.3103448275862,24.82758620689655,22.20689655172414
2026-03-09 07:34:31,54.06896551724138,12.137931034482758,10.620689655172413
2026-03-09 07:35:01,151.30512740939966,5.379124857763525,3.8619357953174025
2026-03-09 07:35:31,61.372961417784374,34.47919180774403,33.513774437127196
2026-03-09 07:36:01,43.31183833925307,21.380047587847855,20.414497051622465
2026-03-09 07:36:31,66.20917962688368,22.48353391496258,21.24211179695851
2026-03-09 07:37:01,179.8558670390676,39.0331367883866,33.10230681700631
2026-03-09 07:37:31,353.1034482758621,31.310344827586206,68.9655172413793
2026-03-09 07:38:01,212.2831821786958,51.45005000172419,6.620917962688368
2026-03-09 07:38:31,451.60177937170243,273.3887375426738,306.63126314700503
2026-03-09 07:39:01,170.2010275507741,41.79166235647047,4.551567187338368
2026-03-09 07:39:31,105.23412178470451,33.101165436866424,31.859871732983933
2026-03-09 07:40:01,514.7231225432729,5.241017860837184,4.137645679608303
2026-03-09 07:40:31,306.7586206896552,24.689655172413794,23.310344827586206
2026-03-09 07:41:01,0,26.898406786674947,41.5201048348162
2026-03-09 07:41:31,146.90161729714816,31.449360322769746,14.345322252491464
2026-03-09 07:42:01,154.0583408040825,13.10254465209296,3.8618026343010827
2026-03-09 07:42:31,413.7645679608303,7.585683745948556,7.447762223294945
2026-03-09 07:43:01,5.37968135733499,1.517346023863715,1.517346023863715
2026-03-09 07:43:31,2.3449084451187967,0.9655505362253869,2.069036863340115
2026-03-09 07:44:01,104.8348161942203,48.96889440651079,46.761845644527206
2026-03-09 07:44:31,147.0395530880375,37.38059933101141,35.17362667678195
2026-03-09 07:45:01,93.23494931384043,37.92841872974278,34.89414523136335
2026-03-09 07:45:31,68.41379310344827,2.0689655172413794,2.0689655172413794
2026-03-09 07:46:01,5.932057251250216,2.0693222969477496,2.3452319365407828
2026-03-09 07:46:31,140.26618853872148,26.480932349493138,24.963795600303428
2026-03-09 07:47:01,368.6896551724138,296.41379310344826,296
2026-03-09 07:47:31,301.1034482758621,54.06896551724138,48.41379310344828
2026-03-09 07:48:01,532.2575083617805,27.3094031240302,22.344057101479258
2026-03-09 07:48:31,253.78435226371502,16.551153408503154,15.723595738077995
2026-03-09 07:49:01,298.33454018826933,4.68949346574256,3.7240095169132093
2026-03-09 07:49:31,232.12992655425677,21.930278266266683,21.654425709458295
2026-03-09 07:50:01,121.79310344827586,3.4482758620689653,2.896551724137931
2026-03-09 07:50:31,174.48275862068965,58.06896551724138,56.689655172413794
2026-03-09 07:51:01,68.13323219088339,20.964071443348736,18.481484035583755
2026-03-09 07:51:31,450.9722796855606,6.206040546131568,24.548338160253756
2026-03-09 07:52:01,0,53.65702265595365,32.00110348632711
2026-03-09 07:52:31,76.41379310344827,6.758620689655173,2.6206896551724137
2026-03-09 07:53:01,95.71423645829744,5.102920387546116,4.27541978416026
2026-03-09 07:53:31,229.6551724137931,23.03448275862069,4.689655172413793
2026-03-09 07:54:01,290.7586206896552,38.758620689655174,55.44827586206897
2026-03-09 07:54:31,64.82535084997069,2.7585255680838587,4.413640908934174
2026-03-09 07:55:01,396.28952722507665,288.009931376944,294.906720921411
2026-03-09 07:55:31,86.89655172413794,5.931034482758621,4
2026-03-09 07:56:01,54.62068965517241,26.482758620689655,24.275862068965516
2026-03-09 07:56:31,112.13793103448276,28,25.241379310344826
2026-03-09 07:57:01,82.61499206951245,19.998620784773465,16.68850424108682
2026-03-09 07:57:31,93.93103448275862,36.96551724137931,34.3448275862069
2026-03-09 07:58:01,235.1805234663264,8.4140832442498,5.931239008241663
2026-03-09 07:58:31,198.06896551724137,35.86206896551724,33.37931034482759
2026-03-09 07:59:01,289.66516086761607,19.724818097175763,16.8281664884996
2026-03-09 07:59:31,93.23173464813986,41.375030169292835,39.72002896252113
2026-03-09 08:00:01,64.13350803392869,17.102268809047654,16.136818150472383
2026-03-09 08:00:31,66.48275862068965,3.7241379310344827,14.344827586206897
2026-03-09 08:01:01,14.758111789248645,0.6896313920209647,2.896451846488052
2026-03-09 08:01:31,125.93103448275862,40,25.79310344827586
2026-03-09 08:02:01,104.14152212145245,6.896789544467049,4.2760095175695705
2026-03-09 08:02:31,155.16706320471707,44.55018792455432,42.481293748491424
2026-03-09 08:03:01,15534.678392826348,626.452836695982,1565.2353854112778
2026-03-09 08:03:31,45972.137931034486,691.1724137931035,65750.62068965517
2026-03-09 08:04:01,48.27419744146754,38.757284231578225,4.137788352125789
2026-03-09 08:04:31,95.3103448275862,26.896551724137932,35.172413793103445
2026-03-09 08:05:01,226.4905686402979,2.620780026897479,23.311148660298628
2026-03-09 08:05:31,150.33445969243502,5.103096338183573,4.137645679608303
2026-03-09 08:06:01,2743.310344827586,288,6938.068965517241
2026-03-09 08:06:31,6030.482758620689,8201.51724137931,1553.7931034482758
2026-03-09 08:07:01,137.51724137931035,41.10344827586207,37.37931034482759
2026-03-09 08:07:31,88.13489190027929,5.241198579359332,3.8619357953174025
2026-03-09 08:08:01,117.64705882352942,25.37756016826426,3.7238811116474726
2026-03-09 08:08:31,123.30609289334849,33.929864487431466,52.8257646288059
2026-03-09 08:09:01,498.3276438743491,32.688527981793726,26.481845453605047
2026-03-09 08:09:31,453.8557042350669,7.725203476341565,5.7939026072561735
2026-03-09 08:10:01,112.13793103448276,16.275862068965516,15.586206896551724
2026-03-09 08:10:31,104.68604530878247,49.23968139029689,47.170787214234
2026-03-09 08:11:01,110.20689655172414,6.758620689655173,4.413793103448276
2026-03-09 08:11:31,155.71876831833384,58.618668321782,28.412813351263747
2026-03-09 08:12:01,81.91691087743492,25.512842613342524,49.37079813825202
2026-03-09 08:12:31,141.77843671344345,29.10043788573596,24.8250181015757
2026-03-09 08:13:01,427.6009517569571,11.310734852925961,7.310596917135072
2026-03-09 08:13:31,0,27.72318195924278,27.3094031240302
2026-03-09 08:14:01,130.76312976309526,3.0345873995655017,3.172523190454843
2026-03-09 08:14:31,370.8965517241379,281.37931034482756,281.37931034482756
2026-03-09 08:15:01,99.58277300782733,24.68880383435054,24.275024999137962
2026-03-09 08:15:31,134.89655172413794,35.58620689655172,34.3448275862069
2026-03-09 08:16:01,108.41753163902202,4.413945308458912,3.172523190454843
2026-03-09 08:16:31,79.44827586206897,23.448275862068964,25.655172413793103
2026-03-09 08:17:01,81.93103448275862,10.068965517241379,20.689655172413794
2026-03-09 08:17:31,263.411943180251,37.92580333747069,19.30768169907599
2026-03-09 08:18:01,84.68673494017446,16.689079686907345,15.585669459673802
2026-03-09 08:18:31,127.30595496707008,5.241198579359332,3.9998620737215953
2026-03-09 08:19:01,77.3819786889203,16.96610227938894,15.724680161384873
2026-03-09 08:19:31,156.9655172413793,26.20689655172414,24.275862068965516
2026-03-09 08:20:01,72,26.896551724137932,24.96551724137931
2026-03-09 08:20:31,68,22.06896551724138,19.862068965517242
2026-03-09 08:21:01,83.85917726974931,33.37815937381469,31.44719147615599
2026-03-09 08:21:31,83.16954587772834,19.585531533395397,16.964932243715733
2026-03-09 08:22:01,140.8178746293359,7.3098407006413355,4.965174815529964
2026-03-09 08:22:31,212.0867376840073,23.442617299272587,21.51204881580308
2026-03-09 08:23:01,407.83394248672505,305.08240810978555,304.1169574512103
2026-03-09 08:23:31,449.90000689607615,7.585683745948556,6.482311564719675
2026-03-09 08:24:01,158.2123521500741,4.965688472016276,4.000137935790889
2026-03-09 08:24:31,0,40.55032585083273,39.44691562359918
2026-03-09 08:25:01,154.62602158695125,4.551881099348253,3.586330563122866
2026-03-09 08:25:31,129.9310344827586,4.275862068965517,3.862068965517241
2026-03-09 08:26:01,187.86206896551724,3.4482758620689653,3.0344827586206895
2026-03-09 08:26:31,179.16005792703953,62.61637128473899,62.202606716778156
2026-03-09 08:27:01,116,60.137931034482754,52.55172413793103
2026-03-09 08:27:31,202.75862068965517,11.448275862068966,29.79310344827586
2026-03-09 08:28:01,532.6896551724138,43.172413793103445,20.275862068965516
2026-03-09 08:28:31,260.82758620689657,26.620689655172413,23.17241379310345
2026-03-09 08:29:01,200.67581546100268,23.03289428315289,22.481208192538446
2026-03-09 08:29:31,125.37931034482759,25.79310344827586,25.103448275862068
2026-03-09 08:30:01,126.34047101824073,4.1377883521257885,3.1723044032964376
2026-03-09 08:30:31,379.7372323183558,312.8383737370254,312.42456636435736
2026-03-09 08:31:01,99.00375745458305,20.683236237029888,19.028577338067496
2026-03-09 08:31:31,222.3448275862069,27.724137931034484,26.75862068965517
2026-03-09 08:32:01,84.90370677158832,46.80057983019259,37.27479809484365
2026-03-09 08:32:31,86.50960642958158,37.39091442171708,17.38470559828912
2026-03-09 08:33:01,98.48275862068965,18.620689655172413,35.58620689655172
2026-03-09 08:33:31,183.75581996896017,25.935506121745128,24.28004828418693
2026-03-09 08:34:01,170.05137399579357,6.068337758162949,28.824604351274008
2026-03-09 08:34:31,143.0344827586207,36.41379310344828,405.2413793103448
2026-03-09 08:35:01,0,27.586206896551722,179.44827586206895
2026-03-09 08:35:31,76.26534271135016,5.102744449041511,27.168666390842642
2026-03-09 08:36:01,140.83729912407753,24.13959583419546,168.14952755362438
2026-03-09 08:36:31,69.51484431571326,29.516223578497296,108.1342022688873
2026-03-09 08:37:01,110.85832471561531,22.33712512926577,233.16097897276802
2026-03-09 08:37:31,418.3304023999172,22.895762215096028,21.240646874245712
2026-03-09 08:38:01,74.76119866202282,4.551881099348253,16.55229490672092
2026-03-09 08:38:31,71.44581221337194,24.550877555946343,10.068618323506085
2026-03-09 08:39:01,109.93861645630733,10.621422167046003,2.896751500103455
2026-03-09 08:39:31,21139.40898589704,23383.331609254856,21292.645081204097
2026-03-09 08:40:01,100.41033067825246,16.964932243715733,15.171890624461223
2026-03-09 08:40:31,93.9277955932554,18.895900141374433,24.412951277542152
2026-03-09 08:41:01,76.96817131625227,9.379633780475187,16.000551743163555
2026-03-09 08:41:31,52.68783835040171,28.964518464880523,16.551153408503158
2026-03-09 08:42:01,99.58620689655173,20.275862068965516,37.6551724137931
2026-03-09 08:42:31,92.96231164442604,24.688803834350537,22.895762215096028
2026-03-09 08:43:01,70.61825454294679,5009.620357918692,18.62004758456605
2026-03-09 08:43:31,152.9655172413793,16.137931034482758,44.689655172413794
2026-03-09 08:44:01,135.43893524584513,75.58099441417833,18.343562512930145
2026-03-09 08:44:31,183.3103448275862,35.58620689655172,45.793103448275865
2026-03-09 08:45:01,394.2496638742372,7.860171682697279,5.929603199227772
2026-03-09 08:45:31,0,24.689655172413794,4.137931034482759
2026-03-09 08:46:01,127.30595496707011,25.5163615047757,45.653598151787875
2026-03-09 08:46:31,390.7586206896552,279.7241379310345,278.8965517241379
2026-03-09 08:47:01,22.75862068965517,1.2413793103448276,3.310344827586207
2026-03-09 08:47:31,81.81002966130924,14.209836517900257,12.692281161619647
2026-03-09 08:48:01,87.1754198420635,40.966929894134275,35.72536984033932
2026-03-09 08:48:31,137.2508448858542,27.726050072418786,23.725774191323538
2026-03-09 08:49:01,181.14717345566174,5.932466457420757,4.138930086572621
2026-03-09 08:49:31,246.6206896551724,23.586206896551722,23.03448275862069
2026-03-09 08:50:01,161.78194607268466,42.47982897731191,42.47982897731191
2026-03-09 08:50:31,114.74279409736587,5.240656461177768,4.137360364087712
2026-03-09 08:51:01,144.97051622469738,4.13807372668023,3.4483947722335246
2026-03-09 08:51:31,201.92407158373848,22.757835936691837,22.206130823075064
2026-03-09 08:52:01,190.35139142729057,2.896651608676161,2.620780026897479
2026-03-09 08:52:31,141.09371767464313,60.685469967588446,60.27170539962761
2026-03-09 08:53:01,89.6551724137931,14.758620689655173,13.10344827586207
2026-03-09 08:53:31,97.51724137931035,6.482758620689655,5.1034482758620685
2026-03-09 08:54:01,389.10344827586204,6.482758620689655,4.275862068965517
2026-03-09 08:54:31,244.82758620689654,22.20689655172414,21.241379310344826
2026-03-09 08:55:01,131.60435922196166,2.483101117395503,1.2415505586977515
2026-03-09 08:55:31,107.17610952101795,3.0345873995655017,3.0345873995655017
2026-03-09 08:56:01,168.68965517241378,23.862068965517242,22.482758620689655
2026-03-09 08:56:31,94.89327954208474,5.379124857763525,3.8619357953174025
2026-03-09 08:57:01,158.48275862068965,25.379310344827587,22.896551724137932
2026-03-09 08:57:31,177.09734147098376,3.72400951691321,4.551567187338368
2026-03-09 08:58:01,422.2214559122728,293.3894272216283,268.42304907065756
2026-03-09 08:58:31,102.20337229750699,46.06737698700045,46.89493465742561
2026-03-09 08:59:01,67.45990688049663,25.521641662355577,34.90256940851871
2026-03-09 08:59:31,123.17241379310344,38.62068965517241,26.896551724137932
2026-03-09 09:00:01,103.17241379310344,20.689655172413794,30.344827586206897
2026-03-09 09:00:31,137.65991930756232,43.58770992103175,27.86302975964688
2026-03-09 09:01:01,185.6551724137931,8.551724137931034,5.517241379310345
2026-03-09 09:01:31,180.15035519691014,50.21035933512656,47.313607835023106
2026-03-09 09:02:01,219.55592332092124,7.723072679630396,5.102744449041511
2026-03-09 09:02:31,275.95242199620753,6.757455611101534,4.550939493190829
2026-03-09 09:03:01,177.64904658460054,49.23968139029689,49.1017551118927
2026-03-09 09:03:31,123.86206896551724,22.482758620689655,22.344827586206897
2026-03-09 09:04:01,81.08108108108108,24.407060121345836,23.303916161059018
2026-03-09 09:04:31,69.79310344827586,18.20689655172414,17.241379310344826
2026-03-09 09:05:01,82.34482758620689,4.827586206896552,3.7241379310344827
2026-03-09 09:05:31,80.13793103448276,5.379310344827586,2.3448275862068964
2026-03-09 09:06:01,525.5172413793103,274.3448275862069,275.7241379310345
2026-03-09 09:06:31,176.68965517241378,47.172413793103445,14.89655172413793
2026-03-09 09:07:01,118.47458795945107,5.930625474105234,33.65285152748086
2026-03-09 09:07:31,108.08575170607294,6.4796305231956985,4.549527814158682
2026-03-09 09:08:01,593.0064142354646,6.06938409545486,4.138216428719223
2026-03-09 09:08:31,246.6291941101417,2.3449084451187967,18.897203351839718
2026-03-09 09:09:01,160.80540615087574,37.787891325334435,35.857123155426834
2026-03-09 09:09:31,58.62068965517241,22.482758620689655,4.9655172413793105
2026-03-09 09:10:01,62.206896551724135,24.137931034482758,21.79310344827586
2026-03-09 09:10:31,90.34171235474638,7.310092755422226,4.965346022550946
2026-03-09 09:11:01,164.1435911583158,26.897479223421495,25.10431394186006
2026-03-09 09:11:31,106.06165092062616,40.82477070546859,40.27308461485415
2026-03-09 09:12:01,78.0662735767732,8.137650425847383,7.172166477018033
2026-03-09 09:12:31,58.06896551724138,17.517241379310345,16.551724137931036
2026-03-09 09:13:01,106.87443977108185,24.822450527477073,23.029717989381506
2026-03-09 09:13:31,67.03217130443777,42.20544119168304,48.136271163063334
2026-03-09 09:14:01,99.44827586206897,45.37931034482759,31.03448275862069
2026-03-09 09:14:31,212.41379310344828,10.344827586206897,27.586206896551722
2026-03-09 09:15:01,8716.33968899769,8546.70206530359,8630.831293314486
2026-03-09 09:15:31,147.4838754182044,33.80126237367641,31.731797330390098
2026-03-09 09:16:01,137.36983656299566,23.998344941728156,22.894972760499275
2026-03-09 09:16:31,169.63177492759618,6.481864570404082,5.102744449041511
2026-03-09 09:17:01,117.2211687640062,44.544044130322355,43.30287881399758
2026-03-09 09:17:31,443.5556168540101,15.998896627818771,11.309564857596028
2026-03-09 09:18:01,0,25.79488240568315,540.4510655907304
2026-03-09 09:18:31,270.2255327953652,44.41685633491965,251.0517966756328
2026-03-09 09:19:01,229.9231060997897,38.48143167476984,45.23981931657529
2026-03-09 09:19:31,143.0344827586207,20.551724137931036,32.55172413793103
2026-03-09 09:20:01,117.49293249672482,5.2402951113562715,3.8612700820519894
2026-03-09 09:20:31,86.89655172413794,19.310344827586206,33.10344827586207
2026-03-09 09:21:01,177.2658297696234,22.07200993240447,29.383363222513452
2026-03-09 09:21:31,455.44827586206895,24.275862068965516,35.58620689655172
2026-03-09 09:22:01,102.20337229750699,3.72400951691321,247.02596462190962
2026-03-09 09:22:31,397.82053934754117,272.5705221049727,371.61183529898614
2026-03-09 09:23:01,215.00482692042476,4.275272376223969,313.88773962212105
2026-03-09 09:23:31,146.90161729714816,28.552708714093587,5.793303217352322
2026-03-09 09:24:01,206.21400737956478,5.379495844684299,4.689816890237593
2026-03-09 09:24:31,161.51724137931035,17.379310344827587,16.551724137931036
2026-03-09 09:25:01,131.5907445084313,17.241973861167622,16.276423324942236
2026-03-09 09:25:31,140.9655172413793,25.103448275862068,24.137931034482758
2026-03-09 09:26:01,162.20689655172413,21.79310344827586,4
2026-03-09 09:26:31,66.20461363401262,25.24050894796731,38.48143167476983
2026-03-09 09:27:01,75.58099441417833,21.377836011309565,18.757327080890974
2026-03-09 09:27:31,64.81194194504774,21.92574206226083,19.857275829972075
2026-03-09 09:28:01,120.1255042581802,5.378753922008069,91.43881667413717
2026-03-09 09:28:31,58.06896551724138,34.758620689655174,33.93103448275862
2026-03-09 09:29:01,57.50930906081919,19.445593711212247,24.134602123844985
2026-03-09 09:29:31,74.06385766498862,1199.0897179504861,229.91517826356804
2026-03-09 09:30:01,152.82758620689654,137.3793103448276,105.6551724137931
2026-03-09 09:30:31,266.7586206896552,53.51724137931034,56
2026-03-09 09:31:01,303.90568444275914,9.238512185873349,5.515529663207969
2026-03-09 09:31:31,212.41379310344828,5.931034482758621,3.1724137931034484
2026-03-09 09:32:01,65.6551724137931,18.344827586206897,65.24137931034483
2026-03-09 09:32:31,114.92032834379528,4.966544802372905,3.1730702904049117
2026-03-09 09:33:01,353.6673678402703,295.59639987585774,626.3664264284974
2026-03-09 09:33:31,156.27586206896552,59.03448275862069,54.62068965517241
2026-03-09 09:34:01,85.08877779693155,15.445612825374933,14.61816928115842
2026-03-09 09:34:31,97.65180511016861,25.102582669563116,23.86124616392538
2026-03-09 09:35:01,75.0370702438015,25.10431394186006,4.2760095175695705
2026-03-09 09:35:31,135.02051511912563,5.102920387546116,23.583767196496918
2026-03-09 09:36:01,153.6392786953074,24.54918456711375,37.09961038513258
2026-03-09 09:36:31,102.90010000344839,25.2422497327494,131.86661609021
2026-03-09 09:37:01,439.1572704389503,30.205854970518253,55.998069032102336
2026-03-09 09:37:31,125.9180084818812,7.309588663241734,23.17001689480399
2026-03-09 09:38:01,86.63861488583845,26.62619852383252,46.07849899979306
2026-03-09 09:38:31,169.6551724137931,24.82758620689655,85.51724137931035
2026-03-09 09:39:01,86.34185028102478,23.585393607116995,34.06779076583566
2026-03-09 09:39:31,60.41379310344828,2.6206896551724137,14.620689655172413
2026-03-09 09:40:01,99.5793393559065,20.550306875387903,41.92814288669747
2026-03-09 09:40:31,95.72413793103448,26.482758620689655,872
2026-03-09 09:41:01,339.17241379310343,295.7241379310345,592.4137931034483
2026-03-09 09:41:31,45.094118458250016,25.649865545059644,25.649865545059644
2026-03-09 09:42:01,99.02082471383257,22.203833953937387,21.100537856847332
2026-03-09 09:42:31,97.49706957181273,40.957043370337175,39.302213335172034
2026-03-09 09:43:01,147.0344827586207,32.275862068965516,34.06896551724138
2026-03-09 09:43:31,171.72413793103448,9.10344827586207,6.620689655172414
2026-03-09 09:44:01,323.7129754146408,47.72249232785076,142.61577186993551
2026-03-09 09:44:31,73.79055894624322,37.51594772594048,77.37664218475224
2026-03-09 09:45:01,91.58304886038411,4.965346022550946,3.9998620737215953
2026-03-09 09:45:31,194.77877021760872,5.379866882780977,34.76221678104631
2026-03-09 09:46:01,178.84104932951843,26.750318866558654,113.75779930366437
2026-03-09 09:46:31,99.03106789421055,48.41212371987173,132.40922726802526
2026-03-09 09:47:01,76.41115823592291,34.75742215785663,32.136822868176964
2026-03-09 09:47:31,74.7560428950726,6.206682528188684,24.96465639115893
2026-03-09 09:48:01,24.69050656919204,23.173212869409287,122.62491810062414
2026-03-09 09:48:31,22931.908291673848,32148.66402344423,41867.953801068776
2026-03-09 09:49:01,9339.631098086536,26.0644716428202,15577.865885192206
2026-03-09 09:49:31,75.86206896551724,21.103448275862068,37.37931034482759
2026-03-09 09:50:01,67.85972897486293,18.20626874935347,17.240784800524118
2026-03-09 09:50:31,105.26678853516366,5.1046804401062325,4.000965750353533
2026-03-09 09:51:01,89.52341540795919,37.65776950134493,15.725222429133046
2026-03-09 09:51:31,119.72000965483947,33.65401193062308,44.55018792455432
2026-03-09 09:52:01,84.68673494017449,15.447743181269612,23.723319885521192
2026-03-09 09:52:31,92.13793103448276,4.827586206896552,4.137931034482759
2026-03-09 09:53:01,116.55172413793103,30.068965517241377,28.413793103448274
2026-03-09 09:53:31,84.9655172413793,29.379310344827587,26.20689655172414
2026-03-09 09:54:01,69.6575743991172,20.414497051622465,17.931652815614328
2026-03-09 09:54:31,131.0299644839833,32.55060170338953,5.654977414571911
2026-03-09 09:55:01,165.3793103448276,3.310344827586207,48
2026-03-09 09:55:31,120.54756732526464,26.895624288817622,23.999172442329574
2026-03-09 09:56:01,91.31349356874374,24.414634987413354,3.7242663540122067
2026-03-09 09:56:31,156.68965517241378,22.344827586206897,21.655172413793103
2026-03-09 09:57:01,452.6272238311957,3.9994483519514548,3.3098882912701697
2026-03-09 09:57:31,172.54577428364536,4.1377883521257885,3.8619357953174025
2026-03-09 09:58:01,453.5016033929864,296.26564601220645,294.19675183614356
2026-03-09 09:58:31,101.513740905486,46.8949346574256,47.86041860625495
2026-03-09 09:59:01,65.65970066901166,16.96668735774881,23.44989309607559
2026-03-09 09:59:31,140.13309885866002,14.206406675631873,2.896451846488052
2026-03-09 10:00:01,260.8365805717438,27.587158177868197,26.62160764164281
2026-03-09 10:00:31,86.89954826028483,55.45018793751508,51.45005000172419
2026-03-09 10:01:01,0,43.722630254129164,33.2402330954105
2026-03-09 10:01:31,120.96968860995204,12.276285389151349,13.241835925376735
2026-03-09 10:02:01,277.6551724137931,21.79310344827586,21.241379310344826
2026-03-09 10:02:31,229.6393352182608,51.720570995103785,37.376732639128335
2026-03-09 10:03:01,98.20351022378537,25.102582669563116,35.99875866349436
2026-03-09 10:03:31,92.27904410496912,25.2422497327494,5.931239008241663
2026-03-09 10:04:01,601.8138556501948,289.8030966585054,320.9765853994965
2026-03-09 10:04:31,117.65922962860786,52.8294079106176,48.69133418393737
2026-03-09 10:05:01,240.03310801489863,26.486411918885366,25.520761484342668
2026-03-09 10:05:31,360.94062478449763,41.79022136404386,43.99696572650162
2026-03-09 10:06:01,110.20689655172414,22.482758620689655,20.96551724137931
2026-03-09 10:06:31,73.80837414637512,6.07022142512244,25.522521901082985
2026-03-09 10:07:01,137.24137931034483,26.20689655172414,4.137931034482759
2026-03-09 10:07:31,119.32680369706166,30.90081390536626,29.797213408746035
2026-03-09 10:08:01,81.36528184795725,16146.043785554213,17.100499913807962
2026-03-09 10:08:31,50.894796731147196,12.275438777973172,9.241060653080927
2026-03-09 10:09:01,115.58620689655173,4.551724137931035,3.4482758620689653
2026-03-09 10:09:31,84.41379310344827,45.37931034482759,42.206896551724135
2026-03-09 10:10:01,104.14511345610042,14.621698048141251,13.24229257190151
2026-03-09 10:10:31,101.37931034482759,14.620689655172413,10.89655172413793
2026-03-09 10:11:01,392.2623357815248,12.413365056377367,7.310092755422227
2026-03-09 10:11:31,417.2126060271706,45.51410247569133,43.7211226811944
2026-03-09 10:12:01,115.3103448275862,4.275862068965517,3.862068965517241
2026-03-09 10:12:31,212.67498793186678,4.827253292876353,4.137645679608303
2026-03-09 10:13:01,485.5339839304803,306.217455774337,305.9415841925583
2026-03-09 10:13:31,110.21069692058346,27.587158177868197,26.069864478085446
2026-03-09 10:14:01,101.79661367633365,29.656195041208314,28.138901341425562
2026-03-09 10:14:31,92,23.448275862068964,22.482758620689655
2026-03-09 10:15:01,45.38087520259319,15.035001206938167,14.207386461602121
2026-03-09 10:15:31,55.86206896551724,5.1034482758620685,4.137931034482759
2026-03-09 10:16:01,72.13295634783809,43.859044203848015,41.10061375077581
2026-03-09 10:16:31,67.42967457253172,11.169332597904027,6.618863761720906
2026-03-09 10:17:01,160.13240922726803,34.48156960104824,30.481707527326645
2026-03-09 10:17:31,174.48877547501635,6.482982171799026,4.827752681126935
2026-03-09 10:18:01,236.55172413793102,3.1724137931034484,3.0344827586206895
2026-03-09 10:18:31,148.82758620689654,42.206896551724135,41.93103448275862
2026-03-09 10:19:01,81.66925331953784,4.276599413692016,3.724780134505949
2026-03-09 10:19:31,119.15187036717806,17.238407171177382,16.548870884330288
2026-03-09 10:20:01,133.65056377366295,3.7240095169132093,3.310230681700631
2026-03-09 10:20:31,215.29549686228538,4.275567202261914,3.8618026343010827
2026-03-09 10:21:01,200.68965517241378,22.896551724137932,22.620689655172413
2026-03-09 10:21:31,55.170511361677185,30.481707527326645,29.930002413709875
2026-03-09 10:22:01,117.65111547877657,4.827419744146753,3.5860832385090164
2026-03-09 10:22:31,40.82758620689655,34.06896551724138,33.37931034482759
2026-03-09 10:23:01,76.41115823592288,4.68949346574256,3.5860832385090164
2026-03-09 10:23:31,152.41379310344828,5.379310344827586,4.275862068965517
2026-03-09 10:24:01,7685.092589399634,7632.952860443463,7587.29611365909
2026-03-09 10:24:31,82.48275862068965,41.10344827586207,53.6551724137931
2026-03-09 10:25:01,84.61883562825689,8.834592953031715,5.10749905097146
2026-03-09 10:25:31,152.28636457686738,49.38271604938272,23.17401200082765
2026-03-09 10:26:01,92.54534170057238,19.446934694159026,40.9626922281222
2026-03-09 10:26:31,457.99420609739275,18.62325838046627,20.416609187474137
2026-03-09 10:27:01,78.06358182194332,4.965174815529964,3.7238811116474726
2026-03-09 10:27:31,181.93730818304076,5.103624262905616,22.2076623331839
2026-03-09 10:28:01,111.58235922899212,42.48129374849143,43.03299886210821
2026-03-09 10:28:31,63.86427118176488,24.552570778302698,4.13807372668023
2026-03-09 10:29:01,60.28001931167667,15.311400786261121,14.345816952893303
2026-03-09 10:29:31,125.09482104682436,4.965174815529964,3.999724156954693
2026-03-09 10:30:01,231.05838535020862,23.450701796737594,42.62509914818774
2026-03-09 10:30:31,75.16722984621751,25.239638645610647,21.239914488655955
2026-03-09 10:31:01,60.269627279936564,24.135434265420823,18.618763576181777
2026-03-09 10:31:31,53.65702265595365,28.828580295872268,2.896651608676161
2026-03-09 10:32:01,152.93387574984487,10.756395228573398,12.273322760808108
2026-03-09 10:32:31,0,8.137650425847383,5.930829971380296
2026-03-09 10:33:01,351.5983309769302,2.482844236008138,2.896651608676161
2026-03-09 10:33:31,115.84609019445593,20.27306578402979,19.16976968693973
2026-03-09 10:34:01,115.03051618909691,2.896451846488052,3.8619357953174025
2026-03-09 10:34:31,383.18562709058926,272.28525121555913,272.1473154246698
2026-03-09 10:35:01,111.7279906203662,60.829683782199375,59.31239008241663
2026-03-09 10:35:31,66.89424502603357,37.1021688907279,27.17147684562601
2026-03-09 10:36:01,205.64808110065167,44.8260404813627,27.861108237646974
2026-03-09 10:36:31,402.2346368715084,8.966135595558315,24.27753638181944
2026-03-09 10:37:01,164.55739853098382,5.51743163557364,2.206972654229456
2026-03-09 10:37:31,138.6350312101252,20.277959788943683,21.519467531123908
2026-03-09 10:38:01,102.88590835430819,36.27210978174672,35.30669241112989
2026-03-09 10:38:31,86.4857408876168,5.241560053794958,22.34559812407324
2026-03-09 10:39:01,83.03161959932415,22.895762215096028,19.72345781179959
2026-03-09 10:39:31,44.13793103448276,29.241379310344826,12.137931034482758
2026-03-09 10:40:01,66.62068965517241,4.689655172413793,3.586206896551724
2026-03-09 10:40:31,155.59157212317663,4.965688472016276,4.2760095175695705
2026-03-09 10:41:01,186.7650608641677,24.276699196524014,40.00137935790889
2026-03-09 10:41:31,72.29331217880178,21.660400786396718,4.000965750353534
2026-03-09 10:42:01,84.96258749698285,33.37815937381469,32.27474914658115
2026-03-09 10:42:31,397.9035928556651,5.103096338183573,2.2067443624577616
2026-03-09 10:43:01,0,4.413184388360226,3.7236243276789405
2026-03-09 10:43:31,525.3542004205591,28.680754248681442,26.060877658657656
2026-03-09 10:44:01,283.4385021206165,287.71421675114647,286.3349539671045
2026-03-09 10:44:31,213.7857315264991,88.13489190027931,72.27336988379712
2026-03-09 10:45:01,59.86206896551724,11.172413793103448,17.241379310344826
2026-03-09 10:45:31,166.61494431226507,55.44636391848556,53.37746974242267
2026-03-09 10:46:01,105.79310344827586,17.103448275862068,15.724137931034482
2026-03-09 10:46:31,214.48275862068965,6.620689655172414,5.793103448275862
2026-03-09 10:47:01,300.8379599296527,41.3807372668023,1.5172936997827509
2026-03-09 10:47:31,78.06896551724138,16.413793103448274,54.62068965517241
2026-03-09 10:48:01,79.16968380400675,15.861522016482189,17.240784800524118
2026-03-09 10:48:31,78.62340080692437,4.965688472016276,20.96624021517983
2026-03-09 10:49:01,61.23926761146166,23.999172442329574,14.896038067652837
2026-03-09 10:49:31,79.1669540031722,47.72084683814909,10.619957244327978
2026-03-09 10:50:01,483.8787544398082,23.58702024207731,6.345046380909686
2026-03-09 10:50:31,1.3792627840419294,1.9309678976587012,1.9309678976587012
2026-03-09 10:51:01,72,231.58620689655172,39.03448275862069
2026-03-09 10:51:31,136.42320160011036,41.38216428719222,3.5864542382233258
2026-03-09 10:52:01,430.2217317838546,602.3655988137521,278.4923618055795
2026-03-09 10:52:31,94.47950070687216,2011.3789179683456,46.8949346574256
2026-03-09 10:53:01,101.10693472188694,158.2123521500741,2.069036863340115
2026-03-09 10:53:31,69.37452589476588,138.88697331218538,18.895248603544584
2026-03-09 10:54:01,140.55657091623848,9.241697989585846,16.138487534052896
2026-03-09 10:54:31,0,25.930140339988274,24.964656391158922
2026-03-09 10:55:01,168.95969104513637,41.1020309644495,38.75728423157822
2026-03-09 10:55:31,102.62776743223671,28.13987171529071,18.208152286364577
2026-03-09 10:56:01,96.00993206193743,21.795358140497292,24.69220953891782
2026-03-09 10:56:31,73.93103448275862,25.79310344827586,22.482758620689655
2026-03-09 10:57:01,146.3448275862069,5.517241379310345,4.413793103448276
2026-03-09 10:57:31,476.29228594089443,22.06972654229456,21.24211179695851
2026-03-09 10:58:01,131.87571128047728,43.17688036693451,42.211263234127664
2026-03-09 10:58:31,75.72413793103448,19.724137931034484,18.620689655172413
2026-03-09 10:59:01,73.93103448275862,2.206896551724138,3.586206896551724
2026-03-09 10:59:31,176.26978380055857,5.103272300955139,4.1377883521257885
2026-03-09 11:00:01,8788.027173350803,18629.194110141725,8717.266112624571
2026-03-09 11:00:31,87.03448275862068,3889.3793103448274,16.551724137931036
2026-03-09 11:01:01,161.10344827586206,4.9655172413793105,5.241379310344827
2026-03-09 11:01:31,129.6551724137931,36.41379310344828,35.58620689655172
2026-03-09 11:02:01,100.82410951346505,26.20599289679666,25.102582669563116
2026-03-09 11:02:31,67.86440911755577,24.96637815097072,22.06972654229456
2026-03-09 11:03:01,135.86675402600088,30.34587399565502,24.414634987413354
2026-03-09 11:03:31,334.6437685357611,12.552589833781642,7.724670666942549
2026-03-09 11:04:01,213.6551724137931,19.724137931034484,17.103448275862068
2026-03-09 11:04:31,136.83702324298227,23.44989309607559,22.76019035795572
2026-03-09 11:05:01,0,32.825322391559205,32.13571477829115
2026-03-09 11:05:31,88.13489190027929,16.82700596531154,14.758111789248645
2026-03-09 11:06:01,115.86206896551724,3.1724137931034484,4.827586206896552
2026-03-09 11:06:31,363.3103448275862,24.689655172413794,23.448275862068964
2026-03-09 11:07:01,189.66171247284387,24.82844236008138,43.86358150281043
2026-03-09 11:07:31,133.92641633047137,43.99848281093756,30.20585497051826
2026-03-09 11:08:01,100.82758620689656,14.068965517241379,4.9655172413793105
2026-03-09 11:08:31,398.7586206896552,298.3448275862069,294.8965517241379
2026-03-09 11:09:01,58.48275862068965,21.103448275862068,17.241379310344826
2026-03-09 11:09:31,79.7076466937875,23.71923050403365,20.68537543956423
2026-03-09 11:10:01,78.75590496879417,9.792765766697698,19.585531533395397
2026-03-09 11:10:31,76.54908451432709,27.86110823764698,16.413227130098964
2026-03-09 11:11:01,53.245051382854,17.51844954824471,16.414925167252918
2026-03-09 11:11:31,87.30131365720788,4.965003620315141,4.1375030169292835
2026-03-09 11:12:01,82.89941032449394,4.551881099348253,22.06972654229456
2026-03-09 11:12:31,176.9655172413793,23.310344827586206,4
2026-03-09 11:13:01,416.5373607806627,3.7240095169132093,3.1723044032964376
2026-03-09 11:13:31,195.59295148108552,28.276837132314903,27.72509396875754
2026-03-09 11:14:01,148.5466018413158,25.102582669563116,24.550877555946343
2026-03-09 11:14:31,133.79310344827587,30.75862068965517,21.103448275862068
2026-03-09 11:15:01,95.72413793103448,23.03448275862069,10.758620689655173
2026-03-09 11:15:31,40.13931514879823,22.34559812407324,34.07014034966723
2026-03-09 11:16:01,92.69604800331057,30.071039382026346,25.381060762811227
2026-03-09 11:16:31,256.2758620689655,4.137931034482759,5.655172413793103
2026-03-09 11:17:01,207.3103448275862,23.724137931034484,22.20689655172414
2026-03-09 11:17:31,132.83216662643537,22.06972654229456,21.24211179695851
2026-03-09 11:18:01,71.90670071078601,23.04878890345732,22.082672003312403
2026-03-09 11:18:31,70.25777287000932,10.628386072673315,9.800200144932537
2026-03-09 11:19:01,73.38184075312941,20.82830442429049,19.724818097175763
2026-03-09 11:19:31,303.193323677495,276.0190357955721,275.74315470032417
2026-03-09 11:20:01,31.449360322769746,15.862615952274215,15.17293699782751
2026-03-09 11:20:31,4.1377883521257885,3.9998620737215953,4.68949346574256
2026-03-09 11:21:01,147.7292320424842,40.41518673057691,34.483947722335245
2026-03-09 11:21:31,183.3103448275862,13.655172413793103,23.448275862068964
2026-03-09 11:22:01,143.31528673402528,21.931790751405217,4.13807372668023
2026-03-09 11:22:31,242.07731301079343,4.827752681126935,18.483395979171693
2026-03-09 11:23:01,167.58620689655172,32.275862068965516,17.655172413793103
2026-03-09 11:23:31,64.28029519277192,17.932271191116627,17.65639009586868
2026-03-09 11:24:01,84.27295610496189,21.5164994310541,20.275162925416364
2026-03-09 11:24:31,59.590316573556805,22.622249810331752,21.51872542933996
2026-03-09 11:25:01,128.8453579804111,4.828252172713478,3.8626017381707825
2026-03-09 11:25:31,259.97310623039,27.307519911733273,2.4825018101575704
2026-03-09 11:26:01,156.08948946878556,25.233548209176462,46.46833741252715
2026-03-09 11:26:31,0,43.17539140630389,20.966963238844063
2026-03-09 11:27:01,130.06896551724137,20.137931034482758,36.41379310344828
2026-03-09 11:27:31,124.41379310344827,5.793103448275862,7.0344827586206895
2026-03-09 11:28:01,110.34482758620689,48.689655172413794,43.86206896551724
2026-03-09 11:28:31,380.761937596966,273.0563695914497,271.67729701775556
2026-03-09 11:29:01,111.44827586206897,31.724137931034484,30.20689655172414
2026-03-09 11:29:31,109.77796166046062,25.927458281616328,23.99669011170873
2026-03-09 11:30:01,95.32020553850398,32.693037210745935,31.037693554505637
2026-03-09 11:30:31,566.0689655172414,29.79310344827586,24.551724137931036
2026-03-09 11:31:01,436.9956548727499,13.656114214773435,6.621146285950756
2026-03-09 11:31:31,191.579600703424,37.92972656115306,61.653046446674246
2026-03-09 11:32:01,81.23857798006965,49.23968139029688,23.03368849350022
2026-03-09 11:32:31,66.63677439381921,14.486255303004175,13.244576277032388
2026-03-09 11:33:01,118.7627159557226,25.2422497327494,23.58702024207731
2026-03-09 11:33:31,105.10707265767783,634.0908307183006,37.93234249456877
2026-03-09 11:34:01,90.62381461429703,682.3683575295698,23.311148660298628
2026-03-09 11:34:31,115.58620689655173,21.103448275862068,4.9655172413793105
2026-03-09 11:35:01,156.82758620689654,25.517241379310345,23.310344827586206
2026-03-09 11:35:31,136.45642320866344,277.3414524443829,29.339514929246096
2026-03-09 11:36:01,75.17759845506586,6.069384095454859,2.207048761983585
2026-03-09 11:36:31,21222.24904307045,25273.97496465395,21152.72940446222
2026-03-09 11:37:01,156.68965517241378,35.44827586206897,30.20689655172414
2026-03-09 11:37:31,0,8.827890616917824,6.345046380909686
2026-03-09 11:38:01,238.49098244767058,2.896651608676161,4.000137935790889
2026-03-09 11:38:31,171.0344827586207,48.41379310344828,47.724137931034484
2026-03-09 11:39:01,181.9247612151305,39.0331367883866,38.20557911796144
2026-03-09 11:39:31,85.79310344827586,5.1034482758620685,25.79310344827586
2026-03-09 11:40:01,155.86206896551724,47.58620689655172,24.413793103448274
2026-03-09 11:40:31,111.59005482947687,5.931239008241663,4.689816890237593
2026-03-09 11:41:01,259.4572226628504,4.827752681126935,4.000137935790889
2026-03-09 11:41:31,207.72413793103448,52.137931034482754,51.310344827586206
2026-03-09 11:42:01,86.20689655172414,40.55172413793103,38.758620689655174
2026-03-09 11:42:31,54.35045004655654,23.17481118736421,20.82974100769045
2026-03-09 11:43:01,154.48275862068965,9.517241379310345,24.275862068965516
2026-03-09 11:43:31,92.83719005414353,46.90140359347519,26.071662585784736
2026-03-09 11:44:01,315.934634213611,282.5622285044474,286.6993035923602
2026-03-09 11:44:31,64.00220697265422,25.931928687196105,17.793717024724987
2026-03-09 11:45:01,101.24137931034483,41.241379310344826,39.724137931034484
2026-03-09 11:45:31,67.04373016967858,35.86701614015726,34.48751551938199
2026-03-09 11:46:01,428.56650229318245,36.27711300389668,33.6563329769992
2026-03-09 11:46:31,101.24137931034483,12.827586206896552,3.862068965517241
2026-03-09 11:47:01,229.8089523415408,33.657493620249674,30.20897992965032
2026-03-09 11:47:31,234.06896551724137,26.20689655172414,25.93103448275862
2026-03-09 11:48:01,147.31542466981617,3.8622021449015476,3.310458981344184
2026-03-09 11:48:31,193.9310344827586,3.862068965517241,3.586206896551724
2026-03-09 11:49:01,156.97093003207004,22.48353391496258,23.724956032966652
2026-03-09 11:49:31,129.51277542153719,25.240508947967314,24.96465639115893
2026-03-09 11:50:01,130.07345080864854,4.413945308458912,3.4483947722335246
2026-03-09 11:50:31,158.90203110452083,24.96637815097072,24.000827614745333
2026-03-09 11:51:01,24.967239119939304,17.104627905372784,16.552865714876887
2026-03-09 11:51:31,71.593613132393,9.104390109321654,7.449046453081353
2026-03-09 11:52:01,128.8364714807918,7.034967928822678,23.03607145320367
2026-03-09 11:52:31,330.88514189165886,51.72235440157235,32.82645426019792
2026-03-09 11:53:01,330.5978898007034,278.18771119233156,278.8773188055996
2026-03-09 11:53:31,67.72413793103448,21.241379310344826,19.03448275862069
2026-03-09 11:54:01,149.55849889624722,5.242825607064017,24.696467991169975
2026-03-09 11:54:31,242.01054917778467,47.16103009618367,24.270003792188092
2026-03-09 11:55:01,70.756180821351,12.413365056377367,10.068618323506087
2026-03-09 11:55:31,68.88697152717859,24.02070750647109,35.893011216566
2026-03-09 11:56:01,128.58276135618945,39.595764494878075,23.17800848480668
2026-03-09 11:56:31,84.56338805352463,18.347358256311217,16.278107325148298
2026-03-09 11:57:01,80.96830925204316,42.76009517569571,40.691058312355594
2026-03-09 11:57:31,76.69494447892959,7.4487895716946,2.7588109524794815
2026-03-09 11:58:01,141.6600572433532,23.173212869409287,22.06972654229456
2026-03-09 11:58:31,96.9655172413793,18.482758620689655,16.82758620689655
2026-03-09 11:59:01,44.96861852541554,19.449617214980343,18.34609283398855
2026-03-09 11:59:31,44.830677977791574,14.621698048141251,16.552865714876887
2026-03-09 12:00:01,90.34794303251834,13.93151487982344,27.587158177868197
2026-03-09 12:00:31,89.23830212751284,45.515671873383674,25.516361504775695
2026-03-09 12:01:01,96.41379310344827,16.137931034482758,13.241379310344827
2026-03-09 12:01:31,118.62478016483325,7.862340080692436,27.173350805200176
2026-03-09 12:02:01,815.6143315286732,281.940756577813,280.5613986689196
2026-03-09 12:02:31,142.08856393985377,61.111877500344875,59.7323768795696
2026-03-09 12:03:01,69.51724137931035,5.379310344827586,4
2026-03-09 12:03:31,95.58620689655173,38.3448275862069,37.6551724137931
2026-03-09 12:04:01,96.14456169390992,7.034967928822677,4.9658597144630665
2026-03-09 12:04:31,94.62395255008792,5.379495844684299,4.413945308458912
2026-03-09 12:05:01,290.7686471947308,3.7242663540122067,22.621469705851922
2026-03-09 12:05:31,142.4925856955652,42.07186702531209,22.208428167459825
2026-03-09 12:06:01,127.31473499086174,3.8622021449015476,3.172523190454843
2026-03-09 12:06:31,178.0751060381392,24.000827614745333,23.58702024207731
2026-03-09 12:07:01,105.36841016446576,3.5858359480053794,3.1720856463124507
2026-03-09 12:07:31,180.00620711059,47.03610469326528,46.20848994792923
2026-03-09 12:08:01,100.16556291390727,6.62251655629139,2.0695364238410594
2026-03-09 12:08:31,157.14679911699778,25.93818984547461,23.592715231788077
2026-03-09 12:09:01,116.96148408675562,6.758387641805454,4.413640908934174
2026-03-09 12:09:31,183.0407945101555,23.449084451187968,4.2760095175695705
2026-03-09 12:10:01,190.22001517346027,40.9683426443203,57.79708945444514
2026-03-09 12:10:31,70.20689655172414,3.0344827586206895,4.413793103448276
2026-03-09 12:11:01,165.79882064898788,5.51743163557364,4.000137935790889
2026-03-09 12:11:31,263.99089686562536,5.654977414571912,4.413640908934175
2026-03-09 12:12:01,64.55617628801986,2.207048761983585,1.7932271191116629
2026-03-09 12:12:31,8679.034482758621,8683.310344827587,8642.344827586207
2026-03-09 12:13:01,295.88247465342437,39.72687771570453,70.2117387406028
2026-03-09 12:13:31,490.08586502982854,4.000137935790889,4.000137935790889
2026-03-09 12:14:01,63.312528018207516,35.17362667678195,34.34601193144591
2026-03-09 12:14:31,432.04469427871845,35.72783391385315,25.243990757664584
2026-03-09 12:15:01,137.10344827586206,3.310344827586207,13.379310344827585
2026-03-09 12:15:31,89.38239249629297,7.0347253353563906,28.828580295872268
2026-03-09 12:16:01,156.70046210083453,30.760742120146215,4.276156976343196
2026-03-09 12:16:31,160.97106796786093,6.620917962688368,4.413945308458912
2026-03-09 12:17:01,215.9674514773561,27.612886013472952,27.212699259654503
2026-03-09 12:17:31,181.79870755828483,1767.7175193687742,1218.6083044735622
2026-03-09 12:18:01,72,576.2758620689655,90.48275862068965
2026-03-09 12:18:31,139.04407200496587,48.55507276363887,2.069108214359611
2026-03-09 12:19:01,180.02483101117397,386.6740240033108,3.1728514277831428
2026-03-09 12:19:31,1897.3068036828854,704.0242766991964,3802.3380116555736
2026-03-09 12:20:01,1739.7241379310344,19.448275862068964,1922.896551724138
2026-03-09 12:20:31,1679.5226507550253,24.934164472149074,57.468582286076206
2026-03-09 12:21:01,36.13917721300734,615.3315631573502,15.44880857960619
2026-03-09 12:21:31,372.6896551724138,993.7931034482758,269.1034482758621
2026-03-09 12:22:01,73.5223118835782,38.623353334712746,36.69218566797711
2026-03-09 12:22:31,111.03065411537534,23.723319885521192,20.96479431743733
2026-03-09 12:23:01,75.03965790744189,36.83012621560108,21.65666597696393
2026-03-09 12:23:31,98.91019450958753,22.07200993240447,18.89915850462133
2026-03-09 12:24:01,88.55172413793103,25.517241379310345,38.206896551724135
2026-03-09 12:24:31,87.31636664597558,25.79488240568315,24.82929857231533
2026-03-09 12:25:01,109.12978994929811,2.3453937157244855,3.7250370779153594
2026-03-09 12:25:31,151.7293699782751,21.655919169626536,20.82830442429049
2026-03-09 12:26:01,101.10344827586206,569.3793103448276,44.13793103448276
2026-03-09 12:26:31,75.03965790744189,27.588109524794813,4.41409752396717
2026-03-09 12:27:01,122.75438777973172,38.343505396365636,36.826316333919515
2026-03-09 12:27:31,113.66301124215462,24.82929857231533,23.036071453203668
2026-03-09 12:28:01,51.458922535697035,12.140442850244877,9.519210871214733
2026-03-09 12:28:31,71.03448275862068,23.03448275862069,21.517241379310345
2026-03-09 12:29:01,197.9378599262043,10.758991689368598,5.931239008241663
2026-03-09 12:29:31,244.29270984205806,7.310849024070626,4.689978619215118
2026-03-09 12:30:01,271.75225023278267,273.95937510776974,272.99375797496293
2026-03-09 12:30:31,222.32949451761948,45.51410247569133,42.3419074546583
2026-03-09 12:31:01,142.6305262431892,37.79571004896889,37.10600731084902
2026-03-09 12:31:31,62.48491327287147,20.000689678954444,17.655781233835647
2026-03-09 12:32:01,92.35906362118575,58.3993463820113,36.0910802458172
2026-03-09 12:32:31,488.148224821447,1472.5873788082667,46.64803505503225
2026-03-09 12:33:01,100.22402205755644,599.4140961571601,4.2736515595381706
2026-03-09 12:33:31,235.1399806923183,237.89822093504344,5.9302165218590535
2026-03-09 12:34:01,212.13061618564873,47.99834488465915,47.032860935829795
2026-03-09 12:34:31,154.20689655172413,23.03448275862069,21.79310344827586
2026-03-09 12:35:01,108.97679070248645,4.414249749974135,3.7245232265406765
2026-03-09 12:35:31,140.3653912443985,28.67976559806963,27.99034815580834
2026-03-09 12:36:01,82.06047650243079,1.6550012067717135,3.0341688790814745
2026-03-09 12:36:31,87.32238929507518,36.970616636777486,37.108566698855014
2026-03-09 12:37:01,300.13793103448273,268.55172413793105,268.41379310344826
2026-03-09 12:37:31,41.666666666666664,16.142384105960264,16.004415011037526
2026-03-09 12:38:01,43.16348341722402,21.512790457146796,21.926497965938083
2026-03-09 12:38:31,44.403075119798665,3.723239218119764,3.723239218119764
2026-03-09 12:39:01,65.10793847851578,26.484585143803024,26.070763500931104
2026-03-09 12:39:31,76.9655172413793,4.827586206896552,4.137931034482759
2026-03-09 12:40:01,133.10344827586206,4.275862068965517,16
2026-03-09 12:40:31,56.56147611657182,37.24780134505949,27.03914468011726
2026-03-09 12:41:01,60.81919735208936,25.3758102330713,19.445593711212247
2026-03-09 12:41:31,50.61719881387491,28.41183366664368,19.033170126198193
2026-03-09 12:42:01,88.00606938409547,28.829574453410586,26.622525691427
2026-03-09 12:42:31,219.44070894107097,26.619771732009237,4.965346022550946
2026-03-09 12:43:01,214.50494878780563,4.276304445287443,24.554264234231127
2026-03-09 12:43:31,158.6206896551724,47.310344827586206,4.137931034482759
2026-03-09 12:44:01,205.11052105245005,26.62160764164281,65.24362909065829
