Time,"name=""rskj-miner1""","name=""rskj-miner2""","name=""rskj-miner3""","name=""rskj-miner4""","name=""rskj-node1""","name=""rskj-node2"""
2026-02-27 17:04:01,74.46218487394957,31.77310924369748,0.24369747899159666,12.991596638655462,30.36134453781513,15.907563025210084
2026-02-27 17:04:31,65.12714499403351,42.294828484512344,0.24370157481638346,25.210507739625882,43.8746869695289,37.807358106858935
2026-02-27 17:05:01,82.22125113449191,51.237016370298164,0.2857238898786513,25.488251705939696,40.50556321220882,38.63995428417761
2026-02-27 17:05:31,90.2031966923814,65.28681154305114,0.3781576160943881,25.823963427956777,47.118438965360774,39.832602228608884
2026-02-27 17:06:01,94.33930552287471,56.53971562069313,0.2689166022387307,25.86641567783791,58.69104843860298,37.78278261454167
2026-02-27 17:06:31,88.54770668414595,44.5889846888183,0.2941225902956352,12.823744936889694,42.68138960318662,20.66421284391334
2026-02-27 17:07:01,75.95925981949277,39.647725171851626,0.3529471083547623,13.554849661338844,41.0511101026908,21.588598127699623
2026-02-27 17:07:31,61.23632329955125,31.79045025966823,0.344543605774887,18.328039126708013,27.849207549706716,20.605388325854214
2026-02-27 17:08:01,59.19377473760284,31.96665518197632,0.41176816611904304,27.538046538206196,24.748107126950643,16.437112916915265
2026-02-27 17:08:31,71.41296492378022,33.630817324660924,0.39496462125413884,29.782013143078036,33.95015042269618,14.857392561219514
2026-02-27 17:09:01,91.7326341619187,32.50474797895764,0.3193330980352611,27.68954100068909,38.832585421603724,11.26069345703289
2026-02-27 17:09:31,75.10987487289808,37.470903116832915,0.277313254733233,25.285926772493884,36.664173648518045,22.21027067454348
2026-02-27 17:10:01,55.7819813611879,48.71469508147126,0.277313254733233,16.30265800552946,25.924587601576476,28.21032109513525
2026-02-27 17:10:31,55.353406331145635,48.69788821754804,0.2857166866948461,16.916108538727215,22.680862864393813,36.73140110421096
2026-02-27 17:11:01,52.26846833219889,52.88190855539029,0.3193250476886749,21.39477819514122,19.848572701069738,43.781144696263055
2026-02-27 17:11:31,79.9774782345625,55.472452855558174,0.3109348213385324,38.58953242125786,33.48852062254193,48.18649366365256
2026-02-27 17:12:01,120.77513907796768,58.52199196625153,0.3109295954553858,38.8409889241836,34.36192204911006,45.77387855258072
2026-02-27 17:12:31,106.40693804833776,74.8512555043867,0.30253117751857206,47.51420215805574,40.337490335809605,41.53921140206393
2026-02-27 17:13:01,104.96815072522227,87.36281282038354,0.29412259029563526,43.95031849274778,43.109968234760245,37.72332308106019
2026-02-27 17:13:31,115.086934964747,137.43203610175044,0.22689647638175756,31.076413691101457,34.06808575006093,24.69810163281427
2026-02-27 17:14:01,106.73468015731622,134.66839221486435,0.24370567077884975,33.02632021244411,36.15247571346936,22.967158559951592
2026-02-27 17:14:31,109.50617179787889,116.0871729537727,0.24467824810374353,18.241185255182536,23.835036237692258,18.68835584654455
2026-02-27 17:15:01,101.30523189591894,98.47877627127224,0.25311542907283824,14.680694886224613,18.840225103988256,15.575036068948641
2026-02-27 17:15:31,104.90879330419669,38.170128752467896,0.31217832976156323,10.08251632608292,17.04324935455021,11.947149052496583
2026-02-27 17:16:01,77.81612007795954,43.89021540123014,0.21936670519645973,18.747416113328214,28.60204348523071,15.20380010630848
2026-02-27 17:16:31,89.41401884081112,51.19456793028397,0.21008932998310884,21.378690219081154,31.404153045875105,19.504693395631826
2026-02-27 17:17:01,113.3305881660882,57.4888442565779,0.15126431758783837,24.40397657083792,37.9925544341454,33.62269637049674
2026-02-27 17:17:31,112.25398746197416,53.547118438965356,0.07563152321887763,23.41215818753256,37.437603993344425,41.807425334879575
2026-02-27 17:18:01,137.9721837051977,39.026849867641495,0.13445943106853228,11.227362494222447,21.563931257615863,45.13635026681793
2026-02-27 17:18:31,138.80905561438007,41.28640817492731,0.08403502579875291,40.597320963377534,43.89149397468866,57.295080589589745
2026-02-27 17:19:01,126.23741575488663,55.16059093430141,0.15126304643775526,40.80740852787442,39.10149750415973,53.81603052152136
2026-02-27 17:19:31,111.97478991596638,57.56302521008403,0.21008403361344538,41.60504201680672,37.47899159663866,47.64705882352941
2026-02-27 17:20:01,104.45553706784987,67.75744130153447,0.15126304643775526,42.62256508512748,41.78221482713996,41.57212726264307
2026-02-27 17:20:31,114.45570513790146,58.40434293013328,0.15966654901763055,13.092657019445703,16.51288256945495,23.933175347484827
2026-02-27 17:21:01,103.13705387530779,42.37921964419271,0.22689647638175756,12.134759699824366,17.91641806095952,19.840836323604798
2026-02-27 17:21:31,93.09400157985849,55.01773139044354,0.2268945696566329,24.941595657069865,36.24430662700213,24.647473066774232
2026-02-27 17:22:01,121.86759441335148,52.15213701070607,0.2941225902956352,30.983714012000203,33.790483873678546,31.983730819005363
2026-02-27 17:22:31,121.1785072018017,69.21965075043278,0.33614010319501164,32.210625388662,38.40400679003009,36.1518680986235
2026-02-27 17:23:01,125.80989436708488,76.36326966226041,0.21008932998310884,36.31183979428052,38.43794381370959,32.143667487415655
2026-02-27 17:23:31,152.4072035429465,62.48056673697656,0.23530004958108186,24.622469474020356,22.193836819415612,28.04272376614537
2026-02-27 17:24:01,133.79216457419454,55.4379065194373,0.2352980722365082,18.571740701524398,23.513000218491065,17.286004806803476
2026-02-27 17:24:31,156.70851610951445,35.29471083547623,0.2521050773962588,15.479251752130285,20.319669238138456,67.24482764416209
2026-02-27 17:25:01,156.70851610951445,30.555135380426563,0.26891208255600935,12.2102892485588,19.781845073026435,70.84993025092857
2026-02-27 17:25:31,120.20370090253618,27.639119985209838,0.24370157481638346,10.327904670666733,18.62216171700365,70.72387771223045
2026-02-27 17:26:01,93.75787828366863,26.09287551051278,0.2521050773962588,11.983394678902167,20.1684061917007,75.3962251466411
2026-02-27 17:26:31,54.82445083110641,29.672767609539658,0.2352980722365082,16.117917948200812,19.4204944620918,24.555034538395603
2026-02-27 17:27:01,60.16118053396304,31.278099447885243,84.79848560607971,22.151818953418996,24.53843374202711,30.54698857954402
2026-02-27 17:27:31,66.37982470146306,47.19446708740557,84.83207727925914,29.96714202879064,27.042698555425776,34.95046093598999
2026-02-27 17:28:01,65.8997134429701,67.24426255682819,84.88229242822769,40.12638761670266,29.949831511189167,40.94992394894075
2026-02-27 17:28:31,63.27837442646095,71.33733340056135,84.89141246071362,42.4460915309501,33.412326257584155,38.96704146288173
2026-02-27 17:29:01,57.33709810248912,68.7406511033799,0.3949646212541373,38.50484882098859,28.42904922771811,38.96704146288173
2026-02-27 17:29:31,60.378658644190274,67.25266598878981,0.3025235506180724,33.85742737333926,26.411986655350045,35.33643139858317
2026-02-27 17:30:01,72.20228741417993,44.72306489970504,0.2436995268867805,23.697678131749004,25.067437541491945,30.101093286498205
2026-02-27 17:30:31,85.58967377602984,51.55548832753492,0.2352980722365082,18.630565219583524,22.193650313450647,35.17706179935797
2026-02-27 17:31:01,80.00134456041278,48.11005226978605,0.201684061917007,15.933040891443554,23.630649254609324,25.000420175128994
2026-02-27 17:31:31,82.77380482188926,37.68098891587324,0.2436995268867805,18.344691972201446,24.941386062067743,21.790099076462823
2026-02-27 17:32:01,92.81746598653748,52.875282570148826,0.20168575678378448,33.20251771053052,35.68997537753052,28.925098952074425
2026-02-27 17:32:31,94.53020613618601,42.84909957226531,0.29412011865645926,43.487760401347906,35.025504416003486,31.38681837662501
2026-02-27 17:33:01,94.9359642340919,51.3126491646778,0.3277421089784531,43.45524219301489,35.45497327641265,30.286732327137045
2026-02-27 17:33:31,106.05398500789943,57.44730915324885,0.3277421089784531,40.71565430770782,34.7658744831759,36.79115264378635
2026-02-27 17:34:01,103.68328613326388,50.908846441506924,0.4621965259628394,25.866198307520357,19.773607738010206,31.715085254250102
2026-02-27 17:34:31,83.80813122909629,45.975562614497726,0.44538563673339054,18.11795156221113,17.176759273265098,25.10966570866737
2026-02-27 17:35:01,103.59837980470262,44.60579169397805,0.4537891393132657,29.94167969209567,18.49610917830552,25.731524899578144
2026-02-27 17:35:31,100.09327809477391,47.60544206253833,0.3949613021958167,33.99188228472508,18.21864049277725,21.109421087572162
2026-02-27 17:36:01,84.0434293013328,49.60587572900385,0.41177162641388926,38.1266912048942,20.462528781996337,24.639069564194358
2026-02-27 17:36:31,100.11176752355102,54.6232257956083,0.3445465011722985,40.13546559997311,23.017386992949405,28.000705900148738
2026-02-27 17:37:01,88.08625427531787,63.91757775406103,0.32773935477364974,37.93372942175013,29.513349076027133,26.27797339428725
2026-02-27 17:37:31,78.92503298347044,57.33661627408634,0.3949613021958167,31.412028672509845,26.60526559046715,26.117866536693583
2026-02-27 17:38:01,71.63925747275186,60.63916503500029,0.2857166866948462,28.86578878814107,27.87418381667073,25.470802275649373
2026-02-27 17:38:31,64.622934839241,71.43817543151985,0.28571908771575993,32.420712953158876,35.832535000588244,23.882754332005582
2026-02-27 17:39:01,66.65714261704076,69.49755035841238,0.23530004958108192,36.91689706463188,28.219198803331174,30.30328495676362
2026-02-27 17:39:31,82.69886888855275,64.02628615606984,0.2184910670767576,38.49644531840872,31.168591068757458,30.454293349468053
2026-02-27 17:40:01,92.16121279349233,51.28657624497891,0.15126304643775526,37.118270895309166,33.067782651809274,26.134893023412157
2026-02-27 17:40:31,91.5133740619669,45.68945957529054,0.0756308876545181,35.00869755208027,30.546475180463702,37.882671282951954
2026-02-27 17:41:01,108.61527084488816,39.5216726331535,0.07563152321887763,42.672986100606735,32.12659036286324,48.62266592715843
2026-02-27 17:41:31,103.3135289124936,55.03500088237519,0.10084287839189224,62.09400236980764,30.261267090766996,64.58986361000699
2026-02-27 17:42:01,109.56302521008404,62.831932773109244,0.11764705882352942,62.36134453781512,22.781512605042018,69.23529411764706
2026-02-27 17:42:31,112.53130304711003,63.97586514059059,0.2605085799761341,56.64801089093934,22.546597421805405,114.42209112758196
2026-02-27 17:43:01,99.21932117076614,61.20219497642837,0.3361372784645249,35.41206228623769,17.47073504819368,106.41265892990697
2026-02-27 17:43:31,115.53038260825718,56.99207556366018,0.25210295884839373,14.462306405936184,17.100984041882704,92.52178589736046
2026-02-27 17:44:01,140.11277595233494,67.74120355975361,0.3193357815743254,28.75702748808793,24.202290814054134,90.10311184315573
2026-02-27 17:44:31,139.80907242138522,75.36261113632162,0.26891208255600935,32.698028538294764,19.067547353737037,32.2442393989815
2026-02-27 17:45:01,144.73352493319217,86.38800652111802,0.2100875644968823,32.790467066673386,21.773475184456885,33.832501386577924
2026-02-27 17:45:31,146.84403808499374,92.78385169374019,0.27731791557770363,45.56417388673664,28.950309671672397,42.379219644192716
2026-02-27 17:46:01,127.03574849997479,80.21143212490965,0.26891208255600935,29.521504563101896,22.815509504361415,38.16870871779358
2026-02-27 17:46:31,114.97681139938163,60.886879956983464,0.2436483398306224,29.683089124882372,25.650289017341038,38.42082269122194
2026-02-27 17:47:01,110.844142751529,49.29766785402245,0.2268297600645205,32.54587001814638,23.53148733113785,29.109819208280125
2026-02-27 17:47:31,88.51401303851067,47.12178237784798,0.2268297600645205,24.53121849586666,16.928220982592915,25.00168022044493
2026-02-27 17:48:01,92.48928841468538,60.942619507687134,0.21843232798454174,38.091237503150474,32.697639250609086,25.54818113080736
2026-02-27 17:48:31,118.04347643415936,90.01151192786979,0.23528027763072765,41.80426361474535,37.67005302209114,25.964859209962437
2026-02-27 17:49:01,120.44537815126048,90.26050420168067,0.3277310924369748,42.89915966386555,39.99159663865546,44.15966386554622
2026-02-27 17:49:31,98.15208531164127,103.90843620534626,0.3193304145412986,54.29457390398238,65.10979083857848,59.20217816956445
2026-02-27 17:50:01,116.43052824417217,91.24523101228591,0.3277366006151364,46.54700078992924,50.362190961192624,65.22798702499202
2026-02-27 17:50:31,104.261380347734,67.41233119606046,0.30252355061807246,41.46253329859915,44.73146833166665,75.69811511021098
2026-02-27 17:51:01,115.27731092436974,72.36134453781511,0.2184873949579832,42.78151260504201,45.3109243697479,62.10084033613445
2026-02-27 17:51:31,142.46338204522726,48.54662644223901,0.2184892310019412,34.10112690022605,37.68098891587324,47.08442928091832
2026-02-27 17:52:01,124.37919646383581,40.95832738090236,0.2016823670787149,28.86578878814107,36.260808914360624,42.62220690930175
2026-02-27 17:52:31,124.09347977714096,39.87428465785426,0.14285834334742306,29.403608433684308,41.73984655333237,32.90783956167698
2026-02-27 17:53:01,158.3387956100103,57.311887594749486,0.2352980722365082,28.89964537219113,56.05136220776819,46.03438713255685
2026-02-27 17:53:31,168.58124858192085,75.64769451844133,0.23529609492516745,21.983378011579926,38.3028428810326,38.7482247749981
2026-02-27 17:54:01,157.7686832441154,81.34658856945973,0.2521071959797306,23.277897762128458,39.19426540164878,40.00941200198325
2026-02-27 17:54:31,166.17786704089949,78.49645795342816,0.3361372784645249,19.36991067151824,32.25237186867116,37.790233531374206
2026-02-27 17:55:01,118.94117647058823,58.30252100840335,0.2941176470588235,17.512605042016805,16.831932773109244,38.890756302521005
2026-02-27 17:55:31,127.12605042016807,45.65546218487395,0.24369747899159666,16.90756302521008,18,40.252100840336134
2026-02-27 17:56:01,154.42857142857142,47.26890756302521,0.25210084033613445,20.369747899159666,23.26890756302521,39.79831932773109
2026-02-27 17:56:31,174.87688868720485,45.70665053194171,0.2352980722365082,23.68947377266845,23.588631741709946,39.33679557639624
2026-02-27 17:57:01,218.4676924628352,41.73214450784474,0.4453893795641906,22.269468978209535,22.09299394102372,25.44601964755414
2026-02-27 17:57:31,179.01141195650345,31.38708213583421,0.5546311702717692,22.496176406326157,21.092791475486987,26.134893023412157
2026-02-27 17:58:01,158.75190130843635,39.47158331722649,0.48740724556081244,26.135112649898733,24.471205156432518,28.90829180567578
2026-02-27 17:58:31,136.07906081665925,52.39627889778734,0.48740724556081244,30.152020639175774,24.933401682395356,29.15199542845618
2026-02-27 17:59:01,94.15363412523006,57.303965646192765,0.21008932998310884,31.53020664386497,21.8072724522467,32.042824609023754
2026-02-27 17:59:31,98.87478046033998,67.62241699510079,32.55752177189164,33.56330725468281,20.285884755334077,31.10110168993016
2026-02-27 18:00:01,78.75696434423818,58.504693316750554,32.65006001450993,47.32812880780511,11.269002260523196,24.37835612063967
2026-02-27 18:00:31,75.09306800897487,57.67275355255086,32.64172668117659,42.61380347734015,12.991705812653887,23.495995764670287
2026-02-27 18:01:01,61.879752951556675,57.47657661442798,32.65791367309497,45.300617621108366,13.713709508003868,22.536868198815178
2026-02-27 18:01:31,53.20212774897267,50.81555307187454,0.2436995268867791,46.90795720972446,18.13460617316112,26.235514584156167
2026-02-27 18:02:01,65.3871040933117,59.27780905721897,0.22689266296355431,27.151488667972,15.319456466020723,32.55489541928923
2026-02-27 18:02:31,58.467098075468535,52.811160601731245,0.23531389192369112,22.489284813849906,12.463232204386925,38.00319354567611
2026-02-27 18:03:01,61.931655825055046,54.32571899215034,0.3277696535726892,30.247255979695087,23.221219303111294,44.51784243524448
2026-02-27 18:03:31,72.42089338992311,53.04029919737783,0.32777240828675885,30.297936714711938,19.170483674412743,41.52624280371476
2026-02-27 18:04:01,91.46607947287029,66.43750420224568,0.27734821488603506,46.61971357493444,33.50870705304915,45.0648826733006
2026-02-27 18:04:31,90.04504353087499,69.27123600793304,0.30253117751857206,53.11943258596927,33.30364045850281,42.47201586607953
2026-02-27 18:05:01,89.80823207112726,62.2447436091363,0.2605085799761341,43.000722701221875,27.38701490781358,29.647557101800032
2026-02-27 18:05:31,79.23529411764706,99.54621848739495,0.19327731092436973,71.77310924369748,46.529411764705884,47.0672268907563
2026-02-27 18:06:01,63.429104446255835,96.0680341851612,0.18487550315548867,61.630770006470634,35.991899091589,51.39538987722585
2026-02-27 18:06:31,63.26943923898519,97.74031714552221,0.1512617753090362,57.49628148135698,35.748199564702226,48.74830880931772
2026-02-27 18:07:01,63.95852065983746,97.31174211547994,0.1092446155009706,59.6223497676451,30.52966831654047,48.51301271439255
2026-02-27 18:07:31,82.93486390413204,63.27890619091239,0.18487861038513576,30.89153508071632,12.403674042202745,32.631074732976465
2026-02-27 18:08:01,86.53854234069193,53.916419465709794,0.23529609492516745,26.07584937688551,11.76480474625837,18.100992445314663
2026-02-27 18:08:31,82.3032126320389,54.94163816502658,0.18487550315548867,27.143085236010382,12.042118000991604,22.66405600047059
2026-02-27 18:09:01,79.21208097683136,71.9429901594158,0.38656436716892023,25.84939116112171,13.89951007168248,32.18568535341227
2026-02-27 18:09:31,82.11902721054135,70.44656212709457,0.38656111867426346,24.73991159515286,14.067463318711237,37.437603993344425
2026-02-27 18:10:01,70.8499302509286,60.841358678297105,0.4369821341535152,25.07605169834787,18.72300374796215,39.61411116153213
2026-02-27 18:10:31,73.43697478991595,58.63025210084033,0.4957983193277311,33.344537815126046,22.949579831932773,39.20168067226891
2026-02-27 18:11:01,73.59663865546217,35.193277310924366,0.2941176470588235,45.05882352941176,24.74789915966386,48.21008403361344
2026-02-27 18:11:31,63.454314742140674,39.302851284464566,0.2857166866948461,42.99195791561273,24.941386062067743,48.57183673812384
2026-02-27 18:12:01,72.12726264306963,37.118270895309166,0.18487705675725644,42.66458259802686,18.210390090589758,56.110186725827326
2026-02-27 18:12:31,85.76614733020723,27.588698969730586,0.18487705675725644,33.59720331434142,14.647304996722635,51.8328039126708
2026-02-27 18:13:01,111.06069009563187,46.93356190860351,0.16807005159750585,28.101312627102974,19.11796836921629,39.748567202810136
2026-02-27 18:13:31,118.98419314448019,38.91629341423037,0.1764720711938756,29.193522634643987,21.168245111303456,34.07591660434121
2026-02-27 18:14:01,139.62302204220202,43.85751140765888,0.1764720711938756,32.67254346675181,25.327943932301956,36.00870595551223
2026-02-27 18:14:31,123.83089217737665,56.34406433559383,0.17646910530163615,35.453483584171565,25.487180779993444,36.40305543650895
2026-02-27 18:15:01,104.91508474718701,51.07520104873069,0.2436954311308309,26.117427584642144,22.495609280594277,35.08373879211099
2026-02-27 18:15:31,108.7329198810064,61.2867443150305,0.29412259029563526,27.017260794299062,23.412158187532565,34.07620296139431
2026-02-27 18:16:01,108.7488130152354,50.68950159245035,0.29412011865645926,24.613652215564834,26.764930797737797,29.840586895688197
2026-02-27 18:16:31,95.66627730110844,55.50560098153736,0.28572148877702797,23.681269275696025,28.08474163214199,39.75730480600352
2026-02-27 18:17:01,97.03524428982,60.02621892804921,0.3109295954553858,23.88275433200558,27.3786114052337,42.72340711608599
2026-02-27 18:17:31,108.39019798984842,56.24558808699452,0.25210931459881003,23.54700998352886,24.320145214965212,43.89223167165283
2026-02-27 18:18:01,107.48079799660498,71.20287735928336,0.2521050773962588,22.412141380527405,19.00872283567791,42.82424914704449
2026-02-27 18:18:31,170.75384486091266,66.62744768467938,0.32775863517942677,23.615429868056133,23.85914782754853,39.51592570804268
2026-02-27 18:19:01,201.3985191161763,51.80572014489465,0.2437322978912954,45.15771160585966,36.82879066757436,33.81155291092004
2026-02-27 18:19:31,202.6912312256785,53.65652762252163,0.31938409299120013,44.629724573244026,41.192143151312415,28.534447255398014
2026-02-27 18:20:01,204.85127627564532,65.38128577311963,0.40343253851520017,48.36147555450963,55.572832180468836,33.13189722556082
2026-02-27 18:20:31,158.15614757542653,61.60181527859486,0.3865871081603497,47.46617362803598,51.24800403395244,27.92671653080091
2026-02-27 18:21:01,140.21244054521924,70.7742987277097,0.4537891393132658,33.571992806601784,34.597220121346574,36.597253735356894
2026-02-27 18:21:31,132.43191004815247,81.23734211786852,0.42017865996621767,36.04292545190215,51.808028773834636,48.54744237249678
2026-02-27 18:22:01,123.85186181164232,64.93441011117928,0.41177508676689334,46.57260267065556,38.37911880131432,51.740800188240044
2026-02-27 18:22:31,158.52500483205458,58.26197299091574,0.41177508676689334,45.22803095876367,33.26134272292579,55.88376177550695
2026-02-27 18:23:01,155.71821138348028,53.034950460935995,0.3781607939695959,46.74907770784138,58.49727304049682,72.77494390614889
2026-02-27 18:23:31,162.64979243348628,48.47140288072068,0.4201751289937646,46.832719877645005,46.698263836367,69.88352745424292
2026-02-27 18:24:01,164.43271679117964,47.253292099800845,0.41177508676689334,33.45462490651025,47.539013588577866,66.03527820029078
2026-02-27 18:24:31,176.2496218360281,63.79206023731891,0.3865676157181754,44.65696325926921,58.43053548018421,69.49813439107199
2026-02-27 18:25:01,184.52410964890166,82.93416696078927,0.4201751289937646,39.5216726331535,35.412359871594475,49.505033698045345
2026-02-27 18:25:31,187.1407442266967,79.60771790648425,0.38656761571817533,38.92567817405627,26.32021244411577,41.83333893576254
2026-02-27 18:26:01,193.52588720724054,81.23734211786852,0.36975722077027157,35.49669319394607,23.51319781170954,35.429464608351466
2026-02-27 18:26:31,164.8515101094136,75.42143565438074,0.42857863157363996,27.00045378913931,18.647372224743275,65.16075900435301
2026-02-27 18:27:01,148.9941007411889,55.23622245752029,0.4537891393132658,24.386964486798096,20.580177818114592,62.95063782584581
2026-02-27 18:27:31,184.56767817676075,51.043303612696114,0.41177508676689334,21.387093792280478,21.33667235308453,64.73272435439549
2026-02-27 18:28:01,161.29682851812635,45.47135245970521,0.47899964705289155,19.664196036908184,23.00879006369855,63.74897057093396
2026-02-27 18:28:31,147.60876324613224,43.64815919729069,0.41177508676689334,25.86619830752036,29.58898123482105,32.32854609780079
2026-02-27 18:29:01,139.22806074000619,46.37854099614282,0.4033647341574298,25.31113706837872,29.823780031764972,27.79014949705459
2026-02-27 18:29:31,90.16958268206189,43.177196255399245,0.4201751289937646,22.18524681087077,26.412208608548042,24.60545555387485
2026-02-27 18:30:01,95.86715743121734,45.4041244390662,0.36975411351451287,22.70626397082304,27.471049933612328,29.067715423788638
2026-02-27 18:30:31,88.59046866727735,33.715135675689304,0.35295007437162285,18.706353941696012,17.85759304856425,22.008958209030478
2026-02-27 18:31:01,84.54621848739497,27.445378151260503,0.40336134453781514,18.806722689075627,14.04201680672269,21.60504201680672
2026-02-27 18:31:31,72.07805304379978,31.66492991361054,0.4285858348179771,21.404080809438973,15.168577095028404,24.41258529698477
2026-02-27 18:32:01,66.42072622459013,39.529743947428116,1.0420255632400268,20.58840830595215,13.78162841704552,18.47914688358726
2026-02-27 18:32:31,55.454713524597054,47.740298156271535,1.0420343199045363,13.773340728415603,24.025613875863456,21.65582614833863
2026-02-27 18:33:01,54.228713570204036,45.2116037513866,0.9916299707553197,14.000470604053916,28.345490604726216,20.92507311170123
2026-02-27 18:33:31,53.88325854216037,55.034538395603285,1.0000168070051598,19.017126338257782,34.698062152305084,26.23573505437066
2026-02-27 18:34:01,52.404682470986664,61.396505794263724,0.38656436716892023,26.27797339428725,37.723640091767024,28.630973890098073
2026-02-27 18:34:31,69.94235197230206,67.74063429637472,0.3277366006151364,29.857644666296913,29.008890905729512,27.01726079429907
2026-02-27 18:35:01,89.76621455822786,84.94260407737944,0.3025260928755105,27.899628565185967,22.941562043059548,38.68132237516597
2026-02-27 18:35:31,94.42096152068505,78.37040647400399,0.26050639081000676,22.386742745737358,19.546382742712122,33.92465482903217
2026-02-27 18:36:01,108.24551673137364,65.90867073396191,0.2437015748163835,15.042269617976773,27.664330492949464,31.5971697003311
2026-02-27 18:36:31,109.89066442388562,65.42472666105971,0.2270815811606392,12.582001682085785,25.5677039529016,30.513036164844408
2026-02-27 18:37:01,107.14976576758426,52.5067494259834,0.15979949368792,8.873077149513453,25.391298497043707,22.33828711763766
2026-02-27 18:37:31,114.22299598819166,43.45705178344645,0.1345679946845642,9.756179614630904,25.609971488406124,22.91861159471484
2026-02-27 18:38:01,104.52920644265949,33.500147188695905,0.1513940872198158,11.699398629042431,14.281508894402625,25.871567349341856
2026-02-27 18:38:31,103.26571087617864,32.884010958535725,0.16807570129586366,18.597576348387317,16.698320923744056,36.153083348740275
2026-02-27 18:39:01,121.03971628821621,45.6157453316974,0.22690219674941597,31.30409936635461,30.4469132897457,41.086105181773874
2026-02-27 18:39:31,115.78735062272048,52.49844529976302,0.16807570129586366,30.48052843000487,27.656856648234363,39.455770879203996
2026-02-27 18:40:01,129.4928358334384,74.6333879574772,0.09244085885961595,54.0442875751082,43.842178242783305,66.51539980671457
2026-02-27 18:40:31,120.89481999394937,75.76725268076238,0.15966923257924637,57.52294194762849,43.488856768294724,66.60728091700561
2026-02-27 18:41:01,79.93613177024244,65.78427665027942,0.10084457330139922,46.102777427623,33.26190176057817,59.42266481784948
2026-02-27 18:41:31,93.97112459451738,70.47414155335564,0.23530598181420917,117.65299090710457,42.220616165520944,85.23959191219726
2026-02-27 18:42:01,76.50805922987713,56.43141671008623,0.3781703279156932,92.79459468544633,26.127367766442006,59.910583726910595
2026-02-27 18:42:31,71.70949795788023,48.76716473099484,0.2941324772677614,87.76072743163522,27.581222582651225,56.49864699060457
2026-02-27 18:43:01,96.78557922601789,55.64099331904701,0.3529560065548973,96.97046094373712,34.21992520694147,65.26324635488885
2026-02-27 18:43:31,91.33997226774233,52.67448212109753,0.25211143325349805,35.10231522332871,32.95936804067397,45.35484684230429
2026-02-27 18:44:01,115.95542632401636,68.2975612215742,0.18488327142545002,36.018622787703585,101.26561003075787,44.792174395347665
2026-02-27 18:44:31,132.31870782314925,75.1724891380165,0.26051952635869335,35.581924987184124,104.22461825485532,45.38082072054658
2026-02-27 18:45:01,120.97451929541481,78.67755815517009,0.23530993680247417,33.15348931020573,107.50302541347317,49.036910044372725
2026-02-27 18:45:31,106.70196226732213,70.82650531534938,0.3277448632295475,26.143955628387744,103.87831421488296,48.52304718685658
2026-02-27 18:46:01,99.13021555527541,66.87675952771124,0.3109374343459809,23.32871129039035,33.068616328417164,41.70763477457035
2026-02-27 18:46:31,117.26543132064371,59.59073910668514,0.4201857220891634,21.328627253245934,27.034749359216775,35.04348922223623
2026-02-27 18:47:01,120.79600652133722,45.56532262130864,0.5126308889523842,15.563809939996975,17.589122140612133,26.009714775534903
2026-02-27 18:47:31,126.30782806000249,49.96008235640153,0.40337829320559687,19.488213790495397,14.899785705281735,29.908819698306655
2026-02-27 18:48:01,125.2258536216416,54.82675451497146,0.40338507307152516,24.362777642382323,25.16114393283638,35.46427100753826
2026-02-27 18:48:31,116.49326856816312,72.02043800527758,0.27732490713817504,44.775366825218086,34.57317175655915,54.582583995831726
2026-02-27 18:49:01,128.6966460211945,84.33269183901572,0.22690410360273294,55.17131259822007,43.2462413755431,50.650038237543384
2026-02-27 18:49:31,190.66347325517876,127.08937350308835,0.3697634354384637,68.77599899155426,58.69994537585613,118.09739905038023
2026-02-27 18:50:01,200.31093743434596,132.0475650237405,0.4538005798562965,68.15412412286229,53.81738728518004,122.86230513887135
2026-02-27 18:50:31,239.03525358208321,162.1748812975335,1.1176940207571746,57.04441363082482,45.59015084667423,118.05538047817137
2026-02-27 18:51:01,267.5574603974957,160.08235640152947,1.1765200218496574,51.17021723601831,39.76637673851842,124.66910374385476
2026-02-27 18:51:31,240.7348269660655,151.4866295779619,1.31939425517253,61.50730288922131,47.246079634267275,72.8776240818865
2026-02-27 18:52:01,224.02621958905831,139.75377116685576,1.3193831673599732,61.70847514601454,51.0777763771587,71.49880247069204
2026-02-27 18:52:31,182.19787053455124,96.08645596107466,0.6134608435506778,50.21975343916234,50.648335672327875,61.942738052219816
2026-02-27 18:53:01,142.36852278266133,107.2575087819554,0.5546498142763501,51.59924029783014,47.70828781283091,60.742558448325134
2026-02-27 18:53:31,113.07102759756631,101.96141046757874,2.7647988167669504,26.412652526135332,30.31194325859692,54.30434636458369
2026-02-27 18:54:01,155.43510231522336,125.50947518803311,2.697592335812429,32.05176688096139,41.31266019580654,58.35539308374301
2026-02-27 18:54:31,195.99307528110666,139.75494562751066,2.7480377161873712,41.07770139670908,41.57352471553188,53.80103198480596
2026-02-27 18:55:01,220.32573618394514,146.74095737528577,2.6976603469140787,36.55707946752723,42.120478687642866,52.734637622697335
2026-02-27 18:55:31,251.8006774076969,125.23637830614456,0.3361824798500627,35.27394669826782,34.20656732474387,43.417967272635586
2026-02-27 18:56:01,255.79499420080353,99.52765964599688,0.37820846850784157,31.85355768099377,15.716663024659194,73.76746062429613
2026-02-27 18:56:31,245.5497470205578,98.77964734161469,0.43704089694239473,27.088130977794968,24.415457800339553,75.19624817199241
2026-02-27 18:57:01,249.560869017103,76.59789049039796,0.4874564020674875,33.71013152918435,27.087447997646763,79.20326091524143
2026-02-27 18:57:31,221.1558663114637,88.45898498230987,0.4454043515164758,41.22931601018547,36.84250334053264,79.1895321573538
2026-02-27 18:58:01,194.29551069801838,87.66828579592249,0.46220817856362517,47.42255912062794,40.422206161655225,48.93524043229071
2026-02-27 18:58:31,170.1514362068676,97.87888464964621,0.411785468174866,46.15358757584416,33.83363867085736,50.33026875304638
2026-02-27 18:59:01,136.5099373923274,119.54283793436697,0.41178200764738004,46.62380772301357,35.09391150888693,54.91827387705366
2026-02-27 18:59:31,135.67910987108593,114.92176076104678,0.411785468174866,36.47242718120241,29.48888179235928,60.80978872884347
2026-02-27 19:00:01,127.77740428249689,111.97015025715152,0.3949712595381357,30.328750546236844,29.085011260882716,55.06067430838012
2026-02-27 19:00:31,157.65500781552012,106.76168546313261,0.34455518765652055,40.270938030488935,32.203304368287476,55.1120224549137
2026-02-27 19:01:01,159.93108954157736,91.23072397999915,0.3361485776713307,37.858733560233624,28.043195092230768,46.38850371864364
2026-02-27 19:01:31,141.34326100475656,96.97967964771334,0.3025362623325546,39.68267307595342,26.665210010588776,32.98485637931324
2026-02-27 19:02:01,110.77029093903896,93.3156293594635,0.26892112207338187,35.321108627325756,23.547405751550503,32.78316553775821
2026-02-27 19:02:31,75.82926439814777,85.32578094141574,0.24371591128740827,22.732811725256532,25.40528275247708,28.66603356556378
2026-02-27 19:03:01,80.20572465838613,95.36615291527305,0.2605173370085887,16.673109568549673,25.555910382036068,24.555859959325684
2026-02-27 19:03:31,87.09682841151655,85.76903037127923,0.19328705649024322,15.832731062070355,28.98465468847169,27.530799872262474
2026-02-27 19:04:01,108.93643483814581,85.50707586809641,0.18488016403912738,14.092910686073482,35.169249386534,27.70681367440922
2026-02-27 19:04:31,153.22492541703437,137.08979368881046,95.53281902600949,95.18046976763729,54.338417580570606,54.48968444052271
2026-02-27 19:05:01,148.02427013126712,123.91381078037548,96.72621140561711,106.34149620989295,56.61629998151167,61.54932181454529
2026-02-27 19:05:31,151.46727621096508,130.76910148240276,99.29194734837026,109.51628626172307,53.95139332414535,59.044001479041306
2026-02-27 19:06:01,164.62036220009244,137.80410941636202,99.93191184503553,115.5678810034035,50.91810580276482,69.31383671582839
2026-02-27 19:06:31,95.75192234967857,78.74280431950922,5.554855246018741,33.61485776713307,23.5051892936678,41.942938778940295
2026-02-27 19:07:01,91.78382648302058,73.96825130045298,4.5715438204324474,24.90819096279738,22.731665504172373,36.320243367479854
2026-02-27 19:07:31,87.6017917020329,58.33956619296933,2.6640222534098643,20.547427159580813,24.32075836393737,37.48119637289588
2026-02-27 19:08:01,63.13710660111769,68.14572040842052,2.0421026093533343,15.891424009412159,24.81616874658599,37.70746670028152
2026-02-27 19:08:31,81.44176548200313,72.71015942114241,3.3867538426630137,16.563999562999506,28.5394939198104,38.153504828015095
2026-02-27 19:09:01,79.57544077852666,72.97006571759921,3.3615140259172733,16.429399801670673,30.87550632805015,67.04539724692002
2026-02-27 19:09:31,95.0468090828109,71.07081029295594,106.501168126124,20.202699295762812,27.656856648234363,67.10422374237356
2026-02-27 19:10:01,121.8380758693716,60.95265307494496,106.46907463121389,31.12761987999395,29.80822562482142,67.97821738911206
2026-02-27 19:10:31,120.68878580072611,55.28943122226704,104.24230200349602,34.46450181524809,27.27914481645825,67.90372462014254
2026-02-27 19:11:01,149.410894666958,60.53246382170529,104.20693480343547,33.295796426710595,42.99376439148194,49.05289342319781
2026-02-27 19:11:31,161.5866212866087,70.97777217530147,0.5462414387159067,38.816757006596916,43.89260052943401,46.20362200092441
2026-02-27 19:12:01,144.25937442223974,71.71790174294503,0.3949778980452796,27.833336134595026,38.043934988318746,28.572869220296827
2026-02-27 19:12:31,172.56882584288547,117.92833372550335,0.6050623550371441,25.227738747520924,37.49705872466302,24.286530639685367
2026-02-27 19:13:01,178.18545472880987,143.2425164293998,0.47061196362841834,38.220414474679394,38.89271727986285,25.23656654957393
2026-02-27 19:13:31,180.0916004874154,156.7376780536997,0.4369931509727299,27.69864280011765,39.87562502626161,26.068322198411696
2026-02-27 19:14:01,177.4123065028489,150.82273055784324,0.5126308889523843,30.71583441181908,40.66591592853421,34.766458813049404
2026-02-27 19:14:31,164.90608849111305,123.11441657212487,10.21051304676667,50.79205008613806,63.01105088449095,45.59855456111601
2026-02-27 19:15:01,172.2074691586272,112.16343406501059,10.176812665971967,39.925711788631546,44.799825204208545,40.09378466503075
2026-02-27 19:15:31,152.88037312492122,96.99567208706247,10.176898188999537,40.480692466069996,42.9934030841632,40.1865624606076
2026-02-27 19:16:01,159.03322856614622,89.92890397835185,10.151772358270167,41.5399095752727,45.119922012874596,37.40524732339446
2026-02-27 19:16:31,137.2338101080727,101.13955325478597,0.3865741129804862,26.45511538396895,26.02652234566449,44.766963040153286
2026-02-27 19:17:01,130.8385296737651,94.40812141788662,0.4369968233692455,30.581373850782395,27.07699547876364,44.464426777820734
2026-02-27 19:17:31,153.9657461720759,88.59270215304974,0.40338168311007283,32.32936114425938,27.581222582651225,46.15358757584416
2026-02-27 19:18:01,154.89856631426798,101.7110106391919,0.4369968233692455,30.278837588449843,30.102358102089184,54.83469754777553
2026-02-27 19:18:31,168.45528728580672,89.19852428294101,0.4201927844495054,24.354373786693337,26.86712663770137,47.37253451883724
2026-02-27 19:19:01,153.8830015210979,83.31582530064793,0.3865773616935449,15.152151807249165,19.278444950543307,45.212743606766786
2026-02-27 19:19:31,146.30149419298453,113.49311730003193,0.35295897272131366,13.765399936131237,20.32035228666992,48.59068524463418
2026-02-27 19:20:01,171.4624266769753,133.09074407112962,0.45380439349883195,14.11835890885255,17.916869758139068,39.65746172075903
2026-02-27 19:20:31,179.1419807554939,131.05592671961003,0.47901172318164625,19.530232362704318,30.984495146854908,34.29555863691752
2026-02-27 19:21:01,159.92402978301428,141.71302754760745,0.4454006084340387,23.597828461939258,36.64050288249828,30.421701934551326
2026-02-27 19:21:31,127.24064036304046,132.59380646245643,0.5126265809487793,37.051976973822434,53.94344300180679,46.4557334341779
2026-02-27 19:22:01,107.20048406615572,113.0160010757026,0.3949845367755816,43.19618125588275,59.44097082156783,56.44917305365067
2026-02-27 19:22:31,89.13054439719652,109.54333831957914,0.3025362623325546,53.16234431988168,65.53271593525723,72.59189538968351
2026-02-27 19:23:01,116.68655562465335,98.26545876262671,0.2941324772677614,56.154091802948045,63.06200312620804,76.33998352858129
2026-02-27 19:23:31,150.5143202904397,93.22475460535162,0.36136883151808524,46.82667742369235,40.38086594056743,59.69308861099907
2026-02-27 19:24:01,161.19029211065921,113.37355877508489,0.47900769773773905,47.49739487041581,52.25385727251336,64.13660963393727
2026-02-27 19:24:31,223.72744615229468,116.89763263385242,0.5210390527173867,32.87588345532931,34.38017362365853,47.98601598413351
2026-02-27 19:25:01,219.5423260191776,122.18365786222718,0.5210390527173867,33.279268528400834,35.96009849318867,57.27227652046758
2026-02-27 19:25:31,195.7796900736159,100.62523110020504,0.4874113415576995,36.99284009546539,46.42172846146088,53.0690107230495
2026-02-27 19:26:01,174.45417416004167,93.63497319192565,0.4958233188227978,30.421701934551326,28.354370808612195,38.89271727986285
2026-02-27 19:26:31,162.48991528842276,71.77793465106899,0.5042355788624445,31.128143068441577,34.64098426784994,45.288758908161896
2026-02-27 19:27:01,170.19202487499473,83.08752468591118,0.6470860120173116,65.25484264044708,66.46497752006385,47.136434303962346
2026-02-27 19:27:31,195.83340336487558,97.27381212498109,0.5714573844059365,72.42381968838765,78.26445030841892,57.0785081600753
2026-02-27 19:28:01,251.03368293666807,80.60205728116176,0.3865806104612075,73.39989242974319,98.24189861503295,91.43471830038996
2026-02-27 19:28:31,189.66183737268477,85.15412282765807,0.34454939661837375,71.6494672089818,89.37275202527816,82.84312077716898
2026-02-27 19:29:01,159.41139889406188,60.18790863404878,0.38657411298048644,39.833941207119686,53.56572600299175,72.57508781955393
2026-02-27 19:29:31,140.2603514492449,78.30712731000982,0.40338507307152527,32.32963283554495,43.59079945879169,67.39892262570065
2026-02-27 19:30:01,93.50129839570394,91.85414268066188,0.3949812173825351,32.88428731101829,32.41367139243484,42.67477918869177
2026-02-27 19:30:31,97.2309760914324,85.73469473507289,0.40337829320559687,33.04340518509181,32.17782259758813,43.75814109836548
2026-02-27 19:31:01,84.55048153688422,98.44193824898734,0.27732490713817504,29.15273038976755,32.08565137738037,39.287695177908134
2026-02-27 19:31:31,80.08739863019454,68.61632841716039,0.2605151476952813,21.799235261985793,22.748854993907305,33.018194041766456
2026-02-27 19:32:01,75.7096996487218,52.12027497184732,0.2857286922029682,18.345462796443517,12.64769652251374,20.01781602433736
2026-02-27 19:32:31,82.36757401820306,54.25620425074166,0.3445638745787497,20.060340698035983,18.152633392441448,25.186778832012507
2026-02-27 19:33:01,96.1157052574963,68.44157590426248,0.4201963157187038,17.06837434449375,21.757765227914483,31.447492268387794
2026-02-27 19:33:31,91.13064524261728,73.31462090525572,0.42859303830445233,17.479872934769823,28.53925408003765,33.430256987747285
2026-02-27 19:34:01,82.77728288821285,81.31502428693884,0.42018925323965917,17.807620552296758,31.28729179622502,32.0520362371212
2026-02-27 19:34:31,77.35749161715394,102.5270394056793,0.41178892876051526,19.782676291882716,51.935828157958866,30.102611077962564
2026-02-27 19:35:01,71.38055060674307,78.54885878516924,0.3361457527984134,22.387307136374332,51.41349289051733,23.269689737470166
2026-02-27 19:35:31,96.93603146324247,82.75908433896937,0.38656761571817533,28.463141618205658,47.388147500756325,34.656627113516414
2026-02-27 19:36:01,91.32393229910753,72.69274081046103,0.5378422441467637,30.00151268131166,43.23747415836093,35.993411432509205
2026-02-27 19:36:31,89.0412685607684,48.352534852648304,0.5630204788195057,27.61321333434173,21.47040781169906,51.9995630288821
2026-02-27 19:37:01,90.42472729717464,48.37218683294956,48.75876094593005,25.00126056775972,24.202900986604366,54.15399095752728
2026-02-27 19:37:31,64.29735953073265,47.77551809334925,48.775568516059636,28.035026976150057,28.606484360555996,47.27969477452645
2026-02-27 19:38:01,79.27490314393526,63.3745409316671,48.74318225748166,38.02808615777664,41.48212890050509,53.3149565933558
2026-02-27 19:38:31,106.67764761248466,77.8022421298553,48.69153066541171,37.20355648183941,38.15318419416106,35.371531337714515
2026-02-27 19:39:01,114.80410777013968,78.44092979477958,0.5126308889523847,34.23702035396743,36.043834142897964,36.648906667563075
2026-02-27 19:39:31,119.64569344415217,70.97056129352146,0.7647508676980999,25.06870152025749,28.934475137192944,34.27932735539065
2026-02-27 19:40:01,114.35126436008841,49.381056028505874,0.7143277335641591,15.32863277671796,16.807711377980215,31.606901246291798
2026-02-27 19:40:31,109.62737617022707,43.32151200900886,0.7059179454426274,14.639393582869728,17.765601626972792,33.816831100727775
2026-02-27 19:41:01,105.97172966704204,53.851454695194725,0.6723028051834546,19.53039649057936,20.88340588601106,34.09415600786595
2026-02-27 19:41:31,107.91300401700927,53.742205489352415,0.38657411298048644,29.37963258651697,29.967897541052498,38.05233877338354
2026-02-27 19:42:01,122.84653007714677,82.80249424340722,0.6134763097299023,33.06049044489638,32.51424441568482,43.598836916147036
2026-02-27 19:42:31,94.26446489348291,89.02054708181014,0.6554897264590949,36.08554981301735,31.774444304382538,45.64897684776671
2026-02-27 19:43:01,91.56764206598653,96.93766072238935,0.6975141603778343,35.228666991613025,35.07739886044675,57.07010437501051
2026-02-27 19:43:31,102.99765532426277,115.22526535174336,1.0084626826788128,29.001705982704863,33.212037682888905,58.00341196540973
2026-02-27 19:44:01,96.50987873236241,91.73648870101601,0.77315472338709,25.228374778348307,30.564823140857023,55.3898128461338
2026-02-27 19:44:31,113.44460131773566,87.38402581686164,1.1849536103267448,28.371655237326888,34.019093720586255,55.35666263278204
2026-02-27 19:45:01,139.7873860246229,66.78431866885161,1.201731165175007,31.749233161057184,28.144039665532162,49.59872263540484
2026-02-27 19:45:31,105.79436110760956,40.13614017395689,0.8067565864111937,28.345728812134958,19.252909786125468,43.18668851632421
2026-02-27 19:46:01,93.88708674386945,42.5399599979831,0.8823974318032843,38.06914634351312,23.10200514311646,41.22896952787535
2026-02-27 19:46:31,92.91380933171979,37.22098964636279,0.4117923894043298,30.31296221594729,22.119134059432568,36.91844829904531
2026-02-27 19:47:01,70.29766206699499,37.63214952014388,0.26892112207338187,26.58117215994084,19.463166210061015,29.959493755987697
2026-02-27 19:47:31,72.62551052994269,38.438912886364015,0.3949778980452796,27.27028253525388,19.547204060708943,32.69912768711028
2026-02-27 19:48:01,80.53414906759221,31.766574504382604,0.4454043515164758,14.80759372400057,16.110191355794036,34.51463531468237
2026-02-27 19:48:31,91.00458846664537,38.01031984805957,0.4958233188227978,18.09334924449972,13.891456712103134,34.5227490461704
2026-02-27 19:49:01,99.844531282827,46.20362200092441,0.596663725366612,19.74872893819068,15.210723139627715,33.58964662380772
2026-02-27 19:49:31,122.88221056877775,50.94460131773564,0.554659136748689,20.606427322845235,16.26159741831384,30.665927121151004
2026-02-27 19:50:01,131.82796060371777,131.9540152610172,0.47900769773773905,32.35402870684729,181.67837574372248,34.6398198258765
2026-02-27 19:50:31,134.2168512698119,121.73723044859403,0.7983595811553523,42.11977074474344,212.07791989512077,42.338269156428055
2026-02-27 19:51:01,152.51445475326074,124.25205055802068,0.9580475998386448,62.197458652682535,267.051566491865,65.77753126260589
2026-02-27 19:51:31,191.89881927812092,121.90428169250809,1.1513088785243077,62.49002058910038,286.4994327492751,68.33060212613975
2026-02-27 19:52:01,191.7743751785804,44.59888733885743,1.277375329848564,59.3055112022455,143.12486343849272,69.24718893389583
2026-02-27 19:52:31,205.38182918322923,57.28068037615658,0.932827981477902,51.34755825972957,152.17701881623287,78.36595429983275
2026-02-27 19:53:01,195.38636077146097,42.00176478003277,0.8487751586201098,35.8082272364385,106.2229505441405,61.66645657380562
2026-02-27 19:53:31,159.24198495735112,40.01848817177191,0.6218748686919618,33.892180343711914,95.36535148535651,57.17046934745157
2026-02-27 19:54:01,179.59879992940762,43.03614498331834,0.5882698982293075,28.396628373097577,77.80289596867043,49.05330565663527
2026-02-27 19:54:31,172.1248791966049,37.30408840707592,0.7647380142022774,35.26198579772258,48.9684440522711,40.13614017395689
2026-02-27 19:55:01,164.36963208228985,35.85054708640772,0.8067633662201457,31.051985814410816,43.82573911289646,51.515202447182205
2026-02-27 19:55:31,166.12602316083164,38.03553120325395,0.8571860766089047,30.329260298838594,89.37425416407551,55.4817889977646
2026-02-27 19:56:01,136.6875640788611,32.41339899490731,0.8487822915441116,33.16973965073869,114.4091298720944,57.876867741230654
2026-02-27 19:56:31,166.2450732396023,32.094324876253225,1.4454631785062986,25.12752851008042,144.79002966561058,53.86871496642659
2026-02-27 19:57:01,171.7495987158908,36.90133033035557,1.3866361886833678,27.34614641197381,141.3864681115696,40.43094971973141
2026-02-27 19:57:31,171.35461749850828,41.019219617960715,1.3698284773053877,34.296135066768635,86.9042716798467,44.35555032648979
2026-02-27 19:58:01,188.1759737804109,49.81721921089121,1.4034203117778057,44.396823395941,78.30581116853648,56.27967561662254
2026-02-27 19:58:31,139.49442829050204,50.1790006218801,0.823570936349732,45.95189673428913,104.47585592550885,52.82619291728995
2026-02-27 19:59:01,148.06877773295685,53.34812424364663,0.8656044103805297,74.66888530321366,144.59795616512037,80.58524942853302
2026-02-27 19:59:31,196.749415936938,48.994066927744264,0.8992050019328705,72.17170613644387,186.5304132981495,79.34013479671245
2026-02-27 20:00:01,185.412709884532,41.99371396877154,0.7647444408961798,62.6334100879036,201.01013496478814,70.8943308065953
2026-02-27 20:00:31,200.60843915188283,41.464623969477195,0.6639045994302185,66.75182573764843,172.6908305530577,85.06382728395788
2026-02-27 20:01:01,176.31289235501245,46.893514744564804,0.5966737539182977,52.22996310707353,145.40351113090685,67.49976889396856
2026-02-27 20:01:31,146.7120467246523,64.5909491995462,0.6134711542501786,70.38951216437665,156.46035547712088,74.30564309424764
2026-02-27 20:02:01,132.59492075230685,61.33922718792544,0.6218800947946955,71.28930870464058,159.95764492327345,70.12118258063433
2026-02-27 20:02:31,120.38422105316235,50.28824982772241,0.5378422441467637,63.456981024253324,133.81346958670187,56.23812965359598
2026-02-27 20:03:01,123.40958367648788,37.20355648183941,0.5210346740171774,45.27959392910568,131.52764004907814,45.9771080894835
2026-02-27 20:03:31,89.31542766862195,22.051532010017315,0.4874195337580047,24.883607576852615,108.93826579491406,32.38818763971293
2026-02-27 20:04:01,83.37395162781318,24.740743230751132,0.5378422441467637,22.3120493470259,80.15530194799739,32.505840630620035
2026-02-27 20:04:31,88.55908701279057,26.7576516463015,0.6723028051834546,29.480478007294487,84.79419130376323,30.757853337143054
2026-02-27 20:05:01,81.12105550653388,26.816252783730405,0.6975082986680113,35.446867515441824,89.9617630992899,30.530694566998612
2026-02-27 20:05:31,87.21594729057416,29.262471426650528,0.6891219577786741,39.38079870915692,82.89632916498589,32.977006857603875
2026-02-27 20:06:01,84.39637640968756,28.24417217096086,0.9664027966856584,37.39558648044505,82.32071127245837,36.10144708314425
2026-02-27 20:06:31,61.8439740152782,26.993184473036223,0.7983662904540603,29.783264561780946,74.88675804459085,49.12053650214718
2026-02-27 20:07:01,65.79212746646947,26.177350499176445,0.7983461628962318,23.000773135231437,70.338498773068,47.13603818615751
2026-02-27 20:07:31,60.54927139183488,17.547103215288168,0.7647444408961798,19.211052658117218,56.91043245877944,47.758710523219655
2026-02-27 20:08:01,67.89360897516701,20.244548090255893,0.4201857220891634,20.395814950207996,57.64107735619144,47.296104878356225
2026-02-27 20:08:31,79.47459535774914,27.59803015278081,0.47061196362841834,26.639998655394393,65.53271593525724,40.044035833739514
2026-02-27 20:09:01,83.85296737650637,28.228314032640306,0.42018925323965917,30.3208565137738,77.91989512076239,40.69953106879339
2026-02-27 20:09:31,86.08837420374137,32.49743684555524,126.09879489722174,29.39644015664656,114.22424660066895,40.49784022723835
2026-02-27 20:10:01,93.08110561125443,28.90926357012597,126.15027774743052,30.203457346230444,123.79719815451328,37.38875396031698
2026-02-27 20:10:31,112.16531925979463,40.4390137317848,126.15762139267528,41.28779602332891,185.34547960401366,49.48989024656705
2026-02-27 20:11:01,135.4942265996605,43.70808612198934,126.77950148746994,47.582231036859,212.76703027043382,57.5743314788981
2026-02-27 20:11:31,141.6205859118947,39.968401768156376,1.2689715447837802,46.38048977259358,187.84140376825724,55.33892465166311
2026-02-27 20:12:01,137.43434598092355,40.144543888398665,1.7395688894491363,51.993781251313074,177.25114500609268,62.658094877936044
2026-02-27 20:12:31,121.03232963283554,22.253409864445807,1.8152328288218635,37.607254208230735,119.32634692797053,50.54919196927551
2026-02-27 20:13:01,97.68641852882101,17.219500306740734,1.2353667862815458,40.03596850234887,100.81265284512533,54.06200364727336
2026-02-27 20:13:31,77.43312631835487,16.967384636071024,1.1009050952577042,41.89322060961569,99.76217088400156,57.41514206718041
2026-02-27 20:14:01,96.40062860840554,24.371181498071312,1.1093089509466942,47.10361113678955,108.46016152210633,62.64234030573226
2026-02-27 20:14:31,113.94692169353078,33.6655629695615,1.1177034136174935,64.87722070020337,112.37541388641445,81.56713783888264
2026-02-27 20:15:01,140.02386674958402,40.102862329193066,1.0840882733583208,54.96915810881221,110.16521841437384,67.63366220145555
2026-02-27 20:15:31,164.17634502579966,39.65746172075903,1.2857791149133573,54.843101332840305,94.31567978217389,62.33087382557104
2026-02-27 20:16:01,133.36806897826784,30.09395431702439,0.8319747214145251,51.532010017311805,109.65258752542144,58.46513269576619
2026-02-27 20:16:31,122.41793703884231,23.446560330772982,0.7227255155722138,34.741247457855025,102.62702321125437,32.556263341008794
2026-02-27 20:17:01,126.62823335630368,15.311696388053178,0.7059179454426274,34.68242096240147,83.2142797115821,34.04373329747719
2026-02-27 20:17:31,115.38525893081236,15.184472517359659,1.6983184137873337,34.76951392955743,78.84213168242282,35.10415795197858
2026-02-27 20:18:01,119.49701320214852,18.104847480882825,1.7987718153372496,26.856081522011955,72.77914428659875,31.70021585261785
2026-02-27 20:18:31,145.37787706131874,15.42799293859759,1.7653506019761886,25.26710340269237,80.67903248747103,32.85560101403077
2026-02-27 20:19:01,143.70455895518015,37.64965738811776,3.463768479706834,50.36687499477088,144.29858688285938,54.098374371459876
2026-02-27 20:19:31,207.9453390257841,49.40834369852421,2.521262648334286,61.61965912528995,214.90402393518676,68.31781356103136
2026-02-27 20:20:01,263.27377850984084,57.57433147889809,2.336252248012505,76.3063683883221,257.3995327495505,94.37450627762746
2026-02-27 20:20:31,287.0252872017681,63.8020723908129,2.3614834486062204,92.47602800164714,293.1853134217979,141.6133722151723
2026-02-27 20:21:01,277.4150174377075,58.80078994915752,0.7311231564351441,76.73431656792302,260.5151476952813,124.86238917601578
2026-02-27 20:21:31,249.3991293678673,50.683227725767686,0.7479368707665932,69.01188295208162,231.01164764609982,119.34215170512799
2026-02-27 20:22:01,224.63987359857464,37.98766241406552,1.3194829643823645,55.24179315213554,198.300640411477,105.34852839829895
2026-02-27 20:22:31,184.1842094205639,35.74940123534602,1.3109794529181897,40.2790033194672,194.3527038951216,61.14542627841506
2026-02-27 20:23:01,210.90979377111455,29.673765063784735,1.1597223389414595,35.34631998252013,186.95060255138915,59.187858211338394
2026-02-27 20:23:31,198.68735083532218,33.496924266361894,0.8739789572758748,31.530471612491173,187.5609264176947,112.7348818447679
2026-02-27 20:24:01,213.38891036522853,42.758458409667725,0.3361514025917273,36.02702657276837,179.4460224885288,101.34964788140579
2026-02-27 20:24:31,222.27171117871492,49.868060574482755,0.319343832462141,60.4064070457334,148.1839420474982,119.69511067784933
2026-02-27 20:25:01,210.042438757931,46.346485146434716,0.4538005798562965,66.91037438547838,136.60237825118702,135.2745913693853
2026-02-27 20:25:31,246.55024623090242,41.144931677227426,0.45380439349883195,66.87732154562414,131.87219523673463,80.48304956552431
2026-02-27 20:26:01,242.106678544116,39.094736665181976,0.4285966401384955,63.5583605758322,125.76370038573697,71.71010059415259
2026-02-27 20:26:31,265.16240178158745,31.766040589940747,0.8907937308290265,40.58994075381318,116.72759359636959,51.45594352703895
2026-02-27 20:27:01,260.8768730408182,31.077980687615035,0.8656116849173467,35.74219898983957,126.77429385415704,39.986217445016855
2026-02-27 20:27:31,218.60109418201068,32.24559427865505,0.9496356928558822,35.842444513542816,110.81324111502357,33.80871143680721
2026-02-27 20:28:01,225.8116023631642,34.56505844881631,1.1009050952577044,35.86765608060977,110.0148748245695,38.31317808610591
2026-02-27 20:28:31,226.01979931761264,35.09420643057633,0.6723028051834546,33.0436828747668,105.94651831184765,42.14498209993781
2026-02-27 20:29:01,243.54169117770647,34.64880582214229,0.6554952350538682,22.959140797014975,119.32534413499842,34.53115283123519
2026-02-27 20:29:31,291.39284333663886,43.153436307713,0.5714573844059365,38.119569053901884,169.2522312049347,39.42215573894482
2026-02-27 20:30:01,308.1836058960957,48.34697547775518,1.0336655629695615,51.229473754979246,231.22174227271964,51.137032119266514
2026-02-27 20:30:31,275.56937557777957,61.29086477855281,1.1513572569123454,67.87124968484744,261.6102193461635,79.93108664593662
2026-02-27 20:31:01,259.00465569692597,56.9608551691682,1.6303343025698775,84.31517555507001,249.37391801267293,99.98823470090929
2026-02-27 20:31:31,251.88036271041153,60.62541494037465,1.8656559629558038,74.29848814636154,265.6038590505324,100.47649861756571
2026-02-27 20:32:01,241.50594562796752,53.30476070423127,1.5630908861716877,68.74238413378713,234.71574435900666,96.07126349846632
2026-02-27 20:32:31,273.0259840666913,43.71575515143366,1.4706376684930584,68.76701737873543,225.68825842885474,72.40579515277824
2026-02-27 20:33:01,246.01033656876336,51.60721038699104,1.0252531618975587,61.111811420647925,202.26900289928147,59.98571368544897
2026-02-27 20:33:31,188.69113643238884,41.74649591610366,0.865517125474774,59.25010924002555,130.28973816006186,58.224933615676775
2026-02-27 20:34:01,151.43495648082805,43.19151796216017,0.5040830728904124,65.4383842457237,104.39560439560442,69.90792082535201
2026-02-27 20:34:31,116.03699876502762,35.99062429115105,0.6300879602792551,48.02110374608296,111.09710915643825,61.47138140484413
2026-02-27 20:35:01,111.94468714295316,25.67376839841387,0.7224947913166209,46.7857382888635,150.75777942066,51.08710262786478
2026-02-27 20:35:31,127.62453684643884,27.700993942245482,0.6217390208450609,46.588417170079225,165.08851379168382,54.95668831550734
2026-02-27 20:36:01,143.67347624769954,46.17685862906411,1.2605147942419683,33.126328792678926,172.1359003016832,28.289421064814825
2026-02-27 20:36:31,150.09748226831155,77.05301018521631,1.437023093213217,52.07738075229419,177.99757975057986,54.64096281190678
2026-02-27 20:37:01,155.91411403840496,87.4910710534056,1.3025757384764065,54.97709987814614,145.754023278289,69.79987203431797
2026-02-27 20:37:31,170.67103659817639,81.23870750871885,1.3614017395688893,51.060968948275146,148.22471532417327,70.28085179575687
2026-02-27 20:38:01,148.56801909307876,64.17862785303707,0.7647315876163904,60.7835557497731,128.04632088473562,102.47403274059633
2026-02-27 20:38:31,140.21361883072683,34.1269107624562,0.6806894291452725,44.87508088439205,96.22091313226383,83.56513189408136
2026-02-27 20:39:01,141.333669481911,31.95932602210177,0.7815454430858438,41.16979705029623,100.54203958149502,81.12945922097566
2026-02-27 20:39:31,174.81953326554452,35.00928594838526,0.8739716127297326,42.639730413371765,203.31604998445337,92.52334092456113
2026-02-27 20:40:01,219.49292839315277,36.55554341706094,0.8907787591283813,41.69853021504745,223.1316755884602,82.43064951217258
2026-02-27 20:40:31,263.4060254632547,50.573553510651706,0.9244085885961595,46.44732971973612,270.0449598722635,90.62565654019077
2026-02-27 20:41:01,257.2124879196605,55.91831589562586,0.8403714441783268,51.304676667086845,272.23832934156894,87.3398041934535
2026-02-27 20:41:31,192.41791395987931,55.38233984082831,0.7647637216260053,51.533309241875436,150.59962518173646,74.36696893042331
2026-02-27 20:42:01,185.73889659229377,60.103365687633925,80.62585549813016,45.102735409050794,169.47770914744316,70.2130341610992
2026-02-27 20:42:31,194.5644318200918,56.30535993411433,82.82770559860163,43.2794930836849,123.770946434274,59.16264685614402
2026-02-27 20:43:01,216.11650811791995,59.35493630037983,83.84062713592614,42.02662274362163,130.1052136206259,63.09455780026219
2026-02-27 20:43:31,214.2136842636011,61.95062101884066,83.7334092449733,39.14351501705911,144.96882300542867,54.925292862064914
2026-02-27 20:44:01,169.44267034186024,56.211973511714675,3.89929073246159,51.16978721973848,107.1632659921342,42.01821909980168
2026-02-27 20:44:31,117.54720627904433,54.58869402263885,1.6806863923226243,49.93319271590517,115.83290615887528,44.79029235539794
2026-02-27 20:45:01,115.02163956468759,44.53968654145132,0.41178200764738015,40.573133324929614,103.03794277070463,31.715618303290054
2026-02-27 20:45:31,167.86278530370768,43.67373693233386,0.4537967662778581,46.934350734478464,113.30632962452518,44.203166492991365
2026-02-27 20:46:01,223.07446737011895,39.4263727401035,0.8485113246857988,38.275421735331676,175.01176154311446,59.08495194569527
2026-02-27 20:46:31,238.59625533631382,35.740697166291305,0.8067498067161921,54.657299405022016,195.11580221183905,62.19536791152643
2026-02-27 20:47:01,284.25201482440144,114.54455304093518,0.8908087030329516,67.18882623347592,251.11561184271335,83.40826771322682
2026-02-27 20:47:31,288.882539309035,114.62018774213607,0.8824048473439613,63.42389888480835,260.93971914314284,76.25658652189624
2026-02-27 20:48:01,258.11791993008165,109.23056237184446,0.5042186291976201,48.94282160744899,220.69649399979832,56.93468688023127
2026-02-27 20:48:31,259.97109097937715,113.32504159873606,0.5546498142763501,35.18664806628905,191.5642805519606,60.65852059767719
2026-02-27 20:49:01,201.0403711049111,38.48868869541833,0.4369894786379373,27.66479545530942,129.22283101953005,41.900568086322224
2026-02-27 20:49:31,207.0417209360951,37.158102600731056,0.386538380740305,42.040250409646646,128.75089281962943,64.58552161673879
2026-02-27 20:50:01,202.34564685916877,40.29270177855817,0.3780591284476893,49.97941678078451,166.40482571474178,75.1245494795386
2026-02-27 20:50:31,204.29953963506838,32.30955341241305,0.30242951712087096,47.22940959037602,149.4001814577103,64.87113142242683
2026-02-27 20:51:01,224.32246248970878,26.387418720701643,0.3444394038678025,45.74323302585816,156.0478518742544,65.89713863265956
2026-02-27 20:51:31,186.6619618913197,27.480928857075646,0.4536747656013711,48.87085391672548,154.9467352219646,46.316833014080714
2026-02-27 20:52:01,227.68716229275384,36.688767321283024,0.4789875715330123,51.243266863303674,122.99056310451174,59.20958647406324
2026-02-27 20:52:31,225.7516933057699,36.71490277147515,0.4789996470528917,46.52179028218962,155.79253432830802,55.47992403233668
2026-02-27 20:53:01,226.2494012454096,37.261443565804186,0.43698580636486634,43.12713765893258,163.6679916300411,51.39625368706774
2026-02-27 20:53:31,273.28420044202795,34.790793045202825,0.30252863517567674,25.941830466314276,166.4747850786154,47.54741716177719
2026-02-27 20:54:01,257.74789915966386,29.151260504201677,0.26050420168067223,20.873949579831933,162.38655462184872,49.97793927633152
2026-02-27 20:54:31,230.6043900635315,36.6735016303069,0.42018219099801674,28.437930686745776,172.92177888332378,75.56363826954386
2026-02-27 20:55:01,236.1423913408854,57.85908770042691,0.4706040539177788,39.25342028303472,222.28478268177082,83.13898281045385
2026-02-27 20:55:31,198.01505932972537,60.464217284614605,0.5294295606575011,40.44673770546909,193.7880264882853,82.07299568922166
2026-02-27 20:56:01,172.79717635194754,57.79234421614353,0.6134711542501785,38.78314214882978,182.2093365267448,63.45644774990544
2026-02-27 20:56:31,208.5868432552355,48.73273051194998,0.38656761571817533,31.925442872029308,172.21587280244717,38.84164173585666
2026-02-27 20:57:01,197.7428192070455,26.580278660145552,0.36135061093463755,22.75668498630229,121.79196289013261,36.093043580564384
2026-02-27 20:57:31,227.52674437170688,28.14356664453726,0.3697572207702715,29.43771691723321,142.7262872173248,62.71586678655764
2026-02-27 20:58:01,270.4399344510273,45.396865414513215,0.3109374343459809,39.91764359847052,169.66259086516243,73.26358250346652
2026-02-27 20:58:31,271.939628730136,57.177912048202906,0.3781607939695959,49.009638898459635,173.59261157844315,87.08622906459826
2026-02-27 20:59:01,255.9099121811841,60.61599226858271,0.3529560065548973,49.77520063868229,162.59506701962266,80.95298121769822
2026-02-27 20:59:31,200.5916065816232,55.39588900653792,0.48740314963276693,38.82418191902385,152.54878233247618,51.30338325013866
2026-02-27 21:00:01,204.54965629674447,49.639489739323345,0.49580665221264236,35.109833778718965,124.21217163313669,54.101749609237125
2026-02-27 21:00:31,176.2229299898317,38.03457230014203,0.5378286847567586,40.84976932191568,95.83434876509492,38.88333319327378
2026-02-27 21:01:01,185.65546218487395,33.773109243697476,0.5714285714285714,40.99159663865546,115.53781512605042,39.798319327731086
2026-02-27 21:01:31,212.51617674246623,32.067765844804114,0.403368123834014,44.857896771374314,118.24568480142521,44.37049362174154
2026-02-27 21:02:01,148.58232911477504,22.689456965663286,0.3025260928755105,40.42084740920016,101.9596968016269,47.39575455049664
2026-02-27 21:02:31,132.46552434094977,31.143642276696053,0.23530004958108192,25.261141037169004,127.31413396976394,55.270300931956264
2026-02-27 21:03:01,98.16213854130777,39.614444061615,0.24370362278040622,44.488516517223125,110.422951839122,61.951141625419126
2026-02-27 21:03:31,72.90817569895543,40.36168371162782,0.19327893511710179,41.613795073908186,97.2109009319406,58.3450281094799
2026-02-27 21:04:01,85.58270866247605,43.80819523345322,0.2689166022387307,46.97636895357827,108.85239839994621,42.06023731890147
2026-02-27 21:04:31,91.0183364426293,38.19391922553321,0.3529471083547623,45.84951007579959,90.28723171818014,35.445973881913986
2026-02-27 21:05:01,92.61422364893821,32.97506701736989,0.2605063908100068,32.218758140824704,140.65664417348043,35.00869755208027
2026-02-27 21:05:31,89.9083185572988,35.14315246346607,0.3025235506180724,32.57170228321246,131.69858570240086,32.89103269775376
2026-02-27 21:06:01,120.42949321145313,37.43782766500874,0.2688533405027557,36.85811264954966,162.76549267374645,30.93493749159833
2026-02-27 21:06:31,132.74916196893193,48.09752245251156,0.30244730275815135,39.46937300993875,184.98013089247155,38.116761461492565
2026-02-27 21:07:01,154.99323705589302,60.900101654190934,0.40325629457872325,48.11351664692391,135.7881560265813,49.8693617629021
2026-02-27 21:07:31,156.35370720436882,61.78533921445073,0.4368830077714766,50.241545893719795,136.18147448015122,51.3001470279353
2026-02-27 21:08:01,119.19127409623368,53.419270264365316,0.46217710626712166,43.688341372413916,105.16629972605503,45.696710979647406
2026-02-27 21:08:31,112.13351148309678,39.97445399618492,0.3529382106032723,43.344173578373294,67.66329694708449,35.579532945101306
2026-02-27 21:09:01,147.90040252439093,19.76487197371406,0.49580248573517416,26.815351389507473,48.54662644223901,21.117824519533773
2026-02-27 21:09:31,148.12605042016807,16.35294117647059,0.680672268907563,27.310924369747898,37.865546218487395,20.38655462184874
2026-02-27 21:10:01,144.2028924612812,29.336380977991404,15.336263329943947,25.025420381683876,21.815309372347667,35.78181329254867
2026-02-27 21:10:31,169.69890503281536,78.01746233161623,15.445507945444916,23.77330901940352,30.06747955865175,38.28603601710939
2026-02-27 21:11:01,123.07769878485352,98.4638397283988,19.891090606564816,28.26097917612061,31.353468125514716,47.16045647826014
2026-02-27 21:11:31,109.22872653321906,118.33812332980386,19.89949410914469,24.630666061614484,32.277853409300995,52.27818954940419
2026-02-27 21:12:01,132.99999999999997,128.47899159663865,10.831932773109244,41.45378151260503,43.34453781512605,67.16806722689076
2026-02-27 21:12:31,107.79082177161152,104.81600685720045,10.756392910864797,52.18531248161749,48.134858276119964,79.412432037244
2026-02-27 21:13:01,123.0157729766977,92.56224737607248,12.260401173099385,62.957454139040834,45.327350190334535,91.63788539592105
2026-02-27 21:13:31,152.34709827055917,100.63194339400663,12.08423670986067,62.76576076908855,46.202457184154355,87.6149178977798
2026-02-27 21:14:01,107.68907563025209,88.81512605042018,9.100840336134453,43.16806722689076,40.168067226890756,66.4873949579832
2026-02-27 21:14:31,94.59743359187893,99.13528685115,79.22796199968066,34.09272346826444,40.823872469516544,68.92494894915082
2026-02-27 21:15:01,68.16864007260564,127.72376238455783,107.53871881276314,35.14315246346607,51.302952125648105,64.6223917848049
2026-02-27 21:15:31,64.52155060126556,136.51375221640515,107.24648953632665,40.487735191052025,56.269380414961454,70.6392490693199
2026-02-27 21:16:01,98.68067226890757,136.26050420168067,109.54621848739497,47.84873949579831,48.2689075630252,74.15966386554621
2026-02-27 21:16:31,116.51260504201682,115.94117647058823,39.18487394957984,50.193277310924366,35.67226890756302,62.32773109243699
2026-02-27 21:17:01,167.24229208157914,100.77226241796286,8.378080856463392,59.75580037142545,44.066856581037136,64.87340442517292
2026-02-27 21:17:31,183.53249634447639,92.79147548698297,8.294257046336915,67.30365216222123,48.35375384460244,68.94233516529688
2026-02-27 21:18:01,166.72549118472583,86.70733961915327,4.142926771878519,62.1018840652784,47.11003546278089,62.48844518395267
2026-02-27 21:18:31,178.63025210084032,84.63865546218486,4.386554621848739,60.218487394957975,50.252100840336134,60.016806722689076
2026-02-27 21:19:01,187.34611215220295,101.68993016748038,1.3949697056277781,84.70659417306027,44.52978596458792,66.45433995243657
2026-02-27 21:19:31,179.40336134453779,108.24369747899158,2.0168067226890756,72.36974789915966,36.100840336134446,57.80672268907562
2026-02-27 21:20:01,185.59819830418743,112.74884662896325,68.96430642274304,78.57208884108269,35.50450003781543,65.60559332431365
2026-02-27 21:20:31,178.58823529411762,124.21008403361344,69.13445378151259,79.68067226890754,36.07563025210083,65.9327731092437
2026-02-27 21:21:01,155.99421839022506,113.30442528445855,71.02301761374142,42.56374056706836,29.966890199835287,48.48820988588044
2026-02-27 21:21:31,132.57254262640862,98.84116673249355,70.60563534147344,46.3029101084883,29.638904528609476,47.10963957680316
2026-02-27 21:22:01,153.15898280585577,104.40022185992571,3.8825486999344507,57.25498764643595,44.498041918079906,59.1794544262736
2026-02-27 21:22:31,139.9146175437417,95.408171840597,3.731280568768173,52.36398473872633,43.68287476679497,55.305309511403934
2026-02-27 21:23:01,139.35273503483396,98.29149613842831,2.495945139630062,58.98666308102156,60.70945349726453,61.57505063323052
2026-02-27 21:23:31,165.30106306987688,100.06302785831336,2.5631329047438967,62.39757973024076,69.44829614689692,60.81768141518551
2026-02-27 21:24:01,155.29803272351407,92.67460524214896,2.353000495810819,44.45490222442583,56.724119095439384,39.32031899963865
2026-02-27 21:24:31,155.52231531357404,77.26955688703264,2.378171245136514,45.218867385440205,55.639123017840475,40.689417558130735
2026-02-27 21:25:01,147.69155784130825,70.87514075866822,123.22049222115777,34.79890418326358,39.33679557639624,36.135061093463754
2026-02-27 21:25:31,159.4047008798393,90.3032798594946,123.18691893769416,31.52127328801082,33.218766544256674,41.34488525113655
2026-02-27 21:26:01,193.02845425973544,118.665859930419,123.5371035647658,27.748365518748212,35.29471083547623,57.92534328308038
2026-02-27 21:26:31,174.0098656291229,126.42963386246942,123.43779471536173,39.27764098857973,45.10962276993924,74.09305960554289
2026-02-27 21:27:01,189.05200884041042,116.27828805284078,1.848755031554887,39.74823317843006,39.92470524962394,74.64768611500936
2026-02-27 21:27:31,160.5643744905419,75.52164303901712,1.8235447356700474,37.12636240640678,35.882654476088035,72.77372078756964
2026-02-27 21:28:01,160.20437318274256,53.328627371888594,1.554647977276929,45.08479134103094,31.6643977209701,60.11865745642785
2026-02-27 21:28:31,172.27731092436974,64.01680672268908,1.529411764705882,40.08403361344538,29.02521008403361,56.445378151260506
2026-02-27 21:29:01,209.61696835240932,119.77512227096254,1.5042269617976773,46.12682566093548,42.19398645355385,52.56390863711995
2026-02-27 21:29:31,218.81696484844406,138.69024109446295,1.5378280489752014,53.790367986285595,42.53817258968562,52.26934680123362
2026-02-27 21:30:01,193.4033613445378,145.6638655462185,43.579831932773104,43.5546218487395,47.26890756302521,52.252100840336134
2026-02-27 21:30:31,251.38448868458866,135.2975285091221,43.509211436702884,36.765632747044044,41.93383026462852,38.698454582888644
2026-02-27 21:31:01,207.85397951208859,136.60848592821668,43.18596267132785,31.49659235106767,46.70705984184476,28.94190609847307
2026-02-27 21:31:31,198.2117496785687,155.58954276926696,43.09110510732583,24.764913990873872,51.76514088353683,29.76495600803368
2026-02-27 21:32:01,199.47226447281068,166.98459650921436,0.5714333733896924,35.26920394289027,56.109715207690826,29.966638375112396
2026-02-27 21:32:31,145.31214548021413,182.6990142774309,0.6974848528138892,35.87425104412642,51.344969285456166,59.31142278506542
2026-02-27 21:33:01,114.36134453781513,126.81512605042018,0.6134453781512604,26.974789915966387,33.38655462184874,58.43697478991597
2026-02-27 21:33:31,126.94224321212782,116.78249397053754,1.100849586971319,33.420448911335384,47.46258371919091,69.6896612576576
2026-02-27 21:34:01,112.42300226056116,93.53176970848006,1.0084287839189225,28.67299175609469,40.437994235148786,64.77474222039211
2026-02-27 21:34:31,111.89357714900375,66.92605695941914,0.7983394539358136,31.429363765473077,47.01799205021975,43.085119792935956
2026-02-27 21:35:01,123.4894704112674,77.3122237348527,0.7983327450881527,35.32832484579572,53.55552194154524,52.17734751844569
2026-02-27 21:35:31,92.45455844166756,56.336607870654376,0.3361372784645249,27.050647484432638,29.848990327649812,40.613786670476216
2026-02-27 21:36:01,68.68240375807794,61.093977159088055,0.40337151356756895,24.21909796045279,25.261141037169004,36.126961183895396
2026-02-27 21:36:31,75.02710152356784,86.79210400262191,0.40337151356756895,20.975318705513583,18.630721782902093,29.160399001655506
2026-02-27 21:37:01,74.99285702280712,77.60634632514831,0.403368123834014,14.000235298072235,10.58841325064287,18.378460142187265
2026-02-27 21:37:31,78.93343641543206,67.26106942075141,0.3781544382725905,10.899251254212219,14.067345103740367,17.109387473844315
2026-02-27 21:38:01,95.6226522911957,61.54673568685452,0.3109269825796855,12.420272439264194,16.85728451499592,16.840477651072696
2026-02-27 21:38:31,94.2116674229819,53.84124102926099,0.41177162641388926,16.395233533336693,21.53817711222037,47.69828064337215
2026-02-27 21:39:01,104.09331170850173,52.76514928696878,0.3949613021958167,19.857309725291806,21.46236522995991,52.10968159396296
2026-02-27 21:39:31,113.58078639316295,63.10977403171454,0.46218875788872166,22.008588307464763,22.26069126631316,47.16006016857284
2026-02-27 21:40:01,94.15205169791342,64.09297557122328,0.4789956218119479,25.46239884368776,23.85734333901965,52.81556987873848
2026-02-27 21:40:31,101.95986149863852,55.997243419504485,0.44542306787239044,23.346892123575486,18.842236191884894,23.10317006756984
2026-02-27 21:41:01,84.83208390762094,46.46687060880089,0.45382727670017153,19.018724577268294,15.320872693044677,16.707567149628535
2026-02-27 21:41:31,60.87321931335883,45.70323990418961,0.40341219481447244,20.32188931377905,15.472538555280074,20.103374374921213
2026-02-27 21:42:01,82.85147582868282,41.198816647616475,0.41182007664896114,15.279365292812475,16.792173737645395,15.405432663215219
2026-02-27 21:42:31,54.68205080800356,50.52228207433801,0.4621965259628395,12.697799104179097,19.227375480054118,13.807070766489913
2026-02-27 21:43:01,56.30252100840336,58.285714285714285,0.46218487394957986,11.52941176470588,23.831932773109244,17.14285714285714
2026-02-27 21:43:31,70.58942167095246,56.412712818702836,0.3529471083547623,9.974957562311971,22.991983058538796,16.470865056555574
2026-02-27 21:44:01,74.92562900216811,69.53058034588815,0.31092959545538584,23.00038656111867,31.84087127514748,24.101245399082337
2026-02-27 21:44:31,85.16878293094898,75.27794351213034,0.1848755031554887,25.218699316800976,28.949823107757204,26.958209732854893
2026-02-27 21:45:01,72.17768365854889,69.18603674011328,0.15966654901763055,28.33661069933948,27.773576026487838,26.48784013176692
2026-02-27 21:45:31,71.69028050891612,84.25351686582968,0.15966654901763055,28.748382325753376,23.622245752029443,25.983629976974402
2026-02-27 21:46:01,69.09359821173466,67.37088018286022,0.4369821341535152,15.8153918553253,15.95825139918318,19.706213549807558
2026-02-27 21:46:31,90.55614380073614,49.63948973932336,0.546227667691894,16.227163481739186,20.664212843913344,18.630565219583524
2026-02-27 21:47:01,120.7079110573287,91.85868670061681,17.252390796483972,17.63895191515824,22.83231650952117,21.20203700902536
2026-02-27 21:47:31,142.8055226426669,96.69666641456794,17.327585482474937,20.209914202401663,30.327476239695468,35.890454702061334
2026-02-27 21:48:01,131.7563025210084,108.43697478991596,17.008403361344534,19.310924369747898,26.983193277310924,33.89915966386555
2026-02-27 21:48:31,101.87480567063587,110.90009159740836,16.972320705776237,16.680812443802047,22.823721207741244,28.76494760460172
2026-02-27 21:49:01,92.52178589736047,64.7400398322675,0.28571668669484734,11.621946402910948,20.033781796485684,23.327927125438023
2026-02-27 21:49:31,71.462785401558,41.79026714510206,0.27731325473323304,11.36144001210094,12.907671493037753,10.27739728905285
2026-02-27 21:50:01,61.68067226890756,36.588235294117645,0.2857142857142857,11.949579831932772,12.445378151260504,10.49579831932773
2026-02-27 21:50:31,73.74975839727051,60.39648058354413,0.24370362278040622,37.24463641940554,17.38699294940209,34.90844306999336
2026-02-27 21:51:01,100.5075800867256,69.60738176073146,0.2689166022387307,39.99294093919123,19.261151635349087,42.6064741671989
2026-02-27 21:51:31,116.42954982814982,80.46286103244564,0.2689098227716199,40.0255464331633,23.36154085328448,44.916343834822136
2026-02-27 21:52:01,118.51260504201679,83.5546218487395,0.31092436974789917,39.310924369747895,26.71428571428572,42.59663865546218
2026-02-27 21:52:31,120.92640212440546,63.6649355451352,0.36135061093463755,15.748163834686297,29.74839913275854,24.840753626111365
2026-02-27 21:53:01,76.83193277310924,66.61344537815127,0.31932773109243695,24.11764705882353,39.26890756302521,29.6890756302521
2026-02-27 21:53:31,65.86609971512367,54.49625627106109,0.2689098227716199,24.9749997899142,35.46248287800738,26.30274203984907
2026-02-27 21:54:01,126.55781238182477,51.74920376143937,0.28572148877702797,24.269519399648733,33.051253392942684,34.0932964696589
2026-02-27 21:54:31,168.6400726056521,68.51318078303179,0.25210295884839373,36.126354002974814,28.395196598290738,42.470945133992714
2026-02-27 21:55:01,198.43357395564593,80.48102052992932,0.26051076917905497,41.16070153029068,28.101548778540636,48.984428178861656
2026-02-27 21:55:31,195.61673305433703,96.73271819694448,0.3025260928755105,41.84103934519908,33.36190524210491,53.21938183835023
2026-02-27 21:56:01,178.13595072227494,109.67319053101285,0.29412011865645926,60.168572845149946,69.41234800292439,55.35340633114563
2026-02-27 21:56:31,171.22976856753897,112.47247852905092,0.3361401031950117,47.18566698599977,79.90050252945429,45.47135245970521
2026-02-27 21:57:01,163.98457129891847,107.74040117984185,0.3529441423877512,35.7986201564719,68.09300918495113,35.01710098404188
2026-02-27 21:57:31,208.70449426871494,117.19721671316681,0.42018219099801674,37.20293119096441,69.26283236411307,39.64839154257286
2026-02-27 21:58:01,181.03585925222492,101.54378829006747,0.41178892876051537,27.665492928155437,52.389636365164336,33.66584589009437
2026-02-27 21:58:31,166.036403973176,79.33746785660263,0.29412259029563526,29.88285517403654,41.05951360527067,28.924855879930757
2026-02-27 21:59:01,191.6518903837912,77.87591283813879,0.26051076917905497,33.26974629612512,68.8084573560678,64.95962083077727
2026-02-27 21:59:31,176.5650215169446,57.28886498117267,0.13448090371167296,31.99805002689618,69.55184238838086,55.16238569123184
2026-02-27 22:00:01,201.63561024399672,65.98754381098865,0.0840498583759886,25.408272187061364,64.68477100616083,67.81983072358521
2026-02-27 22:00:31,188.48497583525946,67.55200672410169,0.15129228829586044,37.39441059046017,72.2504727884009,90.17860895146038
2026-02-27 22:01:01,177.91973103593196,55.305736499264555,0.386635847867199,30.872031939483087,45.900399243538565,54.24669048119354
2026-02-27 22:01:31,143.763551103417,65.05370018656403,0.5630535993411433,27.001361413180497,121.51032825184464,61.79303158142426
2026-02-27 22:02:01,143.40938694903147,78.51590402958108,0.6386822975755283,30.160931131560147,114.13084583385856,64.75902348838186
2026-02-27 22:02:31,151.02647921411102,153.16095093236075,0.5798368053513054,20.46235682652795,108.83284733485152,49.00881520012773
2026-02-27 22:03:01,147.89448473490927,167.97902468129448,0.29412506197635235,37.71523651856769,206.6270578249872,51.76601090783801
2026-02-27 22:03:31,143.5150170591102,169.44822602060538,0.18487705675725644,44.90831778685356,132.33835862787612,49.622682734163604
2026-02-27 22:04:01,117.0113532273923,152.55846786053434,0.09243930519256788,45.78266678991908,129.34779868400042,31.757103120246732
2026-02-27 22:04:31,112.50703799255444,92.05274082539897,0.10084287839189224,43.18596267132785,136.72613595300723,49.99285696278057
2026-02-27 22:05:01,87.20314627136591,82.62323736533388,0.15966654901763055,29.731592127598777,40.44605791693978,45.084791341030936
2026-02-27 22:05:31,96.91759525370173,75.22815509504362,0.16807005159750585,31.193801576497084,36.33674515538076,45.017563320391936
2026-02-27 22:06:01,99.95377957057019,69.95251901340391,0.2437077188117148,32.12740031093743,34.58968864237993,47.800327744863225
2026-02-27 22:06:31,88.6423799319299,55.960334467834784,0.21849657548636495,32.060170595403164,25.303584184209416,29.65670826505315
2026-02-27 22:07:01,101.81769288301385,47.94238510214544,0.3193357815743254,36.71521130784811,43.72379135608461,25.328369622763603
2026-02-27 22:07:31,110.22966965553755,69.80007899358807,0.38656436716892023,28.420884560114963,44.891888030790696,29.093170416060914
2026-02-27 22:08:01,105.70588235294116,84.75630252100841,0.38655462184873945,28.596638655462186,44.51260504201681,37.54621848739495
2026-02-27 22:08:31,115.4389149397469,103.11097665506985,0.3865611186742634,47.71508764853191,56.95053698381485,46.78229886216575
2026-02-27 22:09:01,86.29629318386178,130.47387749270993,0.3193357815743254,52.6567896669664,53.08537190013194,59.78301973999345
2026-02-27 22:09:31,75.33676753586163,104.06810141261691,0.1764720711938756,53.79036798628558,54.71474550206303,52.99204194993234
2026-02-27 22:10:01,63.41336336210156,82.87603889173677,0.22689647638175756,48.61467095809138,52.89208971654749,53.57277914569275
2026-02-27 22:10:31,35.883559111230625,60.7835557497731,0.25210931459881003,26.757201922753705,47.934384349053744,39.63158425493293
2026-02-27 22:11:01,67.02633657708532,41.44607472394494,0.2100875644968823,15.277567690213282,33.462747273063414,44.31166910368242
2026-02-27 22:11:31,77.24434659114783,42.63061034126336,0.3109269825796855,15.18500155463491,34.18516121984218,46.1096311733712
2026-02-27 22:12:01,76.27859291752803,49.18570060001009,0.2605085799761341,13.235516563303584,38.36198927713072,44.80747575589506
2026-02-27 22:12:31,108.08585018235601,70.43815862451468,0.3109295954553858,17.15154876552547,31.6980117312896,50.900015126304645
2026-02-27 22:13:01,86.9272916736697,59.31291808128004,0.31933846515849273,17.034186023059597,30.328750546236847,38.98450368079598
2026-02-27 22:13:31,82.03499218474259,86.00984890502362,0.3277366006151364,32.57197599959663,55.916906166490186,59.79932435839258
2026-02-27 22:14:01,97.49989495356947,86.10445817051136,0.32774486322954743,36.883902684986765,50.36346064960712,68.66675070381108
2026-02-27 22:14:31,93.82510630430762,69.13561572463404,0.3697541135145128,35.2022723070976,45.85791357837947,64.63974184440075
2026-02-27 22:15:01,102.47403274059633,71.09482671686442,0.3865676157181754,37.37100406736361,47.68227503445494,86.01129449729402
2026-02-27 22:15:31,104.99424355235844,46.3120919014765,0.33614292797297407,20.134961385581146,17.57187155978722,67.04370698420968
2026-02-27 22:16:01,135.43426194377912,43.37997394848523,0.3529560065548973,21.152149249968485,38.53103071557628,58.75036766250682
2026-02-27 22:16:31,146.93524260911948,36.40397317601977,0.3025260928755105,19.571757508529558,38.96704146288174,59.51360527067682
2026-02-27 22:17:01,190.82430047895136,38.442147718679095,0.2772876228888329,16.62045206285186,40.39996638937904,43.542559448785816
2026-02-27 22:17:31,206.60219625108178,59.19123516018182,0.31086951042253047,17.08942119457911,115.67706539182163,41.80774821250032
2026-02-27 22:18:01,159.78996009241757,62.96996429321572,0.2856542743121193,10.207939508506618,95.16488132745224,33.48876286494434
2026-02-27 22:18:31,161.2195859658556,80.36194380965182,0.5461083478962226,28.43124075816642,124.74794999327865,39.02574270735314
2026-02-27 22:19:01,137.47468721378698,87.18521817311004,0.7478300325180025,28.871280805975918,123.7364613355068,41.44995000462142
2026-02-27 22:19:31,155.54621848739495,75,0.8991596638655462,29.478991596638654,50.60504201680672,48.184873949579824
2026-02-27 22:20:01,187.3025210084034,88.74789915966385,0.9915966386554623,40.89915966386555,69.6470588235294,46.78991596638655
2026-02-27 22:20:31,219.57696412514602,92.48972663176383,0.6722858559459483,28.177180937334555,41.790969520240004,49.757556913199494
2026-02-27 22:21:01,257.5315758955957,106.11013537928888,0.5210127816200135,28.496037781830097,42.521365725762394,48.3533475071219
2026-02-27 22:21:31,223.22036319632934,99.53024815334581,0.3529441423877512,25.479205707610987,39.71461945058362,48.98360490424289
2026-02-27 22:22:01,215.7329053185321,86.08475701476483,1.9748065109790838,20.45395339456634,20.361515642988596,69.44596173077085
2026-02-27 22:22:31,160.54051328593758,72.55584127464327,2.0252441217499455,14.630497991562882,24.008806870703708,67.15238911578345
2026-02-27 22:23:01,94.25447700362194,59.10233031084818,1.9412254090439256,11.874248930645312,24.09304436246292,57.46363353697992
2026-02-27 22:23:31,92.8770714982016,92.74261319708226,2.0084708729705194,38.60633970889778,39.28703485831456,75.66640895492284
2026-02-27 22:24:01,119.8255432864418,92.63180893796533,0.3109295954553859,36.77372728953428,40.47967192725928,56.8328879476966
2026-02-27 22:24:31,133.65546218487395,93.17647058823528,0.361344537815126,36.73949579831933,35.09243697478992,47.82352941176471
2026-02-27 22:25:01,175.2481154987101,94.18724841802735,0.47900367236148816,49.55587115641571,38.43794381370959,52.36266460499004
2026-02-27 22:25:31,181.75248115498707,49.63150331520963,0.41177508676689334,25.530055379547388,25.79896972192576,25.6393018311386
2026-02-27 22:26:01,140.8331162446743,51.57186194841973,0.5630299414280792,24.42037328044773,30.269161925730458,33.58851755056765
2026-02-27 22:26:31,131.4716930394373,55.69794704157177,0.5882402373129185,24.504407600063864,34.71457743342381,35.42886915016092
2026-02-27 22:27:01,130.00109244615498,69.84092303296666,0.478995621811948,13.8320490088152,28.075866183749444,29.042260859334952
2026-02-27 22:27:31,130.53891209169822,105.06810981604886,0.6134505331977579,20.042185228447295,103.02607584937687,32.781788082252795
2026-02-27 22:28:01,167.0126137633722,120.08706101834498,0.7899358807364892,18.723161088094656,102.18745010378414,31.87475314503727
2026-02-27 22:28:31,227.03742920049072,122.63231314812015,0.7479117296089008,30.126556748852927,101.87566177582816,38.8073749138641
2026-02-27 22:29:01,240.60068236440947,105.70765895225132,0.806736247668028,38.71493638548547,101.05211852300037,48.37896435234206
2026-02-27 22:29:31,230.4615281185922,76.99418467847659,0.6722915055968267,36.160879357289325,29.57242260244042,55.72456217015698
2026-02-27 22:30:01,260.72085850903807,79.82554182038204,0.3109322083750011,51.11053219829071,30.933552946712943,50.102103414371804
2026-02-27 22:30:31,258.37626158642655,84.95172147196989,0.5042143919594612,49.606292595611656,49.26174609443936,47.35413497819273
2026-02-27 22:31:01,276.4140875133404,123.08506794174743,0.7395020126219548,44.58020655635761,57.025689291506644,45.32811200094118
2026-02-27 22:31:31,329.5321809426969,128.8582256993756,0.7647123085067941,46.47938217968218,59.681173791376395,32.94985672148506
2026-02-27 22:32:01,326.859889578904,125.83299019319489,1.0420255632400273,40.95832738090236,99.61428247296193,45.94156253413894
2026-02-27 22:32:31,326.59646881854167,138.51609704446332,1.0756573695135172,49.57267830281436,98.37222787129089,65.16130658756104
2026-02-27 22:33:01,331.33329971932307,128.0861863224592,0.8571572631472799,52.06810198490731,106.21186910704384,76.44666296912554
2026-02-27 22:33:31,353.6500306725266,144.80793956251733,0.8655534920461515,46.69787141068412,98.96721821191774,83.87465440886058
2026-02-27 22:34:01,305.2126488457886,136.5893831040597,0.8907637879309909,45.798704190791526,57.97527710316892,124.26154841637324
2026-02-27 22:34:31,246.2667126062002,110.21286250913889,0.7143037219425701,29.362084758439288,51.060110759094776,121.44003630343623
2026-02-27 22:35:01,176.82501533626328,88.52175228363262,0.7226951486987284,23.285909965629962,51.31135555760973,101.98405028613683
2026-02-27 22:35:31,84.61486747676432,74.3457873241567,0.7142977192893999,31.6643977209701,55.62278357619456,91.43851157162305
2026-02-27 22:36:01,79.15259079984538,86.79137464495201,1.0168238121649105,24.084438393922593,51.46304979915628,47.06801794988151
2026-02-27 22:36:31,97.52306373825807,85.49127022803272,0.9578383101715705,22.929304811036985,37.71698398561561,24.786166798299412
2026-02-27 22:37:01,127.76629530674998,81.54794911865032,1.0082169682915763,25.944783317369897,27.65875216346558,23.659491522575653
2026-02-27 22:37:31,139.51319515043562,64.73647507582695,1.0082254392082068,19.425143462078122,32.0027558162005,29.91068802984347
2026-02-27 22:38:01,138.94910184671744,42.37871990052259,0.554519332560367,17.265715581993245,46.915696257834696,17.89585118717548
2026-02-27 22:38:31,112.42573716628992,38.99061368200801,0.6050267640311588,16.260094283337395,49.56177575355243,18.33567220994429
2026-02-27 22:39:01,112.73203976504003,53.68952680274624,0.5378196455432398,23.411961445054157,104.90004117681661,54.63911461440853
2026-02-27 22:39:31,125.2016806722689,62.957983193277315,0.6722689075630253,20.99159663865546,95.21848739495799,51.806722689075634
2026-02-27 22:40:01,124.84978865368615,61.437491071353534,0.6638711249674366,20.243867595526012,88.47133169186296,57.58871923293473
2026-02-27 22:40:31,143.7731092436975,61.60504201680672,0.6302521008403361,25.991596638655462,85.09243697478992,60.6890756302521
2026-02-27 22:41:01,125.05882352941175,48.907563025210074,0.6386554621848739,20.28571428571428,25.655462184873944,43.98319327731093
2026-02-27 22:41:31,125.60609753023132,40.0927738888562,0.49580248573517416,22.0926226270809,24.949789494029357,57.3786334338944
2026-02-27 22:42:01,142.8091228424007,54.81604732852653,0.403368123834014,52.37903158036269,26.580278660145545,58.3623254172339
2026-02-27 22:42:31,130.78041360996966,63.98265560793607,0.4033579549751683,55.083570726296415,34.00811757884388,57.428088839589584
2026-02-27 22:43:01,168.92578929234696,70.45437356616442,0.4369784620038824,58.101328582593126,33.32801115975764,39.49613021958167
2026-02-27 22:43:31,168.26333215684295,84.64007798450393,0.5294206625321435,60.36235903124422,34.462764080068574,30.706398426864318
2026-02-27 22:44:01,131.19548227701304,91.51414309484194,0.6134556883308963,59.15225465974218,45.49656296744483,33.84930839173768
2026-02-27 22:44:31,156.79386875299377,97.85960990613209,0.6218644167500021,60.472112742338034,48.27852803011841,39.9926048555846
2026-02-27 22:45:01,115.32126590362866,89.8586530866065,0.5798416780113951,56.64801089093934,59.23628968554093,40.252777357602646
2026-02-27 22:45:31,128.382466637534,87.17099734444855,0.5042186291976201,52.195031765773635,64.84251571481394,39.00971461225588
2026-02-27 22:46:01,182.55615593408348,70.66445936520475,0.3613475743493642,42.22724560710594,47.80712442961704,52.252539937310395
2026-02-27 22:46:31,195.40500340338994,51.96682325061555,0.4033647341574298,38.07595021806905,75.79895629375036,54.22734644828948
2026-02-27 22:47:01,193.42016806722685,53.941176470588225,1.2941176470588236,46.932773109243705,66.2436974789916,56.554621848739494
2026-02-27 22:47:31,193.03361344537814,55.38655462184874,1.3109243697478992,47.462184873949575,61.07563025210083,50.29411764705883
2026-02-27 22:48:01,188.43015487525105,66.67282918343851,1.512617753090362,44.39533105320213,67.05938705367272,33.15153908856377
2026-02-27 22:48:31,147.2449348313851,69.61403037000309,1.4874074572055225,38.941503710115214,32.05068950159245,22.26909469827477
2026-02-27 22:49:01,152.109243697479,64.06722689075632,0.5882352941176471,29.252100840336137,31.428571428571427,38.30252100840335
2026-02-27 22:49:31,157.14285714285714,65.58823529411765,0.5546218487394957,32.462184873949575,105.60504201680673,44.21008403361344
2026-02-27 22:50:01,190.48899570584626,44.16003495827695,0.5798368053513053,24.722896831065803,105.673156917285,36.17677459474449
2026-02-27 22:50:31,232.33613445378154,48.529411764705884,0.5630252100840336,26.21848739495798,103.35294117647058,37.59663865546218
2026-02-27 22:51:01,273.2903074001244,57.81609774954202,0.8823677708869058,43.857879964369154,118.27089530916486,34.90814971680196
2026-02-27 22:51:31,277.943512130354,78.49645795342816,0.8991672198926042,40.32806998378137,46.496189043605405,34.16835435591896
2026-02-27 22:52:01,235.39891426746667,88.88384678734096,0.8907712734667811,48.75712196843644,44.22763407788366,42.49651254642936
2026-02-27 22:52:31,193.70236224442635,100.7924569526963,0.8655680395304084,47.19446708740557,46.17763473028732,41.127087237493384
2026-02-27 22:53:01,206.88409146295342,98.22771619929578,1.0252186993168009,31.622114471550177,37.30283447760065,24.30272523298515
2026-02-27 22:53:31,189.96798292422622,83.00069748485281,1.0756392910864796,33.344818023680865,35.4792897419306,24.042218842175142
2026-02-27 22:54:01,194.66713726281114,98.38820820517992,0.9243852837862823,30.54673187784669,112.39684700583203,40.68135598917629
2026-02-27 22:54:31,267.3994520916318,99.67394409990082,0.9495957915259081,31.681204726129852,111.32960217818786,43.017529706381616
2026-02-27 22:55:01,254.01467214561225,102.97392458886901,0.5294073159049084,34.3862656616331,106.08314215846926,56.965907849513876
2026-02-27 22:55:31,302.07816872410694,84.53852553382801,0.45378532592710863,35.62214808527802,110.95051218917804,69.08461415642147
2026-02-27 22:56:01,274.3154711909961,67.18461280026877,0.3779606920880228,28.01108684696791,31.63950949101293,54.249958004367535
2026-02-27 22:56:31,314.0574999370071,74.25605361957317,0.3695584616289129,25.012388607520514,34.192556756620554,53.6783665515996
2026-02-27 22:57:01,280.8331933478918,87.65328405845791,0.40315807156055766,24.63463799764824,48.81572316479085,41.04653116075928
2026-02-27 22:57:31,258.5879625741211,103.81985856108582,0.4199492701281686,25.390132871949074,48.193378239908625,33.40276494599452
2026-02-27 22:58:01,283.2268907563025,104.00840336134453,0.5294117647058824,35.90756302521008,67.59663865546219,64.73949579831934
2026-02-27 22:58:31,238.17847208800075,121.29513693392377,0.5462230775048529,39.32806158034941,88.33687678047713,82.78220825385085
2026-02-27 22:59:01,235.2268907563025,105.08403361344538,0.5714285714285714,34.865546218487395,75.94957983193277,81.6050420168067
2026-02-27 22:59:31,242.9559415467097,131.11654523911565,0.5630204788195058,38.03329383786691,99.52857539012278,97.04120133444258
2026-02-27 23:00:01,276.6517084320745,151.54876552547103,0.5546311702717693,46.23607119447386,98.75796231869444,69.1104052168944
2026-02-27 23:00:31,357.1848739495798,157.54621848739495,0.588235294117647,56.07563025210084,76.78151260504201,64.15126050420167
2026-02-27 23:01:01,402.61846539104715,167.73808623456947,0.5041974437189604,56.65498609255385,76.27666994395005,63.38602196620198
2026-02-27 23:01:31,451.86934343986087,137.61460180337647,0.5294162135816267,50.12647165102228,53.25254834074236,42.77346868461079
2026-02-27 23:02:01,476.08883809651854,156.22295236254544,0.739477156038083,33.61259800173105,74.23342268682302,39.494802652033975
2026-02-27 23:02:31,392.15307305759563,126.14914035058236,0.9915799734458244,34.49521856775517,87.13298936152334,37.6044100099158
2026-02-27 23:03:01,399.76470588235287,119.96638655462183,1.0504201680672267,37.76470588235294,103.35294117647058,49.91596638655462
2026-02-27 23:03:31,364.93731303149474,128.5839131457766,1.0419817821249706,39.460858458539214,106.95438808779537,51.85539981849349
2026-02-27 23:04:01,274.68445908472125,111.51073091208549,0.7983059108250281,34.764121611401485,70.59545217727434,45.116888791785016
2026-02-27 23:04:31,237.628255224746,99.71344778615307,0.6134402231914018,33.0921588894211,59.10874698531946,36.655154158368425
2026-02-27 23:05:01,178.42016806722688,97.21008403361344,0.5378151260504201,36.2016806722689,37.193277310924366,35.470588235294116
2026-02-27 23:05:31,133.46218487394955,87.80672268907563,0.5546218487394958,43.15126050420167,38.39495798319328,33.91596638655462
2026-02-27 23:06:01,135.0072688464803,69.32714851135705,0.5546171880908565,41.53746607171368,35.74759875967429,32.159393618541024
2026-02-27 23:06:31,117.5808200068908,71.093034395247,0.4369784620038824,32.9834704493315,37.63897175606517,30.714543819695955
2026-02-27 23:07:01,142.93997529432525,65.10029327484642,0.4369711178897656,21.041839984537948,40.99965546508013,18.941017302375613
2026-02-27 23:07:31,130.8896563894421,70.26831707296577,0.4117612457038176,12.638549255888606,30.26024991386628,20.167897748758413
2026-02-27 23:08:01,132.26161564382895,65.82408255531558,0.3949613021958167,10.058908058050905,28.781754468524944,20.924545584416673
2026-02-27 23:08:31,128.2699854620627,63.42070101429423,0.4201715980806561,8.924444743233135,28.538054941638162,19.958150908831165
2026-02-27 23:09:01,95.36814507319205,56.68812288869094,0.40335456546948795,11.63005663770357,35.70528226416363,21.0500663854389
2026-02-27 23:09:31,75.12541911412511,55.26003983159805,0.5041974437189604,18.798161359988573,44.579457315484746,24.31912336871119
2026-02-27 23:10:01,78.94117647058823,70.08403361344537,0.5210084033613445,25.764705882352946,49.17647058823529,28.64705882352941
2026-02-27 23:10:31,110.41831229727232,56.940219492109364,0.5041932068368599,27.873481117964406,50.108401539469924,27.730626376027296
2026-02-27 23:11:01,122.80672268907563,60.84033613445378,0.5126050420168067,28.26890756302521,39.142857142857146,29.28571428571429
2026-02-27 23:11:31,149.9521000352947,66.61456495067144,0.49580665221264214,23.14324610497655,32.09297635254374,91.65700263869981
2026-02-27 23:12:01,154.35034705299074,68.09969580343189,0.6386447286600225,20.310583015411503,24.6466445942085,85.92292566511487
2026-02-27 23:12:31,131.42857142857142,70.6470588235294,0.6302521008403361,36.08403361344538,70.15966386554622,91.28571428571428
2026-02-27 23:13:01,123.25002941127039,65.34343960605705,0.6470479487739701,35.638056503252045,78.53649518495487,87.58676324767652
2026-02-27 23:13:31,140.83915261216293,61.39444206351208,0.5546171880908565,34.52071831329149,74.60441508894884,19.840169410341094
2026-02-27 23:14:01,132.09132696363898,39.24336770279241,0.4033579549751683,34.81483348879421,73.1842589558071,23.125856085242987
2026-02-27 23:14:31,159.13884523919563,65.11600547885348,0.4789795215246674,25.041385511289633,95.45977832491617,33.79746729074057
2026-02-27 23:15:01,158.43697478991595,77.52941176470588,0.5630252100840335,29.32773109243697,92.93277310924368,42.31932773109243
2026-02-27 23:15:31,177.65396929437568,64.43643330728314,0.5882303510054537,27.495567264140636,99.31849312190654,39.57109604120974
2026-02-27 23:16:01,246.65972000470578,76.8642543822793,0.5966286280902842,25.1928539016151,104.8973966824087,33.39439673282802
2026-02-27 23:16:31,219.8759747243883,71.48258940575424,0.5209733799408444,19.34323742941651,36.417719817155145,18.57858295240656
2026-02-27 23:17:01,237.64589232747105,74.06162559134182,0.40333084052466617,14.872824744347065,33.947012410826076,14.528312984732247
2026-02-27 23:17:31,203.5846630870453,82.04559395665801,0.3781290176208122,14.511751409580947,29.519271975598077,13.847924911979966
2026-02-27 23:18:01,137.88873110437027,85.67419270811452,0.42013629221319393,11.797427085346488,60.86934601584753,14.183801225117426
2026-02-27 23:18:31,142.00840336134456,67.16806722689076,0.42016806722689076,6.2100840336134455,58.00840336134454,10.554621848739494
2026-02-27 23:19:01,144.11280293099392,53.07384625726866,0.42855702329333467,9.562703774663037,99.45043864071795,13.75584013982723
2026-02-27 23:19:31,198.88908496567257,67.36918177158175,0.4369711178897656,20.209914202401666,110.58730598902532,26.453559213788118
2026-02-27 23:20:01,212.67226890756302,59.512605042016794,0.39495798319327724,24.73109243697479,72.4453781512605,32.86554621848739
2026-02-27 23:20:31,241.03594027041333,67.46048418947422,0.4453669235229364,32.637832659680846,77.74593917800391,37.74694755594396
2026-02-27 23:21:01,252.16171020898628,70.24192667411747,0.4453669235229364,28.9572531784913,43.511508113240836,33.671420048234076
2026-02-27 23:21:31,192.9379338162384,52.35206130989395,0.6218382884321272,22.058452799112622,39.2262314919077,24.46177375170165
2026-02-27 23:22:01,191.98157998672278,59.26000621843514,0.6050369324627525,24.722481323686356,42.0668733876186,22.40317308257914
2026-02-27 23:22:31,142.76230651585686,118.34254886472495,0.6722576091158131,22.150888220366042,33.503638594309336,21.201324347489955
2026-02-27 23:23:01,158.92436974789916,121.00840336134453,0.773109243697479,20.663865546218485,69.47058823529412,20.294117647058822
2026-02-27 23:23:31,174.77164057444898,143.99038663540642,0.5882303510054537,28.26026672044773,71.96578180015294,26.041797968084303
2026-02-27 23:24:01,187.72951487802624,142.250905454576,0.6134402231914018,26.545995411803265,71.9909916723389,27.428340938311447
2026-02-27 23:24:31,257.93900891589146,92.14208283964001,0.7983126192216873,26.21826707338594,80.57915479701852,28.890513525096434
2026-02-27 23:25:01,236.1744859286897,104.52013008294048,41.478643036613136,29.024966176754823,43.41139990420249,29.50395374828783
2026-02-27 23:25:31,262.21848739495795,85.99159663865547,43.736182633053225,22.789915966386552,37.285714285714285,25.0672268907563
2026-02-27 23:26:01,297.8857498193308,78.62893060620829,46.52115776765657,23.89035478395321,42.402648694979916,25.478563385489323
2026-02-27 23:26:31,280.3505852891993,93.85635414828447,47.159267569180095,22.167880942176957,62.60451592843758,23.184679120343528
2026-02-27 23:27:01,263.4241441320314,98.07398194988319,7.277188618678678,29.50370582007025,85.2254583956572,37.40273272718106
2026-02-27 23:27:31,253.11754226748678,114.32388827266311,6.167859903868777,25.78904910759302,84.77866290208732,33.72995865685187
2026-02-27 23:28:01,219.397830306799,109.92159861516096,5.4536440257808625,21.91541389712864,79.72908246010604,32.12524054015445
2026-02-27 23:28:31,198.98319327731093,107.74789915966385,4.840336134453781,27.798319327731097,66.85714285714286,37.36974789915966
2026-02-27 23:29:01,226.25670156804088,100.47730290247223,5.882254079763365,22.10887211979631,39.654795717719026,22.663484647316853
2026-02-27 23:29:31,231.93082411072177,100.41092091663096,5.512558717993967,24.394752985269033,70.50360921336795,22.97459685212729
2026-02-27 23:30:01,231.66386554621846,115.73109243697479,30.117647058823525,27.084033613445378,71.4453781512605,24.10924369747899
2026-02-27 23:30:31,268.7540440836632,96.44456769270847,30.416484735422383,22.63006193225267,63.520474617860344,20.335963563331404
2026-02-27 23:31:01,295.0108824443903,100.6731149001252,35.15155589542769,94.8411331187657,65.47954184488944,22.109429491004125
2026-02-27 23:31:31,340.47058823529414,86.48739495798318,34.96638655462184,91.94957983193277,33.33613445378151,27.050420168067223
2026-02-27 23:32:01,340.3109243697479,77.40336134453783,8.999999999999998,105.14285714285714,53.764705882352935,39.98319327731092
2026-02-27 23:32:31,291.6757701551234,78.17515672005513,8.613300616796359,104.83017092149711,51.48652963815734,39.17581217122402
2026-02-27 23:33:01,273.1634762440967,57.419203038604394,5.72259289759836,33.503638594309336,52.27643232886842,40.57914993025328
2026-02-27 23:33:31,243.5966386554622,59.36974789915966,5.268907563025209,35.07563025210084,60.54621848739495,34.831932773109244
2026-02-27 23:34:01,279.1153015520878,70.77251451668474,5.243653414677187,28.24346013899043,54.7054226435072,25.882135444239967
2026-02-27 23:34:31,317.0924369747899,90.00840336134452,5.378151260504202,26.974789915966387,52.80672268907563,23.966386554621845
2026-02-27 23:35:01,287.80430416551116,105.74701052932328,116.49481937126582,27.00817640187898,45.09205804993236,23.588037075318695
2026-02-27 23:35:31,277.72035529113197,171.1666288518584,116.73882229280987,104.11677212796533,110.98226065327181,48.77269938908077
2026-02-27 23:36:01,270.00252079657173,167.18763129148812,120.70414250903285,112.82245189479873,114.55339887404419,53.65095370136963
2026-02-27 23:36:31,211.0074783631627,140.39156373413996,121.09427176987926,115.21720863792959,113.771951936812,55.423913956810345
2026-02-27 23:37:01,200.41844871482465,144.88576686188674,6.923729739267791,116.6614850728084,121.77865911554395,80.83286418902456
2026-02-27 23:37:31,153.12870238885483,71.42196939778677,6.3355488148154375,40.01310803203066,50.41550781020242,62.80932014687717
2026-02-27 23:38:01,107.02911642367967,56.68669383639343,2.6385445989664293,29.376916936263182,36.66232511239023,51.804546027477826
2026-02-27 23:38:31,102.72009949329006,62.233725200205036,1.907514936598237,27.11696343789652,38.10828298446257,53.34319302874717
2026-02-27 23:39:01,99.93361288750326,50.34496088202422,1.72270355213069,32.109513525323734,51.160093782300684,35.958285363742554
2026-02-27 23:39:31,105.89737987596848,65.96527789448918,1.4117409791432078,34.79773449185728,50.74704626812995,32.72213912371221
2026-02-27 23:40:01,122,82.67226890756302,93.31932773109244,34.87394957983192,46.882352941176464,32.35294117647059
2026-02-27 23:40:31,161.94685803599938,97.20004705803264,93.02913739544994,62.52836086788457,65.56192332901968,48.36053175576882
2026-02-27 23:41:01,193.49579831932772,99.76470588235293,92.87394957983194,59.72268907563024,61.243697478991585,44.41176470588235
2026-02-27 23:41:31,204.96466416248603,121.73006949521434,92.5109466867225,66.48683624507358,102.41090411004947,40.99125217435148
2026-02-27 23:42:01,204.93105099957143,124.74685086679943,0.2857118847740761,69.3187452206284,109.276392635356,44.04164670885118
2026-02-27 23:42:31,192.36328190649053,99.534469429599,0.30251083997176564,92.86242479244396,91.41709522368996,38.948270646364826
2026-02-27 23:43:01,161.7703904136065,93.99842019461857,0.3781449051276449,92.44382447353827,82.36836355691499,32.831380985193526
2026-02-27 23:43:31,143.80793115908534,54.580290590677215,0.6722745569290498,84.23600198320995,41.56337448213849,34.613736249884454
2026-02-27 23:44:01,99.32606174686141,39.34387657350297,1.0083864136737197,77.30962504831854,74.25085292684157,35.68847582393573
2026-02-27 23:44:31,93.05120211094209,51.185304078185524,0.9075706518542173,28.059059319826208,73.6476777115774,20.437146530643112
2026-02-27 23:45:01,83.52800793263978,77.3432379287743,0.7814994705971329,24.453370531587705,71.56182249037832,22.96600057141897
2026-02-27 23:45:31,73.92499096631063,68.87452835738115,0.5294162135816268,20.47916369045118,68.0677988890663,19.991764636677615
2026-02-27 23:46:01,85.49651677745192,69.52159261842536,1.0504289952016403,32.16833754905503,33.454062639181835,29.647307960571094
2026-02-27 23:46:31,84.0931436398625,82.4880881351944,1.0504289952016403,36.117950571013196,48.56343330616223,38.05914335414584
2026-02-27 23:47:01,124.79727061117134,67.68850681927043,1.1428475390963102,36.94926933387114,53.20963689380762,35.37785396761372
2026-02-27 23:47:31,131.56191964773407,79.96571457382713,1.1512508298249597,37.33582070738902,54.41130746800448,36.58792783253923
2026-02-27 23:48:01,168.27589684120304,80.48671859900337,0.3109217569600256,39.71395198359678,51.41133267787665,25.77289266476753
2026-02-27 23:48:31,228.59927900977283,89.14901305009117,0.3445291295177432,43.53671756174214,53.906204045276176,30.579061032074822
2026-02-27 23:49:01,213.48739495798318,135.89915966386553,0.31092436974789917,79.63865546218487,75.95798319327731,43.71428571428571
2026-02-27 23:49:31,219.09715803095747,127.01467202231895,0.22688694307658697,82.7549116821566,73.55338565738391,44.38580864187156
2026-02-27 23:50:01,265.26050420168065,121.67226890756304,0.2773109243697479,70.98319327731092,68.57142857142857,42.95798319327731
2026-02-27 23:50:31,218.9663865546218,98.56302521008404,0.19327731092436973,60.50420168067225,47.27731092436975,31.3109243697479
2026-02-27 23:51:01,244.3404312532562,58.368766911480485,0.1680644022789533,23.058435992672393,19.108922539116993,17.377859195643772
2026-02-27 23:51:31,252.47474832355755,75.04075561755263,0.21008050284869162,32.60449404211694,31.528881867531634,21.134098586578375
2026-02-27 23:52:01,209.19992268972533,81.06654565928018,0.2100822682162335,31.30225796421879,36.00810077226242,16.43683666523811
2026-02-27 23:52:31,230.8991596638655,80.16806722689076,0.2436974789915966,33.84033613445377,40.09243697478991,13.974789915966387
2026-02-27 23:53:01,243.86554621848737,69.30252100840336,0.2941176470588235,36.159663865546214,41.705882352941174,14.815126050420169
2026-02-27 23:53:31,244.55891497621894,69.07446933664981,0.29411270398816824,31.2935917043411,35.94897564746811,12.756088132972554
2026-02-27 23:54:01,249.7226890756302,67.84033613445378,0.5966386554621849,28.739495798319332,31.537815126050422,17.235294117647058
2026-02-27 23:54:31,230.25856925572054,56.260031428307336,0.7646994563070898,26.50397895816002,30.352686111881415,19.789749665969193
2026-02-27 23:55:01,168.30252100840335,51.41176470588235,0.7899159663865545,24.134453781512597,35.57983193277311,16.462184873949578
2026-02-27 23:55:31,167.22548550012183,55.45331551835698,0.8739422357795312,34.260216300703355,41.512256199527734,32.80644700464702
2026-02-27 23:56:01,153.24891394768466,63.91113277147107,0.5881908090984715,35.32505944928535,42.139670108983346,31.485013738456757
2026-02-27 23:56:31,146.66196165414794,95.58737040211054,0.4705012518694024,37.1191880492682,43.49616037371243,31.616003764010014
2026-02-27 23:57:01,209.20639188076558,97.00401592929278,0.5460991716095643,39.60479223026902,36.70626585787979,35.908120914758115
2026-02-27 23:57:31,229.09210062005343,94.4783317369898,0.663742837458621,34.665860093092036,35.253986657928785,25.549898338122357
2026-02-27 23:58:01,209.08288871150694,81.23345796748309,0.6553795740032768,34.61748519094232,37.171785069108935,25.383355039280765
2026-02-27 23:58:31,199.14624001075603,64.55299446232446,0.672251960034621,35.957076712351785,42.788837256203614,26.64638706587229
2026-02-27 23:59:01,189.41857631448477,73.36913135183738,0.7562961655784405,53.33568625473736,99.36891286627844,37.81480827892204
2026-02-27 23:59:31,255.55873010537638,78.81380144871515,0.5714189677484413,52.94868993798424,110.17461891396785,36.84812019966051
2026-02-28 00:00:01,255.61129738405563,91.44460970916211,0.8403290728649337,51.56259191099235,107.10834362736448,36.94926933387114
2026-02-28 00:00:31,263.6448433206444,99.04118452786112,0.8151192006789858,51.957546575238865,97.67985142981992,35.38625725834237
2026-02-28 00:01:01,256.2708503146979,99.19917985260876,0.6050267640311588,28.97405947749216,53.813769400771406,23.12546742519096
2026-02-28 00:01:31,194.63701985697602,85.75558188586652,0.6218435139200511,23.35274493491651,44.93239552608802,20.3359635633314
2026-02-28 00:02:01,203.57983193277312,89.19327731092436,0.40336134453781514,29.907563025210088,49.63025210084034,17.537815126050422
2026-02-28 00:02:31,242.94345520701154,82.99790761577438,0.5378015680276967,26.864868952883537,92.11532482374393,18.562557246455967
2026-02-28 00:03:01,263.92833733886823,93.00684022117277,0.5546125275205459,30.167560209072114,82.95658896489134,18.789600174786976
2026-02-28 00:03:31,279.83563301457116,97.96474008840188,0.5294028671787029,36.217878691114436,75.16680391926187,18.755987294331188
2026-02-28 00:04:01,324.35589317826594,95.74628997831968,0.5125964269508075,30.0415119073629,69.54504966303088,22.48701702492395
2026-02-28 00:04:31,298.1739649246646,90.47823127536743,0.5041974437189604,33.77282543844169,27.201452088637918,21.932588801774777
2026-02-28 00:05:01,305.89401858792286,67.33500277306264,0.49578998672291225,31.806188131291908,23.293726155862927,21.318969429085225
2026-02-28 00:05:31,271.79375136552324,74.25085292684157,0.5714189677484413,29.436480059158672,27.125594527823065,21.37779196988286
2026-02-28 00:06:01,262.0522171709957,97.2832617665101,0.7394771560380831,45.94001831886591,101.54365856322949,24.89012882028184
2026-02-28 00:06:31,245.34881766693002,101.9142535419573,0.6554511688879179,45.63788843884977,101.60333439774124,27.57096519386229
2026-02-28 00:07:01,175.49579831932775,96.68907563025209,0.9411764705882352,49.45378151260504,101.54621848739498,28.67226890756302
2026-02-28 00:07:31,152.23145634983993,81.19123047318134,2.2016251691133837,39.083048326512774,93.46823189331363,26.562355570867958
2026-02-28 00:08:01,115.2230177136903,45.107727471345505,2.302443615340661,24.461362643272494,21.3606265335619,23.629457833350138
2026-02-28 00:08:31,101.19157661215779,36.71366867783735,2.470546713500614,20.831582662476265,18.369439169089596,19.50387388447253
2026-02-28 00:09:01,118.56943580780155,53.92346347120216,2.2940790911077125,21.38619518999681,22.13408178013815,21.20972756760391
2026-02-28 00:09:31,111.65358565402263,70.35175879396985,1.4453538595989983,21.52064671181997,19.19295474025647,18.293810188064068
2026-02-28 00:10:01,93.2085175039075,77.47768945059747,1.352918438345574,17.075343271541655,21.184517907262066,18.13414900589906
2026-02-28 00:10:31,91.10771247542058,76.1247710122519,1.1680475958387255,18.713971193761452,25.016386279222196,17.9996974840759
2026-02-28 00:11:01,141.06604146183648,90.3857950773523,1.0840245039957648,28.772867454895334,33.6551793682406,31.033352660902008
2026-02-28 00:11:31,145.06844595332734,89.32848175194749,0.8067294683148596,73.05943747426447,50.38697804183228,45.04239531424634
2026-02-28 00:12:01,167.308112468698,114.23337422900455,0.6386447286600225,80.66250987378363,54.21757617519033,47.99079007075511
2026-02-28 00:12:31,195.5378151260504,117.19327731092437,0.6470588235294118,82.9579831932773,57.11764705882353,50.24369747899159
2026-02-28 00:13:01,123.92332837539182,103.14199040344198,0.6218435139200511,69.1506794060554,47.47859261686877,33.78122872917035
2026-02-28 00:13:31,125.42646342078282,112.67037528781027,0.5041932068368599,105.08226752491554,38.40271592074083,20.604695719399675
2026-02-28 00:14:01,105.19239334123243,124.46954227275401,0.4873908622616617,111.76376669103622,41.78116150284452,16.949437399685717
2026-02-28 00:14:31,120.49377321389557,127.2751718458513,0.5041932068368599,109.67882892724494,39.99932774239089,15.277054167156855
2026-02-28 00:15:01,162.99726055024286,126.4768659350263,0.5209996470647552,155.0394111023344,120.22487017024923,29.67177022234921
2026-02-28 00:15:31,184.20853606272217,162.31796371459063,0.47058428080436304,74.90693355518022,138.36018184721138,28.94933656019697
2026-02-28 00:16:01,223.91220315624943,129.1406867111477,0.4621771062671215,70.72990369909749,139.26656694845468,30.01630224702106
2026-02-28 00:16:31,245.21436614510682,150.56889800171425,0.6722576091158131,87.01534427992806,154.26631485185126,74.13320784524629
2026-02-28 00:17:01,222.15499928575633,154.74719974455286,0.823480971707547,44.60241834513937,79.8944599897485,64.39117026729521
2026-02-28 00:17:31,231.68579735475527,137.9846394299447,0.7982790783657967,58.58528141438247,64.84546997630372,69.7443826361696
2026-02-28 00:18:01,214.16747195495986,138.40594932986008,0.8234948111423892,61.06466114869122,59.812612915423735,75.24893912020502
2026-02-28 00:18:31,154.89845135160115,121.85837807860042,0.647020763484501,44.543598275731675,46.37542329442807,30.704076230809953
2026-02-28 00:19:01,139.9376486307068,145.34087375948508,0.8067023520415452,60.19175987159987,51.79701352066755,35.41087199482366
2026-02-28 00:19:31,115.6703248684896,122.15761079645722,0.8151123510529235,92.54466311490563,52.07475504613368,35.91536276701232
2026-02-28 00:20:01,97.43615599868909,114.46122301493267,0.840329072864934,89.56227258594465,57.50371845614743,28.537575314493157
2026-02-28 00:20:31,150.23150676873692,112.24086787728038,0.7394771560380831,93.62789173382183,59.418670117560055,35.713385376839234
2026-02-28 00:21:01,208.13935900236973,82.39357321725687,0.5125964269508075,83.74649165560243,42.47827767600545,27.680207055343615
2026-02-28 00:21:31,231.82998462197796,69.52882748884464,0.9411685616087261,51.78948076066588,54.78945555079369,33.44509710002437
2026-02-28 00:22:01,266.7053208295519,90.50115962488655,0.8991294410271924,114.59278679708245,52.216732210682,37.69621189203724
2026-02-28 00:22:31,245.78371973815786,96.35051217196204,0.991571641051066,111.44256867473929,55.914556775879596,31.931968101644497
2026-02-28 00:23:01,173.9298499184888,99.35127140720323,0.9075477723063479,117.40979143207677,67.21735769146737,33.73892875749988
2026-02-28 00:23:31,165.20591917850808,91.50189491021234,0.47057637202423463,103.2410947623169,45.56187659134643,19.058343066981504
2026-02-28 00:24:01,125.40860314445854,80.61141315765148,0.6470425115333227,38.629278253489396,48.427350570994,14.461820290244784
2026-02-28 00:24:31,82.09105729315473,71.14166148468092,0.6386447286600225,35.88174988655653,35.67166938370784,10.562847683232214
2026-02-28 00:25:01,152.67098595810117,69.75571633851816,0.7226830026638432,25.58802026873724,31.579566558264215,9.873866606162975
2026-02-28 00:25:31,248.08194889118585,89.96563054091983,0.7226830026638432,27.95774825421636,35.11735195502559,14.033495516844397
2026-02-28 00:26:01,295.0454614208165,87.9733113729181,0.4789835464950169,39.28505403270533,32.369203878926406,20.495453857918356
2026-02-28 00:26:31,317.4259039840002,138.36858513794002,0.5798270602768045,63.45324829203115,70.14226771203603,34.470298568919596
2026-02-28 00:27:01,275.93885765665834,131.01570575037184,0.49579415299031115,69.06664649876892,71.02461323854423,37.41145032394687
2026-02-28 00:27:31,178.1719788576758,111.18207104022586,0.4957858205255329,68.83860070754518,69.30917707956942,36.86461685839853
2026-02-28 00:28:01,130.55973378822384,98.80423182608841,0.5882204650302932,55.91455677587959,67.35964639546901,31.36055393561507
2026-02-28 00:28:31,189.7195005125964,55.915026638207756,0.4789835464950169,30.217979529755805,34.80613771197123,22.02483991865683
2026-02-28 00:29:01,245.43919060864008,109.5014411401393,0.5966236145307261,23.68007529221952,36.385637336873856,19.63816038251136
2026-02-28 00:29:31,243.8005764560557,111.41735922623796,0.6806551095350537,22.024654840634266,32.69665470618387,19.218002907489723
2026-02-28 00:30:01,266.8252060872415,124.25737166289925,0.6806551095350537,18.43651000394948,24.40274614925674,21.40282177760224
2026-02-28 00:30:31,209.32421303843634,131.31712072066014,0.6386447286600225,31.335607804910843,32.28517167778693,16.823246668123225
2026-02-28 00:31:01,242.6534230804783,91.83956437340863,0.5630204788195058,40.21814942731574,30.64680128738414,19.117486407677248
2026-02-28 00:31:31,235.61146544987017,91.18410769657399,0.5546171880908563,45.1676876664902,113.3603919294796,21.546037428256906
2026-02-28 00:32:01,279.4047208893893,89.07338470458728,0.6890582590354865,45.42742619933951,121.74482996226985,23.76410678722385
2026-02-28 00:32:31,323.9357321725685,79.1919463538428,0.6806608292297609,38.45313524142452,128.24154215895533,34.26833162467858
2026-02-28 00:33:01,332.24930882933756,59.7305904992395,0.647053386105999,30.554365089368996,125.83927866152386,27.04178956479357
2026-02-28 00:33:31,401.4134216231661,124.3424480260836,0.9663703131039814,29.217996336196034,52.62936757365422,28.32725500411758
2026-02-28 00:34:01,324.28866741735436,179.22387859027577,0.8571284516226619,48.22608023394566,119.03161291406867,26.453336918707247
2026-02-28 00:34:31,324.32500567222127,197.72943084511897,0.9075553986941287,51.251670154032325,116.09146141629063,24.26870362433929
2026-02-28 00:35:01,271.8861867867767,243.9622863481286,0.9663703131039814,69.49463034234721,180.93813549352112,36.59602359624208
2026-02-28 00:35:31,256.71621723822085,185.32305908254412,0.5714141660294277,67.50249993697636,177.2560355621287,35.7806105728427
2026-02-28 00:36:01,286.39854792356437,123.0231424681938,0.7730962504831851,58.56204097410127,113.95606796524429,36.058217508949426
2026-02-28 00:36:31,241.74383623804644,145.3757079712946,0.8991445521924001,55.91502663820776,244.6597536175863,49.755466294684126
2026-02-28 00:37:01,172.5615751128142,128.87286661456628,0.8235224914076352,33.747615566255746,196.83868202788216,45.59625549365132
2026-02-28 00:37:31,101.890756302521,124.36974789915966,1.8739495798319326,35.63025210084034,204.92436974789916,42.95798319327731
2026-02-28 00:38:01,88.16880814124488,113.95894083143557,1.6218623685913327,39.1936066689636,205.81685560382857,44.092807502584044
2026-02-28 00:38:31,121.49681930100252,87.04274825838871,1.5294246170135883,35.319624534659944,139.4801636988546,27.56325683409104
2026-02-28 00:39:01,112.05882352941174,105.75630252100841,1.5210084033613447,34.7563025210084,189.1428571428571,23.117647058823525
2026-02-28 00:39:31,128.82976756693165,113.0065040923682,0.5378060872926504,33.89858993966487,191.58501537789283,20.51226029814625
2026-02-28 00:40:01,108.67226890756301,130.94117647058823,0.5462184873949578,18.65546218487395,180.94117647058823,19.689075630252102
2026-02-28 00:40:31,92.39340515285457,107.11584679249088,0.4369674459252786,96.47737012823315,102.87222063494733,46.7891295944606
2026-02-28 00:41:01,114.3687868169175,83.3858539003874,0.445374408618415,99.33529970336384,38.478668246485334,50.22646868513711
2026-02-28 00:41:31,110.76377509432696,144.28450181090915,0.36134150133192167,108.26799774791809,54.29366139780338,66.83977445567683
2026-02-28 00:42:01,125.44326986101075,155.00579822187865,0.42856422581133097,151.896606779718,52.75541587536344,64.71319809751095
2026-02-28 00:42:31,148.51135704741978,177.5195166427173,0.47058428080436293,72.95737010613357,56.049949160091096,36.37784556432299
2026-02-28 00:43:01,143.65304784793534,212.16450143695064,0.6134350683181795,77.09114132535588,70.98200030251593,37.57079712946002
2026-02-28 00:43:31,174.61197805060465,140.95679868236402,0.6134402231914018,84.96567255737348,43.88198418500686,27.61321333434173
2026-02-28 00:44:01,193.14963739800507,132.83921983848876,0.5294073159049084,46.99960504533575,117.15027604810044,29.18462870059916
2026-02-28 00:44:31,216.5528020772935,117.46119780506048,0.6638599675632978,49.940756800363026,135.948437408089,30.369492693338714
2026-02-28 00:45:01,232.29861682996926,86.17502226853333,0.5714189677484413,41.56232668358514,112.70398816826608,27.781045696710983
2026-02-28 00:45:31,207.30569817567624,108.45104745258523,0.6218330630320243,33.30168147021503,183.2138685579355,21.51206272110787
2026-02-28 00:46:01,193.9395467264981,106.30162771741414,0.6638599675632978,29.78966563306191,152.13317535146763,22.335946756749944
2026-02-28 00:46:31,162.74653154175178,112.48644969370008,0.6386500953773498,36.3106192384938,156.81380828732532,29.293871480071598
2026-02-28 00:47:01,168.89632107023414,170.9551099981513,0.5966286280902843,35.99939496815179,170.19882018789602,26.92391724508832
2026-02-28 00:47:31,156.99868068335562,164.61206208351194,0.5798270602768045,20.915790623608206,98.99916807421786,31.848471861580997
2026-02-28 00:48:01,178.75179617320572,165.05466248750028,0.5378015680276967,19.646563532011797,56.88091896842936,26.965706746888728
2026-02-28 00:48:31,136.097409309009,156.18933976454375,0.45377007302336914,10.16781089552364,31.251312992109444,14.831558868263823
2026-02-28 00:49:01,215.0672268907563,79.68067226890757,0.5546218487394958,34.411764705882355,79.5798319327731,36.07563025210084
2026-02-28 00:49:31,249.07353719716642,64.35240039999665,1.1848639927395568,38.53749128158587,108.26799774791809,34.57954134839203
2026-02-28 00:50:01,317.13486214633247,45.423143938053826,1.2100535280623177,41.015772711612314,109.165315160122,36.099930253859135
2026-02-28 00:50:31,332.2941438451131,32.09344069072132,1.1008125845566918,119.90454022167508,114.27443005638513,37.864591648950025
2026-02-28 00:51:01,244.78168801048707,12.92990237802073,0.9831602299082384,98.9882693018722,56.16617928809116,14.478504924204225
2026-02-28 00:51:31,280.77915311636036,0,0.5714237695481551,106.9066646498769,57.94909286476585,17.71413685599281
2026-02-28 00:52:01,186.14129293031155,,0.5546171880908565,126.10818396484062,110.99066394400046,20.848564297779014
2026-02-28 00:52:31,188.36658207425086,,0.6470479487739702,58.141879968403885,120.59461185526293,23.747500042016103
2026-02-28 00:53:01,240.48739495798318,,0.6722689075630253,63.579831932773104,138.2268907563025,25.5546218487395
2026-02-28 00:53:31,208.82666823525454,,0.5630110165289951,55.00701662983285,125.08088031394165,21.51206272110787
2026-02-28 00:54:01,252.53569297736996,,0.6722632582919472,45.85675750623945,72.95737010613355,19.6384904328535
2026-02-28 00:54:31,255.44948824389508,,0.6470479487739702,34.385976706273844,62.80566713164486,17.78961698122721
2026-02-28 00:55:01,226.174569961597,,0.6218435139200511,30.495542054268455,55.562558297829426,17.630103948706317
2026-02-28 00:55:31,206.07389853866778,,0.5210040251762591,32.10057058344048,40.87360610415039,16.361207048680264
2026-02-28 00:56:01,189.67907832707286,,0.5798270602768045,45.520625877093465,146.8475054831472,51.276880026218265
2026-02-28 00:56:31,177.73949579831933,,0.5714285714285714,46.41176470588235,155.9831932773109,50.319327731092436
2026-02-28 00:57:01,262.5037813854997,,0.5714093643911129,44.754798158045105,155.34771940438978,50.502504117508664
2026-02-28 00:57:31,276.41319966723523,,0.5630110165289951,42.09977899716813,185.7516197070662,50.528137946102206
2026-02-28 00:58:01,317.05615919193957,,0.420164536432467,24.352736531625784,119.09143620641845,14.50407979764876
2026-02-28 00:58:31,338.71699635300246,,0.40335456546948795,35.73889514461942,121.18283726323928,19.36101914253542
2026-02-28 00:59:01,242.1283497054696,,0.41175432552120533,111.89633874776266,136.28227859801854,19.04993991748107
2026-02-28 00:59:31,234.3341652591155,,0.4369711178897656,112.50325627515736,112.11670490163948,18.109091520239325
2026-02-28 01:00:01,218.9495798319328,,0.40336134453781514,115.16806722689077,83.81512605042016,24.7563025210084
2026-02-28 01:00:31,268.20332260531245,,0.4201574750216381,105.56876717393679,84.24157374183844,25.41112408930867
2026-02-28 01:01:01,260.5524323325014,,0.5546171880908565,33.05854572650651,75.25146847505482,27.277081705195748
2026-02-28 01:01:31,279.79831932773106,,0.6218487394957983,37.470588235294116,76.4201680672269,28.058823529411764
2026-02-28 01:02:01,299.2554746979042,,0.6974672694576562,30.730575956706613,77.4104636896859,22.94919413119107
2026-02-28 01:02:31,260.13008184736395,,0.6974672694576562,41.09174635720408,77.71297961378801,19.98285743096755
2026-02-28 01:03:01,239.14322207656883,,0.6302309166078451,37.31807334207253,114.66001142818732,16.150717622937044
2026-02-28 01:03:31,316.79565717935145,,0.5126007344476098,32.07536071125453,138.61228056907086,19.50403778119512
2026-02-28 01:04:01,251.3360895432087,,0.4621693388457531,45.62871836240799,179.80908204766226,26.268024604214986
2026-02-28 01:04:31,287.5017856992799,,0.5041974437189604,34.85684994243746,177.87245485332056,24.411559566726332
2026-02-28 01:05:01,335.02516743275385,,0.5125921195263984,95.0816365973967,126.7363007655269,26.453114627362336
2026-02-28 01:05:31,232.2753590305964,,0.5126007344476097,95.73869127150193,105.95709279753953,33.30224115763733
2026-02-28 01:06:01,300.49662613547554,,0.4957858205255329,87.95576582102971,65.37650311336688,26.520339823365795
2026-02-28 01:06:31,276.16110518222234,,0.4789795215246674,88.1322319605388,65.40171256186818,26.64638706587229
2026-02-28 01:07:01,268.98933622406537,,0.3781480827892203,39.15093150477727,98.69664960798649,39.209754539877814
2026-02-28 01:07:31,273.0519398670622,,0.3697385780190415,42.898078199709246,89.85487760812751,29.25976656050688
2026-02-28 01:08:01,214.55101594931176,,0.37814490512764487,111.2586343086671,146.0647720206383,32.94902606678879
2026-02-28 01:08:31,163.4412577834172,,0.3781417275194743,124.80357638042736,175.1636513365209,34.41089720427216
2026-02-28 01:09:01,138.2245676543251,,0.3949513453555402,112.34264970336633,155.77889447236183,21.4198080704526
2026-02-28 01:09:31,117.88136234149293,,0.4369711178897656,109.95705918437659,161.41040831589652,25.95776506079781
2026-02-28 01:10:01,146.17278556002788,,0.4369637740225036,38.60406880498811,89.51875162811021,20.797795013571086
2026-02-28 01:10:31,141.3265434744246,,0.42856782716111635,25.016596499189088,57.831446794564755,22.02502499978992
2026-02-28 01:11:01,132.87059990084282,,0.45377007302336914,33.10840903170508,64.51097871482231,26.75562800937791
2026-02-28 01:11:31,178.49579831932772,,0.45378151260504207,46.52941176470588,59.016806722689076,22.857142857142858
2026-02-28 01:12:01,194.42203623407616,,0.4705724177338578,45.948035360155956,77.0562334039192,40.7213202917549
2026-02-28 01:12:31,219.72084268199433,,0.49579415299031115,43.61307888169007,72.99098326904814,37.083721985529536
2026-02-28 01:13:01,234.2351915687432,,0.5125921195263984,43.09975378771964,68.25878339201532,39.39396485802879
2026-02-28 01:13:31,166.87743920028362,,0.48739905377356113,88.17721157320648,89.63940873452717,37.67258548391163
2026-02-28 01:14:01,89.22350020256276,,0.47063964970963224,94.63218670947246,139.45220906485582,29.070402649028885
2026-02-28 01:14:31,39.973175,,0.41179931086645943,174.61131187494752,153.8280527775444,30.792503571728723
2026-02-28 01:15:01,,,0.3950044543055485,174.9617602070832,173.44057284050226,32.583665305161944
2026-02-28 01:15:31,,,0.48744001546361415,135.73523603022127,188.30312045651277,48.685172578977884
2026-02-28 01:16:01,,,0.5546078670285624,128.2236582271035,140.76115728174918,42.730015209700596
2026-02-28 01:16:31,,,0.6218226124952734,51.36758959707576,138.96054787613966,47.35095164068737
2026-02-28 01:17:01,,,0.7310617200957944,50.68694592664175,127.83496491744046,38.14965757741272
2026-02-28 01:17:31,,,0.6722745569290498,59.90806645433994,108.01771443457507,27.3447676030891
2026-02-28 01:18:01,,,0.5798124432792175,59.68706934220699,109.83664414641525,28.150314275150418
2026-02-28 01:18:31,,,0.46218875788872177,57.61392952881956,109.6395768031664,24.47079387221741
2026-02-28 01:19:01,,,0.3529382106032723,48.36093814337695,88.71354022235107,27.461954101226045
2026-02-28 01:19:31,,,0.3613475743493642,49.94159614786678,76.94182304052973,21.67245102900024
2026-02-28 01:20:01,,,0.45375863401845296,54.03088919886393,91.4743794430533,20.015797522813976
2026-02-28 01:20:31,,,0.6386447286600225,54.57891464009008,94.1076620560999,21.646695013529182
2026-02-28 01:21:01,,,0.6134505331977579,58.790410003445395,103.70675383826753,16.36988546122236
2026-02-28 01:21:31,,,0.6722632582919471,27.93253838203041,106.28482113595685,24.083831228309005
2026-02-28 01:22:01,,,0.6386554621848739,19.210084033613445,92.13445378151262,25.252100840336134
2026-02-28 01:22:31,,,0.6050420168067228,18.764705882352942,95.64705882352942,25.17647058823529
2026-02-28 01:23:01,,,0.8319327731092436,18.31932773109244,90.99999999999999,32.36134453781512
2026-02-28 01:23:31,,,0.8319187912808189,18.159358666240905,88.59514966135022,23.68027428110452
2026-02-28 01:24:01,,,0.8319327731092436,68.68067226890756,93.25210084033613,29.798319327731093
2026-02-28 01:24:31,,,0.7730962504831852,68.04087326263424,74.01556276365105,29.528915480412092
2026-02-28 01:25:01,,,0.6638488105341882,71.6368494911893,88.9221280135795,44.419048259287585
2026-02-28 01:25:31,,,1.731077890101764,72.62123847698759,99.89832018218334,53.12560398652113
2026-02-28 01:26:01,,,1.8486928900952075,29.511861045519854,86.79613118997,45.477845096342115
2026-02-28 01:26:31,,,1.9159502861320492,30.29386307678087,95.14205762976783,42.45342476113647
2026-02-28 01:27:01,,,1.907563025210084,25.840336134453786,109.74789915966386,20.05882352941176
2026-02-28 01:27:31,,,0.8571500600845385,26.30274203984907,86.0091261271103,17.84888948646627
2026-02-28 01:28:01,,,0.6890640493437085,20.621502159627568,86.93971529890256,11.739298499184887
2026-02-28 01:28:31,,,0.6050369324627525,18.327577079184213,88.48665137267754,14.857018008252036
2026-02-28 01:29:01,,,0.4789835464950169,18.06692324498748,119.67025764272871,17.688778339859834
2026-02-28 01:29:31,,,0.42856422581133097,20.394615216550985,142.15727466765264,13.756071326532329
2026-02-28 01:30:01,,,0.5209777576108968,18.37707025637147,145.6637004545951,19.486248708059186
2026-02-28 01:30:31,,,0.5882204650302932,19.5961446350092,157.12208935909177,15.201297446282865
2026-02-28 01:31:01,,,0.6386554621848739,28.806722689075627,118.51260504201679,19.01680672268908
2026-02-28 01:31:31,,,0.5798221878623889,25.22646678207089,107.81331406194856,19.134132199458833
2026-02-28 01:32:01,,,0.5798319327731093,101.9327731092437,109.61344537815125,18.773109243697476
2026-02-28 01:32:31,,,0.5209952690268312,104.09821601136105,97.17402082300445,19.646563532011797
2026-02-28 01:33:01,,,0.5966436692745316,97.79073773729189,109.68159396297446,15.12617753090362
2026-02-28 01:33:31,,,0.6722632582919472,96.49498743708035,119.99058831438391,16.80658145729868
2026-02-28 01:34:01,,,0.5798124432792174,22.805956102315893,98.13955833417364,21.696749689086083
2026-02-28 01:34:31,,,0.5630204788195057,21.26872883421148,89.37740018991435,25.96616835152646
2026-02-28 01:35:01,,,0.4705882352941176,22.10924369747899,53.36974789915967,28.521008403361346
2026-02-28 01:35:31,,,86.82800821274711,24.53740273272718,45.37738861531739,27.62978773465992
