Time,"__name__=""jvm_memory_bytes_used"",area=""heap"",instance=""rskj-miner1:8080"",job=""rskj-jvm"",name=""rskj-miner1""","__name__=""jvm_memory_bytes_used"",area=""heap"",instance=""rskj-miner2:8080"",job=""rskj-jvm"",name=""rskj-miner2""","__name__=""jvm_memory_bytes_used"",area=""heap"",instance=""rskj-miner4:8080"",job=""rskj-jvm"",name=""rskj-miner4""","__name__=""jvm_memory_bytes_used"",area=""heap"",instance=""rskj-node1:8080"",job=""rskj-jvm"",name=""rskj-node1""","__name__=""jvm_memory_bytes_used"",area=""heap"",instance=""rskj-node2:8080"",job=""rskj-jvm"",name=""rskj-node2""","__name__=""jvm_memory_bytes_max"",area=""heap"",instance=""rskj-miner1:8080"",job=""rskj-jvm"",name=""rskj-miner1""","__name__=""jvm_memory_bytes_max"",area=""heap"",instance=""rskj-miner2:8080"",job=""rskj-jvm"",name=""rskj-miner2""","__name__=""jvm_memory_bytes_max"",area=""heap"",instance=""rskj-miner4:8080"",job=""rskj-jvm"",name=""rskj-miner4""","__name__=""jvm_memory_bytes_max"",area=""heap"",instance=""rskj-node1:8080"",job=""rskj-jvm"",name=""rskj-node1""","__name__=""jvm_memory_bytes_max"",area=""heap"",instance=""rskj-node2:8080"",job=""rskj-jvm"",name=""rskj-node2"""
2026-02-27 17:04:01,1906013952,1071341360,674215024,1684576152,2089139872,3113877504,3113877504,3113877504,3113877504,3221225472
2026-02-27 17:04:31,1977920584,765335312,1201440344,1347187536,2598747808,3113877504,3113877504,3113877504,3113877504,3221225472
2026-02-27 17:05:01,1893786904,1367938432,915476040,1777058056,1632091456,3113877504,3113877504,3113877504,3113877504,3221225472
2026-02-27 17:05:31,2589785968,1074200544,1368181920,1287793672,1963441472,3113877504,3113877504,3113877504,3113877504,3221225472
2026-02-27 17:06:01,2415847112,1454085864,881656600,1579688952,2225585472,3113877504,3113877504,3113877504,3113877504,3221225472
2026-02-27 17:06:31,2131450744,1066067400,1231691600,1866317512,2500312384,3113877504,3113877504,3113877504,3113877504,3221225472
2026-02-27 17:07:01,2002000464,1492674416,791375184,1340364688,2804399424,3113877504,3113877504,3113877504,3113877504,3221225472
2026-02-27 17:07:31,2366051728,1029336560,1102404976,1630876232,1734512248,3113877504,3113877504,3113877504,3113877504,3221225472
2026-02-27 17:08:01,2067238880,1452093712,1470429048,1098094392,2036502136,3113877504,3113877504,3113877504,3113877504,3221225472
2026-02-27 17:08:31,2497281112,1020820256,971737768,1421043256,2351074936,3113877504,3113877504,3113877504,3113877504,3221225472
2026-02-27 17:09:01,1981791320,1366550912,1286637584,1702991112,2613218936,3113877504,3113877504,3113877504,3113877504,3221225472
2026-02-27 17:09:31,1969545208,1084160328,948699736,1342899200,1739245184,3113877504,3113877504,3113877504,3113877504,3221225472
2026-02-27 17:10:01,1929203728,791677048,1478201744,1711997792,2081080960,3113877504,3113877504,3113877504,3113877504,3221225472
2026-02-27 17:10:31,2537685064,1439787896,1195597608,1311978384,2513094272,3113877504,3113877504,3113877504,3113877504,3221225472
2026-02-27 17:11:01,2227844616,991544184,1540147912,1632377328,1478951968,3113877504,3113877504,3113877504,3113877504,3221225472
2026-02-27 17:11:31,2709252088,1467360224,1123810040,1176541824,1609047392,3113877504,3113877504,3113877504,3113877504,3221225472
2026-02-27 17:12:01,2191154896,951055064,1379410168,1435173248,1831345504,3113877504,3113877504,3113877504,3113877504,3221225472
2026-02-27 17:12:31,2712934152,1418290824,919742792,1795329872,2181569888,3113877504,3113877504,3113877504,3113877504,3221225472
2026-02-27 17:13:01,2168248280,911184472,1221845600,1231801280,2439519584,3113877504,3113877504,3113877504,3113877504,3221225472
2026-02-27 17:13:31,2657241992,1239936672,1478212304,1486544312,2691177824,3113877504,3113877504,3113877504,3113877504,3221225472
2026-02-27 17:14:01,2145246632,1572707976,877016152,1742980640,1593985200,3113877504,3113877504,3113877504,3113877504,3221225472
2026-02-27 17:14:31,2629504040,1059667560,1178749696,1186578680,1872906416,3113877504,3113877504,3113877504,3113877504,3221225472
2026-02-27 17:15:01,2266123536,1414436288,1482064464,1468023976,2126661808,3113877504,3113877504,3113877504,3113877504,3221225472
2026-02-27 17:15:31,2295409944,874918992,854702080,1694538464,2340571312,3113877504,3113877504,3113877504,3113877504,3221225472
2026-02-27 17:16:01,2227166784,1285303784,1204399600,1159729392,2648852656,3113877504,3113877504,3113877504,3113877504,3221225472
2026-02-27 17:16:31,2514641112,851378160,1536605592,1471874792,1608957968,3113877504,3113877504,3113877504,3113877504,3221225472
2026-02-27 17:17:01,2492061240,1255539160,1037213184,1805118984,1784577368,3113877504,3113877504,3113877504,3113877504,3221225472
2026-02-27 17:17:31,2769605160,838411288,1373278840,1291656960,2099150168,3113877504,3113877504,3113877504,3113877504,3221225472
2026-02-27 17:18:01,2294067752,1145328368,788630232,1545773232,2331934040,3113877504,3113877504,3113877504,3113877504,3221225472
2026-02-27 17:18:31,1981993880,1578753064,1153777416,1888636224,2659089752,3113877504,3113877504,3113877504,3113877504,3221225472
2026-02-27 17:19:01,2741658424,1079255848,1457939384,1328516152,1611515496,3113877504,3113877504,3113877504,3113877504,3221225472
2026-02-27 17:19:31,2483798496,1402799880,895104984,1602463040,1865270888,3113877504,3113877504,3113877504,3113877504,3221225472
2026-02-27 17:20:01,2089270264,885422864,1175111024,1870351984,2112734824,3113877504,3113877504,3113877504,3113877504,3221225472
2026-02-27 17:20:31,2601926848,1279001960,1483279840,1325718616,2395850344,3113877504,3113877504,3113877504,3113877504,3221225472
2026-02-27 17:21:01,2307128688,1664304072,978844776,1641794576,2699937384,3113877504,3113877504,3113877504,3113877504,3221225472
2026-02-27 17:21:31,2179566112,1229920632,1331672416,1978123520,1566104760,3113877504,3113877504,3113877504,3113877504,3221225472
2026-02-27 17:22:01,2006625304,1537050296,738702840,1384353448,1798888632,3113877504,3113877504,3113877504,3113877504,3221225472
2026-02-27 17:22:31,2515597832,1052356368,1031870512,1651754352,2054741176,3113877504,3113877504,3113877504,3113877504,3221225472
2026-02-27 17:23:01,2339277360,1392489656,1316183064,1923073432,2312690872,3113877504,3113877504,3113877504,3113877504,3221225472
2026-02-27 17:23:31,2523582040,905275304,742812080,1340403888,2566446264,3113877504,3113877504,3113877504,3113877504,3221225472
2026-02-27 17:24:01,2277415376,1209311584,1001723400,1589419176,2807618744,3113877504,3113877504,3113877504,3113877504,3221225472
2026-02-27 17:24:31,2390061640,1591635992,1310155512,1885413080,1758483040,3113877504,3113877504,3113877504,3113877504,3221225472
2026-02-27 17:25:01,2703154048,1033595840,1589935952,1302385688,1999655520,3113877504,3113877504,3113877504,3113877504,3221225472
2026-02-27 17:25:31,2123338024,1345255848,972920528,1530334552,2215662176,3113877504,3113877504,3113877504,3113877504,3221225472
2026-02-27 17:26:01,2411858632,1648637544,1219061736,1782210216,2446348896,3113877504,3113877504,3113877504,3113877504,3221225472
2026-02-27 17:26:31,2708120008,1108276512,1454593480,2010077712,2666549856,3113877504,3113877504,3113877504,3113877504,3221225472
2026-02-27 17:27:01,2706717728,1685283432,1125811888,1688531624,1694317312,3113877504,3113877504,3113877504,3113877504,3221225472
2026-02-27 17:27:31,2053718512,1510300560,854276640,1293277128,2109553408,3113877504,3113877504,3113877504,3113877504,3221225472
2026-02-27 17:28:01,2105320368,1084302048,1252220064,1567013816,2369600256,3113877504,3113877504,3113877504,3113877504,3221225472
2026-02-27 17:28:31,2202933808,1584643512,793718152,1836699936,2625452800,3113877504,3113877504,3113877504,3113877504,3221225472
2026-02-27 17:29:01,2219828224,1083749832,1135927344,1252717104,1554831560,3113877504,3113877504,3113877504,3113877504,3221225472
2026-02-27 17:29:31,2327869256,1492878544,1474103848,1550440608,1831655624,3113877504,3113877504,3113877504,3113877504,3221225472
2026-02-27 17:30:01,2352295504,913606776,871881216,1804603504,2077022408,3113877504,3113877504,3113877504,3113877504,3221225472
2026-02-27 17:30:31,2420697056,1233019288,1115869456,1168252136,2299320520,3113877504,3113877504,3113877504,3113877504,3221225472
2026-02-27 17:31:01,2433132240,1545140296,1372906376,1425533296,2538395848,3113877504,3113877504,3113877504,3113877504,3221225472
2026-02-27 17:31:31,2421493064,1001929368,752256904,1663237664,2756499656,3113877504,3113877504,3113877504,3113877504,3221225472
2026-02-27 17:32:01,2355048320,1039555104,1568933256,1539338288,1978767904,3113877504,3113877504,3113877504,3113877504,3221225472
2026-02-27 17:32:31,2290781456,877091064,1312454648,1911185360,2339478048,3113877504,3113877504,3113877504,3113877504,3221225472
2026-02-27 17:33:01,2824374312,1249477912,821292176,1350171224,2601622048,3113877504,3113877504,3113877504,3113877504,3221225472
2026-02-27 17:33:31,2454850496,1658013760,1125663792,1611016272,1528775232,3113877504,3113877504,3113877504,3113877504,3221225472
2026-02-27 17:34:01,2105773392,1202288024,1511139528,1914372688,1828667968,3113877504,3113877504,3113877504,3113877504,3221225472
2026-02-27 17:34:31,2607111432,1529555760,918935064,1316643736,2067743296,3113877504,3113877504,3113877504,3113877504,3221225472
2026-02-27 17:35:01,2367950824,969689136,1198211216,1583606808,2325692992,3113877504,3113877504,3113877504,3113877504,3221225472
2026-02-27 17:35:31,2065918920,1317523864,1471025448,1860748616,2585739840,3113877504,3113877504,3113877504,3113877504,3221225472
2026-02-27 17:36:01,2665706376,1641637280,873200136,1268891248,1523712048,3113877504,3113877504,3113877504,3113877504,3221225472
2026-02-27 17:36:31,2329915320,1090246344,1111445472,1498753984,1605103872,3113877504,3113877504,3113877504,3113877504,3221225472
2026-02-27 17:37:01,2139502312,1001634264,970939992,1297530496,2219569408,3113877504,3113877504,3113877504,3113877504,3221225472
2026-02-27 17:37:31,2726992952,1550614248,1413189968,1636111920,2540433664,3113877504,3113877504,3113877504,3113877504,3221225472
2026-02-27 17:38:01,2342908952,1007698528,854862936,1889333632,2779508992,3113877504,3113877504,3113877504,3113877504,3221225472
2026-02-27 17:38:31,2869434840,1567019560,1304369584,1393326984,1811745272,3113877504,3113877504,3113877504,3113877504,3221225472
2026-02-27 17:39:01,2565369952,1106570312,822492288,1685924720,2090666488,3113877504,3113877504,3113877504,3113877504,3221225472
2026-02-27 17:39:31,2098997528,1445720256,1069182272,1924141392,2304575992,3113877504,3113877504,3113877504,3113877504,3221225472
2026-02-27 17:40:01,2762847784,1100325672,1550675272,1448797104,2658994680,3113877504,3113877504,3113877504,3113877504,3221225472
2026-02-27 17:40:31,2518923264,1657212736,1210887616,1849691728,1633079080,3113877504,3113877504,3113877504,3113877504,3221225472
2026-02-27 17:41:01,2152623688,1203575408,1560132632,1308639968,1926680360,3113877504,3113877504,3113877504,3113877504,3221225472
2026-02-27 17:41:31,2637651608,1706529064,1134774504,1656059624,2249641768,3113877504,3113877504,3113877504,3113877504,3221225472
2026-02-27 17:42:01,2990798832,1333412696,1577043680,1225321056,2654392104,3113877504,3113877504,3113877504,3113877504,3221225472
2026-02-27 17:42:31,2837882952,996528320,1140532208,1519083112,1658457152,3113877504,3113877504,3113877504,3113877504,3221225472
2026-02-27 17:43:01,2491193416,1299025264,1421766416,1764225000,1889143872,3113877504,3113877504,3113877504,3113877504,3221225472
2026-02-27 17:43:31,2991937864,1686943896,860053808,2013209936,2126122048,3113877504,3113877504,3113877504,3113877504,3221225472
2026-02-27 17:44:01,1582820776,1200300360,1177916536,1430289168,2375683136,3113877504,3113877504,3113877504,3113877504,3221225472
2026-02-27 17:44:31,2003983720,1585482624,1465537880,1706184496,2631535680,3113877504,3113877504,3113877504,3113877504,3221225472
2026-02-27 17:45:01,1869937096,1258107200,1092128712,1237060816,1611488984,3113877504,3113877504,3113877504,3113877504,3221225472
2026-02-27 17:45:31,1591704392,1002674864,1632812712,1727500392,2070765272,3113877504,3113877504,3113877504,3113877504,3221225472
2026-02-27 17:46:01,2030279104,1465454096,1215928992,1246285824,2425183960,3113877504,3113877504,3113877504,3113877504,3221225472
2026-02-27 17:46:31,2287605416,1038902368,1565824464,1568193320,2725076696,3113877504,3113877504,3113877504,3113877504,3221225472
2026-02-27 17:47:01,1449899144,1492224896,1143190712,1923701528,1820764656,3113877504,3113877504,3113877504,3113877504,3221225472
2026-02-27 17:47:31,1726798712,1057946504,1477752472,1365988008,2103880176,3113877504,3113877504,3113877504,3113877504,3221225472
2026-02-27 17:48:01,1962430280,1553413752,1070585520,1765938088,2481367536,3113877504,3113877504,3113877504,3113877504,3221225472
2026-02-27 17:48:31,2148050208,1134021344,1380219992,2061934984,2764483056,3113877504,3113877504,3113877504,3113877504,3221225472
2026-02-27 17:49:01,1762114728,1583660384,918597592,1586922624,1766424200,3113877504,3113877504,3113877504,3113877504,3221225472
2026-02-27 17:49:31,1515070480,1375968160,1466934936,2082928728,2255060616,3113877504,3113877504,3113877504,3113877504,3221225472
2026-02-27 17:50:01,1689032072,1668754112,881854184,1502251064,2487844488,3113877504,3113877504,3113877504,3113877504,3221225472
2026-02-27 17:50:31,1587472128,1245315616,1243668312,1845360816,1600799880,3113877504,3113877504,3113877504,3113877504,3221225472
2026-02-27 17:51:01,1745051632,1548996056,1499692064,2089600048,1833583752,3113877504,3113877504,3113877504,3113877504,3221225472
2026-02-27 17:51:31,1639860880,1126066944,1010578056,1574417296,2146059400,3113877504,3113877504,3113877504,3113877504,3221225472
2026-02-27 17:52:01,2232206336,1574174816,1419968376,1945129768,2502575240,3113877504,3113877504,3113877504,3113877504,3221225472
2026-02-27 17:52:31,2233829688,1173782288,947014848,1436651992,1622940240,3113877504,3113877504,3113877504,3113877504,3221225472
2026-02-27 17:53:01,2171431840,1644180856,1375972616,1845227408,1885159248,3113877504,3113877504,3113877504,3113877504,3221225472
2026-02-27 17:53:31,2222935968,1237042504,882327264,1341099912,2208120656,3113877504,3113877504,3113877504,3113877504,3221225472
2026-02-27 17:54:01,1730270512,1605026664,1206789512,1640729296,2489139024,3113877504,3113877504,3113877504,3113877504,3221225472
2026-02-27 17:54:31,1600385992,1072875376,1450963368,1877313224,2711437136,3113877504,3113877504,3113877504,3113877504,3221225472
2026-02-27 17:55:01,1553322352,1430344632,905631280,1324839896,1793776160,3113877504,3113877504,3113877504,3113877504,3221225472
2026-02-27 17:55:31,2043045688,1754260488,1183693512,1597009736,2045434400,3113877504,3113877504,3113877504,3113877504,3221225472
2026-02-27 17:56:01,2259875328,1247415960,1488193568,1887375208,2320161312,3113877504,3113877504,3113877504,3113877504,3221225472
2026-02-27 17:56:31,2369907880,1651025064,965680776,1355215024,2622151200,3113877504,3113877504,3113877504,3113877504,3221225472
2026-02-27 17:57:01,1988298184,1131496160,1250324104,1615844880,1666163712,3113877504,3113877504,3113877504,3113877504,3221225472
2026-02-27 17:57:31,1709230776,1591757032,1635294344,1995813688,1888960288,3113877504,3113877504,3113877504,3113877504,3221225472
2026-02-27 17:58:01,2051710968,1499057360,1522248032,1744038032,2448899872,3113877504,3113877504,3113877504,3113877504,3221225472
2026-02-27 17:58:31,2035861512,1100224664,1018598760,1996606648,2687975200,3113877504,3113877504,3113877504,3113877504,3221225472
2026-02-27 17:59:01,2248825704,1644303416,1550624208,1458063384,1788174864,3113877504,3113877504,3113877504,3113877504,3221225472
2026-02-27 17:59:31,2166593912,1117371712,941753056,1717796984,2029347344,3113877504,3113877504,3113877504,3113877504,3221225472
2026-02-27 18:00:01,2237884352,1462912656,1230266568,2003028168,2299879952,3113877504,3113877504,3113877504,3113877504,3221225472
2026-02-27 18:00:31,2234179528,1776759800,1484152712,1388913304,2534760976,3113877504,3113877504,3113877504,3113877504,3221225472
2026-02-27 18:01:01,2257331880,1195198192,1736818256,1635206128,2767544848,3113877504,3113877504,3113877504,3113877504,3221225472
2026-02-27 18:01:31,2337970408,1527211384,1137654848,1892611152,1658849256,3113877504,3113877504,3113877504,3113877504,3221225472
2026-02-27 18:02:01,2331077096,1832941672,1386521792,2141557488,1893730280,3113877504,3113877504,3113877504,3113877504,3221225472
2026-02-27 18:02:31,1871778560,1607728856,1079293320,1826979264,2407532520,3113877504,3113877504,3113877504,3113877504,3221225472
2026-02-27 18:03:01,2447549168,1257124152,1575934280,1368441832,2766145512,3113877504,3113877504,3113877504,3113877504,3221225472
2026-02-27 18:03:31,1977746976,1617765376,990062992,1627940288,1811266048,3113877504,3113877504,3113877504,3113877504,3221225472
2026-02-27 18:04:01,1824309216,1203003272,1410108936,1924387688,2092284416,3113877504,3113877504,3113877504,3113877504,3221225472
2026-02-27 18:04:31,2272769048,1681105680,926511296,1349319376,2356525568,3113877504,3113877504,3113877504,3113877504,3221225472
2026-02-27 18:05:01,2091362424,1279447472,1359473704,1666346080,2643835392,3113877504,3113877504,3113877504,3113877504,3221225472
2026-02-27 18:05:31,1778579864,1780938368,1749732520,1974920480,1753068696,3113877504,3113877504,3113877504,3113877504,3221225472
2026-02-27 18:06:01,2372626696,1224961168,1183759888,1386520112,2013115544,3113877504,3113877504,3113877504,3113877504,3221225472
2026-02-27 18:06:31,2029242976,1548381000,1433965832,1627915632,2239607960,3113877504,3113877504,3113877504,3113877504,3221225472
2026-02-27 18:07:01,1771276160,1032905224,1726679776,1914315568,2510140568,3113877504,3113877504,3113877504,3113877504,3221225472
2026-02-27 18:07:31,2014124104,1715627208,1472636312,1673284760,1922217488,3113877504,3113877504,3113877504,3113877504,3221225472
2026-02-27 18:08:01,1902480200,1267654624,1006868536,1932950344,2167584272,3113877504,3113877504,3113877504,3113877504,3221225472
2026-02-27 18:08:31,2348836120,1633300784,1263980656,1346101344,2412951056,3113877504,3113877504,3113877504,3113877504,3221225472
2026-02-27 18:09:01,1864270144,1087358792,1549335440,1592921000,2641540624,3113877504,3113877504,3113877504,3113877504,3221225472
2026-02-27 18:09:31,2350259512,1613552400,1128092760,1913442344,1656947304,3113877504,3113877504,3113877504,3113877504,3221225472
2026-02-27 18:10:01,2273454824,1227518848,1559271032,1397575968,1961034344,3113877504,3113877504,3113877504,3113877504,3221225472
2026-02-27 18:10:31,1805364160,1623028896,1017441280,1676718640,2216886888,3113877504,3113877504,3113877504,3113877504,3221225472
2026-02-27 18:11:01,1762891040,1313600328,1574957168,2085464920,2613248616,3113877504,3113877504,3113877504,3113877504,3221225472
2026-02-27 18:11:31,2183232584,1731026056,1074941680,1551892360,1759386792,3113877504,3113877504,3113877504,3113877504,3221225472
2026-02-27 18:12:01,1885803808,1188734712,1338006936,1799042288,1990073512,3113877504,3113877504,3113877504,3113877504,3221225472
2026-02-27 18:12:31,2172188288,1823951336,1047758416,1445818456,2470321320,3113877504,3113877504,3113877504,3113877504,3221225472
2026-02-27 18:13:01,1721765768,1372901928,1409463312,1741706184,2745048232,3113877504,3113877504,3113877504,3113877504,3221225472
2026-02-27 18:13:31,2249333536,1831884288,1770546136,2029506920,1890003736,3113877504,3113877504,3113877504,3113877504,3221225472
2026-02-27 18:14:01,2528830112,1348928112,1252436624,1481338856,2175216408,3113877504,3113877504,3113877504,3113877504,3221225472
2026-02-27 18:14:31,2067021656,1777479080,1575371520,1776582968,2452040472,3113877504,3113877504,3113877504,3113877504,3221225472
2026-02-27 18:15:01,1785696024,1324477040,1094699760,2098959736,2762418968,3113877504,3113877504,3113877504,3113877504,3221225472
2026-02-27 18:15:31,2139339376,1731744032,1413486400,1539169944,1903712016,3113877504,3113877504,3113877504,3113877504,3221225472
2026-02-27 18:16:01,1765002960,1354891408,1024310640,1961382304,2304268048,3113877504,3113877504,3113877504,3113877504,3221225472
2026-02-27 18:16:31,2383503328,1723571688,1347414776,1424679752,2599966480,3113877504,3113877504,3113877504,3113877504,3221225472
2026-02-27 18:17:01,2162607744,1229534344,1657767080,1714998144,1748070200,3113877504,3113877504,3113877504,3113877504,3221225472
2026-02-27 18:17:31,2615266576,1880848320,1385470240,1406255776,2150351112,3113877504,3113877504,3113877504,3113877504,3221225472
2026-02-27 18:18:01,2101778720,1372075352,1689014232,1673720520,2404106504,3113877504,3113877504,3113877504,3113877504,3221225472
2026-02-27 18:18:31,2558151456,1835332888,1219426208,2014910368,2733359368,3113877504,3113877504,3113877504,3113877504,3221225472
2026-02-27 18:19:01,2021339984,1395324632,1581983008,1495359672,1933630432,3113877504,3113877504,3113877504,3113877504,3221225472
2026-02-27 18:19:31,2084094200,1827739880,1093771216,1808659968,2244008928,3113877504,3113877504,3113877504,3113877504,3221225472
2026-02-27 18:20:01,2461801648,1536064184,1612040112,1445877312,2694896608,3113877504,3113877504,3113877504,3113877504,3221225472
2026-02-27 18:20:31,2557870328,1094735472,1102595928,1760765888,1889736944,3113877504,3113877504,3113877504,3113877504,3221225472
2026-02-27 18:21:01,2037354736,1488960776,1458244440,2092373968,2208504048,3113877504,3113877504,3113877504,3113877504,3221225472
2026-02-27 18:21:31,2496027000,1877350784,1804172608,1549220856,2508396784,3113877504,3113877504,3113877504,3113877504,3221225472
2026-02-27 18:22:01,2675253920,1423103848,1314046352,1895221088,1731777008,3113877504,3113877504,3113877504,3113877504,3221225472
2026-02-27 18:22:31,2042683656,1851303512,1651004424,2218621880,2037961200,3113877504,3113877504,3113877504,3113877504,3221225472
2026-02-27 18:23:01,2668339328,1414449592,1154423448,1694309640,2346242544,3113877504,3113877504,3113877504,3113877504,3221225472
2026-02-27 18:23:31,2443984232,1106207816,1633569792,2133305568,2765672944,3113877504,3113877504,3113877504,3113877504,3221225472
2026-02-27 18:24:01,2325092360,1502042304,1126961840,1612207280,1869804704,3113877504,3113877504,3113877504,3113877504,3221225472
2026-02-27 18:24:31,1913097832,1859581832,1403528624,1870867104,2117268640,3113877504,3113877504,3113877504,3113877504,3221225472
2026-02-27 18:25:01,2727800456,1443162848,1793645728,2234756816,2463298720,3113877504,3113877504,3113877504,3113877504,3221225472
2026-02-27 18:25:31,2172696184,1842406552,1267335640,1692679832,2744317088,3113877504,3113877504,3113877504,3113877504,3221225472
2026-02-27 18:26:01,1960138344,1375915896,1622717640,2008354232,1975014176,3113877504,3113877504,3113877504,3113877504,3221225472
2026-02-27 18:26:31,2672204080,1750462592,1106285968,1486404976,2277004064,3113877504,3113877504,3113877504,3113877504,3221225472
2026-02-27 18:27:01,2151075952,1307366896,1462327280,1818414560,2593674016,3113877504,3113877504,3113877504,3113877504,3221225472
2026-02-27 18:27:31,2380744032,1659662016,1726331512,2070084488,1746159104,3113877504,3113877504,3113877504,3113877504,3221225472
2026-02-27 18:28:01,2071921984,1243225904,1254326136,1581829680,2081703424,3113877504,3113877504,3113877504,3113877504,3221225472
2026-02-27 18:28:31,2269229264,1154535296,1081824168,2189697512,2652128768,3113877504,3113877504,3113877504,3113877504,3221225472
2026-02-27 18:29:01,2275358040,1513302552,1428049912,1607398008,1841910976,3113877504,3113877504,3113877504,3113877504,3221225472
2026-02-27 18:29:31,2382304352,1141771136,1795319144,1860783888,2070500544,3113877504,3113877504,3113877504,3113877504,3221225472
2026-02-27 18:30:01,2450075496,1495540344,1285877528,2108609056,2309575872,3113877504,3113877504,3113877504,3113877504,3221225472
2026-02-27 18:30:31,2394224824,1833319008,1514065784,1497038200,2523485376,3113877504,3113877504,3113877504,3113877504,3221225472
2026-02-27 18:31:01,2458764960,1326857752,1844531800,1751115608,2766755008,3113877504,3113877504,3113877504,3113877504,3221225472
2026-02-27 18:31:31,2496462648,1717472632,1280193360,1997261056,1822601872,3113877504,3113877504,3113877504,3113877504,3221225472
2026-02-27 18:32:01,2463667464,1161575520,1577543088,2277553744,2086843024,3113877504,3113877504,3113877504,3113877504,3221225472
2026-02-27 18:32:31,2552181480,1510479384,1847112872,1681592920,2346889872,3113877504,3113877504,3113877504,3113877504,3221225472
2026-02-27 18:33:01,2164678592,1237448680,1502211808,2141134624,2799874704,3113877504,3113877504,3113877504,3113877504,3221225472
2026-02-27 18:33:31,2718949216,1842465064,1150615864,1804543744,2206511472,3113877504,3113877504,3113877504,3113877504,3221225472
2026-02-27 18:34:01,2832130168,1682886536,1815218688,2186557336,2569318768,3113877504,3113877504,3113877504,3113877504,3221225472
2026-02-27 18:34:31,2452062648,1285573048,1267006360,1600954696,2814685552,3113877504,3113877504,3113877504,3113877504,3221225472
2026-02-27 18:35:01,2123087072,1672010648,1657198728,1898017768,2063120664,3113877504,3113877504,3113877504,3113877504,3221225472
2026-02-27 18:35:31,2590067416,1208039832,1089559616,2148911736,2302195992,3113877504,3113877504,3113877504,3113877504,3221225472
2026-02-27 18:36:01,2184690288,1546097616,1403183464,1570319416,2566437144,3113877504,3113877504,3113877504,3113877504,3221225472
2026-02-27 18:36:31,2581652392,1844733408,1638213600,1807058616,2784540952,3113877504,3113877504,3113877504,3113877504,3221225472
2026-02-27 18:37:01,2251207016,1281106688,1044325896,2082427936,1994321576,3113877504,3113877504,3113877504,3113877504,3221225472
2026-02-27 18:37:31,2678160040,1591357104,1282653688,1465569712,2212425384,3113877504,3113877504,3113877504,3113877504,3221225472
2026-02-27 18:38:01,2770635144,1390435368,1873280080,2054105808,2784947880,3113877504,3113877504,3113877504,3113877504,3221225472
2026-02-27 18:38:31,2523664304,1895540488,1436279336,1514884120,1904072800,3113877504,3113877504,3113877504,3113877504,3221225472
2026-02-27 18:39:01,2286088640,1521310328,1880880656,1854738576,2224937056,3113877504,3113877504,3113877504,3113877504,3221225472
2026-02-27 18:39:31,2078312752,1228287312,1490408440,2203080864,2554189920,3113877504,3113877504,3113877504,3113877504,3221225472
2026-02-27 18:40:01,2815221760,1772972200,1211418880,1757464912,1926332944,3113877504,3113877504,3113877504,3113877504,3221225472
2026-02-27 18:40:31,2200315328,1297441000,1491110920,2023197600,2180088336,3113877504,3113877504,3113877504,3113877504,3221225472
2026-02-27 18:41:01,2548146352,1650789760,1800778200,2305318440,2448523792,3113877504,3113877504,3113877504,3113877504,3221225472
2026-02-27 18:41:31,2197229888,1340180032,1393747264,1845475752,2807136784,3113877504,3113877504,3113877504,3113877504,3221225472
2026-02-27 18:42:01,2715185048,1713595240,1754838496,2164239440,2129163392,3113877504,3113877504,3113877504,3113877504,3221225472
2026-02-27 18:42:31,2578398056,1411288864,1337219152,1714090608,2489873536,3113877504,3113877504,3113877504,3113877504,3221225472
2026-02-27 18:43:01,2532994088,1950722416,1851055008,2177090704,1955465368,3113877504,3113877504,3113877504,3113877504,3221225472
2026-02-27 18:43:31,2399776888,1634035000,1429188768,1649539744,2251163800,3113877504,3113877504,3113877504,3113877504,3221225472
2026-02-27 18:44:01,2242604904,1209649856,1831158368,1949910520,2534279320,3113877504,3113877504,3113877504,3113877504,3221225472
2026-02-27 18:44:31,2768638208,1588441936,1260904592,2212527728,2777548952,3113877504,3113877504,3113877504,3113877504,3221225472
2026-02-27 18:45:01,2446115248,2037047696,1648000504,1703119472,2003984496,3113877504,3113877504,3113877504,3113877504,3221225472
2026-02-27 18:45:31,2226777856,1725624120,1258136688,2142453032,2427609200,3113877504,3113877504,3113877504,3113877504,3221225472
2026-02-27 18:46:01,2308428096,1232284832,1564442528,1574002288,2700238960,3113877504,3113877504,3113877504,3113877504,3221225472
2026-02-27 18:46:31,2719700376,1543059096,1793632256,1800759584,1932842584,3113877504,3113877504,3113877504,3113877504,3221225472
2026-02-27 18:47:01,2347665648,2033921872,1390996216,2214855584,2331301464,3113877504,3113877504,3113877504,3113877504,3221225472
2026-02-27 18:47:31,2951903320,1527743440,1678219792,1642867176,2597639768,3113877504,3113877504,3113877504,3113877504,3221225472
2026-02-27 18:48:01,2814942768,2033380840,1291985408,2075630984,2029897832,3113877504,3113877504,3113877504,3113877504,3221225472
2026-02-27 18:48:31,2757057424,1581519696,1604529248,1510202104,2296236136,3113877504,3113877504,3113877504,3113877504,3221225472
2026-02-27 18:49:01,2618169216,1241426832,1239733128,1937035976,2696792168,3113877504,3113877504,3113877504,3113877504,3221225472
2026-02-27 18:49:31,2564407792,1821207800,1731141856,1534877864,2150022992,3113877504,3113877504,3113877504,3113877504,3221225472
2026-02-27 18:50:01,1767438888,1332767488,1189497808,1831581248,2424749904,3113877504,3113877504,3113877504,3113877504,3221225472
2026-02-27 18:50:31,1989724352,1754846296,1526992592,2140145520,2722545488,3113877504,3113877504,3113877504,3113877504,3221225472
2026-02-27 18:51:01,2369633032,1321299224,1888879984,1623373176,1953999056,3113877504,3113877504,3113877504,3113877504,3221225472
2026-02-27 18:51:31,1983600184,1990531632,1639752616,2139719008,2461509840,3113877504,3113877504,3113877504,3113877504,3221225472
2026-02-27 18:52:01,2124192496,1603925192,1211995592,1675828880,2818025680,3113877504,3113877504,3113877504,3113877504,3221225472
2026-02-27 18:52:31,2267547000,1956740720,1499910376,1949364800,2116259232,3113877504,3113877504,3113877504,3113877504,3221225472
2026-02-27 18:53:01,2618041592,1484168144,1853660640,2287700488,2435026336,3113877504,3113877504,3113877504,3113877504,3221225472
2026-02-27 18:53:31,2224515632,1833114504,1257737872,1682647024,2659421600,3113877504,3113877504,3113877504,3113877504,3221225472
2026-02-27 18:54:01,1780855552,1342539568,1574909680,1961253616,1976112424,3113877504,3113877504,3113877504,3113877504,3221225472
2026-02-27 18:54:31,2264170976,1728864616,1887869472,2255505848,2252936488,3113877504,3113877504,3113877504,3113877504,3221225472
2026-02-27 18:55:01,2108670016,1257210872,1372427960,1718007216,2548634920,3113877504,3113877504,3113877504,3113877504,3221225472
2026-02-27 18:55:31,1790659368,1624383936,1650016312,1989879392,2808681768,3113877504,3113877504,3113877504,3113877504,3221225472
2026-02-27 18:56:01,2609861352,1930908920,1909691048,2244579296,2096722560,3113877504,3113877504,3113877504,3113877504,3221225472
2026-02-27 18:56:31,2440148096,1465727440,1366523120,1687050424,2373546624,3113877504,3113877504,3113877504,3113877504,3221225472
2026-02-27 18:57:01,2427569104,1785837000,1641788016,1949727832,2614719104,3113877504,3113877504,3113877504,3113877504,3221225472
2026-02-27 18:57:31,1829928192,1262419088,1899283112,2209393944,1910563992,3113877504,3113877504,3113877504,3113877504,3221225472
2026-02-27 18:58:01,2089978352,1540817152,1305466016,1614153440,2014922752,3113877504,3113877504,3113877504,3113877504,3221225472
2026-02-27 18:58:31,1818077392,2026020416,1702285456,1991299936,2381924352,3113877504,3113877504,3113877504,3113877504,3221225472
2026-02-27 18:59:01,2066203536,1883341512,1540237032,1725482904,1986670232,3113877504,3113877504,3113877504,3113877504,3221225472
2026-02-27 18:59:31,2084169248,1443407584,1829716288,1974021024,2215259800,3113877504,3113877504,3113877504,3113877504,3221225472
2026-02-27 19:00:01,2140629448,1852882448,1376755192,2243953616,2466918040,3113877504,3113877504,3113877504,3113877504,3221225472
2026-02-27 19:00:31,2238751600,1528440576,1786423928,1677669504,2733256344,3113877504,3113877504,3113877504,3113877504,3221225472
2026-02-27 19:01:01,2299453480,1909254480,1292273888,1947694224,2060675512,3113877504,3113877504,3113877504,3113877504,3221225472
2026-02-27 19:01:31,2201489784,1371940160,1526072304,2175309168,2276682168,3113877504,3113877504,3113877504,3113877504,3221225472
2026-02-27 19:02:01,2138630104,1691187616,1805181616,1575800784,2522048952,3113877504,3113877504,3113877504,3113877504,3221225472
2026-02-27 19:02:31,2201333024,2026054080,1190607328,1834271408,2765318584,3113877504,3113877504,3113877504,3113877504,3221225472
2026-02-27 19:03:01,2272544376,1486302928,1473417888,2110207744,2073587216,3113877504,3113877504,3113877504,3113877504,3221225472
2026-02-27 19:03:31,1890825080,1279591648,1219904736,1850662040,2631429648,3113877504,3113877504,3113877504,3113877504,3221225472
2026-02-27 19:04:01,2548070456,1752480304,1675320128,2180078848,2010728448,3113877504,3113877504,3113877504,3113877504,3221225472
2026-02-27 19:04:31,2460619096,1541606336,1350205504,1689774640,2225380864,3113877504,3113877504,3113877504,3113877504,3221225472
2026-02-27 19:05:01,2186649816,1982827936,1774798792,1992005576,2510593536,3113877504,3113877504,3113877504,3113877504,3221225472
2026-02-27 19:05:31,2679143696,1539793832,1225722648,2246460760,2751766016,3113877504,3113877504,3113877504,3113877504,3221225472
2026-02-27 19:06:01,2279880328,1943804624,1613191512,1689629008,2119377056,3113877504,3113877504,3113877504,3113877504,3221225472
2026-02-27 19:06:31,2685256552,1390920528,1850211424,1921471272,2333286560,3113877504,3113877504,3113877504,3113877504,3221225472
2026-02-27 19:07:01,2293430216,1693893000,1242444120,2165875880,2563973280,3113877504,3113877504,3113877504,3113877504,3221225472
2026-02-27 19:07:31,1957713832,2025925056,1496769968,2420660392,2805145760,3113877504,3113877504,3113877504,3113877504,3221225472
2026-02-27 19:08:01,2450505240,1467767480,1754279688,1809517016,2127608104,3113877504,3113877504,3113877504,3113877504,3221225472
2026-02-27 19:08:31,2615650424,2088936880,1473086264,2380575168,2685450536,3113877504,3113877504,3113877504,3113877504,3221225472
2026-02-27 19:09:01,2335314192,1595122840,1798493864,1798263928,2008700032,3113877504,3113877504,3113877504,3113877504,3221225472
2026-02-27 19:09:31,1971573208,2008935048,1269682480,2070372504,2260358272,3113877504,3113877504,3113877504,3113877504,3221225472
2026-02-27 19:10:01,2520702536,1626394680,1706556616,2399274744,2579125376,3113877504,3113877504,3113877504,3113877504,3221225472
2026-02-27 19:10:31,2622034040,1504570120,1469969976,1976039360,1956991832,3113877504,3113877504,3113877504,3113877504,3221225472
2026-02-27 19:11:01,2653692072,1990955152,1912877736,2377668656,2309313368,3113877504,3113877504,3113877504,3113877504,3221225472
2026-02-27 19:11:31,2447353992,1633924744,1491224472,1874448936,2661634904,3113877504,3113877504,3113877504,3113877504,3221225472
2026-02-27 19:12:01,2082750128,1935819376,1755202328,2123877624,2015849496,3113877504,3113877504,3113877504,3113877504,3221225472
2026-02-27 19:12:31,2545110928,1434537992,2013530240,2371667248,2246536216,3113877504,3113877504,3113877504,3113877504,3221225472
2026-02-27 19:13:01,2369814104,1857498968,1533363792,1855171728,2565303320,3113877504,3113877504,3113877504,3113877504,3221225472
2026-02-27 19:13:31,2383852712,1500577928,1934347664,2262577560,2081309968,3113877504,3113877504,3113877504,3113877504,3221225472
2026-02-27 19:14:01,1985481208,1826642784,1432241280,1701794000,2356036880,3113877504,3113877504,3113877504,3113877504,3221225472
2026-02-27 19:14:31,2643463360,1574016624,1922456096,2110612168,2739815696,3113877504,3113877504,3113877504,3113877504,3221225472
2026-02-27 19:15:01,2491520792,1994541384,1450027256,2441685608,2187509560,3113877504,3113877504,3113877504,3113877504,3221225472
2026-02-27 19:15:31,2197680624,1461666232,1675972880,1822564680,2403516216,3113877504,3113877504,3113877504,3113877504,3221225472
2026-02-27 19:16:01,2447371392,1813360432,1995507208,2113271856,2678243128,3113877504,3113877504,3113877504,3113877504,3221225472
2026-02-27 19:16:31,2718311272,1372967536,1463879848,2417146208,1990955016,3113877504,3113877504,3113877504,3113877504,3221225472
2026-02-27 19:17:01,2410759720,1938613728,1978562280,2042878944,2443939848,3113877504,3113877504,3113877504,3113877504,3221225472
2026-02-27 19:17:31,2546604312,1513760576,1472620368,2353142360,2741735432,3113877504,3113877504,3113877504,3113877504,3221225472
2026-02-27 19:18:01,2777912288,1880747008,1785726664,1810401512,2158190240,3113877504,3113877504,3113877504,3113877504,3221225472
2026-02-27 19:18:31,2810115480,1451273504,1290002352,2140967568,2470665888,3113877504,3113877504,3113877504,3113877504,3221225472
2026-02-27 19:19:01,2382342624,1769921128,1581937056,2413901344,2726518432,3113877504,3113877504,3113877504,3113877504,3221225472
2026-02-27 19:19:31,2481919136,2133277384,1852842096,1824987480,2112873584,3113877504,3113877504,3113877504,3113877504,3221225472
2026-02-27 19:20:01,2242941832,1587211880,1255393800,2067102224,2343560304,3113877504,3113877504,3113877504,3113877504,3221225472
2026-02-27 19:20:31,2274246816,2129069096,1714658680,2477765408,2733630576,3113877504,3113877504,3113877504,3113877504,3221225472
2026-02-27 19:21:01,2720630328,1746922888,1292592096,2016602512,2232497656,3113877504,3113877504,3113877504,3113877504,3221225472
2026-02-27 19:21:31,2780068344,1370796792,1674611264,2363884608,2570139128,3113877504,3113877504,3113877504,3113877504,3221225472
2026-02-27 19:22:01,2532105072,1936420808,1357470000,1981287496,2037016928,3113877504,3113877504,3113877504,3113877504,3221225472
2026-02-27 19:22:31,2508287992,1532836064,1717298280,2323000992,2362075488,3113877504,3113877504,3113877504,3113877504,3221225472
2026-02-27 19:23:01,2771760712,1968619368,2077569024,1823719848,2687134048,3113877504,3113877504,3113877504,3113877504,3221225472
2026-02-27 19:23:31,2110750848,1518414120,1550689024,2126547824,2143590120,3113877504,3113877504,3113877504,3113877504,3221225472
2026-02-27 19:24:01,2893275480,1904789760,1899843272,2437754456,2445580008,3113877504,3113877504,3113877504,3113877504,3221225472
2026-02-27 19:24:31,2136844840,1374102696,1332826392,1859754464,2693043944,3113877504,3113877504,3113877504,3113877504,3221225472
2026-02-27 19:25:01,2875997408,1799178088,1687651224,2186506512,2170857720,3113877504,3113877504,3113877504,3113877504,3221225472
2026-02-27 19:25:31,2823662840,2167925544,1964641504,2474442696,2428807416,3113877504,3113877504,3113877504,3113877504,3221225472
2026-02-27 19:26:01,2962368088,1661213944,1413578520,1906596592,2703534328,3113877504,3113877504,3113877504,3113877504,3221225472
2026-02-27 19:26:31,2302754848,2067411544,1749261696,2222493792,2171274472,3113877504,3113877504,3113877504,3113877504,3221225472
2026-02-27 19:27:01,2414144656,1678966984,1307983824,1758013304,2538276072,3113877504,3113877504,3113877504,3113877504,3221225472
2026-02-27 19:27:31,2737325624,2050507832,1604268720,2044183248,2808808680,3113877504,3113877504,3113877504,3113877504,3221225472
2026-02-27 19:28:01,2559189528,1559983872,1906099872,2334564592,2133726208,3113877504,3113877504,3113877504,3113877504,3221225472
2026-02-27 19:28:31,2274967864,1891205104,1299723408,1726873792,2358121472,3113877504,3113877504,3113877504,3113877504,3221225472
2026-02-27 19:29:01,2568349496,2193833416,1550013488,1973192984,2588808192,3113877504,3113877504,3113877504,3113877504,3221225472
2026-02-27 19:29:31,2650964624,1995344920,1293104208,1706030296,2310300072,3113877504,3113877504,3113877504,3113877504,3221225472
2026-02-27 19:30:01,2770380376,1599146112,1750616216,2080103008,2660524456,3113877504,3113877504,3113877504,3113877504,3221225472
2026-02-27 19:30:31,2919605344,2158878248,1351555840,2354947048,2104538464,3113877504,3113877504,3113877504,3113877504,3221225472
2026-02-27 19:31:01,2997516928,1715055456,1731874832,1775422736,2356196704,3113877504,3113877504,3113877504,3113877504,3221225472
2026-02-27 19:31:31,2203934768,2150286400,2079577392,2032675704,2599466336,3113877504,3113877504,3113877504,3113877504,3221225472
2026-02-27 19:32:01,2242796360,1616061784,1492719024,2310244832,2038091488,3113877504,3113877504,3113877504,3113877504,3221225472
2026-02-27 19:32:31,2227704064,1936930256,1736234936,2554865792,2264583904,3113877504,3113877504,3113877504,3113877504,3221225472
2026-02-27 19:33:01,2255352024,1409973448,2009630808,1961512888,2516242144,3113877504,3113877504,3113877504,3113877504,3221225472
2026-02-27 19:33:31,2300318992,1736691816,1407510808,2208885384,2755317472,3113877504,3113877504,3113877504,3113877504,3221225472
2026-02-27 19:34:01,2340380624,2070134840,1687771384,2489937112,2054678016,3113877504,3113877504,3113877504,3113877504,3221225472
2026-02-27 19:34:31,2301150688,2103200736,1631653608,2350844984,2736252416,3113877504,3113877504,3113877504,3113877504,3221225472
2026-02-27 19:35:01,2267995864,1596872520,1971580008,1770828000,2164509584,3113877504,3113877504,3113877504,3113877504,3221225472
2026-02-27 19:35:31,2121614504,2144824464,1547429936,2048140640,2420362128,3113877504,3113877504,3113877504,3113877504,3221225472
2026-02-27 19:36:01,1888041480,1719270792,1938021784,2340514968,2697186192,3113877504,3113877504,3113877504,3113877504,3221225472
2026-02-27 19:36:31,2376905496,2086964768,1380635912,1739009840,2134631296,3113877504,3113877504,3113877504,3113877504,3221225472
2026-02-27 19:37:01,1959785560,1565606504,1668774136,2015538768,2384192384,3113877504,3113877504,3113877504,3113877504,3221225472
2026-02-27 19:37:31,2444959992,1906194928,1927854640,2268000744,2625364864,3113877504,3113877504,3113877504,3113877504,3221225472
2026-02-27 19:38:01,2089555960,2234285992,1344655224,2548277728,2078269592,3113877504,3113877504,3113877504,3113877504,3221225472
2026-02-27 19:38:31,2494792984,1688071680,1582584048,1914540880,2292179096,3113877504,3113877504,3113877504,3113877504,3221225472
2026-02-27 19:39:01,2149413784,1999530168,1837853552,2167260784,2527060120,3113877504,3113877504,3113877504,3113877504,3221225472
2026-02-27 19:39:31,1914997512,1952460592,1679285544,1961907736,2216768208,3113877504,3113877504,3113877504,3113877504,3221225472
2026-02-27 19:40:01,2362248808,1476095592,2038009688,2240266008,2491495120,3113877504,3113877504,3113877504,3113877504,3221225472
2026-02-27 19:40:31,2251898336,2228338944,1836748816,1850726584,2153657656,3113877504,3113877504,3113877504,3113877504,3221225472
2026-02-27 19:41:01,1881704440,1860406064,1441027768,2206973216,2497590584,3113877504,3113877504,3113877504,3113877504,3221225472
2026-02-27 19:41:31,2335340592,1571640288,1912162416,1723770600,2085060024,3113877504,3113877504,3113877504,3113877504,3221225472
2026-02-27 19:42:01,1984331160,2028328616,1481720832,2089348376,2412215736,3113877504,3113877504,3113877504,3113877504,3221225472
2026-02-27 19:42:31,2418793088,1504376816,1721796096,2319514224,2640805304,3113877504,3113877504,3113877504,3113877504,3221225472
2026-02-27 19:43:01,1942058192,1864949936,2042446888,1763396304,2157972984,3113877504,3113877504,3113877504,3113877504,3221225472
2026-02-27 19:43:31,2322143112,1493603304,1585692704,2122157696,2493517304,3113877504,3113877504,3113877504,3113877504,3221225472
2026-02-27 19:44:01,1972735984,1796532152,1854967192,2369809480,2724204024,3113877504,3113877504,3113877504,3113877504,3221225472
2026-02-27 19:44:31,2229315168,1558294256,1520518320,1977239560,2286062392,3113877504,3113877504,3113877504,3113877504,3221225472
2026-02-27 19:45:01,2103456896,2047286648,2002607936,2354348888,2646772536,3113877504,3113877504,3113877504,3113877504,3221225472
2026-02-27 19:45:31,2414751784,1535766784,1383952568,1742762032,2110871152,3113877504,3113877504,3113877504,3113877504,3221225472
2026-02-27 19:46:01,2024097904,1976702280,1860953424,2104526272,2463192688,3113877504,3113877504,3113877504,3113877504,3221225472
2026-02-27 19:46:31,2444810976,2291282312,2095257808,2331425632,2677102192,3113877504,3113877504,3113877504,3113877504,3221225472
2026-02-27 19:47:01,2149977704,1894000160,1674900816,1829284720,2260812888,3113877504,3113877504,3113877504,3113877504,3221225472
2026-02-27 19:47:31,2510412584,2197973160,1907436408,2061131312,2474722392,3113877504,3113877504,3113877504,3113877504,3221225472
2026-02-27 19:48:01,2232597184,1681291184,1363263192,2339462496,2734769240,3113877504,3113877504,3113877504,3113877504,3221225472
2026-02-27 19:48:31,2494430584,2066614064,1680516856,1775340000,2264069128,3113877504,3113877504,3113877504,3113877504,3221225472
2026-02-27 19:49:01,2244212328,1595669392,2028789192,2092351328,2568156168,3113877504,3113877504,3113877504,3113877504,3221225472
2026-02-27 19:49:31,2479643880,2096075752,1619935368,2485939160,2186381992,3113877504,3113877504,3113877504,3113877504,3221225472
2026-02-27 19:50:01,1916785064,1677958680,2025225232,2039839408,2409753328,3113877504,3113877504,3113877504,3113877504,3221225472
2026-02-27 19:50:31,1990877304,2035765936,1467384592,2331035824,2665605872,3113877504,3113877504,3113877504,3113877504,3221225472
2026-02-27 19:51:01,2125718896,1619011544,1872323976,1869757328,2266130280,3113877504,3113877504,3113877504,3113877504,3221225472
2026-02-27 19:51:31,2463659232,1941390512,2149454776,2053320736,2521982824,3113877504,3113877504,3113877504,3113877504,3221225472
2026-02-27 19:52:01,1869147776,2270526240,1611249184,2360878808,2786223976,3113877504,3113877504,3113877504,3113877504,3221225472
2026-02-27 19:52:31,1857960424,1760113064,1883718224,1804325016,2300093784,3113877504,3113877504,3113877504,3113877504,3221225472
2026-02-27 19:53:01,2317848832,2099359240,2198245968,2111249688,2568529240,3113877504,3113877504,3113877504,3113877504,3221225472
2026-02-27 19:53:31,2387563584,1671022728,1715717416,2454953696,2158778488,3113877504,3113877504,3113877504,3113877504,3221225472
2026-02-27 19:54:01,2626441440,2001763120,2004324184,1895663080,2420922488,3113877504,3113877504,3113877504,3113877504,3221225472
2026-02-27 19:54:31,2683952304,2345471064,1426438680,2181996200,2680969336,3113877504,3113877504,3113877504,3113877504,3221225472
2026-02-27 19:55:01,2136201008,1942223352,1847224560,2563855528,2151911720,3113877504,3113877504,3113877504,3113877504,3221225472
2026-02-27 19:55:31,1984039168,2310488440,2153527000,2033730288,2432930088,3113877504,3113877504,3113877504,3113877504,3221225472
2026-02-27 19:56:01,2553870216,1872981008,1682058648,1844012344,2760085800,3113877504,3113877504,3113877504,3113877504,3221225472
2026-02-27 19:56:31,2446422752,2183588960,1971712168,2138382448,2290929536,3113877504,3113877504,3113877504,3113877504,3221225472
2026-02-27 19:57:01,2018565976,1674626248,1414179432,2435667984,2563559296,3113877504,3113877504,3113877504,3113877504,3221225472
2026-02-27 19:57:31,2285864840,1970675416,1650529608,1840381128,2777468800,3113877504,3113877504,3113877504,3113877504,3221225472
2026-02-27 19:58:01,2618788656,2288260456,1939572072,2134160904,2303409024,3113877504,3113877504,3113877504,3113877504,3221225472
2026-02-27 19:58:31,1975839104,1941517408,1531673336,2559236304,2691382144,3113877504,3113877504,3113877504,3113877504,3221225472
2026-02-27 19:59:01,2683563136,1563143584,1960041120,2138318640,2348438064,3113877504,3113877504,3113877504,3113877504,3221225472
2026-02-27 19:59:31,2392455816,1889092848,2222394344,2419184664,2583319088,3113877504,3113877504,3113877504,3113877504,3221225472
2026-02-27 20:00:01,2704666424,2194925240,1650719360,1854154416,2830783024,3113877504,3113877504,3113877504,3113877504,3221225472
2026-02-27 20:00:31,2733844200,1985935800,2222918704,2401797576,2480931328,3113877504,3113877504,3113877504,3113877504,3221225472
2026-02-27 20:01:01,2181564576,1821527520,2047918568,2076223856,2241856000,3113877504,3113877504,3113877504,3113877504,3221225472
2026-02-27 20:01:31,2212004872,2236040296,1522776984,2355113288,2474639872,3113877504,3113877504,3113877504,3113877504,3221225472
2026-02-27 20:02:01,2273806328,1703567712,1882624760,2648256888,2732589568,3113877504,3113877504,3113877504,3113877504,3221225472
2026-02-27 20:02:31,2244437432,2038708784,2158605704,2083282064,2261762152,3113877504,3113877504,3113877504,3113877504,3221225472
2026-02-27 20:03:01,2284878768,2349437464,1594206656,2371587512,2513420392,3113877504,3113877504,3113877504,3113877504,3221225472
2026-02-27 20:03:31,2376955136,1839720880,1889295472,1828183512,2786050152,3113877504,3113877504,3113877504,3113877504,3221225472
2026-02-27 20:04:01,2367567296,2138708864,2142443032,2110917104,2317353472,3113877504,3113877504,3113877504,3113877504,3221225472
2026-02-27 20:04:31,2363377784,1583727920,1519276728,2374503176,2535457280,3113877504,3113877504,3113877504,3113877504,3221225472
2026-02-27 20:05:01,2414873312,1880170048,1781946848,1800752344,2776629760,3113877504,3113877504,3113877504,3113877504,3221225472
2026-02-27 20:05:31,2125652432,1765673136,1614980096,2500627216,2572153216,3113877504,3113877504,3113877504,3113877504,3221225472
2026-02-27 20:06:01,2657644104,2126626344,1982831816,1973250304,2830102912,3113877504,3113877504,3113877504,3113877504,3221225472
2026-02-27 20:06:31,2219260272,1614735576,2213674016,2232932192,2349352832,3113877504,3113877504,3113877504,3113877504,3221225472
2026-02-27 20:07:01,2126379912,2081224616,1848566000,2575452760,2638759808,3113877504,3113877504,3113877504,3113877504,3221225472
2026-02-27 20:07:31,2637867592,1669115384,2215850064,2033486776,2213932408,3113877504,3113877504,3113877504,3113877504,3221225472
2026-02-27 20:08:01,2256284096,1959919768,1659180560,2307621384,2448813432,3113877504,3113877504,3113877504,3113877504,3221225472
2026-02-27 20:08:31,2812163824,1578100112,2022682872,2611075840,2715151736,3113877504,3113877504,3113877504,3113877504,3221225472
2026-02-27 20:09:01,2446631288,1865091016,1465867096,2039875528,2261033224,3113877504,3113877504,3113877504,3113877504,3221225472
2026-02-27 20:09:31,2145078872,2305825048,1801411000,2328739744,2498011400,3113877504,3113877504,3113877504,3113877504,3221225472
2026-02-27 20:10:01,2617016200,1753691672,2114986616,2610847688,2747572488,3113877504,3113877504,3113877504,3113877504,3221225472
2026-02-27 20:10:31,2139970200,2335039232,1746562336,2269107640,2404959352,3113877504,3113877504,3113877504,3113877504,3221225472
2026-02-27 20:11:01,2462414416,1786657024,2062315464,2544965088,2639840376,3113877504,3113877504,3113877504,3113877504,3221225472
2026-02-27 20:11:31,2754347672,2142560200,2293635688,1958092160,2173499592,3113877504,3113877504,3113877504,3113877504,3221225472
2026-02-27 20:12:01,2481303656,1669793808,1855254464,2282821368,2458712264,3113877504,3113877504,3113877504,3113877504,3221225472
2026-02-27 20:12:31,2701278240,1969948208,2086624928,2536407160,2672621768,3113877504,3113877504,3113877504,3113877504,3221225472
2026-02-27 20:13:01,2308938888,2271035104,1536043976,1967063704,2254048120,3113877504,3113877504,3113877504,3113877504,3221225472
2026-02-27 20:13:31,2821437424,1844752224,1886228000,2292186976,2539260792,3113877504,3113877504,3113877504,3113877504,3221225472
2026-02-27 20:14:01,2520896928,2227833536,2234365216,2627296920,2832862072,3113877504,3113877504,3113877504,3113877504,3221225472
2026-02-27 20:14:31,2182591552,1830965872,1747959680,2146532480,2480219728,3113877504,3113877504,3113877504,3113877504,3221225472
2026-02-27 20:15:01,2818921344,2231616168,2119364112,2515304112,2807375440,3113877504,3113877504,3113877504,3113877504,3221225472
2026-02-27 20:15:31,2393647160,1950991272,1768824784,2161056824,2470216088,3113877504,3113877504,3113877504,3113877504,3221225472
2026-02-27 20:16:01,2747096848,2251685856,2048221656,2439024992,2702999960,3113877504,3113877504,3113877504,3113877504,3221225472
2026-02-27 20:16:31,2313177928,1848537432,1565018808,1935354976,2356309688,3113877504,3113877504,3113877504,3113877504,3221225472
2026-02-27 20:17:01,2798205528,2243364168,1933832168,2292299504,2668785336,3113877504,3113877504,3113877504,3113877504,3221225472
2026-02-27 20:17:31,2401608944,1880558856,1513362264,2663136848,2359578936,3113877504,3113877504,3113877504,3113877504,3221225472
2026-02-27 20:18:01,2889960608,2199844744,1814930280,2101027832,2607042872,3113877504,3113877504,3113877504,3113877504,3221225472
2026-02-27 20:18:31,2291550392,1730218592,2132623408,2437962048,2256967288,3113877504,3113877504,3113877504,3113877504,3221225472
2026-02-27 20:19:01,2534933480,2104930800,1655411568,1952638592,2571540088,3113877504,3113877504,3113877504,3113877504,3221225472
2026-02-27 20:19:31,2620458544,1620463568,1930715416,2244505048,2825295480,3113877504,3113877504,3113877504,3113877504,3221225472
2026-02-27 20:20:01,2892170256,1908401104,2199219848,2521233728,2281958176,3113877504,3113877504,3113877504,3113877504,3221225472
2026-02-27 20:20:31,2199286000,1649484712,1859188408,2173526624,2718165792,3113877504,3113877504,3113877504,3113877504,3221225472
2026-02-27 20:21:01,2124527144,1971867144,2169629720,2464753056,2327486328,3113877504,3113877504,3113877504,3113877504,3221225472
2026-02-27 20:21:31,2278468240,2372056128,1654840832,1963773768,2602213240,3113877504,3113877504,3113877504,3113877504,3221225472
2026-02-27 20:22:01,2254991032,1808945184,1924620568,2239132856,2839191416,3113877504,3113877504,3113877504,3113877504,3221225472
2026-02-27 20:22:31,2774763432,2113368688,2153607680,2499371336,2412960120,3113877504,3113877504,3113877504,3113877504,3221225472
2026-02-27 20:23:01,2151750616,1595985944,1616453376,1961829648,2679298424,3113877504,3113877504,3113877504,3113877504,3221225472
2026-02-27 20:23:31,2438809704,2050608400,2007388288,2333711320,2368242632,3113877504,3113877504,3113877504,3113877504,3221225472
2026-02-27 20:24:01,2732931360,2409330192,1516228472,2683639216,2661843912,3113877504,3113877504,3113877504,3113877504,3221225472
2026-02-27 20:24:31,2881860912,2092179536,1986275040,2292449712,2300902208,3113877504,3113877504,3113877504,3113877504,3221225472
2026-02-27 20:25:01,2202480088,2381971632,2243803760,2564277496,2535783232,3113877504,3113877504,3113877504,3113877504,3221225472
2026-02-27 20:25:31,2195852896,1882491984,1669240128,2023155256,2793732928,3113877504,3113877504,3113877504,3113877504,3221225472
2026-02-27 20:26:01,2850788368,2231417352,1987406248,2327042696,2420711688,3113877504,3113877504,3113877504,3113877504,3221225472
2026-02-27 20:26:31,2271082240,1679978248,2218944504,2581880392,2636718344,3113877504,3113877504,3113877504,3113877504,3221225472
2026-02-27 20:27:01,2702940088,2100318440,1763113264,2114625016,2351270128,3113877504,3113877504,3113877504,3113877504,3221225472
2026-02-27 20:27:31,2326141968,1638444216,2061580896,2443289544,2632288496,3113877504,3113877504,3113877504,3113877504,3221225472
2026-02-27 20:28:01,2969963712,1936985328,2335470776,2718568376,2235439848,3113877504,3113877504,3113877504,3113877504,3221225472
2026-02-27 20:28:31,2153508496,2321823672,1798908120,2196675232,2526943976,3113877504,3113877504,3113877504,3113877504,3221225472
2026-02-27 20:29:01,2580666104,1873474216,2179004848,2585003464,2240373536,3113877504,3113877504,3113877504,3113877504,3221225472
2026-02-27 20:29:31,2551735040,2235417000,1656613568,2081608032,2389654464,3113877504,3113877504,3113877504,3113877504,3221225472
2026-02-27 20:30:01,2128952712,1741178328,1978448816,2408205160,2670672832,3113877504,3113877504,3113877504,3113877504,3221225472
2026-02-27 20:30:31,2678172352,2113907216,2286624120,1884092928,2324263224,3113877504,3113877504,3113877504,3113877504,3221225472
2026-02-27 20:31:01,2121146288,2405134216,1689200352,2167769400,2559144248,3113877504,3113877504,3113877504,3113877504,3221225472
2026-02-27 20:31:31,1988674168,2089676744,2160827560,2623417656,2349525648,3113877504,3113877504,3113877504,3113877504,3221225472
2026-02-27 20:32:01,2241391112,1940397928,1994344960,2337862120,2251579168,3113877504,3113877504,3113877504,3113877504,3221225472
2026-02-27 20:32:31,2330030640,2436832760,1545037920,2636628488,2505334560,3113877504,3113877504,3113877504,3113877504,3221225472
2026-02-27 20:33:01,2380817528,2017474008,1969707328,2108834968,2775867168,3113877504,3113877504,3113877504,3113877504,3221225472
2026-02-27 20:33:31,2297990672,2320694576,2201153768,2364137376,2262733848,3113877504,3113877504,3113877504,3113877504,3221225472
2026-02-27 20:34:01,2270410200,1794651328,1656423712,2674084608,2526975000,3113877504,3113877504,3113877504,3113877504,3221225472
2026-02-27 20:34:31,2284659768,2113759856,1935777336,2112427888,2784924696,3113877504,3113877504,3113877504,3113877504,3221225472
2026-02-27 20:35:01,2302892696,2387449432,2195063312,2391371096,2417788032,3113877504,3113877504,3113877504,3113877504,3221225472
2026-02-27 20:35:31,2286286736,1830967504,1577986496,2659026760,2640086144,3113877504,3113877504,3113877504,3113877504,3221225472
2026-02-27 20:36:01,2309824056,2155162264,1838676416,2089467224,453881856,3113877504,3113877504,3113877504,3113877504,3221225472
2026-02-27 20:36:31,2035707088,2031921144,1655195224,2748257352,730855752,3113877504,3113877504,3113877504,3113877504,3221225472
2026-02-27 20:37:01,2480222336,2412253288,2045895456,2245278576,1022359880,3113877504,3113877504,3113877504,3113877504,3221225472
2026-02-27 20:37:31,2326979424,2060564728,1578286952,2568880280,1303378248,3113877504,3113877504,3113877504,3113877504,3221225472
2026-02-27 20:38:01,1951596768,2424992816,1951233168,2028091336,1571813704,3113877504,3113877504,3113877504,3113877504,3221225472
2026-02-27 20:38:31,2351648760,1912731472,2184276872,2286816048,1792014664,3113877504,3113877504,3113877504,3113877504,3221225472
2026-02-27 20:39:01,,2270530880,1695351016,2583918088,2049964360,,3113877504,3113877504,3113877504,3221225472
2026-02-27 20:39:31,2420985096,1751783704,1928625176,1990891544,376042352,3113877504,3113877504,3113877504,3113877504,3221225472
2026-02-27 20:40:01,2099350616,2101312144,2288207256,2302274904,633992048,3113877504,3113877504,3113877504,3113877504,3221225472
2026-02-27 20:40:31,2415023104,2401229128,1674996408,2556351864,849998704,3113877504,3113877504,3113877504,3113877504,3221225472
2026-02-27 20:41:01,2016841944,1851030464,1967546360,1978307496,1086976880,3113877504,3113877504,3113877504,3113877504,3221225472
2026-02-27 20:41:31,2178423512,2406040584,1578199456,2464467552,728223184,3113877504,3113877504,3113877504,3113877504,3221225472
2026-02-27 20:42:01,2519970128,1925692728,1967900592,2750633784,971492816,3113877504,3113877504,3113877504,3113877504,3221225472
2026-02-27 20:42:31,2190906240,2466098248,2391053048,2233101552,449948152,3113877504,3113877504,3113877504,3113877504,3221225472
2026-02-27 20:43:01,1977320024,2126271224,2095245976,2671561688,842115576,3113877504,3113877504,3113877504,3113877504,3221225472
2026-02-27 20:43:31,2232858696,2454750440,2329924496,2068879104,1062316536,3113877504,3113877504,3113877504,3113877504,3221225472
2026-02-27 20:44:01,2207687248,2228291904,2106443480,2510533496,683931448,3113877504,3113877504,3113877504,3113877504,3221225472
2026-02-27 20:44:31,2790016560,1800514904,1616331104,2040185680,1029961528,3113877504,3113877504,3113877504,3113877504,3221225472
2026-02-27 20:45:01,2445556824,2107539720,1891280488,2334497448,624557568,3113877504,3113877504,3113877504,3113877504,3221225472
2026-02-27 20:45:31,2632916544,2375669384,2129014024,2594642920,840564224,3113877504,3113877504,3113877504,3113877504,3221225472
2026-02-27 20:46:01,2385864640,1810265096,2382473312,2017234208,397528240,3113877504,3113877504,3113877504,3113877504,3221225472
2026-02-27 20:46:31,2016248144,2306695904,1961625344,2458517904,798084272,3113877504,3113877504,3113877504,3113877504,3221225472
2026-02-27 20:47:01,2234947984,1887601312,2359785104,1981819704,1118948528,3113877504,3113877504,3113877504,3113877504,3221225472
2026-02-27 20:47:31,2288229040,2251594672,1802908480,2284341112,399329024,3113877504,3113877504,3113877504,3113877504,3221225472
2026-02-27 20:48:01,2281422456,1902944104,2282565584,2679713480,762136320,3113877504,3113877504,3113877504,3113877504,3221225472
2026-02-27 20:48:31,2627039296,2283001376,1731706696,2133553040,601449984,3113877504,3113877504,3113877504,3113877504,3221225472
2026-02-27 20:49:01,2117259088,1764728960,2029272720,2442443384,867788288,3113877504,3113877504,3113877504,3113877504,3221225472
2026-02-27 20:49:31,2881833952,2062172752,2267481320,2702370808,1090086400,3113877504,3113877504,3113877504,3113877504,3221225472
2026-02-27 20:50:01,2371755368,2391695128,1703579264,2179576568,1354327552,3113877504,3113877504,3113877504,3113877504,3221225472
2026-02-27 20:50:31,2741786080,1844861624,1958354976,2450005912,1585014272,3113877504,3113877504,3113877504,3113877504,3221225472
2026-02-27 20:51:01,2501964256,2146639664,2245519048,2774721136,1866032640,3113877504,3113877504,3113877504,3113877504,3221225472
2026-02-27 20:51:31,2440566896,1676865320,1732133200,2270593288,507078144,3113877504,3113877504,3113877504,3113877504,3221225472
2026-02-27 20:52:01,2693528680,2134428448,2156702744,2667804160,475930624,3113877504,3113877504,3113877504,3113877504,3221225472
2026-02-27 20:52:31,2204017800,1716769552,1657687736,2169303784,782114816,3113877504,3113877504,3113877504,3113877504,3221225472
2026-02-27 20:53:01,2546210512,2049416072,1960215000,2488613720,1048453120,3113877504,3113877504,3113877504,3113877504,3221225472
2026-02-27 20:53:31,2429710184,2469038792,2309070648,2009900880,,3113877504,3113877504,3113877504,3113877504,
2026-02-27 20:54:01,2520864512,2007381656,1795041432,2363827536,415687872,3113877504,3113877504,3113877504,3113877504,3221225472
2026-02-27 20:54:31,2687401040,2337425768,2054847672,2637197432,661054656,3113877504,3113877504,3113877504,3113877504,3221225472
2026-02-27 20:55:01,2166840072,1834002728,2372197096,2133987320,448548976,3113877504,3113877504,3113877504,3113877504,3221225472
2026-02-27 20:55:31,2211080840,2137634256,1758384040,2391835048,664555632,3113877504,3113877504,3113877504,3113877504,3221225472
2026-02-27 20:56:01,2488251800,2416674240,2019974888,2668158944,895242352,3113877504,3113877504,3113877504,3113877504,3221225472
2026-02-27 20:56:31,2286293320,1945497360,2374482576,2176025144,1205620848,3113877504,3113877504,3113877504,3113877504,3221225472
2026-02-27 20:57:01,2695322336,2430749560,1981864784,2617409840,1606176880,3113877504,3113877504,3113877504,3113877504,3221225472
2026-02-27 20:57:31,2804675304,2034011616,2357026976,2168901152,1950109808,3113877504,3113877504,3113877504,3113877504,3221225472
2026-02-27 20:58:01,2672799544,2400164496,1850939496,2508574728,347975680,3113877504,3113877504,3113877504,3113877504,3221225472
2026-02-27 20:58:31,2328297024,1929352536,2164300648,1980882056,628994048,3113877504,3113877504,3113877504,3113877504,3221225472
2026-02-27 20:59:01,2583429576,2288484824,1638827192,2318488232,924692480,3113877504,3113877504,3113877504,3113877504,3221225472
2026-02-27 20:59:31,2635445704,1835311136,1963889088,2652530304,1218293760,3113877504,3113877504,3113877504,3113877504,3221225472
2026-02-27 21:00:01,2799047992,2216194720,2314638872,2157613976,603828224,3113877504,3113877504,3113877504,3113877504,3221225472
2026-02-27 21:00:31,2941011768,2509866712,1691047560,2418034904,817737728,3113877504,3113877504,3113877504,3113877504,3221225472
2026-02-27 21:01:01,2761595576,1948673200,1945808088,2689868056,1046327296,3113877504,3113877504,3113877504,3113877504,3221225472
2026-02-27 21:01:31,2860540128,2300173688,2238391952,2164058656,1316859904,3113877504,3113877504,3113877504,3113877504,3221225472
2026-02-27 21:02:01,2725847880,1932438304,1862294296,2651485064,733851648,3113877504,3113877504,3113877504,3113877504,3221225472
2026-02-27 21:02:31,2841295384,2570836992,2395370272,2308782312,1180545024,3113877504,3113877504,3113877504,3113877504,3221225472
2026-02-27 21:03:01,2916672648,2121935152,1966976912,2608411176,1436397568,3113877504,3113877504,3113877504,3113877504,3221225472
2026-02-27 21:03:31,2994128752,2564558776,2308783528,2054687240,1683861504,3113877504,3113877504,3113877504,3113877504,3221225472
2026-02-27 21:04:01,2311526008,2208446824,1941430584,2375769512,1958588416,3113877504,3113877504,3113877504,3113877504,3221225472
2026-02-27 21:04:31,2312788808,2527003088,2204688608,2655454952,540913664,3113877504,3113877504,3113877504,3113877504,3221225472
2026-02-27 21:05:01,2323203000,1965312488,2474522136,2086831264,788377600,3113877504,3113877504,3113877504,3113877504,3221225472
2026-02-27 21:05:31,2240970464,2257448304,1838443056,2344481376,1002287104,3113877504,3113877504,3113877504,3113877504,3221225472
2026-02-27 21:06:01,2242576600,2551595384,2093050928,2620999784,1235070976,3113877504,3113877504,3113877504,3113877504,3221225472
2026-02-27 21:06:31,2354037888,2040850160,2371549576,2067744632,1501409280,3113877504,3113877504,3113877504,3113877504,3221225472
2026-02-27 21:07:01,2982167776,1950288048,2218656008,2774488152,2162012160,3113877504,3113877504,3113877504,3113877504,3221225472
2026-02-27 21:07:31,2599084008,2277750256,1655055424,2239622168,539865088,3113877504,3113877504,3113877504,3113877504,3221225472
2026-02-27 21:08:01,2455260184,1791503920,2016101104,2539222904,799911936,3113877504,3113877504,3113877504,3113877504,3221225472
2026-02-27 21:08:31,2436542048,2387320824,1681228912,2845601480,548189568,3113877504,3113877504,3113877504,3113877504,3221225472
2026-02-27 21:09:01,2562458624,1886333216,2024295656,2278331008,801944960,3113877504,3113877504,3113877504,3113877504,3221225472
2026-02-27 21:09:31,2305400648,2377275744,2410387864,2567238608,1068283264,3113877504,3113877504,3113877504,3113877504,3221225472
2026-02-27 21:10:01,2770365880,1835020240,1852230920,2832349496,1301067136,3113877504,3113877504,3113877504,3113877504,3221225472
2026-02-27 21:10:31,2464382048,2189315168,2135198352,2271821264,1565308288,3113877504,3113877504,3113877504,3113877504,3221225472
2026-02-27 21:11:01,2082402296,2496417992,2387071760,2532770376,1795995008,3113877504,3113877504,3113877504,3113877504,3221225472
2026-02-27 21:11:31,2419294144,1941382416,1750052584,2775863952,2009904512,3113877504,3113877504,3113877504,3113877504,3221225472
2026-02-27 21:12:01,2144061624,1938822560,1665680960,2593845824,779007768,3113877504,3113877504,3113877504,3113877504,3221225472
2026-02-27 21:12:31,2640727832,2501632824,2131206336,2140155088,1131329304,3113877504,3113877504,3113877504,3113877504,3221225472
2026-02-27 21:13:01,2422183648,2163662640,1799637208,2532291000,1487845144,3113877504,3113877504,3113877504,3113877504,3221225472
2026-02-27 21:13:31,2192343224,1861122704,2229090976,2050846920,1827583768,3113877504,3113877504,3113877504,3113877504,3221225472
2026-02-27 21:14:01,2813481352,2392354640,1884989176,2483422016,2223945496,3113877504,3113877504,3113877504,3113877504,3221225472
2026-02-27 21:14:31,2538529040,2089031456,2324702056,2042992776,741431872,3113877504,3113877504,3113877504,3113877504,3221225472
2026-02-27 21:15:01,2226060496,2583938656,1921792360,2460347040,1121016384,3113877504,3113877504,3113877504,3113877504,3221225472
2026-02-27 21:15:31,2681624944,2204355264,2308877344,2817819664,1452366400,3113877504,3113877504,3113877504,3113877504,3221225472
2026-02-27 21:16:01,2298476488,2610485216,1833288120,2305488080,514079392,3113877504,3113877504,3113877504,3113877504,3221225472
2026-02-27 21:16:31,2858337984,2277198904,2265691208,2702665680,883178144,3113877504,3113877504,3113877504,3113877504,3221225472
2026-02-27 21:17:01,2513574880,2145005936,2077231608,2425759280,471222728,3113877504,3113877504,3113877504,3113877504,3221225472
2026-02-27 21:17:31,2248492952,1871450776,1710422648,2820389096,836127176,3113877504,3113877504,3113877504,3113877504,3221225472
2026-02-27 21:18:01,2696924360,2217618912,2054636832,2275021128,1108756936,3113877504,3113877504,3113877504,3113877504,3221225472
2026-02-27 21:18:31,2924502144,2596249664,2338068464,2546058920,1352026568,3113877504,3113877504,3113877504,3113877504,3221225472
2026-02-27 21:19:01,2544704704,2172214976,1866264392,2901533256,1677085128,3113877504,3113877504,3113877504,3113877504,3221225472
2026-02-27 21:19:31,2931460192,2627970976,2225505224,2390384176,1991657928,3113877504,3113877504,3113877504,3113877504,3221225472
2026-02-27 21:20:01,2641023488,2284086816,1845402064,2809011936,487421248,3113877504,3113877504,3113877504,3113877504,3221225472
2026-02-27 21:20:31,2935295784,1889909144,2228046552,2309389464,810382656,3113877504,3113877504,3113877504,3113877504,3221225472
2026-02-27 21:21:01,2504357648,2322155192,1781009616,2685348888,1152218432,3113877504,3113877504,3113877504,3113877504,3221225472
2026-02-27 21:21:31,2825686096,1868401928,2089882632,2133644016,1418556736,3113877504,3113877504,3113877504,3113877504,3221225472
2026-02-27 21:22:01,2683630096,2449049704,1795362544,2596173000,1850570048,3113877504,3113877504,3113877504,3113877504,3221225472
2026-02-27 21:22:31,2974421520,2004023544,2103462272,2903005472,2129491264,3113877504,3113877504,3113877504,3113877504,3221225472
2026-02-27 21:23:01,2328019096,2401037776,2470872528,2394019192,571244544,3113877504,3113877504,3113877504,3113877504,3221225472
2026-02-27 21:23:31,2541881744,1901414472,1920499592,2682672760,820805632,3113877504,3113877504,3113877504,3113877504,3221225472
2026-02-27 21:24:01,2684361912,2250099304,2226759288,2112837968,1082949632,3113877504,3113877504,3113877504,3113877504,3221225472
2026-02-27 21:24:31,2187942832,2663438200,2549638880,2430579504,1368162304,3113877504,3113877504,3113877504,3113877504,3221225472
2026-02-27 21:25:01,2278782896,2197229912,2036751976,2760998152,1670152192,3113877504,3113877504,3113877504,3113877504,3221225472
2026-02-27 21:25:31,2384765600,2566692360,2327888824,2208050496,1938587648,3113877504,3113877504,3113877504,3113877504,3221225472
2026-02-27 21:26:01,2837139520,2130790592,1843319296,2531496888,582778880,3113877504,3113877504,3113877504,3113877504,3221225472
2026-02-27 21:26:31,3093471088,2547943592,2177044624,2872871360,901545984,3113877504,3113877504,3113877504,3113877504,3221225472
2026-02-27 21:27:01,3036502208,2183035408,1765218432,2451106888,1287421952,3113877504,3113877504,3113877504,3113877504,3221225472
2026-02-27 21:27:31,2256859672,2524363056,2027700528,2712746272,1520205824,3113877504,3113877504,3113877504,3113877504,3221225472
2026-02-27 21:28:01,2974062944,2024680216,2330790472,2170463240,1790738432,3113877504,3113877504,3113877504,3113877504,3221225472
2026-02-27 21:28:31,2239559280,2448461064,1845533800,2533675440,533337600,3113877504,3113877504,3113877504,3113877504,3221225472
2026-02-27 21:29:01,2611554664,1996203912,2202010256,2869548200,833230336,3113877504,3113877504,3113877504,3113877504,3221225472
2026-02-27 21:29:31,2994740240,2394587224,2521910168,2341295112,1126831616,3113877504,3113877504,3113877504,3113877504,3221225472
2026-02-27 21:30:01,2332752728,1908693128,1994858920,2650858504,688921872,3113877504,3113877504,3113877504,3113877504,3221225472
2026-02-27 21:30:31,2549986208,2296547376,2307615208,2955904288,967843088,3113877504,3113877504,3113877504,3113877504,3221225472
2026-02-27 21:31:01,2675308160,2633842624,2597780624,2397515936,1225792784,3113877504,3113877504,3113877504,3113877504,3221225472
2026-02-27 21:31:31,2334480000,2160112864,2034582904,2694164416,636098048,3113877504,3113877504,3113877504,3113877504,3221225472
2026-02-27 21:32:01,2729517400,2566771696,2398088368,2203814032,961156608,3113877504,3113877504,3113877504,3113877504,3221225472
2026-02-27 21:32:31,2995090448,2033215792,1779270264,2444598256,1175066112,3113877504,3113877504,3113877504,3113877504,3221225472
2026-02-27 21:33:01,2492483096,2395175528,2100903720,2773327552,1470764544,3113877504,3113877504,3113877504,3113877504,3221225472
2026-02-27 21:33:31,2746784440,2350072992,1978745792,2579691648,1086332168,3113877504,3113877504,3113877504,3113877504,3221225472
2026-02-27 21:34:01,2729925472,1879174792,2338088936,2879390400,1352670472,3113877504,3113877504,3113877504,3113877504,3221225472
2026-02-27 21:34:31,2770248736,2397752680,1890378752,2323500736,1608523016,3113877504,3113877504,3113877504,3113877504,3221225472
2026-02-27 21:35:01,2761081240,1960787416,2292281488,2616159504,740296552,3113877504,3113877504,3113877504,3113877504,3221225472
2026-02-27 21:35:31,2683015384,2331998296,2549823512,2869568600,964691816,3113877504,3113877504,3113877504,3113877504,3221225472
2026-02-27 21:36:01,2619051232,2641166352,1950848840,2296837792,1205864296,3113877504,3113877504,3113877504,3113877504,3221225472
2026-02-27 21:36:31,2502067680,2103184624,2182401208,2533091968,1419773800,3113877504,3113877504,3113877504,3113877504,3221225472
2026-02-27 21:37:01,2200300160,2489260552,2528699888,2823028256,654581136,3113877504,3113877504,3113877504,3113877504,3221225472
2026-02-27 21:37:31,2239303016,1986082440,1951918632,2265638960,933502352,3113877504,3113877504,3113877504,3113877504,3221225472
2026-02-27 21:38:01,2485343008,2455363160,2345308224,2658033920,1304698256,3113877504,3113877504,3113877504,3113877504,3221225472
2026-02-27 21:38:31,2467735200,2429131176,2215473400,2439707016,954995872,3113877504,3113877504,3113877504,3113877504,3221225472
2026-02-27 21:39:01,2218434592,1993611880,1788110952,2748513960,1238111392,3113877504,3113877504,3113877504,3113877504,3221225472
2026-02-27 21:39:31,2798285776,2474603272,2151235008,2205069208,1502352544,3113877504,3113877504,3113877504,3113877504,3221225472
2026-02-27 21:40:01,2651996872,2150445360,1793467320,2547565184,771759336,3113877504,3113877504,3113877504,3113877504,3221225472
2026-02-27 21:40:31,2187658128,2469675432,2046099712,2815343200,1012931816,3113877504,3113877504,3113877504,3113877504,3221225472
2026-02-27 21:41:01,2676483936,1914563872,2304295824,2224906304,1249909992,3113877504,3113877504,3113877504,3113877504,3221225472
2026-02-27 21:41:31,2278453936,2251958024,2564088848,2489068176,606657256,3113877504,3113877504,3113877504,3113877504,3221225472
2026-02-27 21:42:01,2761714280,2557676504,1953215560,2753949184,841538280,3113877504,3113877504,3113877504,3113877504,3221225472
2026-02-27 21:42:31,2371673280,2007591832,2187512968,2998363688,1055447784,3113877504,3113877504,3113877504,3113877504,3221225472
2026-02-27 21:43:01,2430046824,2588644872,1866250704,2663073792,1544084200,3113877504,3113877504,3113877504,3113877504,3221225472
2026-02-27 21:43:31,2066709848,2244232520,2269038960,2196630952,1892211432,3113877504,3113877504,3113877504,3113877504,3221225472
2026-02-27 21:44:01,2632325184,2675662640,1858020288,2541071152,749451968,3113877504,3113877504,3113877504,3113877504,3221225472
2026-02-27 21:44:31,2223221856,2226579400,2147718496,2807247928,990624448,3113877504,3113877504,3113877504,3113877504,3221225472
2026-02-27 21:45:01,2709852352,2612251816,2500986048,2259499104,1263254208,3113877504,3113877504,3113877504,3113877504,3221225472
2026-02-27 21:45:31,2201937040,2102978832,1883306800,2506936192,575280640,3113877504,3113877504,3113877504,3113877504,3221225472
2026-02-27 21:46:01,2742057192,2524693920,2286662824,2815988888,850007552,3113877504,3113877504,3113877504,3113877504,3221225472
2026-02-27 21:46:31,2225329840,2075315088,2576608624,2232467464,1091180032,3113877504,3113877504,3113877504,3113877504,3221225472
2026-02-27 21:47:01,2822019552,2457354016,2087009888,2536504880,1359615488,3113877504,3113877504,3113877504,3113877504,3221225472
2026-02-27 21:47:31,2471322360,2106537656,2506797200,2905058880,654597240,3113877504,3113877504,3113877504,3113877504,3221225472
2026-02-27 21:48:01,2741938512,2635894952,2172769520,2539319312,1111776376,3113877504,3113877504,3113877504,3113877504,3221225472
2026-02-27 21:48:31,2366219048,2140792624,2444155024,2790891352,1336171640,3113877504,3113877504,3113877504,3113877504,3221225472
2026-02-27 21:49:01,2106467488,2522844816,1993780288,2279322296,1631870072,3113877504,3113877504,3113877504,3113877504,3221225472
2026-02-27 21:49:31,2497882744,2076431968,2315746000,2566367872,778087176,3113877504,3113877504,3113877504,3113877504,3221225472
2026-02-27 21:50:01,2931910688,2427927336,2627476528,2850415096,1036036872,3113877504,3113877504,3113877504,3113877504,3221225472
2026-02-27 21:50:31,2612715200,1934312864,2056956552,2275028152,640925696,3113877504,3113877504,3113877504,3113877504,3221225472
2026-02-27 21:51:01,2234007664,2379770504,2457759488,2614680432,957595648,3113877504,3113877504,3113877504,3113877504,3221225472
2026-02-27 21:51:31,2522907304,2755147480,1908889656,2918011752,1221836800,3113877504,3113877504,3113877504,3113877504,3221225472
2026-02-27 21:52:01,2273289848,2363392176,2328290896,2454898024,1580449792,3113877504,3113877504,3113877504,3113877504,3221225472
2026-02-27 21:52:31,2674543528,2018231280,1874241992,2831390816,1924382720,3113877504,3113877504,3113877504,3113877504,3221225472
2026-02-27 21:53:01,2276732600,2606391560,2419282592,2484006304,2396241920,3113877504,3113877504,3113877504,3113877504,3221225472
2026-02-27 21:53:31,2275024232,2121009312,1850044464,2750256824,765706240,3113877504,3113877504,3113877504,3113877504,3221225472
2026-02-27 21:54:01,2439759704,2538812288,2261157904,2252011888,1084473344,3113877504,3113877504,3113877504,3113877504,3221225472
2026-02-27 21:54:31,2653742408,2069714840,2549492312,2535599952,1338228736,3113877504,3113877504,3113877504,3113877504,3221225472
2026-02-27 21:55:01,2257661504,2432236888,2021445088,2845843800,1615052800,3113877504,3113877504,3113877504,3113877504,3221225472
2026-02-27 21:55:31,2673405208,1963362816,2304636256,2282718832,1870905344,3113877504,3113877504,3113877504,3113877504,3221225472
2026-02-27 21:56:01,2905006384,2489352224,1954487360,2720884976,864682904,3113877504,3113877504,3113877504,3113877504,3221225472
2026-02-27 21:56:31,2246246080,2805281960,2192422200,2971557400,1084883864,3113877504,3113877504,3113877504,3113877504,3221225472
2026-02-27 21:57:01,2324449200,2257943040,2443810272,2389062088,1317667736,3113877504,3113877504,3113877504,3113877504,3221225472
2026-02-27 21:57:31,2785683784,2588067984,2694277000,2655871152,1550451608,3113877504,3113877504,3113877504,3113877504,3221225472
2026-02-27 21:58:01,2268595336,2126265792,2178761056,2999640480,800309248,3113877504,3113877504,3113877504,3113877504,3221225472
2026-02-27 21:58:31,2567721208,2502383024,2470794152,2384091768,1060356096,3113877504,3113877504,3113877504,3113877504,3221225472
2026-02-27 21:59:01,2222068208,2020637960,1947348832,2700967904,857445888,3113877504,3113877504,3113877504,3113877504,3221225472
2026-02-27 21:59:31,2295075296,2379100416,2266620384,3011724216,1138464256,3113877504,3113877504,3113877504,3113877504,3221225472
2026-02-27 22:00:01,3089955880,2684505616,2526785296,2383136040,1373345280,3113877504,3113877504,3113877504,3113877504,3221225472
2026-02-27 22:00:31,2760957712,2290027040,2040456520,2744831200,1696306688,3113877504,3113877504,3113877504,3113877504,3221225472
2026-02-27 22:01:01,2391743840,2684576000,2388510328,3083050512,2019268096,3113877504,3113877504,3113877504,3113877504,3221225472
2026-02-27 22:01:31,2504038824,2156289816,2624250936,2421602584,2233177600,3113877504,3113877504,3113877504,3113877504,3221225472
2026-02-27 22:02:01,2112458968,2537720184,2107273544,2745141648,641439232,3113877504,3113877504,3113877504,3113877504,3221225472
2026-02-27 22:02:31,2424549192,2125426512,2454838136,3083811512,958109184,3113877504,3113877504,3113877504,3113877504,3221225472
2026-02-27 22:03:01,2936434376,2479596912,1927235056,2499589160,1226544640,3113877504,3113877504,3113877504,3113877504,3221225472
2026-02-27 22:03:31,2680924168,2094174128,2321968536,2903525712,1604032000,3113877504,3113877504,3113877504,3113877504,3221225472
2026-02-27 22:04:01,2921928928,2799940408,2145266072,2591742064,2145097216,3113877504,3113877504,3113877504,3113877504,3221225472
2026-02-27 22:04:31,2273574160,2559330368,2659415984,2911350120,2440795648,3113877504,3113877504,3113877504,3113877504,3221225472
2026-02-27 22:05:01,2336216816,2121828344,2213289160,2333977088,832830872,3113877504,3113877504,3113877504,3113877504,3221225472
2026-02-27 22:05:31,2352267536,2538853952,2535867200,2636704176,1107557784,3113877504,3113877504,3113877504,3113877504,3221225472
2026-02-27 22:06:01,2436435392,2022294528,1955790592,2933465944,1378090392,3113877504,3113877504,3113877504,3113877504,3221225472
2026-02-27 22:06:31,2425756416,2337691168,2197931464,2305599280,1602485656,3113877504,3113877504,3113877504,3113877504,3221225472
2026-02-27 22:07:01,2470205448,2656507760,2464294040,2581226976,835818720,3113877504,3113877504,3113877504,3113877504,3221225472
2026-02-27 22:07:31,2589508816,2158824944,1886881024,2872802912,1091671264,3113877504,3113877504,3113877504,3113877504,3221225472
2026-02-27 22:08:01,2636015040,2492912736,2170166680,2271218568,1349620960,3113877504,3113877504,3113877504,3113877504,3221225472
2026-02-27 22:08:31,2313273032,2293093528,1879331680,2811541408,1863423200,3113877504,3113877504,3113877504,3113877504,3221225472
2026-02-27 22:09:01,2953076760,2818748936,2398533448,2418584568,2297533664,3113877504,3113877504,3113877504,3113877504,3221225472
2026-02-27 22:09:31,2566953384,2360175872,2690173896,2676248104,676042240,3113877504,3113877504,3113877504,3113877504,3221225472
2026-02-27 22:10:01,2413846568,2832686472,2311542896,2982684504,950769152,3113877504,3113877504,3113877504,3113877504,3221225472
2026-02-27 22:10:31,2974958720,2529260968,2727820664,2436482624,1233884672,3113877504,3113877504,3113877504,3113877504,3221225472
2026-02-27 22:11:01,2575468360,2112275072,2283445488,2768231840,944503776,3113877504,3113877504,3113877504,3113877504,3221225472
2026-02-27 22:11:31,3004387872,2435971704,2533232920,3018747856,1175190496,3113877504,3113877504,3113877504,3113877504,3221225472
2026-02-27 22:12:01,2604446200,2767123816,1952229680,2442158456,1433140192,3113877504,3113877504,3113877504,3113877504,3221225472
2026-02-27 22:12:31,3025620064,2217791728,2185362416,2685722232,1647049696,3113877504,3113877504,3113877504,3113877504,3221225472
2026-02-27 22:13:01,2459093760,2519003720,2434890272,2946305432,1879833568,3113877504,3113877504,3113877504,3113877504,3221225472
2026-02-27 22:13:31,2458025400,2385243160,2217854456,2684199496,2456550368,3113877504,3113877504,3113877504,3113877504,3221225472
2026-02-27 22:14:01,2755651728,2836512840,2657586072,3025447232,890506240,3113877504,3113877504,3113877504,3113877504,3221225472
2026-02-27 22:14:31,2971926760,2373392288,2116851256,2454877240,1135873024,3113877504,3113877504,3113877504,3113877504,3221225472
2026-02-27 22:15:01,2459071216,2848780352,2569073760,2790876504,1446251520,3113877504,3113877504,3113877504,3113877504,3221225472
2026-02-27 22:15:31,2581433784,2401817552,1998376680,3058611720,1687424000,3113877504,3113877504,3113877504,3113877504,3221225472
2026-02-27 22:16:01,2678513008,2851920488,2400481280,2558558952,1999899648,3113877504,3113877504,3113877504,3113877504,3221225472
2026-02-27 22:16:31,2908643008,2347365424,2670921728,2831873288,2253655040,3113877504,3113877504,3113877504,3113877504,3221225472
2026-02-27 22:17:01,2276849136,2654248848,2075440176,3092987400,2486438912,3113877504,3113877504,3113877504,3113877504,3221225472
2026-02-27 22:17:31,2585229872,2129943904,2333727584,2519318040,846316000,3113877504,3113877504,3113877504,3113877504,3221225472
2026-02-27 22:18:01,2747336328,2455211992,2599564728,2799267928,1102168544,3113877504,3113877504,3113877504,3113877504,3221225472
2026-02-27 22:18:31,2722583848,2089053128,2154167520,2376415704,1490141664,3113877504,3113877504,3113877504,3113877504,3221225472
2026-02-27 22:19:01,2671204976,2415714728,2446026912,2647872496,1729216992,3113877504,3113877504,3113877504,3113877504,3221225472
2026-02-27 22:19:31,2576593640,2819336128,1950256632,2976411352,2027012576,3113877504,3113877504,3113877504,3113877504,3221225472
2026-02-27 22:20:01,2816297104,2391898816,2342458256,2489017736,2347876832,3113877504,3113877504,3113877504,3113877504,3221225472
2026-02-27 22:20:31,3052060776,2828311392,2695251152,2818712056,778599264,3113877504,3113877504,3113877504,3113877504,3221225472
2026-02-27 22:21:01,2240569248,2462292136,2298009192,2366623344,1128823648,3113877504,3113877504,3113877504,3113877504,3221225472
2026-02-27 22:21:31,2762070088,2031385920,2626064888,2674946984,1414036320,3113877504,3113877504,3113877504,3113877504,3221225472
2026-02-27 22:22:01,2443729008,2472087232,2197859144,3041376744,1751677792,3113877504,3113877504,3113877504,3113877504,3221225472
2026-02-27 22:22:31,2859469328,2056016960,2526840944,2535908872,2051570528,3113877504,3113877504,3113877504,3113877504,3221225472
2026-02-27 22:23:01,2207090208,2421762960,2002665816,2839916840,2324200288,3113877504,3113877504,3113877504,3113877504,3221225472
2026-02-27 22:23:31,3080355224,2125817576,2465725160,2443886368,863243264,3113877504,3113877504,3113877504,3113877504,3221225472
2026-02-27 22:24:01,2984520352,2519005672,1980714784,2758771272,725036088,3113877504,3113877504,3113877504,3113877504,3221225472
2026-02-27 22:24:31,2897647896,2088821768,2319040464,3073221504,1020734520,3113877504,3113877504,3113877504,3113877504,3221225472
2026-02-27 22:25:01,2225607496,2503803960,2723409008,2624862032,1345793080,3113877504,3113877504,3113877504,3113877504,3221225472
2026-02-27 22:25:31,2194914680,2111135576,2238789456,2981197720,1670851640,3113877504,3113877504,3113877504,3113877504,3221225472
2026-02-27 22:26:01,2325172456,2514815496,2604956808,2515702520,1985424440,3113877504,3113877504,3113877504,3113877504,3221225472
2026-02-27 22:26:31,2489881120,2878148320,2035816496,2800691928,2239179832,3113877504,3113877504,3113877504,3113877504,3221225472
2026-02-27 22:27:01,2410358232,2385471040,2347079432,3095039672,2511809592,3113877504,3113877504,3113877504,3113877504,3221225472
2026-02-27 22:27:31,2508860264,2847788712,2728604664,2693311288,987804160,3113877504,3113877504,3113877504,3113877504,3221225472
2026-02-27 22:28:01,2941745464,2360066912,2195414904,3002960712,1264628224,3113877504,3113877504,3113877504,3113877504,3221225472
2026-02-27 22:28:31,3105329312,2730231720,2480452736,2493593080,1524675072,3113877504,3113877504,3113877504,3113877504,3221225472
2026-02-27 22:29:01,2559037968,2292216064,1992142264,2838534144,1839247872,3113877504,3113877504,3113877504,3113877504,3221225472
2026-02-27 22:29:31,2678804464,2741719256,2364611576,2404011520,2164306432,3113877504,3113877504,3113877504,3113877504,3221225472
2026-02-27 22:30:01,2787066352,2329633728,2785076048,2791961432,982971832,3113877504,3113877504,3113877504,3113877504,3221225472
2026-02-27 22:30:31,2876471920,2747357256,2261552008,3106295384,1284961720,3113877504,3113877504,3113877504,3113877504,3221225472
2026-02-27 22:31:01,2475810752,2226135960,2540831480,2614194480,901765120,3113877504,3113877504,3113877504,3113877504,3221225472
2026-02-27 22:31:31,2718350192,2663546584,2049081984,2962504376,1220532224,3113877504,3113877504,3113877504,3113877504,3221225472
2026-02-27 22:32:01,2794179816,2223734400,2400907512,2524844584,1537202176,3113877504,3113877504,3113877504,3113877504,3221225472
2026-02-27 22:32:31,2442424824,2582825496,2682916960,2810028040,1797249024,3113877504,3113877504,3113877504,3113877504,3221225472
2026-02-27 22:33:01,2260049848,2187734976,2240990368,2418285496,2151667712,3113877504,3113877504,3113877504,3113877504,3221225472
2026-02-27 22:33:31,2828188984,2541231672,2521197328,2705780368,2409617408,3113877504,3113877504,3113877504,3113877504,3221225472
2026-02-27 22:34:01,2656278792,2230987520,2155778040,2409331240,983289952,3113877504,3113877504,3113877504,3113877504,3221225472
2026-02-27 22:34:31,2732613152,2928555776,2744282184,2926866816,1139926704,3113877504,3113877504,3113877504,3113877504,3221225472
2026-02-27 22:35:01,2717622848,2420084296,2256266248,2448078824,1381099184,3113877504,3113877504,3113877504,3113877504,3221225472
2026-02-27 22:35:31,2631000160,2871982560,2597011040,2715422424,1620174512,3113877504,3113877504,3113877504,3113877504,3221225472
2026-02-27 22:36:01,2651937768,2435777552,2137563800,3007843288,1882318512,3113877504,3113877504,3113877504,3113877504,3221225472
2026-02-27 22:36:31,2516429016,2778434024,2369732776,2496902624,2096228016,3113877504,3113877504,3113877504,3113877504,3221225472
2026-02-27 22:37:01,2506266384,2360155416,2780064352,2797585352,2366760624,3113877504,3113877504,3113877504,3113877504,3221225472
2026-02-27 22:37:31,2356106136,2682182736,2146068392,3044141720,2591155888,3113877504,3113877504,3113877504,3113877504,3221225472
2026-02-27 22:38:01,2395699152,2164087000,2453104056,2593524232,974384032,3113877504,3113877504,3113877504,3113877504,3221225472
2026-02-27 22:38:31,2255682360,2466518320,2678520312,2836306792,1186196384,3113877504,3113877504,3113877504,3113877504,3221225472
2026-02-27 22:39:01,2807706200,2333439000,2484746184,2753126848,1827924896,3113877504,3113877504,3113877504,3113877504,3221225472
2026-02-27 22:39:31,2349781248,2742463568,2776605432,3012365248,2067000224,3113877504,3113877504,3113877504,3113877504,3221225472
2026-02-27 22:40:01,2895048632,2257942328,2300743928,2549109536,2318658464,3113877504,3113877504,3113877504,3113877504,3221225472
2026-02-27 22:40:31,2616823176,2753204008,2710839832,2846291808,2589191072,3113877504,3113877504,3113877504,3113877504,3221225472
2026-02-27 22:41:01,3072973976,2230111704,2172929208,2390190792,965206776,3113877504,3113877504,3113877504,3113877504,3221225472
2026-02-27 22:41:31,2757171208,2709271688,2535112864,2685879968,1227350776,3113877504,3113877504,3113877504,3113877504,3221225472
2026-02-27 22:42:01,2458507048,2372640592,2194028720,3028795816,1539826424,3113877504,3113877504,3113877504,3113877504,3221225472
2026-02-27 22:42:31,2911563760,2711037080,2459240520,2547712008,1783096056,3113877504,3113877504,3113877504,3113877504,3221225472
2026-02-27 22:43:01,2587592400,2161869056,2714271168,2810218016,2013782776,3113877504,3113877504,3113877504,3113877504,3221225472
2026-02-27 22:43:31,3071225832,2484483000,2098076048,3062505576,2242372344,3113877504,3113877504,3113877504,3113877504,3221225472
2026-02-27 22:44:01,2486100048,2376439928,2771725704,2969382472,995748864,3113877504,3113877504,3113877504,3113877504,3221225472
2026-02-27 22:44:31,2956931928,2962905448,2392590504,2595840936,1345973248,3113877504,3113877504,3113877504,3113877504,3221225472
2026-02-27 22:45:01,2578441672,2746747456,2118678664,3010395208,1725557760,3113877504,3113877504,3113877504,3113877504,3221225472
2026-02-27 22:45:31,2925445256,2405984688,2594366656,2649538912,2065296384,3113877504,3113877504,3113877504,3113877504,3221225472
2026-02-27 22:46:01,2620701416,2879932912,2220134320,3030897136,2428103680,3113877504,3113877504,3113877504,3113877504,3221225472
2026-02-27 22:46:31,2340007744,2563071560,2714928216,2689400224,926804312,3113877504,3113877504,3113877504,3113877504,3221225472
2026-02-27 22:47:01,2850188352,2153757544,2338597976,3059887904,1266542936,3113877504,3113877504,3113877504,3113877504,3221225472
2026-02-27 22:47:31,2301140808,2545328560,2664818384,2626658600,1524492632,3113877504,3113877504,3113877504,3113877504,3221225472
2026-02-27 22:48:01,3017096664,2162319648,2289333376,3028392312,907070976,3113877504,3113877504,3113877504,3113877504,3221225472
2026-02-27 22:48:31,2673455000,2530804000,2574917784,2591292896,884874752,3113877504,3113877504,3113877504,3113877504,3221225472
2026-02-27 22:49:01,2826806440,2260439280,2286884576,3085252736,1365122560,3113877504,3113877504,3113877504,3113877504,3221225472
2026-02-27 22:49:31,2756046856,2593792552,2520282632,2634279656,1576934912,3113877504,3113877504,3113877504,3113877504,3221225472
2026-02-27 22:50:01,3072978944,2981915152,2078508296,2929766360,1843273216,3113877504,3113877504,3113877504,3113877504,3221225472
2026-02-27 22:50:31,2418924256,2485064088,2369201832,2497163312,2080251392,3113877504,3113877504,3113877504,3113877504,3221225472
2026-02-27 22:51:01,2953026280,2913784368,2789329248,2808467824,2369658368,3113877504,3113877504,3113877504,3113877504,3221225472
2026-02-27 22:51:31,3091716408,2393609584,2169815696,3046228208,2585665024,3113877504,3113877504,3113877504,3113877504,3221225472
2026-02-27 22:52:01,2713692944,2754025032,2502819472,2651891568,950956592,3113877504,3113877504,3113877504,3113877504,3221225472
2026-02-27 22:52:31,3023835200,2342351880,2851504704,2979368176,1250849328,3113877504,3113877504,3113877504,3113877504,3221225472
2026-02-27 22:53:01,2446481968,2700212544,2326715872,2580191920,1519284784,3113877504,3113877504,3113877504,3113877504,3221225472
2026-02-27 22:53:31,2750590608,2329121960,2705425208,2925147456,1852731952,3113877504,3113877504,3113877504,3113877504,3221225472
2026-02-27 22:54:01,2598458816,2723856456,2221041944,2587671448,2177790512,3113877504,3113877504,3113877504,3113877504,3221225472
2026-02-27 22:54:31,2502060000,2283724008,2537336248,2874469232,2429448752,3113877504,3113877504,3113877504,3113877504,3221225472
2026-02-27 22:55:01,2393697864,2733434696,2102922400,2545871768,884310544,3113877504,3113877504,3113877504,3113877504,3221225472
2026-02-27 22:55:31,3058295312,2207442904,2375138680,2813313000,1119191568,3113877504,3113877504,3113877504,3113877504,3221225472
2026-02-27 22:56:01,2482883136,2685364648,2792058680,2511858112,1471513104,3113877504,3113877504,3113877504,3113877504,3221225472
2026-02-27 22:56:31,2878367952,2261631584,2279729392,2833977184,1769308688,3113877504,3113877504,3113877504,3113877504,3221225472
2026-02-27 22:57:01,2502932392,2723645456,2694071344,2552337424,2134213136,3113877504,3113877504,3113877504,3113877504,3221225472
2026-02-27 22:57:31,2364120368,3054885984,2952409280,2812718280,2364899856,3113877504,3113877504,3113877504,3113877504,3221225472
2026-02-27 22:58:01,,2522321344,2540906296,2567759672,866000384,,3113877504,3113877504,3113877504,3221225472
2026-02-27 22:58:31,3013096088,2200013720,2133851896,2999060384,1256070656,3113877504,3113877504,3113877504,3113877504,3221225472
2026-02-27 22:59:01,,2600700048,2484768984,2688423992,1579032064,,3113877504,3113877504,3113877504,3221225472
2026-02-27 22:59:31,2667872400,2184166032,2830710976,3010935512,1872633344,3113877504,3113877504,3113877504,3113877504,3221225472
2026-02-27 23:00:01,,2595007816,2337021520,2692454200,2178817536,,3113877504,3113877504,3113877504,3221225472
2026-02-27 23:00:31,2536789552,2963057368,2641078272,2997900016,981343744,3113877504,3113877504,3113877504,3113877504,3221225472
2026-02-27 23:01:01,2790049256,2429286864,2929719504,2635872968,1241390592,3113877504,3113877504,3113877504,3113877504,3221225472
2026-02-27 23:01:31,2672926840,2826850664,2392918064,2948106888,1528700416,3113877504,3113877504,3113877504,3113877504,3221225472
2026-02-27 23:02:01,,2315324560,2701787264,2589833056,898290176,,3113877504,3113877504,3113877504,3221225472
2026-02-27 23:02:31,,2800203408,2253283424,2984414624,1261097472,,3113877504,3113877504,3113877504,3221225472
2026-02-27 23:03:01,2783689344,2374158480,2633575888,2690110728,1584058880,3113877504,3113877504,3113877504,3113877504,3221225472
2026-02-27 23:03:31,2385950328,2859125648,2178040888,3063105720,1938477568,3113877504,3113877504,3113877504,3113877504,3221225472
2026-02-27 23:04:01,2787051656,2343195312,2446792472,2706076360,2192232960,3113877504,3113877504,3113877504,3113877504,3221225472
2026-02-27 23:04:31,2647245176,2849018720,2865897272,,1030672256,3113877504,3113877504,3113877504,,3221225472
2026-02-27 23:05:01,2927990552,2630464728,2596140248,3016927344,1348474016,3113877504,3113877504,3113877504,3113877504,3221225472
2026-02-27 23:05:31,3099974768,2333769464,2989142736,2693805072,1610618016,3113877504,3113877504,3113877504,3113877504,3221225472
2026-02-27 23:06:01,2492229432,2736796328,2512185064,2981848544,1876956320,3113877504,3113877504,3113877504,3113877504,3221225472
2026-02-27 23:06:31,2578479672,2303215512,2797424448,2646246904,2126517408,3113877504,3113877504,3113877504,3113877504,3221225472
2026-02-27 23:07:01,2722383056,2637522800,2203155032,2934852112,2382369952,3113877504,3113877504,3113877504,3113877504,3221225472
2026-02-27 23:07:31,2692454368,2940452528,2434477456,2550240992,2596279456,3113877504,3113877504,3113877504,3113877504,3221225472
2026-02-27 23:08:01,2781348144,2383798984,2692038848,2815774504,923671872,3113877504,3113877504,3113877504,3113877504,3221225472
2026-02-27 23:08:31,2879579728,2712406120,2945388816,3069365016,1154358592,3113877504,3113877504,3113877504,3113877504,3221225472
2026-02-27 23:09:01,2994202056,2171114640,2354260816,2720929480,1403919680,3113877504,3113877504,3113877504,3113877504,3221225472
2026-02-27 23:09:31,2775075872,2874099408,2962094144,2721618544,1982733632,3113877504,3113877504,3113877504,3113877504,3221225472
2026-02-27 23:10:01,2865483920,2547947672,2616909784,3097987296,2347638080,3113877504,3113877504,3113877504,3113877504,3221225472
2026-02-27 23:10:31,2614208784,2891633440,2849848936,2735655776,2559450432,3113877504,3113877504,3113877504,3113877504,3221225472
2026-02-27 23:11:01,2584275688,2386615472,2348961056,3011681272,925769088,3113877504,3113877504,3113877504,3113877504,3221225472
2026-02-27 23:11:31,2406704968,2791927944,2636585064,2660395904,1154358656,3113877504,3113877504,3113877504,3113877504,3221225472
2026-02-27 23:12:01,3076333264,2303393032,2986750640,2944622472,1406016896,3113877504,3113877504,3113877504,3113877504,3221225472
2026-02-27 23:12:31,2954906600,2757075568,2475667224,2600445968,1642995072,3113877504,3113877504,3113877504,3113877504,3221225472
2026-02-27 23:13:01,2870649704,2261522752,2808342528,2877459352,1892556160,3113877504,3113877504,3113877504,3113877504,3221225472
2026-02-27 23:13:31,2826511720,2705354896,2312884720,2570681104,2173574528,3113877504,3113877504,3113877504,3113877504,3221225472
2026-02-27 23:14:01,2652736232,3016837896,2563819712,2837843096,2414747008,3113877504,3113877504,3113877504,3113877504,3221225472
2026-02-27 23:14:31,2990584424,2814087248,2306354840,2824611584,1087249728,3113877504,3113877504,3113877504,3113877504,3221225472
2026-02-27 23:15:01,2941937512,2439900488,2743840776,2566144192,1414405440,3113877504,3113877504,3113877504,3113877504,3221225472
2026-02-27 23:15:31,2776987792,3075604920,2432318360,2972635440,1787698496,3113877504,3113877504,3113877504,3113877504,3221225472
2026-02-27 23:16:01,2754127048,2637547624,2906083376,2724964536,2108562752,3113877504,3113877504,3113877504,3113877504,3221225472
2026-02-27 23:16:31,2816524296,2275951824,2544037888,2537188376,2490244416,3113877504,3113877504,3113877504,3113877504,3221225472
2026-02-27 23:17:01,2718390648,2648580360,2883186592,2848675352,1198783128,3113877504,3113877504,3113877504,3113877504,3221225472
2026-02-27 23:17:31,2520560592,2978347512,2261004008,3089537504,1414789784,3113877504,3113877504,3113877504,3113877504,3221225472
2026-02-27 23:18:01,3080747632,2349682696,2539109832,2768917048,1653865112,3113877504,3113877504,3113877504,3113877504,3221225472
2026-02-27 23:18:31,3036508432,2798178232,2911324592,3089919224,1951660696,3113877504,3113877504,3113877504,3113877504,3221225472
2026-02-27 23:19:01,2939632304,3095396856,2337040576,2769751872,2184444568,3113877504,3113877504,3113877504,3113877504,3221225472
2026-02-27 23:19:31,2562545960,2727106992,2784177664,2625742104,1225304096,3113877504,3113877504,3113877504,3113877504,3221225472
2026-02-27 23:20:01,2603242896,2242491776,2220188440,2944737728,1510516768,3113877504,3113877504,3113877504,3113877504,3221225472
2026-02-27 23:20:31,2588658944,2704023624,2561829216,2653552008,1772660768,3113877504,3113877504,3113877504,3113877504,3221225472
2026-02-27 23:21:01,2730993312,3100034624,2953181192,2981996792,2076747808,3113877504,3113877504,3113877504,3113877504,3221225472
2026-02-27 23:21:31,2857170288,2643695104,2517652256,2773250576,1293947240,3113877504,3113877504,3113877504,3113877504,3221225472
2026-02-27 23:22:01,2899290136,3103443344,2931330664,,1635783016,3113877504,3113877504,3113877504,,3221225472
2026-02-27 23:22:31,2797004952,2686967216,2493887960,2954756176,1207603680,3113877504,3113877504,3113877504,3113877504,3221225472
2026-02-27 23:23:01,2830327568,3043156224,2809676832,2683780864,1478136288,3113877504,3113877504,3113877504,3113877504,3221225472
2026-02-27 23:23:31,2856194400,2626168408,2387841256,3059039512,1826263520,3113877504,3113877504,3113877504,3113877504,3221225472
2026-02-27 23:24:01,2613292168,2993369520,2708292784,2796839544,1115301528,3113877504,3113877504,3113877504,3113877504,3221225472
2026-02-27 23:24:31,3029516776,2538651584,2220541784,2569086960,1431971480,3113877504,3113877504,3113877504,3113877504,3221225472
2026-02-27 23:25:01,2689804608,2934538960,2580744976,2868282832,1704601240,3113877504,3113877504,3113877504,3113877504,3221225472
2026-02-27 23:25:31,2460600088,2573902104,3025366984,2673425536,981904352,3113877504,3113877504,3113877504,3113877504,3221225472
2026-02-27 23:26:01,,3022350584,2605028776,3089585024,1346808800,,3113877504,3113877504,3113877504,3221225472
2026-02-27 23:26:31,2907249480,2510703000,2925569288,2844532504,1632021472,3113877504,3113877504,3113877504,3113877504,3221225472
2026-02-27 23:27:01,2560802088,2935930736,2458733776,2699036792,1969662944,3113877504,3113877504,3113877504,3113877504,3221225472
2026-02-27 23:27:31,2863034336,2421992392,2750615224,2994021072,2238098400,3113877504,3113877504,3113877504,3113877504,3221225472
2026-02-27 23:28:01,2671808312,2817824320,3086746168,2773316664,2537991136,3113877504,3113877504,3113877504,3113877504,3221225472
2026-02-27 23:28:31,,2396645736,2566068856,2606009408,1234118024,,3113877504,3113877504,3113877504,3221225472
2026-02-27 23:29:01,3006664088,2756512440,2882008928,2914770560,1515136392,3113877504,3113877504,3113877504,3113877504,3221225472
2026-02-27 23:29:31,2891935216,3110370720,2250013176,2667468408,1770988936,3113877504,3113877504,3113877504,3113877504,3221225472
2026-02-27 23:30:01,2927269936,2625126152,2601238048,2991218160,2064590216,3113877504,3113877504,3113877504,3113877504,3221225472
2026-02-27 23:30:31,2480861368,3032474536,2930080376,2768054024,2358191496,3113877504,3113877504,3113877504,3113877504,3221225472
2026-02-27 23:31:01,,2508558424,2317230440,3079020832,1034623832,,3113877504,3113877504,3113877504,3221225472
2026-02-27 23:31:31,3043353752,2902649344,2661699088,2892609760,1340808024,3113877504,3113877504,3113877504,3113877504,3221225472
2026-02-27 23:32:01,2940956008,2418048912,2995335280,2696372536,1644895064,3113877504,3113877504,3113877504,3113877504,3221225472
2026-02-27 23:32:31,2850913056,2780906792,2343712376,2983135792,1904941912,3113877504,3113877504,3113877504,3113877504,3221225472
2026-02-27 23:33:01,2860246768,3105373944,2631988272,2740979584,2162891608,3113877504,3113877504,3113877504,3113877504,3221225472
2026-02-27 23:33:31,3097067824,2630155336,2930804704,3046675360,2439715672,3113877504,3113877504,3113877504,3113877504,3221225472
2026-02-27 23:34:01,2876314192,3011199328,2333294600,2844933760,1210515160,3113877504,3113877504,3113877504,3113877504,3221225472
2026-02-27 23:34:31,2707864256,2503419512,2613145720,,1460076248,3113877504,3113877504,3113877504,,3221225472
2026-02-27 23:35:01,2987866248,2804659808,2859643624,2857604728,1690762968,3113877504,3113877504,3113877504,3113877504,3221225472
2026-02-27 23:35:31,2478133440,2546912912,2453586768,2864054376,1034218048,3113877504,3113877504,3113877504,3113877504,3221225472
2026-02-27 23:36:01,2866415312,2302877584,3066742848,2800051416,1441065536,3113877504,3113877504,3113877504,3113877504,3221225472
2026-02-27 23:36:31,3085370440,2653472064,2391580472,3048571472,1659169344,3113877504,3113877504,3113877504,3113877504,3221225472
2026-02-27 23:37:01,2636612600,2999322048,2719286184,2819114080,1109419392,3113877504,3113877504,3113877504,3113877504,3221225472
2026-02-27 23:37:31,2843315600,2573390208,3029113808,3069053184,1329620352,3113877504,3113877504,3113877504,3113877504,3221225472
2026-02-27 23:38:01,3033690568,2926995176,2443598440,2840979744,1579181440,3113877504,3113877504,3113877504,3113877504,3221225472
2026-02-27 23:38:31,2688487416,2489897968,2746720560,3110454944,1181669240,3113877504,3113877504,3113877504,3113877504,3221225472
2026-02-27 23:39:01,2986489512,2840906856,3036684608,2907353856,1456396152,3113877504,3113877504,3113877504,3113877504,3221225472
2026-02-27 23:39:31,2533299368,2275997232,2342156720,2638312968,1672402808,3113877504,3113877504,3113877504,3113877504,3221225472
2026-02-27 23:40:01,2689535888,2596368760,2605332232,2911376064,1913575288,3113877504,3113877504,3113877504,3113877504,3221225472
2026-02-27 23:40:31,2961031824,2571431904,2417642992,3101398840,2588858232,3113877504,3113877504,3113877504,3113877504,3221225472
2026-02-27 23:41:01,2600524344,3044945480,2907961264,2940618504,1168427128,3113877504,3113877504,3113877504,3113877504,3221225472
2026-02-27 23:41:31,2850948896,2743484864,2428267104,2775066808,1464125560,3113877504,3113877504,3113877504,3113877504,3221225472
2026-02-27 23:42:01,3085909896,2396206112,2904933384,3097462304,1766115448,3113877504,3113877504,3113877504,3113877504,3221225472
2026-02-27 23:42:31,2662053368,2799624328,2309669648,2920597816,2049230968,3113877504,3113877504,3113877504,3113877504,3221225472
2026-02-27 23:43:01,2721462680,3108036664,2563613936,2686236632,2282014840,3113877504,3113877504,3113877504,3113877504,3221225472
2026-02-27 23:43:31,2722209440,2578638920,2798880024,2932172208,2498021496,3113877504,3113877504,3113877504,3113877504,3221225472
2026-02-27 23:44:01,2617116520,2896654120,3053962200,2695971944,2734999672,3113877504,3113877504,3113877504,3113877504,3221225472
2026-02-27 23:44:31,2602062152,2363648864,2385152256,2950743328,1228721672,3113877504,3113877504,3113877504,3113877504,3221225472
2026-02-27 23:45:01,2605966720,2708349616,2672016464,2746979640,1499254280,3113877504,3113877504,3113877504,3113877504,3221225472
2026-02-27 23:45:31,2912185688,2633914400,2424741256,2881884392,2101136904,3113877504,3113877504,3113877504,3113877504,3221225472
2026-02-27 23:46:01,,3003562712,2790111776,2698794720,2377960968,,3113877504,3113877504,3113877504,3221225472
2026-02-27 23:46:31,2862186112,2699686864,2343566784,3062930528,2715602440,3113877504,3113877504,3113877504,3113877504,3221225472
2026-02-27 23:47:01,2895411704,3006816320,2624482872,2847121904,1230649256,3113877504,3113877504,3113877504,3113877504,3221225472
2026-02-27 23:47:31,3064933840,2582433504,2927154736,,1476016040,3113877504,3113877504,3113877504,,3221225472
2026-02-27 23:48:01,3108479832,2973293280,2401616944,2952933472,1767520168,3113877504,3113877504,3113877504,3113877504,3221225472
2026-02-27 23:48:31,2542455872,2941606872,3065113128,3002029736,2275030952,3113877504,3113877504,3113877504,3113877504,3221225472
2026-02-27 23:49:01,2739014392,2488221648,2524748832,2854394592,2568632232,3113877504,3113877504,3113877504,3113877504,3221225472
2026-02-27 23:49:31,2887929968,2867144792,2808645624,2660517344,1153162208,3113877504,3113877504,3113877504,3113877504,3221225472
2026-02-27 23:50:01,2647005320,2544453536,2374098976,3069848600,1536941024,3113877504,3113877504,3113877504,3113877504,3221225472
2026-02-27 23:50:31,3093247640,3050377232,2783850848,3013184848,1927011296,3113877504,3113877504,3113877504,3113877504,3221225472
2026-02-27 23:51:01,2800815560,2608584104,,2837040944,2191252448,3113877504,3113877504,,3113877504,3221225472
2026-02-27 23:51:31,2545210152,3107220616,2688770448,2713879928,1363790648,3113877504,3113877504,3113877504,3113877504,3221225472
2026-02-27 23:52:01,2549245152,2717596368,3061238336,3024016064,1646906168,3113877504,3113877504,3113877504,3113877504,3221225472
2026-02-27 23:52:31,2683343968,2358919952,2537741520,2867795680,1294301856,3113877504,3113877504,3113877504,3113877504,3221225472
2026-02-27 23:53:01,3063841200,2721030248,2870818960,2724130880,1564834464,3113877504,3113877504,3113877504,3113877504,3221225472
2026-02-27 23:53:31,3064660784,2382910336,2383219936,3079595520,1904573088,3113877504,3113877504,3113877504,3113877504,3221225472
2026-02-27 23:54:01,2833943768,2842982856,2807841088,2992441976,1236522496,3113877504,3113877504,3113877504,3113877504,3221225472
2026-02-27 23:54:31,2784876856,2413263416,3079143920,2832029120,1486083584,3113877504,3113877504,3113877504,3113877504,3221225472
2026-02-27 23:55:01,3107122584,2833462976,2604800184,2757260656,1819530752,3113877504,3113877504,3113877504,3113877504,3221225472
2026-02-27 23:55:31,2877283088,2625409440,3067151384,2753867128,1242813952,3113877504,3113877504,3113877504,3113877504,3221225472
2026-02-27 23:56:01,2610759592,3048106880,2622474776,3106752136,1572066816,3113877504,3113877504,3113877504,3113877504,3221225472
2026-02-27 23:56:31,2816452608,2721110560,2992869928,3026814024,1107828224,3113877504,3113877504,3113877504,3113877504,3221225472
2026-02-27 23:57:01,2768088016,3023486800,2413477368,2854391992,1344806400,3113877504,3113877504,3113877504,3113877504,3221225472
2026-02-27 23:57:31,2624758776,2610896016,2682130024,2690002960,1585978880,3113877504,3113877504,3113877504,3113877504,3221225472
2026-02-27 23:58:01,2634010504,2927089256,2949470296,2956484768,1166296576,3113877504,3113877504,3113877504,3113877504,3221225472
2026-02-27 23:58:31,3075215792,2611838016,2476774056,2881654336,1495549440,3113877504,3113877504,3113877504,3113877504,3221225472
2026-02-27 23:59:01,2945096944,2447241216,3034409504,2968697112,1973700096,3113877504,3113877504,3113877504,3113877504,3221225472
2026-02-27 23:59:31,2964192680,2834386408,2508800760,2844854024,2242135552,3113877504,3113877504,3113877504,3113877504,3221225472
2026-02-28 00:00:01,2663264968,2563753832,2958344080,2848293368,1268008448,3113877504,3113877504,3113877504,3113877504,3221225472
2026-02-28 00:00:31,2565519568,2989744880,2478641728,2783262952,1576289792,3113877504,3113877504,3113877504,3113877504,3221225472
2026-02-28 00:01:01,2872293856,2608184552,2822404640,3099117536,1867793920,3113877504,3113877504,3113877504,3113877504,3221225472
2026-02-28 00:01:31,,2973204728,,2984224832,1188316672,,3113877504,,3113877504,3221225472
2026-02-28 00:02:01,2668572744,2619116744,2672798008,2952632336,1431732224,3113877504,3113877504,3113877504,3113877504,3221225472
2026-02-28 00:02:31,2663788824,2959203936,2934806368,2806352696,1668710400,3113877504,3113877504,3113877504,3113877504,3221225472
2026-02-28 00:03:01,3026101320,2571185128,2440827392,,1951825920,3113877504,3113877504,3113877504,,3221225472
2026-02-28 00:03:31,3092339808,2964284160,2741382712,3024957192,2228649984,3113877504,3113877504,3113877504,3113877504,3221225472
2026-02-28 00:04:01,3025043952,2573040248,3051710544,2931276552,2513862656,3113877504,3113877504,3113877504,3113877504,3221225472
2026-02-28 00:04:31,2854860880,2940726768,2528442264,2815929160,2771812352,3113877504,3113877504,3113877504,3113877504,3221225472
2026-02-28 00:05:01,2689419784,2517264456,2801131184,3086189344,1347846144,3113877504,3113877504,3113877504,3113877504,3221225472
2026-02-28 00:05:31,2910212656,2978079392,,3066409768,1691779072,3113877504,3113877504,,3113877504,3221225472
2026-02-28 00:06:01,2906613696,2901359048,3042537448,2920836944,2289467392,3113877504,3113877504,3113877504,3113877504,3221225472
2026-02-28 00:06:31,2686523856,2578105704,2540059856,2796897240,2520154112,3113877504,3113877504,3113877504,3113877504,3221225472
2026-02-28 00:07:01,2945599776,2879746024,2830944168,3056054424,2752937984,3113877504,3113877504,3113877504,3113877504,3221225472
2026-02-28 00:07:31,2808249384,2608640368,2364397536,2942545544,1325817720,3113877504,3113877504,3113877504,3113877504,3221225472
2026-02-28 00:08:01,2618647264,2974987240,2722162952,2847554848,1583767416,3113877504,3113877504,3113877504,3113877504,3221225472
2026-02-28 00:08:31,2956614952,2643680416,3008000680,3102084560,1810259832,3113877504,3113877504,3113877504,3113877504,3221225472
2026-02-28 00:09:01,2687753608,2949943344,2511620256,2993193288,2043043704,3113877504,3113877504,3113877504,3113877504,3221225472
2026-02-28 00:09:31,3028241672,2663060152,2844093448,2876737272,2275827576,3113877504,3113877504,3113877504,3113877504,3221225472
2026-02-28 00:10:01,2807600080,3028054976,2400294256,2780538976,1405512312,3113877504,3113877504,3113877504,3113877504,3221225472
2026-02-28 00:10:31,2855484512,2836004192,2810746864,2818907976,1803971192,3113877504,3113877504,3113877504,3113877504,3221225472
2026-02-28 00:11:01,2812738128,2762928688,2694982520,3007154744,2300996216,3113877504,3113877504,3113877504,3113877504,3221225472
2026-02-28 00:11:31,2865777904,2646782464,2396492096,2971186768,2609277560,3113877504,3113877504,3113877504,3113877504,3221225472
2026-02-28 00:12:01,2882763736,2537268824,2992118840,3008184616,1458077344,3113877504,3113877504,3113877504,3113877504,3221225472
2026-02-28 00:12:31,2987045160,3022862600,2602581960,2986777416,1783135904,3113877504,3113877504,3113877504,3113877504,3221225472
2026-02-28 00:13:01,2807025064,2615195464,2869289368,2877062696,2020114080,3113877504,3113877504,3113877504,3113877504,3221225472
2026-02-28 00:13:31,2839055432,3045267944,2435173936,2818263392,1215853584,3113877504,3113877504,3113877504,3113877504,3221225472
2026-02-28 00:14:01,2711145504,2720697248,2776375256,,1492677648,3113877504,3113877504,3113877504,,3221225472
2026-02-28 00:14:31,2702228480,3106448968,3081633784,3040295928,1752724496,3113877504,3113877504,3113877504,3113877504,3221225472
2026-02-28 00:15:01,2785815432,2903129248,2785946032,3076591288,1522837024,3113877504,3113877504,3113877504,3113877504,3221225472
2026-02-28 00:15:31,,2754722240,2521091792,,1977919008,,3113877504,3113877504,,3221225472
2026-02-28 00:16:01,2823620064,2506129848,2941103352,2891209328,1538846840,3113877504,3113877504,3113877504,3113877504,3221225472
2026-02-28 00:16:31,2981050032,2486680360,2753165904,2954443632,1523743960,3113877504,3113877504,3113877504,3113877504,3221225472
2026-02-28 00:17:01,3112377176,3019300376,2507799224,3000748824,1886551256,3113877504,3113877504,3113877504,3113877504,3221225472
2026-02-28 00:17:31,3103506520,2881522216,2889434608,2986008864,2188541144,3113877504,3113877504,3113877504,3113877504,3221225472
2026-02-28 00:18:01,2934066112,2828083960,2782595288,2826787888,1562007656,3113877504,3113877504,3113877504,3113877504,3221225472
2026-02-28 00:18:31,3062665144,2486704232,3011999736,3066897224,1775917160,3113877504,3113877504,3113877504,3113877504,3221225472
2026-02-28 00:19:01,2864127344,2851177040,2613332344,3032103520,2052741224,3113877504,3113877504,3113877504,3113877504,3221225472
2026-02-28 00:19:31,2676372800,2697787768,3028123240,3072170792,1229689024,3113877504,3113877504,3113877504,3113877504,3221225472
2026-02-28 00:20:01,3046551456,2663457576,2881199616,2853638376,1634439360,3113877504,3113877504,3113877504,3113877504,3221225472
2026-02-28 00:20:31,2861529312,2791985560,2830233320,,2188087488,3113877504,3113877504,3113877504,,3221225472
2026-02-28 00:21:01,2854512368,2551956152,2477484424,3104862848,1478843464,3113877504,3113877504,3113877504,3113877504,3221225472
2026-02-28 00:21:31,2855736096,3026253448,2867015560,2826049344,1531815304,3113877504,3113877504,3113877504,3113877504,3221225472
2026-02-28 00:22:01,,2861543472,2612891872,2918252576,1900914056,,3113877504,3113877504,3113877504,3221225472
2026-02-28 00:22:31,2782720960,2688445128,2983264272,2995078704,2228069768,3113877504,3113877504,3113877504,3113877504,3221225472
2026-02-28 00:23:01,2760351688,2997329304,2537465680,2954275128,2465047944,3113877504,3113877504,3113877504,3113877504,3221225472
2026-02-28 00:23:31,2870804080,2768138240,2861264616,2973163368,2752357768,3113877504,3113877504,3113877504,3113877504,3221225472
2026-02-28 00:24:01,,2502259648,2492076640,2989586096,1519969688,,3113877504,3113877504,3113877504,3221225472
2026-02-28 00:24:31,2881430640,2944507192,2843794664,3042261568,1842931096,3113877504,3113877504,3113877504,3113877504,3221225472
2026-02-28 00:25:01,3093162552,2615601888,3100180712,3009954240,2082006424,3113877504,3113877504,3113877504,3113877504,3221225472
2026-02-28 00:25:31,3078855480,3096621888,2809007320,,2455299480,3113877504,3113877504,3113877504,,3221225472
2026-02-28 00:26:01,3059251376,2883597280,2524612936,2908377736,1500225424,3113877504,3113877504,3113877504,3113877504,3221225472
2026-02-28 00:26:31,2802814688,2658802184,2822937456,2927064088,1774952336,3113877504,3113877504,3113877504,3113877504,3221225472
2026-02-28 00:27:01,2959781448,3107756736,2575559936,3027440728,2125176720,3113877504,3113877504,3113877504,3113877504,3221225472
2026-02-28 00:27:31,3013382248,2821717800,2821343424,3004226128,1326741840,3113877504,3113877504,3113877504,3113877504,3221225472
2026-02-28 00:28:01,2865496696,2541923472,3096179696,3003601392,1576302928,3113877504,3113877504,3113877504,3113877504,3221225472
2026-02-28 00:28:31,2741333464,2925217456,2708204744,3019289880,1844738384,3113877504,3113877504,3113877504,3113877504,3221225472
2026-02-28 00:29:01,2795134096,2670496984,3023652784,3055347480,2129951056,3113877504,3113877504,3113877504,3113877504,3221225472
2026-02-28 00:29:31,2763160488,3029597832,2607404472,3067414136,1413618376,3113877504,3113877504,3113877504,3113877504,3221225472
2026-02-28 00:30:01,2772192616,2780292136,2920849248,3095656416,1694636744,3113877504,3113877504,3113877504,3113877504,3221225472
2026-02-28 00:30:31,2887245328,2601039520,2587522632,2910153360,2021792456,3113877504,3113877504,3113877504,3113877504,3221225472
2026-02-28 00:31:01,2996228056,2906834848,2871978872,2944171568,1290939760,3113877504,3113877504,3113877504,3113877504,3221225472
2026-02-28 00:31:31,2924351224,2654527272,2472022216,2959836688,1550986608,3113877504,3113877504,3113877504,3113877504,3221225472
2026-02-28 00:32:01,3056159552,2961986416,2739675536,2956859752,1792159088,3113877504,3113877504,3113877504,3113877504,3221225472
2026-02-28 00:32:31,2753763056,2738702464,3044767968,2991575672,2071080304,3113877504,3113877504,3113877504,3113877504,3221225472
2026-02-28 00:33:01,2866790880,3090447680,2673006328,3032849816,1335445664,3113877504,3113877504,3113877504,3113877504,3221225472
2026-02-28 00:33:31,2737031536,2884108032,2992271896,3079514032,1631144096,3113877504,3113877504,3113877504,3113877504,3221225472
2026-02-28 00:34:01,2959163968,2656733640,2638202592,2867979440,1931036832,3113877504,3113877504,3113877504,3113877504,3221225472
2026-02-28 00:34:31,2959311560,3014434976,2927868040,2901831552,1393574016,3113877504,3113877504,3113877504,3113877504,3221225472
2026-02-28 00:35:01,2977801976,2818441336,2604435376,2988922072,1706049664,3113877504,3113877504,3113877504,3113877504,3221225472
2026-02-28 00:35:31,3001061592,2566305816,2890599592,3015871248,1963999360,3113877504,3113877504,3113877504,3113877504,3221225472
2026-02-28 00:36:01,3002698112,2887837408,2517696688,3057165872,2240823424,3113877504,3113877504,3113877504,3113877504,3221225472
2026-02-28 00:36:31,3069922936,2833290296,2976147440,3040881304,2689613952,3113877504,3113877504,3113877504,3113877504,3221225472
2026-02-28 00:37:01,2760863024,2617815192,2649322288,3090810160,1457751704,3113877504,3113877504,3113877504,3113877504,3221225472
2026-02-28 00:37:31,2824428280,3070529600,3002229152,2901438624,1732478616,3113877504,3113877504,3113877504,3113877504,3221225472
2026-02-28 00:38:01,2973420456,2996752736,2830746264,3071401248,1582210592,3113877504,3113877504,3113877504,3113877504,3221225472
2026-02-28 00:38:31,3093544000,2929161616,2574743384,2894327376,1844354592,3113877504,3113877504,3113877504,3113877504,3221225472
2026-02-28 00:39:01,2904914656,2837566632,3049227672,2974967456,2137955872,3113877504,3113877504,3113877504,3113877504,3221225472
2026-02-28 00:39:31,3086672552,2651523040,2715508136,3038358000,2423168544,3113877504,3113877504,3113877504,3113877504,3221225472
2026-02-28 00:40:01,2838862408,2981033296,2991614416,3069823968,2676923936,3113877504,3113877504,3113877504,3113877504,3221225472
2026-02-28 00:40:31,2915636784,2668885712,2560745648,3070823640,1389215632,3113877504,3113877504,3113877504,3113877504,3221225472
2026-02-28 00:41:01,3085461632,3049143040,2895207224,,1699594128,3113877504,3113877504,3113877504,,3221225472
2026-02-28 00:41:31,2893131664,2602286448,2847411088,3057251536,2270019472,3113877504,3113877504,3113877504,3113877504,3221225472
2026-02-28 00:42:01,2849839584,3097985112,2678263944,2935697376,2567815056,3113877504,3113877504,3113877504,3113877504,3221225472
2026-02-28 00:42:31,3080221744,3028225656,3058346176,3023006280,1364760368,3113877504,3113877504,3113877504,3113877504,3221225472
2026-02-28 00:43:01,2838208600,2900432928,2852887168,3109219960,1654167344,3113877504,3113877504,3113877504,3113877504,3221225472
2026-02-28 00:43:31,3065303080,2744407824,,2936630632,1891145520,3113877504,3113877504,,3113877504,3221225472
2026-02-28 00:44:01,2856671848,,2871791424,3004906856,2151192368,3113877504,,3113877504,3113877504,3221225472
2026-02-28 00:44:31,2975317576,2942442288,2506212024,3067199136,2421724976,3113877504,3113877504,3113877504,3113877504,3221225472
2026-02-28 00:45:01,3052309080,2682775896,2778884528,3108567680,1454284280,3113877504,3113877504,3113877504,3113877504,3221225472
2026-02-28 00:45:31,2795537440,2989820408,3046851096,2922661040,1703845368,3113877504,3113877504,3113877504,3113877504,3221225472
2026-02-28 00:46:01,2843850976,2902227952,2837320584,,2116984312,3113877504,3113877504,3113877504,,3221225472
2026-02-28 00:46:31,2889442576,3078589792,2798113760,2996759608,2603523576,3113877504,3113877504,3113877504,3113877504,3221225472
2026-02-28 00:47:01,2925809392,3026106008,2710943840,2966515192,1519226720,3113877504,3113877504,3113877504,3113877504,3221225472
2026-02-28 00:47:31,2861224328,2896802720,3007349880,3039569192,1770884960,3113877504,3113877504,3113877504,3113877504,3221225472
2026-02-28 00:48:01,2891540624,2816821816,2821559448,2958832800,1424877712,3113877504,3113877504,3113877504,3113877504,3221225472
2026-02-28 00:48:31,3072857504,2699187416,2543703216,3079455808,1737353360,3113877504,3113877504,3113877504,3113877504,3221225472
2026-02-28 00:49:01,3052844080,2676376360,3018099048,3081634336,2142103696,3113877504,3113877504,3113877504,3113877504,3221225472
2026-02-28 00:49:31,2957506096,,2775173720,,1471163824,3113877504,,3113877504,,3221225472
2026-02-28 00:50:01,2928375752,,3093911232,3043577800,1752182192,3113877504,,3113877504,3113877504,3221225472
2026-02-28 00:50:31,2872430104,,2761829656,,1991257520,3113877504,,3113877504,,3221225472
2026-02-28 00:51:01,2868887128,,2549736144,3076452264,2316316080,3113877504,,3113877504,3113877504,3221225472
2026-02-28 00:51:31,2855719336,,2945398616,3072384896,1597456880,3113877504,,3113877504,3113877504,3221225472
2026-02-28 00:52:01,2880284520,,2620769184,2976559944,1836532208,3113877504,,3113877504,3113877504,3221225472
2026-02-28 00:52:31,2962674648,,2886091440,3063593104,2065121776,3113877504,,3113877504,3113877504,3221225472
2026-02-28 00:53:01,2876650888,,2604534944,2997188320,1636254192,3113877504,,3113877504,3113877504,3221225472
2026-02-28 00:53:31,3096642312,,3006733848,3012148128,1967604208,3113877504,,3113877504,3113877504,3221225472
2026-02-28 00:54:01,2925996488,,2679132728,3106906760,2200388080,3113877504,,3113877504,3113877504,3221225472
2026-02-28 00:54:31,2914392544,,2910022872,3003851848,1550573688,3113877504,,3113877504,3113877504,3221225472
2026-02-28 00:55:01,2980357120,,2584440624,3095535432,1783357560,3113877504,,3113877504,3113877504,3221225472
2026-02-28 00:55:31,3058832592,,2953270336,3092500912,2093736056,3113877504,,3113877504,3113877504,3221225472
2026-02-28 00:56:01,2909823136,,2833016808,3018945576,1551940096,3113877504,,3113877504,3113877504,3221225472
2026-02-28 00:56:31,3111763584,,,2974745352,1801501184,3113877504,,,3113877504,3221225472
2026-02-28 00:57:01,3083250424,,2805012984,3083385816,2038479360,3113877504,,3113877504,3113877504,3221225472
2026-02-28 00:57:31,2918886624,,,3079540544,1673574912,3113877504,,,3113877504,3221225472
2026-02-28 00:58:01,2923386080,,2814953624,3026092416,1910553088,3113877504,,3113877504,3113877504,3221225472
2026-02-28 00:58:31,2913276488,,3087818064,2989370064,2155919872,3113877504,,3113877504,3113877504,3221225472
2026-02-28 00:59:01,2909545896,,2846282584,2982601792,1660992000,3113877504,,3113877504,3113877504,3221225472
2026-02-28 00:59:31,3082947776,,2565084744,2971675656,1927330304,3113877504,,3113877504,3113877504,3221225472
2026-02-28 01:00:01,2915560960,,2880175632,2963856816,2197862912,3113877504,,3113877504,3113877504,3221225472
2026-02-28 01:00:31,2967504680,,2604173200,3108073664,1474345472,3113877504,,3113877504,3113877504,3221225472
2026-02-28 01:01:01,2838895752,,2950271952,2980598304,1784723968,3113877504,,3113877504,3113877504,3221225472
2026-02-28 01:01:31,3058443368,,2737253320,3012523696,2086713856,3113877504,,3113877504,3113877504,3221225472
2026-02-28 01:02:01,2869301672,,3079716280,3068518448,2405480960,3113877504,,3113877504,3113877504,3221225472
2026-02-28 01:02:31,3092049560,,2789038280,3058537696,1508948480,3113877504,,3113877504,3113877504,3221225472
2026-02-28 01:03:01,2968780104,,3074076144,3054179904,1766898176,3113877504,,3113877504,3113877504,3221225472
2026-02-28 01:03:31,2851919608,,2776156264,3040574840,2005973504,3113877504,,3113877504,3113877504,3221225472
2026-02-28 01:04:01,2835511200,,2574236792,3104675248,1476442624,3113877504,,3113877504,3113877504,3221225472
2026-02-28 01:04:31,3072070536,,2854897376,3109681320,1736489472,3113877504,,3113877504,3113877504,3221225472
2026-02-28 01:05:01,3100984008,,2686458568,3065068264,2082519552,3113877504,,3113877504,3113877504,3221225472
2026-02-28 01:05:31,2888466160,,3003625048,3109048952,1562974720,3113877504,,3113877504,3113877504,3221225472
2026-02-28 01:06:01,2873990072,,2713644984,2976980352,1802050048,3113877504,,3113877504,3113877504,3221225472
2026-02-28 01:06:31,2852222608,,3075963824,3084051896,2133400064,3113877504,,3113877504,3113877504,3221225472
2026-02-28 01:07:01,2991931800,,3028421168,3096651040,1796543024,3113877504,,3113877504,3113877504,3221225472
2026-02-28 01:07:31,3034374080,,2782479008,3012380376,2023035440,3113877504,,3113877504,3113877504,3221225472
2026-02-28 01:08:01,2936392504,,2733448272,3101034640,1575628288,3113877504,,3113877504,3113877504,3221225472
2026-02-28 01:08:31,2881590400,,2628647744,3055434928,1831480832,3113877504,,3113877504,3113877504,3221225472
2026-02-28 01:09:01,2873839840,,2948778776,3112320744,2081041920,3113877504,,3113877504,3113877504,3221225472
2026-02-28 01:09:31,3026320736,,2681730600,3051286544,2347380224,3113877504,,3113877504,3113877504,3221225472
2026-02-28 01:10:01,2948933920,,2969039032,3100419328,1602253216,3113877504,,3113877504,3113877504,3221225472
2026-02-28 01:10:31,3111149544,,2660121056,2987403800,1828745632,3113877504,,3113877504,3113877504,3221225472
2026-02-28 01:11:01,2953198528,,2918480416,3009188120,2063626656,3113877504,,3113877504,3113877504,3221225472
2026-02-28 01:11:31,3062405120,,2777429840,3065856392,2459988384,3113877504,,3113877504,3113877504,3221225472
2026-02-28 01:12:01,3104820368,,2764274488,3089154976,1612979432,3113877504,,3113877504,3113877504,3221225472
2026-02-28 01:12:31,3100098536,,3098471312,3042232224,1845763304,3113877504,,3113877504,3113877504,3221225472
2026-02-28 01:13:01,,,2964287440,3035067872,1632116952,,,3113877504,3113877504,3221225472
2026-02-28 01:13:31,,,2660755464,3076974536,1846026456,,,3113877504,3113877504,3221225472
2026-02-28 01:14:01,,,2944913360,3024845240,2076713176,,,3113877504,3113877504,3221225472
2026-02-28 01:14:31,,,2680181664,3071418072,2296914136,,,3113877504,3113877504,3221225472
2026-02-28 01:15:01,,,2960771704,3019245480,2523406552,,,3113877504,3113877504,3221225472
2026-02-28 01:15:31,,,2782464768,3089179136,2764579032,,,3113877504,3113877504,3221225472
2026-02-28 01:16:01,,,3098965160,3052500016,1652167808,,,3113877504,3113877504,3221225472
2026-02-28 01:16:31,,,2804378368,3097702216,1866077312,,,3113877504,3113877504,3221225472
2026-02-28 01:17:01,,,3090603960,3036857192,2100958336,,,3113877504,3113877504,3221225472
2026-02-28 01:17:31,,,2790312272,3060793488,2319062144,,,3113877504,3113877504,3221225472
2026-02-28 01:18:01,,,3036304392,3093282584,2547651712,,,3113877504,3113877504,3221225472
2026-02-28 01:18:31,,,2728880816,2996036856,2763658368,,,3113877504,3113877504,3221225472
2026-02-28 01:19:01,,,2977304432,3027820704,1623588400,,,3113877504,3113877504,3221225472
2026-02-28 01:19:31,,,2664162128,3048390072,1835400752,,,3113877504,3113877504,3221225472
2026-02-28 01:20:01,,,2918690104,3084162880,2068184624,,,3113877504,3113877504,3221225472
2026-02-28 01:20:31,,,2602233208,3104193232,2284191280,,,3113877504,3113877504,3221225472
2026-02-28 01:21:01,,,2853479768,3020138968,2514878000,,,3113877504,3113877504,3221225472
2026-02-28 01:21:31,,,3092963656,3048262024,2735078960,,,3113877504,3113877504,3221225472
2026-02-28 01:22:01,,,2797390472,3080475208,1584428896,,,3113877504,3113877504,3221225472
2026-02-28 01:22:31,,,3024561584,3100224728,1798338400,,,3113877504,3113877504,3221225472
2026-02-28 01:23:01,,,2723845712,3014700776,2026927968,,,3113877504,3113877504,3221225472
2026-02-28 01:23:31,,,2957366344,3035659640,2242934624,,,3113877504,3113877504,3221225472
2026-02-28 01:24:01,,,2656680344,3070436016,2473621344,,,3113877504,3113877504,3221225472
2026-02-28 01:24:31,,,2887681408,3093468360,2691725152,,,3113877504,3113877504,3221225472
2026-02-28 01:25:01,,,2582375704,3006407280,1525214160,,,3113877504,3113877504,3221225472
2026-02-28 01:25:31,,,2820980880,3028844984,1739123664,,,3113877504,3113877504,3221225472
2026-02-28 01:26:01,,,3067325200,3064274232,1971907536,,,3113877504,3113877504,3221225472
2026-02-28 01:26:31,,,2754672992,3084651152,2185817040,,,3113877504,3113877504,3221225472
2026-02-28 01:27:01,,,2999994424,3000679856,2412309456,,,3113877504,3113877504,3221225472
2026-02-28 01:27:31,,,2686849008,3022434344,2628316112,,,3113877504,3113877504,3221225472
2026-02-28 01:28:01,,,2933870152,3056506968,2852711376,,,3113877504,3113877504,3221225472
2026-02-28 01:28:31,,,2617863928,3078441336,1671950552,,,3113877504,3113877504,3221225472
2026-02-28 01:29:01,,,2866275688,3113659776,1902637272,,,3113877504,3113877504,3221225472
2026-02-28 01:29:31,,,3093612592,3015791768,2116546776,,,3113877504,3113877504,3221225472
2026-02-28 01:30:01,,,2796051288,3048794848,2345136344,,,3113877504,3113877504,3221225472
2026-02-28 01:30:31,,,3030600384,3072258288,2561143000,,,3113877504,3113877504,3221225472
2026-02-28 01:31:01,,,2731462944,3107693256,2791829720,,,3113877504,3113877504,3221225472
2026-02-28 01:31:31,,,2963678728,3010317328,1598920464,,,3113877504,3113877504,3221225472
2026-02-28 01:32:01,,,2657830624,3047648464,1831704336,,,3113877504,3113877504,3221225472
2026-02-28 01:32:31,,,2892827256,3068477888,2045613840,,,3113877504,3113877504,3221225472
2026-02-28 01:33:01,,,2584336352,3099458080,2274203408,,,3113877504,3113877504,3221225472
2026-02-28 01:33:31,,,2818655680,3003003984,2488112912,,,3113877504,3113877504,3221225472
2026-02-28 01:34:01,,,3063408088,3037776528,2716702480,,,3113877504,3113877504,3221225472
2026-02-28 01:34:31,,,2751340264,3058509840,1518753672,,,3113877504,3113877504,3221225472
2026-02-28 01:35:01,,,2993537792,3090318440,1747343240,,,3113877504,3113877504,3221225472
2026-02-28 01:35:31,,,2677378416,3111384720,1961252744,,,3113877504,3113877504,3221225472
