Time,"container_id=""rskj-miner1"",exported_job=""docker-json-logs"",instance=""host.docker.internal:9080"",job=""promtail"",source=""promtail""","container_id=""rskj-miner2"",exported_job=""docker-json-logs"",instance=""host.docker.internal:9080"",job=""promtail"",source=""promtail""","container_id=""rskj-node1"",exported_job=""docker-json-logs"",instance=""host.docker.internal:9080"",job=""promtail"",source=""promtail""","container_id=""rskj-node2"",exported_job=""docker-json-logs"",instance=""host.docker.internal:9080"",job=""promtail"",source=""promtail"""
2026-03-18 19:56:48,29.59942906819155,29.59942906819155,29.59942906819155,29.59942906819155
2026-03-18 19:57:18,29.58758929656427,29.58758929656427,29.58758929656427,29.58758929656427
2026-03-18 19:57:48,30.16726934606256,30.16726934606256,30.16726934606256,30.16726934606256
2026-03-18 19:58:18,29.56392395914131,29.56392395914131,29.56392395914131,29.56392395914131
2026-03-18 19:58:48,29.56392395914131,29.56392395914131,29.56392395914131,29.56392395914131
2026-03-18 19:59:18,28.39319257035931,28.39319257035931,28.39319257035931,28.39319257035931
2026-03-18 19:59:48,30.131083101205864,30.131083101205864,30.131083101205864,30.131083101205864
2026-03-18 20:00:18,29.516650054606075,28.937892210398115,29.516650054606075,29.516650054606075
2026-03-18 20:00:48,29.516650054606075,29.516650054606075,29.516650054606075,29.516650054606075
2026-03-18 20:01:18,28.926317053513955,28.926317053513955,28.926317053513955,28.926317053513955
2026-03-18 20:01:48,28.3364515961587,28.3364515961587,28.3364515961587,28.3364515961587
2026-03-18 20:02:18,28.903180628081873,28.903180628081873,28.903180628081873,28.903180628081873
2026-03-18 20:02:48,27.747511229339747,27.747511229339747,27.747511229339747,27.747511229339747
2026-03-18 20:03:18,27.192561004752957,27.192561004752957,27.192561004752957,27.192561004752957
2026-03-18 20:03:48,26.648709784657896,26.648709784657896,26.648709784657896,26.648709784657896
2026-03-18 20:04:18,26.63805030074403,26.63805030074403,26.63805030074403,26.63805030074403
2026-03-18 20:04:48,26.627395080623735,26.627395080623735,26.627395080623735,26.627395080623735
2026-03-18 20:05:18,26.094847179011264,26.094847179011264,26.094847179011264,26.094847179011264
2026-03-18 20:05:48,25.572950235431037,25.572950235431037,25.572950235431037,25.572950235431037
2026-03-18 20:06:18,25.562721055336866,25.562721055336866,25.562721055336866,25.562721055336866
2026-03-18 20:06:48,25.552495966914726,25.552495966914726,25.552495966914726,25.552495966914726
2026-03-18 20:07:18,27.105666534801625,27.105666534801625,27.105666534801625,27.105666534801625
2026-03-18 20:07:48,27.647779865497657,27.647779865497657,27.647779865497657,27.647779865497657
2026-03-18 20:08:18,27.0948242681877,27.0948242681877,27.0948242681877,27.0948242681877
2026-03-18 20:08:48,27.083986338480425,27.083986338480425,27.083986338480425,27.083986338480425
2026-03-18 20:09:18,26.542306611710817,26.542306611710817,26.542306611710817,26.542306611710817
2026-03-18 20:09:48,27.062323482847457,27.062323482847457,26.521077013190503,26.521077013190503
2026-03-18 20:10:18,26.510468582385233,26.510468582385233,26.510468582385233,26.510468582385233
2026-03-18 20:10:48,26.499864394952276,26.499864394952276,26.499864394952276,26.499864394952276
2026-03-18 20:11:18,25.969867107053233,25.969867107053233,25.969867107053233,25.969867107053233
2026-03-18 20:11:48,25.450469764912167,25.450469764912167,25.450469764912167,25.450469764912167
2026-03-18 20:12:18,28.09937509986154,28.09937509986154,28.09937509986154,28.09937509986154
2026-03-18 20:12:48,28.649898056818024,28.649898056818024,28.649898056818024,28.649898056818024
2026-03-18 20:13:18,28.076900095681665,28.076900095681665,28.076900095681665,28.076900095681665
2026-03-18 20:13:48,27.515362093768033,27.515362093768033,28.065669335643392,28.065669335643392
2026-03-18 20:14:18,28.065669335643392,28.065669335643392,28.065669335643392,28.065669335643392
2026-03-18 20:14:48,27.504355948930524,27.504355948930524,27.504355948930524,27.504355948930524
2026-03-18 20:15:18,26.415183453352878,26.943487122419935,26.943487122419935,26.943487122419935
2026-03-18 20:15:48,28.592644082209013,28.592644082209013,28.592644082209013,28.592644082209013
2026-03-18 20:16:18,30.33060554413638,30.33060554413638,30.33060554413638,30.33060554413638
2026-03-18 20:16:48,29.723993433253657,29.723993433253657,29.723993433253657,29.723993433253657
2026-03-18 20:17:18,29.723993433253657,29.723993433253657,29.723993433253657,29.723993433253657
2026-03-18 20:17:48,29.12951356458858,29.12951356458858,29.12951356458858,29.12951356458858
2026-03-18 20:18:18,29.10621461445908,28.53550452397949,29.10621461445908,29.10621461445908
2026-03-18 20:18:48,30.282105684883224,30.282105684883224,30.282105684883224,30.282105684883224
2026-03-18 20:19:18,29.67646357118556,29.67646357118556,29.67646357118556,29.67646357118556
2026-03-18 20:19:48,29.071301126041945,28.501275613766616,29.652727148562786,29.652727148562786
2026-03-18 20:20:18,30.233683378857425,30.233683378857425,30.233683378857425,30.233683378857425
2026-03-18 20:20:48,30.233683378857425,30.233683378857425,30.233683378857425,30.233683378857425
2026-03-18 20:21:18,29.62900971128028,29.62900971128028,29.62900971128028,29.62900971128028
2026-03-18 20:21:48,30.813691294934554,30.813691294934554,30.813691294934554,30.813691294934554
2026-03-18 20:22:18,30.197417469035862,30.197417469035862,30.197417469035862,30.197417469035862
2026-03-18 20:22:48,29.593469119655143,29.593469119655143,29.593469119655143,29.593469119655143
2026-03-18 20:23:18,31.404826177530996,31.404826177530996,31.404826177530996,31.404826177530996
2026-03-18 20:23:48,30.776729653980375,30.776729653980375,30.776729653980375,30.776729653980375
2026-03-18 20:24:18,30.161195060900766,29.557971159682754,29.557971159682754,29.557971159682754
2026-03-18 20:24:48,28.38747550175932,28.38747550175932,28.38747550175932,28.38747550175932
2026-03-18 20:25:18,28.376120511558614,28.376120511558614,28.376120511558614,28.376120511558614
2026-03-18 20:25:48,27.80859810132744,27.80859810132744,27.80859810132744,27.80859810132744
2026-03-18 20:26:18,27.252426139300898,27.252426139300898,27.252426139300898,27.252426139300898
2026-03-18 20:26:48,26.69669466546827,26.69669466546827,26.69669466546827,26.69669466546827
2026-03-18 20:27:18,26.162760772158904,26.162760772158904,26.162760772158904,26.162760772158904
2026-03-18 20:27:48,26.686015987602083,26.686015987602083,26.686015987602083,26.686015987602083
2026-03-18 20:28:18,26.152295667850044,26.152295667850044,26.152295667850044,26.152295667850044
2026-03-18 20:28:48,25.629249754493046,25.629249754493046,25.629249754493046,25.629249754493046
2026-03-18 20:29:18,25.116664759403186,24.61433146421512,24.61433146421512,24.61433146421512
2026-03-18 20:29:48,24.122044834930815,24.61433146421512,24.122044834930815,24.122044834930815
2026-03-18 20:30:18,23.6396039382322,23.6396039382322,24.112396016996847,24.112396016996847
2026-03-18 20:30:48,24.102751058590048,24.102751058590048,24.102751058590048,24.102751058590048
2026-03-18 20:31:18,24.574972157329945,24.574972157329945,24.574972157329945,24.574972157329945
2026-03-18 20:31:48,24.565142168467013,24.565142168467013,24.565142168467013,24.565142168467013
2026-03-18 20:32:18,24.555316111599623,24.555316111599623,24.555316111599623,24.555316111599623
2026-03-18 20:32:48,23.58292559358028,23.58292559358028,23.58292559358028,23.58292559358028
2026-03-18 20:33:18,23.58292559358028,23.58292559358028,23.58292559358028,23.58292559358028
2026-03-18 20:33:48,23.102022574875992,23.102022574875992,23.56406302637351,23.56406302637351
2026-03-18 20:34:18,23.09278176584604,23.55463740116296,23.55463740116296,23.55463740116296
2026-03-18 20:34:48,23.55463740116296,23.55463740116296,23.55463740116296,23.55463740116296
2026-03-18 20:35:18,22.62187376007691,22.62187376007691,22.62187376007691,22.62187376007691
2026-03-18 20:35:48,22.62187376007691,22.62187376007691,22.62187376007691,22.62187376007691
2026-03-18 20:36:18,22.612825010572877,22.612825010572877,23.065081510784335,23.065081510784335
2026-03-18 20:36:48,22.60377988056865,22.60377988056865,22.60377988056865,22.60377988056865
2026-03-18 20:37:18,23.98731203949849,23.98731203949849,23.98731203949849,23.98731203949849
2026-03-18 20:37:48,23.977717114682694,23.977717114682694,23.977717114682694,23.977717114682694
2026-03-18 20:38:18,23.977717114682694,23.977717114682694,23.977717114682694,23.977717114682694
2026-03-18 20:38:48,23.958538777425687,23.958538777425687,23.958538777425687,23.958538777425687
2026-03-18 20:39:18,23.958538777425687,23.958538777425687,23.958538777425687,23.958538777425687
2026-03-18 20:39:48,23.469976254676425,23.469976254676425,23.469976254676425,23.469976254676425
2026-03-18 20:40:18,22.540565194991235,22.540565194991235,22.540565194991235,22.540565194991235
2026-03-18 20:40:48,22.53154896891324,22.53154896891324,22.53154896891324,22.53154896891324
2026-03-18 20:41:18,22.513527334785945,22.513527334785945,22.513527334785945,22.513527334785945
2026-03-18 20:41:48,23.89153531589352,23.89153531589352,23.89153531589352,23.89153531589352
2026-03-18 20:42:18,24.856753342655615,24.856753342655615,24.856753342655615,24.856753342655615
2026-03-18 20:42:48,24.359618275802504,24.359618275802504,24.359618275802504,24.359618275802504
2026-03-18 20:43:18,24.349874428492186,24.349874428492186,23.862876939922344,23.862876939922344
2026-03-18 20:43:48,23.385619401123897,23.385619401123897,23.385619401123897,23.385619401123897
2026-03-18 20:44:18,22.91790701310142,22.91790701310142,22.91790701310142,22.91790701310142
2026-03-18 20:44:48,22.010357895382604,22.010357895382604,22.450565053290255,22.450565053290255
2026-03-18 20:45:18,24.787237896330552,24.787237896330552,24.787237896330552,24.787237896330552
2026-03-18 20:45:48,25.27286946119546,25.27286946119546,25.27286946119546,25.27286946119546
2026-03-18 20:46:18,25.77832685041937,25.77832685041937,25.77832685041937,25.77832685041937
2026-03-18 20:46:48,25.262760313410983,25.262760313410983,25.262760313410983,25.262760313410983
2026-03-18 20:47:18,25.25265520928562,25.25265520928562,25.25265520928562,25.25265520928562
2026-03-18 20:47:48,25.242554147201904,25.242554147201904,25.242554147201904,25.242554147201904
2026-03-18 20:48:18,25.242554147201904,25.242554147201904,25.242554147201904,25.242554147201904
2026-03-18 20:48:48,24.737703064257868,24.737703064257868,24.24294900297271,24.24294900297271
2026-03-18 20:49:18,25.726811425546664,25.222364142692808,25.726811425546664,25.726811425546664
2026-03-18 20:49:48,25.212275197035726,25.212275197035726,25.212275197035726,25.212275197035726
2026-03-18 20:50:18,25.202190286956917,25.202190286956917,25.202190286956917,25.202190286956917
2026-03-18 20:50:48,24.698146481217776,24.698146481217776,24.698146481217776,24.698146481217776
2026-03-18 20:51:18,24.698146481217776,24.698146481217776,24.698146481217776,24.698146481217776
2026-03-18 20:51:48,23.720099880561555,23.720099880561555,23.720099880561555,23.720099880561555
2026-03-18 20:52:18,22.78078392529132,22.78078392529132,22.78078392529132,22.78078392529132
2026-03-18 20:52:48,22.7716716117212,22.7716716117212,22.7716716117212,22.7716716117212
2026-03-18 20:53:18,22.7716716117212,22.7716716117212,22.762562943076514,22.762562943076514
2026-03-18 20:53:48,22.298388759541297,22.298388759541297,22.298388759541297,22.298388759541297
2026-03-18 20:54:18,25.111607431134207,25.111607431134207,25.111607431134207,25.111607431134207
2026-03-18 20:54:48,24.117187776861297,24.117187776861297,24.117187776861297,24.117187776861297
2026-03-18 20:55:18,23.634844021324067,23.634844021324067,23.634844021324067,23.634844021324067
2026-03-18 20:55:48,24.09789788538985,23.162147140897588,24.09789788538985,24.09789788538985
2026-03-18 20:56:18,24.088258726235694,24.579855843097643,25.061424378775616,25.061424378775616
2026-03-18 20:56:48,25.061424378775616,25.061424378775616,25.061424378775616,25.061424378775616
2026-03-18 20:57:18,24.0689919733761,24.560195891200102,24.0689919733761,24.0689919733761
2026-03-18 20:57:48,24.049740630836112,24.540551664118485,24.049740630836112,24.049740630836112
2026-03-18 20:58:18,23.56874581821939,23.56874581821939,23.56874581821939,23.56874581821939
2026-03-18 20:58:48,23.559318319892103,24.04012073458378,23.088131953494266,23.088131953494266
2026-03-18 20:59:18,22.626369314424377,22.626369314424377,22.626369314424377,22.626369314424377
2026-03-18 20:59:48,22.61731876669861,22.61731876669861,22.61731876669861,22.61731876669861
2026-03-18 21:00:18,22.61731876669861,22.61731876669861,22.61731876669861,22.61731876669861
2026-03-18 21:00:48,22.60827183919193,22.60827183919193,22.60827183919193,22.60827183919193
2026-03-18 21:01:18,22.15610640240809,22.15610640240809,22.15610640240809,22.15610640240809
2026-03-18 21:01:48,21.704299080650184,21.704299080650184,21.704299080650184,21.704299080650184
2026-03-18 21:02:18,21.695617361017923,21.695617361017923,21.695617361017923,21.695617361017923
2026-03-18 21:02:48,22.563091454282088,22.563091454282088,22.563091454282088,22.563091454282088
2026-03-18 21:03:18,23.934555502753376,23.934555502753376,23.934555502753376,23.934555502753376
2026-03-18 21:03:48,25.389381959255516,25.389381959255516,25.389381959255516,25.389381959255516
2026-03-18 21:04:18,24.88159432007041,24.88159432007041,24.88159432007041,24.88159432007041
2026-03-18 21:04:48,24.88159432007041,24.88159432007041,24.88159432007041,24.88159432007041
2026-03-18 21:05:18,24.37420884869553,24.37420884869553,24.37420884869553,24.37420884869553
2026-03-18 21:05:48,25.86610542390649,25.86610542390649,26.383427532384616,26.383427532384616
2026-03-18 21:06:18,26.91109608303231,26.91109608303231,26.91109608303231,26.91109608303231
2026-03-18 21:06:48,26.37287416137166,26.37287416137166,26.37287416137166,26.37287416137166
2026-03-18 21:07:18,25.84541667814423,25.84541667814423,25.84541667814423,25.84541667814423
2026-03-18 21:07:48,26.362325011707114,25.835078511472968,25.835078511472968,25.835078511472968
2026-03-18 21:08:18,25.31837694124351,25.31837694124351,25.31837694124351,25.31837694124351
2026-03-18 21:08:48,25.31837694124351,25.31837694124351,25.31837694124351,25.31837694124351
2026-03-18 21:09:18,24.81200940241864,24.81200940241864,24.81200940241864,24.81200940241864
2026-03-18 21:09:48,24.80208459865767,24.80208459865767,24.80208459865767,24.80208459865767
2026-03-18 21:10:18,24.30604290668452,24.30604290668452,24.30604290668452,24.30604290668452
2026-03-18 21:10:48,24.30604290668452,23.819922048550833,23.819922048550833,23.819922048550833
2026-03-18 21:11:18,24.296320489521847,24.296320489521847,24.296320489521847,24.296320489521847
2026-03-18 21:11:48,23.334186198136784,23.334186198136784,23.334186198136784,23.334186198136784
2026-03-18 21:12:18,23.79134957413068,23.79134957413068,23.79134957413068,23.79134957413068
2026-03-18 21:12:48,24.257469694987048,24.257469694987048,24.257469694987048,24.257469694987048
2026-03-18 21:13:18,23.762811372966873,23.762811372966873,23.762811372966873,23.762811372966873
2026-03-18 21:13:48,24.712939820853755,24.712939820853755,24.712939820853755,24.712939820853755
2026-03-18 21:14:18,24.21868102443668,24.21868102443668,24.703054644925416,24.703054644925416
2026-03-18 21:14:48,24.703054644925416,24.208993552026907,24.208993552026907,24.208993552026907
2026-03-18 21:15:18,24.199309954606097,24.683296153698215,25.176962076772185,25.176962076772185
2026-03-18 21:15:48,24.67342283523674,24.67342283523674,24.67342283523674,24.67342283523674
2026-03-18 21:16:18,24.179954378532003,24.179954378532003,24.179954378532003,24.179954378532003
2026-03-18 21:16:48,23.696355290961364,23.696355290961364,24.653688044716205,24.653688044716205
2026-03-18 21:17:18,24.16061428382188,24.653688044716205,25.13670310088828,25.13670310088828
2026-03-18 21:17:48,24.633969038870514,24.633969038870514,24.633969038870514,24.633969038870514
2026-03-18 21:18:18,24.141289658093108,24.141289658093108,24.13163314222987,24.13163314222987
2026-03-18 21:18:48,24.604420098752435,24.121980488972977,24.604420098752435,24.604420098752435
2026-03-18 21:19:18,24.11233169677739,24.11233169677739,24.11233169677739,24.11233169677739
2026-03-18 21:19:48,24.11233169677739,24.11233169677739,24.11233169677739,24.11233169677739
2026-03-18 21:20:18,23.63008506284184,24.11233169677739,24.102686764098674,24.102686764098674
2026-03-18 21:20:48,24.102686764098674,24.102686764098674,23.620633028816705,23.620633028816705
2026-03-18 21:21:18,24.09304568939304,24.09304568939304,24.09304568939304,24.09304568939304
2026-03-18 21:21:48,24.09304568939304,24.09304568939304,24.09304568939304,24.09304568939304
2026-03-18 21:22:18,24.08340847111728,23.611184775605174,24.565076640539623,24.565076640539623
2026-03-18 21:22:48,25.056378173350417,24.565076640539623,25.056378173350417,25.056378173350417
2026-03-18 21:23:18,25.04635562208108,25.056378173350417,25.04635562208108,25.04635562208108
2026-03-18 21:23:48,26.058228389213152,25.04635562208108,26.058228389213152,26.058228389213152
2026-03-18 21:24:18,26.047805097857463,26.058228389213152,26.568761199814617,26.568761199814617
2026-03-18 21:24:48,26.55813369533469,26.568761199814617,27.089296369241385,27.089296369241385
2026-03-18 21:25:18,27.631082296626207,27.631082296626207,27.631082296626207,27.631082296626207
2026-03-18 21:25:48,28.172430460981708,27.631082296626207,27.608981851762078,27.608981851762078
2026-03-18 21:26:18,27.59793825902137,28.172430460981708,28.71289496468583,28.71289496468583
2026-03-18 21:26:48,28.138637065392118,27.056802214726833,28.138637065392118,28.138637065392118
2026-03-18 21:27:18,27.02434703760259,28.138637065392118,27.02434703760259,27.02434703760259
2026-03-18 21:27:48,27.56483397835464,27.56483397835464,27.56483397835464,27.56483397835464
2026-03-18 21:28:18,27.553808044763297,27.56483397835464,28.104884205658564,28.104884205658564
2026-03-18 21:28:48,28.104884205658564,28.104884205658564,27.54278652154539,27.54278652154539
2026-03-18 21:29:18,27.531769406936775,26.991930791114484,28.07117183315748,28.07117183315748
2026-03-18 21:29:48,26.959553428564444,28.07117183315748,26.959553428564444,26.959553428564444
2026-03-18 21:30:18,27.498744497135732,27.498744497135732,26.948769607193015,26.948769607193015
2026-03-18 21:30:48,27.487744999336876,27.487744999336876,27.487744999336876,27.487744999336876
2026-03-18 21:31:18,26.93799009935014,26.93799009935014,26.93799009935014,26.93799009935014
2026-03-18 21:31:48,28.01507438540414,28.01507438540414,27.454772897696056,27.454772897696056
2026-03-18 21:32:18,27.454772897696056,27.454772897696056,26.905677439742135,26.905677439742135
2026-03-18 21:32:48,26.905677439742135,26.905677439742135,26.367563890947295,26.367563890947295
2026-03-18 21:33:18,25.84021261312835,26.367563890947295,27.42184034675271,27.42184034675271
2026-03-18 21:33:48,26.873403539817655,26.873403539817655,26.873403539817655,26.873403539817655
2026-03-18 21:34:18,26.862654178401726,26.335935469021305,26.862654178401726,26.862654178401726
2026-03-18 21:34:48,26.85190911673037,26.862654178401726,27.388947299064977,27.388947299064977
2026-03-18 21:35:18,28.4954607699472,27.936726245046273,27.925551554548257,27.925551554548257
2026-03-18 21:35:48,27.367040523457288,27.367040523457288,27.914381333926436,27.914381333926436
2026-03-18 21:36:18,29.042122339817062,29.042122339817062,29.042122339817062,29.042122339817062
2026-03-18 21:36:48,28.46127989302072,28.46127989302072,27.892054295160307,27.892054295160307
2026-03-18 21:37:18,29.587431445996696,27.3342132092571,29.587431445996696,29.587431445996696
2026-03-18 21:37:48,30.179180074916626,30.179180074916626,30.179180074916626,30.179180074916626
2026-03-18 21:38:18,30.77045057094439,30.77045057094439,30.77045057094439,30.77045057094439
2026-03-18 21:38:48,31.373305238530335,31.373305238530335,31.373305238530335,31.373305238530335
2026-03-18 21:39:18,31.360755916434925,31.360755916434925,31.360755916434925,31.360755916434925
2026-03-18 21:39:48,30.733540798106223,30.733540798106223,30.733540798106223,30.733540798106223
2026-03-18 21:40:18,31.34821161406835,31.34821161406835,31.34821161406835,31.34821161406835
2026-03-18 21:40:48,30.106822434151244,30.721247381786984,30.106822434151244,30.106822434151244
2026-03-18 21:41:18,30.708958882834267,30.708958882834267,30.708958882834267,30.708958882834267
2026-03-18 21:41:48,30.696675299281136,30.696675299281136,30.696675299281136,30.696675299281136
2026-03-18 21:42:18,30.08274179329551,30.08274179329551,30.08274179329551,30.08274179329551
2026-03-18 21:42:48,30.672122870509757,30.672122870509757,30.672122870509757,30.672122870509757
2026-03-18 21:43:18,30.05868041309956,30.05868041309956,30.05868041309956,30.05868041309956
2026-03-18 21:43:48,30.04665694093432,30.04665694093432,30.04665694093432,30.04665694093432
2026-03-18 21:44:18,30.03463827815795,30.03463827815795,30.03463827815795,30.03463827815795
2026-03-18 21:44:48,31.860249218520284,31.860249218520284,31.860249218520284,31.860249218520284
2026-03-18 21:45:18,32.49745420289069,32.49745420289069,32.49745420289069,32.49745420289069
2026-03-18 21:45:48,31.847505118832878,31.847505118832878,31.847505118832878,31.847505118832878
2026-03-18 21:46:18,31.210555016456215,31.210555016456215,31.210555016456215,31.210555016456215
2026-03-18 21:46:48,31.210555016456215,31.210555016456215,31.210555016456215,31.210555016456215
2026-03-18 21:47:18,32.4584728545454,32.4584728545454,32.4584728545454,32.4584728545454
2026-03-18 21:47:48,32.4584728545454,32.4584728545454,31.809303397454492,31.809303397454492
2026-03-18 21:48:18,31.809303397454492,31.809303397454492,31.173117329505406,31.173117329505406
2026-03-18 21:48:48,31.173117329505406,31.173117329505406,30.549654982915296,30.549654982915296
2026-03-18 21:49:18,30.549654982915296,30.549654982915296,30.549654982915296,30.549654982915296
2026-03-18 21:49:48,30.53743512092213,30.549654982915296,29.92668641850369,29.92668641850369
2026-03-18 21:50:18,29.92668641850369,29.92668641850369,29.328152690133617,29.328152690133617
2026-03-18 21:50:48,29.914715743936288,29.914715743936288,29.914715743936288,29.914715743936288
2026-03-18 21:51:18,29.31642142905756,29.31642142905756,28.73009300047641,28.73009300047641
2026-03-18 21:51:48,28.71860096327622,28.73009300047641,28.71860096327622,28.71860096327622
2026-03-18 21:52:18,28.144228944010695,28.71860096327622,28.707113522890907,28.707113522890907
2026-03-18 21:52:48,28.707113522890907,28.707113522890907,28.132971252433087,28.132971252433087
2026-03-18 21:53:18,29.85493415685201,29.85493415685201,29.85493415685201,29.85493415685201
2026-03-18 21:53:48,29.84299218318927,29.84299218318927,29.84299218318927,29.84299218318927
2026-03-18 21:54:18,31.04864906739012,31.04864906739012,31.04864906739012,31.04864906739012
2026-03-18 21:54:48,31.03622960776316,30.427676086042315,31.03622960776316,31.03622960776316
2026-03-18 21:55:18,32.27717724660322,32.27717724660322,32.27717724660322,32.27717724660322
2026-03-18 21:55:48,32.27717724660322,32.27717724660322,32.27717724660322,32.27717724660322
2026-03-18 21:56:18,31.63163370167116,31.63163370167116,30.99900102763774,30.99900102763774
2026-03-18 21:56:48,32.23846012488664,31.606333455771217,32.23846012488664,32.23846012488664
2026-03-18 21:57:18,31.59369092238891,31.59369092238891,30.961817103941133,30.961817103941133
2026-03-18 21:57:48,31.568421024641545,31.568421024641545,31.568421024641545,31.568421024641545
2026-03-18 21:58:18,31.55579365623169,31.55579365623169,32.18690952935632,32.18690952935632
2026-03-18 21:58:48,33.487260674342316,33.487260674342316,32.81751546085547,32.81751546085547
2026-03-18 21:59:18,32.81751546085547,32.81751546085547,32.81751546085547,32.81751546085547
2026-03-18 21:59:48,32.16116515163836,32.16116515163836,32.16116515163836,32.16116515163836
2026-03-18 22:00:18,32.1483006855777,32.1483006855777,31.50533467186615,31.50533467186615
2026-03-18 22:00:48,30.25772341886025,30.25772341886025,30.25772341886025,30.25772341886025
2026-03-18 22:01:18,29.652568950483047,29.640707922902852,29.640707922902852,29.640707922902852
2026-03-18 22:01:48,29.047893764444797,29.047893764444797,29.628851639733693,29.628851639733693
2026-03-18 22:02:18,29.628851639733693,29.628851639733693,29.036274606939017,29.036274606939017
2026-03-18 22:02:48,28.45554911480024,28.45554911480024,28.45554911480024,28.45554911480024
2026-03-18 22:03:18,26.78213518245707,26.78213518245707,26.78213518245707,26.78213518245707
2026-03-18 22:03:48,26.246492478807927,26.246492478807927,26.771422328384084,26.771422328384084
2026-03-18 22:04:18,28.410047546259815,28.410047546259815,28.410047546259815,28.410047546259815
2026-03-18 22:04:48,28.410047546259815,28.410047546259815,28.410047546259815,28.410047546259815
2026-03-18 22:05:18,27.84184659533462,27.84184659533462,27.84184659533462,27.84184659533462
2026-03-18 22:05:48,27.274095659562555,27.274095659562555,27.274095659562555,27.274095659562555
2026-03-18 22:06:18,26.728613746371305,26.728613746371305,26.728613746371305,26.728613746371305
2026-03-18 22:06:48,26.717922300872758,26.717922300872758,26.717922300872758,26.717922300872758
2026-03-18 22:07:18,27.241379834591456,27.241379834591456,27.241379834591456,27.241379834591456
2026-03-18 22:07:48,26.696552237899628,26.696552237899628,26.696552237899628,26.696552237899628
2026-03-18 22:08:18,26.696552237899628,26.696552237899628,26.696552237899628,26.696552237899628
2026-03-18 22:08:48,26.696552237899628,26.696552237899628,26.696552237899628,26.696552237899628
2026-03-18 22:09:18,26.162621193141636,26.162621193141636,25.639368769278803,25.639368769278803
2026-03-18 22:09:48,26.15215614466438,26.15215614466438,26.15215614466438,26.15215614466438
2026-03-18 22:10:18,25.629113021771094,25.629113021771094,25.11653076133567,25.11653076133567
2026-03-18 22:10:48,26.13123860409363,26.13123860409363,26.13123860409363,26.13123860409363
2026-03-18 22:11:18,25.096441555371523,25.60861383201176,25.096441555371523,25.096441555371523
2026-03-18 22:11:48,26.632544550092703,26.632544550092703,26.632544550092703,26.632544550092703
2026-03-18 22:12:18,27.69741595017648,27.69741595017648,27.69741595017648,27.69741595017648
2026-03-18 22:12:48,27.143467631172953,27.143467631172953,27.143467631172953,27.143467631172953
2026-03-18 22:13:18,27.143467631172953,27.143467631172953,27.143467631172953,27.143467631172953
2026-03-18 22:13:48,27.13261024412048,27.13261024412048,27.13261024412048,27.13261024412048
2026-03-18 22:14:18,27.12175720002283,27.12175720002283,27.664192344023288,27.664192344023288
2026-03-18 22:14:48,28.206189200427392,28.206189200427392,28.206189200427392,28.206189200427392
2026-03-18 22:15:18,27.63100859025228,27.63100859025228,27.63100859025228,27.63100859025228
2026-03-18 22:15:48,27.078388418447233,27.078388418447233,27.078388418447233,27.078388418447233
2026-03-18 22:16:18,26.536820650078287,26.536820650078287,26.536820650078287,26.536820650078287
2026-03-18 22:16:48,27.597864641059715,27.597864641059715,27.597864641059715,27.597864641059715
2026-03-18 22:17:18,26.50498920127375,26.50498920127375,26.50498920127375,26.50498920127375
2026-03-18 22:17:48,25.974889417248274,25.974889417248274,26.49438720559324,26.49438720559324
2026-03-18 22:18:18,26.483789450711004,26.483789450711004,26.483789450711004,26.483789450711004
2026-03-18 22:18:48,27.002659853629332,27.002659853629332,27.002659853629332,27.002659853629332
2026-03-18 22:19:18,27.002659853629332,27.002659853629332,27.002659853629332,27.002659853629332
2026-03-18 22:19:48,26.462606656556748,26.462606656556748,26.462606656556748,26.462606656556748
2026-03-18 22:20:18,26.462606656556748,26.462606656556748,26.462606656556748,26.462606656556748
2026-03-18 22:20:48,26.981062046172006,26.981062046172006,26.981062046172006,26.981062046172006
2026-03-18 22:21:18,26.981062046172006,26.981062046172006,26.981062046172006,26.981062046172006
2026-03-18 22:21:48,26.970269621353538,26.970269621353538,26.970269621353538,26.970269621353538
2026-03-18 22:22:18,26.970269621353538,26.970269621353538,26.970269621353538,26.970269621353538
2026-03-18 22:22:48,26.970269621353538,26.970269621353538,26.970269621353538,26.970269621353538
2026-03-18 22:23:18,25.90224694434794,25.90224694434794,25.90224694434794,25.90224694434794
2026-03-18 22:23:48,26.420291883234896,26.420291883234896,26.420291883234896,26.420291883234896
2026-03-18 22:24:18,25.88152929115197,25.88152929115197,25.88152929115197,25.88152929115197
2026-03-18 22:24:48,24.856620731222357,24.856620731222357,24.856620731222357,24.856620731222357
2026-03-18 22:25:18,24.359488316597908,24.359488316597908,24.359488316597908,24.359488316597908
2026-03-18 22:25:48,24.359488316597908,24.359488316597908,24.359488316597908,24.359488316597908
2026-03-18 22:26:18,24.836739411696698,24.836739411696698,24.836739411696698,24.836739411696698
2026-03-18 22:26:48,25.323340810250656,25.323340810250656,25.323340810250656,25.323340810250656
2026-03-18 22:27:18,25.323340810250656,25.323340810250656,25.323340810250656,25.323340810250656
2026-03-18 22:27:48,25.313211473926557,25.313211473926557,25.313211473926557,25.313211473926557
2026-03-18 22:28:18,25.303086189336984,24.806947244448025,25.303086189336984,25.303086189336984
2026-03-18 22:28:48,25.809147913123724,25.809147913123724,25.809147913123724,25.809147913123724
2026-03-18 22:29:18,25.798824253958472,25.798824253958472,25.798824253958472,25.798824253958472
2026-03-18 22:29:48,25.282847768879304,25.282847768879304,25.282847768879304,25.282847768879304
2026-03-18 22:30:18,25.27273462977175,25.27273462977175,25.27273462977175,25.27273462977175
2026-03-18 22:30:48,24.271934338432793,23.786495651664136,24.271934338432793,23.786495651664136
2026-03-18 22:31:18,23.310765738630856,23.310765738630856,23.310765738630856,23.310765738630856
2026-03-18 22:31:48,24.24281966620175,24.727676059525784,24.24281966620175,24.24281966620175
2026-03-18 22:32:18,25.72667417233063,25.72667417233063,25.72667417233063,25.72667417233063
2026-03-18 22:32:48,24.707897875106337,24.707897875106337,24.707897875106337,24.707897875106337
2026-03-18 22:33:18,24.707897875106337,24.707897875106337,24.707897875106337,24.707897875106337
2026-03-18 22:33:48,24.688135510069912,25.181898220271307,25.181898220271307,25.181898220271307
2026-03-18 22:34:18,25.685536184676735,25.685536184676735,25.1718254609832,25.1718254609832
2026-03-18 22:34:48,24.668388951763536,24.668388951763536,24.668388951763536,24.668388951763536
2026-03-18 22:35:18,23.6915207492737,24.175021172728265,23.6915207492737,23.6915207492737
2026-03-18 22:35:48,24.15568502379347,24.15568502379347,24.15568502379347,24.15568502379347
2026-03-18 22:36:18,24.62894320477963,24.62894320477963,24.62894320477963,24.62894320477963
2026-03-18 22:36:48,24.61909162749772,24.61909162749772,24.61909162749772,24.61909162749772
2026-03-18 22:37:18,25.101428870663657,25.101428870663657,25.101428870663657,25.101428870663657
2026-03-18 22:37:48,25.09138829911539,25.09138829911539,25.09138829911539,25.09138829911539
2026-03-18 22:38:18,24.589560533133085,24.589560533133085,24.589560533133085,24.589560533133085
2026-03-18 22:38:48,24.097769322470423,24.589560533133085,24.589560533133085,24.589560533133085
2026-03-18 22:39:18,24.088130214741433,24.088130214741433,24.088130214741433,24.088130214741433
2026-03-18 22:39:48,23.606367610446608,23.606367610446608,23.606367610446608,23.606367610446608
2026-03-18 22:40:18,24.068863564670476,24.068863564670476,24.068863564670476,24.068863564670476
2026-03-18 22:40:48,23.587486293377065,23.587486293377065,23.587486293377065,23.587486293377065
2026-03-18 22:41:18,24.049612324836907,24.049612324836907,24.049612324836907,24.049612324836907
2026-03-18 22:41:48,23.559192630308836,23.559192630308836,23.559192630308836,23.559192630308836
2026-03-18 22:42:18,24.99120321134765,24.99120321134765,24.99120321134765,24.99120321134765
2026-03-18 22:42:48,25.48083086466437,25.48083086466437,25.48083086466437,25.48083086466437
2026-03-18 22:43:18,24.971214247371083,24.971214247371083,24.971214247371083,24.971214247371083
2026-03-18 22:43:48,24.961225761672136,24.961225761672136,24.961225761672136,24.961225761672136
2026-03-18 22:44:18,24.951241271367465,24.951241271367465,24.951241271367465,24.951241271367465
2026-03-18 22:44:48,25.450266096794817,25.450266096794817,25.450266096794817,25.450266096794817
2026-03-18 22:45:18,25.948887710163216,25.948887710163216,25.948887710163216,25.948887710163216
2026-03-18 22:45:48,25.429909955959953,25.429909955959953,25.429909955959953,25.429909955959953
2026-03-18 22:46:18,24.921311756840755,24.921311756840755,24.921311756840755,24.921311756840755
2026-03-18 22:46:48,25.91776149871639,25.91776149871639,25.91776149871639,25.91776149871639
2026-03-18 22:47:18,25.39940626874207,25.39940626874207,25.39940626874207,25.39940626874207
2026-03-18 22:47:48,25.389246506234567,25.389246506234567,25.389246506234567,25.389246506234567
2026-03-18 22:48:18,24.88146157610988,24.88146157610988,24.88146157610988,24.88146157610988
2026-03-18 22:48:48,24.38383234458768,24.38383234458768,24.38383234458768,24.38383234458768
2026-03-18 22:49:18,24.36432918012519,24.36432918012519,24.36432918012519,24.36432918012519
2026-03-18 22:49:48,23.877042596522685,24.354583448453138,24.354583448453138,24.354583448453138
2026-03-18 22:50:18,23.867491779484077,23.867491779484077,23.867491779484077,23.867491779484077
2026-03-18 22:50:48,24.82180575199628,24.82180575199628,24.82180575199628,24.82180575199628
2026-03-18 22:51:18,24.325369636956356,24.325369636956356,24.325369636956356,24.325369636956356
2026-03-18 22:51:48,23.83886224421723,23.83886224421723,23.83886224421723,23.83886224421723
2026-03-18 22:52:18,23.362084999332883,23.362084999332883,23.362084999332883,23.362084999332883
2026-03-18 22:52:48,24.782114685372864,24.782114685372864,24.782114685372864,24.782114685372864
2026-03-18 22:53:18,24.772201839498713,24.772201839498713,24.772201839498713,24.772201839498713
2026-03-18 22:53:48,23.791222646654568,23.791222646654568,23.791222646654568,23.791222646654568
2026-03-18 22:54:18,25.247435802411,25.247435802411,25.247435802411,25.247435802411
2026-03-18 22:54:48,25.237336828090033,25.237336828090033,25.237336828090033,25.237336828090033
2026-03-18 22:55:18,24.73259009152823,24.73259009152823,24.73259009152823,24.73259009152823
2026-03-18 22:55:48,26.7713509151675,26.7713509151675,26.23592389686415,26.23592389686415
2026-03-18 22:56:18,26.225429527305405,26.225429527305405,25.700920936759296,25.700920936759296
2026-03-18 22:56:48,27.819503363565588,27.819503363565588,27.819503363565588,27.819503363565588
2026-03-18 22:57:18,26.717851030368394,26.717851030368394,27.25220805097576,27.25220805097576
2026-03-18 22:57:48,27.24130716775537,27.24130716775537,27.24130716775537,27.24130716775537
2026-03-18 22:58:18,26.162551403912257,26.162551403912257,26.162551403912257,26.162551403912257
2026-03-18 22:58:48,27.208630673238055,26.675128111017703,27.208630673238055,27.208630673238055
2026-03-18 22:59:18,29.451496870275324,29.451496870275324,29.451496870275324,29.451496870275324
2026-03-18 22:59:48,30.040526807680827,30.040526807680827,30.040526807680827,30.040526807680827
2026-03-18 23:00:18,29.4279403850186,29.4279403850186,29.4279403850186,29.4279403850186
2026-03-18 23:00:48,28.839381577318232,28.839381577318232,28.839381577318232,28.839381577318232
2026-03-18 23:01:18,28.262593945771865,28.262593945771865,28.262593945771865,28.262593945771865
2026-03-18 23:01:48,27.69734206685643,27.69734206685643,27.69734206685643,27.69734206685643
2026-03-18 23:02:18,27.1433952255193,27.1433952255193,28.804788160482882,28.804788160482882
2026-03-18 23:02:48,28.793266245218692,28.793266245218692,28.793266245218692,28.793266245218692
2026-03-18 23:03:18,28.781748938720604,28.781748938720604,28.781748938720604,28.781748938720604
2026-03-18 23:03:48,31.154290672317053,31.154290672317053,31.154290672317053,31.154290672317053
2026-03-18 23:04:18,31.141828956048123,31.141828956048123,31.141828956048123,31.141828956048123
2026-03-18 23:04:48,30.51899237692716,30.51899237692716,30.51899237692716,30.51899237692716
2026-03-18 23:05:18,30.51899237692716,30.51899237692716,31.11692047557592,31.11692047557592
2026-03-18 23:05:48,31.104473707385687,30.4945820660644,31.7265631815334,31.7265631815334
2026-03-18 23:06:18,31.09203191790273,31.09203191790273,31.09203191790273,31.09203191790273
2026-03-18 23:06:48,31.701187007238286,31.701187007238286,31.701187007238286,31.701187007238286
2026-03-18 23:07:18,32.33521074738305,32.33521074738305,32.33521074738305,32.33521074738305
2026-03-18 23:07:48,32.3222766630841,32.3222766630841,32.3222766630841,32.3222766630841
2026-03-18 23:08:18,32.3222766630841,32.3222766630841,32.3222766630841,32.3222766630841
2026-03-18 23:08:48,32.3222766630841,31.675831129822416,31.675831129822416,31.675831129822416
2026-03-18 23:09:18,31.675831129822416,31.675831129822416,31.675831129822416,31.675831129822416
2026-03-18 23:09:48,31.675831129822416,31.675831129822416,31.675831129822416,31.675831129822416
2026-03-18 23:10:18,31.042314507225967,31.042314507225967,31.042314507225967,31.042314507225967
2026-03-18 23:10:48,31.042314507225967,31.042314507225967,31.042314507225967,31.042314507225967
2026-03-18 23:11:18,31.650495533051537,31.650495533051537,31.650495533051537,31.650495533051537
2026-03-18 23:11:48,32.28350544371257,32.28350544371257,32.28350544371257,32.28350544371257
2026-03-18 23:12:18,31.62518020070438,31.62518020070438,31.62518020070438,31.62518020070438
2026-03-18 23:12:48,30.980279526051618,30.37282306475649,30.37282306475649,30.37282306475649
2026-03-18 23:13:18,30.967887414241197,30.967887414241197,30.967887414241197,30.967887414241197
2026-03-18 23:13:48,32.85022451914523,32.85022451914523,32.85022451914523,32.85022451914523
2026-03-18 23:14:18,32.193220028762326,32.193220028762326,32.193220028762326,32.193220028762326
2026-03-18 23:14:48,32.83708442933757,32.83708442933757,32.83708442933757,32.83708442933757
2026-03-18 23:15:18,32.180342740750824,32.180342740750824,32.180342740750824,32.180342740750824
2026-03-18 23:15:48,31.53673588593581,31.53673588593581,31.53673588593581,31.53673588593581
2026-03-18 23:16:18,31.53673588593581,31.53673588593581,31.53673588593581,31.53673588593581
2026-03-18 23:16:48,31.53673588593581,31.53673588593581,31.53673588593581,31.53673588593581
2026-03-18 23:17:18,32.1417417739669,32.1417417739669,32.1417417739669,32.1417417739669
2026-03-18 23:17:48,32.78457660944623,32.78457660944623,32.78457660944623,32.78457660944623
2026-03-18 23:18:18,32.12888507725731,32.12888507725731,32.12888507725731,32.12888507725731
2026-03-18 23:18:48,31.486307375712165,31.486307375712165,31.486307375712165,31.486307375712165
2026-03-18 23:19:18,31.486307375712165,31.486307375712165,31.486307375712165,31.486307375712165
2026-03-18 23:19:48,31.47371285276188,31.47371285276188,31.47371285276188,31.47371285276188
2026-03-18 23:20:18,30.84423859570664,30.84423859570664,30.84423859570664,30.84423859570664
2026-03-18 23:20:48,32.0775096966392,32.0775096966392,32.0775096966392,32.0775096966392
2026-03-18 23:21:18,31.435959502706417,31.435959502706417,31.435959502706417,31.435959502706417
2026-03-18 23:21:48,30.794917416527227,30.794917416527227,30.794917416527227,30.794917416527227
2026-03-18 23:22:18,32.02621646732286,32.02621646732286,32.02621646732286,32.02621646732286
2026-03-18 23:22:48,32.02621646732286,32.02621646732286,32.02621646732286,32.02621646732286
2026-03-18 23:23:18,31.38569213797641,31.38569213797641,31.38569213797641,31.38569213797641
2026-03-18 23:23:48,31.373137861121215,31.373137861121215,31.373137861121215,31.373137861121215
2026-03-18 23:24:18,30.733376833857232,30.733376833857232,30.733376833857232,30.733376833857232
2026-03-18 23:24:48,31.348044370534375,31.348044370534375,31.348044370534375,31.348044370534375
2026-03-18 23:25:18,30.721083483123692,30.721083483123692,30.721083483123692,30.721083483123692
2026-03-18 23:25:48,31.962215255841887,31.962215255841887,31.962215255841887,31.962215255841887
2026-03-18 23:26:18,30.69651153171055,30.69651153171055,30.69651153171055,30.69651153171055
2026-03-18 23:26:48,31.923875937352616,31.923875937352616,31.923875937352616,31.923875937352616
2026-03-18 23:27:18,31.911106386977675,31.911106386977675,31.911106386977675,31.911106386977675
2026-03-18 23:27:48,30.64742657405336,30.64742657405336,30.64742657405336,30.64742657405336
2026-03-18 23:28:18,30.034478042572296,30.034478042572296,30.034478042572296,30.034478042572296
2026-03-18 23:28:48,29.43378848172085,30.034478042572296,29.43378848172085,29.43378848172085
2026-03-18 23:29:18,29.43378848172085,29.43378848172085,29.43378848172085,29.43378848172085
2026-03-18 23:29:48,28.845112712086433,28.845112712086433,28.845112712086433,28.845112712086433
2026-03-18 23:30:18,28.268210457844702,28.268210457844702,28.268210457844702,28.268210457844702
2026-03-18 23:30:48,28.8220412371348,28.8220412371348,28.8220412371348,28.8220412371348
2026-03-18 23:31:18,27.68068840414426,27.68068840414426,27.68068840414426,27.68068840414426
2026-03-18 23:31:48,27.669616128782604,28.223008451358258,27.669616128782604,28.223008451358258
2026-03-18 23:32:18,28.21171924797771,28.21171924797771,28.21171924797771,28.21171924797771
2026-03-18 23:32:48,28.18915438645441,27.63642586907295,28.18915438645441,28.18915438645441
2026-03-18 23:33:18,28.741436299193825,28.741436299193825,28.741436299193825,28.741436299193825
2026-03-18 23:33:48,28.729939724674143,28.729939724674143,28.729939724674143,28.729939724674143
2026-03-18 23:34:18,28.718447748784275,28.718447748784275,28.718447748784275,28.718447748784275
2026-03-18 23:34:48,28.13282116229107,28.13282116229107,28.13282116229107,28.13282116229107
2026-03-18 23:35:18,27.570164739045246,27.570164739045246,27.570164739045246,27.570164739045246
2026-03-18 23:35:48,27.018761444264342,27.018761444264342,27.018761444264342,27.018761444264342
2026-03-18 23:36:18,27.548113018480368,27.548113018480368,27.548113018480368,27.548113018480368
2026-03-18 23:36:48,27.537093773272975,27.537093773272975,27.537093773272975,27.537093773272975
2026-03-18 23:37:18,27.537093773272975,27.537093773272975,27.537093773272975,27.537093773272975
2026-03-18 23:37:48,28.076600514478944,28.076600514478944,28.076600514478944,28.076600514478944
2026-03-18 23:38:18,27.515068504189365,27.515068504189365,27.515068504189365,27.515068504189365
2026-03-18 23:38:48,26.964767134105575,26.964767134105575,26.964767134105575,26.964767134105575
2026-03-18 23:39:18,25.896962355594997,25.896962355594997,25.896962355594997,25.896962355594997
2026-03-18 23:39:48,25.896962355594997,25.896962355594997,25.896962355594997,25.896962355594997
2026-03-18 23:40:18,24.871442646313437,24.871442646313437,24.871442646313437,24.871442646313437
2026-03-18 23:40:48,23.886533517519425,23.886533517519425,23.886533517519425,23.886533517519425
2026-03-18 23:41:18,22.940626790225657,22.940626790225657,22.940626790225657,22.940626790225657
2026-03-18 23:41:48,23.857881141305754,23.857881141305754,23.857881141305754,23.857881141305754
2026-03-18 23:42:18,23.838798653653686,23.838798653653686,23.838798653653686,23.838798653653686
2026-03-18 23:42:48,25.297923841646526,25.297923841646526,25.297923841646526,25.297923841646526
2026-03-18 23:43:18,25.297923841646526,25.297923841646526,25.297923841646526,25.297923841646526
2026-03-18 23:43:48,24.791965364813592,24.791965364813592,24.791965364813592,24.791965364813592
2026-03-18 23:44:18,24.286407607094315,24.286407607094315,24.286407607094315,24.286407607094315
2026-03-18 23:44:48,25.76262087189178,25.76262087189178,25.76262087189178,25.76262087189178
2026-03-18 23:45:18,26.277873289329616,26.277873289329616,26.277873289329616,26.277873289329616
2026-03-18 23:45:48,27.328563570470443,27.328563570470443,27.328563570470443,27.328563570470443
2026-03-18 23:46:18,26.781992299061034,26.781992299061034,26.781992299061034,26.781992299061034
2026-03-18 23:46:48,25.72142540401822,25.72142540401822,25.72142540401822,25.72142540401822
2026-03-18 23:47:18,26.749866761944418,26.749866761944418,26.749866761944418,26.749866761944418
2026-03-18 23:47:48,28.387172606709512,28.387172606709512,28.387172606709512,28.387172606709512
2026-03-18 23:48:18,27.81942915457532,27.81942915457532,27.81942915457532,27.81942915457532
2026-03-18 23:48:48,26.71777976005414,26.71777976005414,26.71777976005414,26.71777976005414
2026-03-18 23:49:18,27.24123450111312,27.24123450111312,27.24123450111312,27.24123450111312
2026-03-18 23:49:48,26.696409811090856,26.696409811090856,27.230338007312675,27.230338007312675
2026-03-18 23:50:18,27.219445872109752,27.219445872109752,27.219445872109752,27.219445872109752
2026-03-18 23:50:48,27.208558093760903,27.208558093760903,27.208558093760903,27.208558093760903
2026-03-18 23:51:18,27.1976746705234,27.1976746705234,27.1976746705234,27.1976746705234
2026-03-18 23:51:48,27.1976746705234,27.1976746705234,27.1976746705234,27.1976746705234
2026-03-18 23:52:18,27.730531512668296,27.730531512668296,27.730531512668296,27.730531512668296
2026-03-18 23:52:48,27.17592088241493,27.17592088241493,27.17592088241493,27.17592088241493
2026-03-18 23:53:18,27.17592088241493,27.17592088241493,27.17592088241493,27.17592088241493
2026-03-18 23:53:48,26.63240246476663,26.63240246476663,26.63240246476663,26.63240246476663
2026-03-18 23:54:18,27.154184493856334,27.154184493856334,27.154184493856334,27.154184493856334
2026-03-18 23:54:48,28.239913061989167,27.686189276459974,28.239913061989167,27.686189276459974
2026-03-18 23:55:18,28.239913061989167,28.239913061989167,28.239913061989167,28.239913061989167
2026-03-18 23:55:48,27.675114800749387,27.675114800749387,27.675114800749387,27.675114800749387
2026-03-18 23:56:18,28.21732564992567,28.21732564992567,28.21732564992567,28.21732564992567
2026-03-18 23:56:48,28.2060387196657,28.2060387196657,28.2060387196657,28.2060387196657
2026-03-18 23:57:18,27.08907958636694,27.08907958636694,27.08907958636694,27.08907958636694
2026-03-18 23:57:48,26.5472979946396,26.5472979946396,26.5472979946396,26.5472979946396
2026-03-18 23:58:18,26.5472979946396,26.5472979946396,26.5472979946396,26.5472979946396
2026-03-18 23:58:48,26.01635203474681,26.01635203474681,26.01635203474681,26.01635203474681
2026-03-18 23:59:18,25.496024994051872,25.496024994051872,25.496024994051872,25.496024994051872
2026-03-18 23:59:48,27.0565856918878,27.0565856918878,27.0565856918878,27.0565856918878
2026-03-19 00:00:18,27.586678318763266,27.045763057611044,27.586678318763266,27.586678318763266
2026-03-19 00:00:48,29.275203725298123,29.275203725298123,29.275203725298123,29.275203725298123
2026-03-19 00:01:18,28.68969965079216,28.68969965079216,28.68969965079216,28.68969965079216
2026-03-19 00:01:48,28.68969965079216,28.68969965079216,28.68969965079216,28.68969965079216
2026-03-19 00:02:18,28.11590565777632,28.11590565777632,28.11590565777632,28.11590565777632
2026-03-19 00:02:48,28.11590565777632,28.11590565777632,28.11590565777632,28.11590565777632
2026-03-19 00:03:18,28.666752481423472,28.666752481423472,28.666752481423472,28.666752481423472
2026-03-19 00:03:48,28.093417431795004,28.093417431795004,28.093417431795004,28.093417431795004
2026-03-19 00:04:18,28.082180064822285,28.082180064822285,28.082180064822285,28.082180064822285
2026-03-19 00:04:48,27.509528248940427,27.509528248940427,27.509528248940427,27.509528248940427
2026-03-19 00:05:18,27.509528248940427,27.509528248940427,27.509528248940427,27.509528248940427
2026-03-19 00:05:48,26.42015093028239,26.42015093028239,26.42015093028239,26.42015093028239
2026-03-19 00:06:18,26.409582869910277,26.409582869910277,26.409582869910277,26.409582869910277
2026-03-19 00:06:48,25.88139121251207,25.88139121251207,25.88139121251207,25.88139121251207
2026-03-19 00:07:18,24.856488120496593,24.856488120496593,24.856488120496593,24.856488120496593
2026-03-19 00:07:48,24.856488120496593,24.856488120496593,24.856488120496593,24.856488120496593
2026-03-19 00:08:18,24.359358358086663,24.359358358086663,24.359358358086663,24.359358358086663
2026-03-19 00:08:48,23.872171190924927,23.872171190924927,23.872171190924927,23.872171190924927
2026-03-19 00:09:18,24.836606907038295,24.836606907038295,24.836606907038295,24.836606907038295
2026-03-19 00:09:48,24.33987476889753,24.33987476889753,24.33987476889753,24.33987476889753
2026-03-19 00:10:18,23.85307727351958,23.85307727351958,23.85307727351958,23.85307727351958
2026-03-19 00:10:48,23.36666532175797,23.36666532175797,23.36666532175797,23.36666532175797
2026-03-19 00:11:18,24.310678600756994,24.310678600756994,24.310678600756994,24.310678600756994
2026-03-19 00:11:48,23.82446502874185,23.82446502874185,23.82446502874185,23.82446502874185
2026-03-19 00:12:18,23.82446502874185,23.82446502874185,23.82446502874185,23.82446502874185
2026-03-19 00:12:48,23.347975728167015,23.347975728167015,23.347975728167015,23.347975728167015
2026-03-19 00:13:18,23.338636537875747,23.338636537875747,23.338636537875747,23.338636537875747
2026-03-19 00:13:48,22.871863807118235,22.871863807118235,22.871863807118235,22.871863807118235
2026-03-19 00:14:18,22.414426530975874,22.871863807118235,22.871863807118235,22.871863807118235
2026-03-19 00:14:48,21.52681524034923,21.52681524034923,21.52681524034923,21.52681524034923
2026-03-19 00:15:18,21.51820451425309,21.51820451425309,21.51820451425309,21.51820451425309
2026-03-19 00:15:48,21.087840423968025,21.087840423968025,21.087840423968025,21.087840423968025
2026-03-19 00:16:18,21.50099339355441,21.50099339355441,21.50099339355441,21.50099339355441
2026-03-19 00:16:48,21.07097352568332,21.07097352568332,21.07097352568332,21.07097352568332
2026-03-19 00:17:18,22.798776226953525,22.798776226953525,22.798776226953525,22.798776226953525
2026-03-19 00:17:48,22.798776226953525,22.798776226953525,22.798776226953525,22.798776226953525
2026-03-19 00:18:18,22.789656716462744,22.342800702414458,22.789656716462744,22.789656716462744
2026-03-19 00:18:48,22.33386358213349,22.33386358213349,22.33386358213349,22.33386358213349
2026-03-19 00:19:18,22.77142863743465,22.324930036700636,22.324930036700636,22.324930036700636
2026-03-19 00:19:48,22.753215137953283,22.753215137953283,22.753215137953283,22.753215137953283
2026-03-19 00:20:18,22.744113851898103,22.744113851898103,22.744113851898103,22.744113851898103
2026-03-19 00:20:48,22.28923157486014,22.28923157486014,22.28923157486014,22.28923157486014
2026-03-19 00:21:18,21.843446943362935,21.843446943362935,21.843446943362935,21.843446943362935
2026-03-19 00:21:48,23.64404945674974,23.64404945674974,23.64404945674974,23.64404945674974
2026-03-19 00:22:18,23.63459183696704,23.63459183696704,23.63459183696704,23.63459183696704
2026-03-19 00:22:48,24.097640760236896,24.097640760236896,24.097640760236896,24.097640760236896
2026-03-19 00:23:18,24.0880017039328,24.0880017039328,24.0880017039328,24.0880017039328
2026-03-19 00:23:48,23.606241669854143,23.606241669854143,23.606241669854143,23.606241669854143
2026-03-19 00:24:18,23.134116836457064,23.134116836457064,23.134116836457064,23.134116836457064
2026-03-19 00:24:48,22.662365925928032,22.662365925928032,22.662365925928032,22.662365925928032
2026-03-19 00:25:18,22.65330097955766,22.65330097955766,22.65330097955766,22.65330097955766
2026-03-19 00:25:48,23.087885602568218,23.559066941396136,23.559066941396136,23.559066941396136
2026-03-19 00:26:18,23.540223457293727,23.540223457293727,23.540223457293727,23.540223457293727
2026-03-19 00:26:48,23.060191220552596,23.060191220552596,23.060191220552596,23.060191220552596
2026-03-19 00:27:18,22.598987396141546,22.598987396141546,22.598987396141546,22.598987396141546
2026-03-19 00:27:48,22.138148845159428,22.138148845159428,22.138148845159428,22.138148845159428
2026-03-19 00:28:18,22.138148845159428,22.138148845159428,22.138148845159428,22.138148845159428
2026-03-19 00:28:48,21.261478150891115,21.261478150891115,21.68670771390894,21.68670771390894
2026-03-19 00:29:18,22.111593691439843,21.68670771390894,22.55382556526864,22.55382556526864
2026-03-19 00:29:48,22.54480403504253,22.54480403504253,22.54480403504253,22.54480403504253
2026-03-19 00:30:18,21.652029795254847,21.652029795254847,21.652029795254847,21.652029795254847
2026-03-19 00:30:48,21.21050160367001,21.21050160367001,21.21050160367001,21.21050160367001
2026-03-19 00:31:18,20.78629157159661,20.78629157159661,20.78629157159661,20.78629157159661
2026-03-19 00:31:48,20.777977054967977,20.777977054967977,20.777977054967977,20.777977054967977
2026-03-19 00:32:18,20.35427254686307,20.35427254686307,20.35427254686307,20.35427254686307
2026-03-19 00:32:48,21.168114523693234,21.168114523693234,21.168114523693234,21.168114523693234
2026-03-19 00:33:18,20.329857188554985,20.329857188554985,20.329857188554985,20.329857188554985
2026-03-19 00:33:48,20.329857188554985,20.329857188554985,20.329857188554985,20.329857188554985
2026-03-19 00:34:18,19.923260044783884,19.52479484388821,19.52479484388821,19.52479484388821
2026-03-19 00:34:48,19.134298947010443,19.134298947010443,19.134298947010443,19.134298947010443
2026-03-19 00:35:18,18.74411232288301,18.74411232288301,18.376580708708833,18.376580708708833
2026-03-19 00:35:48,19.50137446072748,19.50137446072748,19.50137446072748,19.50137446072748
2026-03-19 00:36:18,19.10370243272433,19.10370243272433,19.10370243272433,19.10370243272433
2026-03-19 00:36:48,20.264892650486026,20.264892650486026,20.264892650486026,20.264892650486026
2026-03-19 00:37:18,19.85165095955731,20.24868397874846,19.85165095955731,19.85165095955731
2026-03-19 00:37:48,20.6453961952601,20.6453961952601,20.6453961952601,20.6453961952601
2026-03-19 00:38:18,21.470878413467982,21.470878413467982,21.470878413467982,21.470878413467982
2026-03-19 00:38:48,20.620631628294657,20.620631628294657,20.620631628294657,20.620631628294657
2026-03-19 00:39:18,21.45370514607776,21.45370514607776,21.45370514607776,21.45370514607776
2026-03-19 00:39:48,21.024631043156205,21.024631043156205,21.024631043156205,21.024631043156205
2026-03-19 00:40:18,23.212891529111552,23.212891529111552,23.212891529111552,23.212891529111552
2026-03-19 00:40:48,23.20360637249991,23.20360637249991,23.20360637249991,23.20360637249991
2026-03-19 00:41:18,23.20360637249991,23.20360637249991,23.20360637249991,23.20360637249991
2026-03-19 00:41:48,22.28474356014891,22.28474356014891,22.28474356014891,22.28474356014891
2026-03-19 00:42:18,21.839048688945937,21.839048688945937,21.839048688945937,21.839048688945937
2026-03-19 00:42:48,21.39370680808095,21.39370680808095,21.39370680808095,21.39370680808095
2026-03-19 00:43:18,21.82158094424257,21.82158094424257,21.82158094424257,21.82158094424257
2026-03-19 00:43:48,22.694091545264207,22.249109358102167,22.249109358102167,22.249109358102167
2026-03-19 00:44:18,23.147973376169496,23.147973376169496,23.147973376169496,23.147973376169496
2026-03-19 00:44:48,22.685013908646106,22.685013908646106,22.685013908646106,22.685013908646106
2026-03-19 00:45:18,22.675939903082647,22.675939903082647,22.675939903082647,22.675939903082647
2026-03-19 00:45:48,22.22242110502099,22.22242110502099,22.22242110502099,22.22242110502099
2026-03-19 00:46:18,22.666869527121413,22.666869527121413,22.666869527121413,22.666869527121413
2026-03-19 00:46:48,23.110958834896778,23.110958834896778,23.110958834896778,23.110958834896778
2026-03-19 00:47:18,24.51572418950183,24.51572418950183,24.51572418950183,24.51572418950183
2026-03-19 00:47:48,25.495956982979,26.005876122638576,26.005876122638576,26.005876122638576
2026-03-19 00:48:18,24.97604342818209,24.97604342818209,24.97604342818209,24.97604342818209
2026-03-19 00:48:48,24.96605301081082,24.96605301081082,24.96605301081082,24.96605301081082
2026-03-19 00:49:18,24.45694525781437,24.45694525781437,24.45694525781437,24.45694525781437
2026-03-19 00:49:48,24.44716247971124,24.44716247971124,24.44716247971124,24.44716247971124
2026-03-19 00:50:18,24.926131287013742,24.926131287013742,24.926131287013742,24.926131287013742
2026-03-19 00:50:48,25.424653912754017,25.424653912754017,25.424653912754017,25.424653912754017
2026-03-19 00:51:18,25.414484051188914,25.414484051188914,25.414484051188914,25.414484051188914
2026-03-19 00:51:48,25.40431825756844,25.40431825756844,25.40431825756844,25.40431825756844
2026-03-19 00:52:18,24.398307254568728,24.89623189241707,24.398307254568728,24.398307254568728
2026-03-19 00:52:48,25.88132217346837,25.88132217346837,25.88132217346837,25.88132217346837
2026-03-19 00:53:18,25.88132217346837,25.88132217346837,25.88132217346837,25.88132217346837
2026-03-19 00:53:48,25.88132217346837,25.88132217346837,25.88132217346837,25.88132217346837
2026-03-19 00:54:18,26.91615681824078,26.91615681824078,26.91615681824078,26.91615681824078
2026-03-19 00:54:48,26.91615681824078,26.91615681824078,26.91615681824078,26.91615681824078
2026-03-19 00:55:18,26.377833681875963,26.377833681875963,26.377833681875963,26.377833681875963
2026-03-19 00:55:48,28.552215488393752,28.552215488393752,28.552215488393752,28.552215488393752
2026-03-19 00:56:18,28.552215488393752,28.552215488393752,28.552215488393752,28.552215488393752
2026-03-19 00:56:48,27.981171178625875,27.981171178625875,27.981171178625875,27.981171178625875
2026-03-19 00:57:18,28.529378284357513,28.529378284357513,28.529378284357513,28.529378284357513
2026-03-19 00:57:48,27.399614904296957,27.947607202382898,27.947607202382898,27.947607202382898
2026-03-19 00:58:18,28.506559346430553,28.506559346430553,28.506559346430553,28.506559346430553
2026-03-19 00:58:48,29.06505985714582,29.06505985714582,29.06505985714582,29.06505985714582
2026-03-19 00:59:18,30.22719256006436,30.22719256006436,30.22719256006436,30.22719256006436
2026-03-19 00:59:48,29.62264870886307,29.62264870886307,29.62264870886307,29.62264870886307
2026-03-19 01:00:18,30.20301564236712,29.610799649379526,30.20301564236712,30.20301564236712
2026-03-19 01:00:48,30.20301564236712,30.20301564236712,30.20301564236712,30.20301564236712
2026-03-19 01:01:18,30.190934436110172,30.190934436110172,30.190934436110172,30.190934436110172
2026-03-19 01:01:48,31.39808392805409,31.39808392805409,31.39808392805409,31.39808392805409
2026-03-19 01:02:18,34.666021722226965,34.666021722226965,34.666021722226965,34.666021722226965
2026-03-19 01:02:48,34.652155313538074,34.652155313538074,34.652155313538074,34.652155313538074
2026-03-19 01:03:18,34.63829445141266,34.63829445141266,34.63829445141266,34.63829445141266
2026-03-19 01:03:48,34.63829445141266,34.63829445141266,34.63829445141266,34.63829445141266
2026-03-19 01:04:18,33.94552856238441,33.94552856238441,33.94552856238441,33.94552856238441
2026-03-19 01:04:48,33.26661799113672,33.26661799113672,33.26661799113672,33.26661799113672
2026-03-19 01:05:18,31.94925991868771,31.94925991868771,31.94925991868771,31.94925991868771
2026-03-19 01:05:48,31.310274720313952,31.310274720313952,31.310274720313952,31.310274720313952
2026-03-19 01:06:18,31.310274720313952,31.310274720313952,31.310274720313952,31.310274720313952
2026-03-19 01:06:48,32.56217973508703,32.56217973508703,32.56217973508703,32.56217973508703
2026-03-19 01:07:18,33.21342332978877,33.21342332978877,33.21342332978877,33.21342332978877
2026-03-19 01:07:48,32.54915486319299,32.54915486319299,32.54915486319299,32.54915486319299
2026-03-19 01:08:18,31.260208330610553,31.260208330610553,31.260208330610553,31.260208330610553
2026-03-19 01:08:48,30.622750162332743,30.622750162332743,30.622750162332743,30.622750162332743
2026-03-19 01:09:18,30.010295159086088,30.010295159086088,30.010295159086088,30.010295159086088
2026-03-19 01:09:48,31.21022199907976,31.21022199907976,31.21022199907976,31.21022199907976
2026-03-19 01:10:18,31.19773791028013,31.19773791028013,31.19773791028013,31.19773791028013
2026-03-19 01:10:48,31.185258815116015,31.185258815116015,31.185258815116015,31.185258815116015
2026-03-19 01:11:18,30.561553638813695,30.561553638813695,30.561553638813695,30.561553638813695
2026-03-19 01:11:48,30.549329017358172,30.549329017358172,30.549329017358172,30.549329017358172
2026-03-19 01:12:18,30.549329017358172,30.549329017358172,30.549329017358172,30.549329017358172
2026-03-19 01:12:48,29.93834243701101,29.93834243701101,29.93834243701101,29.93834243701101
2026-03-19 01:13:18,29.32783975803548,29.32783975803548,29.32783975803548,29.32783975803548
2026-03-19 01:13:48,28.166457303617275,28.166457303617275,28.166457303617275,28.166457303617275
2026-03-19 01:14:18,28.718294535109745,28.718294535109745,28.718294535109745,28.718294535109745
2026-03-19 01:14:48,28.706807217295705,28.706807217295705,28.706807217295705,28.706807217295705
2026-03-19 01:15:18,28.695324494408784,28.695324494408784,28.695324494408784,28.695324494408784
2026-03-19 01:15:48,29.842673757741306,29.842673757741306,29.842673757741306,29.842673757741306
2026-03-19 01:16:18,30.43952723289613,30.43952723289613,30.43952723289613,30.43952723289613
2026-03-19 01:16:48,30.43952723289613,30.43952723289613,30.43952723289613,30.43952723289613
2026-03-19 01:17:18,30.42735142200297,30.42735142200297,30.42735142200297,30.42735142200297
2026-03-19 01:17:48,30.415180481434174,30.415180481434174,30.415180481434174,30.415180481434174
2026-03-19 01:18:18,29.80687687180549,29.80687687180549,29.80687687180549,29.80687687180549
2026-03-19 01:18:48,29.19905503863563,29.19905503863563,29.19905503863563,29.19905503863563
2026-03-19 01:19:18,29.175700466453527,29.175700466453527,29.175700466453527,29.175700466453527
2026-03-19 01:19:48,29.175700466453527,29.175700466453527,29.175700466453527,29.175700466453527
2026-03-19 01:20:18,28.02034272798197,28.02034272798197,28.02034272798197,28.02034272798197
2026-03-19 01:20:48,28.569317282708592,28.569317282708592,28.569317282708592,28.569317282708592
2026-03-19 01:21:18,29.12904734691142,29.12904734691142,29.12904734691142,29.12904734691142
2026-03-19 01:21:48,29.117395727972657,29.117395727972657,29.117395727972657,29.117395727972657
2026-03-19 01:22:18,28.5350478134132,28.5350478134132,28.5350478134132,28.5350478134132
2026-03-19 01:22:48,27.964346857144935,27.964346857144935,27.964346857144935,27.964346857144935
2026-03-19 01:23:18,27.39409789603404,27.39409789603404,27.39409789603404,27.39409789603404
2026-03-19 01:23:48,27.372187000772875,27.372187000772875,27.372187000772875,27.372187000772875
2026-03-19 01:24:18,26.824743260757415,26.824743260757415,26.824743260757415,26.824743260757415
2026-03-19 01:24:48,26.814013363453117,26.814013363453117,26.814013363453117,26.814013363453117
2026-03-19 01:25:18,25.752178434260372,25.752178434260372,25.752178434260372,25.752178434260372
2026-03-19 01:25:48,25.741877562886668,26.2567151141444,26.2567151141444,26.2567151141444
2026-03-19 01:26:18,26.246212428098744,25.721288179536767,26.246212428098744,26.246212428098744
2026-03-19 01:26:48,25.206862415946038,25.721288179536767,25.721288179536767,25.721288179536767
2026-03-19 01:27:18,24.702725167627115,24.702725167627115,24.702725167627115,24.702725167627115
2026-03-19 01:27:48,24.702725167627115,24.702725167627115,24.702725167627115,24.702725167627115
2026-03-19 01:28:18,24.692844077560064,24.692844077560064,24.692844077560064,24.692844077560064
2026-03-19 01:28:48,23.715007452088688,23.715007452088688,23.715007452088688,23.715007452088688
2026-03-19 01:29:18,23.24070730304691,23.24070730304691,23.24070730304691,23.24070730304691
2026-03-19 01:29:48,23.696039240528208,23.696039240528208,23.696039240528208,23.696039240528208
2026-03-19 01:30:18,22.757676086603293,22.757676086603293,22.757676086603293,22.757676086603293
2026-03-19 01:30:48,22.302522564871225,22.302522564871225,22.302522564871225,22.302522564871225
2026-03-19 01:31:18,23.658148319875455,23.658148319875455,23.658148319875455,23.658148319875455
2026-03-19 01:31:48,23.648685060547503,23.648685060547503,23.648685060547503,23.648685060547503
2026-03-19 01:32:18,22.712197132149825,22.712197132149825,22.712197132149825,22.712197132149825
2026-03-19 01:32:48,22.25795318950683,22.25795318950683,22.25795318950683,22.25795318950683
2026-03-19 01:33:18,23.147911628563556,23.147911628563556,23.147911628563556,23.147911628563556
2026-03-19 01:33:48,22.684953395992284,22.684953395992284,22.684953395992284,22.684953395992284
2026-03-19 01:34:18,22.23125432807244,22.684953395992284,22.23125432807244,22.23125432807244
2026-03-19 01:34:48,24.54510113468169,24.54510113468169,24.54510113468169,24.54510113468169
2026-03-19 01:35:18,24.54510113468169,24.54510113468169,24.54510113468169,24.54510113468169
2026-03-19 01:35:48,24.05419911198806,24.05419911198806,24.05419911198806,24.05419911198806
2026-03-19 01:36:18,24.03495960137033,24.03495960137033,24.03495960137033,24.03495960137033
2026-03-19 01:36:48,24.015735479282768,24.50585252988037,24.015735479282768,24.015735479282768
2026-03-19 01:37:18,24.015735479282768,24.015735479282768,24.015735479282768,24.015735479282768
2026-03-19 01:37:48,23.53542076969711,23.53542076969711,23.53542076969711,23.53542076969711
2026-03-19 01:38:18,23.53542076969711,23.53542076969711,23.53542076969711,23.53542076969711
2026-03-19 01:38:48,23.52600660138923,23.52600660138923,23.52600660138923,23.52600660138923
2026-03-19 01:39:18,23.055486469361448,23.055486469361448,23.055486469361448,23.055486469361448
2026-03-19 01:39:48,22.142489205174737,22.142489205174737,22.142489205174737,22.142489205174737
2026-03-19 01:40:18,22.57630485368252,22.57630485368252,22.57630485368252,22.57630485368252
2026-03-19 01:40:48,22.12477875660887,22.12477875660887,22.12477875660887,22.12477875660887
2026-03-19 01:41:18,21.6736102682041,21.6736102682041,21.6736102682041,21.6736102682041
2026-03-19 01:41:48,22.098239640578758,21.65627484776718,22.098239640578758,22.098239640578758
2026-03-19 01:42:18,23.910277328242746,23.910277328242746,23.910277328242746,23.910277328242746
2026-03-19 01:42:48,22.963430346044333,22.963430346044333,22.963430346044333,22.963430346044333
2026-03-19 01:43:18,22.963430346044333,22.963430346044333,22.963430346044333,22.963430346044333
2026-03-19 01:43:48,22.95424497390591,22.95424497390591,22.95424497390591,22.95424497390591
2026-03-19 01:44:18,22.94506327591635,22.94506327591635,22.935885250605985,22.935885250605985
2026-03-19 01:44:48,22.468176678575627,22.926710896505742,22.468176678575627,22.468176678575627
2026-03-19 01:45:18,22.4591894079042,22.4591894079042,22.4591894079042,22.4591894079042
2026-03-19 01:45:48,22.450205732141036,22.450205732141036,22.450205732141036,22.450205732141036
2026-03-19 01:46:18,22.001201617498214,22.001201617498214,22.001201617498214,22.001201617498214
2026-03-19 01:46:48,22.43224915958824,21.98360417639648,21.98360417639648,21.98360417639648
2026-03-19 01:47:18,21.97481073472592,22.423276259924407,21.97481073472592,21.97481073472592
2026-03-19 01:47:48,23.310517012196954,22.85344805117348,22.85344805117348,22.85344805117348
2026-03-19 01:48:18,24.252261899489707,24.252261899489707,24.252261899489707,24.252261899489707
2026-03-19 01:48:48,23.291872328269918,23.291872328269918,23.291872328269918,23.291872328269918
2026-03-19 01:49:18,24.22317082474389,24.22317082474389,24.22317082474389,24.22317082474389
2026-03-19 01:49:48,24.21348155641399,24.21348155641399,23.72921192528571,23.72921192528571
2026-03-19 01:50:18,23.72921192528571,23.72921192528571,23.254627686779997,23.254627686779997
2026-03-19 01:50:48,23.245325835705284,23.245325835705284,23.245325835705284,23.245325835705284
2026-03-19 01:51:18,22.324810932611356,22.324810932611356,22.324810932611356,22.324810932611356
2026-03-19 01:51:48,22.324810932611356,21.878314713959128,21.878314713959128,21.878314713959128
2026-03-19 01:52:18,22.762198628403077,22.762198628403077,22.762198628403077,22.762198628403077
2026-03-19 01:52:48,23.20815562393075,23.20815562393075,23.20815562393075,23.20815562393075
2026-03-19 01:53:18,23.6628498089148,23.6628498089148,23.6628498089148,23.6628498089148
2026-03-19 01:53:48,23.189592812736503,23.189592812736503,23.189592812736503,23.189592812736503
2026-03-19 01:54:18,22.725800956481777,22.725800956481777,22.725800956481777,22.725800956481777
2026-03-19 01:54:48,23.180316975611408,23.180316975611408,23.180316975611408,23.180316975611408
2026-03-19 01:55:18,22.2623764233772,22.707623951844745,22.707623951844745,22.707623951844745
2026-03-19 01:55:48,22.698540902264003,22.244570084218726,22.244570084218726,22.244570084218726
2026-03-19 01:56:18,23.606115729933585,23.133993415334913,23.606115729933585,23.133993415334913
2026-03-19 01:56:48,23.596673283641607,23.596673283641607,23.596673283641607,23.596673283641607
2026-03-19 01:57:18,23.124739817968777,23.587234614328153,23.124739817968777,23.587234614328153
2026-03-19 01:57:48,25.531581312013987,25.531581312013987,25.531581312013987,25.531581312013987
2026-03-19 01:58:18,25.521368679489186,25.521368679489186,25.521368679489186,25.521368679489186
2026-03-19 01:58:48,25.521368679489186,25.521368679489186,25.521368679489186,25.521368679489186
2026-03-19 01:59:18,25.0109413058994,25.0109413058994,25.0109413058994,25.0109413058994
2026-03-19 01:59:48,25.50095566796458,25.50095566796458,25.50095566796458,25.50095566796458
2026-03-19 02:00:18,25.490755285697393,25.490755285697393,25.490755285697393,25.490755285697393
2026-03-19 02:00:48,24.98094017998345,24.98094017998345,24.98094017998345,24.98094017998345
2026-03-19 02:01:18,25.990170163254778,25.990170163254778,25.990170163254778,25.990170163254778
2026-03-19 02:01:48,27.56994410800783,27.56994410800783,27.56994410800783,27.56994410800783
2026-03-19 02:02:18,27.55891613036463,27.55891613036463,27.55891613036463,27.55891613036463
2026-03-19 02:02:48,27.54789256391248,27.54789256391248,27.54789256391248,27.54789256391248
2026-03-19 02:03:18,27.54789256391248,27.54789256391248,27.54789256391248,27.54789256391248
2026-03-19 02:03:48,26.996934712634232,26.996934712634232,26.996934712634232,26.996934712634232
2026-03-19 02:04:18,26.45699601838155,26.45699601838155,26.45699601838155,26.45699601838155
2026-03-19 02:04:48,26.446413219974197,26.446413219974197,26.446413219974197,26.446413219974197
2026-03-19 02:05:18,26.435834654686207,26.435834654686207,26.435834654686207,26.435834654686207
2026-03-19 02:05:48,25.38897560236063,25.38897560236063,25.38897560236063,25.38897560236063
2026-03-19 02:06:18,24.881196090313423,24.881196090313423,24.881196090313423,24.881196090313423
2026-03-19 02:06:48,24.373818739639752,24.373818739639752,24.373818739639752,24.373818739639752
2026-03-19 02:07:18,24.364069212143896,24.364069212143896,24.364069212143896,24.364069212143896
2026-03-19 02:07:48,24.344581855025258,24.344581855025258,24.344581855025258,24.344581855025258
2026-03-19 02:08:18,24.344581855025258,24.344581855025258,24.344581855025258,24.344581855025258
2026-03-19 02:08:48,23.84814714183758,23.84814714183758,23.84814714183758,23.84814714183758
2026-03-19 02:09:18,23.371184199000833,23.371184199000833,23.371184199000833,23.371184199000833
2026-03-19 02:09:48,23.829072439827655,23.829072439827655,23.829072439827655,23.829072439827655
2026-03-19 02:10:18,24.78185025961013,24.78185025961013,24.78185025961013,25.287602305724626
2026-03-19 02:10:48,25.277487264802335,25.277487264802335,25.277487264802335,25.277487264802335
2026-03-19 02:11:18,24.771937519506288,24.771937519506288,24.771937519506288,24.771937519506288
2026-03-19 02:11:48,25.257269319388456,25.257269319388456,25.257269319388456,25.257269319388456
2026-03-19 02:12:18,25.741808895997956,25.741808895997956,25.741808895997956,25.741808895997956
2026-03-19 02:12:48,25.741808895997956,25.741808895997956,25.741808895997956,25.741808895997956
2026-03-19 02:13:18,25.226972718077995,25.226972718077995,25.226972718077995,25.226972718077995
2026-03-19 02:13:48,23.74342490647327,23.74342490647327,23.74342490647327,23.74342490647327
2026-03-19 02:14:18,24.20860608724089,24.20860608724089,24.20860608724089,24.20860608724089
2026-03-19 02:14:48,24.68290109770211,24.68290109770211,24.68290109770211,24.68290109770211
2026-03-19 02:15:18,27.251917269257113,26.71756595025207,26.71756595025207,26.71756595025207
2026-03-19 02:15:48,29.48655233323371,29.48655233323371,29.48655233323371,30.088318707381337
2026-03-19 02:16:18,30.076283379898385,30.076283379898385,30.076283379898385,30.076283379898385
2026-03-19 02:16:48,29.474757712300416,29.474757712300416,29.474757712300416,29.474757712300416
2026-03-19 02:17:18,28.30755730689332,28.30755730689332,28.30755730689332,28.30755730689332
2026-03-19 02:17:48,28.87370845303119,28.87370845303119,28.87370845303119,28.87370845303119
2026-03-19 02:18:18,27.730309598291154,27.730309598291154,27.730309598291154,27.730309598291154
2026-03-19 02:18:48,27.708129787462056,27.708129787462056,27.708129787462056,27.708129787462056
2026-03-19 02:19:18,27.153967191712816,27.153967191712816,27.153967191712816,27.153967191712816
2026-03-19 02:19:48,27.153967191712816,27.153967191712816,27.153967191712816,27.153967191712816
2026-03-19 02:20:18,27.68596771693285,27.68596771693285,27.68596771693285,27.68596771693285
2026-03-19 02:20:48,27.132248362594197,27.132248362594197,27.132248362594197,27.132248362594197
2026-03-19 02:21:18,26.589603395342312,26.589603395342312,26.589603395342312,26.589603395342312
2026-03-19 02:21:48,26.057811327435463,26.057811327435463,26.057811327435463,26.057811327435463
2026-03-19 02:22:18,26.557708632575796,26.557708632575796,26.557708632575796,26.557708632575796
2026-03-19 02:22:48,26.547085549122762,26.547085549122762,26.547085549122762,26.547085549122762
2026-03-19 02:23:18,27.619587805307322,27.619587805307322,27.619587805307322,27.619587805307322
2026-03-19 02:23:48,28.160710769588903,28.160710769588903,28.160710769588903,28.160710769588903
2026-03-19 02:24:18,29.8843715543739,29.8843715543739,29.8843715543739,29.8843715543739
2026-03-19 02:24:48,29.286684123286424,29.286684123286424,29.286684123286424,29.286684123286424
2026-03-19 02:25:18,28.689470060644368,28.689470060644368,28.689470060644368,28.689470060644368
2026-03-19 02:25:48,29.251554158072512,29.251554158072512,29.251554158072512,29.251554158072512
2026-03-19 02:26:18,28.09319261341284,28.09319261341284,28.09319261341284,28.09319261341284
2026-03-19 02:26:48,28.09319261341284,28.09319261341284,28.09319261341284,28.09319261341284
2026-03-19 02:27:18,28.09319261341284,28.09319261341284,28.09319261341284,28.09319261341284
2026-03-19 02:27:48,27.531328761144582,27.531328761144582,27.531328761144582,27.531328761144582
2026-03-19 02:28:18,26.980702185921693,26.980702185921693,26.980702185921693,26.980702185921693
2026-03-19 02:28:48,25.912266379359195,25.912266379359195,25.912266379359195,25.912266379359195
2026-03-19 02:29:18,25.39402105177201,25.39402105177201,25.39402105177201,25.39402105177201
2026-03-19 02:29:48,25.39402105177201,25.39402105177201,25.39402105177201,25.39402105177201
2026-03-19 02:30:18,25.39402105177201,25.39402105177201,25.39402105177201,25.39402105177201
2026-03-19 02:30:48,24.886140630736573,24.886140630736573,24.886140630736573,24.886140630736573
2026-03-19 02:31:18,24.886140630736573,24.886140630736573,24.886140630736573,24.886140630736573
2026-03-19 02:31:48,25.37370989797396,25.37370989797396,25.37370989797396,25.37370989797396
2026-03-19 02:32:18,25.36356041401477,25.36356041401477,25.36356041401477,25.36356041401477
2026-03-19 02:32:48,24.856289205734477,24.856289205734477,24.856289205734477,24.856289205734477
2026-03-19 02:33:18,25.353414989849167,25.353414989849167,25.353414989849167,25.353414989849167
2026-03-19 02:33:48,24.846346690052183,24.846346690052183,24.846346690052183,24.846346690052183
2026-03-19 02:34:18,25.333136314403685,25.333136314403685,25.333136314403685,25.333136314403685
2026-03-19 02:34:48,24.82647358811561,24.82647358811561,24.82647358811561,24.82647358811561
2026-03-19 02:35:18,26.862224241794465,26.862224241794465,26.862224241794465,26.862224241794465
2026-03-19 02:35:48,26.324979756958577,26.324979756958577,26.324979756958577,26.324979756958577
2026-03-19 02:36:18,25.798480161819406,25.798480161819406,25.798480161819406,25.798480161819406
2026-03-19 02:36:48,25.798480161819406,25.798480161819406,25.798480161819406,25.798480161819406
2026-03-19 02:37:18,25.282510558583017,25.282510558583017,25.282510558583017,25.282510558583017
2026-03-19 02:37:48,26.293402415555708,26.293402415555708,26.293402415555708,26.293402415555708
2026-03-19 02:38:18,25.757227353497697,25.757227353497697,25.757227353497697,25.757227353497697
2026-03-19 02:38:48,26.261862951807423,26.261862951807423,26.261862951807423,26.261862951807423
2026-03-19 02:39:18,26.261862951807423,26.261862951807423,26.261862951807423,26.261862951807423
2026-03-19 02:39:48,25.221893178915852,25.221893178915852,25.221893178915852,25.221893178915852
2026-03-19 02:40:18,25.221893178915852,25.221893178915852,25.221893178915852,25.221893178915852
2026-03-19 02:40:48,24.7075683332114,24.7075683332114,24.7075683332114,24.7075683332114
2026-03-19 02:41:18,23.72914862721623,23.72914862721623,23.72914862721623,23.72914862721623
2026-03-19 02:41:48,23.245263828410035,23.245263828410035,23.245263828410035,23.245263828410035
2026-03-19 02:42:18,23.23596572287867,22.7712464084211,22.7712464084211,22.7712464084211
2026-03-19 02:42:48,22.76213790985773,22.76213790985773,22.76213790985773,22.76213790985773
2026-03-19 02:43:18,22.306895151660576,22.306895151660576,22.306895151660576,22.306895151660576
2026-03-19 02:43:48,21.86075724862737,21.86075724862737,21.86075724862737,21.86075724862737
2026-03-19 02:44:18,21.86075724862737,21.86075724862737,21.86075724862737,21.86075724862737
2026-03-19 02:44:48,21.41497268681336,21.41497268681336,21.41497268681336,21.41497268681336
2026-03-19 02:45:18,22.72574033502783,22.72574033502783,22.72574033502783,22.72574033502783
2026-03-19 02:45:48,23.180255141728384,23.180255141728384,23.180255141728384,23.180255141728384
2026-03-19 02:46:18,23.624948939384943,23.624948939384943,23.624948939384943,23.624948939384943
2026-03-19 02:46:48,23.615498959809187,23.615498959809187,23.615498959809187,23.615498959809187
2026-03-19 02:47:18,23.606052760225264,23.606052760225264,23.606052760225264,23.606052760225264
2026-03-19 02:47:48,24.54991339682167,24.54991339682167,24.54991339682167,24.54991339682167
2026-03-19 02:48:18,24.058915128885236,24.058915128885236,24.058915128885236,24.058915128885236
2026-03-19 02:48:48,25.02088294197216,25.02088294197216,25.02088294197216,25.02088294197216
2026-03-19 02:49:18,25.51109208057128,25.51109208057128,25.51109208057128,25.51109208057128
2026-03-19 02:49:48,27.614026504731665,28.166307034826296,27.614026504731665,27.614026504731665
2026-03-19 02:50:18,29.304225839033275,29.304225839033275,29.304225839033275,29.304225839033275
2026-03-19 02:50:48,30.475921316305048,30.475921316305048,30.475921316305048,30.475921316305048
2026-03-19 02:51:18,30.46373094777853,30.46373094777853,30.46373094777853,30.46373094777853
2026-03-19 02:51:48,30.46373094777853,30.46373094777853,30.46373094777853,30.46373094777853
2026-03-19 02:52:18,29.257367202246495,29.257367202246495,29.257367202246495,29.257367202246495
2026-03-19 02:52:48,29.257367202246495,28.67221985820157,28.67221985820157,28.67221985820157
2026-03-19 02:53:18,29.81864530945672,29.81864530945672,29.81864530945672,29.81864530945672
2026-03-19 02:53:48,29.22227240326759,29.22227240326759,29.22227240326759,29.22227240326759
2026-03-19 02:54:18,31.010909252526787,31.010909252526787,31.010909252526787,31.010909252526787
2026-03-19 02:54:48,30.998504888825774,30.998504888825774,30.998504888825774,30.998504888825774
2026-03-19 02:55:18,30.378534791049265,30.378534791049265,30.378534791049265,30.378534791049265
2026-03-19 02:55:48,30.366383377132845,30.366383377132845,30.366383377132845,30.366383377132845
2026-03-19 02:56:18,30.961321560257627,30.961321560257627,30.961321560257627,30.961321560257627
2026-03-19 02:56:48,32.21215895129204,32.21215895129204,32.21215895129204,32.21215895129204
2026-03-19 02:57:18,32.21215895129204,32.21215895129204,32.21215895129204,32.21215895129204
2026-03-19 02:57:48,30.93655745682087,30.93655745682087,30.93655745682087,30.93655745682087
2026-03-19 02:58:18,29.711469781530766,29.711469781530766,29.711469781530766,29.711469781530766
2026-03-19 02:58:48,30.899448435440327,30.899448435440327,30.899448435440327,30.899448435440327
2026-03-19 02:59:18,30.899448435440327,30.899448435440327,30.899448435440327,30.899448435440327
2026-03-19 02:59:48,32.13492703777123,32.13492703777123,32.13492703777123,32.13492703777123
2026-03-19 03:00:18,31.4922284970158,31.4922284970158,31.4922284970158,31.4922284970158
2026-03-19 03:00:48,34.08820091523837,34.08820091523837,34.08820091523837,34.08820091523837
2026-03-19 03:01:18,33.4064368969336,33.4064368969336,33.4064368969336,33.4064368969336
2026-03-19 03:01:48,34.742154524790685,34.742154524790685,34.742154524790685,34.742154524790685
2026-03-19 03:02:18,34.742154524790685,34.742154524790685,34.742154524790685,34.742154524790685
2026-03-19 03:02:48,34.04731143429487,34.04731143429487,34.04731143429487,34.04731143429487
2026-03-19 03:03:18,33.36636520560898,33.36636520560898,33.36636520560898,33.36636520560898
2026-03-19 03:03:48,33.35301865952673,33.35301865952673,33.35301865952673,33.35301865952673
2026-03-19 03:04:18,32.032239120609475,32.032239120609475,32.032239120609475,32.032239120609475
2026-03-19 03:04:48,31.391594338197287,31.391594338197287,31.391594338197287,31.391594338197287
2026-03-19 03:05:18,31.391594338197287,31.391594338197287,31.391594338197287,31.391594338197287
2026-03-19 03:05:48,32.00661845447125,32.00661845447125,32.00661845447125,32.00661845447125
2026-03-19 03:06:18,31.99381580708946,31.99381580708946,31.99381580708946,31.99381580708946
2026-03-19 03:06:48,31.35393949094767,31.35393949094767,31.35393949094767,31.35393949094767
2026-03-19 03:07:18,30.112323487106146,30.112323487106146,30.112323487106146,30.112323487106146
2026-03-19 03:07:48,29.51007701736402,29.51007701736402,29.51007701736402,29.51007701736402
2026-03-19 03:08:18,28.91987547701674,29.51007701736402,28.91987547701674,28.91987547701674
2026-03-19 03:08:48,30.088238446288216,30.088238446288216,30.088238446288216,30.088238446288216
2026-03-19 03:09:18,29.48647367736245,29.48647367736245,29.48647367736245,29.48647367736245
2026-03-19 03:09:48,28.896744203815203,28.896744203815203,28.896744203815203,28.896744203815203
2026-03-19 03:10:18,28.885185506133677,28.885185506133677,28.885185506133677,28.885185506133677
2026-03-19 03:10:48,30.052147000581478,30.052147000581478,30.052147000581478,30.052147000581478
2026-03-19 03:11:18,28.862081979358447,28.862081979358447,28.862081979358447,28.862081979358447
2026-03-19 03:11:48,30.028110091324532,30.028110091324532,30.028110091324532,30.028110091324532
2026-03-19 03:12:18,29.42754788949804,29.42754788949804,29.42754788949804,29.42754788949804
2026-03-19 03:12:48,30.61642082423376,30.61642082423376,30.61642082423376,30.61642082423376
2026-03-19 03:13:18,30.004092407749088,30.004092407749088,30.004092407749088,30.004092407749088
2026-03-19 03:13:48,30.004092407749088,30.004092407749088,30.004092407749088,30.004092407749088
2026-03-19 03:14:18,29.404010559594106,29.404010559594106,29.404010559594106,29.404010559594106
2026-03-19 03:14:48,29.392248955370267,29.392248955370267,29.392248955370267,29.392248955370267
2026-03-19 03:15:18,28.804403976262865,28.804403976262865,28.804403976262865,28.804403976262865
2026-03-19 03:15:48,28.804403976262865,28.804403976262865,28.804403976262865,28.804403976262865
2026-03-19 03:16:18,28.228315896737605,28.228315896737605,28.228315896737605,28.228315896737605
2026-03-19 03:16:48,27.652684078971333,27.652684078971333,27.652684078971333,27.652684078971333
2026-03-19 03:17:18,28.205737760550758,28.205737760550758,28.205737760550758,28.205737760550758
2026-03-19 03:17:48,27.641623005339746,27.641623005339746,27.641623005339746,27.641623005339746
2026-03-19 03:18:18,27.630566356137606,27.630566356137606,27.630566356137606,27.630566356137606
2026-03-19 03:18:48,27.077955029014856,27.077955029014856,27.077955029014856,27.077955029014856
2026-03-19 03:19:18,26.536395928434555,26.536395928434555,26.536395928434555,26.536395928434555
2026-03-19 03:19:48,25.485554649668547,25.485554649668547,25.485554649668547,25.485554649668547
2026-03-19 03:20:18,24.97584355667518,24.97584355667518,24.97584355667518,24.97584355667518
2026-03-19 03:20:48,25.46517028363756,25.46517028363756,25.46517028363756,25.46517028363756
2026-03-19 03:21:18,25.964083899834584,25.964083899834584,25.964083899834584,25.964083899834584
2026-03-19 03:21:48,28.666446606481557,28.666446606481557,28.666446606481557,28.666446606481557
2026-03-19 03:22:18,28.666446606481557,28.666446606481557,28.666446606481557,28.666446606481557
2026-03-19 03:22:48,27.531255320864886,28.093117674351923,27.531255320864886,27.531255320864886
2026-03-19 03:23:18,28.081880427282183,28.081880427282183,28.081880427282183,28.081880427282183
2026-03-19 03:23:48,27.509234721609047,27.509234721609047,27.509234721609047,27.509234721609047
2026-03-19 03:24:18,26.41986902663333,26.41986902663333,26.41986902663333,26.41986902663333
2026-03-19 03:24:48,25.881115057442223,25.881115057442223,25.881115057442223,25.881115057442223
2026-03-19 03:25:18,25.36349275629338,25.36349275629338,25.36349275629338,25.36349275629338
2026-03-19 03:25:48,25.343206020247187,25.86041430637468,25.86041430637468,25.343206020247187
2026-03-19 03:26:18,26.367071543465173,26.367071543465173,26.367071543465173,26.367071543465173
2026-03-19 03:26:48,25.839730112595866,25.839730112595866,25.839730112595866,25.839730112595866
2026-03-19 03:27:18,24.81647680013707,24.81647680013707,24.81647680013707,24.81647680013707
2026-03-19 03:27:48,24.81647680013707,24.81647680013707,24.81647680013707,24.81647680013707
2026-03-19 03:28:18,24.806550209417015,24.806550209417015,24.806550209417015,24.806550209417015
2026-03-19 03:28:48,24.79662758933325,24.79662758933325,24.79662758933325,24.79662758933325
2026-03-19 03:29:18,25.28244311706347,25.28244311706347,25.28244311706347,25.28244311706347
2026-03-19 03:29:48,24.7767942547222,24.7767942547222,24.7767942547222,24.7767942547222
2026-03-19 03:30:18,25.262221207760717,25.262221207760717,25.262221207760717,25.262221207760717
2026-03-19 03:30:48,25.757158645663164,25.757158645663164,25.757158645663164,25.757158645663164
2026-03-19 03:31:18,25.7468557822049,25.7468557822049,25.7468557822049,25.7468557822049
2026-03-19 03:31:48,25.2319186665608,25.2319186665608,25.2319186665608,25.2319186665608
2026-03-19 03:32:18,24.727280293229583,24.727280293229583,24.727280293229583,24.727280293229583
2026-03-19 03:32:48,23.748079993617697,23.748079993617697,23.748079993617697,23.748079993617697
2026-03-19 03:33:18,24.21335237685265,24.21335237685265,24.21335237685265,24.21335237685265
2026-03-19 03:33:48,23.71959369518387,23.71959369518387,23.71959369518387,23.71959369518387
2026-03-19 03:34:18,23.71959369518387,23.71959369518387,23.71959369518387,23.71959369518387
2026-03-19 03:34:48,23.71959369518387,23.71959369518387,23.71959369518387,23.71959369518387
2026-03-19 03:35:18,23.245201821280197,23.7101058577058,23.245201821280197,23.245201821280197
2026-03-19 03:35:48,24.65812693670337,25.151289475437437,25.151289475437437,25.151289475437437
2026-03-19 03:36:18,25.141228959647265,25.141228959647265,25.141228959647265,25.141228959647265
2026-03-19 03:36:48,25.131172468063404,25.131172468063404,25.131172468063404,25.131172468063404
2026-03-19 03:37:18,24.628549018702135,24.628549018702135,24.628549018702135,24.628549018702135
2026-03-19 03:37:48,24.13597803832809,24.13597803832809,24.13597803832809,24.13597803832809
2026-03-19 03:38:18,23.653258477561533,23.653258477561533,23.653258477561533,23.653258477561533
2026-03-19 03:38:48,23.64379717417051,23.64379717417051,23.64379717417051,23.64379717417051
2026-03-19 03:39:18,22.707502806073357,22.707502806073357,22.707502806073357,22.707502806073357
2026-03-19 03:39:48,22.253352749951887,22.253352749951887,22.253352749951887,22.253352749951887
2026-03-19 03:40:18,21.79956238067487,21.79956238067487,21.79956238067487,21.79956238067487
2026-03-19 03:40:48,23.12461644687327,23.12461644687327,23.12461644687327,23.12461644687327
2026-03-19 03:41:18,23.11536660029452,23.11536660029452,23.11536660029452,23.11536660029452
2026-03-19 03:41:48,23.568242862727487,23.568242862727487,23.568242862727487,23.568242862727487
2026-03-19 03:42:18,23.549392039356167,23.549392039356167,23.549392039356167,23.549392039356167
2026-03-19 03:42:48,24.020379880143288,24.020379880143288,24.020379880143288,24.020379880143288
2026-03-19 03:43:18,23.53055629362741,23.53055629362741,23.53055629362741,23.53055629362741
2026-03-19 03:43:48,23.991566952532157,23.991566952532157,23.991566952532157,23.991566952532157
2026-03-19 03:44:18,23.991566952532157,23.991566952532157,23.991566952532157,23.991566952532157
2026-03-19 03:44:48,23.041500901211883,23.041500901211883,23.041500901211883,23.041500901211883
2026-03-19 03:45:18,22.571638614834374,22.571638614834374,22.571638614834374,22.571638614834374
2026-03-19 03:45:48,22.571638614834374,22.571638614834374,22.571638614834374,22.571638614834374
2026-03-19 03:46:18,22.571638614834374,22.571638614834374,22.571638614834374,22.571638614834374
2026-03-19 03:46:48,22.562609959388435,22.562609959388435,22.562609959388435,22.562609959388435
2026-03-19 03:47:18,22.11135776020067,22.11135776020067,22.11135776020067,22.11135776020067
2026-03-19 03:47:48,22.10251321709659,21.669130604996656,22.10251321709659,22.10251321709659
2026-03-19 03:48:18,22.093672211809753,22.535545656045944,22.093672211809753,22.093672211809753
2026-03-19 03:48:48,22.08483474292503,22.08483474292503,22.08483474292503,22.08483474292503
2026-03-19 03:49:18,21.210275287105198,21.210275287105198,21.210275287105198,21.210275287105198
2026-03-19 03:49:48,20.786069781363096,20.786069781363096,20.786069781363096,20.786069781363096
2026-03-19 03:50:18,21.19331046051956,21.19331046051956,21.19331046051956,21.19331046051956
2026-03-19 03:50:48,22.94032081933078,22.94032081933078,22.94032081933078,22.94032081933078
2026-03-19 03:51:18,21.591246432587575,21.591246432587575,21.591246432587575,21.591246432587575
2026-03-19 03:51:48,21.58260993401454,21.58260993401454,21.58260993401454,21.58260993401454
2026-03-19 03:52:18,21.573976890040935,21.573976890040935,21.573976890040935,21.573976890040935
2026-03-19 03:52:48,21.142497352240117,21.142497352240117,21.142497352240117,21.142497352240117
2026-03-19 03:53:18,21.13404035329922,21.13404035329922,21.13404035329922,21.13404035329922
2026-03-19 03:53:48,21.987855583572507,21.987855583572507,21.987855583572507,21.987855583572507
2026-03-19 03:54:18,21.54809847190106,21.54809847190106,21.54809847190106,21.54809847190106
2026-03-19 03:54:48,21.10868964786205,21.10868964786205,21.10868964786205,21.10868964786205
2026-03-19 03:55:18,20.686515854904812,20.686515854904812,20.686515854904812,20.686515854904812
2026-03-19 03:55:48,20.686515854904812,20.686515854904812,20.686515854904812,20.686515854904812
2026-03-19 03:56:18,21.09180607353411,21.09180607353411,21.09180607353411,21.09180607353411
2026-03-19 03:56:48,21.083369351104693,21.083369351104693,21.083369351104693,21.083369351104693
2026-03-19 03:57:18,22.812188499983332,22.812188499983332,22.812188499983332,22.812188499983332
2026-03-19 03:57:48,22.80306362458334,22.80306362458334,22.80306362458334,22.80306362458334
2026-03-19 03:58:18,21.90006230504984,21.90006230504984,21.90006230504984,21.90006230504984
2026-03-19 03:58:48,21.462061058948844,21.462061058948844,21.462061058948844,21.462061058948844
2026-03-19 03:59:18,21.89130228012782,21.89130228012782,21.89130228012782,21.89130228012782
2026-03-19 03:59:48,22.320196674400083,22.320196674400083,22.320196674400083,22.320196674400083
2026-03-19 04:00:18,21.873792740912084,21.873792740912084,21.436316886093845,21.436316886093845
2026-03-19 04:00:48,22.748390970057873,22.748390970057873,22.748390970057873,22.748390970057873
2026-03-19 04:01:18,21.847554687643584,21.847554687643584,21.847554687643584,21.847554687643584
2026-03-19 04:01:48,21.847554687643584,21.847554687643584,21.847554687643584,21.847554687643584
2026-03-19 04:02:18,22.71201537713811,22.71201537713811,22.71201537713811,22.71201537713811
2026-03-19 04:02:48,23.629580798374487,23.629580798374487,23.629580798374487,23.629580798374487
2026-03-19 04:03:18,23.156989182406996,23.156989182406996,23.156989182406996,23.156989182406996
2026-03-19 04:03:48,22.68477185899935,22.68477185899935,22.68477185899935,22.68477185899935
2026-03-19 04:04:18,22.675697950255756,22.675697950255756,22.675697950255756,22.675697950255756
2026-03-19 04:04:48,23.119960224497163,23.119960224497163,23.119960224497163,23.119960224497163
2026-03-19 04:05:18,22.657561020007225,22.657561020007225,22.657561020007225,22.657561020007225
2026-03-19 04:05:48,21.760321603614937,21.760321603614937,21.760321603614937,21.760321603614937
2026-03-19 04:06:18,23.092227368329,23.092227368329,23.092227368329,23.092227368329
2026-03-19 04:06:48,22.63038282096242,22.63038282096242,22.63038282096242,22.63038282096242
2026-03-19 04:07:18,23.073757281190712,23.073757281190712,23.073757281190712,23.073757281190712
2026-03-19 04:07:48,22.16003649285556,22.16003649285556,22.16003649285556,22.16003649285556
2026-03-19 04:08:18,22.594195927823588,22.594195927823588,22.594195927823588,22.594195927823588
2026-03-19 04:08:48,23.036861414441507,23.036861414441507,23.036861414441507,23.036861414441507
2026-03-19 04:09:18,23.027646669875732,23.027646669875732,23.027646669875732,23.027646669875732
2026-03-19 04:09:48,22.115751861748652,22.115751861748652,22.115751861748652,22.115751861748652
2026-03-19 04:10:18,22.54904367222403,22.54904367222403,22.54904367222403,22.54904367222403
2026-03-19 04:10:48,22.540024054755143,22.540024054755143,22.540024054755143,22.540024054755143
2026-03-19 04:11:18,22.53100804513324,22.53100804513324,22.53100804513324,22.53100804513324
2026-03-19 04:11:48,22.521995641915186,22.521995641915186,22.521995641915186,22.521995641915186
2026-03-19 04:12:18,22.97243555475349,22.97243555475349,22.97243555475349,22.97243555475349
2026-03-19 04:12:48,22.96324658053159,22.96324658053159,22.96324658053159,22.96324658053159
2026-03-19 04:13:18,22.50398164892096,22.50398164892096,22.50398164892096,22.50398164892096
2026-03-19 04:13:48,22.04508045513616,22.04508045513616,22.04508045513616,22.04508045513616
2026-03-19 04:14:18,21.60417884603344,21.60417884603344,21.60417884603344,21.60417884603344
2026-03-19 04:14:48,21.172095269112774,21.172095269112774,21.172095269112774,21.172095269112774
2026-03-19 04:15:18,20.333680296455903,20.333680296455903,20.333680296455903,20.333680296455903
2026-03-19 04:15:48,22.45002607372305,22.45002607372305,22.45002607372305,22.45002607372305
2026-03-19 04:16:18,22.00102555224859,22.889866984559433,22.889866984559433,22.889866984559433
2026-03-19 04:16:48,25.272262725453537,25.272262725453537,25.272262725453537,25.272262725453537
2026-03-19 04:17:18,24.766817470944464,24.766817470944464,24.766817470944464,24.766817470944464
2026-03-19 04:17:48,24.766817470944464,24.766817470944464,24.766817470944464,24.766817470944464
2026-03-19 04:18:18,26.272231736772152,26.272231736772152,26.272231736772152,26.272231736772152
2026-03-19 04:18:48,25.74678710203671,25.74678710203671,25.74678710203671,25.74678710203671
2026-03-19 04:19:18,25.23185135999597,25.23185135999597,25.23185135999597,25.23185135999597
2026-03-19 04:19:48,25.221758619451975,25.221758619451975,25.221758619451975,25.221758619451975
2026-03-19 04:20:18,24.717323447062935,24.717323447062935,24.717323447062935,24.717323447062935
2026-03-19 04:20:48,24.707436517684112,24.707436517684112,24.707436517684112,24.707436517684112
2026-03-19 04:21:18,24.21328778733043,24.21328778733043,24.21328778733043,24.21328778733043
2026-03-19 04:21:48,23.72902203158382,23.72902203158382,23.72902203158382,23.72902203158382
2026-03-19 04:22:18,23.71953042277119,23.71953042277119,23.71953042277119,23.71953042277119
2026-03-19 04:22:48,23.71953042277119,23.71953042277119,23.71953042277119,23.71953042277119
2026-03-19 04:23:18,23.71004261060208,23.71004261060208,23.71004261060208,23.71004261060208
2026-03-19 04:23:48,23.23584175839004,23.23584175839004,23.23584175839004,23.23584175839004
2026-03-19 04:24:18,22.77112492322224,23.23584175839004,22.77112492322224,22.77112492322224
2026-03-19 04:24:48,22.31570242475779,22.77112492322224,22.31570242475779,22.31570242475779
2026-03-19 04:25:18,22.306776143787893,22.306776143787893,22.306776143787893,22.306776143787893
2026-03-19 04:25:48,22.743810501996983,22.743810501996983,22.743810501996983,22.743810501996983
2026-03-19 04:26:18,23.19868671203692,23.19868671203692,23.19868671203692,23.19868671203692
2026-03-19 04:26:48,23.65319538209915,23.65319538209915,23.65319538209915,23.65319538209915
2026-03-19 04:27:18,23.63427661030473,23.63427661030473,23.63427661030473,23.63427661030473
2026-03-19 04:27:48,26.09415110295622,26.616034125015343,26.616034125015343,26.616034125015343
2026-03-19 04:28:18,26.605387711365335,26.605387711365335,26.605387711365335,26.605387711365335
2026-03-19 04:28:48,26.59474555628079,26.59474555628079,26.59474555628079,26.59474555628079
2026-03-19 04:29:18,26.59474555628079,26.59474555628079,26.59474555628079,26.59474555628079
2026-03-19 04:29:48,25.03076175960703,25.03076175960703,25.03076175960703,25.03076175960703
2026-03-19 04:30:18,25.53137699479917,25.53137699479917,25.53137699479917,25.53137699479917
2026-03-19 04:30:48,25.010741155121227,25.010741155121227,25.010741155121227,25.010741155121227
2026-03-19 04:31:18,25.010741155121227,25.010741155121227,25.010741155121227,25.010741155121227
2026-03-19 04:31:48,24.020315805378427,24.510526332018802,24.510526332018802,24.510526332018802
2026-03-19 04:32:18,23.53990948927086,23.53990948927086,23.53990948927086,23.53990948927086
2026-03-19 04:32:48,23.53990948927086,23.53990948927086,23.53990948927086,23.53990948927086
2026-03-19 04:33:18,23.53049352547515,23.53049352547515,23.53049352547515,23.53049352547515
2026-03-19 04:33:48,23.05988365496565,23.05988365496565,23.05988365496565,23.05988365496565
2026-03-19 04:34:18,23.05065970150366,23.52108132806496,23.05065970150366,23.05065970150366
2026-03-19 04:34:48,23.04143943762306,23.04143943762306,23.04143943762306,23.04143943762306
2026-03-19 04:35:18,22.128998435893187,22.128998435893187,22.128998435893187,22.128998435893187
2026-03-19 04:35:48,22.128998435893187,22.128998435893187,22.128998435893187,22.128998435893187
2026-03-19 04:36:18,22.12014683651883,22.12014683651883,22.12014683651883,22.12014683651883
2026-03-19 04:36:48,21.66907280222854,21.66907280222854,21.66907280222854,21.66907280222854
2026-03-19 04:37:18,21.23569134618397,21.23569134618397,21.23569134618397,21.23569134618397
2026-03-19 04:37:48,21.227197069645495,21.227197069645495,21.227197069645495,21.227197069645495
2026-03-19 04:38:18,21.21870619081764,21.21870619081764,21.21870619081764,21.21870619081764
2026-03-19 04:38:48,20.79433206700129,20.79433206700129,20.79433206700129,20.79433206700129
2026-03-19 04:39:18,20.79433206700129,20.79433206700129,20.79433206700129,20.79433206700129
2026-03-19 04:39:48,21.625769313275136,21.625769313275136,21.625769313275136,21.625769313275136
2026-03-19 04:40:18,21.193253927009632,21.193253927009632,21.193253927009632,21.193253927009632
2026-03-19 04:40:48,21.18477662543883,21.617119005549824,21.18477662543883,21.18477662543883
2026-03-19 04:41:18,21.617119005549824,21.617119005549824,21.617119005549824,21.617119005549824
2026-03-19 04:41:48,22.93108352179126,22.93108352179126,22.93108352179126,22.93108352179126
2026-03-19 04:42:18,22.023012614328326,22.023012614328326,22.023012614328326,22.023012614328326
2026-03-19 04:42:48,22.45448747746825,22.45448747746825,22.45448747746825,22.45448747746825
2026-03-19 04:43:18,22.44550568247726,22.44550568247726,22.44550568247726,22.44550568247726
2026-03-19 04:43:48,21.996595568827715,21.996595568827715,21.996595568827715,21.996595568827715
2026-03-19 04:44:18,21.54804099198818,21.54804099198818,21.54804099198818,21.54804099198818
2026-03-19 04:44:48,22.4185818480645,22.4185818480645,22.4185818480645,22.4185818480645
2026-03-19 04:45:18,21.530806006881146,21.530806006881146,21.530806006881146,21.530806006881146
2026-03-19 04:45:48,21.522193684478395,21.522193684478395,21.522193684478395,21.522193684478395
2026-03-19 04:46:18,21.091749810788826,20.66991481457305,20.66991481457305,20.66991481457305
2026-03-19 04:46:48,20.24841391167428,20.24841391167428,20.24841391167428,20.24841391167428
2026-03-19 04:47:18,21.06644983370592,21.06644983370592,21.06644983370592,21.06644983370592
2026-03-19 04:47:48,21.049600044470928,20.636862788696988,20.636862788696988,20.636862788696988
2026-03-19 04:48:18,20.62860804358151,20.62860804358151,20.62860804358151,20.62860804358151
2026-03-19 04:48:48,20.620356600364076,20.620356600364076,20.620356600364076,20.620356600364076
2026-03-19 04:49:18,21.453419007018784,21.453419007018784,21.453419007018784,21.453419007018784
2026-03-19 04:49:48,21.88248738715916,21.88248738715916,21.88248738715916,21.88248738715916
2026-03-19 04:50:18,21.444837639415976,21.444837639415976,21.444837639415976,21.444837639415976
2026-03-19 04:50:48,20.595622068895103,20.595622068895103,20.595622068895103,20.595622068895103
2026-03-19 04:51:18,20.587383820067547,20.183709627517203,20.587383820067547,20.587383820067547
2026-03-19 04:51:48,19.772123420792873,19.772123420792873,19.772123420792873,19.772123420792873
2026-03-19 04:52:18,21.401982262155418,21.401982262155418,21.401982262155418,21.401982262155418
2026-03-19 04:52:48,22.266622345546494,22.266622345546494,22.266622345546494,22.266622345546494
2026-03-19 04:53:18,21.82128989863557,21.82128989863557,21.82128989863557,21.82128989863557
2026-03-19 04:53:48,22.702870010540444,22.702870010540444,22.702870010540444,22.702870010540444
2026-03-19 04:54:18,23.147664639786953,23.147664639786953,23.147664639786953,23.147664639786953
2026-03-19 04:54:48,22.231017120051387,22.231017120051387,22.231017120051387,22.231017120051387
2026-03-19 04:55:18,23.119898551616785,23.119898551616785,23.119898551616785,23.119898551616785
2026-03-19 04:55:48,23.110650592196137,23.110650592196137,23.110650592196137,23.110650592196137
2026-03-19 04:56:18,22.648437580352216,22.63937820532007,22.63937820532007,22.63937820532007
2026-03-19 04:56:48,22.195468828745167,22.195468828745167,22.195468828745167,22.195468828745167
2026-03-19 04:57:18,22.186590641213673,22.186590641213673,22.186590641213673,22.186590641213673
2026-03-19 04:57:48,23.073695731557457,23.073695731557457,23.073695731557457,23.073695731557457
2026-03-19 04:58:18,23.99627068989673,23.99627068989673,23.99627068989673,23.99627068989673
2026-03-19 04:58:48,23.516345276098797,23.516345276098797,23.516345276098797,23.516345276098797
2026-03-19 04:59:18,23.04601837057682,23.04601837057682,23.04601837057682,23.04601837057682
2026-03-19 04:59:48,22.585098003165285,23.04601837057682,22.585098003165285,22.585098003165285
2026-03-19 05:00:18,23.036799963228592,23.036799963228592,23.036799963228592,23.036799963228592
2026-03-19 05:00:48,23.018374209146,23.018374209146,23.018374209146,23.018374209146
2026-03-19 05:01:18,22.55800672496308,22.55800672496308,22.55800672496308,22.55800672496308
2026-03-19 05:01:48,23.009166859462344,23.009166859462344,23.009166859462344,23.009166859462344
2026-03-19 05:02:18,23.009166859462344,23.009166859462344,23.009166859462344,23.009166859462344
2026-03-19 05:02:48,22.548983522273097,22.548983522273097,22.548983522273097,22.548983522273097
2026-03-19 05:03:18,22.53996392886419,22.53996392886419,22.53996392886419,22.53996392886419
2026-03-19 05:03:48,22.089164650286904,22.089164650286904,22.089164650286904,22.089164650286904
2026-03-19 05:04:18,21.214433730135543,21.214433730135543,21.64738135728117,21.64738135728117
2026-03-19 05:04:48,21.64738135728117,21.214433730135543,21.64738135728117,21.214433730135543
2026-03-19 05:05:18,21.621414889010047,20.78182899751062,21.621414889010047,21.621414889010047
2026-03-19 05:05:48,21.197465577460832,21.18898659122985,21.18898659122985,21.197465577460832
2026-03-19 05:06:18,20.765206859405254,21.18051099659336,20.765206859405254,20.765206859405254
2026-03-19 05:06:48,21.17203879219472,21.17203879219472,21.17203879219472,21.17203879219472
2026-03-19 05:07:18,21.595479568038616,21.595479568038616,21.595479568038616,21.595479568038616
2026-03-19 05:07:48,21.5868413762114,21.5868413762114,21.5868413762114,21.5868413762114
2026-03-19 05:08:18,20.732002457713428,20.732002457713428,20.732002457713428,20.732002457713428
2026-03-19 05:08:48,20.31736240855916,20.31736240855916,20.31736240855916,20.31736240855916
2026-03-19 05:09:18,19.903050754323825,20.309235463595737,20.309235463595737,20.309235463595737
2026-03-19 05:09:48,19.89508953402209,19.89508953402209,19.89508953402209,19.89508953402209
2026-03-19 05:10:18,19.8791766456092,19.489388868244315,19.8791766456092,19.8791766456092
2026-03-19 05:10:48,19.481593112697016,19.481593112697016,19.481593112697016,19.481593112697016
2026-03-19 05:11:18,19.0843244659429,19.0843244659429,19.0843244659429,19.0843244659429
2026-03-19 05:11:48,18.702637976624043,18.702637976624043,18.702637976624043,18.702637976624043
2026-03-19 05:12:18,18.69515692143339,18.69515692143339,18.69515692143339,18.69515692143339
2026-03-19 05:12:48,19.83945008628049,19.83945008628049,19.83945008628049,19.83945008628049
2026-03-19 05:13:18,19.44266108455488,19.831514306245975,19.831514306245975,19.831514306245975
2026-03-19 05:13:48,20.228144592370896,19.831514306245975,19.831514306245975,19.831514306245975
2026-03-19 05:14:18,20.63270748421831,20.220053334533944,20.63270748421831,20.63270748421831
2026-03-19 05:14:48,21.036943489249115,21.036943489249115,21.036943489249115,21.036943489249115
2026-03-19 05:15:18,20.616204619464135,20.616204619464135,20.616204619464135,20.616204619464135
2026-03-19 05:15:48,20.607958137616347,20.607958137616347,20.607958137616347,20.607958137616347
2026-03-19 05:16:18,19.791882995366745,20.195798974864022,19.791882995366745,19.791882995366745
2026-03-19 05:16:48,19.39604533545941,19.39604533545941,19.39604533545941,19.39604533545941
2026-03-19 05:17:18,19.776052655671727,19.776052655671727,19.776052655671727,19.776052655671727
2026-03-19 05:17:48,19.380531602558296,19.776052655671727,19.380531602558296,19.380531602558296
2026-03-19 05:18:18,20.56677518088768,20.56677518088768,20.56677518088768,20.56677518088768
2026-03-19 05:18:48,20.969719440231632,20.969719440231632,20.969719440231632,20.969719440231632
2026-03-19 05:19:18,20.969719440231632,20.969719440231632,20.969719440231632,20.969719440231632
2026-03-19 05:19:48,20.550325051427,20.550325051427,20.550325051427,20.550325051427
2026-03-19 05:20:18,20.550325051427,20.550325051427,20.550325051427,20.550325051427
2026-03-19 05:20:48,19.73653217939049,19.73653217939049,19.73653217939049,19.73653217939049
2026-03-19 05:21:18,18.954965505086626,18.954965505086626,18.954965505086626,18.954965505086626
2026-03-19 05:21:48,19.33406481518836,19.33406481518836,19.33406481518836,19.33406481518836
2026-03-19 05:22:18,20.509257268694647,20.509257268694647,20.509257268694647,20.509257268694647
2026-03-19 05:22:48,20.091032494471428,20.091032494471428,20.091032494471428,20.091032494471428
2026-03-19 05:23:18,19.689211844582,19.689211844582,19.689211844582,19.689211844582
2026-03-19 05:23:48,19.681336159844168,19.681336159844168,19.681336159844168,19.681336159844168
2026-03-19 05:24:18,22.616715453181783,22.616715453181783,22.616715453181783,22.616715453181783
2026-03-19 05:24:48,22.1555153916605,22.1555153916605,22.1555153916605,22.1555153916605
2026-03-19 05:25:18,23.041377974198188,22.146653185503837,22.146653185503837,22.146653185503837
2026-03-19 05:25:48,23.041377974198188,22.146653185503837,22.146653185503837,22.146653185503837
2026-03-19 05:26:18,21.686360618291545,21.686360618291545,21.686360618291545,21.686360618291545
2026-03-19 05:26:48,23.47401416659625,23.47401416659625,23.47401416659625,23.47401416659625
2026-03-19 05:27:18,24.422364338926737,24.422364338926737,24.422364338926737,24.422364338926737
2026-03-19 05:27:48,23.924343485327345,23.924343485327345,23.924343485327345,23.924343485327345
2026-03-19 05:28:18,24.393069222891874,24.88093060734971,24.393069222891874,24.393069222891874
2026-03-19 05:28:48,24.88093060734971,24.88093060734971,24.88093060734971,24.88093060734971
2026-03-19 05:29:18,25.368397799808907,25.368397799808907,25.368397799808907,25.368397799808907
2026-03-19 05:29:48,26.382723758492816,26.382723758492816,26.382723758492816,26.382723758492816
2026-03-19 05:30:18,26.910378233662673,26.910378233662673,26.910378233662673,26.910378233662673
2026-03-19 05:30:48,26.361621800721824,26.361621800721824,26.361621800721824,26.361621800721824
2026-03-19 05:31:18,26.351077152001537,26.351077152001537,26.351077152001537,26.351077152001537
2026-03-19 05:31:48,26.340536721140737,26.340536721140737,26.340536721140737,26.340536721140737
2026-03-19 05:32:18,26.33000050645228,26.33000050645228,26.33000050645228,26.33000050645228
2026-03-19 05:32:48,25.80340049632323,25.80340049632323,25.80340049632323,25.80340049632323
2026-03-19 05:33:18,25.80340049632323,25.80340049632323,25.80340049632323,25.80340049632323
2026-03-19 05:33:48,25.287332486396767,25.287332486396767,25.287332486396767,25.287332486396767
2026-03-19 05:34:18,25.27721755340221,25.27721755340221,25.27721755340221,25.27721755340221
2026-03-19 05:34:48,24.771673202334167,24.771673202334167,24.771673202334167,24.771673202334167
2026-03-19 05:35:18,24.276239738287483,24.276239738287483,24.276239738287483,24.276239738287483
2026-03-19 05:35:48,24.276239738287483,24.276239738287483,24.276239738287483,24.276239738287483
2026-03-19 05:36:18,23.790714943521735,23.790714943521735,23.790714943521735,23.790714943521735
2026-03-19 05:36:48,23.781198657544326,23.781198657544326,23.781198657544326,23.781198657544326
2026-03-19 05:37:18,23.30557468439344,23.781198657544326,23.30557468439344,23.30557468439344
2026-03-19 05:37:48,23.30557468439344,23.30557468439344,23.30557468439344,23.30557468439344
2026-03-19 05:38:18,23.762177503610076,23.762177503610076,23.762177503610076,23.762177503610076
2026-03-19 05:38:48,22.82119527446712,23.286933953537876,22.82119527446712,22.82119527446712
2026-03-19 05:39:18,23.27761917995646,23.27761917995646,23.27761917995646,23.27761917995646
2026-03-19 05:39:48,23.27761917995646,23.27761917995646,23.27761917995646,23.27761917995646
2026-03-19 05:40:18,22.812066796357332,22.812066796357332,22.812066796357332,22.812066796357332
2026-03-19 05:40:48,22.802941969638788,22.802941969638788,22.802941969638788,22.802941969638788
2026-03-19 05:41:18,22.793820792850934,23.259000809031566,22.793820792850934,22.793820792850934
2026-03-19 05:41:48,22.784703264533793,22.784703264533793,22.784703264533793,22.784703264533793
2026-03-19 05:42:18,24.179309381949377,24.179309381949377,24.179309381949377,24.179309381949377
2026-03-19 05:42:48,23.69572319431039,23.69572319431039,23.69572319431039,23.69572319431039
2026-03-19 05:43:18,23.22180873042418,23.22180873042418,23.22180873042418,23.22180873042418
2026-03-19 05:43:48,24.150305815212064,24.150305815212064,24.150305815212064,24.150305815212064
2026-03-19 05:44:18,25.12597817014663,24.623458606743696,24.623458606743696,24.623458606743696
2026-03-19 05:44:48,24.130989434608825,24.130989434608825,24.130989434608825,24.130989434608825
2026-03-19 05:45:18,23.64836964591665,23.64836964591665,23.64836964591665,23.64836964591665
2026-03-19 05:45:48,23.64836964591665,23.64836964591665,23.64836964591665,23.64836964591665
2026-03-19 05:46:18,23.638910298058285,23.638910298058285,23.638910298058285,23.638910298058285
2026-03-19 05:46:48,23.16613209209712,23.16613209209712,23.16613209209712,23.16613209209712
2026-03-19 05:47:18,23.62945473393906,23.15686563926028,23.62945473393906,23.62945473393906
2026-03-19 05:47:48,22.69372832647507,22.69372832647507,22.69372832647507,22.69372832647507
2026-03-19 05:48:18,22.230957818441595,22.230957818441595,22.230957818441595,22.230957818441595
2026-03-19 05:48:48,21.786338662072765,21.786338662072765,21.786338662072765,21.786338662072765
2026-03-19 05:49:18,24.05387828880851,24.53495585458468,24.05387828880851,24.05387828880851
2026-03-19 05:49:48,25.5261680711099,25.5261680711099,25.5261680711099,25.5261680711099
2026-03-19 05:50:18,25.00563845180383,25.515957603881457,25.00563845180383,25.00563845180383
2026-03-19 05:50:48,25.00563845180383,25.00563845180383,25.00563845180383,25.00563845180383
2026-03-19 05:51:18,25.495548920351567,25.495548920351567,25.495548920351567,25.495548920351567
2026-03-19 05:51:48,24.985637941944535,24.985637941944535,24.985637941944535,24.985637941944535
2026-03-19 05:52:18,24.97564368676776,24.97564368676776,24.97564368676776,24.97564368676776
2026-03-19 05:52:48,24.466340360707193,24.466340360707193,24.955667167921337,24.955667167921337
2026-03-19 05:53:18,24.456553824562906,24.456553824562906,24.456553824562906,24.456553824562906
2026-03-19 05:53:48,25.44459859907525,24.935706627093744,25.44459859907525,25.44459859907525
2026-03-19 05:54:18,24.935706627093744,24.935706627093744,24.935706627093744,24.935706627093744
2026-03-19 05:54:48,24.92573234444291,24.92573234444291,24.92573234444291,24.92573234444291
2026-03-19 05:55:18,24.42721769755405,24.42721769755405,24.42721769755405,24.42721769755405
2026-03-19 05:55:48,24.90579574668453,24.90579574668453,24.90579574668453,24.90579574668453
2026-03-19 05:56:18,23.919526235115825,23.919526235115825,23.919526235115825,23.919526235115825
2026-03-19 05:56:48,26.398526101935015,26.398526101935015,26.398526101935015,26.398526101935015
2026-03-19 05:57:18,26.38796669149424,26.38796669149424,26.38796669149424,26.38796669149424
2026-03-19 05:57:48,25.343003210511068,25.343003210511068,25.343003210511068,25.343003210511068
2026-03-19 05:58:18,25.332866009226866,25.332866009226866,25.332866009226866,25.332866009226866
2026-03-19 05:58:48,24.32968451526148,24.32968451526148,24.32968451526148,24.32968451526148
2026-03-19 05:59:18,24.32968451526148,24.32968451526148,24.32968451526148,24.32968451526148
2026-03-19 05:59:48,23.36622900845713,23.36622900845713,23.36622900845713,23.36622900845713
2026-03-19 06:00:18,23.36622900845713,22.898904428287985,22.898904428287985,22.898904428287985
2026-03-19 06:00:48,21.992107812927784,21.992107812927784,21.992107812927784,21.992107812927784
2026-03-19 06:01:18,21.992107812927784,21.992107812927784,21.992107812927784,21.992107812927784
2026-03-19 06:01:48,21.552265656669228,21.552265656669228,21.552265656669228,21.552265656669228
2026-03-19 06:02:18,21.54364475040656,21.54364475040656,21.54364475040656,21.54364475040656
2026-03-19 06:02:48,20.69051641829046,20.69051641829046,20.69051641829046,20.69051641829046
2026-03-19 06:03:18,21.09588501595761,21.51780271627676,21.09588501595761,21.09588501595761
2026-03-19 06:03:48,21.94815877060229,21.94815877060229,21.94815877060229,21.94815877060229
2026-03-19 06:04:18,22.387121946014336,22.387121946014336,22.387121946014336,22.387121946014336
2026-03-19 06:04:48,22.825730439180653,22.825730439180653,22.825730439180653,22.825730439180653
2026-03-19 06:05:18,22.36921583039704,22.36921583039704,22.36921583039704,22.36921583039704
2026-03-19 06:05:48,21.483394883513316,21.483394883513316,21.483394883513316,21.483394883513316
2026-03-19 06:06:18,21.913062781183584,21.053726985843053,21.053726985843053,21.053726985843053
2026-03-19 06:06:48,21.045305495048712,21.045305495048712,21.045305495048712,21.045305495048712
2026-03-19 06:07:18,20.62439938514774,20.62439938514774,20.62439938514774,20.62439938514774
2026-03-19 06:07:48,20.62439938514774,20.62439938514774,20.62439938514774,20.62439938514774
2026-03-19 06:08:18,20.61614962539368,20.61614962539368,20.61614962539368,20.61614962539368
2026-03-19 06:08:48,20.203826632885807,20.203826632885807,20.203826632885807,20.203826632885807
2026-03-19 06:09:18,20.599660004277304,20.599660004277304,20.599660004277304,20.599660004277304
2026-03-19 06:09:48,20.18766680419176,20.18766680419176,20.18766680419176,20.18766680419176
2026-03-19 06:10:18,20.179591737470084,20.179591737470084,20.179591737470084,20.179591737470084
2026-03-19 06:10:48,19.77599990272068,19.77599990272068,19.77599990272068,19.77599990272068
2026-03-19 06:11:18,18.992870306572943,19.380479904666267,18.992870306572943,18.992870306572943
2026-03-19 06:11:48,18.61301290044149,18.61301290044149,18.61301290044149,18.61301290044149
2026-03-19 06:12:18,18.977679049186936,18.605567695281312,18.605567695281312,18.605567695281312
2026-03-19 06:12:48,18.97008797756726,18.97008797756726,18.97008797756726,18.97008797756726
2026-03-19 06:13:18,18.590686218015914,18.590686218015914,18.590686218015914,18.590686218015914
2026-03-19 06:13:48,18.590686218015914,18.2188724936556,18.590686218015914,18.590686218015914
2026-03-19 06:14:18,18.211584944658135,18.211584944658135,18.211584944658135,18.211584944658135
2026-03-19 06:14:48,19.31854912409639,19.31854912409639,19.31854912409639,19.31854912409639
2026-03-19 06:15:18,19.310821704446752,19.310821704446752,19.310821704446752,19.310821704446752
2026-03-19 06:15:48,19.697038138535685,19.697038138535685,19.697038138535685,19.697038138535685
2026-03-19 06:16:18,19.295376136814664,18.917035428249672,18.917035428249672,18.917035428249672
2026-03-19 06:16:48,20.074909332741974,20.074909332741974,20.074909332741974,20.074909332741974
2026-03-19 06:17:18,20.468216956389057,20.468216956389057,20.468216956389057,20.468216956389057
2026-03-19 06:17:48,20.468216956389057,20.468216956389057,20.468216956389057,20.468216956389057
2026-03-19 06:18:18,20.86923026299863,20.86923026299863,20.86923026299863,20.86923026299863
2026-03-19 06:18:48,21.712347165623775,21.712347165623775,21.712347165623775,21.712347165623775
2026-03-19 06:19:18,22.580490180718527,22.580490180718527,22.580490180718527,22.580490180718527
2026-03-19 06:19:48,23.49274198401956,23.49274198401956,23.49274198401956,23.49274198401956
2026-03-19 06:20:18,23.47395154927106,23.013677989481433,22.562429401452384,22.562429401452384
2026-03-19 06:20:48,24.422299191861608,24.422299191861608,24.422299191861608,24.422299191861608
2026-03-19 06:21:18,24.422299191861608,24.422299191861608,24.422299191861608,24.422299191861608
2026-03-19 06:21:48,23.933853208024377,23.933853208024377,23.933853208024377,23.933853208024377
2026-03-19 06:22:18,23.455176143863888,23.455176143863888,23.455176143863888,23.455176143863888
2026-03-19 06:22:48,23.91470995487447,23.91470995487447,23.91470995487447,23.91470995487447
2026-03-19 06:23:18,23.43641575577698,23.43641575577698,23.43641575577698,23.43641575577698
2026-03-19 06:23:48,22.958500365685175,22.958500365685175,22.958500365685175,22.958500365685175
2026-03-19 06:24:18,23.41767037299888,23.41767037299888,23.41767037299888,23.41767037299888
2026-03-19 06:24:48,23.40830330484968,22.940137238752687,23.40830330484968,23.40830330484968
2026-03-19 06:25:18,23.866918783198297,23.38958040753433,23.38958040753433,23.38958040753433
2026-03-19 06:25:48,23.380224575371315,23.380224575371315,23.380224575371315,23.380224575371315
2026-03-19 06:26:18,24.324785648216317,24.324785648216317,24.324785648216317,24.324785648216317
2026-03-19 06:26:48,24.315055733957028,23.828754619277888,23.828754619277888,23.828754619277888
2026-03-19 06:27:18,24.315055733957028,23.828754619277888,23.828754619277888,23.828754619277888
2026-03-19 06:27:48,25.28726503201465,25.28726503201465,25.28726503201465,25.28726503201465
2026-03-19 06:28:18,25.277150126001843,25.277150126001843,25.277150126001843,25.277150126001843
2026-03-19 06:28:48,24.771607123481807,24.771607123481807,24.771607123481807,24.771607123481807
